model,program_id,base_id,member,condition,condition_kind,condition_order,layer,target_token,target,score,rho,n_tokens,frac_source_expr,frac_trusted_expr,frac_sink_arg,frac_sink_call,frac_taint_chain,frac_trust_chain,frac_signature,frac_other,ntok_source_expr,ntok_trusted_expr,ntok_sink_arg,ntok_sink_call,ntok_taint_chain,ntok_trust_chain,ntok_signature,ntok_other
deepseek-coder-6.7b,command_exec_direct_00_unsafe,command_exec_direct_00,unsafe,clean_heldout,clean,-1,0,24281, vulnerable,191.36825561523438,1.0000006349811983,48,0.053570380278047655,0.024116026125442634,0.0022602763788884873,0.05462412701152014,0.031218412396114982,0.023685344458123463,0.3172020066116005,0.4933240617214604,8,5,2,5,2,2,5,19
deepseek-coder-6.7b,command_exec_direct_00_unsafe,command_exec_direct_00,unsafe,clean_heldout,clean,-1,0,5723, safe,60.918067932128906,1.000000829472098,48,0.09322090198378064,0.013271354821047014,0.004464190823125,0.004986145802825589,0.04085498846975567,0.059739362264709564,0.3965004916110631,0.3869633936957914,8,5,2,5,2,2,5,19
deepseek-coder-6.7b,command_exec_direct_00_unsafe,command_exec_direct_00,unsafe,clean_heldout,clean,-1,3,24281, vulnerable,191.36825561523438,1.0000002250339572,48,0.055784648152913806,0.029050204456042374,0.003848461435514942,0.05778323842184872,0.02717164963588914,0.020247229251102936,0.29443120457459865,0.5116835891060465,8,5,2,5,2,2,5,19
deepseek-coder-6.7b,command_exec_direct_00_unsafe,command_exec_direct_00,unsafe,clean_heldout,clean,-1,3,5723, safe,60.918067932128906,1.0000004997379817,48,0.09574262949537382,0.018218871526101382,0.008523158353163562,0.00378577278577416,0.03466104366088295,0.05279646530389298,0.3763893743253464,0.4098831842874466,8,5,2,5,2,2,5,19
deepseek-coder-6.7b,command_exec_direct_00_unsafe,command_exec_direct_00,unsafe,clean_heldout,clean,-1,7,24281, vulnerable,191.36825561523438,1.0000002145609237,48,0.06579233976685223,0.03500785560062146,0.0051994531481730465,0.06798419433744421,0.022495955431204057,0.02510611698172708,0.26122480404572496,0.5171894952491765,8,5,2,5,2,2,5,19
deepseek-coder-6.7b,command_exec_direct_00_unsafe,command_exec_direct_00,unsafe,clean_heldout,clean,-1,7,5723, safe,60.918067932128906,1.0000005086662422,48,0.1307454360855209,0.03688452739821631,-0.0022872897349139653,0.023888136584684708,0.024099911378428093,0.06746258650814256,0.3488531535316876,0.3703540469144762,8,5,2,5,2,2,5,19
deepseek-coder-6.7b,command_exec_direct_00_unsafe,command_exec_direct_00,unsafe,clean_heldout,clean,-1,11,24281, vulnerable,191.36825561523438,1.0000002602685127,48,0.07530259669938069,0.03476852556312248,0.016393921565266065,0.07935364242423759,0.02227518419333079,0.03440043553367975,0.18862481533822484,0.5488811389512707,8,5,2,5,2,2,5,19
deepseek-coder-6.7b,command_exec_direct_00_unsafe,command_exec_direct_00,unsafe,clean_heldout,clean,-1,11,5723, safe,60.918067932128906,1.0000006046756196,48,0.15038433840381826,0.05712446456267417,0.011173773867349026,0.02917956034689297,0.01891830314197749,0.08006864661181895,0.2715905378887473,0.3815609798523415,8,5,2,5,2,2,5,19
deepseek-coder-6.7b,command_exec_direct_00_unsafe,command_exec_direct_00,unsafe,clean_heldout,clean,-1,15,24281, vulnerable,191.36825561523438,1.0000002591394497,48,0.06175104198353109,0.016201782589128026,0.025019030553338473,0.061180124293246985,0.020797589738994746,0.029234630140230325,0.1217262713979417,0.6640897884430382,8,5,2,5,2,2,5,19
deepseek-coder-6.7b,command_exec_direct_00_unsafe,command_exec_direct_00,unsafe,clean_heldout,clean,-1,15,5723, safe,60.918067932128906,1.000000735847667,48,0.13914347183825648,0.04320290965524739,0.03592732736006186,0.023362014247636998,0.004385280777073218,0.06234934184052833,0.18435092666988784,0.5072794634589749,8,5,2,5,2,2,5,19
deepseek-coder-6.7b,command_exec_direct_00_unsafe,command_exec_direct_00,unsafe,clean_heldout,clean,-1,19,24281, vulnerable,191.36825561523438,1.0000002470312213,48,0.03174328490729236,0.01088301857815566,0.022495592885147003,0.07023997334651091,0.01751091973773493,0.028419900693776107,0.06102350128194292,0.7576840556006612,8,5,2,5,2,2,5,19
deepseek-coder-6.7b,command_exec_direct_00_unsafe,command_exec_direct_00,unsafe,clean_heldout,clean,-1,19,5723, safe,60.918067932128906,1.0000007691757629,48,0.08984165711787977,0.05123206918595898,0.035951965445461434,0.028235844183679616,-0.007017320250172425,0.054446427180367137,0.11906950394400359,0.6282406223685847,8,5,2,5,2,2,5,19
deepseek-coder-6.7b,command_exec_direct_00_unsafe,command_exec_direct_00,unsafe,clean_heldout,clean,-1,23,24281, vulnerable,191.36825561523438,1.0000003262603048,48,0.026714844485059015,0.009607981237780578,0.01842852411960362,0.05098862385290926,0.015633177843018903,0.02633950271687779,0.03177621302055135,0.8205114589845042,8,5,2,5,2,2,5,19
deepseek-coder-6.7b,command_exec_direct_00_unsafe,command_exec_direct_00,unsafe,clean_heldout,clean,-1,23,5723, safe,60.918067932128906,1.0000009005006913,48,0.07231041942860572,0.059699918921805366,0.04303259073218335,0.07576272706371837,-0.012454877500625263,0.05346454747313377,0.12367151494404327,0.5845140594378269,8,5,2,5,2,2,5,19
deepseek-coder-6.7b,command_exec_direct_00_unsafe,command_exec_direct_00,unsafe,clean_heldout,clean,-1,27,24281, vulnerable,191.36825561523438,1.0000002762505957,48,0.024471285228668885,0.009782499665735028,0.017372598450067018,0.050394831655538284,0.009778571694118172,0.011791097249254675,0.000250255007857407,0.8761591372993562,8,5,2,5,2,2,5,19
deepseek-coder-6.7b,command_exec_direct_00_unsafe,command_exec_direct_00,unsafe,clean_heldout,clean,-1,27,5723, safe,60.918067932128906,1.0000007634885832,48,0.06701547242801284,0.04131876635324666,0.041753336104978514,0.09183343268016782,-0.017176304597237978,0.017925428709926403,0.07541080560850609,0.6819198262009829,8,5,2,5,2,2,5,19
deepseek-coder-6.7b,command_exec_direct_00_safe,command_exec_direct_00,safe,clean_heldout,clean,-1,0,24281, vulnerable,204.87075805664062,1.00000019841957,47,0.061439711278461644,0.03441191767754746,0.01119438526381959,0.04961502733930738,0.018453812532538482,0.02171642959659358,0.331019689284496,0.47214922544680593,8,5,1,5,2,2,5,19
deepseek-coder-6.7b,command_exec_direct_00_safe,command_exec_direct_00,safe,clean_heldout,clean,-1,0,5723, safe,60.950443267822266,0.9999997269158982,47,0.10201423782370943,0.0236197319304362,0.033354250646506683,0.010950116045438815,0.030083704496922697,0.04104982322183045,0.41757174512462397,0.34135611762643,8,5,1,5,2,2,5,19
deepseek-coder-6.7b,command_exec_direct_00_safe,command_exec_direct_00,safe,clean_heldout,clean,-1,3,24281, vulnerable,204.87075805664062,1.0000000385492567,47,0.06456284287599962,0.03739762132059128,0.011859751834258003,0.050799989302799484,0.018363380922376122,0.015799026182352544,0.3070824300296952,0.49413499608118433,8,5,1,5,2,2,5,19
deepseek-coder-6.7b,command_exec_direct_00_safe,command_exec_direct_00,safe,clean_heldout,clean,-1,3,5723, safe,60.950443267822266,0.9999996891437463,47,0.10687683446017857,0.02883468186907917,0.03727718371367059,0.007548977997931253,0.028205320072991306,0.03350653573916623,0.39833616819567946,0.35941398709504957,8,5,1,5,2,2,5,19
deepseek-coder-6.7b,command_exec_direct_00_safe,command_exec_direct_00,safe,clean_heldout,clean,-1,7,24281, vulnerable,204.87075805664062,0.9999999391940028,47,0.07442240194069934,0.04102322429497163,0.01416397328101853,0.06145327901664518,0.019313531362814038,0.013719974871354294,0.27148722589936547,0.5044163285271341,8,5,1,5,2,2,5,19
deepseek-coder-6.7b,command_exec_direct_00_safe,command_exec_direct_00,safe,clean_heldout,clean,-1,7,5723, safe,60.950443267822266,0.9999995793722497,47,0.1336625507890467,0.06447122128350266,0.030684572644044145,0.020895475979927264,0.01954014369154426,0.03985656549218031,0.3757835650784185,0.31510548441358566,8,5,1,5,2,2,5,19
deepseek-coder-6.7b,command_exec_direct_00_safe,command_exec_direct_00,safe,clean_heldout,clean,-1,11,24281, vulnerable,204.87075805664062,1.000000045459029,47,0.08687352686561411,0.0303882184935558,0.01566896651822788,0.08283398866487765,0.021360901876413724,0.02135328919830394,0.2050712638141916,0.5364498900278444,8,5,1,5,2,2,5,19
deepseek-coder-6.7b,command_exec_direct_00_safe,command_exec_direct_00,safe,clean_heldout,clean,-1,11,5723, safe,60.950443267822266,0.9999996582781528,47,0.1608024004785892,0.0597140091954502,0.03205585871590651,0.038483765111520726,0.012665290301279407,0.04730673202957379,0.3106780767531536,0.33829352569267923,8,5,1,5,2,2,5,19
deepseek-coder-6.7b,command_exec_direct_00_safe,command_exec_direct_00,safe,clean_heldout,clean,-1,15,24281, vulnerable,204.87075805664062,1.0000001288127047,47,0.07332125711680375,0.01637572051615529,0.0207860664168605,0.058373241851321395,0.022082923925680804,0.019650658431777372,0.13669212628319857,0.6527181342709072,8,5,1,5,2,2,5,19
deepseek-coder-6.7b,command_exec_direct_00_safe,command_exec_direct_00,safe,clean_heldout,clean,-1,15,5723, safe,60.950443267822266,0.9999997093133419,47,0.15087388178979097,0.04678654324317508,0.05269651446855019,0.024200550765991275,0.0009121145908574484,0.039208991895814393,0.22191336320667066,0.4634077493524919,8,5,1,5,2,2,5,19
deepseek-coder-6.7b,command_exec_direct_00_safe,command_exec_direct_00,safe,clean_heldout,clean,-1,19,24281, vulnerable,204.87075805664062,1.000000058623964,47,0.03431089858678018,0.012710991391860799,0.012909531010150889,0.06834475857656663,0.01845469581965693,0.019243307127519566,0.0709559141507298,0.7630699619606991,8,5,1,5,2,2,5,19
deepseek-coder-6.7b,command_exec_direct_00_safe,command_exec_direct_00,safe,clean_heldout,clean,-1,19,5723, safe,60.950443267822266,0.9999997549699722,47,0.09944298940410606,0.0488651763028223,0.02626256799046026,0.04295350080773046,-0.011206669391072972,0.031577020289973716,0.14342321577986394,0.6186819537860884,8,5,1,5,2,2,5,19
deepseek-coder-6.7b,command_exec_direct_00_safe,command_exec_direct_00,safe,clean_heldout,clean,-1,23,24281, vulnerable,204.87075805664062,1.0000001172479278,47,0.028497874231063067,0.010795251642797666,0.01039301924341652,0.049157784277871,0.016572746130573995,0.018194335594920757,0.041287916656076534,0.8251011894712083,8,5,1,5,2,2,5,19
deepseek-coder-6.7b,command_exec_direct_00_safe,command_exec_direct_00,safe,clean_heldout,clean,-1,23,5723, safe,60.950443267822266,0.9999996722746298,47,0.07787024260406301,0.054330915238888125,0.031067080102990443,0.08180048024310993,-0.016574166015919718,0.03276499823066928,0.1375795807656289,0.6011605411051998,8,5,1,5,2,2,5,19
deepseek-coder-6.7b,command_exec_direct_00_safe,command_exec_direct_00,safe,clean_heldout,clean,-1,27,24281, vulnerable,204.87075805664062,1.000000178199394,47,0.027075075318846866,0.010639327063984808,0.010148800247050402,0.047240239514415985,0.011127632207250486,0.010709088235425553,0.0077539368421082056,0.8753060787703116,8,5,1,5,2,2,5,19
deepseek-coder-6.7b,command_exec_direct_00_safe,command_exec_direct_00,safe,clean_heldout,clean,-1,27,5723, safe,60.950443267822266,0.9999996581559129,47,0.07433053943409143,0.04172861421826218,0.030085387496883956,0.09687797277837433,-0.018002991910397136,0.016345314693180717,0.08425642507385094,0.6743783963716665,8,5,1,5,2,2,5,19
deepseek-coder-6.7b,command_exec_direct_08_unsafe,command_exec_direct_08,unsafe,clean_heldout,clean,-1,0,24281, vulnerable,198.21737670898438,1.0000001944799424,47,0.07115960027702531,0.03263293597003057,0.005250683602335083,0.0577193593081404,0.020929657462133114,0.0029674990015683923,0.31482763638579614,0.49451282247291345,8,5,1,5,2,2,5,19
deepseek-coder-6.7b,command_exec_direct_08_unsafe,command_exec_direct_08,unsafe,clean_heldout,clean,-1,0,5723, safe,58.34257507324219,1.000000018389377,47,0.11496365987358177,0.028596061462953563,0.010399209018137385,0.013289223608309933,0.040708565824096474,0.013919807220810354,0.3892215988618463,0.3889018925196412,8,5,1,5,2,2,5,19
deepseek-coder-6.7b,command_exec_direct_08_unsafe,command_exec_direct_08,unsafe,clean_heldout,clean,-1,3,24281, vulnerable,198.21737670898438,0.9999999473017241,47,0.07365783827220831,0.036008549364129165,0.0065096458635448065,0.05729989471434772,0.020030645624598643,-0.0029051171732045592,0.29334383587969637,0.5160546547564036,8,5,1,5,2,2,5,19
deepseek-coder-6.7b,command_exec_direct_08_unsafe,command_exec_direct_08,unsafe,clean_heldout,clean,-1,3,5723, safe,58.34257507324219,0.9999999228029279,47,0.11543501593690834,0.03250697093519332,0.014829807583040215,0.008457672262815614,0.04383277589819275,0.0037456496966063375,0.3678847260760908,0.4133073044140807,8,5,1,5,2,2,5,19
deepseek-coder-6.7b,command_exec_direct_08_unsafe,command_exec_direct_08,unsafe,clean_heldout,clean,-1,7,24281, vulnerable,198.21737670898438,0.9999999451216243,47,0.09149622073645647,0.03546632515160841,0.010652436998734601,0.06045281256192085,0.017603711554032238,-0.0012347784886716888,0.26543229210288716,0.5201309245046563,8,5,1,5,2,2,5,19
deepseek-coder-6.7b,command_exec_direct_08_unsafe,command_exec_direct_08,unsafe,clean_heldout,clean,-1,7,5723, safe,58.34257507324219,0.9999998805329018,47,0.15336138063995242,0.03465174331743118,0.015259695026649395,0.024851679867133568,0.043381224746890254,0.012521407482374314,0.3446648231040421,0.3713079263484286,8,5,1,5,2,2,5,19
deepseek-coder-6.7b,command_exec_direct_08_unsafe,command_exec_direct_08,unsafe,clean_heldout,clean,-1,11,24281, vulnerable,198.21737670898438,0.9999999733407616,47,0.10546989222197337,0.03432512311729042,0.017378635037759497,0.07483488891947992,0.015252674427426033,0.0013547928354487714,0.20066114556247572,0.5507228212189079,8,5,1,5,2,2,5,19
deepseek-coder-6.7b,command_exec_direct_08_unsafe,command_exec_direct_08,unsafe,clean_heldout,clean,-1,11,5723, safe,58.34257507324219,0.9999999478967653,47,0.17974966209621995,0.044495804373742495,0.033654421254105164,0.028799438394353047,0.03951373035883772,0.009754436596566688,0.2839443992528911,0.3800880555700492,8,5,1,5,2,2,5,19
deepseek-coder-6.7b,command_exec_direct_08_unsafe,command_exec_direct_08,unsafe,clean_heldout,clean,-1,15,24281, vulnerable,198.21737670898438,0.9999999138860557,47,0.07376484621841431,0.020409318708258038,0.01986599365807328,0.06506643279670007,0.0073213818386791635,0.0013543396753819409,0.1312030534590459,0.6810145475315029,8,5,1,5,2,2,5,19
deepseek-coder-6.7b,command_exec_direct_08_unsafe,command_exec_direct_08,unsafe,clean_heldout,clean,-1,15,5723, safe,58.34257507324219,1.0000000179424129,47,0.1598318938272076,0.0441667862384822,0.03562182509450015,0.019193064504916126,0.02911689663522459,0.014666229477618772,0.18849403777168217,0.5089092843927813,8,5,1,5,2,2,5,19
deepseek-coder-6.7b,command_exec_direct_08_unsafe,command_exec_direct_08,unsafe,clean_heldout,clean,-1,19,24281, vulnerable,198.21737670898438,0.9999999814691513,47,0.0399381288758146,0.015844354656258358,0.016841827696800725,0.06977081164098894,0.003950891829596284,-0.0005465868178622111,0.06627908657956075,0.7879214670079937,8,5,1,5,2,2,5,19
deepseek-coder-6.7b,command_exec_direct_08_unsafe,command_exec_direct_08,unsafe,clean_heldout,clean,-1,19,5723, safe,58.34257507324219,1.000000021007309,47,0.1100158268785803,0.04722898248071028,0.03743621501572234,0.03909023047808669,0.03191879814257158,0.015712685402107185,0.11867455696803406,0.5999227256414965,8,5,1,5,2,2,5,19
deepseek-coder-6.7b,command_exec_direct_08_unsafe,command_exec_direct_08,unsafe,clean_heldout,clean,-1,23,24281, vulnerable,198.21737670898438,0.9999999916554798,47,0.0301971197967674,0.013629496264407013,0.014370549493032302,0.05032788470307899,0.004335918513585521,-0.0009736001201735992,0.03703290266002926,0.851079720344753,8,5,1,5,2,2,5,19
deepseek-coder-6.7b,command_exec_direct_08_unsafe,command_exec_direct_08,unsafe,clean_heldout,clean,-1,23,5723, safe,58.34257507324219,1.0000001477535356,47,0.07962368224687424,0.05451267832301436,0.04627958875272359,0.08457192913056137,0.036187305587506755,0.0160434645756196,0.12414543237135807,0.5586360667658778,8,5,1,5,2,2,5,19
deepseek-coder-6.7b,command_exec_direct_08_unsafe,command_exec_direct_08,unsafe,clean_heldout,clean,-1,27,24281, vulnerable,198.21737670898438,1.0000000655533474,47,0.02597957732250434,0.013703834587321159,0.011141264100633284,0.04919097901598137,0.005356506250801555,0.000894302070084741,0.004078363846929079,0.8896552383590919,8,5,1,5,2,2,5,19
deepseek-coder-6.7b,command_exec_direct_08_unsafe,command_exec_direct_08,unsafe,clean_heldout,clean,-1,27,5723, safe,58.34257507324219,1.000000212850653,47,0.06676613725857118,0.03926823064394662,0.033792596989333706,0.09695701335202805,0.028161127157000358,0.0031120761501975,0.07332552177119156,0.6586175095283842,8,5,1,5,2,2,5,19
deepseek-coder-6.7b,command_exec_direct_08_safe,command_exec_direct_08,safe,clean_heldout,clean,-1,0,24281, vulnerable,193.53509521484375,1.0000004739788833,47,0.08226598188238479,0.04148161338159309,-0.002502043363311088,0.04835826717676313,0.013870972001178537,0.008866720814047145,0.3233927397009828,0.48426622238524497,8,5,1,5,2,2,5,19
deepseek-coder-6.7b,command_exec_direct_08_safe,command_exec_direct_08,safe,clean_heldout,clean,-1,0,5723, safe,55.0826301574707,1.000000885762479,47,0.1298583844057698,0.03220426342790002,0.010334308047096381,-0.0077244468774535415,0.05386247010907034,0.022488901340004256,0.39040153545660367,0.36857546985348816,8,5,1,5,2,2,5,19
deepseek-coder-6.7b,command_exec_direct_08_safe,command_exec_direct_08,safe,clean_heldout,clean,-1,3,24281, vulnerable,193.53509521484375,1.0000001153379414,47,0.086980709813381,0.04729539432323025,-0.0033353804704074168,0.049211050045192516,0.015142407574524288,-0.0007871548098334876,0.2994806359293432,0.506012452932511,8,5,1,5,2,2,5,19
deepseek-coder-6.7b,command_exec_direct_08_safe,command_exec_direct_08,safe,clean_heldout,clean,-1,3,5723, safe,55.0826301574707,1.000000518323558,47,0.13223024842704925,0.043891380812054036,0.010339572439809715,-0.01894891781096349,0.05738113609390744,0.0100922853020285,0.3712530552306192,0.3937617578290534,8,5,1,5,2,2,5,19
deepseek-coder-6.7b,command_exec_direct_08_safe,command_exec_direct_08,safe,clean_heldout,clean,-1,7,24281, vulnerable,193.53509521484375,1.0000000702190939,47,0.10703322109308058,0.04538765241633314,-0.0052559287385296,0.05188146509044693,0.018562609630484166,-0.004247960132860636,0.2711704894910449,0.5154685213690944,8,5,1,5,2,2,5,19
deepseek-coder-6.7b,command_exec_direct_08_safe,command_exec_direct_08,safe,clean_heldout,clean,-1,7,5723, safe,55.0826301574707,1.0000004187031768,47,0.17508683135600941,0.06220642218600388,-0.0019626716488518607,-0.01371191427749877,0.0533314189483753,0.014830539836993884,0.3578209877917337,0.3523988045104114,8,5,1,5,2,2,5,19
deepseek-coder-6.7b,command_exec_direct_08_safe,command_exec_direct_08,safe,clean_heldout,clean,-1,11,24281, vulnerable,193.53509521484375,1.0000001071765117,47,0.13008021438761538,0.033486180477036095,-0.012622473433234128,0.07550770585321137,0.01771280799375741,0.000785137550778507,0.20947383657753102,0.545576697769816,8,5,1,5,2,2,5,19
deepseek-coder-6.7b,command_exec_direct_08_safe,command_exec_direct_08,safe,clean_heldout,clean,-1,11,5723, safe,55.0826301574707,1.0000004941116798,47,0.2134870583762091,0.04875230191928699,-0.0064818362804294665,0.007165740138598898,0.04393451258211717,0.01083791700526144,0.30315787686290896,0.3791469235077268,8,5,1,5,2,2,5,19
deepseek-coder-6.7b,command_exec_direct_08_safe,command_exec_direct_08,safe,clean_heldout,clean,-1,15,24281, vulnerable,193.53509521484375,1.0000001227294248,47,0.09512606956861369,0.0204079754235734,-0.0025699215126941143,0.056376099818260174,0.008432451136281927,0.0015241045074764754,0.13802059074894926,0.6826827530389641,8,5,1,5,2,2,5,19
deepseek-coder-6.7b,command_exec_direct_08_safe,command_exec_direct_08,safe,clean_heldout,clean,-1,15,5723, safe,55.0826301574707,1.0000005164298915,47,0.19049976864590115,0.05732252982271438,0.004681134791930597,-0.01111143656323892,0.030394655755592907,0.015648662173784682,0.19793953097565642,0.5146256708275503,8,5,1,5,2,2,5,19
deepseek-coder-6.7b,command_exec_direct_08_safe,command_exec_direct_08,safe,clean_heldout,clean,-1,19,24281, vulnerable,193.53509521484375,1.0000001340861315,47,0.044705641729625184,0.017640085188868372,0.005165194890064395,0.06935902926458838,0.004766787766598,0.00045129503621078003,0.06741751690121849,0.7904945833089578,8,5,1,5,2,2,5,19
deepseek-coder-6.7b,command_exec_direct_08_safe,command_exec_direct_08,safe,clean_heldout,clean,-1,19,5723, safe,55.0826301574707,1.0000006488512807,47,0.13224784167040582,0.05507900823308169,0.014774268727049629,0.005538035359630586,0.034073350622154476,0.016790089641451508,0.11981786058231189,0.621680194015195,8,5,1,5,2,2,5,19
deepseek-coder-6.7b,command_exec_direct_08_safe,command_exec_direct_08,safe,clean_heldout,clean,-1,23,24281, vulnerable,193.53509521484375,1.0000000987456006,47,0.03407558734693272,0.014518942326771811,0.004953547457779058,0.05094553419153451,0.005056528994503574,0.0001949987315228675,0.03769424569333732,0.8525607140032189,8,5,1,5,2,2,5,19
deepseek-coder-6.7b,command_exec_direct_08_safe,command_exec_direct_08,safe,clean_heldout,clean,-1,23,5723, safe,55.0826301574707,1.0000004435913645,47,0.09618062056843096,0.06126138064316063,0.02374623526125862,0.07436587246281592,0.03796092663630613,0.017634357560305937,0.13012926338115352,0.5587217870779327,8,5,1,5,2,2,5,19
deepseek-coder-6.7b,command_exec_direct_08_safe,command_exec_direct_08,safe,clean_heldout,clean,-1,27,24281, vulnerable,193.53509521484375,1.000000123114398,47,0.028608948008161737,0.014679539245934448,0.005111986371720586,0.050257763267791834,0.005722700309401588,0.0016090919394413188,0.0032854438384583157,0.8907246501334882,8,5,1,5,2,2,5,19
deepseek-coder-6.7b,command_exec_direct_08_safe,command_exec_direct_08,safe,clean_heldout,clean,-1,27,5723, safe,55.0826301574707,1.000000458875958,47,0.07399284330320077,0.04411751542513595,0.018573576078834975,0.1011692163193655,0.02810227243176239,0.00571826736285665,0.07758005527913171,0.6507467126756699,8,5,1,5,2,2,5,19
deepseek-coder-6.7b,command_exec_direct_09_unsafe,command_exec_direct_09,unsafe,clean_heldout,clean,-1,0,24281, vulnerable,215.86227416992188,1.000000295676486,52,0.059789353327067175,0.021151652336777883,0.007461601715058229,0.07407033845560818,0.017852934419566334,0.014852287186102816,0.3467265652612349,0.45809556297507037,8,5,1,10,2,2,5,19
deepseek-coder-6.7b,command_exec_direct_09_unsafe,command_exec_direct_09,unsafe,clean_heldout,clean,-1,0,5723, safe,67.6788558959961,1.0000005402808076,52,0.07782893767656941,0.006590001984600492,0.009684174730292172,0.053088906214648776,0.02942557208462413,0.026434869044549857,0.43107646406137073,0.36587161448415195,8,5,1,10,2,2,5,19
deepseek-coder-6.7b,command_exec_direct_09_unsafe,command_exec_direct_09,unsafe,clean_heldout,clean,-1,3,24281, vulnerable,215.86227416992188,1.0000000793855037,52,0.05994048358335395,0.02510055865304752,0.011115538904695424,0.07332598317910916,0.019412234700549598,0.01323412786947532,0.3227872617606517,0.475083890734621,8,5,1,10,2,2,5,19
deepseek-coder-6.7b,command_exec_direct_09_unsafe,command_exec_direct_09,unsafe,clean_heldout,clean,-1,3,5723, safe,67.6788558959961,1.0000003059875717,52,0.0780867881025152,0.011228760801023313,0.010321917340797671,0.050320717843095775,0.03482929740830678,0.022436274208173432,0.4030183141607924,0.389758236122867,8,5,1,10,2,2,5,19
deepseek-coder-6.7b,command_exec_direct_09_unsafe,command_exec_direct_09,unsafe,clean_heldout,clean,-1,7,24281, vulnerable,215.86227416992188,1.0000000978512622,52,0.07418369619181525,0.03044308100800537,0.01657906409599378,0.08508854503767428,0.022836264016028417,0.013250843557265805,0.287320179546539,0.4702984243979404,8,5,1,10,2,2,5,19
deepseek-coder-6.7b,command_exec_direct_09_unsafe,command_exec_direct_09,unsafe,clean_heldout,clean,-1,7,5723, safe,67.6788558959961,1.0000003201888297,52,0.11625209951619163,0.026672107335223766,0.005086203248031773,0.07440813643611238,0.034539272050681316,0.021291706642143898,0.3622363051398785,0.35951448982056633,8,5,1,10,2,2,5,19
deepseek-coder-6.7b,command_exec_direct_09_unsafe,command_exec_direct_09,unsafe,clean_heldout,clean,-1,11,24281, vulnerable,215.86227416992188,1.0000001887304062,52,0.08604171466613357,0.029878238997583368,0.03213901381942849,0.09974826863667893,0.02738470518847085,0.014647717231873046,0.2062371453469878,0.5039233848432502,8,5,1,10,2,2,5,19
deepseek-coder-6.7b,command_exec_direct_09_unsafe,command_exec_direct_09,unsafe,clean_heldout,clean,-1,11,5723, safe,67.6788558959961,1.0000003988461854,52,0.1407050297035539,0.0408381517680812,0.019671311393681046,0.08012750123301265,0.037039080974405586,0.00766241802250033,0.26505231544427266,0.4089045903066779,8,5,1,10,2,2,5,19
deepseek-coder-6.7b,command_exec_direct_09_unsafe,command_exec_direct_09,unsafe,clean_heldout,clean,-1,15,24281, vulnerable,215.86227416992188,1.0000001935625673,52,0.06262538657288776,0.018585650193507344,0.02930334705851167,0.07877292957083783,0.022396725396292436,0.014540474181349072,0.13578181660540406,0.6379938639837772,8,5,1,10,2,2,5,19
deepseek-coder-6.7b,command_exec_direct_09_unsafe,command_exec_direct_09,unsafe,clean_heldout,clean,-1,15,5723, safe,67.6788558959961,1.000000310170888,52,0.11721437824773304,0.04041750433979877,0.036981685874435496,0.04544170907850732,0.0290398033864578,0.006820958255202489,0.1741263833443263,0.5499578876444268,8,5,1,10,2,2,5,19
deepseek-coder-6.7b,command_exec_direct_09_unsafe,command_exec_direct_09,unsafe,clean_heldout,clean,-1,19,24281, vulnerable,215.86227416992188,1.0000001115538906,52,0.035196440326400055,0.016963693626628022,0.015058765705904182,0.07218226207543252,0.018146955131037163,0.01331957373159913,0.07627619335050453,0.7528562276063849,8,5,1,10,2,2,5,19
deepseek-coder-6.7b,command_exec_direct_09_unsafe,command_exec_direct_09,unsafe,clean_heldout,clean,-1,19,5723, safe,67.6788558959961,1.0000004019836726,52,0.08699899097705699,0.047387889443147084,0.02124497635670638,0.03873344413593744,0.026699656234615964,0.00720297980281492,0.1141289920075443,0.6576034730258495,8,5,1,10,2,2,5,19
deepseek-coder-6.7b,command_exec_direct_09_unsafe,command_exec_direct_09,unsafe,clean_heldout,clean,-1,23,24281, vulnerable,215.86227416992188,1.000000116731206,52,0.028287278466122962,0.01572209137036775,0.012459365667025995,0.050523566311608675,0.017159108154258043,0.014188621061374522,0.045340356787446766,0.8163197289130012,8,5,1,10,2,2,5,19
deepseek-coder-6.7b,command_exec_direct_09_unsafe,command_exec_direct_09,unsafe,clean_heldout,clean,-1,23,5723, safe,67.6788558959961,1.00000019529482,52,0.07178331086543124,0.055358960140079766,0.025179756133689363,0.0779839883329897,0.02555545404824118,0.008368694803474951,0.12337108840019895,0.6123989425707148,8,5,1,10,2,2,5,19
deepseek-coder-6.7b,command_exec_direct_09_unsafe,command_exec_direct_09,unsafe,clean_heldout,clean,-1,27,24281, vulnerable,215.86227416992188,1.0000001122787145,52,0.021852142117723593,0.015387215081975542,0.007190394878682383,0.048799939556567765,0.006026300210295651,0.008604240207556506,0.01245066908863785,0.8796892111372754,8,5,1,10,2,2,5,19
deepseek-coder-6.7b,command_exec_direct_09_unsafe,command_exec_direct_09,unsafe,clean_heldout,clean,-1,27,5723, safe,67.6788558959961,1.000000143884064,52,0.059721587493263006,0.03809260911892644,0.03164906547919055,0.09402888518625371,0.02055992352101608,0.014090767416997087,0.08443487963758749,0.6574224260308297,8,5,1,10,2,2,5,19
deepseek-coder-6.7b,command_exec_direct_09_safe,command_exec_direct_09,safe,clean_heldout,clean,-1,0,24281, vulnerable,232.70458984375,1.000000325023967,52,0.06018091402182722,0.028407482381511643,0.0014149708609678957,0.07229355525735731,0.018471265183408733,0.01728798443076856,0.3419048867572404,0.4600392661308851,8,5,1,10,2,2,5,19
deepseek-coder-6.7b,command_exec_direct_09_safe,command_exec_direct_09,safe,clean_heldout,clean,-1,0,5723, safe,66.69107818603516,1.0000003223058558,52,0.08236527628191119,0.010728320751394552,0.007292170320304695,0.04170934450515156,0.02461668049512586,0.0335849145519339,0.4341113845994656,0.3655922308005683,8,5,1,10,2,2,5,19
deepseek-coder-6.7b,command_exec_direct_09_safe,command_exec_direct_09,safe,clean_heldout,clean,-1,3,24281, vulnerable,232.70458984375,1.000000154195481,52,0.06151266725302068,0.03320917653228138,0.002923633406331899,0.07548139781773049,0.02162678707747037,0.01112896278697695,0.3159682961571068,0.47814923316456237,8,5,1,10,2,2,5,19
deepseek-coder-6.7b,command_exec_direct_09_safe,command_exec_direct_09,safe,clean_heldout,clean,-1,3,5723, safe,66.69107818603516,1.0000000153053388,52,0.08183299257408025,0.019076954031210114,0.0045270957601660985,0.04367345471651749,0.03137169554117204,0.024790471387487467,0.40515098641134023,0.3895763648833651,8,5,1,10,2,2,5,19
deepseek-coder-6.7b,command_exec_direct_09_safe,command_exec_direct_09,safe,clean_heldout,clean,-1,7,24281, vulnerable,232.70458984375,1.0000001958500326,52,0.0835632787957817,0.03290545292923629,-0.002475414037713973,0.08262844221406834,0.026425962360532698,0.008386802349564553,0.2857691570580376,0.4827965141805253,8,5,1,10,2,2,5,19
deepseek-coder-6.7b,command_exec_direct_09_safe,command_exec_direct_09,safe,clean_heldout,clean,-1,7,5723, safe,66.69107818603516,0.9999999977097851,52,0.1255166037234574,0.0430795190933694,-0.016598573266800382,0.05254491021188502,0.033720721391977626,0.020207638275821317,0.3876372142162128,0.35389196406386186,8,5,1,10,2,2,5,19
deepseek-coder-6.7b,command_exec_direct_09_safe,command_exec_direct_09,safe,clean_heldout,clean,-1,11,24281, vulnerable,232.70458984375,1.000000149568976,52,0.10499549922345311,0.029941013302539426,-0.002410213682437749,0.08755842951836548,0.029172973295990147,0.011344116454525377,0.20951776431937308,0.5298805671371672,8,5,1,10,2,2,5,19
deepseek-coder-6.7b,command_exec_direct_09_safe,command_exec_direct_09,safe,clean_heldout,clean,-1,11,5723, safe,66.69107818603516,0.999999966372942,52,0.1731971204050415,0.0497003110109179,-0.012355080741118088,0.051094874041951045,0.04094793808907635,0.011576316730311613,0.2970890852688028,0.3887494015679589,8,5,1,10,2,2,5,19
deepseek-coder-6.7b,command_exec_direct_09_safe,command_exec_direct_09,safe,clean_heldout,clean,-1,15,24281, vulnerable,232.70458984375,1.0000000998940823,52,0.07236948859143598,0.017541518301243408,0.0020243498649276273,0.06673805357345661,0.023551692511482224,0.011182789048352949,0.1382794763165331,0.6683127316866504,8,5,1,10,2,2,5,19
deepseek-coder-6.7b,command_exec_direct_09_safe,command_exec_direct_09,safe,clean_heldout,clean,-1,15,5723, safe,66.69107818603516,1.0000000379840523,52,0.1351690185402787,0.042979771184497834,0.008709599303961993,0.01550419524071372,0.033010408888724405,0.010226508520639815,0.19845922133672292,0.555941314968513,8,5,1,10,2,2,5,19
deepseek-coder-6.7b,command_exec_direct_09_safe,command_exec_direct_09,safe,clean_heldout,clean,-1,19,24281, vulnerable,232.70458984375,1.0000001123488254,52,0.03630984351205742,0.017021179407331423,0.004487924020565058,0.06420477396749805,0.018793649001037867,0.011668194885613142,0.07819603263285377,0.7693185149218686,8,5,1,10,2,2,5,19
deepseek-coder-6.7b,command_exec_direct_09_safe,command_exec_direct_09,safe,clean_heldout,clean,-1,19,5723, safe,66.69107818603516,1.000000100434303,52,0.09685343091229623,0.04458154749896269,0.01177466297188312,-0.012296440849431947,0.029179962991628394,0.010991951971169615,0.12937518278819718,0.6895398021495978,8,5,1,10,2,2,5,19
deepseek-coder-6.7b,command_exec_direct_09_safe,command_exec_direct_09,safe,clean_heldout,clean,-1,23,24281, vulnerable,232.70458984375,1.0000000888160847,52,0.029419819385720615,0.016282645519305958,0.0032068956276464656,0.04914070312485656,0.017792298937125323,0.012722284158374713,0.049126912170475344,0.8223085298925797,8,5,1,10,2,2,5,19
deepseek-coder-6.7b,command_exec_direct_09_safe,command_exec_direct_09,safe,clean_heldout,clean,-1,23,5723, safe,66.69107818603516,1.000000168247008,52,0.07967341944586712,0.051172668062325274,0.014736346561788688,0.04893665794986588,0.02831079224415773,0.01336365206685296,0.1310341814071721,0.6327724505089785,8,5,1,10,2,2,5,19
deepseek-coder-6.7b,command_exec_direct_09_safe,command_exec_direct_09,safe,clean_heldout,clean,-1,27,24281, vulnerable,232.70458984375,1.0000000376844023,52,0.023568271503298523,0.015558587724593863,0.003109407455843496,0.04778741666763931,0.00614834322252646,0.007621886978683623,0.01603712558755343,0.8801689985442634,8,5,1,10,2,2,5,19
deepseek-coder-6.7b,command_exec_direct_09_safe,command_exec_direct_09,safe,clean_heldout,clean,-1,27,5723, safe,66.69107818603516,1.0000001469089081,52,0.07038450167583137,0.0412947235493145,0.014714714420558054,0.09033465354608244,0.022907746700360228,0.015135264016655128,0.08616077740946375,0.6590677655906427,8,5,1,10,2,2,5,19
deepseek-coder-6.7b,command_exec_direct_11_unsafe,command_exec_direct_11,unsafe,clean_heldout,clean,-1,0,24281, vulnerable,174.7894744873047,1.0000003136422957,52,0.06853850447826706,0.020471298279286787,0.0036838976466221788,0.0685713857680788,0.0252164490921565,-0.005485782609572429,0.3384593075019274,0.48054525348552934,8,5,1,10,2,2,5,19
deepseek-coder-6.7b,command_exec_direct_11_unsafe,command_exec_direct_11,unsafe,clean_heldout,clean,-1,0,5723, safe,54.28761291503906,1.000000139987592,52,0.09330561268293644,0.037528213346334015,0.0024431307049939386,0.0363773798126702,0.0582303389172726,-0.008288932123791351,0.45147120141001035,0.32893319523716585,8,5,1,10,2,2,5,19
deepseek-coder-6.7b,command_exec_direct_11_unsafe,command_exec_direct_11,unsafe,clean_heldout,clean,-1,3,24281, vulnerable,174.7894744873047,1.0000000693525435,52,0.06352414648640588,0.03237565137204679,0.0012816525656409693,0.0656946860836156,0.022326817183068393,-0.0102083124727248,0.3138639523381182,0.5111414757963726,8,5,1,10,2,2,5,19
deepseek-coder-6.7b,command_exec_direct_11_unsafe,command_exec_direct_11,unsafe,clean_heldout,clean,-1,3,5723, safe,54.28761291503906,0.9999996925076471,52,0.08788773020756388,0.046917603164992314,0.0009400422076094647,0.04033373988090634,0.051838830456128276,-0.016091222362079525,0.42837277221879544,0.359800196733731,8,5,1,10,2,2,5,19
deepseek-coder-6.7b,command_exec_direct_11_unsafe,command_exec_direct_11,unsafe,clean_heldout,clean,-1,7,24281, vulnerable,174.7894744873047,1.0000000416882528,52,0.06330009800084732,0.023001097564231323,0.004894171227519539,0.07564072010991617,0.022844134130737458,-0.012760330914470295,0.28728678161956833,0.5357933699499031,8,5,1,10,2,2,5,19
deepseek-coder-6.7b,command_exec_direct_11_unsafe,command_exec_direct_11,unsafe,clean_heldout,clean,-1,7,5723, safe,54.28761291503906,0.9999997067808918,52,0.10325522701206988,0.026577374477660728,0.0006416397843278473,0.06966152352363353,0.054313455349988035,-0.017374816628331805,0.3910633751244715,0.37186192813707203,8,5,1,10,2,2,5,19
deepseek-coder-6.7b,command_exec_direct_11_unsafe,command_exec_direct_11,unsafe,clean_heldout,clean,-1,11,24281, vulnerable,174.7894744873047,1.0000000179029307,52,0.0728908067641929,0.022632281078953015,0.015057494146880625,0.08051219229683965,0.02049855284848027,-0.005769380036391086,0.2314330076452184,0.5627450631587569,8,5,1,10,2,2,5,19
deepseek-coder-6.7b,command_exec_direct_11_unsafe,command_exec_direct_11,unsafe,clean_heldout,clean,-1,11,5723, safe,54.28761291503906,0.9999997599624525,52,0.12500166200954846,0.036748702733337774,0.026236068259170783,0.043728156610625596,0.038077097146320765,-0.0027535888734251824,0.316182539946464,0.41677912213041035,8,5,1,10,2,2,5,19
deepseek-coder-6.7b,command_exec_direct_11_unsafe,command_exec_direct_11,unsafe,clean_heldout,clean,-1,15,24281, vulnerable,174.7894744873047,1.000000028729941,52,0.06077597769602833,0.020470831780063696,0.012542104419352837,0.05280216589642098,0.01680501046682397,-0.001576091154777524,0.16190870821083592,0.676271321415193,8,5,1,10,2,2,5,19
deepseek-coder-6.7b,command_exec_direct_11_unsafe,command_exec_direct_11,unsafe,clean_heldout,clean,-1,15,5723, safe,54.28761291503906,0.9999997099031641,52,0.11253295881590952,0.04115543527441029,0.02274970527726037,0.017360616156616,0.041517731946110976,0.01732365830006833,0.22849976138648315,0.5188598427463054,8,5,1,10,2,2,5,19
deepseek-coder-6.7b,command_exec_direct_11_unsafe,command_exec_direct_11,unsafe,clean_heldout,clean,-1,19,24281, vulnerable,174.7894744873047,0.9999999426466827,52,0.034964871123410554,0.01672944066175714,0.00662253277563524,0.06007276010462824,0.013142967694988818,-0.002490290841695982,0.09723881162722087,0.7737188495007378,8,5,1,10,2,2,5,19
deepseek-coder-6.7b,command_exec_direct_11_unsafe,command_exec_direct_11,unsafe,clean_heldout,clean,-1,19,5723, safe,54.28761291503906,0.9999998014097592,52,0.09231309797923266,0.03562119929844851,0.01940491092371029,0.00829561454129095,0.03315897181553283,0.02386788224469496,0.1448491931128371,0.6424889314940119,8,5,1,10,2,2,5,19
deepseek-coder-6.7b,command_exec_direct_11_unsafe,command_exec_direct_11,unsafe,clean_heldout,clean,-1,23,24281, vulnerable,174.7894744873047,0.9999999796673859,52,0.033213258485042516,0.01460942053482548,0.007390357760054711,0.044540568620363416,0.012883225156073725,-0.004633812486779794,0.06730507004641334,0.8246918915513923,8,5,1,10,2,2,5,19
deepseek-coder-6.7b,command_exec_direct_11_unsafe,command_exec_direct_11,unsafe,clean_heldout,clean,-1,23,5723, safe,54.28761291503906,0.9999998216530629,52,0.0763063297883161,0.04203114837998761,0.01971835357270645,0.045563649556695854,0.034327770492128123,0.025705983008637655,0.14924110343828323,0.6071054834163079,8,5,1,10,2,2,5,19
deepseek-coder-6.7b,command_exec_direct_11_unsafe,command_exec_direct_11,unsafe,clean_heldout,clean,-1,27,24281, vulnerable,174.7894744873047,0.9999999726767177,52,0.028682538319719342,0.015118879246815233,0.0065526717889117965,0.048630976648232876,0.007348768058485012,-0.005948586667764295,0.022263608413884743,0.8773511168684329,8,5,1,10,2,2,5,19
deepseek-coder-6.7b,command_exec_direct_11_unsafe,command_exec_direct_11,unsafe,clean_heldout,clean,-1,27,5723, safe,54.28761291503906,0.9999995332374505,52,0.07758517271100371,0.034982757750248894,0.02175840208381994,0.09931791012846658,0.020808447382267604,0.020646520989715395,0.07944572968059131,0.6454545925113371,8,5,1,10,2,2,5,19
deepseek-coder-6.7b,command_exec_direct_11_safe,command_exec_direct_11,safe,clean_heldout,clean,-1,0,24281, vulnerable,157.00942993164062,1.0000002055667303,52,0.06506079771766035,0.027789963242922343,-0.007991329009297584,0.07839750650858814,0.026973565128277893,0.00018149397411215164,0.31396743895879103,0.4956207690456761,8,5,1,10,2,2,5,19
deepseek-coder-6.7b,command_exec_direct_11_safe,command_exec_direct_11,safe,clean_heldout,clean,-1,0,5723, safe,37.26659393310547,0.9999997413950409,52,0.06899000723407737,0.05013018607484697,-0.01821112796280233,0.053174944384759365,0.07357756404455876,0.0034185932204985996,0.46701199554027584,0.30190757885882635,8,5,1,10,2,2,5,19
deepseek-coder-6.7b,command_exec_direct_11_safe,command_exec_direct_11,safe,clean_heldout,clean,-1,3,24281, vulnerable,157.00942993164062,0.9999999108119414,52,0.06208155636902447,0.042147584084878724,-0.007499108489548358,0.07560296148125153,0.023177640116105607,-0.00796072974663185,0.2839712813673192,0.5284787256295421,8,5,1,10,2,2,5,19
deepseek-coder-6.7b,command_exec_direct_11_safe,command_exec_direct_11,safe,clean_heldout,clean,-1,3,5723, safe,37.26659393310547,0.9999993387430209,52,0.0637852119671232,0.06773629439059786,-0.015856695648698044,0.06365162056378078,0.06268020897075241,-0.01526808157237624,0.4250796622430423,0.3481911178287988,8,5,1,10,2,2,5,19
deepseek-coder-6.7b,command_exec_direct_11_safe,command_exec_direct_11,safe,clean_heldout,clean,-1,7,24281, vulnerable,157.00942993164062,0.9999998161430524,52,0.06428906699475546,0.03140634972738701,-0.010102973481185683,0.07955169287581107,0.020524650180470505,-0.014318749653782348,0.27040748815328236,0.5582422913463141,8,5,1,10,2,2,5,19
deepseek-coder-6.7b,command_exec_direct_11_safe,command_exec_direct_11,safe,clean_heldout,clean,-1,7,5723, safe,37.26659393310547,0.9999993998205741,52,0.08458572599533082,0.04887304968956561,-0.04178916671290034,0.09259412140110504,0.061776264382682175,-0.0277334207906849,0.42554411475042925,0.3561487111050464,8,5,1,10,2,2,5,19
deepseek-coder-6.7b,command_exec_direct_11_safe,command_exec_direct_11,safe,clean_heldout,clean,-1,11,24281, vulnerable,157.00942993164062,0.9999999319522873,52,0.07560689069094839,0.027729333964704752,-0.01323797507135728,0.08564741563784345,0.019390911130666672,-0.0023567627726372893,0.21529280188599936,0.5919273164861193,8,5,1,10,2,2,5,19
deepseek-coder-6.7b,command_exec_direct_11_safe,command_exec_direct_11,safe,clean_heldout,clean,-1,11,5723, safe,37.26659393310547,0.9999997325982738,52,0.1187177420152481,0.04911299350694948,-0.03552046254693571,0.040671334831319336,0.0494254002932068,-0.001036517465734705,0.35680232629257586,0.4218269156716446,8,5,1,10,2,2,5,19
deepseek-coder-6.7b,command_exec_direct_11_safe,command_exec_direct_11,safe,clean_heldout,clean,-1,15,24281, vulnerable,157.00942993164062,1.0000000440364556,52,0.05453273273783088,0.0225260775728284,-0.012024502703899115,0.06167581939088532,0.015821266686475984,0.0038682027870581654,0.14757364558136382,0.7060268019839122,8,5,1,10,2,2,5,19
deepseek-coder-6.7b,command_exec_direct_11_safe,command_exec_direct_11,safe,clean_heldout,clean,-1,15,5723, safe,37.26659393310547,0.999999607644196,52,0.0975467574400049,0.06486153640325491,-0.006440531417112984,-0.02885589966443309,0.048939495669764216,0.02694089245562642,0.2578225155191605,0.5391848412379313,8,5,1,10,2,2,5,19
deepseek-coder-6.7b,command_exec_direct_11_safe,command_exec_direct_11,safe,clean_heldout,clean,-1,19,24281, vulnerable,157.00942993164062,1.0000001155956961,52,0.03640292594990582,0.01745873524065042,0.009514668452258894,0.06410132145734915,0.011509254914104008,0.005073662987152531,0.08492146204434113,0.771018084549934,8,5,1,10,2,2,5,19
deepseek-coder-6.7b,command_exec_direct_11_safe,command_exec_direct_11,safe,clean_heldout,clean,-1,19,5723, safe,37.26659393310547,0.9999997295993759,52,0.11984059615108236,0.05001799040828028,0.02942232289619206,-0.10061748890442979,0.03689925902048005,0.03209733979110295,0.16483942486954425,0.6675002853671237,8,5,1,10,2,2,5,19
deepseek-coder-6.7b,command_exec_direct_11_safe,command_exec_direct_11,safe,clean_heldout,clean,-1,23,24281, vulnerable,157.00942993164062,1.0000000917267982,52,0.033181352674033285,0.014798044904368611,0.010324923291531297,0.047463720053539826,0.011347464596511876,0.0032392034701850723,0.05455428782361024,0.825091094913018,8,5,1,10,2,2,5,19
deepseek-coder-6.7b,command_exec_direct_11_safe,command_exec_direct_11,safe,clean_heldout,clean,-1,23,5723, safe,37.26659393310547,0.9999998903403015,52,0.09510451619687621,0.05393193568016322,0.034400506146144406,0.00624882917029583,0.037539402958876734,0.03174088359360333,0.1811678823393571,0.5598659342549845,8,5,1,10,2,2,5,19
deepseek-coder-6.7b,command_exec_direct_11_safe,command_exec_direct_11,safe,clean_heldout,clean,-1,27,24281, vulnerable,157.00942993164062,1.0000000794601778,52,0.02660661133658114,0.013734928940649305,0.011602995620893373,0.045958873976365,0.006046458946604249,0.0014945408110358031,0.011054405021322145,0.8835012648067266,8,5,1,10,2,2,5,19
deepseek-coder-6.7b,command_exec_direct_11_safe,command_exec_direct_11,safe,clean_heldout,clean,-1,27,5723, safe,37.26659393310547,1.0000001821330635,52,0.09196073078077212,0.04144109363449045,0.03901600348810048,0.10631133693784116,0.02235159908335512,0.0262027795221678,0.09339949041703867,0.5793171482692978,8,5,1,10,2,2,5,19
deepseek-coder-6.7b,command_exec_direct_12_unsafe,command_exec_direct_12,unsafe,clean_heldout,clean,-1,0,24281, vulnerable,199.39825439453125,1.0000000220455418,47,0.060962768779365205,0.03522064383190862,0.006140450725732421,0.05295414618417122,0.018326080761597776,0.012728365268725391,0.3280082249892751,0.48565934150476603,8,5,1,5,2,2,5,19
deepseek-coder-6.7b,command_exec_direct_12_unsafe,command_exec_direct_12,unsafe,clean_heldout,clean,-1,0,5723, safe,55.00902557373047,1.0000007986389148,47,0.10261789269145737,0.04411342162353784,0.01040126085224662,0.004454792494125117,0.029551513836133345,0.0220842393053092,0.388957332508003,0.39782034532810234,8,5,1,5,2,2,5,19
deepseek-coder-6.7b,command_exec_direct_12_unsafe,command_exec_direct_12,unsafe,clean_heldout,clean,-1,3,24281, vulnerable,199.39825439453125,0.9999999856517152,47,0.06238338296986959,0.042205284938188356,0.006788175945785369,0.05796823652271345,0.013699235983485774,0.008294377580586855,0.3035851513180162,0.5050761403930695,8,5,1,5,2,2,5,19
deepseek-coder-6.7b,command_exec_direct_12_unsafe,command_exec_direct_12,unsafe,clean_heldout,clean,-1,3,5723, safe,55.00902557373047,1.0000004235975928,47,0.09914339807639302,0.05225996899220653,0.012263391265263393,0.0019721768011830704,0.025082720273370447,0.017260937560461702,0.36018620855543365,0.4318316220732811,8,5,1,5,2,2,5,19
deepseek-coder-6.7b,command_exec_direct_12_unsafe,command_exec_direct_12,unsafe,clean_heldout,clean,-1,7,24281, vulnerable,199.39825439453125,0.9999999522844799,47,0.06982149373420685,0.04330461943412814,0.016390217943942055,0.05754099900430556,0.01805462257161975,0.007940602682677772,0.27599274897947346,0.5109546479341263,8,5,1,5,2,2,5,19
deepseek-coder-6.7b,command_exec_direct_12_unsafe,command_exec_direct_12,unsafe,clean_heldout,clean,-1,7,5723, safe,55.00902557373047,1.0000003926488958,47,0.13275486675398634,0.06090262871476683,0.026415179109485067,0.0052633687849967066,0.0450339390806812,0.016317745069775316,0.3396143043513492,0.37369836078385504,8,5,1,5,2,2,5,19
deepseek-coder-6.7b,command_exec_direct_12_unsafe,command_exec_direct_12,unsafe,clean_heldout,clean,-1,11,24281, vulnerable,199.39825439453125,1.000000010910675,47,0.07084737909853017,0.042591775121206654,0.024275762670645108,0.07621736683490764,0.01736217882942713,0.006567820517391116,0.2099032237661795,0.5522345040723875,8,5,1,5,2,2,5,19
deepseek-coder-6.7b,command_exec_direct_12_unsafe,command_exec_direct_12,unsafe,clean_heldout,clean,-1,11,5723, safe,55.00902557373047,1.0000005367601152,47,0.13311870749195787,0.06672705999468388,0.05358167826907178,0.014078738761015213,0.03125890347285761,0.013956177992933012,0.2823909566963513,0.4048883140812446,8,5,1,5,2,2,5,19
deepseek-coder-6.7b,command_exec_direct_12_unsafe,command_exec_direct_12,unsafe,clean_heldout,clean,-1,15,24281, vulnerable,199.39825439453125,1.0000000414755108,47,0.0545404069139621,0.025489893683346476,0.020683659997226763,0.0621193740805619,0.01711729097265607,0.006620171878677944,0.1393065976847684,0.6741226462643112,8,5,1,5,2,2,5,19
deepseek-coder-6.7b,command_exec_direct_12_unsafe,command_exec_direct_12,unsafe,clean_heldout,clean,-1,15,5723, safe,55.00902557373047,1.0000006921808147,47,0.11894704042602727,0.06904504832636468,0.04221800802009058,0.0217760347081535,0.029487175219687044,0.016893126179154838,0.1861877882484439,0.515446471052893,8,5,1,5,2,2,5,19
deepseek-coder-6.7b,command_exec_direct_12_unsafe,command_exec_direct_12,unsafe,clean_heldout,clean,-1,19,24281, vulnerable,199.39825439453125,1.0000000593454776,47,0.02695040418593765,0.018732425981598688,0.016149475246874677,0.06783122240729172,0.016213933720795694,0.006849027918529138,0.0721552606833694,0.7751183092010806,8,5,1,5,2,2,5,19
deepseek-coder-6.7b,command_exec_direct_12_unsafe,command_exec_direct_12,unsafe,clean_heldout,clean,-1,19,5723, safe,55.00902557373047,1.0000005558237,47,0.08164932154323257,0.07021464414783452,0.030377487832072125,0.04156700725717229,0.024731107318190497,0.016309358176044498,0.11288392074019891,0.6222677088089545,8,5,1,5,2,2,5,19
deepseek-coder-6.7b,command_exec_direct_12_unsafe,command_exec_direct_12,unsafe,clean_heldout,clean,-1,23,24281, vulnerable,199.39825439453125,1.0000001445290774,47,0.021253706442959562,0.015622816071479407,0.016871545506943652,0.04717826131277126,0.014633887442411725,0.0068499061531299464,0.04106373539688963,0.8365262862024923,8,5,1,5,2,2,5,19
deepseek-coder-6.7b,command_exec_direct_12_unsafe,command_exec_direct_12,unsafe,clean_heldout,clean,-1,23,5723, safe,55.00902557373047,1.0000007947787928,47,0.05944713871746372,0.07967189023569818,0.03961167101678843,0.08782301868874168,0.022823200463915904,0.022364282078039227,0.12166162188548132,0.5665979716926643,8,5,1,5,2,2,5,19
deepseek-coder-6.7b,command_exec_direct_12_unsafe,command_exec_direct_12,unsafe,clean_heldout,clean,-1,27,24281, vulnerable,199.39825439453125,1.0000000119195387,47,0.021432009477254967,0.016446061991625918,0.018518532512524714,0.04845511248974002,0.009205576469030967,0.005060720321251976,0.0052400106595321145,0.8756419879985781,8,5,1,5,2,2,5,19
deepseek-coder-6.7b,command_exec_direct_12_unsafe,command_exec_direct_12,unsafe,clean_heldout,clean,-1,27,5723, safe,55.00902557373047,1.0000009036748647,47,0.05463038847994242,0.05775596592709742,0.04412491368063019,0.10544822336134664,0.013192028251901522,-0.002247166064788867,0.06388749523587813,0.6632090548028573,8,5,1,5,2,2,5,19
deepseek-coder-6.7b,command_exec_direct_12_safe,command_exec_direct_12,safe,clean_heldout,clean,-1,0,24281, vulnerable,173.9715118408203,1.0000000692931807,47,0.0697875200451039,0.04914182799128695,-0.004292998453391282,0.052946200399005924,0.007378710213510458,0.017135156907745603,0.31878540480678047,0.48911824738313864,8,5,1,5,2,2,5,19
deepseek-coder-6.7b,command_exec_direct_12_safe,command_exec_direct_12,safe,clean_heldout,clean,-1,0,5723, safe,29.17839813232422,1.0000019657155894,47,0.18169840566267204,0.07601470712387413,-0.008210818976663701,-0.027606025920092113,0.03040087419116265,0.011508350190784557,0.4306236920781005,0.3055727813657513,8,5,1,5,2,2,5,19
deepseek-coder-6.7b,command_exec_direct_12_safe,command_exec_direct_12,safe,clean_heldout,clean,-1,3,24281, vulnerable,173.9715118408203,0.9999999815418041,47,0.0743910453953033,0.054978729388381095,0.0038237906010552916,0.05103461567582464,0.007457449964793788,0.007081764480333529,0.2901138635892054,0.5111187224469071,8,5,1,5,2,2,5,19
deepseek-coder-6.7b,command_exec_direct_12_safe,command_exec_direct_12,safe,clean_heldout,clean,-1,3,5723, safe,29.17839813232422,1.0000018256584333,47,0.17843825470762412,0.08621711332348318,0.016845330128663547,-0.04854791033722376,0.031811872029164294,0.0002783800034043913,0.38454452058533056,0.350414265217987,8,5,1,5,2,2,5,19
deepseek-coder-6.7b,command_exec_direct_12_safe,command_exec_direct_12,safe,clean_heldout,clean,-1,7,24281, vulnerable,173.9715118408203,0.9999999865524977,47,0.08680156583484352,0.04986572725473905,-0.007052492394133807,0.04673844138491319,0.01875375378889973,0.0030663691982767555,0.2705799472150211,0.5312466742699381,8,5,1,5,2,2,5,19
deepseek-coder-6.7b,command_exec_direct_12_safe,command_exec_direct_12,safe,clean_heldout,clean,-1,7,5723, safe,29.17839813232422,1.0000017761213535,47,0.20892364094429253,0.13335199761123825,-0.03275384973176682,-0.06151415593653345,0.06242511832028534,-0.005562881278221224,0.40011131094176156,0.2950205952502973,8,5,1,5,2,2,5,19
deepseek-coder-6.7b,command_exec_direct_12_safe,command_exec_direct_12,safe,clean_heldout,clean,-1,11,24281, vulnerable,173.9715118408203,1.000000085952666,47,0.09502742261266317,0.04715428526543721,-0.027087261762747145,0.07196920795923079,0.02080717779858468,0.00538485649773883,0.20760111643281523,0.5791432811489433,8,5,1,5,2,2,5,19
deepseek-coder-6.7b,command_exec_direct_12_safe,command_exec_direct_12,safe,clean_heldout,clean,-1,11,5723, safe,29.17839813232422,1.000001799804674,47,0.22656880512547523,0.13769772219805038,-0.09454242985500479,-0.030464727231638705,0.05098930675641154,0.003791455733355018,0.34152944473399066,0.3644322223440347,8,5,1,5,2,2,5,19
deepseek-coder-6.7b,command_exec_direct_12_safe,command_exec_direct_12,safe,clean_heldout,clean,-1,15,24281, vulnerable,173.9715118408203,1.0000001435542285,47,0.06392918915372278,0.027399479618731154,-0.016047115213162037,0.05619644577600885,0.020762172691425447,0.007303458076233992,0.1363625775694417,0.7040939358818267,8,5,1,5,2,2,5,19
deepseek-coder-6.7b,command_exec_direct_12_safe,command_exec_direct_12,safe,clean_heldout,clean,-1,15,5723, safe,29.17839813232422,1.0000020513202594,47,0.18220589300025905,0.13376737674962105,-0.09617918399695016,-0.05371513002223052,0.048309665326917106,0.01229549209019692,0.22248552479545539,0.5508324133769906,8,5,1,5,2,2,5,19
deepseek-coder-6.7b,command_exec_direct_12_safe,command_exec_direct_12,safe,clean_heldout,clean,-1,19,24281, vulnerable,173.9715118408203,1.0000001534899627,47,0.03151257558750257,0.020692469233430343,0.009548320043587641,0.06754287983305905,0.019168132148630557,0.007840002112241158,0.07055181551984376,0.7731439590116677,8,5,1,5,2,2,5,19
deepseek-coder-6.7b,command_exec_direct_12_safe,command_exec_direct_12,safe,clean_heldout,clean,-1,19,5723, safe,29.17839813232422,1.0000021821849676,47,0.15172954128002278,0.11918668886657788,0.010310379159300723,-0.07914432985266132,0.03629147542562096,0.01448497560594001,0.12826316678012462,0.6188802849200418,8,5,1,5,2,2,5,19
deepseek-coder-6.7b,command_exec_direct_12_safe,command_exec_direct_12,safe,clean_heldout,clean,-1,23,24281, vulnerable,173.9715118408203,1.0000001842821733,47,0.024186986990977405,0.018153313902837958,0.007223036188021521,0.04144466045202619,0.017317288851203934,0.007757169609346995,0.04208195026314539,0.841835778024614,8,5,1,5,2,2,5,19
deepseek-coder-6.7b,command_exec_direct_12_safe,command_exec_direct_12,safe,clean_heldout,clean,-1,23,5723, safe,29.17839813232422,1.0000023085811247,47,0.1040460144275509,0.13200130631628532,0.032659322769737306,0.06883826373879551,0.031195671612165448,0.026258682655065237,0.17097511860137,0.43402792846015514,8,5,1,5,2,2,5,19
deepseek-coder-6.7b,command_exec_direct_12_safe,command_exec_direct_12,safe,clean_heldout,clean,-1,27,24281, vulnerable,173.9715118408203,1.0000000751818163,47,0.024003274387840643,0.01792103236888427,0.006091887796732278,0.045087204931718014,0.010955844414559462,0.0049674589596071,0.004678298302433352,0.8862950740200412,8,5,1,5,2,2,5,19
deepseek-coder-6.7b,command_exec_direct_12_safe,command_exec_direct_12,safe,clean_heldout,clean,-1,27,5723, safe,29.17839813232422,1.0000025986539216,47,0.09206267641532973,0.09545993930435084,0.031285364368039394,0.13618956222965217,0.018567438191124996,-0.0023425865425244444,0.09056305852904231,0.5382171461589067,8,5,1,5,2,2,5,19
deepseek-coder-6.7b,command_exec_direct_13_unsafe,command_exec_direct_13,unsafe,clean_heldout,clean,-1,0,24281, vulnerable,216.99041748046875,1.0000003368703885,52,0.05650104144460896,0.021717385854503817,0.0015754645552738533,0.07680160445561199,0.01616147373343645,0.015397034853421959,0.3445756865932047,0.46727064538032675,8,5,1,10,2,2,5,19
deepseek-coder-6.7b,command_exec_direct_13_unsafe,command_exec_direct_13,unsafe,clean_heldout,clean,-1,0,5723, safe,81.8083267211914,1.00000031056105,52,0.06488391866745843,0.010228266976344567,0.006983246259762276,0.04582269616807838,0.032247862343267104,0.03080530845233853,0.4272950374884091,0.38173397420539157,8,5,1,10,2,2,5,19
deepseek-coder-6.7b,command_exec_direct_13_unsafe,command_exec_direct_13,unsafe,clean_heldout,clean,-1,3,24281, vulnerable,216.99041748046875,1.0000000653242191,52,0.058557413544731964,0.02405192178497708,0.0017782840836365536,0.0773363313112699,0.016095151435753723,0.01286084932474064,0.32175805035775706,0.4875620634813524,8,5,1,10,2,2,5,19
deepseek-coder-6.7b,command_exec_direct_13_unsafe,command_exec_direct_13,unsafe,clean_heldout,clean,-1,3,5723, safe,81.8083267211914,1.0000000898099752,52,0.0659295130032141,0.008793614997126213,0.006152302921695408,0.04565125339947958,0.034394986361280716,0.026631689477364242,0.40747528191963445,0.4049714477301806,8,5,1,10,2,2,5,19
deepseek-coder-6.7b,command_exec_direct_13_unsafe,command_exec_direct_13,unsafe,clean_heldout,clean,-1,7,24281, vulnerable,216.99041748046875,1.0000000741314004,52,0.07095080775309841,0.027472764319915976,0.0037805379781661696,0.0927932022910365,0.015829479879448837,0.017525534625743036,0.2841458245235426,0.48750192276044885,8,5,1,10,2,2,5,19
deepseek-coder-6.7b,command_exec_direct_13_unsafe,command_exec_direct_13,unsafe,clean_heldout,clean,-1,7,5723, safe,81.8083267211914,1.0000001448070583,52,0.09396878078798426,0.02323503313879114,0.0027353905801699207,0.06946459911787342,0.03916342633035217,0.03630829233456321,0.35845536370473763,0.3766692588125867,8,5,1,10,2,2,5,19
deepseek-coder-6.7b,command_exec_direct_13_unsafe,command_exec_direct_13,unsafe,clean_heldout,clean,-1,11,24281, vulnerable,216.99041748046875,1.0000002203855456,52,0.07923583283577464,0.030972944003168204,0.013063928570524456,0.1045090550717851,0.017367511339468622,0.023112671654893675,0.2094306704772868,0.5223076064326442,8,5,1,10,2,2,5,19
deepseek-coder-6.7b,command_exec_direct_13_unsafe,command_exec_direct_13,unsafe,clean_heldout,clean,-1,11,5723, safe,81.8083267211914,1.0000003115628597,52,0.11985142091986212,0.03790957680136804,0.02012322817653368,0.062445016213465286,0.0340896478371609,0.045096127435364015,0.27611810196440645,0.40436719221469924,8,5,1,10,2,2,5,19
deepseek-coder-6.7b,command_exec_direct_13_unsafe,command_exec_direct_13,unsafe,clean_heldout,clean,-1,15,24281, vulnerable,216.99041748046875,1.0000002202997056,52,0.05857937420810771,0.015336828825467361,0.018971806313957895,0.078947169695191,0.012469568479881135,0.022137242242532076,0.14050609309650647,0.653052137438062,8,5,1,10,2,2,5,19
deepseek-coder-6.7b,command_exec_direct_13_unsafe,command_exec_direct_13,unsafe,clean_heldout,clean,-1,15,5723, safe,81.8083267211914,1.00000042221731,52,0.10348226236446963,0.03074083379261639,0.03560521927567112,0.037719010348155016,0.028037990739062935,0.03955183711203278,0.19154313911778112,0.533320129467521,8,5,1,10,2,2,5,19
deepseek-coder-6.7b,command_exec_direct_13_unsafe,command_exec_direct_13,unsafe,clean_heldout,clean,-1,19,24281, vulnerable,216.99041748046875,1.0000002435795063,52,0.02903316066374251,0.013219177508884242,0.009016115408021162,0.07390736845226643,0.01038792442227111,0.020551520840611463,0.07734266918547131,0.766542307098238,8,5,1,10,2,2,5,19
deepseek-coder-6.7b,command_exec_direct_13_unsafe,command_exec_direct_13,unsafe,clean_heldout,clean,-1,19,5723, safe,81.8083267211914,1.0000004131099478,52,0.07130707877491156,0.037603869246933236,0.018387719041823198,0.022333427690219777,0.02224492443937818,0.03235310702046419,0.12358250538036727,0.6721877815158503,8,5,1,10,2,2,5,19
deepseek-coder-6.7b,command_exec_direct_13_unsafe,command_exec_direct_13,unsafe,clean_heldout,clean,-1,23,24281, vulnerable,216.99041748046875,1.000000241313331,52,0.024049674288478318,0.011871712985553297,0.008349680780122814,0.050358387667811026,0.010853036982960876,0.018765909044881388,0.04605182467236192,0.8297000148911613,8,5,1,10,2,2,5,19
deepseek-coder-6.7b,command_exec_direct_13_unsafe,command_exec_direct_13,unsafe,clean_heldout,clean,-1,23,5723, safe,81.8083267211914,1.0000003712616188,52,0.0542424333656277,0.04432569304723746,0.021255684218021424,0.058391879944233914,0.02255992405328431,0.03166776490282698,0.12196507793197492,0.6455919137984121,8,5,1,10,2,2,5,19
deepseek-coder-6.7b,command_exec_direct_13_unsafe,command_exec_direct_13,unsafe,clean_heldout,clean,-1,27,24281, vulnerable,216.99041748046875,1.0000002838556215,52,0.022931285715306927,0.011707699511302516,0.006559840713358091,0.05116978561386358,0.007158057422290658,0.009197502549367527,0.010539554965433623,0.8807365573646985,8,5,1,10,2,2,5,19
deepseek-coder-6.7b,command_exec_direct_13_unsafe,command_exec_direct_13,unsafe,clean_heldout,clean,-1,27,5723, safe,81.8083267211914,1.0000004506208957,52,0.052339515295169226,0.0330057795728319,0.01998156862244972,0.08966952270095556,0.017871012485007387,0.012841642946918343,0.07594393211460254,0.6983474768829611,8,5,1,10,2,2,5,19
deepseek-coder-6.7b,command_exec_direct_13_safe,command_exec_direct_13,safe,clean_heldout,clean,-1,0,24281, vulnerable,222.34165954589844,1.000000391526194,52,0.05351127396913975,0.03498512128618814,0.008573474117041601,0.07314238095892306,0.01131654174915998,0.022431370704482888,0.3405080843004058,0.4555321444408526,8,5,1,10,2,2,5,19
deepseek-coder-6.7b,command_exec_direct_13_safe,command_exec_direct_13,safe,clean_heldout,clean,-1,0,5723, safe,73.21214294433594,1.000000721019238,52,0.06249002383127645,0.011740649038506627,0.027146516586699837,0.04769009235328122,0.03341375542904996,0.037017675193219884,0.43052741729497995,0.3499745912922242,8,5,1,10,2,2,5,19
deepseek-coder-6.7b,command_exec_direct_13_safe,command_exec_direct_13,safe,clean_heldout,clean,-1,3,24281, vulnerable,222.34165954589844,1.0000000296224885,52,0.056681880212893145,0.039323479216935006,0.011432230300308488,0.07326666907932229,0.013031589468892555,0.01493889759383169,0.31625002930615775,0.4750752544441475,8,5,1,10,2,2,5,19
deepseek-coder-6.7b,command_exec_direct_13_safe,command_exec_direct_13,safe,clean_heldout,clean,-1,3,5723, safe,73.21214294433594,1.0000003272699707,52,0.06181598651452756,0.014509509457499337,0.03136009724614118,0.04744531268236648,0.037446951220719504,0.027812431840530002,0.4103131332024533,0.36929690510573343,8,5,1,10,2,2,5,19
deepseek-coder-6.7b,command_exec_direct_13_safe,command_exec_direct_13,safe,clean_heldout,clean,-1,7,24281, vulnerable,222.34165954589844,1.0000001271019217,52,0.07597210747208888,0.04035047453971939,0.01124538290222692,0.08746391171311604,0.014506418376690804,0.014078146893297637,0.278918790043814,0.4774648951609681,8,5,1,10,2,2,5,19
deepseek-coder-6.7b,command_exec_direct_13_safe,command_exec_direct_13,safe,clean_heldout,clean,-1,7,5723, safe,73.21214294433594,1.0000002912317296,52,0.08963604300629227,0.0464477609408943,0.021462570401275024,0.06183377374619922,0.04088196543540465,0.03559442941932847,0.3673782097411417,0.3367655385411939,8,5,1,10,2,2,5,19
deepseek-coder-6.7b,command_exec_direct_13_safe,command_exec_direct_13,safe,clean_heldout,clean,-1,11,24281, vulnerable,222.34165954589844,1.0000001169150026,52,0.08939950596358973,0.032163919180234986,0.013953569987145352,0.09973376013069804,0.01761716945038779,0.018685963846911444,0.21220999042266614,0.516236237933369,8,5,1,10,2,2,5,19
deepseek-coder-6.7b,command_exec_direct_13_safe,command_exec_direct_13,safe,clean_heldout,clean,-1,11,5723, safe,73.21214294433594,1.0000004818922157,52,0.14072660173647272,0.04523835573449296,0.03032424264245062,0.06696548351194741,0.03527292139473463,0.04008688424090007,0.29345364698821247,0.3479323456430048,8,5,1,10,2,2,5,19
deepseek-coder-6.7b,command_exec_direct_13_safe,command_exec_direct_13,safe,clean_heldout,clean,-1,15,24281, vulnerable,222.34165954589844,1.0000001049520746,52,0.06739000694460506,0.016357246200909687,0.01871375429840805,0.06984781389981136,0.012269973575946773,0.017545474181740333,0.13932326561332578,0.6585525702373275,8,5,1,10,2,2,5,19
deepseek-coder-6.7b,command_exec_direct_13_safe,command_exec_direct_13,safe,clean_heldout,clean,-1,15,5723, safe,73.21214294433594,1.0000005367700737,52,0.11840069785918433,0.03911980337285753,0.05460437508115308,0.021105871396858548,0.027507944958306853,0.03437616681978503,0.199420509195595,0.5054651680863331,8,5,1,10,2,2,5,19
deepseek-coder-6.7b,command_exec_direct_13_safe,command_exec_direct_13,safe,clean_heldout,clean,-1,19,24281, vulnerable,222.34165954589844,1.000000169893684,52,0.029455883893815194,0.013646040571011687,0.010144792450380311,0.07205121193283437,0.010328863644926498,0.016236419957529082,0.0734899136021869,0.7746470438409998,8,5,1,10,2,2,5,19
deepseek-coder-6.7b,command_exec_direct_13_safe,command_exec_direct_13,safe,clean_heldout,clean,-1,19,5723, safe,73.21214294433594,1.0000006897258837,52,0.07717005505096777,0.04201921376380749,0.0269011522643351,0.010685086439950576,0.021618592247788726,0.027138137498486356,0.12634228075798176,0.6681261717025659,8,5,1,10,2,2,5,19
deepseek-coder-6.7b,command_exec_direct_13_safe,command_exec_direct_13,safe,clean_heldout,clean,-1,23,24281, vulnerable,222.34165954589844,1.000000203671363,52,0.02387129031384238,0.011564611458809366,0.009665338132282982,0.051777508707049294,0.01084172435579725,0.014876955496005425,0.043590362238179456,0.8338124129693969,8,5,1,10,2,2,5,19
deepseek-coder-6.7b,command_exec_direct_13_safe,command_exec_direct_13,safe,clean_heldout,clean,-1,23,5723, safe,73.21214294433594,1.0000006543109656,52,0.05792780691289366,0.046835248077381895,0.024092138655419273,0.04920316460690463,0.021448394664394625,0.026762319679286148,0.12383386978820063,0.6498977119264848,8,5,1,10,2,2,5,19
deepseek-coder-6.7b,command_exec_direct_13_safe,command_exec_direct_13,safe,clean_heldout,clean,-1,27,24281, vulnerable,222.34165954589844,1.0000002829467047,52,0.02272319698480233,0.011371113879084092,0.009838808497106966,0.04588838467793721,0.007000410067458936,0.008082419444803214,0.01086561281515797,0.8842303365803541,8,5,1,10,2,2,5,19
deepseek-coder-6.7b,command_exec_direct_13_safe,command_exec_direct_13,safe,clean_heldout,clean,-1,27,5723, safe,73.21214294433594,1.000000699012123,52,0.05579328891571778,0.03535708759358787,0.02868481362458892,0.09191570538176885,0.01830828983545542,0.01230660100466212,0.07776301923708392,0.6798718934192582,8,5,1,10,2,2,5,19
deepseek-coder-6.7b,command_exec_assign_chain_00_unsafe,command_exec_assign_chain_00,unsafe,clean_heldout,clean,-1,0,24281, vulnerable,180.74215698242188,1.0000002784865507,81,0.047567921737554135,0.026157341685251682,0.0016011646221438022,0.05842140447123448,0.01808002166903738,0.03198261792755305,0.3321225976284069,0.4840672087453692,8,5,3,5,14,14,5,27
deepseek-coder-6.7b,command_exec_assign_chain_00_unsafe,command_exec_assign_chain_00,unsafe,clean_heldout,clean,-1,0,5723, safe,54.092384338378906,1.0000007162379618,81,0.0795521764512471,0.01179816322835274,0.015995349019541194,0.031520888359508475,0.05606268735462794,0.03387231050083439,0.3970828785920149,0.3741162627318349,8,5,3,5,14,14,5,27
deepseek-coder-6.7b,command_exec_assign_chain_00_unsafe,command_exec_assign_chain_00,unsafe,clean_heldout,clean,-1,3,24281, vulnerable,180.74215698242188,0.999999931200229,81,0.04797500891097602,0.028397754907338195,0.0024095251203913714,0.06032631109605662,0.017831887823294583,0.030694423876056476,0.3130191176453983,0.4993459018207175,8,5,3,5,14,14,5,27
deepseek-coder-6.7b,command_exec_assign_chain_00_unsafe,command_exec_assign_chain_00,unsafe,clean_heldout,clean,-1,3,5723, safe,54.092384338378906,1.000000092973197,81,0.07976497309122628,0.009528317767238212,0.010200261335177574,0.04413857182123984,0.05357131668876234,0.032121968720894296,0.3793632103705403,0.39131147317811793,8,5,3,5,14,14,5,27
deepseek-coder-6.7b,command_exec_assign_chain_00_unsafe,command_exec_assign_chain_00,unsafe,clean_heldout,clean,-1,7,24281, vulnerable,180.74215698242188,0.9999999750605982,81,0.0578179553725214,0.03874190873140732,0.008544869069423791,0.0765458446678201,0.01276551658607105,0.028618124242725987,0.2752533651284647,0.5017123912621639,8,5,3,5,14,14,5,27
deepseek-coder-6.7b,command_exec_assign_chain_00_unsafe,command_exec_assign_chain_00,unsafe,clean_heldout,clean,-1,7,5723, safe,54.092384338378906,0.999999942700963,81,0.11280298953890602,0.02609067653475382,0.0028618026037246563,0.05703750099435867,0.04321217951778136,0.041015141883721,0.32535578465116066,0.3916238669765568,8,5,3,5,14,14,5,27
deepseek-coder-6.7b,command_exec_assign_chain_00_unsafe,command_exec_assign_chain_00,unsafe,clean_heldout,clean,-1,11,24281, vulnerable,180.74215698242188,1.0000000706753789,81,0.052711581788378974,0.030391244967969085,0.016928869846421116,0.09769109953674585,0.015485708535944932,0.0400313758260009,0.19641282607421048,0.5503473640997075,8,5,3,5,14,14,5,27
deepseek-coder-6.7b,command_exec_assign_chain_00_unsafe,command_exec_assign_chain_00,unsafe,clean_heldout,clean,-1,11,5723, safe,54.092384338378906,0.9999999633616735,81,0.11022250730060251,0.035297789915760894,0.052891435516915594,0.06079361098901029,0.02783545899959919,0.06394347912916078,0.22331174326924963,0.42570393824137465,8,5,3,5,14,14,5,27
deepseek-coder-6.7b,command_exec_assign_chain_00_unsafe,command_exec_assign_chain_00,unsafe,clean_heldout,clean,-1,15,24281, vulnerable,180.74215698242188,1.000000099778218,81,0.039240717212040435,0.016161646211148975,0.01941662801501851,0.08081450432522073,0.022520075540694278,0.058899757922518954,0.12778565186096077,0.6351611186906152,8,5,3,5,14,14,5,27
deepseek-coder-6.7b,command_exec_assign_chain_00_unsafe,command_exec_assign_chain_00,unsafe,clean_heldout,clean,-1,15,5723, safe,54.092384338378906,0.9999999653588755,81,0.08669517893925062,0.02340077021541758,0.06928965489160292,0.08240416397787262,0.04609888977870865,0.06099569752991432,0.12555048617263165,0.5055651238534771,8,5,3,5,14,14,5,27
deepseek-coder-6.7b,command_exec_assign_chain_00_unsafe,command_exec_assign_chain_00,unsafe,clean_heldout,clean,-1,19,24281, vulnerable,180.74215698242188,1.0000001578808406,81,0.022721186752516418,0.010103608059244325,0.010352810805683827,0.0899110428540581,0.022337143256508714,0.04060844078963322,0.0721630891849811,0.731802836178215,8,5,3,5,14,14,5,27
deepseek-coder-6.7b,command_exec_assign_chain_00_unsafe,command_exec_assign_chain_00,unsafe,clean_heldout,clean,-1,19,5723, safe,54.092384338378906,0.9999999763434866,81,0.05893175123390391,0.030132029124095537,0.029217464870753825,0.06167540101965135,0.05954246193120303,0.04234456703881319,0.07015795402928238,0.6479983470957834,8,5,3,5,14,14,5,27
deepseek-coder-6.7b,command_exec_assign_chain_00_unsafe,command_exec_assign_chain_00,unsafe,clean_heldout,clean,-1,23,24281, vulnerable,180.74215698242188,1.0000002440969706,81,0.017739660266839468,0.007448812497121704,0.009930733402940772,0.07262354943997286,0.022259468912734504,0.03598043254936602,0.04342181063144538,0.7905957763965501,8,5,3,5,14,14,5,27
deepseek-coder-6.7b,command_exec_assign_chain_00_unsafe,command_exec_assign_chain_00,unsafe,clean_heldout,clean,-1,23,5723, safe,54.092384338378906,1.0000000462111223,81,0.04322248087913507,0.031478441687479736,0.04082734008914249,0.11146657104324234,0.06211223355391362,0.03974135013352703,0.08152282076952924,0.5896288080551528,8,5,3,5,14,14,5,27
deepseek-coder-6.7b,command_exec_assign_chain_00_unsafe,command_exec_assign_chain_00,unsafe,clean_heldout,clean,-1,27,24281, vulnerable,180.74215698242188,1.0000002952330498,81,0.01671061367188562,0.00614661969149442,0.012848445084678028,0.05842785557307238,0.024186563927463753,0.02787942703714254,0.010007760538323678,0.8437930097089894,8,5,3,5,14,14,5,27
deepseek-coder-6.7b,command_exec_assign_chain_00_unsafe,command_exec_assign_chain_00,unsafe,clean_heldout,clean,-1,27,5723, safe,54.092384338378906,1.00000035925532,81,0.03999043021787421,0.017960455991950702,0.03797719040157915,0.10748120181679907,0.07922981100195856,0.04377695339810704,0.03924886980073828,0.6343354466263129,8,5,3,5,14,14,5,27
deepseek-coder-6.7b,command_exec_assign_chain_00_safe,command_exec_assign_chain_00,safe,clean_heldout,clean,-1,0,24281, vulnerable,167.31898498535156,1.0000006227408662,82,0.06796752805640281,0.026422665629132022,0.004521472734176457,0.04387139376032165,-0.0003810347639424023,0.03958638784499857,0.329819057318739,0.48819315216103804,8,5,4,5,14,14,5,27
deepseek-coder-6.7b,command_exec_assign_chain_00_safe,command_exec_assign_chain_00,safe,clean_heldout,clean,-1,0,5723, safe,42.916893005371094,1.0000006575283538,82,0.1537318742096952,0.028574734741795095,0.022882719240171198,-0.006912806774484406,0.02198311594196578,0.07295391049040252,0.40759149377448023,0.29919561590432825,8,5,4,5,14,14,5,27
deepseek-coder-6.7b,command_exec_assign_chain_00_safe,command_exec_assign_chain_00,safe,clean_heldout,clean,-1,3,24281, vulnerable,167.31898498535156,1.0000000441729666,82,0.07167899994242981,0.02818274746186123,0.006453148552740858,0.046615817255285415,0.001979957227401838,0.032774681198783295,0.30905648106280403,0.5032582114716602,8,5,4,5,14,14,5,27
deepseek-coder-6.7b,command_exec_assign_chain_00_safe,command_exec_assign_chain_00,safe,clean_heldout,clean,-1,3,5723, safe,42.916893005371094,1.0000003538175262,82,0.15222015403726386,0.03013445518932828,0.026221444756221464,-0.003104744724045958,0.032573834255542645,0.05177246526980893,0.3893140861983115,0.3208686588350956,8,5,4,5,14,14,5,27
deepseek-coder-6.7b,command_exec_assign_chain_00_safe,command_exec_assign_chain_00,safe,clean_heldout,clean,-1,7,24281, vulnerable,167.31898498535156,1.00000003508901,82,0.08912373830180147,0.037052643551996244,-0.001451476774271615,0.06036598296090792,0.003237585367962978,0.02552534241804398,0.27699429516679575,0.5091519240957731,8,5,4,5,14,14,5,27
deepseek-coder-6.7b,command_exec_assign_chain_00_safe,command_exec_assign_chain_00,safe,clean_heldout,clean,-1,7,5723, safe,42.916893005371094,1.0000003525263401,82,0.1869921047877072,0.07690991746208982,-0.006080722393762946,0.02437159441457046,0.033311086924086616,0.022217882729909925,0.35785564892891425,0.30442283967282496,8,5,4,5,14,14,5,27
deepseek-coder-6.7b,command_exec_assign_chain_00_safe,command_exec_assign_chain_00,safe,clean_heldout,clean,-1,11,24281, vulnerable,167.31898498535156,1.0000000950253134,82,0.08945542366856636,0.029585243073177246,-3.315697689608953e-05,0.07438361241756697,0.010273792011212958,0.03161734584209583,0.2058328381258779,0.5588849968637124,8,5,4,5,14,14,5,27
deepseek-coder-6.7b,command_exec_assign_chain_00_safe,command_exec_assign_chain_00,safe,clean_heldout,clean,-1,11,5723, safe,42.916893005371094,1.0000003617924988,82,0.20470700992090862,0.0781408980373686,0.0020165577802258895,0.0618040938644792,0.017833778447362253,0.039654511924877976,0.2646923114374717,0.3311512003798045,8,5,4,5,14,14,5,27
deepseek-coder-6.7b,command_exec_assign_chain_00_safe,command_exec_assign_chain_00,safe,clean_heldout,clean,-1,15,24281, vulnerable,167.31898498535156,1.0000000450078892,82,0.06843246852453833,0.01423861362841924,0.010571006255322415,0.044599950055443344,0.015897528101516227,0.04459398250806164,0.13346146785275015,0.6682050280818379,8,5,4,5,14,14,5,27
deepseek-coder-6.7b,command_exec_assign_chain_00_safe,command_exec_assign_chain_00,safe,clean_heldout,clean,-1,15,5723, safe,42.916893005371094,1.000000367174249,82,0.15505364248076914,0.05473933424047096,0.020598642034563023,0.06446934707081349,0.04060498817012137,0.03132067852567943,0.1518996271390117,0.48131410751281994,8,5,4,5,14,14,5,27
deepseek-coder-6.7b,command_exec_assign_chain_00_safe,command_exec_assign_chain_00,safe,clean_heldout,clean,-1,19,24281, vulnerable,167.31898498535156,1.0000000276081042,82,0.022898516355335883,0.009321368245214564,0.012927075855277552,0.060014569288182336,0.013505855402104748,0.04058528348672168,0.06746870923832628,0.773278649736941,8,5,4,5,14,14,5,27
deepseek-coder-6.7b,command_exec_assign_chain_00_safe,command_exec_assign_chain_00,safe,clean_heldout,clean,-1,19,5723, safe,42.916893005371094,1.0000003023762403,82,0.07362362807451125,0.05032954286410864,0.03787135027893661,0.043342624875326724,0.05344890324992772,0.03039261922316959,0.08741383283189957,0.6235778009783601,8,5,4,5,14,14,5,27
deepseek-coder-6.7b,command_exec_assign_chain_00_safe,command_exec_assign_chain_00,safe,clean_heldout,clean,-1,23,24281, vulnerable,167.31898498535156,1.0000000179786646,82,0.016723317601423354,0.006900563730306893,0.01201356964183396,0.051607578459082995,0.012299632549634513,0.036784867840514664,0.039494334610761385,0.8241761535451069,8,5,4,5,14,14,5,27
deepseek-coder-6.7b,command_exec_assign_chain_00_safe,command_exec_assign_chain_00,safe,clean_heldout,clean,-1,23,5723, safe,42.916893005371094,1.0000000946580423,82,0.049566851465182686,0.049190380589792713,0.049818910424210466,0.10204865259418194,0.057427752539622234,0.02638939893799721,0.09430489733548283,0.5712532507715722,8,5,4,5,14,14,5,27
deepseek-coder-6.7b,command_exec_assign_chain_00_safe,command_exec_assign_chain_00,safe,clean_heldout,clean,-1,27,24281, vulnerable,167.31898498535156,0.9999999627401917,82,0.016689526951742348,0.006034583109319395,0.014100121113831954,0.05087794391164057,0.01489525682357343,0.02748785073358716,0.007340463492091774,0.862574216604405,8,5,4,5,14,14,5,27
deepseek-coder-6.7b,command_exec_assign_chain_00_safe,command_exec_assign_chain_00,safe,clean_heldout,clean,-1,27,5723, safe,42.916893005371094,1.0000001577200026,82,0.04301384698361108,0.02183052709108898,0.05230959970466843,0.11323697520893913,0.07890508660448564,0.030670631933055352,0.049159848792345806,0.6108736414018081,8,5,4,5,14,14,5,27
deepseek-coder-6.7b,command_exec_assign_chain_02_unsafe,command_exec_assign_chain_02,unsafe,clean_heldout,clean,-1,0,24281, vulnerable,170.84552001953125,1.0000004780532992,81,0.07711942652895781,0.007370545437780424,0.005358410466545579,0.03483746825579563,0.035586395594726615,0.027869367356582773,0.31990823158037907,0.4919506328325314,8,5,3,5,14,14,5,27
deepseek-coder-6.7b,command_exec_assign_chain_02_unsafe,command_exec_assign_chain_02,unsafe,clean_heldout,clean,-1,0,5723, safe,51.98341369628906,1.000000450052951,81,0.11656813541075017,0.02665101476722188,0.013711771256661339,-0.004577109153245839,0.07823354591720319,0.053168578349279544,0.38243598803564066,0.33380852546944,8,5,3,5,14,14,5,27
deepseek-coder-6.7b,command_exec_assign_chain_02_unsafe,command_exec_assign_chain_02,unsafe,clean_heldout,clean,-1,3,24281, vulnerable,170.84552001953125,0.9999999825995926,81,0.07479804453903673,0.01959090313215958,0.0054935631380100556,0.035147965836095495,0.026763774969841107,0.03156067097383368,0.2969397098039486,0.5097053502066672,8,5,3,5,14,14,5,27
deepseek-coder-6.7b,command_exec_assign_chain_02_unsafe,command_exec_assign_chain_02,unsafe,clean_heldout,clean,-1,3,5723, safe,51.98341369628906,1.0000001355148394,81,0.1120526218726013,0.03670403155486037,0.019087703051250116,-0.004335062952727054,0.06518610093791921,0.061762992298537614,0.3626102934566607,0.3469314552957371,8,5,3,5,14,14,5,27
deepseek-coder-6.7b,command_exec_assign_chain_02_unsafe,command_exec_assign_chain_02,unsafe,clean_heldout,clean,-1,7,24281, vulnerable,170.84552001953125,0.999999893242613,81,0.07473184388213357,0.04095903800279408,-0.0024081161306381523,0.0431486100311016,0.015206742961096125,0.03343195160926839,0.2717050465310933,0.523224776355764,8,5,3,5,14,14,5,27
deepseek-coder-6.7b,command_exec_assign_chain_02_unsafe,command_exec_assign_chain_02,unsafe,clean_heldout,clean,-1,7,5723, safe,51.98341369628906,1.0000001922898956,81,0.1307907380596506,0.06332452731965402,0.002642624645789579,0.020246954102254768,0.040259981804492036,0.06859652030742967,0.33848142397840814,0.33565742207221666,8,5,3,5,14,14,5,27
deepseek-coder-6.7b,command_exec_assign_chain_02_unsafe,command_exec_assign_chain_02,unsafe,clean_heldout,clean,-1,11,24281, vulnerable,170.84552001953125,1.0000000111641711,81,0.0869087073610717,0.02974946701130314,0.002599220531801722,0.06066399029572282,0.00638481497272995,0.0382347958487838,0.20069155144911724,0.5747674636936408,8,5,3,5,14,14,5,27
deepseek-coder-6.7b,command_exec_assign_chain_02_unsafe,command_exec_assign_chain_02,unsafe,clean_heldout,clean,-1,11,5723, safe,51.98341369628906,1.0000001225259103,81,0.15669523009895145,0.053551357346442466,0.023560470579643823,0.06364133736517713,0.027733696350857557,0.08007222763211413,0.23568328706078456,0.3590625160919393,8,5,3,5,14,14,5,27
deepseek-coder-6.7b,command_exec_assign_chain_02_unsafe,command_exec_assign_chain_02,unsafe,clean_heldout,clean,-1,15,24281, vulnerable,170.84552001953125,0.9999999788927388,81,0.07496466299090425,0.021835102671188725,0.008301428204998542,0.04282987660682567,0.020392739637064627,0.03997416792029611,0.12929263777837638,0.6624093630830845,8,5,3,5,14,14,5,27
deepseek-coder-6.7b,command_exec_assign_chain_02_unsafe,command_exec_assign_chain_02,unsafe,clean_heldout,clean,-1,15,5723, safe,51.98341369628906,1.0000002673748627,81,0.14189720098549657,0.04451703204964505,0.03269933199482797,0.08348576925348973,0.04262801194665572,0.08720839707618858,0.13782556870425489,0.42973895536430423,8,5,3,5,14,14,5,27
deepseek-coder-6.7b,command_exec_assign_chain_02_unsafe,command_exec_assign_chain_02,unsafe,clean_heldout,clean,-1,19,24281, vulnerable,170.84552001953125,1.0000000344737396,81,0.025226202793544133,0.017993453537248183,0.010573071326488638,0.057241994507065894,0.0220304840837798,0.02497071760440672,0.06693038045033721,0.775033730170869,8,5,3,5,14,14,5,27
deepseek-coder-6.7b,command_exec_assign_chain_02_unsafe,command_exec_assign_chain_02,unsafe,clean_heldout,clean,-1,19,5723, safe,51.98341369628906,1.0000003715729466,81,0.06954863402417896,0.04232306586341668,0.040679726496168675,0.05237158364438539,0.0585862591323959,0.10229943514261797,0.07902701658234963,0.5551646506874333,8,5,3,5,14,14,5,27
deepseek-coder-6.7b,command_exec_assign_chain_02_unsafe,command_exec_assign_chain_02,unsafe,clean_heldout,clean,-1,23,24281, vulnerable,170.84552001953125,0.9999998472558219,81,0.022290054291127268,0.015637073615043257,0.011452296645012492,0.05372331708310998,0.01976852003705255,0.02803445793056864,0.039034365678056605,0.8100597619758511,8,5,3,5,14,14,5,27
deepseek-coder-6.7b,command_exec_assign_chain_02_unsafe,command_exec_assign_chain_02,unsafe,clean_heldout,clean,-1,23,5723, safe,51.98341369628906,1.000000438972051,81,0.0448296894002176,0.038416085401884584,0.05003539495677376,0.09808938953808355,0.05925111865457462,0.10819925261509386,0.0788057164782926,0.5223737919271304,8,5,3,5,14,14,5,27
deepseek-coder-6.7b,command_exec_assign_chain_02_unsafe,command_exec_assign_chain_02,unsafe,clean_heldout,clean,-1,27,24281, vulnerable,170.84552001953125,0.9999999844966294,81,0.01742443254328522,0.015680006482001525,0.01374767928629039,0.05311000766939486,0.01938410116492991,0.02399450025609771,0.008331010860103825,0.8483282462345261,8,5,3,5,14,14,5,27
deepseek-coder-6.7b,command_exec_assign_chain_02_unsafe,command_exec_assign_chain_02,unsafe,clean_heldout,clean,-1,27,5723, safe,51.98341369628906,1.000000263720047,81,0.03142835630426671,0.030503916494950517,0.052154216122201724,0.10393695131324328,0.05761381345998684,0.09042928532692847,0.04067307387133323,0.5932606508271362,8,5,3,5,14,14,5,27
deepseek-coder-6.7b,command_exec_assign_chain_02_safe,command_exec_assign_chain_02,safe,clean_heldout,clean,-1,0,24281, vulnerable,175.23907470703125,1.0000002451723344,81,0.06573421275505535,0.017213902609322,0.007579456649080307,0.04739295583962836,0.03386282680061888,0.02273875865582787,0.31996569702608335,0.4855124348367181,8,5,3,5,14,14,5,27
deepseek-coder-6.7b,command_exec_assign_chain_02_safe,command_exec_assign_chain_02,safe,clean_heldout,clean,-1,0,5723, safe,66.0750732421875,1.0000003311741348,81,0.09065178703737141,0.0019101862493926501,0.02482754778411799,0.028200566157169166,0.04687185232346847,0.0803931266287498,0.369698015086613,0.35744724990725235,8,5,3,5,14,14,5,27
deepseek-coder-6.7b,command_exec_assign_chain_02_safe,command_exec_assign_chain_02,safe,clean_heldout,clean,-1,3,24281, vulnerable,175.23907470703125,1.0000000531458282,81,0.06473494635727793,0.027212977079401936,0.007614590123074269,0.04973184897419715,0.031201382196426073,0.024655177129096227,0.29598620447634144,0.49886292681001304,8,5,3,5,14,14,5,27
deepseek-coder-6.7b,command_exec_assign_chain_02_safe,command_exec_assign_chain_02,safe,clean_heldout,clean,-1,3,5723, safe,66.0750732421875,0.9999999854258573,81,0.08546272218647481,0.012190113292053249,0.026486627137469354,0.03286234574407197,0.04893944819313268,0.07679864556043774,0.3456497957031978,0.3716102876090197,8,5,3,5,14,14,5,27
deepseek-coder-6.7b,command_exec_assign_chain_02_safe,command_exec_assign_chain_02,safe,clean_heldout,clean,-1,7,24281, vulnerable,175.23907470703125,1.0000000490217118,81,0.07027890673462193,0.05003464550175507,0.005774713780821193,0.05844236925308599,0.02229945360360837,0.02571010285505824,0.27002971399066983,0.4974301433020914,8,5,3,5,14,14,5,27
deepseek-coder-6.7b,command_exec_assign_chain_02_safe,command_exec_assign_chain_02,safe,clean_heldout,clean,-1,7,5723, safe,66.0750732421875,1.0000000344479736,81,0.10679118289578962,0.04576960207909286,0.02682346066274973,0.05316462691905184,0.04326207161902875,0.057051246986601786,0.3119731821234045,0.3551646611622544,8,5,3,5,14,14,5,27
deepseek-coder-6.7b,command_exec_assign_chain_02_safe,command_exec_assign_chain_02,safe,clean_heldout,clean,-1,11,24281, vulnerable,175.23907470703125,1.0000000554417279,81,0.08081755489648063,0.03565345877124271,0.008850031904231438,0.08254686759325726,0.01142234876504102,0.034233723988435126,0.19711466907957775,0.549361400443462,8,5,3,5,14,14,5,27
deepseek-coder-6.7b,command_exec_assign_chain_02_safe,command_exec_assign_chain_02,safe,clean_heldout,clean,-1,11,5723, safe,66.0750732421875,1.0000002183020513,81,0.13298470784387487,0.03504792166632489,0.048195102498838994,0.08151181019149731,0.03429661006745772,0.05226973864732269,0.22036931410116078,0.395325013285574,8,5,3,5,14,14,5,27
deepseek-coder-6.7b,command_exec_assign_chain_02_safe,command_exec_assign_chain_02,safe,clean_heldout,clean,-1,15,24281, vulnerable,175.23907470703125,1.0000000590769025,81,0.06773361170005873,0.023367829135620386,0.01780350701840303,0.06205227675489626,0.03230838972852291,0.035554479662057215,0.12638148201009397,0.63479848306725,8,5,3,5,14,14,5,27
deepseek-coder-6.7b,command_exec_assign_chain_02_safe,command_exec_assign_chain_02,safe,clean_heldout,clean,-1,15,5723, safe,66.0750732421875,1.0000001814861321,81,0.12039320202865464,0.03155501239298942,0.03732972701591877,0.09242722803692288,0.05069495624774049,0.06485806786324479,0.13204366723718194,0.47069832066347916,8,5,3,5,14,14,5,27
deepseek-coder-6.7b,command_exec_assign_chain_02_safe,command_exec_assign_chain_02,safe,clean_heldout,clean,-1,19,24281, vulnerable,175.23907470703125,1.0000001009132984,81,0.02748269700406453,0.017986795245026804,0.0075593391249163654,0.06868572626878539,0.02198172577689548,0.026480387880076648,0.06833773350858524,0.7614856961049479,8,5,3,5,14,14,5,27
deepseek-coder-6.7b,command_exec_assign_chain_02_safe,command_exec_assign_chain_02,safe,clean_heldout,clean,-1,19,5723, safe,66.0750732421875,1.0000003193344058,81,0.06250863533455624,0.033113923353911605,0.022721535348348587,0.044979491406303404,0.05083754565634052,0.0791109485861359,0.07787424130475146,0.628853998344058,8,5,3,5,14,14,5,27
deepseek-coder-6.7b,command_exec_assign_chain_02_safe,command_exec_assign_chain_02,safe,clean_heldout,clean,-1,23,24281, vulnerable,175.23907470703125,1.0000000721082596,81,0.02429892622998786,0.01579024015849058,0.007470573857339321,0.05917096165229421,0.019209192722802606,0.029580084079883755,0.03915866435731938,0.8053214290501419,8,5,3,5,14,14,5,27
deepseek-coder-6.7b,command_exec_assign_chain_02_safe,command_exec_assign_chain_02,safe,clean_heldout,clean,-1,23,5723, safe,66.0750732421875,1.0000003286934296,81,0.04318851087516232,0.030688180106961078,0.035125785136859,0.08599393085477008,0.049343087361262375,0.0848634955152676,0.08075684592346574,0.5900404929196814,8,5,3,5,14,14,5,27
deepseek-coder-6.7b,command_exec_assign_chain_02_safe,command_exec_assign_chain_02,safe,clean_heldout,clean,-1,27,24281, vulnerable,175.23907470703125,1.000000126104421,81,0.018313594660693305,0.016047991196233197,0.009069166056562763,0.054443851802985124,0.02076850934722091,0.026371242292844724,0.00493609268078417,0.8500496780670967,8,5,3,5,14,14,5,27
deepseek-coder-6.7b,command_exec_assign_chain_02_safe,command_exec_assign_chain_02,safe,clean_heldout,clean,-1,27,5723, safe,66.0750732421875,1.0000003921205494,81,0.030120801968560578,0.026989665425729555,0.029907074111893854,0.0824743580606268,0.05027127955039404,0.07355683089237723,0.039537454225487705,0.6671429278854797,8,5,3,5,14,14,5,27
deepseek-coder-6.7b,command_exec_assign_chain_03_unsafe,command_exec_assign_chain_03,unsafe,clean_heldout,clean,-1,0,24281, vulnerable,170.9277801513672,1.0000004958799993,86,0.07651267446585958,0.004603101352692972,0.007289400029937941,0.056499499502786266,0.03287237439167323,0.005701280370427247,0.3384624877855793,0.47805967798104293,8,5,3,10,14,14,5,27
deepseek-coder-6.7b,command_exec_assign_chain_03_unsafe,command_exec_assign_chain_03,unsafe,clean_heldout,clean,-1,0,5723, safe,56.1058464050293,1.0000007017888213,86,0.12602283341994266,0.014085982526563607,0.005926539964886685,0.024478276558923352,0.07314873169794776,0.012801502221867853,0.4154520382804586,0.3280847971182306,8,5,3,10,14,14,5,27
deepseek-coder-6.7b,command_exec_assign_chain_03_unsafe,command_exec_assign_chain_03,unsafe,clean_heldout,clean,-1,3,24281, vulnerable,170.9277801513672,1.00000018218046,86,0.07258370707031729,0.018007556534601246,0.008765325207723263,0.05621207309255072,0.03228417395928778,0.005925191510645091,0.31184885918276045,0.49437329562257404,8,5,3,10,14,14,5,27
deepseek-coder-6.7b,command_exec_assign_chain_03_unsafe,command_exec_assign_chain_03,unsafe,clean_heldout,clean,-1,3,5723, safe,56.1058464050293,1.0000003166498783,86,0.12171675176331473,0.025541651122913532,0.009735854201255714,0.03338543366089624,0.07553025994731218,0.010450175541901469,0.3884148606053614,0.335225329806923,8,5,3,10,14,14,5,27
deepseek-coder-6.7b,command_exec_assign_chain_03_unsafe,command_exec_assign_chain_03,unsafe,clean_heldout,clean,-1,7,24281, vulnerable,170.9277801513672,1.0000001306255037,86,0.07218656687512771,0.036504002691658384,0.006481135703706296,0.06514432904176362,0.02689014915108981,0.00870345738608061,0.27990514545750317,0.5041853443185743,8,5,3,10,14,14,5,27
deepseek-coder-6.7b,command_exec_assign_chain_03_unsafe,command_exec_assign_chain_03,unsafe,clean_heldout,clean,-1,7,5723, safe,56.1058464050293,1.0000003352079914,86,0.14039737309109507,0.049834234339834804,0.0017400803856875778,0.049676156930745854,0.06385330447776186,0.013528014068245352,0.351425883604467,0.32954528831015373,8,5,3,10,14,14,5,27
deepseek-coder-6.7b,command_exec_assign_chain_03_unsafe,command_exec_assign_chain_03,unsafe,clean_heldout,clean,-1,11,24281, vulnerable,170.9277801513672,1.0000001423073708,86,0.08818207973644346,0.024131150085235364,0.013035591425351701,0.075133393112504,0.026778416255673943,0.029792585023857343,0.20625646638416456,0.5366904602841407,8,5,3,10,14,14,5,27
deepseek-coder-6.7b,command_exec_assign_chain_03_unsafe,command_exec_assign_chain_03,unsafe,clean_heldout,clean,-1,11,5723, safe,56.1058464050293,1.0000003979868672,86,0.16015126633328544,0.03626301070992141,0.018935718758981198,0.05722579862283721,0.06220991338802898,0.05476952838667239,0.2411826188818989,0.3692625429052417,8,5,3,10,14,14,5,27
deepseek-coder-6.7b,command_exec_assign_chain_03_unsafe,command_exec_assign_chain_03,unsafe,clean_heldout,clean,-1,15,24281, vulnerable,170.9277801513672,1.0000001175160953,86,0.0786197674759029,0.014758467785090337,0.016975763126228418,0.049757313867700444,0.03521786871018708,0.04177265697274142,0.13615211284482137,0.6267461667334232,8,5,3,10,14,14,5,27
deepseek-coder-6.7b,command_exec_assign_chain_03_unsafe,command_exec_assign_chain_03,unsafe,clean_heldout,clean,-1,15,5723, safe,56.1058464050293,1.0000003533013215,86,0.1475566336879176,0.032231215440557404,0.034107020635582685,0.048919477261521106,0.0674628164256139,0.07375280471716696,0.14611028049143412,0.4498601046415277,8,5,3,10,14,14,5,27
deepseek-coder-6.7b,command_exec_assign_chain_03_unsafe,command_exec_assign_chain_03,unsafe,clean_heldout,clean,-1,19,24281, vulnerable,170.9277801513672,1.0000001120293227,86,0.02744047006168885,0.013301539829471411,0.011548748496686686,0.06056045049005098,0.031243400834852747,0.033995312766974255,0.0730861190641107,0.7488240704854872,8,5,3,10,14,14,5,27
deepseek-coder-6.7b,command_exec_assign_chain_03_unsafe,command_exec_assign_chain_03,unsafe,clean_heldout,clean,-1,19,5723, safe,56.1058464050293,1.0000005070116313,86,0.07565389077634496,0.03329222724801213,0.02753323928948366,0.04072685219619442,0.08044155818802676,0.06861397478162284,0.09202637398760427,0.5817123905443424,8,5,3,10,14,14,5,27
deepseek-coder-6.7b,command_exec_assign_chain_03_unsafe,command_exec_assign_chain_03,unsafe,clean_heldout,clean,-1,23,24281, vulnerable,170.9277801513672,1.0000001926854225,86,0.021397372769654706,0.010851675406465366,0.009618467649204071,0.05536548701176408,0.03053889674773224,0.033336279889594624,0.043166575531133136,0.7957254376798742,8,5,3,10,14,14,5,27
deepseek-coder-6.7b,command_exec_assign_chain_03_unsafe,command_exec_assign_chain_03,unsafe,clean_heldout,clean,-1,23,5723, safe,56.1058464050293,1.0000005395132283,86,0.0530417920012345,0.02899073253278479,0.03243632541579437,0.07850238610031772,0.07743072074083626,0.07137307298609903,0.0922337648512073,0.5659917448849544,8,5,3,10,14,14,5,27
deepseek-coder-6.7b,command_exec_assign_chain_03_unsafe,command_exec_assign_chain_03,unsafe,clean_heldout,clean,-1,27,24281, vulnerable,170.9277801513672,1.0000001653768789,86,0.016699293805995684,0.01092470682126408,0.008229144510640048,0.05882839930418643,0.02134679017642914,0.019177849417503473,0.009084734128908045,0.8557092472119519,8,5,3,10,14,14,5,27
deepseek-coder-6.7b,command_exec_assign_chain_03_unsafe,command_exec_assign_chain_03,unsafe,clean_heldout,clean,-1,27,5723, safe,56.1058464050293,1.0000004264050153,86,0.04279412386671188,0.023181680229938703,0.03915272894790394,0.10528140096888824,0.0789268917475636,0.08401158272082432,0.050890274498530064,0.5757617434246547,8,5,3,10,14,14,5,27
deepseek-coder-6.7b,command_exec_assign_chain_03_safe,command_exec_assign_chain_03,safe,clean_heldout,clean,-1,0,24281, vulnerable,190.60049438476562,1.00000040867169,86,0.05613817830197518,0.011521371106767297,0.004843365804341843,0.05851538135335581,0.043065292836716354,0.020235336644842367,0.3404102841119512,0.4652711985117402,8,5,3,10,14,14,5,27
deepseek-coder-6.7b,command_exec_assign_chain_03_safe,command_exec_assign_chain_03,safe,clean_heldout,clean,-1,0,5723, safe,62.99179458618164,1.0000000405991258,86,0.08972840980575907,0.003745327011647425,0.01422444755297609,0.049875723314261,0.053883967455176845,0.05722746729572405,0.3793002958297021,0.3520144023338791,8,5,3,10,14,14,5,27
deepseek-coder-6.7b,command_exec_assign_chain_03_safe,command_exec_assign_chain_03,safe,clean_heldout,clean,-1,3,24281, vulnerable,190.60049438476562,1.0000002036786437,86,0.0546264630944708,0.020592548757498684,0.0037449027403325093,0.06069128954966194,0.046995082662240145,0.017813597604490417,0.31442117217737553,0.4811151470925739,8,5,3,10,14,14,5,27
deepseek-coder-6.7b,command_exec_assign_chain_03_safe,command_exec_assign_chain_03,safe,clean_heldout,clean,-1,3,5723, safe,62.99179458618164,0.9999999293728974,86,0.08597641791388697,0.012251195262864154,0.017530731641598834,0.0601666709587601,0.05566426966494905,0.05142805480932174,0.35184263503221197,0.3651399540893045,8,5,3,10,14,14,5,27
deepseek-coder-6.7b,command_exec_assign_chain_03_safe,command_exec_assign_chain_03,safe,clean_heldout,clean,-1,7,24281, vulnerable,190.60049438476562,1.0000001409977677,86,0.0644625789257266,0.040373585821239344,-0.0006312049837869784,0.07560430562747844,0.040021950757619724,0.013154476206022619,0.282632167772052,0.4843822808714158,8,5,3,10,14,14,5,27
deepseek-coder-6.7b,command_exec_assign_chain_03_safe,command_exec_assign_chain_03,safe,clean_heldout,clean,-1,7,5723, safe,62.99179458618164,0.9999999327881917,86,0.1102398154318821,0.04389177186326544,0.01839575117797148,0.07544800139955554,0.06263321803257317,0.02406029277722503,0.3142540520806404,0.35107703002507856,8,5,3,10,14,14,5,27
deepseek-coder-6.7b,command_exec_assign_chain_03_safe,command_exec_assign_chain_03,safe,clean_heldout,clean,-1,11,24281, vulnerable,190.60049438476562,1.0000001581778393,86,0.07792992820081891,0.026846579440784446,0.005925312779972235,0.09507449675334781,0.04011920952838481,0.03185785298589651,0.20771176816143438,0.5145350103272004,8,5,3,10,14,14,5,27
deepseek-coder-6.7b,command_exec_assign_chain_03_safe,command_exec_assign_chain_03,safe,clean_heldout,clean,-1,11,5723, safe,62.99179458618164,1.000000039652897,86,0.13195584330692461,0.026539680795647842,0.04045422336431271,0.08496941210177926,0.06439654974864079,0.04427355944782763,0.21351498869430796,0.3938957821934562,8,5,3,10,14,14,5,27
deepseek-coder-6.7b,command_exec_assign_chain_03_safe,command_exec_assign_chain_03,safe,clean_heldout,clean,-1,15,24281, vulnerable,190.60049438476562,1.0000001958410911,86,0.07137511265186099,0.014888929343568957,0.015177187650155782,0.07419801023299893,0.05215804539356886,0.03808978403793404,0.1427820882192587,0.5913310383117448,8,5,3,10,14,14,5,27
deepseek-coder-6.7b,command_exec_assign_chain_03_safe,command_exec_assign_chain_03,safe,clean_heldout,clean,-1,15,5723, safe,62.99179458618164,1.0000001448321325,86,0.1307468389545526,0.021351336780452108,0.03862051550324591,0.06316938076192728,0.07289170674995585,0.06798867901971278,0.13330525522634668,0.4719264318359393,8,5,3,10,14,14,5,27
deepseek-coder-6.7b,command_exec_assign_chain_03_safe,command_exec_assign_chain_03,safe,clean_heldout,clean,-1,19,24281, vulnerable,190.60049438476562,1.0000001620672982,86,0.029276266810067356,0.012581401314347932,0.008974020299070289,0.07160512512073255,0.02938465269700699,0.02857156884100461,0.08795943816499849,0.73164768882007,8,5,3,10,14,14,5,27
deepseek-coder-6.7b,command_exec_assign_chain_03_safe,command_exec_assign_chain_03,safe,clean_heldout,clean,-1,19,5723, safe,62.99179458618164,1.0000001356951116,86,0.08363937114003028,0.027067112938785935,0.01809242100473926,0.0054821168053035595,0.08235386647300505,0.06292630655147263,0.08019966039018778,0.6402392803915871,8,5,3,10,14,14,5,27
deepseek-coder-6.7b,command_exec_assign_chain_03_safe,command_exec_assign_chain_03,safe,clean_heldout,clean,-1,23,24281, vulnerable,190.60049438476562,1.0000001364046882,86,0.021437505379727412,0.01141461113087448,0.007877608992983377,0.05613844833595871,0.02845880881788602,0.02836355954871212,0.051674645394812736,0.7946349488037332,8,5,3,10,14,14,5,27
deepseek-coder-6.7b,command_exec_assign_chain_03_safe,command_exec_assign_chain_03,safe,clean_heldout,clean,-1,23,5723, safe,62.99179458618164,1.0000000343303606,86,0.05273887964007095,0.024231047141053966,0.021062127178316906,0.06425345240819295,0.07283861332456716,0.06803056126117277,0.0946333622243454,0.6022119911526403,8,5,3,10,14,14,5,27
deepseek-coder-6.7b,command_exec_assign_chain_03_safe,command_exec_assign_chain_03,safe,clean_heldout,clean,-1,27,24281, vulnerable,190.60049438476562,1.000000173110234,86,0.01755109095505602,0.011645064027205887,0.006373141547632476,0.05337019595048695,0.02057592622694586,0.020429127693127255,0.011889179204591052,0.8581664475051884,8,5,3,10,14,14,5,27
deepseek-coder-6.7b,command_exec_assign_chain_03_safe,command_exec_assign_chain_03,safe,clean_heldout,clean,-1,27,5723, safe,62.99179458618164,1.0000002415248792,86,0.04216897265253676,0.024019684721437232,0.026871646925004967,0.09219577675718305,0.06911590880815015,0.06983938233126652,0.049370590233551045,0.6264182790957495,8,5,3,10,14,14,5,27
deepseek-coder-6.7b,command_exec_assign_chain_06_unsafe,command_exec_assign_chain_06,unsafe,clean_heldout,clean,-1,0,24281, vulnerable,179.48147583007812,1.0000004624818135,81,0.07521905503193285,0.013981911832073214,0.005127542134465188,0.039813960592039,0.02005179193021635,0.044833396440272635,0.3194738971408858,0.48149890737992845,8,5,3,5,14,14,5,27
deepseek-coder-6.7b,command_exec_assign_chain_06_unsafe,command_exec_assign_chain_06,unsafe,clean_heldout,clean,-1,0,5723, safe,52.17176055908203,1.0000012940252103,81,0.11863739946359868,0.0313632985566991,0.010833735793917405,0.013629130967751086,0.03129292829115665,0.07742710680194165,0.38490394578070114,0.3319137483694447,8,5,3,5,14,14,5,27
deepseek-coder-6.7b,command_exec_assign_chain_06_unsafe,command_exec_assign_chain_06,unsafe,clean_heldout,clean,-1,3,24281, vulnerable,179.48147583007812,1.000000022312537,81,0.07386957012859321,0.020288467268097514,0.00524018287824576,0.04142545072058673,0.01606125681982714,0.04612273852279561,0.298818445136505,0.498173910837886,8,5,3,5,14,14,5,27
deepseek-coder-6.7b,command_exec_assign_chain_06_unsafe,command_exec_assign_chain_06,unsafe,clean_heldout,clean,-1,3,5723, safe,52.17176055908203,1.0000006398543198,81,0.11670970326393115,0.03219191239997268,0.015296813571129128,0.019148539857269185,0.030306402600335507,0.06979001892576116,0.3695111778392505,0.3470460713966705,8,5,3,5,14,14,5,27
deepseek-coder-6.7b,command_exec_assign_chain_06_unsafe,command_exec_assign_chain_06,unsafe,clean_heldout,clean,-1,7,24281, vulnerable,179.48147583007812,0.9999999815688067,81,0.07938935665925566,0.04206924964780016,0.00041177695713662396,0.05012102373205504,0.004419071615988532,0.04346320271093246,0.2672867736619381,0.5128395265837,8,5,3,5,14,14,5,27
deepseek-coder-6.7b,command_exec_assign_chain_06_unsafe,command_exec_assign_chain_06,unsafe,clean_heldout,clean,-1,7,5723, safe,52.17176055908203,1.000000645334603,81,0.14318959637896395,0.0720506987836959,0.003812678178399481,0.03875268083893674,0.0139747702782611,0.029503561297902738,0.33991967966489856,0.3587969799135446,8,5,3,5,14,14,5,27
deepseek-coder-6.7b,command_exec_assign_chain_06_unsafe,command_exec_assign_chain_06,unsafe,clean_heldout,clean,-1,11,24281, vulnerable,179.48147583007812,1.0000001519042707,81,0.0878915801011188,0.032977222331408686,0.006971824793960645,0.06600389638482829,0.011357347935714879,0.049684077382189024,0.19179662250925572,0.5533175804657947,8,5,3,5,14,14,5,27
deepseek-coder-6.7b,command_exec_assign_chain_06_unsafe,command_exec_assign_chain_06,unsafe,clean_heldout,clean,-1,11,5723, safe,52.17176055908203,1.0000006343918875,81,0.1618465209032342,0.062283868478381986,0.020565256580094168,0.07691481691259192,0.03176461927753711,0.029476550034515377,0.2379212412973072,0.37922776090822563,8,5,3,5,14,14,5,27
deepseek-coder-6.7b,command_exec_assign_chain_06_unsafe,command_exec_assign_chain_06,unsafe,clean_heldout,clean,-1,15,24281, vulnerable,179.48147583007812,1.0000001918774404,81,0.07642074476202887,0.018461604535514584,0.013751325813854548,0.04309090348118444,0.02695734714014736,0.05421409396839004,0.12323331399291206,0.6438708581834083,8,5,3,5,14,14,5,27
deepseek-coder-6.7b,command_exec_assign_chain_06_unsafe,command_exec_assign_chain_06,unsafe,clean_heldout,clean,-1,15,5723, safe,52.17176055908203,1.0000005866491586,81,0.14893525910550012,0.04775861360988992,0.04159383052353473,0.0796064753210321,0.04168089118836256,0.02451245397196062,0.14356071702555198,0.4723523459033264,8,5,3,5,14,14,5,27
deepseek-coder-6.7b,command_exec_assign_chain_06_unsafe,command_exec_assign_chain_06,unsafe,clean_heldout,clean,-1,19,24281, vulnerable,179.48147583007812,1.0000001967446868,81,0.025050847860000697,0.0133645625390728,0.01323440747078129,0.059913863468350856,0.028263648556551557,0.04926171292906384,0.06323162937519734,0.7476795245456684,8,5,3,5,14,14,5,27
deepseek-coder-6.7b,command_exec_assign_chain_06_unsafe,command_exec_assign_chain_06,unsafe,clean_heldout,clean,-1,19,5723, safe,52.17176055908203,1.000000774701422,81,0.07419375676616131,0.04728808983460625,0.053227192068095716,0.06171473487665607,0.05382953925727162,0.018379931903414404,0.08862174920816811,0.6027457807870485,8,5,3,5,14,14,5,27
deepseek-coder-6.7b,command_exec_assign_chain_06_unsafe,command_exec_assign_chain_06,unsafe,clean_heldout,clean,-1,23,24281, vulnerable,179.48147583007812,1.0000001912028753,81,0.022123490992703037,0.010021035261945423,0.015448018699981927,0.053591411543173054,0.02743327001555335,0.04558135642357017,0.03667549574184838,0.7891261125240998,8,5,3,5,14,14,5,27
deepseek-coder-6.7b,command_exec_assign_chain_06_unsafe,command_exec_assign_chain_06,unsafe,clean_heldout,clean,-1,23,5723, safe,52.17176055908203,1.0000008498901953,81,0.05349839429654507,0.04056859925160754,0.05661180420774621,0.09928470087936883,0.05288601176245916,0.02471751624948068,0.0859894606549593,0.5864443625880286,8,5,3,5,14,14,5,27
deepseek-coder-6.7b,command_exec_assign_chain_06_unsafe,command_exec_assign_chain_06,unsafe,clean_heldout,clean,-1,27,24281, vulnerable,179.48147583007812,1.0000001742245912,81,0.01862212507788524,0.010050557093811514,0.017522501651009846,0.0529062440515399,0.01982977169495321,0.03415663983235906,0.0062038848885457845,0.8407084499344868,8,5,3,5,14,14,5,27
deepseek-coder-6.7b,command_exec_assign_chain_06_unsafe,command_exec_assign_chain_06,unsafe,clean_heldout,clean,-1,27,5723, safe,52.17176055908203,1.0000007244327644,81,0.04558839798513349,0.025713497446242517,0.06213574759437968,0.09734939240547702,0.06860345400305179,0.03329780444577288,0.043559821158099934,0.6237526093946071,8,5,3,5,14,14,5,27
deepseek-coder-6.7b,command_exec_assign_chain_06_safe,command_exec_assign_chain_06,safe,clean_heldout,clean,-1,0,24281, vulnerable,184.9069061279297,1.0000005295597527,82,0.05830000134155407,0.01763075717522604,0.007826175777362788,0.048400481192470673,0.014187727385161013,0.044716425741151346,0.3281563113360141,0.4807826496108129,8,5,4,5,14,14,5,27
deepseek-coder-6.7b,command_exec_assign_chain_06_safe,command_exec_assign_chain_06,safe,clean_heldout,clean,-1,0,5723, safe,65.46329498291016,1.0000001675044312,82,0.0788902473089484,0.03096469787119606,0.026031177651288023,0.04003987182496047,0.0007779764506854565,0.061994554624707036,0.3881691270236516,0.3731325147489943,8,5,4,5,14,14,5,27
deepseek-coder-6.7b,command_exec_assign_chain_06_safe,command_exec_assign_chain_06,safe,clean_heldout,clean,-1,3,24281, vulnerable,184.9069061279297,1.0000000624552114,82,0.05711833387209536,0.021278131613064022,0.009017097275799284,0.05137441849185584,0.01557821907221538,0.04351367772387012,0.3066860774852897,0.4954341069210218,8,5,4,5,14,14,5,27
deepseek-coder-6.7b,command_exec_assign_chain_06_safe,command_exec_assign_chain_06,safe,clean_heldout,clean,-1,3,5723, safe,65.46329498291016,1.0000000245836298,82,0.07560206219869577,0.032262262141545185,0.025611483874814184,0.050296035159470905,0.0085299932097283,0.048991741404998526,0.36512407781341616,0.3935823687809607,8,5,4,5,14,14,5,27
deepseek-coder-6.7b,command_exec_assign_chain_06_safe,command_exec_assign_chain_06,safe,clean_heldout,clean,-1,7,24281, vulnerable,184.9069061279297,1.0000000094790893,82,0.0725498390041002,0.050116439981229666,0.0031328990490620753,0.06670446356136737,0.00010289563582271716,0.03732585830164716,0.27230061658389354,0.4977669973619665,8,5,4,5,14,14,5,27
deepseek-coder-6.7b,command_exec_assign_chain_06_safe,command_exec_assign_chain_06,safe,clean_heldout,clean,-1,7,5723, safe,65.46329498291016,1.0000000379566691,82,0.10178460034811876,0.075660702350297,0.02077874993590046,0.06991464286031662,0.012280910691278558,0.01293500266286236,0.3259335624309109,0.3807118666769844,8,5,4,5,14,14,5,27
deepseek-coder-6.7b,command_exec_assign_chain_06_safe,command_exec_assign_chain_06,safe,clean_heldout,clean,-1,11,24281, vulnerable,184.9069061279297,1.0000001161062528,82,0.08077393359520282,0.03748013983909779,0.005748448097432518,0.09495092458701512,0.007185819552680374,0.044618971334306715,0.19148150482280724,0.5377603742777103,8,5,4,5,14,14,5,27
deepseek-coder-6.7b,command_exec_assign_chain_06_safe,command_exec_assign_chain_06,safe,clean_heldout,clean,-1,11,5723, safe,65.46329498291016,1.0000001682726696,82,0.12768416020463194,0.05259927418289842,0.04247767150851271,0.0950950159112536,0.03727793151954948,0.014069826547650576,0.2240748497230026,0.4067214386751704,8,5,4,5,14,14,5,27
deepseek-coder-6.7b,command_exec_assign_chain_06_safe,command_exec_assign_chain_06,safe,clean_heldout,clean,-1,15,24281, vulnerable,184.9069061279297,1.0000001395068103,82,0.06749199122075779,0.020861279723581094,0.017998445833249783,0.0755937797309371,0.03744772030587005,0.045511400771499774,0.12513056797864658,0.609964953942268,8,5,4,5,14,14,5,27
deepseek-coder-6.7b,command_exec_assign_chain_06_safe,command_exec_assign_chain_06,safe,clean_heldout,clean,-1,15,5723, safe,65.46329498291016,1.000000356462632,82,0.12060091400660865,0.030107325572044676,0.034213035876693755,0.10474796753474924,0.04433476482671491,0.014646802916244922,0.1435220432849615,0.5078275024446144,8,5,4,5,14,14,5,27
deepseek-coder-6.7b,command_exec_assign_chain_06_safe,command_exec_assign_chain_06,safe,clean_heldout,clean,-1,19,24281, vulnerable,184.9069061279297,1.0000001253536535,82,0.029618397813337926,0.012947919493026894,0.011207251287043474,0.08068495474334525,0.02388781041552065,0.039240036191478256,0.07273908482244351,0.7296746705874575,8,5,4,5,14,14,5,27
deepseek-coder-6.7b,command_exec_assign_chain_06_safe,command_exec_assign_chain_06,safe,clean_heldout,clean,-1,19,5723, safe,65.46329498291016,1.0000004317784514,82,0.07547474153135836,0.032373762759404644,0.019413140682170597,0.036207345228477704,0.049086096733633205,0.01741577658675858,0.09058908695889063,0.6794404812977579,8,5,4,5,14,14,5,27
deepseek-coder-6.7b,command_exec_assign_chain_06_safe,command_exec_assign_chain_06,safe,clean_heldout,clean,-1,23,24281, vulnerable,184.9069061279297,1.000000052422084,82,0.02353975058429582,0.010614755538549427,0.008874123596882347,0.06712757303995631,0.023237761343485888,0.03542908756571493,0.04179715494440467,0.7893798458087945,8,5,4,5,14,14,5,27
deepseek-coder-6.7b,command_exec_assign_chain_06_safe,command_exec_assign_chain_06,safe,clean_heldout,clean,-1,23,5723, safe,65.46329498291016,1.0000005057285137,82,0.05210404640719174,0.03055723126377776,0.03056942315077202,0.08180315170146397,0.04741184786094741,0.024449663408680156,0.09725691624914559,0.6358482256865351,8,5,4,5,14,14,5,27
deepseek-coder-6.7b,command_exec_assign_chain_06_safe,command_exec_assign_chain_06,safe,clean_heldout,clean,-1,27,24281, vulnerable,184.9069061279297,1.0000001624036967,82,0.018656325539699162,0.010803790661214802,0.011094331176768904,0.05719373496097849,0.018442129811273557,0.028292095396630763,0.006841026995329864,0.8486767278618012,8,5,4,5,14,14,5,27
deepseek-coder-6.7b,command_exec_assign_chain_06_safe,command_exec_assign_chain_06,safe,clean_heldout,clean,-1,27,5723, safe,65.46329498291016,1.0000008125117272,82,0.04114826062533616,0.023147045324492257,0.026115398435446812,0.0846842597865427,0.05429956007867636,0.03096734271694124,0.04872351368831075,0.690915431855981,8,5,4,5,14,14,5,27
deepseek-coder-6.7b,command_exec_assign_chain_08_unsafe,command_exec_assign_chain_08,unsafe,clean_heldout,clean,-1,0,24281, vulnerable,171.16995239257812,1.0000004236302846,82,0.06050051300175835,0.02141437338721633,0.007304841141226163,0.04588040358163334,0.029717842105085455,0.017284867289095007,0.3352933248945548,0.4826042582297152,8,5,4,5,14,14,5,27
deepseek-coder-6.7b,command_exec_assign_chain_08_unsafe,command_exec_assign_chain_08,unsafe,clean_heldout,clean,-1,0,5723, safe,77.47787475585938,1.000000358210816,82,0.07518146702690308,0.015075442919355565,0.01676139405040703,0.04011230925528893,0.08681939329546595,-0.019523630952111688,0.38242685475540555,0.40314712786010154,8,5,4,5,14,14,5,27
deepseek-coder-6.7b,command_exec_assign_chain_08_unsafe,command_exec_assign_chain_08,unsafe,clean_heldout,clean,-1,3,24281, vulnerable,171.16995239257812,0.9999998718989028,82,0.06384415018695688,0.025032717411952832,0.008205590077748352,0.047747335477679474,0.03593841288245655,0.017452970141051686,0.3139198317318728,0.4878588639891842,8,5,4,5,14,14,5,27
deepseek-coder-6.7b,command_exec_assign_chain_08_unsafe,command_exec_assign_chain_08,unsafe,clean_heldout,clean,-1,3,5723, safe,77.47787475585938,0.9999998431084709,82,0.07685703930007887,0.0130543630196609,0.020066397533697086,0.04774459469206848,0.08648374932831385,-0.015243617512195749,0.3593686400991908,0.41166867664765655,8,5,4,5,14,14,5,27
deepseek-coder-6.7b,command_exec_assign_chain_08_unsafe,command_exec_assign_chain_08,unsafe,clean_heldout,clean,-1,7,24281, vulnerable,171.16995239257812,0.9999999155677529,82,0.09095761075968903,0.040371843469179415,0.00729058200483201,0.06140487011918297,0.03066535068428449,0.005961697144206924,0.2787060767445676,0.48464188464181046,8,5,4,5,14,14,5,27
deepseek-coder-6.7b,command_exec_assign_chain_08_unsafe,command_exec_assign_chain_08,unsafe,clean_heldout,clean,-1,7,5723, safe,77.47787475585938,0.999999842483405,82,0.10879299214477242,0.03755027952791088,0.020870654572961778,0.07259107390267824,0.06436120877781093,0.004835245565563584,0.29877131516871186,0.3922270728229953,8,5,4,5,14,14,5,27
deepseek-coder-6.7b,command_exec_assign_chain_08_unsafe,command_exec_assign_chain_08,unsafe,clean_heldout,clean,-1,11,24281, vulnerable,171.16995239257812,0.9999999161444908,82,0.07828764756466378,0.03626475567243881,0.017082151677393076,0.08630436691697138,0.04002195658550381,0.017678164056635984,0.1929531697726175,0.5314077038982665,8,5,4,5,14,14,5,27
deepseek-coder-6.7b,command_exec_assign_chain_08_unsafe,command_exec_assign_chain_08,unsafe,clean_heldout,clean,-1,11,5723, safe,77.47787475585938,1.0000000283202914,82,0.0991989728202442,0.03213346461485666,0.06129388370023968,0.08637579194497291,0.05267808156927058,0.03325555158103425,0.19805867547399456,0.4370056066156785,8,5,4,5,14,14,5,27
deepseek-coder-6.7b,command_exec_assign_chain_08_unsafe,command_exec_assign_chain_08,unsafe,clean_heldout,clean,-1,15,24281, vulnerable,171.16995239257812,1.000000030991499,82,0.05069057823271391,0.011666844375635485,0.020124713176115555,0.0707009836615381,0.04428660886229335,0.05587871305979088,0.12134021529210644,0.6253113743313051,8,5,4,5,14,14,5,27
deepseek-coder-6.7b,command_exec_assign_chain_08_unsafe,command_exec_assign_chain_08,unsafe,clean_heldout,clean,-1,15,5723, safe,77.47787475585938,1.0000000012501318,82,0.0687569230370609,0.018256743418137343,0.06556776531625978,0.08538331065248228,0.06268810174031873,0.039410967577784194,0.11684236825442779,0.5430938212536607,8,5,4,5,14,14,5,27
deepseek-coder-6.7b,command_exec_assign_chain_08_unsafe,command_exec_assign_chain_08,unsafe,clean_heldout,clean,-1,19,24281, vulnerable,171.16995239257812,1.0000000655522434,82,0.025633045009193375,0.008695150162350323,0.010846882441720494,0.0781497933732002,0.036428993597206485,0.03540158878159194,0.06689091125141228,0.7379537009355683,8,5,4,5,14,14,5,27
deepseek-coder-6.7b,command_exec_assign_chain_08_unsafe,command_exec_assign_chain_08,unsafe,clean_heldout,clean,-1,19,5723, safe,77.47787475585938,1.0000001889141337,82,0.051649309049513405,0.022561955065665995,0.027857708762917054,0.05754971654552159,0.05763510102187381,0.050414920588479836,0.07066274151467528,0.6616687363654865,8,5,4,5,14,14,5,27
deepseek-coder-6.7b,command_exec_assign_chain_08_unsafe,command_exec_assign_chain_08,unsafe,clean_heldout,clean,-1,23,24281, vulnerable,171.16995239257812,0.9999999859841817,82,0.020411634779543664,0.008206354940975918,0.009116329506970132,0.06589267864227026,0.03521762078504194,0.028863096653489753,0.03957049841591236,0.7927217722599776,8,5,4,5,14,14,5,27
deepseek-coder-6.7b,command_exec_assign_chain_08_unsafe,command_exec_assign_chain_08,unsafe,clean_heldout,clean,-1,23,5723, safe,77.47787475585938,1.0000001341247076,82,0.04117777015953927,0.024760371100327618,0.04247457409051342,0.1038767603546909,0.05910091295079826,0.04120541535572086,0.07298475307060043,0.6144195770425167,8,5,4,5,14,14,5,27
deepseek-coder-6.7b,command_exec_assign_chain_08_unsafe,command_exec_assign_chain_08,unsafe,clean_heldout,clean,-1,27,24281, vulnerable,171.16995239257812,0.9999999905545572,82,0.0174252293544329,0.00796827006355929,0.009602673309489928,0.06405487031084275,0.028593351130704155,0.020220550033611777,0.004774855267750282,0.8473601910841662,8,5,4,5,14,14,5,27
deepseek-coder-6.7b,command_exec_assign_chain_08_unsafe,command_exec_assign_chain_08,unsafe,clean_heldout,clean,-1,27,5723, safe,77.47787475585938,1.000000067747522,82,0.036598370105976705,0.01799695258663559,0.03195537008268194,0.09448355997567251,0.061643246564653455,0.05208402105001771,0.033748296666701136,0.6714902507151831,8,5,4,5,14,14,5,27
deepseek-coder-6.7b,command_exec_assign_chain_08_safe,command_exec_assign_chain_08,safe,clean_heldout,clean,-1,0,24281, vulnerable,173.64784240722656,1.0000001380080061,81,0.07381892160584384,0.02210335264211434,0.00863274802046276,0.03783875698747428,0.026497072470256143,0.014480399655464741,0.3331364635932983,0.48349242303309153,8,5,3,5,14,14,5,27
deepseek-coder-6.7b,command_exec_assign_chain_08_safe,command_exec_assign_chain_08,safe,clean_heldout,clean,-1,0,5723, safe,70.1353530883789,1.0000002140829394,81,0.08739310116194199,0.01499471581797445,0.01851504542667774,0.02215141473425588,0.0629336478203233,0.047426423898885975,0.3729488924175937,0.37363697280528624,8,5,3,5,14,14,5,27
deepseek-coder-6.7b,command_exec_assign_chain_08_safe,command_exec_assign_chain_08,safe,clean_heldout,clean,-1,3,24281, vulnerable,173.64784240722656,0.9999998577871798,81,0.08128309600607328,0.02446442819251181,0.008291163896185014,0.03925062818893102,0.03483624940109716,0.008818417873403695,0.3090508211888691,0.49400505304010883,8,5,3,5,14,14,5,27
deepseek-coder-6.7b,command_exec_assign_chain_08_safe,command_exec_assign_chain_08,safe,clean_heldout,clean,-1,3,5723, safe,70.1353530883789,0.9999998624037081,81,0.08933606913352038,0.019683339024393166,0.02750645175919833,0.025010039127441413,0.07554757026787515,0.028285676690220293,0.3458847691023805,0.38874594729867884,8,5,3,5,14,14,5,27
deepseek-coder-6.7b,command_exec_assign_chain_08_safe,command_exec_assign_chain_08,safe,clean_heldout,clean,-1,7,24281, vulnerable,173.64784240722656,0.9999998116200371,81,0.11325241595918696,0.03645314030209087,-0.003453193979546466,0.053160771340505994,0.03130575287461001,-0.005932597611515926,0.2730281968724586,0.5021853258622472,8,5,3,5,14,14,5,27
deepseek-coder-6.7b,command_exec_assign_chain_08_safe,command_exec_assign_chain_08,safe,clean_heldout,clean,-1,7,5723, safe,70.1353530883789,0.9999999685554893,81,0.12874838761472862,0.05750673408841133,0.005948022971350427,0.05481694918919258,0.06620804590104452,-0.003115160608940048,0.30467156995595246,0.3852154194437493,8,5,3,5,14,14,5,27
deepseek-coder-6.7b,command_exec_assign_chain_08_safe,command_exec_assign_chain_08,safe,clean_heldout,clean,-1,11,24281, vulnerable,173.64784240722656,0.9999997937495771,81,0.10565146307485335,0.032173610246120775,-0.005853120639350327,0.06571110051978504,0.045312641933929455,0.0030295999331156525,0.19144113965963644,0.5625333590214867,8,5,3,5,14,14,5,27
deepseek-coder-6.7b,command_exec_assign_chain_08_safe,command_exec_assign_chain_08,safe,clean_heldout,clean,-1,11,5723, safe,70.1353530883789,0.9999999838528189,81,0.131030930832268,0.05098988645275026,0.01696891161458649,0.07542739625323937,0.059738792188029126,0.02146370352742685,0.21191511535994928,0.4324652476245695,8,5,3,5,14,14,5,27
deepseek-coder-6.7b,command_exec_assign_chain_08_safe,command_exec_assign_chain_08,safe,clean_heldout,clean,-1,15,24281, vulnerable,173.64784240722656,0.999999817562555,81,0.06966241874720183,0.00986540661190921,0.0023313381181440593,0.041821299220558585,0.04869728542967446,0.026633443838250982,0.11764073262264631,0.6833478929741695,8,5,3,5,14,14,5,27
deepseek-coder-6.7b,command_exec_assign_chain_08_safe,command_exec_assign_chain_08,safe,clean_heldout,clean,-1,15,5723, safe,70.1353530883789,1.0000000929790809,81,0.08337253270477263,0.025089895011776088,0.03149097033313423,0.06645645158616853,0.07136405784379035,0.03889240368169056,0.1333779071452915,0.5499558746724569,8,5,3,5,14,14,5,27
deepseek-coder-6.7b,command_exec_assign_chain_08_safe,command_exec_assign_chain_08,safe,clean_heldout,clean,-1,19,24281, vulnerable,173.64784240722656,0.9999997950045854,81,0.02813074810961169,0.007465058784193754,0.007280239741063634,0.05283463896415678,0.03791876087004517,0.026395126355196148,0.058201518417758585,0.7817737037625596,8,5,3,5,14,14,5,27
deepseek-coder-6.7b,command_exec_assign_chain_08_safe,command_exec_assign_chain_08,safe,clean_heldout,clean,-1,19,5723, safe,70.1353530883789,0.9999999946353115,81,0.058407175695798695,0.02689872263967237,0.03367744865849083,0.05390152193539148,0.05996772968426937,0.04988007916679064,0.08242870181572366,0.6348386150391745,8,5,3,5,14,14,5,27
deepseek-coder-6.7b,command_exec_assign_chain_08_safe,command_exec_assign_chain_08,safe,clean_heldout,clean,-1,23,24281, vulnerable,173.64784240722656,0.9999997752784294,81,0.022454574951199444,0.007184250142078095,0.009300353565484656,0.04879875557479404,0.03696409382397727,0.022982011580394455,0.03536458129099505,0.8169511543495063,8,5,3,5,14,14,5,27
deepseek-coder-6.7b,command_exec_assign_chain_08_safe,command_exec_assign_chain_08,safe,clean_heldout,clean,-1,23,5723, safe,70.1353530883789,1.0000000927931758,81,0.046242618384129346,0.028905990890858407,0.03683775370518998,0.08737209758328301,0.061704545452227685,0.0405125057121928,0.07408677016508933,0.6243378109002053,8,5,3,5,14,14,5,27
deepseek-coder-6.7b,command_exec_assign_chain_08_safe,command_exec_assign_chain_08,safe,clean_heldout,clean,-1,27,24281, vulnerable,173.64784240722656,0.9999997332088352,81,0.019084335453809075,0.008052487963453581,0.009030516055703399,0.05493797065085058,0.03120672169330123,0.01756500203258998,0.0023676263075358616,0.8577550730515914,8,5,3,5,14,14,5,27
deepseek-coder-6.7b,command_exec_assign_chain_08_safe,command_exec_assign_chain_08,safe,clean_heldout,clean,-1,27,5723, safe,70.1353530883789,1.0000001276370931,81,0.040063744741152055,0.019043698825673642,0.03477551221646094,0.09187953178287397,0.07096714974721062,0.047277497278673065,0.03196474307530006,0.6640282499697486,8,5,3,5,14,14,5,27
deepseek-coder-6.7b,command_exec_assign_chain_11_unsafe,command_exec_assign_chain_11,unsafe,clean_heldout,clean,-1,0,24281, vulnerable,187.33375549316406,1.0000007127882804,86,0.06486652899848946,0.011195172207739528,0.005725218557225013,0.05850906620239463,0.03226900229682481,0.018524947520614836,0.33853368188948046,0.47037709511551185,8,5,3,10,14,14,5,27
deepseek-coder-6.7b,command_exec_assign_chain_11_unsafe,command_exec_assign_chain_11,unsafe,clean_heldout,clean,-1,0,5723, safe,68.7038803100586,1.0000005529601863,86,0.08810330352968661,0.006846687527518961,0.016583385086097906,0.029432757889786464,0.07798033657635715,0.044488581893770154,0.39566180947190804,0.3409036909850612,8,5,3,10,14,14,5,27
deepseek-coder-6.7b,command_exec_assign_chain_11_unsafe,command_exec_assign_chain_11,unsafe,clean_heldout,clean,-1,3,24281, vulnerable,187.33375549316406,1.0000000206415087,86,0.06261448599980411,0.02026431182142492,0.009024647498076705,0.05765212359140755,0.02770410436680207,0.01660903174324535,0.31717959163749315,0.4889517239832548,8,5,3,10,14,14,5,27
deepseek-coder-6.7b,command_exec_assign_chain_11_unsafe,command_exec_assign_chain_11,unsafe,clean_heldout,clean,-1,3,5723, safe,68.7038803100586,1.0000000584517632,86,0.08370929709843973,0.014529319963988683,0.021095542376144555,0.034188105638346865,0.07193468819690986,0.042784865090814646,0.3795999699486364,0.35215827013848255,8,5,3,10,14,14,5,27
deepseek-coder-6.7b,command_exec_assign_chain_11_unsafe,command_exec_assign_chain_11,unsafe,clean_heldout,clean,-1,7,24281, vulnerable,187.33375549316406,1.000000045976077,86,0.06922059282934577,0.0380875316289956,0.006795616639544705,0.07014547074170274,0.02246552005411572,0.02121755508414469,0.2762771381033029,0.495790620894925,8,5,3,10,14,14,5,27
deepseek-coder-6.7b,command_exec_assign_chain_11_unsafe,command_exec_assign_chain_11,unsafe,clean_heldout,clean,-1,7,5723, safe,68.7038803100586,1.0000000506437354,86,0.10735930146572992,0.045656927719456245,0.012924654553766703,0.042414706775070775,0.06883610644186233,0.04211451950342957,0.3308127051168886,0.3498811290675315,8,5,3,10,14,14,5,27
deepseek-coder-6.7b,command_exec_assign_chain_11_unsafe,command_exec_assign_chain_11,unsafe,clean_heldout,clean,-1,11,24281, vulnerable,187.33375549316406,1.0000000499433035,86,0.07660163025505605,0.040870831140693384,0.012796100571958943,0.08026940596280384,0.028678447238449003,0.024632362879420677,0.20304267641373924,0.5331085954811822,8,5,3,10,14,14,5,27
deepseek-coder-6.7b,command_exec_assign_chain_11_unsafe,command_exec_assign_chain_11,unsafe,clean_heldout,clean,-1,11,5723, safe,68.7038803100586,1.0000001775784086,86,0.13640455095147586,0.04922805586772243,0.024684150312723654,0.04556273742043446,0.07116687575841978,0.046283813390687746,0.24247156385703522,0.3841984300199095,8,5,3,10,14,14,5,27
deepseek-coder-6.7b,command_exec_assign_chain_11_unsafe,command_exec_assign_chain_11,unsafe,clean_heldout,clean,-1,15,24281, vulnerable,187.33375549316406,1.0000000978781363,86,0.07040909494237443,0.02399058425215065,0.017488409765066763,0.0575356768471425,0.03789210212067503,0.025422520267081996,0.1334761171047653,0.6337855925788796,8,5,3,10,14,14,5,27
deepseek-coder-6.7b,command_exec_assign_chain_11_unsafe,command_exec_assign_chain_11,unsafe,clean_heldout,clean,-1,15,5723, safe,68.7038803100586,1.0000003163471236,86,0.13890110546403697,0.03643981037805568,0.0352425582034679,0.04118768785030283,0.0646086543651291,0.05157391305920748,0.1478500409105951,0.4841965461163286,8,5,3,10,14,14,5,27
deepseek-coder-6.7b,command_exec_assign_chain_11_unsafe,command_exec_assign_chain_11,unsafe,clean_heldout,clean,-1,19,24281, vulnerable,187.33375549316406,1.000000142064487,86,0.030350068245679658,0.018070044445153192,0.014161921914307159,0.06477472622693828,0.0360955681390788,0.02084250290925161,0.06720935549977988,0.7484959546842984,8,5,3,10,14,14,5,27
deepseek-coder-6.7b,command_exec_assign_chain_11_unsafe,command_exec_assign_chain_11,unsafe,clean_heldout,clean,-1,19,5723, safe,68.7038803100586,1.0000003371549755,86,0.06775528589596737,0.03237033334136114,0.028144045514763488,0.03952898351390467,0.06573999988582929,0.05693345320550078,0.08722185636310537,0.6223063794345434,8,5,3,10,14,14,5,27
deepseek-coder-6.7b,command_exec_assign_chain_11_unsafe,command_exec_assign_chain_11,unsafe,clean_heldout,clean,-1,23,24281, vulnerable,187.33375549316406,1.0000001161731151,86,0.024066754998430005,0.012755872300004766,0.015439095971220413,0.05418159102094916,0.03660099635790563,0.021699904207173132,0.03827293477307456,0.7969829665443573,8,5,3,10,14,14,5,27
deepseek-coder-6.7b,command_exec_assign_chain_11_unsafe,command_exec_assign_chain_11,unsafe,clean_heldout,clean,-1,23,5723, safe,68.7038803100586,1.000000237358621,86,0.04913688109407889,0.027896807407205234,0.027975556084265066,0.0720752155076384,0.0658148412685654,0.06966579554814714,0.08083962437695408,0.6065955160717666,8,5,3,10,14,14,5,27
deepseek-coder-6.7b,command_exec_assign_chain_11_unsafe,command_exec_assign_chain_11,unsafe,clean_heldout,clean,-1,27,24281, vulnerable,187.33375549316406,1.0000001363373634,86,0.01833149337285235,0.011296767804151508,0.013639151646499724,0.05789698024608102,0.027509884315663178,0.02175057465641839,0.004796385906810889,0.8447788983888863,8,5,3,10,14,14,5,27
deepseek-coder-6.7b,command_exec_assign_chain_11_unsafe,command_exec_assign_chain_11,unsafe,clean_heldout,clean,-1,27,5723, safe,68.7038803100586,1.0000001293746819,86,0.039449896055197,0.018310921416330422,0.03500164584549072,0.10037370375678223,0.0568947003371784,0.06772458321268486,0.04034889902991676,0.6418957797211013,8,5,3,10,14,14,5,27
deepseek-coder-6.7b,command_exec_assign_chain_11_safe,command_exec_assign_chain_11,safe,clean_heldout,clean,-1,0,24281, vulnerable,191.5113067626953,0.9999999343492821,86,0.048410256449918664,0.012825640165265238,0.006294345260563299,0.06782497411101389,0.028269281156362427,0.03377096099230501,0.3317697361331492,0.47083474008070425,8,5,3,10,14,14,5,27
deepseek-coder-6.7b,command_exec_assign_chain_11_safe,command_exec_assign_chain_11,safe,clean_heldout,clean,-1,0,5723, safe,66.8276138305664,0.9999998384795143,86,0.05975346363068884,0.011120555048994608,0.018644184732897154,0.05202067988536006,0.06454064449189642,0.055882585975978165,0.3819524691649517,0.3560852555487476,8,5,3,10,14,14,5,27
deepseek-coder-6.7b,command_exec_assign_chain_11_safe,command_exec_assign_chain_11,safe,clean_heldout,clean,-1,3,24281, vulnerable,191.5113067626953,0.9999998318952583,86,0.04628594900255042,0.021206847104307786,0.007934435188733702,0.07034501568203656,0.027821524450765824,0.027527210084749502,0.3099301944457005,0.488948655936414,8,5,3,10,14,14,5,27
deepseek-coder-6.7b,command_exec_assign_chain_11_safe,command_exec_assign_chain_11,safe,clean_heldout,clean,-1,3,5723, safe,66.8276138305664,0.9999995163862043,86,0.05586789427328591,0.01685778187498009,0.020155860393077978,0.06210460203202174,0.07202196428176819,0.042342272825895984,0.3614454099998413,0.3692037307053332,8,5,3,10,14,14,5,27
deepseek-coder-6.7b,command_exec_assign_chain_11_safe,command_exec_assign_chain_11,safe,clean_heldout,clean,-1,7,24281, vulnerable,191.5113067626953,0.9999997898398948,86,0.055586126947546916,0.047703898532354495,0.0014615194699791091,0.08667046950897286,0.024195056801833596,0.027555455999716358,0.27014219577444143,0.48668506680505,8,5,3,10,14,14,5,27
deepseek-coder-6.7b,command_exec_assign_chain_11_safe,command_exec_assign_chain_11,safe,clean_heldout,clean,-1,7,5723, safe,66.8276138305664,0.9999995892167528,86,0.08314183052045021,0.051069903357433055,0.013800718121495054,0.07234844389735956,0.0846382849583208,0.02516735892579701,0.3180426111133754,0.3517904383225218,8,5,3,10,14,14,5,27
deepseek-coder-6.7b,command_exec_assign_chain_11_safe,command_exec_assign_chain_11,safe,clean_heldout,clean,-1,11,24281, vulnerable,191.5113067626953,0.9999997744533117,86,0.06500333240320304,0.04590785502252431,0.0073863135136984365,0.11576538033660078,0.0324341546993001,0.029178787449083518,0.19226804866499456,0.512055902363907,8,5,3,10,14,14,5,27
deepseek-coder-6.7b,command_exec_assign_chain_11_safe,command_exec_assign_chain_11,safe,clean_heldout,clean,-1,11,5723, safe,66.8276138305664,0.9999996803315876,86,0.11592905395528033,0.044506906769598384,0.02615181555487789,0.07770782193522685,0.08733828519922744,0.03767782395373176,0.22444169850736861,0.38624627445627646,8,5,3,10,14,14,5,27
deepseek-coder-6.7b,command_exec_assign_chain_11_safe,command_exec_assign_chain_11,safe,clean_heldout,clean,-1,15,24281, vulnerable,191.5113067626953,0.999999832401012,86,0.05950962633810285,0.023806364675678246,0.015057025236666577,0.10173199144049405,0.04487810505369742,0.0283305373610108,0.12688363366657013,0.5998025486287919,8,5,3,10,14,14,5,27
deepseek-coder-6.7b,command_exec_assign_chain_11_safe,command_exec_assign_chain_11,safe,clean_heldout,clean,-1,15,5723, safe,66.8276138305664,0.9999998425210106,86,0.11971329308064672,0.03650430850206679,0.019709901189469702,0.04770032636790864,0.07786382575069177,0.051390817442558294,0.1370636313281683,0.5100537388595003,8,5,3,10,14,14,5,27
deepseek-coder-6.7b,command_exec_assign_chain_11_safe,command_exec_assign_chain_11,safe,clean_heldout,clean,-1,19,24281, vulnerable,191.5113067626953,0.9999998959703589,86,0.029151033651897355,0.015899059981626794,0.009492830803116673,0.09624984861625296,0.03579540762884326,0.01966835840208554,0.06979369118567137,0.7239496657008649,8,5,3,10,14,14,5,27
deepseek-coder-6.7b,command_exec_assign_chain_11_safe,command_exec_assign_chain_11,safe,clean_heldout,clean,-1,19,5723, safe,66.8276138305664,0.9999999464292711,86,0.0711071176862427,0.03563738649792978,0.007306413088430072,-0.017596081952889343,0.07118464846700905,0.06076192412712995,0.0791984089010574,0.6924001296143616,8,5,3,10,14,14,5,27
deepseek-coder-6.7b,command_exec_assign_chain_11_safe,command_exec_assign_chain_11,safe,clean_heldout,clean,-1,23,24281, vulnerable,191.5113067626953,0.9999999119405039,86,0.022161640721077635,0.012961588932523485,0.006866454988159201,0.07763100400576833,0.03642369178703583,0.021297771519977724,0.03817377582617929,0.7844839841597824,8,5,3,10,14,14,5,27
deepseek-coder-6.7b,command_exec_assign_chain_11_safe,command_exec_assign_chain_11,safe,clean_heldout,clean,-1,23,5723, safe,66.8276138305664,1.0000001404071521,86,0.04979005516549316,0.028788047842524155,0.015653967437873242,0.08375397682779072,0.06817425439247334,0.07196218921525335,0.08147387315710093,0.6004037763686432,8,5,3,10,14,14,5,27
deepseek-coder-6.7b,command_exec_assign_chain_11_safe,command_exec_assign_chain_11,safe,clean_heldout,clean,-1,27,24281, vulnerable,191.5113067626953,0.9999999355553102,86,0.016763068012111297,0.011544672774195804,0.0038126755323180397,0.07106418581861956,0.026549890938343194,0.021905433552500728,0.003598513009179731,0.8447614959180418,8,5,3,10,14,14,5,27
deepseek-coder-6.7b,command_exec_assign_chain_11_safe,command_exec_assign_chain_11,safe,clean_heldout,clean,-1,27,5723, safe,66.8276138305664,1.0000002669059829,86,0.039986486146497593,0.023487414261771068,0.013687789241353322,0.10541812058851013,0.05833417183509031,0.06996808246835994,0.041365567507782364,0.6477526348566182,8,5,3,10,14,14,5,27
deepseek-coder-6.7b,command_exec_branch_merge_00_unsafe,command_exec_branch_merge_00,unsafe,clean_heldout,clean,-1,0,24281, vulnerable,207.2490234375,1.000000037621565,99,0.05863256776174394,0.022549673560114798,0.0050826598527489095,0.05431567253853037,0.026731595370524625,0.023709141539599837,0.32667232572079985,0.4823064012775027,15,10,4,5,11,11,5,38
deepseek-coder-6.7b,command_exec_branch_merge_00_unsafe,command_exec_branch_merge_00,unsafe,clean_heldout,clean,-1,0,5723, safe,71.26642608642578,1.000000536723273,99,0.0732973384005306,0.01694671418099583,0.01237283223169081,0.03678095299557608,0.0825882480596214,-0.021924649292920144,0.4175637814896918,0.3823753186580866,15,10,4,5,11,11,5,38
deepseek-coder-6.7b,command_exec_branch_merge_00_unsafe,command_exec_branch_merge_00,unsafe,clean_heldout,clean,-1,3,24281, vulnerable,207.2490234375,0.9999997845343053,99,0.06061439098759122,0.026171354833781676,0.006703428578311723,0.05740038317503139,0.02748323839604578,0.023567194781895662,0.30519661018766786,0.49286318359398,15,10,4,5,11,11,5,38
deepseek-coder-6.7b,command_exec_branch_merge_00_unsafe,command_exec_branch_merge_00,unsafe,clean_heldout,clean,-1,3,5723, safe,71.26642608642578,1.0000003019011237,99,0.07954157529861293,0.015025534585339426,0.0202510471493925,0.04352395826765091,0.08813586803063565,-0.02309830772329998,0.3908233829371441,0.3857972433556482,15,10,4,5,11,11,5,38
deepseek-coder-6.7b,command_exec_branch_merge_00_unsafe,command_exec_branch_merge_00,unsafe,clean_heldout,clean,-1,7,24281, vulnerable,207.2490234375,0.9999998148939915,99,0.08214591977499926,0.03654824128811991,0.012224460513963073,0.07692897633400361,0.01690856633340228,0.026403937136193968,0.25589014408358923,0.4929495694297201,15,10,4,5,11,11,5,38
deepseek-coder-6.7b,command_exec_branch_merge_00_unsafe,command_exec_branch_merge_00,unsafe,clean_heldout,clean,-1,7,5723, safe,71.26642608642578,1.0000002477727168,99,0.13970423147266273,0.05171059130652359,0.02231233063804346,0.06445550257262768,0.06423022970933728,0.006146487542518049,0.30895801980292226,0.3424828547280818,15,10,4,5,11,11,5,38
deepseek-coder-6.7b,command_exec_branch_merge_00_unsafe,command_exec_branch_merge_00,unsafe,clean_heldout,clean,-1,11,24281, vulnerable,207.2490234375,0.9999998649542201,99,0.07748870663388921,0.02601996655519738,0.01653560650417024,0.10278824186225986,0.02633183890310748,0.03809536963795757,0.17132319384783343,0.5414169410098048,15,10,4,5,11,11,5,38
deepseek-coder-6.7b,command_exec_branch_merge_00_unsafe,command_exec_branch_merge_00,unsafe,clean_heldout,clean,-1,11,5723, safe,71.26642608642578,1.0000002470931715,99,0.12158231812271525,0.033194324677641385,0.06259453835967607,0.0683462091732788,0.068435349433181,0.039937422995166866,0.21084633009472825,0.3950637542367838,15,10,4,5,11,11,5,38
deepseek-coder-6.7b,command_exec_branch_merge_00_unsafe,command_exec_branch_merge_00,unsafe,clean_heldout,clean,-1,15,24281, vulnerable,207.2490234375,0.9999998743011927,99,0.06204192845322564,0.017468364794288465,0.019786804860409214,0.08626329922931893,0.026419168028138075,0.03925163352914074,0.10491560622414645,0.6438530691825253,15,10,4,5,11,11,5,38
deepseek-coder-6.7b,command_exec_branch_merge_00_unsafe,command_exec_branch_merge_00,unsafe,clean_heldout,clean,-1,15,5723, safe,71.26642608642578,1.0000002634545344,99,0.11044797995959733,0.04076015815615629,0.10393935335497691,0.05620401873647165,0.05294752310016194,0.02800634202224343,0.1295940530530055,0.4781008350719215,15,10,4,5,11,11,5,38
deepseek-coder-6.7b,command_exec_branch_merge_00_unsafe,command_exec_branch_merge_00,unsafe,clean_heldout,clean,-1,19,24281, vulnerable,207.2490234375,0.9999999508744687,99,0.03938500528425491,0.012332104780764496,0.00986220640566431,0.0958295498513614,0.01934156102700914,0.008081489839407022,0.05162513308593548,0.763542900600072,15,10,4,5,11,11,5,38
deepseek-coder-6.7b,command_exec_branch_merge_00_unsafe,command_exec_branch_merge_00,unsafe,clean_heldout,clean,-1,19,5723, safe,71.26642608642578,1.0000003602113485,99,0.08067298312280813,0.03623306217761864,0.021349960182903485,0.0031702750171942974,0.038333568035081075,0.06259263019611963,0.07855541487287862,0.6790924666067446,15,10,4,5,11,11,5,38
deepseek-coder-6.7b,command_exec_branch_merge_00_unsafe,command_exec_branch_merge_00,unsafe,clean_heldout,clean,-1,23,24281, vulnerable,207.2490234375,1.00000002910144,99,0.03104009079296067,0.012421656130569274,0.007783342711970657,0.08097477318457841,0.017888727561674696,0.01532379907279711,0.018303359268726362,0.8162642803781628,15,10,4,5,11,11,5,38
deepseek-coder-6.7b,command_exec_branch_merge_00_unsafe,command_exec_branch_merge_00,unsafe,clean_heldout,clean,-1,23,5723, safe,71.26642608642578,1.0000004406067997,99,0.06777031068149462,0.04186700608478942,0.02225513424043947,0.05283632165936573,0.037512872294460764,0.05021054161481658,0.0733420130367273,0.6542062409947058,15,10,4,5,11,11,5,38
deepseek-coder-6.7b,command_exec_branch_merge_00_unsafe,command_exec_branch_merge_00,unsafe,clean_heldout,clean,-1,27,24281, vulnerable,207.2490234375,1.0000000903151234,99,0.027169893279806547,0.012085359010685491,0.005949429055159182,0.0615120968899754,0.015142561488682866,0.014931947043569113,-0.013322968867927162,0.8765317724151719,15,10,4,5,11,11,5,38
deepseek-coder-6.7b,command_exec_branch_merge_00_unsafe,command_exec_branch_merge_00,unsafe,clean_heldout,clean,-1,27,5723, safe,71.26642608642578,1.0000005929295206,99,0.06393000011055056,0.02914556046315689,0.01481058822502554,0.06208589421734727,0.03722948873133196,0.04316421183272102,0.03805588706034975,0.7115789622890376,15,10,4,5,11,11,5,38
deepseek-coder-6.7b,command_exec_branch_merge_00_safe,command_exec_branch_merge_00,safe,clean_heldout,clean,-1,0,24281, vulnerable,179.03402709960938,1.0000001328156907,98,0.0758384673741095,0.02157260531855553,0.0020662565647398034,0.05578572292118058,0.02019673934210758,0.01179396658648163,0.318673285290813,0.494073089417703,15,10,3,5,11,11,5,38
deepseek-coder-6.7b,command_exec_branch_merge_00_safe,command_exec_branch_merge_00,safe,clean_heldout,clean,-1,0,5723, safe,76.61077880859375,1.0000001524431061,98,0.09494404756046279,0.027590848167137767,0.005534481711963745,0.037563512884319,0.045808977782727946,0.02828102681745746,0.39715092083564124,0.3631263366833962,15,10,3,5,11,11,5,38
deepseek-coder-6.7b,command_exec_branch_merge_00_safe,command_exec_branch_merge_00,safe,clean_heldout,clean,-1,3,24281, vulnerable,179.03402709960938,0.9999998047819504,98,0.08473896486041282,0.024229332208243484,0.003829522273502038,0.059942199596843965,0.026028270842390185,0.005772150360273358,0.29327612916297197,0.5021832354773126,15,10,3,5,11,11,5,38
deepseek-coder-6.7b,command_exec_branch_merge_00_safe,command_exec_branch_merge_00,safe,clean_heldout,clean,-1,3,5723, safe,76.61077880859375,0.9999999447849611,98,0.10131811536877777,0.030797554890612762,0.013740112035395657,0.0442881788788768,0.04892186002916308,0.02131184363668308,0.37017945936614427,0.3694428205793078,15,10,3,5,11,11,5,38
deepseek-coder-6.7b,command_exec_branch_merge_00_safe,command_exec_branch_merge_00,safe,clean_heldout,clean,-1,7,24281, vulnerable,179.03402709960938,0.9999998163926594,98,0.11353866978037816,0.031443893097069256,-0.0014323046548468576,0.07676646481697962,0.02289551859672626,-0.004820325890684768,0.2580345633404482,0.5035733373065896,15,10,3,5,11,11,5,38
deepseek-coder-6.7b,command_exec_branch_merge_00_safe,command_exec_branch_merge_00,safe,clean_heldout,clean,-1,7,5723, safe,76.61077880859375,1.0000000116702856,98,0.14237938076498105,0.07248248390101213,0.0058839263634105285,0.07097756701594618,0.040126960854619184,0.009764090065681488,0.30928678757854383,0.3490988151260912,15,10,3,5,11,11,5,38
deepseek-coder-6.7b,command_exec_branch_merge_00_safe,command_exec_branch_merge_00,safe,clean_heldout,clean,-1,11,24281, vulnerable,179.03402709960938,0.9999998929234616,98,0.11107210312401401,0.02397005433988919,-0.006973441753165,0.08912146369132512,0.0408747644196303,0.013324802568408279,0.17674869855121894,0.5518614479821408,15,10,3,5,11,11,5,38
deepseek-coder-6.7b,command_exec_branch_merge_00_safe,command_exec_branch_merge_00,safe,clean_heldout,clean,-1,11,5723, safe,76.61077880859375,1.00000009151449,98,0.13630780851094076,0.048753106847882116,0.01132850906910034,0.07815256677071458,0.06634764804967928,0.042996895130620306,0.2152236504743103,0.400889906661242,15,10,3,5,11,11,5,38
deepseek-coder-6.7b,command_exec_branch_merge_00_safe,command_exec_branch_merge_00,safe,clean_heldout,clean,-1,15,24281, vulnerable,179.03402709960938,0.9999999773924099,98,0.08365304311085975,0.015040147593581401,0.006259865057613567,0.0652408324518583,0.04112805420007727,0.015385327406782017,0.10107016498956292,0.6722225425820744,15,10,3,5,11,11,5,38
deepseek-coder-6.7b,command_exec_branch_merge_00_safe,command_exec_branch_merge_00,safe,clean_heldout,clean,-1,15,5723, safe,76.61077880859375,1.000000101774616,98,0.1165705109625435,0.043309912906183204,0.053761127119423456,0.04323911492385671,0.05331727289630373,0.04054248198258056,0.12491539120714498,0.5243442897765798,15,10,3,5,11,11,5,38
deepseek-coder-6.7b,command_exec_branch_merge_00_safe,command_exec_branch_merge_00,safe,clean_heldout,clean,-1,19,24281, vulnerable,179.03402709960938,0.9999999493540042,98,0.04247168878596784,0.010691110014454263,0.00711781463542495,0.08016424400060035,0.02366730164909981,0.009088616794196099,0.037848165827454275,0.7889510076468067,15,10,3,5,11,11,5,38
deepseek-coder-6.7b,command_exec_branch_merge_00_safe,command_exec_branch_merge_00,safe,clean_heldout,clean,-1,19,5723, safe,76.61077880859375,1.0000001535858216,98,0.07707554363162533,0.03555066714261515,0.02486809807481491,0.022321323149848308,0.02773456668930422,0.03966319206707759,0.0730817502481943,0.6997050125823419,15,10,3,5,11,11,5,38
deepseek-coder-6.7b,command_exec_branch_merge_00_safe,command_exec_branch_merge_00,safe,clean_heldout,clean,-1,23,24281, vulnerable,179.03402709960938,0.9999999120041428,98,0.032586388483907366,0.01062542294858125,0.006990103911247715,0.07043193582598578,0.01891641112736337,0.012297776202589926,0.006804676352720609,0.8413471971517468,15,10,3,5,11,11,5,38
deepseek-coder-6.7b,command_exec_branch_merge_00_safe,command_exec_branch_merge_00,safe,clean_heldout,clean,-1,23,5723, safe,76.61077880859375,1.0000001578406132,98,0.06494368667243983,0.04062410607557062,0.0231295363333897,0.05670093275707143,0.026495909145920694,0.03704579003221672,0.06466370052197236,0.686396496302032,15,10,3,5,11,11,5,38
deepseek-coder-6.7b,command_exec_branch_merge_00_safe,command_exec_branch_merge_00,safe,clean_heldout,clean,-1,27,24281, vulnerable,179.03402709960938,0.9999998971162176,98,0.026825653396085402,0.010918676206728303,0.005051015384482707,0.06413008827577261,0.01502125513898802,0.013709622642556324,-0.0172577556592956,0.8816013417308999,15,10,3,5,11,11,5,38
deepseek-coder-6.7b,command_exec_branch_merge_00_safe,command_exec_branch_merge_00,safe,clean_heldout,clean,-1,27,5723, safe,76.61077880859375,1.0000000788716805,98,0.05532212094263381,0.024960554745751838,0.013152661463412242,0.06094253133244512,0.03263216891797992,0.03419195676304816,0.03622124370041093,0.7425768410059984,15,10,3,5,11,11,5,38
deepseek-coder-6.7b,command_exec_branch_merge_01_unsafe,command_exec_branch_merge_01,unsafe,clean_heldout,clean,-1,0,24281, vulnerable,203.63565063476562,1.000000194738569,104,0.05767664393838537,0.029078060816509235,0.0037922852573933166,0.06957040471296581,0.01283510574191686,0.03130039885391834,0.32190346753346794,0.4738438278840122,15,10,4,10,11,11,5,38
deepseek-coder-6.7b,command_exec_branch_merge_01_unsafe,command_exec_branch_merge_01,unsafe,clean_heldout,clean,-1,0,5723, safe,76.00302124023438,1.0000001991235559,104,0.06684500734685879,0.015704952261659473,0.010880228158866955,0.06479085188264892,0.050847843411535934,0.03443014317233537,0.4112250936834839,0.3452760792061663,15,10,4,10,11,11,5,38
deepseek-coder-6.7b,command_exec_branch_merge_01_unsafe,command_exec_branch_merge_01,unsafe,clean_heldout,clean,-1,3,24281, vulnerable,203.63565063476562,0.9999998988804659,104,0.059550923874369346,0.03428514162746594,0.005014084287640157,0.07268965624261453,0.014470132908663275,0.031800657705876006,0.2987829455056122,0.48340635672822446,15,10,4,10,11,11,5,38
deepseek-coder-6.7b,command_exec_branch_merge_01_unsafe,command_exec_branch_merge_01,unsafe,clean_heldout,clean,-1,3,5723, safe,76.00302124023438,0.9999996278533915,104,0.07144916104931168,0.01608834416773039,0.015847185813161496,0.08007683825745583,0.056397916986270794,0.03476694254358846,0.38460775621788507,0.3407654828179878,15,10,4,10,11,11,5,38
deepseek-coder-6.7b,command_exec_branch_merge_01_unsafe,command_exec_branch_merge_01,unsafe,clean_heldout,clean,-1,7,24281, vulnerable,203.63565063476562,0.9999998935203531,104,0.07668732292982619,0.040322980650144113,0.009721358526737306,0.09501470116271606,0.010402217607556755,0.02721086007113999,0.252731034914311,0.48790941765792173,15,10,4,10,11,11,5,38
deepseek-coder-6.7b,command_exec_branch_merge_01_unsafe,command_exec_branch_merge_01,unsafe,clean_heldout,clean,-1,7,5723, safe,76.00302124023438,0.999999720565319,104,0.12243788865310579,0.045513294850611855,0.011942589874333808,0.10957603675938651,0.03398487422787448,0.05882893116782917,0.3104750726877981,0.3072410323443794,15,10,4,10,11,11,5,38
deepseek-coder-6.7b,command_exec_branch_merge_01_unsafe,command_exec_branch_merge_01,unsafe,clean_heldout,clean,-1,11,24281, vulnerable,203.63565063476562,0.9999998990725518,104,0.07163860445626956,0.026662395072158777,0.01241875146140457,0.11959826799158793,0.025560947468682902,0.03784541603047994,0.16447683020679085,0.5417986863851771,15,10,4,10,11,11,5,38
deepseek-coder-6.7b,command_exec_branch_merge_01_unsafe,command_exec_branch_merge_01,unsafe,clean_heldout,clean,-1,11,5723, safe,76.00302124023438,0.9999997764424522,104,0.10724970245603033,0.034151408033880414,0.050689889710883035,0.10753509893300132,0.05252401161185959,0.08337977598836133,0.2074772514740709,0.3569926382343654,15,10,4,10,11,11,5,38
deepseek-coder-6.7b,command_exec_branch_merge_01_unsafe,command_exec_branch_merge_01,unsafe,clean_heldout,clean,-1,15,24281, vulnerable,203.63565063476562,0.9999999184503657,104,0.05475661973389267,0.01944782250146118,0.017906213955454983,0.11294530022874436,0.02619259091761717,0.041823734375229474,0.09816160363002686,0.628766033107939,15,10,4,10,11,11,5,38
deepseek-coder-6.7b,command_exec_branch_merge_01_unsafe,command_exec_branch_merge_01,unsafe,clean_heldout,clean,-1,15,5723, safe,76.00302124023438,0.9999996991457514,104,0.09888881240932296,0.04397486719013192,0.08577346983266593,0.09162131801728539,0.04845368115510565,0.05188688176653653,0.13350089098814097,0.445899777786562,15,10,4,10,11,11,5,38
deepseek-coder-6.7b,command_exec_branch_merge_01_unsafe,command_exec_branch_merge_01,unsafe,clean_heldout,clean,-1,19,24281, vulnerable,203.63565063476562,0.9999999720652142,104,0.03672281176908111,0.014216947431750886,0.007047857700323091,0.10552805714186471,0.019513736627211536,0.016578622186793863,0.04715909563756522,0.7532328435706236,15,10,4,10,11,11,5,38
deepseek-coder-6.7b,command_exec_branch_merge_01_unsafe,command_exec_branch_merge_01,unsafe,clean_heldout,clean,-1,19,5723, safe,76.00302124023438,0.999999861924663,104,0.07579994381254285,0.038714029415090626,0.012854483660453416,0.04301401175227,0.037387329329041256,0.059208048693779124,0.08942288735405848,0.6435991279074271,15,10,4,10,11,11,5,38
deepseek-coder-6.7b,command_exec_branch_merge_01_unsafe,command_exec_branch_merge_01,unsafe,clean_heldout,clean,-1,23,24281, vulnerable,203.63565063476562,0.9999999762773847,104,0.03046849999921673,0.01193789343710909,0.005124862388305699,0.08862370417483922,0.018087087925094513,0.01650297967126532,0.013709049815354889,0.8155458988661992,15,10,4,10,11,11,5,38
deepseek-coder-6.7b,command_exec_branch_merge_01_unsafe,command_exec_branch_merge_01,unsafe,clean_heldout,clean,-1,23,5723, safe,76.00302124023438,1.0000000177924555,104,0.057469739117013495,0.043059373985349675,0.012695479543219203,0.05235625958632018,0.03530975075878088,0.051595798222783124,0.08573049423938361,0.6617831223396053,15,10,4,10,11,11,5,38
deepseek-coder-6.7b,command_exec_branch_merge_01_unsafe,command_exec_branch_merge_01,unsafe,clean_heldout,clean,-1,27,24281, vulnerable,203.63565063476562,0.9999999642399983,104,0.02460322658839948,0.01147010878281386,0.0028881212338683977,0.06582785800945196,0.014499597210902705,0.012159121482455867,-0.009498014288733904,0.8780499452208399,15,10,4,10,11,11,5,38
deepseek-coder-6.7b,command_exec_branch_merge_01_unsafe,command_exec_branch_merge_01,unsafe,clean_heldout,clean,-1,27,5723, safe,76.00302124023438,1.0000002038167448,104,0.05258601660398306,0.026916155433900545,0.009699208606241697,0.06346227099190258,0.033235688538962554,0.04309352981429412,0.056703394430517445,0.7143039393969428,15,10,4,10,11,11,5,38
deepseek-coder-6.7b,command_exec_branch_merge_01_safe,command_exec_branch_merge_01,safe,clean_heldout,clean,-1,0,24281, vulnerable,209.7230987548828,1.0000003276722047,103,0.06371133157915919,0.026814097394235296,0.0045801729810141766,0.0682535786739992,0.008450478137717897,0.02932665968755814,0.32537108548385707,0.4734929237346636,15,10,3,10,11,11,5,38
deepseek-coder-6.7b,command_exec_branch_merge_01_safe,command_exec_branch_merge_01,safe,clean_heldout,clean,-1,0,5723, safe,70.1792984008789,1.000000478392464,103,0.09630836619395672,0.019664975669612984,-0.0008970203340195476,0.054214099596873226,0.013517702335637385,0.051470659443862476,0.43243960637004825,0.33328208911649254,15,10,3,10,11,11,5,38
deepseek-coder-6.7b,command_exec_branch_merge_01_safe,command_exec_branch_merge_01,safe,clean_heldout,clean,-1,3,24281, vulnerable,209.7230987548828,0.9999999563920821,103,0.06957695133958704,0.03144570711346721,0.007169517573931677,0.07129918067378997,0.01423587055527012,0.028784969910933086,0.2989369521739943,0.4785508070511088,15,10,3,10,11,11,5,38
deepseek-coder-6.7b,command_exec_branch_merge_01_safe,command_exec_branch_merge_01,safe,clean_heldout,clean,-1,3,5723, safe,70.1792984008789,1.0000001563013243,103,0.10458316723900153,0.023635933940162356,0.005580267600318355,0.06475688814400023,0.014981568731253142,0.048038102756042714,0.40036135469065154,0.3380628731998946,15,10,3,10,11,11,5,38
deepseek-coder-6.7b,command_exec_branch_merge_01_safe,command_exec_branch_merge_01,safe,clean_heldout,clean,-1,7,24281, vulnerable,209.7230987548828,0.9999999503971035,103,0.09508491204895628,0.03151884943972326,0.014232240760072838,0.08884614468126295,0.01618239104284137,0.018764673932944724,0.2619054147674404,0.4734653237238617,15,10,3,10,11,11,5,38
deepseek-coder-6.7b,command_exec_branch_merge_01_safe,command_exec_branch_merge_01,safe,clean_heldout,clean,-1,7,5723, safe,70.1792984008789,1.0000000951768635,103,0.15403046519186098,0.062302942169714735,-0.0047487379724132335,0.08516986451684633,0.021830882694467528,0.028589114575683798,0.3369823013916011,0.3158432626091021,15,10,3,10,11,11,5,38
deepseek-coder-6.7b,command_exec_branch_merge_01_safe,command_exec_branch_merge_01,safe,clean_heldout,clean,-1,11,24281, vulnerable,209.7230987548828,1.0000000054798543,103,0.09672348462835409,0.0224186911082866,0.01759289776394052,0.10440341158417424,0.03869761171463135,0.030614277013341597,0.17655465004898716,0.5129949816181388,15,10,3,10,11,11,5,38
deepseek-coder-6.7b,command_exec_branch_merge_01_safe,command_exec_branch_merge_01,safe,clean_heldout,clean,-1,11,5723, safe,70.1792984008789,1.0000002010763853,103,0.1424840464127341,0.03468664714311079,0.0056857989421909404,0.07871195439020576,0.0766197307132729,0.0660428375568949,0.2294513489285964,0.36631783698937953,15,10,3,10,11,11,5,38
deepseek-coder-6.7b,command_exec_branch_merge_01_safe,command_exec_branch_merge_01,safe,clean_heldout,clean,-1,15,24281, vulnerable,209.7230987548828,1.0000000874112278,103,0.07233809137688346,0.014471669243128326,0.037071734279412294,0.08214606369739108,0.03663331309715628,0.025076898376589458,0.10402011905219233,0.6282421982884746,15,10,3,10,11,11,5,38
deepseek-coder-6.7b,command_exec_branch_merge_01_safe,command_exec_branch_merge_01,safe,clean_heldout,clean,-1,15,5723, safe,70.1792984008789,1.0000002258128151,103,0.12448133169170862,0.0385080127576414,0.052457417227906034,0.025879716341530412,0.06556088463937514,0.04914705529115976,0.14622882474989785,0.4977369831135958,15,10,3,10,11,11,5,38
deepseek-coder-6.7b,command_exec_branch_merge_01_safe,command_exec_branch_merge_01,safe,clean_heldout,clean,-1,19,24281, vulnerable,209.7230987548828,1.0000000608201673,103,0.037200485600267175,0.013084651531808437,0.02793550280325722,0.0860670443987859,0.019071567906128475,0.01751890960394234,0.04549696286422436,0.7536249361117535,15,10,3,10,11,11,5,38
deepseek-coder-6.7b,command_exec_branch_merge_01_safe,command_exec_branch_merge_01,safe,clean_heldout,clean,-1,19,5723, safe,70.1792984008789,1.0000002737993654,103,0.08727662392499255,0.03691118534535123,0.01848196611254709,-0.026298479359389712,0.031308198236784233,0.045955456456695146,0.09662944781134312,0.7097358752710416,15,10,3,10,11,11,5,38
deepseek-coder-6.7b,command_exec_branch_merge_01_safe,command_exec_branch_merge_01,safe,clean_heldout,clean,-1,23,24281, vulnerable,209.7230987548828,1.0000000298594338,103,0.02936714876011121,0.012096103684206994,0.016282683001585807,0.07326202006135148,0.017890965467886842,0.01701469892328364,0.017054764173057763,0.8170316457879503,15,10,3,10,11,11,5,38
deepseek-coder-6.7b,command_exec_branch_merge_01_safe,command_exec_branch_merge_01,safe,clean_heldout,clean,-1,23,5723, safe,70.1792984008789,1.0000004025774305,103,0.06529551973305976,0.04253652163233516,0.023929332838626253,0.0328906950285139,0.03237748067830471,0.04573951782985204,0.08498266065034119,0.6722486741863976,15,10,3,10,11,11,5,38
deepseek-coder-6.7b,command_exec_branch_merge_01_safe,command_exec_branch_merge_01,safe,clean_heldout,clean,-1,27,24281, vulnerable,209.7230987548828,1.00000003056995,103,0.02254858582697384,0.012330263620258146,0.0024229521606911296,0.05831947804446068,0.013165033207635212,0.010896785358164147,-0.007517292264955223,0.8878342246167219,15,10,3,10,11,11,5,38
deepseek-coder-6.7b,command_exec_branch_merge_01_safe,command_exec_branch_merge_01,safe,clean_heldout,clean,-1,27,5723, safe,70.1792984008789,1.0000003824326342,103,0.0555599305181251,0.03141394243934989,0.012567919781041907,0.06728112316093117,0.033699617656459395,0.04162291018743489,0.05036855993487174,0.7074863787544201,15,10,3,10,11,11,5,38
deepseek-coder-6.7b,command_exec_branch_merge_07_unsafe,command_exec_branch_merge_07,unsafe,clean_heldout,clean,-1,0,24281, vulnerable,153.23712158203125,1.0000004404112943,103,0.08373520897970814,-0.01098659480040807,9.778249021687537e-05,0.07728507119003812,0.011138061971190603,0.03008477309065699,0.30268912067311005,0.5059570168167816,15,10,3,10,11,11,5,38
deepseek-coder-6.7b,command_exec_branch_merge_07_unsafe,command_exec_branch_merge_07,unsafe,clean_heldout,clean,-1,0,5723, safe,35.69608688354492,1.0000006035605766,103,0.15688204140352033,0.004318987804354311,-0.0088655633040997,0.021685943412485517,0.014638780322052654,0.045024704700914187,0.48494979536500876,0.2813659138563406,15,10,3,10,11,11,5,38
deepseek-coder-6.7b,command_exec_branch_merge_07_unsafe,command_exec_branch_merge_07,unsafe,clean_heldout,clean,-1,3,24281, vulnerable,153.23712158203125,1.0000001430558767,103,0.08057102478266097,0.0007533665729756154,0.0022527220518077182,0.07863876928787146,0.0006629747560625925,0.026479029919008416,0.2848437783325755,0.5257984773529143,15,10,3,10,11,11,5,38
deepseek-coder-6.7b,command_exec_branch_merge_07_unsafe,command_exec_branch_merge_07,unsafe,clean_heldout,clean,-1,3,5723, safe,35.69608688354492,1.0000000823410715,103,0.15569712531017849,0.011174010900263048,0.0007778168260684061,0.038618295696026136,-0.010952683944067948,0.02958661048015285,0.4721504570791497,0.3029484499933008,15,10,3,10,11,11,5,38
deepseek-coder-6.7b,command_exec_branch_merge_07_unsafe,command_exec_branch_merge_07,unsafe,clean_heldout,clean,-1,7,24281, vulnerable,153.23712158203125,1.0000001268406893,103,0.07824345775352841,0.011284014495340073,0.0035488235125936164,0.09345212871088593,0.003285184793397303,0.024840506075686674,0.2529364265026727,0.5324095849965846,15,10,3,10,11,11,5,38
deepseek-coder-6.7b,command_exec_branch_merge_07_unsafe,command_exec_branch_merge_07,unsafe,clean_heldout,clean,-1,7,5723, safe,35.69608688354492,1.0000000209244422,103,0.17574254207797824,0.039099930435257106,-0.018929398339863734,0.07051391607106694,0.0004853984254233083,0.043398326136048805,0.37359227533298095,0.31609703078555046,15,10,3,10,11,11,5,38
deepseek-coder-6.7b,command_exec_branch_merge_07_unsafe,command_exec_branch_merge_07,unsafe,clean_heldout,clean,-1,11,24281, vulnerable,153.23712158203125,1.00000009947908,103,0.07117555614021896,0.013072199594617943,0.011261039264512353,0.10281289388659133,0.016921613053592077,0.020859020766956383,0.1969241423933199,0.5669736343792711,15,10,3,10,11,11,5,38
deepseek-coder-6.7b,command_exec_branch_merge_07_unsafe,command_exec_branch_merge_07,unsafe,clean_heldout,clean,-1,11,5723, safe,35.69608688354492,1.0000003162669422,103,0.15553791576960468,0.03747767398549455,-0.013336242982244752,0.04449438488994541,0.04356906191340597,0.04569651788562455,0.25255010528302657,0.43401089952208527,15,10,3,10,11,11,5,38
deepseek-coder-6.7b,command_exec_branch_merge_07_unsafe,command_exec_branch_merge_07,unsafe,clean_heldout,clean,-1,15,24281, vulnerable,153.23712158203125,1.0000000977773364,103,0.060452431817322405,0.0159050408552161,0.009732800793247391,0.06852545333085538,0.0177820904198846,0.008241794920347904,0.13158598264852706,0.6877745029919355,15,10,3,10,11,11,5,38
deepseek-coder-6.7b,command_exec_branch_merge_07_unsafe,command_exec_branch_merge_07,unsafe,clean_heldout,clean,-1,15,5723, safe,35.69608688354492,1.0000004349779295,103,0.15124758224071777,0.0564534390106508,0.04212717916428667,-0.032007563531490466,0.05337793820494811,0.024957958882179186,0.1665829725159404,0.5372609284906971,15,10,3,10,11,11,5,38
deepseek-coder-6.7b,command_exec_branch_merge_07_unsafe,command_exec_branch_merge_07,unsafe,clean_heldout,clean,-1,19,24281, vulnerable,153.23712158203125,1.000000045090133,103,0.029521311540794893,0.016617953684082934,0.007796644512708577,0.0733173196952116,0.019705821345168704,0.0012572021745471122,0.06395683378781834,0.7878269583498008,15,10,3,10,11,11,5,38
deepseek-coder-6.7b,command_exec_branch_merge_07_unsafe,command_exec_branch_merge_07,unsafe,clean_heldout,clean,-1,19,5723, safe,35.69608688354492,1.0000006355081819,103,0.10433307532852606,0.046476743788114415,0.03350539604732132,-0.09533564420715596,0.08405628661996534,0.01714188591627625,0.09840246883120143,0.7114204231839328,15,10,3,10,11,11,5,38
deepseek-coder-6.7b,command_exec_branch_merge_07_unsafe,command_exec_branch_merge_07,unsafe,clean_heldout,clean,-1,23,24281, vulnerable,153.23712158203125,1.0000000618948528,103,0.026812499840716777,0.011580718339589183,0.005328109403469493,0.06081553376615053,0.019338549735071594,0.001989237073008015,0.03031009704829765,0.8438253166885497,15,10,3,10,11,11,5,38
deepseek-coder-6.7b,command_exec_branch_merge_07_unsafe,command_exec_branch_merge_07,unsafe,clean_heldout,clean,-1,23,5723, safe,35.69608688354492,1.0000002888720991,103,0.08942655847248844,0.04389172620381853,0.019064454708161035,-0.007619267316496432,0.07275387123678134,0.024471990435294515,0.12461254069590057,0.6333984144361511,15,10,3,10,11,11,5,38
deepseek-coder-6.7b,command_exec_branch_merge_07_unsafe,command_exec_branch_merge_07,unsafe,clean_heldout,clean,-1,27,24281, vulnerable,153.23712158203125,1.0000000943981593,103,0.026456668653031493,0.011285061833559009,0.0037080968131170495,0.05929484799850938,0.019175998195300515,0.00544050120615166,-0.005529445920917555,0.8801683656194078,15,10,3,10,11,11,5,38
deepseek-coder-6.7b,command_exec_branch_merge_07_unsafe,command_exec_branch_merge_07,unsafe,clean_heldout,clean,-1,27,5723, safe,35.69608688354492,1.0000006483185322,103,0.07774488543599717,0.022281731132761336,0.015454345467920703,0.08342918140192668,0.07497775100413945,0.009029752574910715,0.058662553740229106,0.6584204475606471,15,10,3,10,11,11,5,38
deepseek-coder-6.7b,command_exec_branch_merge_07_safe,command_exec_branch_merge_07,safe,clean_heldout,clean,-1,0,24281, vulnerable,164.36669921875,1.0000004687360133,103,0.06931907710084567,0.0068054005210565205,0.005686030137421444,0.08962330792806185,0.013681293100133066,0.021429814549614158,0.29592780163600585,0.4975277437628747,15,10,3,10,11,11,5,38
deepseek-coder-6.7b,command_exec_branch_merge_07_safe,command_exec_branch_merge_07,safe,clean_heldout,clean,-1,0,5723, safe,40.76357650756836,1.0000006097617118,103,0.08974142719145939,0.015120512737219712,-0.006921515336684173,0.05730022303991794,0.005413625000666761,0.041403914970654855,0.4796953477924751,0.31824707436600236,15,10,3,10,11,11,5,38
deepseek-coder-6.7b,command_exec_branch_merge_07_safe,command_exec_branch_merge_07,safe,clean_heldout,clean,-1,3,24281, vulnerable,164.36669921875,1.0000001919910435,103,0.06823023635285361,0.015118111733234397,0.004450545220585232,0.09223761572287237,0.011260175935992378,0.015998075132926715,0.27706018074710526,0.5156452511454737,15,10,3,10,11,11,5,38
deepseek-coder-6.7b,command_exec_branch_merge_07_safe,command_exec_branch_merge_07,safe,clean_heldout,clean,-1,3,5723, safe,40.76357650756836,0.9999999705274605,103,0.08742870440062782,0.025337295147919783,-0.005367716379741786,0.0691174918803254,0.000639603640610685,0.01636963970485141,0.46099458186629483,0.34548037026657236,15,10,3,10,11,11,5,38
deepseek-coder-6.7b,command_exec_branch_merge_07_safe,command_exec_branch_merge_07,safe,clean_heldout,clean,-1,7,24281, vulnerable,164.36669921875,1.0000002466465037,103,0.08017924995315953,0.018973319811661525,0.00816276255813022,0.11253516704773403,0.010285414992369986,0.010324724030990546,0.24274549981370575,0.5167941084387521,15,10,3,10,11,11,5,38
deepseek-coder-6.7b,command_exec_branch_merge_07_safe,command_exec_branch_merge_07,safe,clean_heldout,clean,-1,7,5723, safe,40.76357650756836,1.0000000943578204,103,0.14433618318674532,0.06416259603708808,-0.019288405778342864,0.08865506134113353,0.021755745715544846,0.017840638646233614,0.3626786338939055,0.3198596413155124,15,10,3,10,11,11,5,38
deepseek-coder-6.7b,command_exec_branch_merge_07_safe,command_exec_branch_merge_07,safe,clean_heldout,clean,-1,11,24281, vulnerable,164.36669921875,1.0000003106737374,103,0.076967793578088,0.013858527192210385,0.012633532678689326,0.1397583615402619,0.021747213481111936,0.013371315978941714,0.17410284022702605,0.5475607259974082,15,10,3,10,11,11,5,38
deepseek-coder-6.7b,command_exec_branch_merge_07_safe,command_exec_branch_merge_07,safe,clean_heldout,clean,-1,11,5723, safe,40.76357650756836,1.0000003187603659,103,0.16586539930771801,0.03173496227649459,0.022786041909957838,0.08400278642692277,0.07698409852802195,0.04015926778334253,0.2428288195364333,0.33563894299147484,15,10,3,10,11,11,5,38
deepseek-coder-6.7b,command_exec_branch_merge_07_safe,command_exec_branch_merge_07,safe,clean_heldout,clean,-1,15,24281, vulnerable,164.36669921875,1.0000003452371116,103,0.04796575821066137,0.01678681436561027,0.025990845346300792,0.1241050489467492,0.028324630088691807,0.008374877678655416,0.11758420757362001,0.6308681630268228,15,10,3,10,11,11,5,38
deepseek-coder-6.7b,command_exec_branch_merge_07_safe,command_exec_branch_merge_07,safe,clean_heldout,clean,-1,15,5723, safe,40.76357650756836,1.0000003534876993,103,0.13347031191263284,0.05896659243025313,0.08104580415671939,-0.00952769341659596,0.07004284609415497,0.027410250650224354,0.17342661360240436,0.4651656280579061,15,10,3,10,11,11,5,38
deepseek-coder-6.7b,command_exec_branch_merge_07_safe,command_exec_branch_merge_07,safe,clean_heldout,clean,-1,19,24281, vulnerable,164.36669921875,1.0000002990695096,103,0.028427078377119257,0.014328201640757609,0.008360812277906682,0.10955552321074469,0.006937706079845467,0.0031605482874158485,0.06297429761146232,0.7662561315842578,15,10,3,10,11,11,5,38
deepseek-coder-6.7b,command_exec_branch_merge_07_safe,command_exec_branch_merge_07,safe,clean_heldout,clean,-1,19,5723, safe,40.76357650756836,1.0000004138949818,103,0.08208986864218706,0.047829492639887485,0.01871008783912711,-0.13993926557491804,0.07821367542343893,0.013623560414581952,0.12195498896586135,0.7775180055448161,15,10,3,10,11,11,5,38
deepseek-coder-6.7b,command_exec_branch_merge_07_safe,command_exec_branch_merge_07,safe,clean_heldout,clean,-1,23,24281, vulnerable,164.36669921875,1.0000002891651198,103,0.025509110580660417,0.011851269149108272,0.0009855363757847243,0.0833642785151678,0.007160137336287117,0.003977028968021336,0.027230802967718615,0.8399221252723715,15,10,3,10,11,11,5,38
deepseek-coder-6.7b,command_exec_branch_merge_07_safe,command_exec_branch_merge_07,safe,clean_heldout,clean,-1,23,5723, safe,40.76357650756836,1.0000001392748845,103,0.07756938272463107,0.04580161508983088,0.016800759855403746,-0.018448103464871378,0.06568913677891493,0.021016633139972905,0.13618790249783663,0.6553828126531657,15,10,3,10,11,11,5,38
deepseek-coder-6.7b,command_exec_branch_merge_07_safe,command_exec_branch_merge_07,safe,clean_heldout,clean,-1,27,24281, vulnerable,164.36669921875,1.0000002855274663,103,0.024595066311627674,0.009907164674115699,-0.0011825210450215262,0.07182713901033407,0.010749779906054899,0.00670293284314285,-0.005882245709258419,0.8832829695364711,15,10,3,10,11,11,5,38
deepseek-coder-6.7b,command_exec_branch_merge_07_safe,command_exec_branch_merge_07,safe,clean_heldout,clean,-1,27,5723, safe,40.76357650756836,1.0000002084553883,103,0.06514476234066427,0.024341648698768713,-0.004404693427334381,0.05480299561721459,0.06370377393834785,0.0070217131065816755,0.07293573843078846,0.7164542697503572,15,10,3,10,11,11,5,38
deepseek-coder-6.7b,command_exec_branch_merge_11_unsafe,command_exec_branch_merge_11,unsafe,clean_heldout,clean,-1,0,24281, vulnerable,183.03292846679688,1.0000002180836305,104,0.07789484119179903,0.002937374505296201,0.006139741198695509,0.07794674155442498,0.01412561107021065,0.027986781623508646,0.32241024381659206,0.47055888312310346,15,10,4,10,11,11,5,38
deepseek-coder-6.7b,command_exec_branch_merge_11_unsafe,command_exec_branch_merge_11,unsafe,clean_heldout,clean,-1,0,5723, safe,76.18328857421875,1.0000007227279322,104,0.09918394254749746,0.015871622349493204,0.003879320780727556,0.0761690813973775,0.047493194676433696,0.050753941935351786,0.4142766539682906,0.2923729650727603,15,10,4,10,11,11,5,38
deepseek-coder-6.7b,command_exec_branch_merge_11_unsafe,command_exec_branch_merge_11,unsafe,clean_heldout,clean,-1,3,24281, vulnerable,183.03292846679688,1.0000000057802847,104,0.07736425342713636,0.013231755652405964,0.0073614160221266,0.0837179714454689,0.007787380836385098,0.029281775837876736,0.29752691500527584,0.4837285375536091,15,10,4,10,11,11,5,38
deepseek-coder-6.7b,command_exec_branch_merge_11_unsafe,command_exec_branch_merge_11,unsafe,clean_heldout,clean,-1,3,5723, safe,76.18328857421875,1.0000001277243138,104,0.09825147615781617,0.01991387664136814,0.008881249919570846,0.09411985949108087,0.039977541336110145,0.04998384324593141,0.39003284504470287,0.29883943588773343,15,10,4,10,11,11,5,38
deepseek-coder-6.7b,command_exec_branch_merge_11_unsafe,command_exec_branch_merge_11,unsafe,clean_heldout,clean,-1,7,24281, vulnerable,183.03292846679688,1.0000000597058638,104,0.08171013050410697,0.034498865094984815,0.006163711958132205,0.10638795693258395,-0.005790154258364626,0.034958006911915356,0.25283023061802984,0.4892413119444753,15,10,4,10,11,11,5,38
deepseek-coder-6.7b,command_exec_branch_merge_11_unsafe,command_exec_branch_merge_11,unsafe,clean_heldout,clean,-1,7,5723, safe,76.18328857421875,1.0000001939091756,104,0.1260306177327643,0.06061975277223335,-0.004904758539520096,0.1353166560513744,0.03100409597752455,0.058845652762109915,0.3116352997450002,0.28145287740768893,15,10,4,10,11,11,5,38
deepseek-coder-6.7b,command_exec_branch_merge_11_unsafe,command_exec_branch_merge_11,unsafe,clean_heldout,clean,-1,11,24281, vulnerable,183.03292846679688,1.0000001104563567,104,0.0718152366101954,0.027334678982862775,0.009954780096449251,0.11839044409564944,0.01879275744200296,0.048954735502285136,0.1742850342022998,0.5304724435246121,15,10,4,10,11,11,5,38
deepseek-coder-6.7b,command_exec_branch_merge_11_unsafe,command_exec_branch_merge_11,unsafe,clean_heldout,clean,-1,11,5723, safe,76.18328857421875,1.0000003740288195,104,0.10271104201721679,0.048280108330450607,0.01564578639859252,0.12907544207587435,0.07956087478028132,0.08642044558145885,0.21054920322060117,0.327757471624344,15,10,4,10,11,11,5,38
deepseek-coder-6.7b,command_exec_branch_merge_11_unsafe,command_exec_branch_merge_11,unsafe,clean_heldout,clean,-1,15,24281, vulnerable,183.03292846679688,1.0000001388285995,104,0.05658022717102623,0.018380065850833998,0.012870315179837704,0.10066901321781979,0.023616438565276197,0.04430680719326744,0.11289258007140912,0.630684691579129,15,10,4,10,11,11,5,38
deepseek-coder-6.7b,command_exec_branch_merge_11_unsafe,command_exec_branch_merge_11,unsafe,clean_heldout,clean,-1,15,5723, safe,76.18328857421875,1.0000003413153562,104,0.09760666812551175,0.03906676565956889,0.055974465833995624,0.1110478036758577,0.052547493693446724,0.07180346689291274,0.13491702975370476,0.4370366476803581,15,10,4,10,11,11,5,38
deepseek-coder-6.7b,command_exec_branch_merge_11_unsafe,command_exec_branch_merge_11,unsafe,clean_heldout,clean,-1,19,24281, vulnerable,183.03292846679688,1.0000000718872033,104,0.03591054146022463,0.012886049847633387,0.008970662438634022,0.08699784805306932,0.02216446311313665,0.021518322388439606,0.05547483502787271,0.756077349558193,15,10,4,10,11,11,5,38
deepseek-coder-6.7b,command_exec_branch_merge_11_unsafe,command_exec_branch_merge_11,unsafe,clean_heldout,clean,-1,19,5723, safe,76.18328857421875,1.0000004675726988,104,0.06938379631872757,0.034259710107759044,0.017427326985685037,0.026804749874843478,0.03946122459922121,0.04196397020644993,0.0890276671346621,0.6816720223453501,15,10,4,10,11,11,5,38
deepseek-coder-6.7b,command_exec_branch_merge_11_unsafe,command_exec_branch_merge_11,unsafe,clean_heldout,clean,-1,23,24281, vulnerable,183.03292846679688,1.000000106680854,104,0.02998642132793952,0.009452760442732765,0.00660772160018644,0.07721479447689891,0.02198248599056972,0.020029816106581153,0.01726357525566796,0.8174625314802775,15,10,4,10,11,11,5,38
deepseek-coder-6.7b,command_exec_branch_merge_11_unsafe,command_exec_branch_merge_11,unsafe,clean_heldout,clean,-1,23,5723, safe,76.18328857421875,1.0000005902970848,104,0.06226145577326605,0.0334937762480702,0.019306994661932666,0.06005708955415419,0.04160937025014206,0.04264664996478079,0.08951676949747914,0.6511084843472599,15,10,4,10,11,11,5,38
deepseek-coder-6.7b,command_exec_branch_merge_11_unsafe,command_exec_branch_merge_11,unsafe,clean_heldout,clean,-1,27,24281, vulnerable,183.03292846679688,1.000000118852017,104,0.025100318787556027,0.008725644935278878,0.005948049686839868,0.06615464670174073,0.018039295941114402,0.010868724960042568,-0.009628644748289755,0.8747920825877341,15,10,4,10,11,11,5,38
deepseek-coder-6.7b,command_exec_branch_merge_11_unsafe,command_exec_branch_merge_11,unsafe,clean_heldout,clean,-1,27,5723, safe,76.18328857421875,1.0000007656123973,104,0.05454972790973528,0.018617568424172108,0.017340569218625944,0.07032667021067669,0.03873201852122568,0.03560178365318246,0.05669778798732181,0.7081346396874575,15,10,4,10,11,11,5,38
deepseek-coder-6.7b,command_exec_branch_merge_11_safe,command_exec_branch_merge_11,safe,clean_heldout,clean,-1,0,24281, vulnerable,186.35711669921875,1.0000005698766847,103,0.07827533845893447,0.015765780110886314,0.005024098099581597,0.06603026999920936,0.009243173657729711,0.03271064495743812,0.3074368653075386,0.4855143992853665,15,10,3,10,11,11,5,38
deepseek-coder-6.7b,command_exec_branch_merge_11_safe,command_exec_branch_merge_11,safe,clean_heldout,clean,-1,0,5723, safe,67.15851593017578,1.0000007549828724,103,0.10747090736039978,0.03698295373684153,5.024305103116687e-05,0.050683012267925834,0.03386717638600866,0.0715666886625883,0.41110810511432927,0.28827166840374796,15,10,3,10,11,11,5,38
deepseek-coder-6.7b,command_exec_branch_merge_11_safe,command_exec_branch_merge_11,safe,clean_heldout,clean,-1,3,24281, vulnerable,186.35711669921875,1.0000003458480609,103,0.07964557828146622,0.02272851127516253,0.005828926777394765,0.06772962616089485,0.00779644764046265,0.03159159105732268,0.28608454945406975,0.4985951152012876,15,10,3,10,11,11,5,38
deepseek-coder-6.7b,command_exec_branch_merge_11_safe,command_exec_branch_merge_11,safe,clean_heldout,clean,-1,3,5723, safe,67.15851593017578,1.0000005509846075,103,0.10806671298196054,0.03993242997687558,0.002714862523304192,0.05997572639724966,0.03234860672768055,0.06711131759433235,0.38679957926995095,0.3030513155132535,15,10,3,10,11,11,5,38
deepseek-coder-6.7b,command_exec_branch_merge_11_safe,command_exec_branch_merge_11,safe,clean_heldout,clean,-1,7,24281, vulnerable,186.35711669921875,1.0000003226296041,103,0.0993730081902322,0.031884709332985685,0.016057136522463582,0.08432396385272269,-0.00018514783338433602,0.029459985689194647,0.23682968556816042,0.5022569813072292,15,10,3,10,11,11,5,38
deepseek-coder-6.7b,command_exec_branch_merge_11_safe,command_exec_branch_merge_11,safe,clean_heldout,clean,-1,7,5723, safe,67.15851593017578,1.0000005105191618,103,0.15820543294488684,0.07816060770614133,-0.01187620734467432,0.07254447147035008,0.0515368886955969,0.04725850181685646,0.31402284845624034,0.2901479667737641,15,10,3,10,11,11,5,38
deepseek-coder-6.7b,command_exec_branch_merge_11_safe,command_exec_branch_merge_11,safe,clean_heldout,clean,-1,11,24281, vulnerable,186.35711669921875,1.0000004014604131,103,0.09254024359281735,0.024076735242920512,0.029573927982555613,0.10087728177760971,0.028978136281591328,0.03468056540754651,0.15460574096666693,0.5346677702087052,15,10,3,10,11,11,5,38
deepseek-coder-6.7b,command_exec_branch_merge_11_safe,command_exec_branch_merge_11,safe,clean_heldout,clean,-1,11,5723, safe,67.15851593017578,1.0000005153727964,103,0.15934138786436533,0.054438074099668096,0.008782422838715512,0.06901563594181212,0.13821903809666594,0.06520061879739437,0.21855487390175923,0.28644846383241584,15,10,3,10,11,11,5,38
deepseek-coder-6.7b,command_exec_branch_merge_11_safe,command_exec_branch_merge_11,safe,clean_heldout,clean,-1,15,24281, vulnerable,186.35711669921875,1.0000003323247841,103,0.07224704179867572,0.017825390921252716,0.048225303893718624,0.0816359343719551,0.04290358815534139,0.03262414819947433,0.09852408767276531,0.6060148373116009,15,10,3,10,11,11,5,38
deepseek-coder-6.7b,command_exec_branch_merge_11_safe,command_exec_branch_merge_11,safe,clean_heldout,clean,-1,15,5723, safe,67.15851593017578,1.0000005053049714,103,0.15902574529622693,0.0433580272815547,0.046052523815120094,0.04333205159954285,0.0812714122170396,0.05139456071261636,0.1562930235052117,0.4192731608776592,15,10,3,10,11,11,5,38
deepseek-coder-6.7b,command_exec_branch_merge_11_safe,command_exec_branch_merge_11,safe,clean_heldout,clean,-1,19,24281, vulnerable,186.35711669921875,1.0000002927744467,103,0.03595209162574408,0.012414527162991863,0.04327081820618716,0.07871834628670688,0.022098131189882686,0.024554720411637917,0.04474278675407964,0.7382488711372165,15,10,3,10,11,11,5,38
deepseek-coder-6.7b,command_exec_branch_merge_11_safe,command_exec_branch_merge_11,safe,clean_heldout,clean,-1,19,5723, safe,67.15851593017578,1.000000637337702,103,0.07915239087163696,0.0337410287569052,0.02237528687898611,0.0092311271078784,0.03435701339232983,0.04145997431078895,0.11345287008422283,0.6662309459349537,15,10,3,10,11,11,5,38
deepseek-coder-6.7b,command_exec_branch_merge_11_safe,command_exec_branch_merge_11,safe,clean_heldout,clean,-1,23,24281, vulnerable,186.35711669921875,1.0000002595709538,103,0.029444171191403853,0.01126383915983401,0.024715230213868712,0.06316855444681965,0.02245795034507005,0.02318543792316562,0.018129894646616643,0.8076351816441754,15,10,3,10,11,11,5,38
deepseek-coder-6.7b,command_exec_branch_merge_11_safe,command_exec_branch_merge_11,safe,clean_heldout,clean,-1,23,5723, safe,67.15851593017578,1.0000007885353555,103,0.06848456205320023,0.03475756618031492,0.045077572278068724,0.05211065665243432,0.04019209344079806,0.04255733321059914,0.11225898600879444,0.6045620187111458,15,10,3,10,11,11,5,38
deepseek-coder-6.7b,command_exec_branch_merge_11_safe,command_exec_branch_merge_11,safe,clean_heldout,clean,-1,27,24281, vulnerable,186.35711669921875,1.0000003019248975,103,0.024888881262902385,0.009621892451923741,0.009430654091457123,0.05882733797127292,0.018262649887083336,0.01215886369659551,-0.009542926674917712,0.8763529492385802,15,10,3,10,11,11,5,38
deepseek-coder-6.7b,command_exec_branch_merge_11_safe,command_exec_branch_merge_11,safe,clean_heldout,clean,-1,27,5723, safe,67.15851593017578,1.0000007804921895,103,0.06020580260347197,0.022008726465922543,0.026620939847069064,0.0772299980324175,0.038643352979207506,0.03918587209892033,0.07100121245413712,0.6651048760110435,15,10,3,10,11,11,5,38
deepseek-coder-6.7b,command_exec_branch_merge_12_unsafe,command_exec_branch_merge_12,unsafe,clean_heldout,clean,-1,0,24281, vulnerable,209.50054931640625,1.0000002827390122,99,0.05941602944669764,0.030898575349960686,0.0031689249178782726,0.05560659210825511,0.01276422748698809,0.033088951677644834,0.3264494452789212,0.4786075364726665,15,10,4,5,11,11,5,38
deepseek-coder-6.7b,command_exec_branch_merge_12_unsafe,command_exec_branch_merge_12,unsafe,clean_heldout,clean,-1,0,5723, safe,70.18171691894531,1.000000189657119,99,0.06972538780425246,0.017413507052952595,0.016173730648141323,0.04393672999782962,0.06313761438851975,0.037327320701792545,0.41694216112206534,0.3353437379415653,15,10,4,5,11,11,5,38
deepseek-coder-6.7b,command_exec_branch_merge_12_unsafe,command_exec_branch_merge_12,unsafe,clean_heldout,clean,-1,3,24281, vulnerable,209.50054931640625,1.0000001106114917,99,0.06157131633461196,0.03612348852292159,0.004958356637028701,0.059589333302281715,0.016039558215025073,0.0338987734395035,0.3024875869541574,0.4853316972059619,15,10,4,5,11,11,5,38
deepseek-coder-6.7b,command_exec_branch_merge_12_unsafe,command_exec_branch_merge_12,unsafe,clean_heldout,clean,-1,3,5723, safe,70.18171691894531,0.9999998641666478,99,0.07463801564544412,0.019508144051430757,0.02427979693749757,0.051874731734702834,0.07288838286111846,0.038838704387272854,0.3875308073227677,0.3304412812264136,15,10,4,5,11,11,5,38
deepseek-coder-6.7b,command_exec_branch_merge_12_unsafe,command_exec_branch_merge_12,unsafe,clean_heldout,clean,-1,7,24281, vulnerable,209.50054931640625,1.0000000349767388,99,0.08100860198342834,0.04222633775835995,0.010669090489971906,0.07899777131221163,0.012258066277418954,0.02812618906509096,0.2563789850235196,0.4903349930667377,15,10,4,5,11,11,5,38
deepseek-coder-6.7b,command_exec_branch_merge_12_unsafe,command_exec_branch_merge_12,unsafe,clean_heldout,clean,-1,7,5723, safe,70.18171691894531,0.9999999377894925,99,0.13521237611819922,0.05170708333442042,0.027701640043253196,0.07268876303721614,0.04958520713080635,0.06330462295479368,0.3104609688710816,0.2893392762997216,15,10,4,5,11,11,5,38
deepseek-coder-6.7b,command_exec_branch_merge_12_unsafe,command_exec_branch_merge_12,unsafe,clean_heldout,clean,-1,11,24281, vulnerable,209.50054931640625,1.000000120524828,99,0.07602054816573449,0.027142970395652898,0.012686194578056623,0.1026718980019269,0.026380013418594903,0.041888446456799205,0.1658301759474882,0.5473798735605746,15,10,4,5,11,11,5,38
deepseek-coder-6.7b,command_exec_branch_merge_12_unsafe,command_exec_branch_merge_12,unsafe,clean_heldout,clean,-1,11,5723, safe,70.18171691894531,1.0000000805233276,99,0.12295849350861679,0.033767650163493805,0.05638632628025675,0.06924930586492367,0.060438828724717786,0.1010798491194165,0.20139367053429347,0.3547259563276087,15,10,4,5,11,11,5,38
deepseek-coder-6.7b,command_exec_branch_merge_12_unsafe,command_exec_branch_merge_12,unsafe,clean_heldout,clean,-1,15,24281, vulnerable,209.50054931640625,1.0000001941591319,99,0.05695810727660108,0.0189034576520528,0.018853930767559507,0.09027891909862235,0.026242444232037632,0.045233515307676504,0.09758577231562005,0.645944047508962,15,10,4,5,11,11,5,38
deepseek-coder-6.7b,command_exec_branch_merge_12_unsafe,command_exec_branch_merge_12,unsafe,clean_heldout,clean,-1,15,5723, safe,70.18171691894531,1.0000001731490407,99,0.11090525618777897,0.045337211032744504,0.09586454194572305,0.06251262512354795,0.05300700182702027,0.06451415441027096,0.11927537975366073,0.44858400286829403,15,10,4,5,11,11,5,38
deepseek-coder-6.7b,command_exec_branch_merge_12_unsafe,command_exec_branch_merge_12,unsafe,clean_heldout,clean,-1,19,24281, vulnerable,209.50054931640625,1.0000001688912386,99,0.037409933407168326,0.014238370284026863,0.008929790119867125,0.0956513321136015,0.020303522241069766,0.01809774569258078,0.04568832741044716,0.759681147622477,15,10,4,5,11,11,5,38
deepseek-coder-6.7b,command_exec_branch_merge_12_unsafe,command_exec_branch_merge_12,unsafe,clean_heldout,clean,-1,19,5723, safe,70.18171691894531,1.000000214525398,99,0.08550530242492126,0.04154979796473106,0.01769525592028652,0.012298191884338387,0.042266026848030346,0.06579485182002347,0.07001826977802571,0.6648725178850411,15,10,4,5,11,11,5,38
deepseek-coder-6.7b,command_exec_branch_merge_12_unsafe,command_exec_branch_merge_12,unsafe,clean_heldout,clean,-1,23,24281, vulnerable,209.50054931640625,1.0000001227831126,99,0.028994467591182908,0.013162353711864597,0.007235303220841514,0.082715481077039,0.019016043595921232,0.016907842013411424,0.014457854175173843,0.8175107773976781,15,10,4,5,11,11,5,38
deepseek-coder-6.7b,command_exec_branch_merge_12_unsafe,command_exec_branch_merge_12,unsafe,clean_heldout,clean,-1,23,5723, safe,70.18171691894531,1.0000003108932958,99,0.06668788413353524,0.048271508533059886,0.02542500808931935,0.06102413214465045,0.040566358018809236,0.06197995858731867,0.06802508290974815,0.628020378476855,15,10,4,5,11,11,5,38
deepseek-coder-6.7b,command_exec_branch_merge_12_unsafe,command_exec_branch_merge_12,unsafe,clean_heldout,clean,-1,27,24281, vulnerable,209.50054931640625,1.0000001203114466,99,0.025859437196003452,0.013567422259291048,0.00669574912115785,0.05575542636531937,0.014899815055892818,0.01206592991070131,-0.013490019073914289,0.8846463594769951,15,10,4,5,11,11,5,38
deepseek-coder-6.7b,command_exec_branch_merge_12_unsafe,command_exec_branch_merge_12,unsafe,clean_heldout,clean,-1,27,5723, safe,70.18171691894531,1.000000280942546,99,0.06089329299040096,0.034591186758080456,0.0167710366619014,0.07348281201046913,0.03751941872064021,0.0504095791615519,0.043223762123515766,0.683109192515986,15,10,4,5,11,11,5,38
deepseek-coder-6.7b,command_exec_branch_merge_12_safe,command_exec_branch_merge_12,safe,clean_heldout,clean,-1,0,24281, vulnerable,210.68380737304688,1.0000004036225518,98,0.06654163904555638,0.0293979004903297,0.007019422590331079,0.052396318264428844,0.013343457975106356,0.03005303910658537,0.32431260475437346,0.47693602139584057,15,10,3,5,11,11,5,38
deepseek-coder-6.7b,command_exec_branch_merge_12_safe,command_exec_branch_merge_12,safe,clean_heldout,clean,-1,0,5723, safe,74.30624389648438,1.0000003347967452,98,0.10219062196009768,0.020624529122766255,0.00222322969415687,0.04073904007369166,0.023457400101961425,0.04924299752643701,0.4276568511541775,0.3338656651634569,15,10,3,5,11,11,5,38
deepseek-coder-6.7b,command_exec_branch_merge_12_safe,command_exec_branch_merge_12,safe,clean_heldout,clean,-1,3,24281, vulnerable,210.68380737304688,1.0000001067810023,98,0.07252271528372947,0.03434870108571605,0.009274769477345946,0.05529725739756886,0.01977302917171062,0.030165310268493128,0.29708218675963477,0.48153613733680334,15,10,3,5,11,11,5,38
deepseek-coder-6.7b,command_exec_branch_merge_12_safe,command_exec_branch_merge_12,safe,clean_heldout,clean,-1,3,5723, safe,74.30624389648438,0.9999999854359907,98,0.1097827042012443,0.026470870863483632,0.005988069705783724,0.04802584250494996,0.026116781393051965,0.04703837700150818,0.39531111725635326,0.3412662225096158,15,10,3,5,11,11,5,38
deepseek-coder-6.7b,command_exec_branch_merge_12_safe,command_exec_branch_merge_12,safe,clean_heldout,clean,-1,7,24281, vulnerable,210.68380737304688,1.0000001285297409,98,0.09853468866272788,0.03484439869096398,0.016874293663208514,0.06971077952168891,0.020601504793063836,0.020723787023151544,0.2620836229657066,0.4766270532092297,15,10,3,5,11,11,5,38
deepseek-coder-6.7b,command_exec_branch_merge_12_safe,command_exec_branch_merge_12,safe,clean_heldout,clean,-1,7,5723, safe,74.30624389648438,0.9999999101718975,98,0.15936499428993772,0.0649440202515425,-0.004098725140197596,0.06823116639622924,0.03220095240395189,0.032343690474562495,0.3320767294155595,0.3149370820803118,15,10,3,5,11,11,5,38
deepseek-coder-6.7b,command_exec_branch_merge_12_safe,command_exec_branch_merge_12,safe,clean_heldout,clean,-1,11,24281, vulnerable,210.68380737304688,1.0000001444257702,98,0.09948291503171604,0.02557074667441968,0.01997099407715037,0.0827600091398625,0.04331965253081207,0.032775015578575525,0.17359325899198866,0.5225275524012454,15,10,3,5,11,11,5,38
deepseek-coder-6.7b,command_exec_branch_merge_12_safe,command_exec_branch_merge_12,safe,clean_heldout,clean,-1,11,5723, safe,74.30624389648438,1.000000024214859,98,0.1493008972394751,0.0385535917009276,-0.004977646510697504,0.06572444119092286,0.08753859008264106,0.07158804050565185,0.22356409203382566,0.36870801797211233,15,10,3,5,11,11,5,38
deepseek-coder-6.7b,command_exec_branch_merge_12_safe,command_exec_branch_merge_12,safe,clean_heldout,clean,-1,15,24281, vulnerable,210.68380737304688,1.0000001826363591,98,0.0732162987209543,0.015546809659716294,0.03663827850701372,0.06829834584675551,0.037925636989449445,0.026597822582655833,0.09966944098471403,0.6421075493451001,15,10,3,5,11,11,5,38
deepseek-coder-6.7b,command_exec_branch_merge_12_safe,command_exec_branch_merge_12,safe,clean_heldout,clean,-1,15,5723, safe,74.30624389648438,1.0000000481790465,98,0.12564180465888897,0.040459457618571934,0.049563464188957754,0.04533116246698485,0.0666179710900277,0.05443133236092181,0.13435114883520846,0.4836037069594849,15,10,3,5,11,11,5,38
deepseek-coder-6.7b,command_exec_branch_merge_12_safe,command_exec_branch_merge_12,safe,clean_heldout,clean,-1,19,24281, vulnerable,210.68380737304688,1.0000002810361401,98,0.03755113156043466,0.013473320615332976,0.028088378434143236,0.08142263966273565,0.02018859455722265,0.018183281920475067,0.042495980905237214,0.7585969533805585,15,10,3,5,11,11,5,38
deepseek-coder-6.7b,command_exec_branch_merge_12_safe,command_exec_branch_merge_12,safe,clean_heldout,clean,-1,19,5723, safe,74.30624389648438,1.0000000881862048,98,0.08734816022067374,0.03879292971223826,0.026310658889428046,0.00964947248819186,0.034107724348367896,0.049836041180104755,0.08561449804676188,0.6683406033004382,15,10,3,5,11,11,5,38
deepseek-coder-6.7b,command_exec_branch_merge_12_safe,command_exec_branch_merge_12,safe,clean_heldout,clean,-1,23,24281, vulnerable,210.68380737304688,1.0000002054813757,98,0.029176029123804827,0.013205174156962252,0.020121434947324164,0.0727580099363934,0.01836872167427302,0.017694112437842545,0.013289778377096726,0.8153869448276787,15,10,3,5,11,11,5,38
deepseek-coder-6.7b,command_exec_branch_merge_12_safe,command_exec_branch_merge_12,safe,clean_heldout,clean,-1,23,5723, safe,74.30624389648438,1.0000002181844019,98,0.0669745288216397,0.0447924469800513,0.03720494458090524,0.06888762069383564,0.033027480089181334,0.04885257749544175,0.07202102584684296,0.628239593676504,15,10,3,5,11,11,5,38
deepseek-coder-6.7b,command_exec_branch_merge_12_safe,command_exec_branch_merge_12,safe,clean_heldout,clean,-1,27,24281, vulnerable,210.68380737304688,1.0000001756210648,98,0.0238597078348811,0.013272896564098875,0.007231959689973113,0.05940537317799351,0.01370590159123261,0.01137772912353188,-0.01128296327382745,0.8824295709131811,15,10,3,5,11,11,5,38
deepseek-coder-6.7b,command_exec_branch_merge_12_safe,command_exec_branch_merge_12,safe,clean_heldout,clean,-1,27,5723, safe,74.30624389648438,1.0000002560859202,98,0.05733634266362136,0.032898739460393914,0.02236333647792672,0.07064542533277998,0.03347122492442766,0.04344661264400555,0.04203864112495673,0.6977999334578082,15,10,3,5,11,11,5,38
deepseek-coder-6.7b,command_exec_branch_merge_14_unsafe,command_exec_branch_merge_14,unsafe,clean_heldout,clean,-1,0,24281, vulnerable,156.0244903564453,1.000000758849067,98,0.08124895505773175,-0.010284941714409213,0.0038169375894670458,0.05750833106993482,0.03803742865389535,0.023775377448519815,0.2978535279029666,0.5080451428409608,15,10,3,5,11,11,5,38
deepseek-coder-6.7b,command_exec_branch_merge_14_unsafe,command_exec_branch_merge_14,unsafe,clean_heldout,clean,-1,0,5723, safe,43.33917999267578,1.0000015451350739,98,0.13612100675087774,0.004435479016358532,0.0005766893090461988,0.030797149475367984,0.0754695517450887,0.04453778755260491,0.4551793547597831,0.25288452652594695,15,10,3,5,11,11,5,38
deepseek-coder-6.7b,command_exec_branch_merge_14_unsafe,command_exec_branch_merge_14,unsafe,clean_heldout,clean,-1,3,24281, vulnerable,156.0244903564453,1.000000299206075,98,0.07801123254565537,0.002270488095436855,0.005295760863781086,0.06168939557638901,0.026629813241781028,0.02329098025462298,0.27898032650483173,0.523832302123577,15,10,3,5,11,11,5,38
deepseek-coder-6.7b,command_exec_branch_merge_14_unsafe,command_exec_branch_merge_14,unsafe,clean_heldout,clean,-1,3,5723, safe,43.33917999267578,1.0000011908218034,98,0.13230963468027038,0.011452641307545235,0.012125571345535152,0.05112672546677564,0.0566986786105073,0.04161243321279086,0.4410978365437088,0.2535776696546701,15,10,3,5,11,11,5,38
deepseek-coder-6.7b,command_exec_branch_merge_14_unsafe,command_exec_branch_merge_14,unsafe,clean_heldout,clean,-1,7,24281, vulnerable,156.0244903564453,1.0000003427564785,98,0.07435159319959625,0.019294378973569375,0.01113975881084028,0.07462864295915951,0.02042503015491059,0.025675164617163283,0.24325282977838575,0.5312329442628536,15,10,3,5,11,11,5,38
deepseek-coder-6.7b,command_exec_branch_merge_14_unsafe,command_exec_branch_merge_14,unsafe,clean_heldout,clean,-1,7,5723, safe,43.33917999267578,1.000001124828593,98,0.15553509703378293,0.03955480393480178,0.000519327670981153,0.08986591503709564,0.05322049181882303,0.061189004796826124,0.35428778209401446,0.2458287024422679,15,10,3,5,11,11,5,38
deepseek-coder-6.7b,command_exec_branch_merge_14_unsafe,command_exec_branch_merge_14,unsafe,clean_heldout,clean,-1,11,24281, vulnerable,156.0244903564453,1.0000003907598152,98,0.08189625091217466,0.018507662877431632,0.01373666262399732,0.098375607541881,0.013412889752005422,0.022497342246854003,0.17754781061089048,0.5740261641945807,15,10,3,5,11,11,5,38
deepseek-coder-6.7b,command_exec_branch_merge_14_unsafe,command_exec_branch_merge_14,unsafe,clean_heldout,clean,-1,11,5723, safe,43.33917999267578,1.0000013563098247,98,0.1290347146054706,0.030227014209708105,0.011370430657785431,0.11008916558717963,0.06991479143362561,0.06096459882790021,0.24397266813195828,0.3444279728561968,15,10,3,5,11,11,5,38
deepseek-coder-6.7b,command_exec_branch_merge_14_unsafe,command_exec_branch_merge_14,unsafe,clean_heldout,clean,-1,15,24281, vulnerable,156.0244903564453,1.0000003409657547,98,0.05897168336187427,0.015030207463796045,0.011072247125820068,0.07379039740009041,0.017289313909602786,0.017993997353150118,0.11288817742912355,0.6929643169222973,15,10,3,5,11,11,5,38
deepseek-coder-6.7b,command_exec_branch_merge_14_unsafe,command_exec_branch_merge_14,unsafe,clean_heldout,clean,-1,15,5723, safe,43.33917999267578,1.0000011044138908,98,0.12302939459979181,0.050789183711928,0.030001217806171335,0.08386365371249947,0.06376921387229761,0.039748057842035805,0.15547558705992182,0.453324795809245,15,10,3,5,11,11,5,38
deepseek-coder-6.7b,command_exec_branch_merge_14_unsafe,command_exec_branch_merge_14,unsafe,clean_heldout,clean,-1,19,24281, vulnerable,156.0244903564453,1.0000003280128524,98,0.03380266277527155,0.01672430518154418,0.014147428405826144,0.08140287956551256,0.01916210828031859,0.0032822726169561512,0.05206049936017276,0.7794181718272505,15,10,3,5,11,11,5,38
deepseek-coder-6.7b,command_exec_branch_merge_14_unsafe,command_exec_branch_merge_14,unsafe,clean_heldout,clean,-1,19,5723, safe,43.33917999267578,1.0000009498638518,98,0.08381315491705044,0.04771447395078108,0.02527155528338306,0.010421039395559287,0.07732972925140938,0.023379658659415506,0.09877170037956692,0.6332996380266861,15,10,3,5,11,11,5,38
deepseek-coder-6.7b,command_exec_branch_merge_14_unsafe,command_exec_branch_merge_14,unsafe,clean_heldout,clean,-1,23,24281, vulnerable,156.0244903564453,1.0000002695039358,98,0.029394560178546508,0.012801471407569393,0.00975967165507199,0.06684197087929994,0.01790045118202702,0.0034988748940456894,0.012552175169291576,0.8472510941380837,15,10,3,5,11,11,5,38
deepseek-coder-6.7b,command_exec_branch_merge_14_unsafe,command_exec_branch_merge_14,unsafe,clean_heldout,clean,-1,23,5723, safe,43.33917999267578,1.0000010094318035,98,0.0747504987493075,0.042711509239216565,0.03248163350029478,0.07185293891886495,0.06638447658135681,0.02570666427153417,0.11305021643029296,0.5730630717409358,15,10,3,5,11,11,5,38
deepseek-coder-6.7b,command_exec_branch_merge_14_unsafe,command_exec_branch_merge_14,unsafe,clean_heldout,clean,-1,27,24281, vulnerable,156.0244903564453,1.000000348206248,98,0.02400895946443664,0.011073524849053764,0.008997151341750338,0.06284177306076075,0.017829700280553536,0.0055071116880536135,-0.019138272218104747,0.8888803997397441,15,10,3,5,11,11,5,38
deepseek-coder-6.7b,command_exec_branch_merge_14_unsafe,command_exec_branch_merge_14,unsafe,clean_heldout,clean,-1,27,5723, safe,43.33917999267578,1.000000901427285,98,0.06056322085851501,0.023473921633515478,0.019591819948168998,0.08247452615831373,0.05316625021339252,0.014388830395891915,0.07020633529759338,0.6761359969218941,15,10,3,5,11,11,5,38
deepseek-coder-6.7b,command_exec_branch_merge_14_safe,command_exec_branch_merge_14,safe,clean_heldout,clean,-1,0,24281, vulnerable,165.30587768554688,1.0000004475372628,98,0.08899290141349699,0.005383905340789254,0.003979458523611421,0.06343310548019815,0.030709537671950362,0.0046143605439248735,0.3024867072161722,0.5004004713471194,15,10,3,5,11,11,5,38
deepseek-coder-6.7b,command_exec_branch_merge_14_safe,command_exec_branch_merge_14,safe,clean_heldout,clean,-1,0,5723, safe,37.85115051269531,1.0000019046628577,98,0.13318205405017017,0.05138392597540406,-0.011693451766477429,-0.012602894842990927,0.0913421235914331,0.00430343639992224,0.5167184608199666,0.2273682504354299,15,10,3,5,11,11,5,38
deepseek-coder-6.7b,command_exec_branch_merge_14_safe,command_exec_branch_merge_14,safe,clean_heldout,clean,-1,3,24281, vulnerable,165.30587768554688,1.0000003513885276,98,0.09050430567021261,0.014777847522768464,0.0010135459932403106,0.0693109936808429,0.024897180902083364,-6.065247684716314e-05,0.28217768635584495,0.5173794437403824,15,10,3,5,11,11,5,38
deepseek-coder-6.7b,command_exec_branch_merge_14_safe,command_exec_branch_merge_14,safe,clean_heldout,clean,-1,3,5723, safe,37.85115051269531,1.0000013719674583,98,0.13636569276359864,0.06314520096302179,-0.021496874273113135,-0.0025251653554232358,0.08015359374108712,-0.009737421509741714,0.5008992776243714,0.2531970680136573,15,10,3,5,11,11,5,38
deepseek-coder-6.7b,command_exec_branch_merge_14_safe,command_exec_branch_merge_14,safe,clean_heldout,clean,-1,7,24281, vulnerable,165.30587768554688,1.0000003619127182,98,0.1024199283916149,0.01994165187875006,0.006922590034875432,0.08586298061745776,0.018248443603543794,2.0291439557608274e-05,0.23839636183934698,0.5281881141075718,15,10,3,5,11,11,5,38
deepseek-coder-6.7b,command_exec_branch_merge_14_safe,command_exec_branch_merge_14,safe,clean_heldout,clean,-1,7,5723, safe,37.85115051269531,1.000001477571553,98,0.183469185688836,0.08372936423942894,-0.04390017614849635,0.018383044332187248,0.09500819656467285,0.014577473565836474,0.38250096024337027,0.2662334290857178,15,10,3,5,11,11,5,38
deepseek-coder-6.7b,command_exec_branch_merge_14_safe,command_exec_branch_merge_14,safe,clean_heldout,clean,-1,11,24281, vulnerable,165.30587768554688,1.000000401147442,98,0.10671130355325492,0.01569447831776517,0.006233626937465006,0.11835227973941168,0.019023357517954056,0.01145912772718657,0.15950205188743033,0.5630241754669743,15,10,3,5,11,11,5,38
deepseek-coder-6.7b,command_exec_branch_merge_14_safe,command_exec_branch_merge_14,safe,clean_heldout,clean,-1,11,5723, safe,37.85115051269531,1.0000016236260516,98,0.2030198439105576,0.04262074632059823,-0.021581327629501258,0.0324188698204335,0.15229699130189797,0.046918887703645475,0.24803290730834476,0.2962747048900753,15,10,3,5,11,11,5,38
deepseek-coder-6.7b,command_exec_branch_merge_14_safe,command_exec_branch_merge_14,safe,clean_heldout,clean,-1,15,24281, vulnerable,165.30587768554688,1.0000003623183615,98,0.06818698177136553,0.018445342759369248,0.02200152083722174,0.09957055114807921,0.03153658123785132,0.011746328258444034,0.09950208306247177,0.6490109732435587,15,10,3,5,11,11,5,38
deepseek-coder-6.7b,command_exec_branch_merge_14_safe,command_exec_branch_merge_14,safe,clean_heldout,clean,-1,15,5723, safe,37.85115051269531,1.000001617942327,98,0.1640187596303061,0.06125878450981201,0.04339260094178334,0.057695342403772776,0.1111261456042443,0.02543634763630628,0.16528539345037901,0.3717882437657234,15,10,3,5,11,11,5,38
deepseek-coder-6.7b,command_exec_branch_merge_14_safe,command_exec_branch_merge_14,safe,clean_heldout,clean,-1,19,24281, vulnerable,165.30587768554688,1.0000003898006966,98,0.03266051386659497,0.015797013354931267,0.01714651383480119,0.0986715579275452,0.01701006817650558,0.0057971796925811786,0.044864190175893055,0.7680533527718443,15,10,3,5,11,11,5,38
deepseek-coder-6.7b,command_exec_branch_merge_14_safe,command_exec_branch_merge_14,safe,clean_heldout,clean,-1,19,5723, safe,37.85115051269531,1.0000015262399826,98,0.09367039193270346,0.05419695746418073,0.05167261666710507,-0.06399940857061465,0.09732252176994659,0.01910173496831668,0.1146072878457865,0.6334294241625584,15,10,3,5,11,11,5,38
deepseek-coder-6.7b,command_exec_branch_merge_14_safe,command_exec_branch_merge_14,safe,clean_heldout,clean,-1,23,24281, vulnerable,165.30587768554688,1.000000411192748,98,0.027805671420148715,0.014118339578551213,0.00865257812530288,0.07679510017164604,0.017064180274518167,0.006353692898703728,0.013945604916552255,0.8352652438073251,15,10,3,5,11,11,5,38
deepseek-coder-6.7b,command_exec_branch_merge_14_safe,command_exec_branch_merge_14,safe,clean_heldout,clean,-1,23,5723, safe,37.85115051269531,1.0000016879185725,98,0.0915366977583861,0.05600859029886211,0.039145149524280894,0.049669322143735234,0.0766675653663719,0.028404068726653638,0.12524604317183896,0.5333242509284435,15,10,3,5,11,11,5,38
deepseek-coder-6.7b,command_exec_branch_merge_14_safe,command_exec_branch_merge_14,safe,clean_heldout,clean,-1,27,24281, vulnerable,165.30587768554688,1.000000387017533,98,0.025328836119020162,0.012365552834800028,0.0023357995351173206,0.05506093416052783,0.016995079114899513,0.007930654085386993,-0.015746988755656534,0.8957305199234376,15,10,3,5,11,11,5,38
deepseek-coder-6.7b,command_exec_branch_merge_14_safe,command_exec_branch_merge_14,safe,clean_heldout,clean,-1,27,5723, safe,37.85115051269531,1.000001216169432,98,0.07562246748192257,0.03647046648600568,0.0048441665190846975,0.08386023458150767,0.05650191515319248,0.01750016878053901,0.06734979040462982,0.65785200676255,15,10,3,5,11,11,5,38
deepseek-coder-6.7b,command_exec_helper_03_unsafe,command_exec_helper_03,unsafe,clean_heldout,clean,-1,0,24281, vulnerable,195.75057983398438,1.0000005089026451,86,0.07048315360624723,0.016648266673441835,0.0014434648147714192,0.051769081093914544,0.018802648253775128,0.009406172870447906,0.06200799198633378,0.7694397296037134,8,5,3,10,10,10,5,35
deepseek-coder-6.7b,command_exec_helper_03_unsafe,command_exec_helper_03,unsafe,clean_heldout,clean,-1,0,5723, safe,69.95319366455078,1.0000011933964494,86,0.0898469882717729,0.001640315231889739,0.0060204599823823705,0.026777640470870025,0.03133618873765801,0.036672980813787205,0.04176655576988201,0.7659400641182071,8,5,3,10,10,10,5,35
deepseek-coder-6.7b,command_exec_helper_03_unsafe,command_exec_helper_03,unsafe,clean_heldout,clean,-1,3,24281, vulnerable,195.75057983398438,1.0000000241691172,86,0.06884160681515326,0.025525645182514458,0.0023213024853044463,0.05124706333428595,0.01473922195618753,0.007838287876981589,0.045669513560794496,0.7838173829578954,8,5,3,10,10,10,5,35
deepseek-coder-6.7b,command_exec_helper_03_unsafe,command_exec_helper_03,unsafe,clean_heldout,clean,-1,3,5723, safe,69.95319366455078,1.0000007764971832,86,0.08544322884188803,0.014939083255443259,0.010305896626628262,0.031429043816266766,0.025604757904399436,0.03033127564970272,0.03778955031980373,0.764157940083051,8,5,3,10,10,10,5,35
deepseek-coder-6.7b,command_exec_helper_03_unsafe,command_exec_helper_03,unsafe,clean_heldout,clean,-1,7,24281, vulnerable,195.75057983398438,1.0000000485666036,86,0.07655068621170308,0.04098105486517156,0.00033447089209476255,0.05789150340086805,0.01981130033789933,0.00667431469385854,0.06286265916204747,0.734894059002961,8,5,3,10,10,10,5,35
deepseek-coder-6.7b,command_exec_helper_03_unsafe,command_exec_helper_03,unsafe,clean_heldout,clean,-1,7,5723, safe,69.95319366455078,1.0000007434530505,86,0.10700836759030931,0.03414204999295172,-0.006911526180402676,0.043491170765313586,0.04905425763763503,0.03038914734945176,0.09003551098795332,0.6527917653098381,8,5,3,10,10,10,5,35
deepseek-coder-6.7b,command_exec_helper_03_unsafe,command_exec_helper_03,unsafe,clean_heldout,clean,-1,11,24281, vulnerable,195.75057983398438,1.0000000714987187,86,0.08195513197303157,0.027206851972243803,0.005459653277200124,0.07315506342804538,0.019731187955174125,0.0155331355839266,0.0555412777522058,0.7214177695568914,8,5,3,10,10,10,5,35
deepseek-coder-6.7b,command_exec_helper_03_unsafe,command_exec_helper_03,unsafe,clean_heldout,clean,-1,11,5723, safe,69.95319366455078,1.000000875523074,86,0.11366247875035923,0.03279835444840469,-0.0005177221612068187,0.04994135238886214,0.050199055087548614,0.04422511679761651,0.08996596781288224,0.6197262723986072,8,5,3,10,10,10,5,35
deepseek-coder-6.7b,command_exec_helper_03_unsafe,command_exec_helper_03,unsafe,clean_heldout,clean,-1,15,24281, vulnerable,195.75057983398438,1.0000001724571173,86,0.06453373939622047,0.01527355576500872,0.009859222436920782,0.04660786845481736,0.019731945133647014,0.011530494882182229,0.051861615470300604,0.7806017309180201,8,5,3,10,10,10,5,35
deepseek-coder-6.7b,command_exec_helper_03_unsafe,command_exec_helper_03,unsafe,clean_heldout,clean,-1,15,5723, safe,69.95319366455078,1.0000009617147405,86,0.10919451076253107,0.025420487842979886,0.01764744876841891,0.03757185285611736,0.04085999943559236,0.038596217089343,0.09065434595925032,0.640056099000508,8,5,3,10,10,10,5,35
deepseek-coder-6.7b,command_exec_helper_03_unsafe,command_exec_helper_03,unsafe,clean_heldout,clean,-1,19,24281, vulnerable,195.75057983398438,1.0000001239856675,86,0.017618069452015488,0.013951351292822895,0.008791278141956595,0.05074218524675318,0.016249514208359364,0.006302559475089224,0.01427755231235253,0.8720676138563181,8,5,3,10,10,10,5,35
deepseek-coder-6.7b,command_exec_helper_03_unsafe,command_exec_helper_03,unsafe,clean_heldout,clean,-1,19,5723, safe,69.95319366455078,1.0000010651873439,86,0.046624301805429605,0.026128353240858642,0.02065701956776736,0.02692929988726162,0.048326227969612376,0.0406212348859917,0.026941519240165534,0.7637731085902568,8,5,3,10,10,10,5,35
deepseek-coder-6.7b,command_exec_helper_03_unsafe,command_exec_helper_03,unsafe,clean_heldout,clean,-1,23,24281, vulnerable,195.75057983398438,1.000000097171269,86,0.016241432417198904,0.013024323303088347,0.006386640388774475,0.043290996647485404,0.017262660282885513,0.007733220081595791,0.0024722300194373586,0.8935885940308034,8,5,3,10,10,10,5,35
deepseek-coder-6.7b,command_exec_helper_03_unsafe,command_exec_helper_03,unsafe,clean_heldout,clean,-1,23,5723, safe,69.95319366455078,1.000000906117521,86,0.031912119217412,0.025321555466376572,0.01665732576572666,0.05331773457834524,0.05392590979460605,0.044519578151899684,0.024442489614013345,0.7499041935291414,8,5,3,10,10,10,5,35
deepseek-coder-6.7b,command_exec_helper_03_unsafe,command_exec_helper_03,unsafe,clean_heldout,clean,-1,27,24281, vulnerable,195.75057983398438,1.0000001270591419,86,0.013798924864269892,0.01196276437466725,0.006957742009304716,0.04404655980502546,0.014754412607846483,0.009727699049875239,-0.0032586216660533754,0.9020106460142061,8,5,3,10,10,10,5,35
deepseek-coder-6.7b,command_exec_helper_03_unsafe,command_exec_helper_03,unsafe,clean_heldout,clean,-1,27,5723, safe,69.95319366455078,1.0000007822486199,86,0.021741029073349682,0.017976709668609557,0.020529184305541393,0.07761898329019387,0.042664667717273765,0.032551879299347906,0.013809706897933833,0.7731086219963699,8,5,3,10,10,10,5,35
deepseek-coder-6.7b,command_exec_helper_03_safe,command_exec_helper_03,safe,clean_heldout,clean,-1,0,24281, vulnerable,191.94003295898438,1.0000005148329347,86,0.05185237049836386,0.022441532610955724,0.0009526986174052579,0.05933242327360036,0.01775619432120046,0.016605177238184898,0.0763998262389198,0.7546602920343042,8,5,3,10,10,10,5,35
deepseek-coder-6.7b,command_exec_helper_03_safe,command_exec_helper_03,safe,clean_heldout,clean,-1,0,5723, safe,70.394287109375,1.0000004191159404,86,0.05240038940677355,0.012486534946194314,0.0033612643834970606,0.05131481148890803,0.0007184845467625234,0.03672305761063384,0.05101054710192246,0.7919853296312487,8,5,3,10,10,10,5,35
deepseek-coder-6.7b,command_exec_helper_03_safe,command_exec_helper_03,safe,clean_heldout,clean,-1,3,24281, vulnerable,191.94003295898438,1.000000288683747,86,0.049381985166928655,0.030089514472435047,-0.0005642683863447773,0.061923825437294924,0.02307343986704369,0.012879410787362898,0.05636791873589214,0.7668484626031342,8,5,3,10,10,10,5,35
deepseek-coder-6.7b,command_exec_helper_03_safe,command_exec_helper_03,safe,clean_heldout,clean,-1,3,5723, safe,70.394287109375,1.000000000423363,86,0.04507153036236062,0.028004224648459856,-0.0015207366358589507,0.06267594989657077,0.011750004335235056,0.018434700185388876,0.048851949529803124,0.7867323781014034,8,5,3,10,10,10,5,35
deepseek-coder-6.7b,command_exec_helper_03_safe,command_exec_helper_03,safe,clean_heldout,clean,-1,7,24281, vulnerable,191.94003295898438,1.0000002509922157,86,0.06121581544714827,0.05022002131338013,-0.0002841189958277228,0.07433597369008081,0.030853228198310285,-0.0059886487230991735,0.06787728144952429,0.7217706986126988,8,5,3,10,10,10,5,35
deepseek-coder-6.7b,command_exec_helper_03_safe,command_exec_helper_03,safe,clean_heldout,clean,-1,7,5723, safe,70.394287109375,1.0000000527615887,86,0.07972266705421861,0.06280434662520917,-0.01333386552859521,0.07181064604985235,0.05312008920321902,0.006477709279746757,0.08415916625843203,0.6552392938195061,8,5,3,10,10,10,5,35
deepseek-coder-6.7b,command_exec_helper_03_safe,command_exec_helper_03,safe,clean_heldout,clean,-1,11,24281, vulnerable,191.94003295898438,1.0000002266538117,86,0.07290725053804037,0.03304409429815644,-0.0030689129518787764,0.10524049358001009,0.02952926332014337,0.015132174572036116,0.05733056867449608,0.6898852946228081,8,5,3,10,10,10,5,35
deepseek-coder-6.7b,command_exec_helper_03_safe,command_exec_helper_03,safe,clean_heldout,clean,-1,11,5723, safe,70.394287109375,1.0000002060718423,86,0.10021749163028683,0.03644426294128628,-0.01039032115251953,0.0892742567578186,0.08439370395675548,0.029812283644675468,0.08067984969875536,0.5895686785947839,8,5,3,10,10,10,5,35
deepseek-coder-6.7b,command_exec_helper_03_safe,command_exec_helper_03,safe,clean_heldout,clean,-1,15,24281, vulnerable,191.94003295898438,1.0000002769803518,86,0.04891012616757759,0.01777052982544116,0.012631180378905066,0.08956202820108973,0.04390545749033239,0.015708559058326424,0.05355432130755891,0.7179580745511205,8,5,3,10,10,10,5,35
deepseek-coder-6.7b,command_exec_helper_03_safe,command_exec_helper_03,safe,clean_heldout,clean,-1,15,5723, safe,70.394287109375,1.0000004473092567,86,0.07901345657384884,0.024539190126949228,0.02478968733268702,0.07742923700387977,0.06638976496705187,0.028519565290485813,0.0824077693982802,0.616911776616074,8,5,3,10,10,10,5,35
deepseek-coder-6.7b,command_exec_helper_03_safe,command_exec_helper_03,safe,clean_heldout,clean,-1,19,24281, vulnerable,191.94003295898438,1.0000001726687477,86,0.020704853985457898,0.014062899910640622,0.01104907513084127,0.07807586569244535,0.012384032379229273,0.009350673439302112,0.022142396975230686,0.8322303751556006,8,5,3,10,10,10,5,35
deepseek-coder-6.7b,command_exec_helper_03_safe,command_exec_helper_03,safe,clean_heldout,clean,-1,19,5723, safe,70.394287109375,1.0000003524230696,86,0.05470417530806587,0.02395895453003952,0.015541407650484137,0.00688126028686928,0.04242013328015502,0.03489109200515256,0.04381386311390316,0.7777894662484002,8,5,3,10,10,10,5,35
deepseek-coder-6.7b,command_exec_helper_03_safe,command_exec_helper_03,safe,clean_heldout,clean,-1,23,24281, vulnerable,191.94003295898438,1.0000001700971062,86,0.0166335189018699,0.012792271732273328,0.004951265638797818,0.06481086832732172,0.015509716686253654,0.010310700633467895,0.006845024613776379,0.8681468035633455,8,5,3,10,10,10,5,35
deepseek-coder-6.7b,command_exec_helper_03_safe,command_exec_helper_03,safe,clean_heldout,clean,-1,23,5723, safe,70.394287109375,1.0000004286548334,86,0.032794321965680925,0.022023976817635356,0.011583462089250025,0.0684481696315836,0.04565679143444935,0.040669396892429,0.04783848619908402,0.7309858236247211,8,5,3,10,10,10,5,35
deepseek-coder-6.7b,command_exec_helper_03_safe,command_exec_helper_03,safe,clean_heldout,clean,-1,27,24281, vulnerable,191.94003295898438,1.000000137422702,86,0.012929043896335868,0.011747990399034278,0.002800906144363098,0.057090437908275296,0.012335772439507129,0.012039213326602438,-0.0014599261405696153,0.8925166994491536,8,5,3,10,10,10,5,35
deepseek-coder-6.7b,command_exec_helper_03_safe,command_exec_helper_03,safe,clean_heldout,clean,-1,27,5723, safe,70.394287109375,1.0000001497116695,86,0.022014704748985828,0.018339320092554557,0.0053509023080520485,0.09682517083366299,0.033572641236708445,0.03068381359171718,0.026184888325699707,0.767028708574289,8,5,3,10,10,10,5,35
deepseek-coder-6.7b,command_exec_helper_04_unsafe,command_exec_helper_04,unsafe,clean_heldout,clean,-1,0,24281, vulnerable,204.27232360839844,1.0000005839221713,81,0.03899173219814536,0.022527733144783693,0.01044951530358852,0.047188599675241805,0.021686695773337553,0.02059142283738536,0.06743491695018394,0.7711299680395051,8,5,3,5,10,10,5,35
deepseek-coder-6.7b,command_exec_helper_04_unsafe,command_exec_helper_04,unsafe,clean_heldout,clean,-1,0,5723, safe,71.02163696289062,1.0000001146357969,81,0.06537573539878647,0.01193672785649356,0.013172971095089102,0.0371820254034747,0.02047239072065897,0.04708102882528657,0.04432518725867306,0.7604540480773344,8,5,3,5,10,10,5,35
deepseek-coder-6.7b,command_exec_helper_04_unsafe,command_exec_helper_04,unsafe,clean_heldout,clean,-1,3,24281, vulnerable,204.27232360839844,1.000000101068801,81,0.03650884533896524,0.028136089461432298,0.010750588720988032,0.04878715898092438,0.02304095263816453,0.019331550887897245,0.04781512528235012,0.7856297897580793,8,5,3,5,10,10,5,35
deepseek-coder-6.7b,command_exec_helper_04_unsafe,command_exec_helper_04,unsafe,clean_heldout,clean,-1,3,5723, safe,71.02163696289062,0.9999999076304561,81,0.0620228720183728,0.02378351746553424,0.009502734249280907,0.038816923739328546,0.016606615601865,0.04383194637786273,0.037024371520686335,0.7684109266575255,8,5,3,5,10,10,5,35
deepseek-coder-6.7b,command_exec_helper_04_unsafe,command_exec_helper_04,unsafe,clean_heldout,clean,-1,7,24281, vulnerable,204.27232360839844,1.0000001528615465,81,0.048711816001252614,0.05178820397236433,0.025861229823682295,0.061115018657340064,0.02215498228808325,0.01610007012428429,0.058804431508447136,0.7154644004860923,8,5,3,5,10,10,5,35
deepseek-coder-6.7b,command_exec_helper_04_unsafe,command_exec_helper_04,unsafe,clean_heldout,clean,-1,7,5723, safe,71.02163696289062,0.9999999301852,81,0.0859113375986638,0.05070588820159915,-0.0029383078181874044,0.04894208289567199,0.039846829047741214,0.05723755370991572,0.07460392208120617,0.6456906244685894,8,5,3,5,10,10,5,35
deepseek-coder-6.7b,command_exec_helper_04_unsafe,command_exec_helper_04,unsafe,clean_heldout,clean,-1,11,24281, vulnerable,204.27232360839844,1.0000001760223869,81,0.050039906295736354,0.03936798265782568,0.04508412153780057,0.0914691181060687,0.051347761602279926,0.017677872137721047,0.04669397778957139,0.6583194358953831,8,5,3,5,10,10,5,35
deepseek-coder-6.7b,command_exec_helper_04_unsafe,command_exec_helper_04,unsafe,clean_heldout,clean,-1,11,5723, safe,71.02163696289062,1.000000067978949,81,0.08348886259422117,0.03884414301399847,0.027665642072283572,0.07352299007430807,0.07751742188419813,0.06721561219075184,0.061891316177221364,0.5698540799719662,8,5,3,5,10,10,5,35
deepseek-coder-6.7b,command_exec_helper_04_unsafe,command_exec_helper_04,unsafe,clean_heldout,clean,-1,15,24281, vulnerable,204.27232360839844,1.0000002165812127,81,0.032735712980228635,0.015153347540383937,0.07625649457100447,0.08606147695117669,0.04497448198570932,0.03053450838928327,0.041677174612284235,0.6726070195511422,8,5,3,5,10,10,5,35
deepseek-coder-6.7b,command_exec_helper_04_unsafe,command_exec_helper_04,unsafe,clean_heldout,clean,-1,15,5723, safe,71.02163696289062,1.0000001601386812,81,0.06509491362671968,0.022141321883256845,0.07551804591668146,0.09096291680864475,0.06413298878829742,0.03750579486969151,0.06080483696220964,0.5838393412831799,8,5,3,5,10,10,5,35
deepseek-coder-6.7b,command_exec_helper_04_unsafe,command_exec_helper_04,unsafe,clean_heldout,clean,-1,19,24281, vulnerable,204.27232360839844,1.0000001909675118,81,0.015703823917202715,0.009969476869017928,0.07734655233767394,0.07235610050682029,0.032416258974016655,0.017355261473098613,0.016256704772226398,0.7585960121174552,8,5,3,5,10,10,5,35
deepseek-coder-6.7b,command_exec_helper_04_unsafe,command_exec_helper_04,unsafe,clean_heldout,clean,-1,19,5723, safe,71.02163696289062,0.9999999527923966,81,0.04224775288954509,0.02961024662440375,0.07778122206316976,0.047116760837261094,0.06427942850490465,0.031876692212142954,0.03660726165994738,0.670480588001022,8,5,3,5,10,10,5,35
deepseek-coder-6.7b,command_exec_helper_04_unsafe,command_exec_helper_04,unsafe,clean_heldout,clean,-1,23,24281, vulnerable,204.27232360839844,1.000000274510669,81,0.014406973438368602,0.009274458857607807,0.053229329672296447,0.05821820233504829,0.030618713399482016,0.01767085888936204,0.004806453452437527,0.8117752844660662,8,5,3,5,10,10,5,35
deepseek-coder-6.7b,command_exec_helper_04_unsafe,command_exec_helper_04,unsafe,clean_heldout,clean,-1,23,5723, safe,71.02163696289062,1.0000001727536019,81,0.03505618490860386,0.03129795788954885,0.07172827239044627,0.06640516212700673,0.06787616783302206,0.04253387208905077,0.03736208170689642,0.6477404738090269,8,5,3,5,10,10,5,35
deepseek-coder-6.7b,command_exec_helper_04_unsafe,command_exec_helper_04,unsafe,clean_heldout,clean,-1,27,24281, vulnerable,204.27232360839844,1.0000002568436894,81,0.013188138873435297,0.008125283793606795,0.0322559052786914,0.05198168445353846,0.022077632667791364,0.013494367328557763,-0.00416177543638659,0.8630390198844551,8,5,3,5,10,10,5,35
deepseek-coder-6.7b,command_exec_helper_04_unsafe,command_exec_helper_04,unsafe,clean_heldout,clean,-1,27,5723, safe,71.02163696289062,1.0000004439612833,81,0.030757517378205625,0.02010748530943024,0.043751532631560515,0.07544985589738497,0.06056937917924507,0.041747371386648635,0.01772969560611199,0.7098876065726962,8,5,3,5,10,10,5,35
deepseek-coder-6.7b,command_exec_helper_04_safe,command_exec_helper_04,safe,clean_heldout,clean,-1,0,24281, vulnerable,201.13648986816406,1.0000006834324895,81,0.046565867371520187,0.026810958921893193,0.0064953099316866336,0.04039103452904641,0.024291911073879728,0.016460059821846694,0.06861164760112917,0.7703738941814877,8,5,3,5,10,10,5,35
deepseek-coder-6.7b,command_exec_helper_04_safe,command_exec_helper_04,safe,clean_heldout,clean,-1,0,5723, safe,69.63607025146484,1.000001167134477,81,0.07281481085457932,0.010005063624992453,0.008233118317842965,0.03345107888663525,0.019947603518482356,0.03943796668516969,0.060036522299242966,0.7560750029475318,8,5,3,5,10,10,5,35
deepseek-coder-6.7b,command_exec_helper_04_safe,command_exec_helper_04,safe,clean_heldout,clean,-1,3,24281, vulnerable,201.13648986816406,1.0000002166240216,81,0.04530026375062198,0.030186108755780088,0.005528002478164583,0.0467790826763673,0.02682280434419745,0.010818522426952791,0.0472411343060115,0.7873242978859261,8,5,3,5,10,10,5,35
deepseek-coder-6.7b,command_exec_helper_04_safe,command_exec_helper_04,safe,clean_heldout,clean,-1,3,5723, safe,69.63607025146484,1.0000006639190735,81,0.07061088135018048,0.02001466878705694,0.006407923924520881,0.04010976109452602,0.020368942194271038,0.02848631184813627,0.05005581737048444,0.7639463573498976,8,5,3,5,10,10,5,35
deepseek-coder-6.7b,command_exec_helper_04_safe,command_exec_helper_04,safe,clean_heldout,clean,-1,7,24281, vulnerable,201.13648986816406,1.0000003147493692,81,0.05900413139229454,0.04936656712021403,0.004138074893719928,0.058611003392108146,0.03235013387287489,0.004472268973070943,0.06053041527859762,0.7315277198264895,8,5,3,5,10,10,5,35
deepseek-coder-6.7b,command_exec_helper_04_safe,command_exec_helper_04,safe,clean_heldout,clean,-1,7,5723, safe,69.63607025146484,1.0000006003384105,81,0.083820905985715,0.05954454716518418,-0.0158413073538602,0.05447641091471184,0.05511084610750186,0.01624711579067568,0.09127160831390725,0.6553704734145749,8,5,3,5,10,10,5,35
deepseek-coder-6.7b,command_exec_helper_04_safe,command_exec_helper_04,safe,clean_heldout,clean,-1,11,24281, vulnerable,201.13648986816406,1.0000003806848616,81,0.06302860884169477,0.0363218001416132,-0.001080877412372519,0.08792110097718189,0.058281690872853203,0.010001161432210826,0.048767726755601204,0.6967591690760788,8,5,3,5,10,10,5,35
deepseek-coder-6.7b,command_exec_helper_04_safe,command_exec_helper_04,safe,clean_heldout,clean,-1,11,5723, safe,69.63607025146484,1.0000008096704547,81,0.08800767296170944,0.05485429885424438,-0.017709975834687412,0.07727262217046502,0.09158103905783767,0.025901053023915294,0.07237344517936717,0.6077206542576032,8,5,3,5,10,10,5,35
deepseek-coder-6.7b,command_exec_helper_04_safe,command_exec_helper_04,safe,clean_heldout,clean,-1,15,24281, vulnerable,201.13648986816406,1.0000003667198725,81,0.04321986124744826,0.013530145103695424,0.02955545477546879,0.061264431699758176,0.04844868357813202,0.021057530811782937,0.042668132458788824,0.740256127044798,8,5,3,5,10,10,5,35
deepseek-coder-6.7b,command_exec_helper_04_safe,command_exec_helper_04,safe,clean_heldout,clean,-1,15,5723, safe,69.63607025146484,1.0000007810497944,81,0.06643751938201813,0.02600141385676592,0.026643209748413534,0.07192732066405115,0.07673593621539777,0.025111958791039068,0.06616233499674715,0.6409810873953617,8,5,3,5,10,10,5,35
deepseek-coder-6.7b,command_exec_helper_04_safe,command_exec_helper_04,safe,clean_heldout,clean,-1,19,24281, vulnerable,201.13648986816406,1.0000003160458537,81,0.01668205045542347,0.010508022507506109,0.020920619503475124,0.06104480235321466,0.03355129432918116,0.01721784502484926,0.016526592437736125,0.8235490894344679,8,5,3,5,10,10,5,35
deepseek-coder-6.7b,command_exec_helper_04_safe,command_exec_helper_04,safe,clean_heldout,clean,-1,19,5723, safe,69.63607025146484,1.0000007979547079,81,0.04392577994254404,0.029038697171555147,0.02708555933238044,0.031052808465383507,0.07145882677562843,0.03626883751087324,0.04106934667479481,0.7201009420815482,8,5,3,5,10,10,5,35
deepseek-coder-6.7b,command_exec_helper_04_safe,command_exec_helper_04,safe,clean_heldout,clean,-1,23,24281, vulnerable,201.13648986816406,1.000000294190831,81,0.014527903382602058,0.010435463109809837,0.017784413225753415,0.056236788335029125,0.03144059765298048,0.017847014900949466,0.006037453095831917,0.8456906604878749,8,5,3,5,10,10,5,35
deepseek-coder-6.7b,command_exec_helper_04_safe,command_exec_helper_04,safe,clean_heldout,clean,-1,23,5723, safe,69.63607025146484,1.000000724771412,81,0.034115210769535345,0.028979675164463325,0.02967307629994898,0.09759148363915265,0.07272703070104825,0.044860682102452046,0.04050737022038954,0.651546195874422,8,5,3,5,10,10,5,35
deepseek-coder-6.7b,command_exec_helper_04_safe,command_exec_helper_04,safe,clean_heldout,clean,-1,27,24281, vulnerable,201.13648986816406,1.0000003797310195,81,0.012636257209703803,0.009079294830762669,0.015088413111916455,0.05332378570020774,0.021866542965598437,0.014346485468877224,8.466192211716364e-05,0.8735749385218361,8,5,3,5,10,10,5,35
deepseek-coder-6.7b,command_exec_helper_04_safe,command_exec_helper_04,safe,clean_heldout,clean,-1,27,5723, safe,69.63607025146484,1.0000006702049196,81,0.029802690015437415,0.020888340066858475,0.024449680189510874,0.08499956832982758,0.06517206871062037,0.04301806997773393,0.02447595192277563,0.7071943009921552,8,5,3,5,10,10,5,35
deepseek-coder-6.7b,command_exec_helper_08_unsafe,command_exec_helper_08,unsafe,clean_heldout,clean,-1,0,24281, vulnerable,199.57254028320312,1.0000002312947063,83,0.04122517083602097,0.02100954710897624,0.00715304498761429,0.04550739873428476,0.025791789269673158,0.014810571523836613,0.07414498179110687,0.7703577270431934,8,5,4,5,11,10,5,35
deepseek-coder-6.7b,command_exec_helper_08_unsafe,command_exec_helper_08,unsafe,clean_heldout,clean,-1,0,5723, safe,68.42875671386719,1.000000016699599,83,0.07401299515226259,0.029085387467089767,0.008180891126634941,0.05536541895677047,0.033897461826620956,0.0027080349606311994,0.05448905617411023,0.7422607710354788,8,5,4,5,11,10,5,35
deepseek-coder-6.7b,command_exec_helper_08_unsafe,command_exec_helper_08,unsafe,clean_heldout,clean,-1,3,24281, vulnerable,199.57254028320312,0.9999997791397817,83,0.03987492098520361,0.025731848400019405,0.007118875716682598,0.048304729887242215,0.023623832404163,0.016515003064793175,0.053630219735434984,0.7852003489462428,8,5,4,5,11,10,5,35
deepseek-coder-6.7b,command_exec_helper_08_unsafe,command_exec_helper_08,unsafe,clean_heldout,clean,-1,3,5723, safe,68.42875671386719,0.999999648995388,83,0.07391081832216692,0.03626690774870906,0.006488022708522733,0.05734218563491474,0.0277917578055926,0.006764910172016818,0.04566300293262619,0.7457720436708389,8,5,4,5,11,10,5,35
deepseek-coder-6.7b,command_exec_helper_08_unsafe,command_exec_helper_08,unsafe,clean_heldout,clean,-1,7,24281, vulnerable,199.57254028320312,0.9999998062433176,83,0.05560333101721697,0.0519130464713171,0.009242564836173674,0.06299839086889658,0.01502365526727925,0.021054041035122522,0.06324030314271852,0.7209244736045929,8,5,4,5,11,10,5,35
deepseek-coder-6.7b,command_exec_helper_08_unsafe,command_exec_helper_08,unsafe,clean_heldout,clean,-1,7,5723, safe,68.42875671386719,0.9999997256747205,83,0.10051247777402321,0.0732928020656267,-0.002849603245879684,0.07851276909908626,0.02503306853782765,0.04883734775165836,0.0752463699928889,0.6014144936994891,8,5,4,5,11,10,5,35
deepseek-coder-6.7b,command_exec_helper_08_unsafe,command_exec_helper_08,unsafe,clean_heldout,clean,-1,11,24281, vulnerable,199.57254028320312,0.9999999169160892,83,0.04771524463145585,0.03623341261212662,0.015123154064929959,0.10031698814245779,0.04305565379197719,0.025890418551545617,0.04842544440695698,0.6832396007146392,8,5,4,5,11,10,5,35
deepseek-coder-6.7b,command_exec_helper_08_unsafe,command_exec_helper_08,unsafe,clean_heldout,clean,-1,11,5723, safe,68.42875671386719,0.999999847784584,83,0.07672950833735966,0.04882724829146623,0.023934156908713408,0.10480937720688399,0.05811627963760889,0.06788525914744706,0.05582825676846513,0.5638697614866396,8,5,4,5,11,10,5,35
deepseek-coder-6.7b,command_exec_helper_08_unsafe,command_exec_helper_08,unsafe,clean_heldout,clean,-1,15,24281, vulnerable,199.57254028320312,0.9999999460449238,83,0.02712796628145475,0.014418381119173816,0.017909089487679126,0.09402502667214918,0.042380579676365174,0.0355329650603083,0.04305587987877266,0.7255500578690207,8,5,4,5,11,10,5,35
deepseek-coder-6.7b,command_exec_helper_08_unsafe,command_exec_helper_08,unsafe,clean_heldout,clean,-1,15,5723, safe,68.42875671386719,1.0000000272746508,83,0.05191544626225625,0.026426335710440764,0.025102348164987458,0.11655158101113669,0.05632309210070437,0.04497665605433851,0.053731197502536215,0.6249733704682504,8,5,4,5,11,10,5,35
deepseek-coder-6.7b,command_exec_helper_08_unsafe,command_exec_helper_08,unsafe,clean_heldout,clean,-1,19,24281, vulnerable,199.57254028320312,0.9999999587100403,83,0.01721258375503309,0.010807451022515851,0.013284136892435431,0.08019647777882068,0.03165307557294659,0.021132388882933444,0.019644730115586893,0.8060691146897684,8,5,4,5,11,10,5,35
deepseek-coder-6.7b,command_exec_helper_08_unsafe,command_exec_helper_08,unsafe,clean_heldout,clean,-1,19,5723, safe,68.42875671386719,1.0000002601707703,83,0.04313144595920864,0.02888891373114163,0.020946347291320618,0.04610452612195627,0.057116017698178326,0.04050318058706654,0.03066134727313316,0.7326484815087649,8,5,4,5,11,10,5,35
deepseek-coder-6.7b,command_exec_helper_08_unsafe,command_exec_helper_08,unsafe,clean_heldout,clean,-1,23,24281, vulnerable,199.57254028320312,0.9999999267065883,83,0.015643671937620368,0.010401750737177948,0.01111323923727937,0.06742794302324606,0.02574461450142998,0.01973825620483951,0.006303942203833441,0.8436265088611618,8,5,4,5,11,10,5,35
deepseek-coder-6.7b,command_exec_helper_08_unsafe,command_exec_helper_08,unsafe,clean_heldout,clean,-1,23,5723, safe,68.42875671386719,1.000000330943317,83,0.03692673577262236,0.034393419067048465,0.030782203264830874,0.06647476005737382,0.0530603108871002,0.05043494577392654,0.034055450213777164,0.6938725059066375,8,5,4,5,11,10,5,35
deepseek-coder-6.7b,command_exec_helper_08_unsafe,command_exec_helper_08,unsafe,clean_heldout,clean,-1,27,24281, vulnerable,199.57254028320312,1.0000000013813097,83,0.014624296220029243,0.008260190457021751,0.011540264778805806,0.06532300738531244,0.021615174125706293,0.01687154479718888,-0.0035731872655817426,0.865338710882827,8,5,4,5,11,10,5,35
deepseek-coder-6.7b,command_exec_helper_08_unsafe,command_exec_helper_08,unsafe,clean_heldout,clean,-1,27,5723, safe,68.42875671386719,1.0000002852133636,83,0.03444087205968769,0.02109013598356478,0.02875828900480709,0.08640690926042809,0.047296003016023686,0.03809740374139239,0.014474108167307646,0.7294365639801523,8,5,4,5,11,10,5,35
deepseek-coder-6.7b,command_exec_helper_08_safe,command_exec_helper_08,safe,clean_heldout,clean,-1,0,24281, vulnerable,216.50180053710938,1.0000004270540923,82,0.04677371358889628,0.023667242334275425,0.003882752096632244,0.03609508183475122,0.033079432005837656,0.01845588658535399,0.06188741746314769,0.7761589011451978,8,5,3,5,11,10,5,35
deepseek-coder-6.7b,command_exec_helper_08_safe,command_exec_helper_08,safe,clean_heldout,clean,-1,0,5723, safe,67.16806030273438,1.000000342451529,82,0.07133175000237112,0.01708119430456407,0.011741012538460438,0.01916234792425591,0.04027160819154076,0.0289175425866676,0.05045159471636677,0.7610432921873024,8,5,3,5,11,10,5,35
deepseek-coder-6.7b,command_exec_helper_08_safe,command_exec_helper_08,safe,clean_heldout,clean,-1,3,24281, vulnerable,216.50180053710938,1.000000010272424,82,0.0479989666578718,0.02821190686884359,0.004556430710199278,0.041061594803213294,0.03497458006379935,0.01287962988249989,0.0434822352016878,0.7868346660843092,8,5,3,5,11,10,5,35
deepseek-coder-6.7b,command_exec_helper_08_safe,command_exec_helper_08,safe,clean_heldout,clean,-1,3,5723, safe,67.16806030273438,0.9999999508604657,82,0.07135765419074515,0.025889286671582794,0.013680192892234842,0.023483711683285058,0.04262736645171057,0.01640470786164823,0.03810035102390408,0.7684566800853545,8,5,3,5,11,10,5,35
deepseek-coder-6.7b,command_exec_helper_08_safe,command_exec_helper_08,safe,clean_heldout,clean,-1,7,24281, vulnerable,216.50180053710938,1.0000000555777717,82,0.06885371391740461,0.04251764349987688,-0.0032797971784619302,0.049136858386691074,0.03127609422844099,0.011602845602509067,0.06068333711628341,0.7392093600050277,8,5,3,5,11,10,5,35
deepseek-coder-6.7b,command_exec_helper_08_safe,command_exec_helper_08,safe,clean_heldout,clean,-1,7,5723, safe,67.16806030273438,0.9999999457024784,82,0.08925496897373729,0.07296433904017241,-0.016394215406364168,0.04574947338658549,0.06192737844858989,-0.0014586345871493243,0.07411556718297854,0.6738410686639283,8,5,3,5,11,10,5,35
deepseek-coder-6.7b,command_exec_helper_08_safe,command_exec_helper_08,safe,clean_heldout,clean,-1,11,24281, vulnerable,216.50180053710938,1.0000001405274497,82,0.0678461012347394,0.026717703395191528,-0.001390700937613074,0.07564366413214298,0.04946367922368226,0.017722905938663165,0.04765015567535544,0.7163466318652879,8,5,3,5,11,10,5,35
deepseek-coder-6.7b,command_exec_helper_08_safe,command_exec_helper_08,safe,clean_heldout,clean,-1,11,5723, safe,67.16806030273438,1.0000001277849742,82,0.08829155834287082,0.05367634016195411,-0.024888609971166598,0.08085244692465297,0.09065938529485447,0.01957986630365748,0.0527300777865473,0.6390990629416038,8,5,3,5,11,10,5,35
deepseek-coder-6.7b,command_exec_helper_08_safe,command_exec_helper_08,safe,clean_heldout,clean,-1,15,24281, vulnerable,216.50180053710938,1.0000001796383708,82,0.04546292794655779,0.010856496350858348,0.01517944095301234,0.051737424439668805,0.041873604288321896,0.022434616830854102,0.03901018875581785,0.7734454800732795,8,5,3,5,11,10,5,35
deepseek-coder-6.7b,command_exec_helper_08_safe,command_exec_helper_08,safe,clean_heldout,clean,-1,15,5723, safe,67.16806030273438,1.0000003714305432,82,0.06708167411939399,0.029657176714380253,0.011784830139196456,0.06582973477831067,0.07419551310111187,0.029815858531210968,0.04041895768856348,0.6812166263583757,8,5,3,5,11,10,5,35
deepseek-coder-6.7b,command_exec_helper_08_safe,command_exec_helper_08,safe,clean_heldout,clean,-1,19,24281, vulnerable,216.50180053710938,1.0000001092111819,82,0.017856359783299157,0.009726697296228496,0.010369853870823056,0.05154595196106229,0.03145958580784432,0.01864931734588945,0.009020009942759448,0.8513723332032757,8,5,3,5,11,10,5,35
deepseek-coder-6.7b,command_exec_helper_08_safe,command_exec_helper_08,safe,clean_heldout,clean,-1,19,5723, safe,67.16806030273438,1.0000004311633632,82,0.04334153726030237,0.027314857950460205,0.026954757453044417,0.03533626264531707,0.06264619066922353,0.039986444263793566,0.018873035033592396,0.7455473458876297,8,5,3,5,11,10,5,35
deepseek-coder-6.7b,command_exec_helper_08_safe,command_exec_helper_08,safe,clean_heldout,clean,-1,23,24281, vulnerable,216.50180053710938,1.0000001212688052,82,0.015567150762087967,0.009629711916392295,0.009833466910498677,0.04519373943500628,0.025771159912312373,0.01768031338844045,-0.0010209500401843746,0.8773455289842516,8,5,3,5,11,10,5,35
deepseek-coder-6.7b,command_exec_helper_08_safe,command_exec_helper_08,safe,clean_heldout,clean,-1,23,5723, safe,67.16806030273438,1.000000445223038,82,0.03506651280780454,0.030027251095245018,0.03173428641661627,0.0933352011000412,0.05372292022535988,0.04765534201676721,0.019856802187979763,0.6886021293732243,8,5,3,5,11,10,5,35
deepseek-coder-6.7b,command_exec_helper_08_safe,command_exec_helper_08,safe,clean_heldout,clean,-1,27,24281, vulnerable,216.50180053710938,1.0000001882761544,82,0.013842651314380013,0.007792227328070557,0.009304846659871805,0.049308700589817775,0.021712813269826818,0.014355034837300903,-0.006317292340972672,0.8900012066178593,8,5,3,5,11,10,5,35
deepseek-coder-6.7b,command_exec_helper_08_safe,command_exec_helper_08,safe,clean_heldout,clean,-1,27,5723, safe,67.16806030273438,1.0000005059819093,82,0.03332517035449724,0.01973169725965549,0.018510675781464748,0.08865228977859635,0.052164036384833315,0.034440250823588356,0.00574115038295169,0.7474352352163222,8,5,3,5,11,10,5,35
deepseek-coder-6.7b,command_exec_helper_12_unsafe,command_exec_helper_12,unsafe,clean_heldout,clean,-1,0,24281, vulnerable,185.20132446289062,1.000000870146763,82,0.04249015126742526,0.0226191110684524,0.006232224972850343,0.052347020475745784,0.03156612498889276,0.0025948950881979965,0.07991850541775827,0.7622328368674405,8,5,3,5,10,11,5,35
deepseek-coder-6.7b,command_exec_helper_12_unsafe,command_exec_helper_12,unsafe,clean_heldout,clean,-1,0,5723, safe,87.24564361572266,1.0000001957529645,82,0.050015087030460564,0.008792984732699013,0.010960183159237087,0.05742563840998627,0.05780334171602536,0.026341329171743984,0.04046265193200344,0.7481989796008088,8,5,3,5,10,11,5,35
deepseek-coder-6.7b,command_exec_helper_12_unsafe,command_exec_helper_12,unsafe,clean_heldout,clean,-1,3,24281, vulnerable,185.20132446289062,1.0000003352536144,82,0.04023636155517814,0.025806487526801557,0.005797389267900772,0.05592278519889919,0.031196232537457298,0.006548001915106714,0.059268747257562274,0.7752243299947081,8,5,3,5,10,11,5,35
deepseek-coder-6.7b,command_exec_helper_12_unsafe,command_exec_helper_12,unsafe,clean_heldout,clean,-1,3,5723, safe,87.24564361572266,0.9999996103728214,82,0.046398414824167886,0.016006750091338687,0.008713560908257218,0.06294593024878926,0.05864978782474314,0.025838415980098006,0.03459166813432357,0.7468550823611033,8,5,3,5,10,11,5,35
deepseek-coder-6.7b,command_exec_helper_12_unsafe,command_exec_helper_12,unsafe,clean_heldout,clean,-1,7,24281, vulnerable,185.20132446289062,1.000000370112588,82,0.05285624881087653,0.049380231602579934,0.013263608631770153,0.07324034675308967,0.02571217141417314,0.014243861637027726,0.06883881144419945,0.7024650898188712,8,5,3,5,10,11,5,35
deepseek-coder-6.7b,command_exec_helper_12_unsafe,command_exec_helper_12,unsafe,clean_heldout,clean,-1,7,5723, safe,87.24564361572266,0.9999995867389974,82,0.07355917026039249,0.0407465891624308,0.004725578441371975,0.08298660986426346,0.05878116827334015,0.05286262498102394,0.07231677295027722,0.6140210728058975,8,5,3,5,10,11,5,35
deepseek-coder-6.7b,command_exec_helper_12_unsafe,command_exec_helper_12,unsafe,clean_heldout,clean,-1,11,24281, vulnerable,185.20132446289062,1.000000416095054,82,0.05225882055409276,0.037079971485908296,0.02743502426991089,0.10876588479457713,0.03734192707803375,0.016001439099442516,0.05495038228163239,0.6661669665314562,8,5,3,5,10,11,5,35
deepseek-coder-6.7b,command_exec_helper_12_unsafe,command_exec_helper_12,unsafe,clean_heldout,clean,-1,11,5723, safe,87.24564361572266,0.9999997397076952,82,0.06942332338252476,0.02686722925676105,0.039507476868444566,0.09846051120610705,0.06722330515359197,0.08072069430016858,0.06015961572980093,0.5576375838102964,8,5,3,5,10,11,5,35
deepseek-coder-6.7b,command_exec_helper_12_unsafe,command_exec_helper_12,unsafe,clean_heldout,clean,-1,15,24281, vulnerable,185.20132446289062,1.0000004459052092,82,0.03237049840040815,0.01318022017376069,0.04275413748025311,0.09936758302097806,0.032659986788641286,0.030713265701924203,0.049752074708272497,0.6992026796309712,8,5,3,5,10,11,5,35
deepseek-coder-6.7b,command_exec_helper_12_unsafe,command_exec_helper_12,unsafe,clean_heldout,clean,-1,15,5723, safe,87.24564361572266,0.9999997924834971,82,0.04904729504892719,0.017564940101671457,0.06098291260404806,0.11948076948428227,0.04344875151233245,0.057543050094419554,0.05719808742707225,0.5947339862107439,8,5,3,5,10,11,5,35
deepseek-coder-6.7b,command_exec_helper_12_unsafe,command_exec_helper_12,unsafe,clean_heldout,clean,-1,19,24281, vulnerable,185.20132446289062,1.0000003999629727,82,0.021098274956270844,0.008981604280845006,0.02727155414894692,0.08231180081290781,0.023434529926940832,0.01950847319087731,0.023204011094592775,0.7941901515515912,8,5,3,5,10,11,5,35
deepseek-coder-6.7b,command_exec_helper_12_unsafe,command_exec_helper_12,unsafe,clean_heldout,clean,-1,19,5723, safe,87.24564361572266,0.999999808495573,82,0.04095402009673025,0.023033631211391476,0.03713691278151685,0.06142379567573839,0.04160930759659034,0.03627096319585137,0.033875504003101624,0.7256956739346525,8,5,3,5,10,11,5,35
deepseek-coder-6.7b,command_exec_helper_12_unsafe,command_exec_helper_12,unsafe,clean_heldout,clean,-1,23,24281, vulnerable,185.20132446289062,1.0000004304972614,82,0.019257979181008585,0.009133973800014402,0.017108419781249273,0.06445344957264779,0.023273277906808394,0.019104927327099567,0.008822736791519797,0.8388456661369135,8,5,3,5,10,11,5,35
deepseek-coder-6.7b,command_exec_helper_12_unsafe,command_exec_helper_12,unsafe,clean_heldout,clean,-1,23,5723, safe,87.24564361572266,0.9999998718606944,82,0.03460802214270155,0.026397713519157644,0.030170225537912286,0.07094130506358685,0.044204255947519304,0.04413057208932428,0.03534505261336862,0.7142027249471239,8,5,3,5,10,11,5,35
deepseek-coder-6.7b,command_exec_helper_12_unsafe,command_exec_helper_12,unsafe,clean_heldout,clean,-1,27,24281, vulnerable,185.20132446289062,1.0000003246128775,82,0.01747321095479295,0.008249793172074409,0.00936778003673618,0.06088006225965725,0.018125839412131136,0.01644180569449332,-0.0027139183381860894,0.8721757514211783,8,5,3,5,10,11,5,35
deepseek-coder-6.7b,command_exec_helper_12_unsafe,command_exec_helper_12,unsafe,clean_heldout,clean,-1,27,5723, safe,87.24564361572266,1.0000000176346329,82,0.030621311333529758,0.016338548740104358,0.020667880909545317,0.07353893140217521,0.03514489752363011,0.03791851083707677,0.018975871106934387,0.7667940657816368,8,5,3,5,10,11,5,35
deepseek-coder-6.7b,command_exec_helper_12_safe,command_exec_helper_12,safe,clean_heldout,clean,-1,0,24281, vulnerable,198.73318481445312,1.0000003169435865,83,0.052657753269354596,0.01823362076004192,0.009615877553186563,0.040282776034706855,0.03861252318572428,0.005575633897190574,0.074823626825048,0.7601985054183339,8,5,4,5,10,11,5,35
deepseek-coder-6.7b,command_exec_helper_12_safe,command_exec_helper_12,safe,clean_heldout,clean,-1,0,5723, safe,79.85041809082031,1.0000005959966736,83,0.06437013772337598,0.010252508048801881,0.01686669527084937,0.02531692813351913,0.05352453810575977,0.03115899049151675,0.051912882110276615,0.746597916112574,8,5,4,5,10,11,5,35
deepseek-coder-6.7b,command_exec_helper_12_safe,command_exec_helper_12,safe,clean_heldout,clean,-1,3,24281, vulnerable,198.73318481445312,1.0000000937446698,83,0.05190318275868351,0.022323795177803158,0.008078863454112998,0.045836024582031204,0.04055441502119174,0.009131891031248047,0.05298201238928476,0.7691899093303145,8,5,4,5,10,11,5,35
deepseek-coder-6.7b,command_exec_helper_12_safe,command_exec_helper_12,safe,clean_heldout,clean,-1,3,5723, safe,79.85041809082031,1.0000002501319893,83,0.06176303716686127,0.019086552038958145,0.017418101176122098,0.02939111739971531,0.05564413087832933,0.021404601836630663,0.04172501565074668,0.7535676939846264,8,5,4,5,10,11,5,35
deepseek-coder-6.7b,command_exec_helper_12_safe,command_exec_helper_12,safe,clean_heldout,clean,-1,7,24281, vulnerable,198.73318481445312,1.0000000357189498,83,0.0691820779969521,0.03731835082029745,-0.0017676167265843958,0.058699040803909086,0.03736616566307966,0.007857447270001774,0.0648783224793534,0.7264662474119407,8,5,4,5,10,11,5,35
deepseek-coder-6.7b,command_exec_helper_12_safe,command_exec_helper_12,safe,clean_heldout,clean,-1,7,5723, safe,79.85041809082031,1.000000270566161,83,0.07866796859846989,0.06037903412573997,-0.005515045024836726,0.05627288138299179,0.07486169171030974,0.016012325081885676,0.07820628956085492,0.6411151251307462,8,5,4,5,10,11,5,35
deepseek-coder-6.7b,command_exec_helper_12_safe,command_exec_helper_12,safe,clean_heldout,clean,-1,11,24281, vulnerable,198.73318481445312,1.0000001416386173,83,0.07877337555151272,0.028948202113743764,-0.010477679781703404,0.08522688743533374,0.041307910532998225,0.010411459454245405,0.05238957696840829,0.7134204093640784,8,5,4,5,10,11,5,35
deepseek-coder-6.7b,command_exec_helper_12_safe,command_exec_helper_12,safe,clean_heldout,clean,-1,11,5723, safe,79.85041809082031,1.0000004260384832,83,0.09221143894934747,0.04157627820771126,0.009723781041608025,0.07188338805018539,0.09208536482216868,0.02973215430081217,0.05860760735420337,0.6041804133124469,8,5,4,5,10,11,5,35
deepseek-coder-6.7b,command_exec_helper_12_safe,command_exec_helper_12,safe,clean_heldout,clean,-1,15,24281, vulnerable,198.73318481445312,1.000000122443548,83,0.060979990407971904,0.011189778877023947,0.010822604568235515,0.05055693551975027,0.03360229505252894,0.02315136404985597,0.043730845540213746,0.7659663084279675,8,5,4,5,10,11,5,35
deepseek-coder-6.7b,command_exec_helper_12_safe,command_exec_helper_12,safe,clean_heldout,clean,-1,15,5723, safe,79.85041809082031,1.0000004419006256,83,0.07145212373753171,0.024217928975510013,0.04972166971207857,0.05262691038492387,0.05378452575745888,0.036324285120562794,0.05141111328060431,0.6604618849319555,8,5,4,5,10,11,5,35
deepseek-coder-6.7b,command_exec_helper_12_safe,command_exec_helper_12,safe,clean_heldout,clean,-1,19,24281, vulnerable,198.73318481445312,1.0000000471816304,83,0.01902395387810775,0.008872289621416032,0.009289868532754042,0.04731304782847908,0.01957677311270983,0.019224890319733613,0.015027034749573061,0.861672189138857,8,5,4,5,10,11,5,35
deepseek-coder-6.7b,command_exec_helper_12_safe,command_exec_helper_12,safe,clean_heldout,clean,-1,19,5723, safe,79.85041809082031,1.0000002991413441,83,0.039776932106131105,0.026247849138279447,0.03085172287857603,0.0311889639689995,0.041362022792036955,0.03653419314288885,0.027384246609356216,0.7666543685050762,8,5,4,5,10,11,5,35
deepseek-coder-6.7b,command_exec_helper_12_safe,command_exec_helper_12,safe,clean_heldout,clean,-1,23,24281, vulnerable,198.73318481445312,1.0000000433013772,83,0.01620390150983761,0.009235685500771144,0.009893468060901807,0.04755257875007544,0.020016387082643524,0.01751192139324695,0.004058565724598897,0.8755275352793017,8,5,4,5,10,11,5,35
deepseek-coder-6.7b,command_exec_helper_12_safe,command_exec_helper_12,safe,clean_heldout,clean,-1,23,5723, safe,79.85041809082031,1.0000002955956888,83,0.029384760226273184,0.028548786880070752,0.03534405030133323,0.06042066739755836,0.03909197969832089,0.03979746625594571,0.025997498811108168,0.7414150860250783,8,5,4,5,10,11,5,35
deepseek-coder-6.7b,command_exec_helper_12_safe,command_exec_helper_12,safe,clean_heldout,clean,-1,27,24281, vulnerable,198.73318481445312,1.0000000456632705,83,0.01523811994678402,0.008025308835709247,0.009062862393911731,0.04942854017111483,0.016730424924057588,0.015021795339172512,-0.00210276612412459,0.8885957601766451,8,5,4,5,10,11,5,35
deepseek-coder-6.7b,command_exec_helper_12_safe,command_exec_helper_12,safe,clean_heldout,clean,-1,27,5723, safe,79.85041809082031,1.000000273715263,83,0.0264300271498967,0.017744093021777627,0.026519407896276895,0.06413030614266234,0.03367310684278103,0.03701408583884718,0.012932970873899812,0.7815562759491212,8,5,4,5,10,11,5,35
deepseek-coder-6.7b,command_exec_helper_14_unsafe,command_exec_helper_14,unsafe,clean_heldout,clean,-1,0,24281, vulnerable,204.6583251953125,1.0000002452420937,83,0.0672342701664952,0.023867605813514988,0.004783532355257279,0.038907641258234496,0.03160109391849968,0.017257201137762666,0.05815611840505468,0.7581927821872744,8,5,4,5,11,10,5,35
deepseek-coder-6.7b,command_exec_helper_14_unsafe,command_exec_helper_14,unsafe,clean_heldout,clean,-1,0,5723, safe,73.143798828125,0.9999995573073344,83,0.09011921719188482,0.01781376502943433,0.009090409641610099,0.03124684864143085,0.04165041124188807,0.007187808138949599,0.036314912589870726,0.766576184832266,8,5,4,5,11,10,5,35
deepseek-coder-6.7b,command_exec_helper_14_unsafe,command_exec_helper_14,unsafe,clean_heldout,clean,-1,3,24281, vulnerable,204.6583251953125,0.9999999691285838,83,0.06738921089225765,0.03058432678676954,0.005274134859081514,0.04326279878358512,0.029219944595663388,0.019202757598692725,0.04028101605990253,0.764785779552631,8,5,4,5,11,10,5,35
deepseek-coder-6.7b,command_exec_helper_14_unsafe,command_exec_helper_14,unsafe,clean_heldout,clean,-1,3,5723, safe,73.143798828125,0.9999991664624752,83,0.08868802867812715,0.029399179991554274,0.012056961695953751,0.035542267410732166,0.03486475424719954,0.003138523232126459,0.032221435984474564,0.7640880152223074,8,5,4,5,11,10,5,35
deepseek-coder-6.7b,command_exec_helper_14_unsafe,command_exec_helper_14,unsafe,clean_heldout,clean,-1,7,24281, vulnerable,204.6583251953125,1.0000000020386783,83,0.07283948734940153,0.05035323936543317,0.0006737568644516218,0.051431819227210115,0.03062399029499598,0.022107069959494092,0.06477573071733597,0.7071949082603558,8,5,4,5,11,10,5,35
deepseek-coder-6.7b,command_exec_helper_14_unsafe,command_exec_helper_14,unsafe,clean_heldout,clean,-1,7,5723, safe,73.143798828125,0.9999992383261834,83,0.10796604645368532,0.04775937954484221,-0.005871802277472166,0.06236171038981114,0.03478192034792911,0.023288795347097914,0.08844510398095713,0.6412680845393329,8,5,4,5,11,10,5,35
deepseek-coder-6.7b,command_exec_helper_14_unsafe,command_exec_helper_14,unsafe,clean_heldout,clean,-1,11,24281, vulnerable,204.6583251953125,1.0000000836768281,83,0.08647368407710784,0.03173060373264639,0.00716251145029566,0.07248905017659661,0.030159746083044024,0.02907031513688493,0.05629858892977202,0.6866155840904807,8,5,4,5,11,10,5,35
deepseek-coder-6.7b,command_exec_helper_14_unsafe,command_exec_helper_14,unsafe,clean_heldout,clean,-1,11,5723, safe,73.143798828125,0.9999994919373348,83,0.11755182434963544,0.03708021941994944,0.007895167711262181,0.0675231002370476,0.036085560864088234,0.03369769580146251,0.07675042725363154,0.6234154963002577,8,5,4,5,11,10,5,35
deepseek-coder-6.7b,command_exec_helper_14_unsafe,command_exec_helper_14,unsafe,clean_heldout,clean,-1,15,24281, vulnerable,204.6583251953125,1.0000000953264192,83,0.06909040227333288,0.016206874210017933,0.011347556750842947,0.04990621776325167,0.037181761044492646,0.029722896539707062,0.049499386813291094,0.7370449999314829,8,5,4,5,11,10,5,35
deepseek-coder-6.7b,command_exec_helper_14_unsafe,command_exec_helper_14,unsafe,clean_heldout,clean,-1,15,5723, safe,73.143798828125,0.999999671074562,83,0.10043298524866061,0.024151920907404624,0.03554495208811233,0.057536216098208595,0.04518464263703226,0.03615311156559162,0.0737809014882127,0.6272149410413392,8,5,4,5,11,10,5,35
deepseek-coder-6.7b,command_exec_helper_14_unsafe,command_exec_helper_14,unsafe,clean_heldout,clean,-1,19,24281, vulnerable,204.6583251953125,1.0000000575198558,83,0.02398723317036938,0.012680378525198866,0.010995390487488228,0.04345903235850053,0.032647102506669065,0.02004914966172174,0.01966787290881453,0.8365138979010935,8,5,4,5,11,10,5,35
deepseek-coder-6.7b,command_exec_helper_14_unsafe,command_exec_helper_14,unsafe,clean_heldout,clean,-1,19,5723, safe,73.143798828125,0.9999999477956762,83,0.04747271719938837,0.025116602008900445,0.03019969015799766,0.04619369863607926,0.03262832254474669,0.04981994786792497,0.03125565538352353,0.7373133139971151,8,5,4,5,11,10,5,35
deepseek-coder-6.7b,command_exec_helper_14_unsafe,command_exec_helper_14,unsafe,clean_heldout,clean,-1,23,24281, vulnerable,204.6583251953125,1.0000000796358763,83,0.02078555797216743,0.012394702102465302,0.011921141548738011,0.040418055004737004,0.028458124977679387,0.02000382032028659,0.008236438811259326,0.8577822388985432,8,5,4,5,11,10,5,35
deepseek-coder-6.7b,command_exec_helper_14_unsafe,command_exec_helper_14,unsafe,clean_heldout,clean,-1,23,5723, safe,73.143798828125,1.0000003389970527,83,0.033169562254540055,0.026908290154344313,0.03053947399352818,0.07046463348381847,0.031863120683557046,0.056563535104275885,0.03116058056348403,0.7193311427595046,8,5,4,5,11,10,5,35
deepseek-coder-6.7b,command_exec_helper_14_unsafe,command_exec_helper_14,unsafe,clean_heldout,clean,-1,27,24281, vulnerable,204.6583251953125,1.000000111981694,83,0.018217559402476262,0.013195713256416334,0.01289771351403073,0.04320189210048128,0.02248660511674363,0.016057309260849854,0.00255028685912198,0.8713930324715737,8,5,4,5,11,10,5,35
deepseek-coder-6.7b,command_exec_helper_14_unsafe,command_exec_helper_14,unsafe,clean_heldout,clean,-1,27,5723, safe,73.143798828125,1.00000045700429,83,0.03408812559803644,0.02237225432270788,0.02767247446413432,0.0687617828367409,0.027778898045782385,0.04134395301685994,0.018303323630107695,0.7596796450899204,8,5,4,5,11,10,5,35
deepseek-coder-6.7b,command_exec_helper_14_safe,command_exec_helper_14,safe,clean_heldout,clean,-1,0,24281, vulnerable,191.50839233398438,1.0000002983214016,82,0.04786944015307042,0.03143491725188663,0.0031247967772987297,0.04984289364795286,0.03498504035974524,0.01726300169978399,0.06433656427684398,0.7511436441548198,8,5,3,5,11,10,5,35
deepseek-coder-6.7b,command_exec_helper_14_safe,command_exec_helper_14,safe,clean_heldout,clean,-1,0,5723, safe,70.12215423583984,1.0000001756336476,82,0.053457880332965994,0.02209318752352152,0.011963968572527777,0.06410643172347073,0.042239274291781204,0.03248602099816986,0.03767253510031116,0.7359808770908997,8,5,3,5,11,10,5,35
deepseek-coder-6.7b,command_exec_helper_14_safe,command_exec_helper_14,safe,clean_heldout,clean,-1,3,24281, vulnerable,191.50839233398438,0.999999912114235,82,0.04854038085837126,0.036613363887673764,0.0013608323671185038,0.05552388054198437,0.04078735901850327,0.01507239524028014,0.0445930199283203,0.7575086802719834,8,5,3,5,11,10,5,35
deepseek-coder-6.7b,command_exec_helper_14_safe,command_exec_helper_14,safe,clean_heldout,clean,-1,3,5723, safe,70.12215423583984,0.99999979177372,82,0.051358908748235094,0.03505841663945723,0.008893871162014007,0.0730807429898387,0.04848997930734303,0.017608376487969115,0.03550810369697519,0.7300013927418876,8,5,3,5,11,10,5,35
deepseek-coder-6.7b,command_exec_helper_14_safe,command_exec_helper_14,safe,clean_heldout,clean,-1,7,24281, vulnerable,191.50839233398438,1.0000000011282368,82,0.05885875915631637,0.05908386202836672,-0.0011192049481984824,0.06494555886212348,0.04194055377659793,0.012028153177973663,0.06479572557650995,0.6994665934985473,8,5,3,5,11,10,5,35
deepseek-coder-6.7b,command_exec_helper_14_safe,command_exec_helper_14,safe,clean_heldout,clean,-1,7,5723, safe,70.12215423583984,0.9999998212850604,82,0.07628171142752403,0.06621093050865456,-0.007905502957101967,0.09003212659656659,0.07214178085937888,0.013444295868271757,0.08305767896198704,0.6067368000197793,8,5,3,5,11,10,5,35
deepseek-coder-6.7b,command_exec_helper_14_safe,command_exec_helper_14,safe,clean_heldout,clean,-1,11,24281, vulnerable,191.50839233398438,1.0000000638426474,82,0.0744474568497965,0.03598562613599296,-0.0022390254468946094,0.10218780282189972,0.04216594086708846,0.027092947836315866,0.054544290165348626,0.6658150246130997,8,5,3,5,11,10,5,35
deepseek-coder-6.7b,command_exec_helper_14_safe,command_exec_helper_14,safe,clean_heldout,clean,-1,11,5723, safe,70.12215423583984,0.9999998920219635,82,0.09932821613059405,0.033398417928482825,0.0017646127734568928,0.11769950448947569,0.08907476288365307,0.02578135865273324,0.07387472076608811,0.5590782983974796,8,5,3,5,11,10,5,35
deepseek-coder-6.7b,command_exec_helper_14_safe,command_exec_helper_14,safe,clean_heldout,clean,-1,15,24281, vulnerable,191.50839233398438,1.0000001289302458,82,0.0490896723364212,0.017811257884300064,0.009009686038078852,0.08459796127608561,0.04687958710004902,0.03122380708526457,0.047957913846238306,0.7134302433638082,8,5,3,5,11,10,5,35
deepseek-coder-6.7b,command_exec_helper_14_safe,command_exec_helper_14,safe,clean_heldout,clean,-1,15,5723, safe,70.12215423583984,1.0000001400394116,82,0.08105256491477417,0.02344538407012702,0.01963889695701014,0.1131970210751741,0.05721496211539083,0.031793482437937455,0.06987024555019605,0.6037875829188019,8,5,3,5,11,10,5,35
deepseek-coder-6.7b,command_exec_helper_14_safe,command_exec_helper_14,safe,clean_heldout,clean,-1,19,24281, vulnerable,191.50839233398438,1.000000166979063,82,0.02652595576058135,0.012799142898118822,0.0033018981485207115,0.0737056812294105,0.03287724730662802,0.023567580308270705,0.022146198228286222,0.8050764630992469,8,5,3,5,11,10,5,35
deepseek-coder-6.7b,command_exec_helper_14_safe,command_exec_helper_14,safe,clean_heldout,clean,-1,19,5723, safe,70.12215423583984,1.0000001789274426,82,0.060792436764712764,0.025261384879467268,0.015584307819502907,0.04860769372209854,0.03645957162315415,0.05292882354820602,0.03926751833624631,0.7210984422340546,8,5,3,5,11,10,5,35
deepseek-coder-6.7b,command_exec_helper_14_safe,command_exec_helper_14,safe,clean_heldout,clean,-1,23,24281, vulnerable,191.50839233398438,1.0000001892909207,82,0.02196627815166162,0.012896184150068215,0.0016279678998727082,0.06465338269466413,0.028911001363562547,0.022619434653032185,0.010116763840036454,0.8372091765380228,8,5,3,5,11,10,5,35
deepseek-coder-6.7b,command_exec_helper_14_safe,command_exec_helper_14,safe,clean_heldout,clean,-1,23,5723, safe,70.12215423583984,1.000000292935249,82,0.04073869557583104,0.02525774342975711,0.018651784856745436,0.09245459952872909,0.035427314025349224,0.05981919143499612,0.039710598784826134,0.6879403652990148,8,5,3,5,11,10,5,35
deepseek-coder-6.7b,command_exec_helper_14_safe,command_exec_helper_14,safe,clean_heldout,clean,-1,27,24281, vulnerable,191.50839233398438,1.000000194591689,82,0.019376679908970573,0.013857466470703732,0.0032468489407463247,0.06155623091191212,0.02289175383137678,0.018553454298149766,0.0029342917084001227,0.8575834685214295,8,5,3,5,11,10,5,35
deepseek-coder-6.7b,command_exec_helper_14_safe,command_exec_helper_14,safe,clean_heldout,clean,-1,27,5723, safe,70.12215423583984,1.0000000897824757,82,0.03911250150758058,0.024217560430010943,0.013738760500567345,0.09912087396887473,0.03200485705470463,0.046263592603555344,0.023749978503206544,0.7217919652139757,8,5,3,5,11,10,5,35
deepseek-coder-6.7b,command_exec_helper_15_unsafe,command_exec_helper_15,unsafe,clean_heldout,clean,-1,0,24281, vulnerable,207.49331665039062,1.000000334873989,88,0.06693972444460262,0.014694394376781382,0.006929709326631298,0.049383996934433516,0.009197283408151763,0.018872881812788466,0.06978410827179768,0.7641982362988023,8,5,4,10,11,10,5,35
deepseek-coder-6.7b,command_exec_helper_15_unsafe,command_exec_helper_15,unsafe,clean_heldout,clean,-1,0,5723, safe,66.2363510131836,1.0000010814074716,88,0.09624572272619077,0.01724526749763382,0.005696286933950729,0.020103965297934248,0.05135938382982934,-0.005910149998715244,0.05181738049632614,0.7634432246243216,8,5,4,10,11,10,5,35
deepseek-coder-6.7b,command_exec_helper_15_unsafe,command_exec_helper_15,unsafe,clean_heldout,clean,-1,3,24281, vulnerable,207.49331665039062,0.9999999647118365,88,0.06607303271437615,0.022928119534236017,0.006604457031045471,0.052077419739723366,0.00874422759112144,0.02027828234168202,0.052313922788876935,0.770980502970775,8,5,4,10,11,10,5,35
deepseek-coder-6.7b,command_exec_helper_15_unsafe,command_exec_helper_15,unsafe,clean_heldout,clean,-1,3,5723, safe,66.2363510131836,1.000000387847481,88,0.09469023858116543,0.02708010954986972,0.009581826800834706,0.022025653729797666,0.04395789549612139,-0.010149906938921514,0.045187027920324876,0.7676275427082889,8,5,4,10,11,10,5,35
deepseek-coder-6.7b,command_exec_helper_15_unsafe,command_exec_helper_15,unsafe,clean_heldout,clean,-1,7,24281, vulnerable,207.49331665039062,0.99999999217215,88,0.07164818515769125,0.04583932071460388,0.0010724749204531873,0.06086230209597892,0.013956459935871864,0.019175535257873015,0.07269012571771935,0.7147555883719587,8,5,4,10,11,10,5,35
deepseek-coder-6.7b,command_exec_helper_15_unsafe,command_exec_helper_15,unsafe,clean_heldout,clean,-1,7,5723, safe,66.2363510131836,1.0000004232801831,88,0.12254571868717772,0.050824404331420193,-0.00900443427374967,0.04582178351730778,0.04608604477087432,0.01613253869857578,0.08398803277969566,0.6436063347688816,8,5,4,10,11,10,5,35
deepseek-coder-6.7b,command_exec_helper_15_unsafe,command_exec_helper_15,unsafe,clean_heldout,clean,-1,11,24281, vulnerable,207.49331665039062,1.0000000377388552,88,0.07081651271508049,0.030496554279223473,0.004706726018427364,0.08300875019025841,0.020957828813124607,0.02605255482307894,0.060182574327220156,0.7037785365724415,8,5,4,10,11,10,5,35
deepseek-coder-6.7b,command_exec_helper_15_unsafe,command_exec_helper_15,unsafe,clean_heldout,clean,-1,11,5723, safe,66.2363510131836,1.000000498954311,88,0.09876013569651318,0.039309105081909934,-0.0022814036973876524,0.054426074262472826,0.055985006121889024,0.04127687978880054,0.059354868735998614,0.6531698329641145,8,5,4,10,11,10,5,35
deepseek-coder-6.7b,command_exec_helper_15_unsafe,command_exec_helper_15,unsafe,clean_heldout,clean,-1,15,24281, vulnerable,207.49331665039062,1.0000001033778914,88,0.052741093916599625,0.013261839000139872,0.00927312906317412,0.06149526485220706,0.027562894109413046,0.03378439881056758,0.0529471026422676,0.7489343809835225,8,5,4,10,11,10,5,35
deepseek-coder-6.7b,command_exec_helper_15_unsafe,command_exec_helper_15,unsafe,clean_heldout,clean,-1,15,5723, safe,66.2363510131836,1.0000004405747163,88,0.07447795405086842,0.027152439927401503,0.02093179222589654,0.044281229475579234,0.05065219538169073,0.03951042283998073,0.05430780766459477,0.6886865990087043,8,5,4,10,11,10,5,35
deepseek-coder-6.7b,command_exec_helper_15_unsafe,command_exec_helper_15,unsafe,clean_heldout,clean,-1,19,24281, vulnerable,207.49331665039062,1.0000000639872881,88,0.026028554598903103,0.011151734510584682,0.009665464570496848,0.06211091039328995,0.02527979226645138,0.024390804090293355,0.023377042641420622,0.8179957609158481,8,5,4,10,11,10,5,35
deepseek-coder-6.7b,command_exec_helper_15_unsafe,command_exec_helper_15,unsafe,clean_heldout,clean,-1,19,5723, safe,66.2363510131836,1.0000000749148557,88,0.04727807443170751,0.028854752943278245,0.015507861343136094,0.018605156772145297,0.04949818247921267,0.03793982754742401,0.03089920770120613,0.7714170116967458,8,5,4,10,11,10,5,35
deepseek-coder-6.7b,command_exec_helper_15_unsafe,command_exec_helper_15,unsafe,clean_heldout,clean,-1,23,24281, vulnerable,207.49331665039062,1.0000000167867886,88,0.0229085607172771,0.009782182339168837,0.007420846018338015,0.05838646854850052,0.02341754192678071,0.025723767849233175,0.00978609583330545,0.8425745535541846,8,5,4,10,11,10,5,35
deepseek-coder-6.7b,command_exec_helper_15_unsafe,command_exec_helper_15,unsafe,clean_heldout,clean,-1,23,5723, safe,66.2363510131836,1.0000001719329683,88,0.040221778989390916,0.03146402319386249,0.016490536434172805,0.0631807300902716,0.05473044173520811,0.045424814421369426,0.03607029324080791,0.712417553827885,8,5,4,10,11,10,5,35
deepseek-coder-6.7b,command_exec_helper_15_unsafe,command_exec_helper_15,unsafe,clean_heldout,clean,-1,27,24281, vulnerable,207.49331665039062,1.0000000009425738,88,0.01841692900899402,0.009468390491838646,0.005029390715840978,0.05503005131457047,0.020032643616993313,0.020358051904036018,0.002261113331365476,0.8694034305589347,8,5,4,10,11,10,5,35
deepseek-coder-6.7b,command_exec_helper_15_unsafe,command_exec_helper_15,unsafe,clean_heldout,clean,-1,27,5723, safe,66.2363510131836,1.000000234558863,88,0.0376413737364127,0.01666817350512386,0.014865052820984447,0.09799072143382177,0.054169348363534875,0.029772216733405465,0.022272547222653524,0.7266208007429262,8,5,4,10,11,10,5,35
deepseek-coder-6.7b,command_exec_helper_15_safe,command_exec_helper_15,safe,clean_heldout,clean,-1,0,24281, vulnerable,187.40963745117188,1.0000007443439005,87,0.050862288668064755,0.023441522152491213,0.003400040032701765,0.0515320220611793,0.017433825767118258,0.03351601965691647,0.07668707563420865,0.7431279503712203,8,5,3,10,11,10,5,35
deepseek-coder-6.7b,command_exec_helper_15_safe,command_exec_helper_15,safe,clean_heldout,clean,-1,0,5723, safe,68.6102294921875,1.0000003522752166,87,0.058278700956513656,0.022208437288547996,0.011325856821069836,0.056517592989189784,0.03526274337352507,0.03476637548521025,0.03646628204062547,0.7451743633205347,8,5,3,10,11,10,5,35
deepseek-coder-6.7b,command_exec_helper_15_safe,command_exec_helper_15,safe,clean_heldout,clean,-1,3,24281, vulnerable,187.40963745117188,1.000000174964349,87,0.05249397497840706,0.029836804882997,0.0014816175475482448,0.05520003446536082,0.02381373032004183,0.02935904876626944,0.058512639374318415,0.7493023246294063,8,5,3,10,11,10,5,35
deepseek-coder-6.7b,command_exec_helper_15_safe,command_exec_helper_15,safe,clean_heldout,clean,-1,3,5723, safe,68.6102294921875,0.999999657470992,87,0.05860086953751016,0.030803755423648348,0.004937973543027929,0.06495502726879486,0.04258498502773861,0.021182645955918736,0.033033508175356496,0.7439008925389967,8,5,3,10,11,10,5,35
deepseek-coder-6.7b,command_exec_helper_15_safe,command_exec_helper_15,safe,clean_heldout,clean,-1,7,24281, vulnerable,187.40963745117188,1.000000140098697,87,0.0686726229648395,0.055014078491033847,-0.00160759422438532,0.06470466274874251,0.030122436071078527,0.01987859140417851,0.06964587255206325,0.6935694700911457,8,5,3,10,11,10,5,35
deepseek-coder-6.7b,command_exec_helper_15_safe,command_exec_helper_15,safe,clean_heldout,clean,-1,7,5723, safe,68.6102294921875,0.9999996738685129,87,0.10419195215061805,0.05685842881743668,-0.014126285487449515,0.06431187805832225,0.07199227982021436,0.01673903920639856,0.06061182699188136,0.639420554311091,8,5,3,10,11,10,5,35
deepseek-coder-6.7b,command_exec_helper_15_safe,command_exec_helper_15,safe,clean_heldout,clean,-1,11,24281, vulnerable,187.40963745117188,1.0000002128911814,87,0.06322578758150697,0.03629163814696096,0.0011645456118307097,0.10210432860994695,0.03900440968934064,0.0308362744741006,0.05462786884220651,0.6727453599352878,8,5,3,10,11,10,5,35
deepseek-coder-6.7b,command_exec_helper_15_safe,command_exec_helper_15,safe,clean_heldout,clean,-1,11,5723, safe,68.6102294921875,0.9999999263740453,87,0.09193209324652879,0.0262215479773999,-0.015777171165549858,0.09000252860631133,0.11007849643099596,0.03694158861649438,0.04711486988525923,0.6134859727766057,8,5,3,10,11,10,5,35
deepseek-coder-6.7b,command_exec_helper_15_safe,command_exec_helper_15,safe,clean_heldout,clean,-1,15,24281, vulnerable,187.40963745117188,1.0000002299960236,87,0.040189908723100444,0.015213227030118601,0.009981287463886403,0.08460708945752604,0.03943445099858166,0.03681422862963926,0.04608065867523599,0.7276793790179352,8,5,3,10,11,10,5,35
deepseek-coder-6.7b,command_exec_helper_15_safe,command_exec_helper_15,safe,clean_heldout,clean,-1,15,5723, safe,68.6102294921875,1.000000003067748,87,0.06328283230646772,0.013279868671755807,0.010116374269839029,0.07844992806114391,0.06450277821350058,0.04199144336747168,0.04647416032183238,0.6819026178557371,8,5,3,10,11,10,5,35
deepseek-coder-6.7b,command_exec_helper_15_safe,command_exec_helper_15,safe,clean_heldout,clean,-1,19,24281, vulnerable,187.40963745117188,1.0000002314769194,87,0.02672493312082578,0.010388671575719922,0.0062289569530701566,0.07321977576354038,0.02724441732040376,0.02698494558843941,0.02054839607906486,0.808660135075855,8,5,3,10,11,10,5,35
deepseek-coder-6.7b,command_exec_helper_15_safe,command_exec_helper_15,safe,clean_heldout,clean,-1,19,5723, safe,68.6102294921875,1.000000184119183,87,0.04769817563745568,0.017896701139366644,0.0035754666121976487,0.007777844816972567,0.048823047252468756,0.04305669115325471,0.02927336182381228,0.8018988956836547,8,5,3,10,11,10,5,35
deepseek-coder-6.7b,command_exec_helper_15_safe,command_exec_helper_15,safe,clean_heldout,clean,-1,23,24281, vulnerable,187.40963745117188,1.0000001732250419,87,0.02233751262511892,0.00913804191397315,0.0032265808899815244,0.0697159255581079,0.026918672981146797,0.027385723036914535,0.00832990380946225,0.8329478124103369,8,5,3,10,11,10,5,35
deepseek-coder-6.7b,command_exec_helper_15_safe,command_exec_helper_15,safe,clean_heldout,clean,-1,23,5723, safe,68.6102294921875,1.0000003564560416,87,0.03628288804066383,0.017976584865784098,0.0013867508283289113,0.05480977615025373,0.051110652629670635,0.04887204114445956,0.03291874420722282,0.7566429185896579,8,5,3,10,11,10,5,35
deepseek-coder-6.7b,command_exec_helper_15_safe,command_exec_helper_15,safe,clean_heldout,clean,-1,27,24281, vulnerable,187.40963745117188,1.0000001516079402,87,0.01994522073837485,0.009125155099912144,0.000804108716502411,0.06934745628447402,0.023272709662938353,0.021733808087839458,0.0030039837990019384,0.852767709218897,8,5,3,10,11,10,5,35
deepseek-coder-6.7b,command_exec_helper_15_safe,command_exec_helper_15,safe,clean_heldout,clean,-1,27,5723, safe,68.6102294921875,1.0000005591446024,87,0.03702457549229224,0.013614520924296498,0.0022288624531990866,0.08486999055085802,0.05308341697299697,0.03387830975379967,0.019211776123513824,0.7560891068736462,8,5,3,10,11,10,5,35
deepseek-coder-6.7b,sql_exec_direct_03_unsafe,sql_exec_direct_03,unsafe,clean_heldout,clean,-1,0,24281, vulnerable,227.92494201660156,1.0000004466753734,52,0.06259924224912901,0.0920644404949837,0.0036220006919428283,0.06145404916368191,0.014083046733748005,0.028567875293502056,0.3176012545892698,0.420008537459116,8,10,1,5,2,2,5,19
deepseek-coder-6.7b,sql_exec_direct_03_unsafe,sql_exec_direct_03,unsafe,clean_heldout,clean,-1,0,5723, safe,83.66050720214844,1.0000004683969768,52,0.08675036944538805,0.10670570434936005,0.01045406409163243,0.03665200866292616,0.02453016777544218,0.033487950615792184,0.3781615491243029,0.32325865433213274,8,10,1,5,2,2,5,19
deepseek-coder-6.7b,sql_exec_direct_03_unsafe,sql_exec_direct_03,unsafe,clean_heldout,clean,-1,3,24281, vulnerable,227.92494201660156,1.0000002728856539,52,0.06775597075222703,0.0942834591567285,0.003099415642791674,0.06275515240123225,0.012294588939465521,0.027842812750359186,0.2946071713522405,0.4373617018906092,8,10,1,5,2,2,5,19
deepseek-coder-6.7b,sql_exec_direct_03_unsafe,sql_exec_direct_03,unsafe,clean_heldout,clean,-1,3,5723, safe,83.66050720214844,1.0000002895253488,52,0.09021898420294125,0.104095023555305,0.01640684347798332,0.041741871773987624,0.024412263007783465,0.028472961200076603,0.3571548598686625,0.33749748243860883,8,10,1,5,2,2,5,19
deepseek-coder-6.7b,sql_exec_direct_03_unsafe,sql_exec_direct_03,unsafe,clean_heldout,clean,-1,7,24281, vulnerable,227.92494201660156,1.000000187960291,52,0.06784788052330396,0.09608676993278363,0.009678303029083792,0.07679876656960644,0.016206796921114666,0.029829053150139895,0.2785172317957094,0.4250353860385493,8,10,1,5,2,2,5,19
deepseek-coder-6.7b,sql_exec_direct_03_unsafe,sql_exec_direct_03,unsafe,clean_heldout,clean,-1,7,5723, safe,83.66050720214844,1.0000003478578936,52,0.10094676463304394,0.12937494727806634,0.028072739739456752,0.05420123278130144,0.034223817717761534,0.02731473939975651,0.32673053121480455,0.29913557509370253,8,10,1,5,2,2,5,19
deepseek-coder-6.7b,sql_exec_direct_03_unsafe,sql_exec_direct_03,unsafe,clean_heldout,clean,-1,11,24281, vulnerable,227.92494201660156,1.0000002838690725,52,0.07525179283494816,0.08686195369646726,0.02092929982140668,0.07810107863699364,0.014373524424763423,0.023907812082734695,0.2023366075873942,0.4982382147843646,8,10,1,5,2,2,5,19
deepseek-coder-6.7b,sql_exec_direct_03_unsafe,sql_exec_direct_03,unsafe,clean_heldout,clean,-1,11,5723, safe,83.66050720214844,1.0000003947020442,52,0.1168871969343763,0.12044770682387114,0.047071105644495716,0.0638458812485466,0.023767534317704085,0.014809299066166312,0.22803734479802654,0.38513432586885754,8,10,1,5,2,2,5,19
deepseek-coder-6.7b,sql_exec_direct_03_unsafe,sql_exec_direct_03,unsafe,clean_heldout,clean,-1,15,24281, vulnerable,227.92494201660156,1.0000003361383778,52,0.055022741137130037,0.05309004304047199,0.00543203488932965,0.08206217381547616,0.01316453898947125,0.017446143925447247,0.14192338261857623,0.6318592777224752,8,10,1,5,2,2,5,19
deepseek-coder-6.7b,sql_exec_direct_03_unsafe,sql_exec_direct_03,unsafe,clean_heldout,clean,-1,15,5723, safe,83.66050720214844,1.000000378849841,52,0.0834416288754896,0.07219022176982687,0.020906240168071823,0.08851474475744492,0.018465978749925907,0.004226821443064872,0.16263578035301468,0.5496189627330024,8,10,1,5,2,2,5,19
deepseek-coder-6.7b,sql_exec_direct_03_unsafe,sql_exec_direct_03,unsafe,clean_heldout,clean,-1,19,24281, vulnerable,227.92494201660156,1.0000003012921743,52,0.03280964529832647,0.038292135953979005,0.0036937373224150646,0.07778129221607749,0.009445140216708668,0.015042144225016334,0.08750221875519044,0.7354339873044609,8,10,1,5,2,2,5,19
deepseek-coder-6.7b,sql_exec_direct_03_unsafe,sql_exec_direct_03,unsafe,clean_heldout,clean,-1,19,5723, safe,83.66050720214844,1.0000003765343508,52,0.07514565894722562,0.06911055693313377,0.011995609260365418,0.04469885837064716,0.023501319900734573,-0.0018966829639188183,0.09980619844649835,0.6776388576396647,8,10,1,5,2,2,5,19
deepseek-coder-6.7b,sql_exec_direct_03_unsafe,sql_exec_direct_03,unsafe,clean_heldout,clean,-1,23,24281, vulnerable,227.92494201660156,1.0000002985953527,52,0.031111115013203072,0.03348762816886066,0.010011523217164775,0.061706908776251165,0.010989379080099474,0.0129235925943456,0.05500049553001217,0.7847696562154157,8,10,1,5,2,2,5,19
deepseek-coder-6.7b,sql_exec_direct_03_unsafe,sql_exec_direct_03,unsafe,clean_heldout,clean,-1,23,5723, safe,83.66050720214844,1.000000446622462,52,0.061981737870250464,0.06936843077581607,0.014725911490987684,0.05896846615650834,0.024001416652607487,-0.006381352423043076,0.10224368519476908,0.6750921509045659,8,10,1,5,2,2,5,19
deepseek-coder-6.7b,sql_exec_direct_03_unsafe,sql_exec_direct_03,unsafe,clean_heldout,clean,-1,27,24281, vulnerable,227.92494201660156,1.0000003215265083,52,0.027099132691357598,0.028868950218413965,0.010819767897641936,0.055348307451405676,0.006868198219820879,0.007061320979161614,0.017278698307052236,0.8466559457616544,8,10,1,5,2,2,5,19
deepseek-coder-6.7b,sql_exec_direct_03_unsafe,sql_exec_direct_03,unsafe,clean_heldout,clean,-1,27,5723, safe,83.66050720214844,1.000000494045485,52,0.05480516075060074,0.06579696861705524,0.014087008574581302,0.11139877167868917,0.013341539668552876,-0.011679055014910332,0.0584143914064958,0.6938357083644203,8,10,1,5,2,2,5,19
deepseek-coder-6.7b,sql_exec_direct_03_safe,sql_exec_direct_03,safe,clean_heldout,clean,-1,0,24281, vulnerable,184.04078674316406,1.0000002203506675,53,0.060674245256140874,0.09884260115226413,-0.005024240707695035,0.06254028105740826,0.012811067486668307,0.029649683663788395,0.3347550082028388,0.40575157423925373,8,10,2,5,2,2,5,19
deepseek-coder-6.7b,sql_exec_direct_03_safe,sql_exec_direct_03,safe,clean_heldout,clean,-1,0,5723, safe,67.35818481445312,1.0000004382975238,53,0.08977080899617892,0.10747779003923905,0.008437292705457792,0.041423350317539916,0.021704094295333484,0.025195762290044412,0.40557487071814746,0.300416468935583,8,10,2,5,2,2,5,19
deepseek-coder-6.7b,sql_exec_direct_03_safe,sql_exec_direct_03,safe,clean_heldout,clean,-1,3,24281, vulnerable,184.04078674316406,1.0000000529116888,53,0.06668987737958447,0.10091147733350112,-0.0032178506703482014,0.06503502678339651,0.01218269847191807,0.025407811137558425,0.31209420175748925,0.42089681071858903,8,10,2,5,2,2,5,19
deepseek-coder-6.7b,sql_exec_direct_03_safe,sql_exec_direct_03,safe,clean_heldout,clean,-1,3,5723, safe,67.35818481445312,1.0000003740323222,53,0.0912968717661662,0.10403434782429255,0.01630912331295904,0.049529921796457085,0.021857199888614183,0.02363971571088822,0.3871422444052101,0.3061909493277347,8,10,2,5,2,2,5,19
deepseek-coder-6.7b,sql_exec_direct_03_safe,sql_exec_direct_03,safe,clean_heldout,clean,-1,7,24281, vulnerable,184.04078674316406,0.9999999873692067,53,0.07155165887994883,0.11351351085780824,-0.002677127095037955,0.08130708759104638,0.014704612872479636,0.025784054619084496,0.29106631512659875,0.40474987451727823,8,10,2,5,2,2,5,19
deepseek-coder-6.7b,sql_exec_direct_03_safe,sql_exec_direct_03,safe,clean_heldout,clean,-1,7,5723, safe,67.35818481445312,1.000000378401471,53,0.10922721171613674,0.12726691439222804,0.017761229279677854,0.07710725290773734,0.028429323537293747,0.02385379161450766,0.34784941858632773,0.268505236367562,8,10,2,5,2,2,5,19
deepseek-coder-6.7b,sql_exec_direct_03_safe,sql_exec_direct_03,safe,clean_heldout,clean,-1,11,24281, vulnerable,184.04078674316406,1.0000000289050848,53,0.0889249954834874,0.11760831398874433,0.007939149612703342,0.07977756442259071,0.011351219498823385,0.02071548630404342,0.2032306672740088,0.4704526323206834,8,10,2,5,2,2,5,19
deepseek-coder-6.7b,sql_exec_direct_03_safe,sql_exec_direct_03,safe,clean_heldout,clean,-1,11,5723, safe,67.35818481445312,1.0000004411181136,53,0.1466868827248852,0.14623454773424324,0.05633857014599539,0.09480813041581548,0.026296557720598066,0.011930445989544186,0.2285427358449454,0.28916257054208666,8,10,2,5,2,2,5,19
deepseek-coder-6.7b,sql_exec_direct_03_safe,sql_exec_direct_03,safe,clean_heldout,clean,-1,15,24281, vulnerable,184.04078674316406,1.0000000994877394,53,0.06402601796136642,0.0667505746165685,0.021126867357217055,0.09324380265784227,0.010159526492569581,0.015511905819498517,0.13622795785353764,0.5929534467291393,8,10,2,5,2,2,5,19
deepseek-coder-6.7b,sql_exec_direct_03_safe,sql_exec_direct_03,safe,clean_heldout,clean,-1,15,5723, safe,67.35818481445312,1.0000003852593755,53,0.10418718308340333,0.08735266298837341,0.04654727888544409,0.1520871289843593,0.02368883733207744,0.005762275479109666,0.1506406279166004,0.4297343905900079,8,10,2,5,2,2,5,19
deepseek-coder-6.7b,sql_exec_direct_03_safe,sql_exec_direct_03,safe,clean_heldout,clean,-1,19,24281, vulnerable,184.04078674316406,1.0000001145272897,53,0.04075238455079837,0.045199324747617835,0.018177719610088367,0.09982401897780976,0.008248407139070532,0.013370293919260921,0.08262847002093764,0.6917994955617064,8,10,2,5,2,2,5,19
deepseek-coder-6.7b,sql_exec_direct_03_safe,sql_exec_direct_03,safe,clean_heldout,clean,-1,19,5723, safe,67.35818481445312,1.0000003172333876,53,0.10223094525844023,0.0811400754898303,0.017541984728312157,0.11525997909696559,0.027441567609855597,0.00025702364100013003,0.08810318331572613,0.5680255580932574,8,10,2,5,2,2,5,19
deepseek-coder-6.7b,sql_exec_direct_03_safe,sql_exec_direct_03,safe,clean_heldout,clean,-1,23,24281, vulnerable,184.04078674316406,1.0000001956356055,53,0.03471375988980108,0.037046465795329685,0.017150414598083856,0.08991414829353032,0.01015268189803717,0.01225431134577608,0.04951435551717614,0.7492540582978711,8,10,2,5,2,2,5,19
deepseek-coder-6.7b,sql_exec_direct_03_safe,sql_exec_direct_03,safe,clean_heldout,clean,-1,23,5723, safe,67.35818481445312,1.0000003113709854,53,0.0840486793580268,0.086261635979075,0.028412673872566876,0.12243869966075124,0.028407792371917637,-0.002173774315669269,0.09761953145210908,0.5549850729922081,8,10,2,5,2,2,5,19
deepseek-coder-6.7b,sql_exec_direct_03_safe,sql_exec_direct_03,safe,clean_heldout,clean,-1,27,24281, vulnerable,184.04078674316406,1.0000001118351496,53,0.03466622033647817,0.033641035091416784,0.00938807212622946,0.0815742099243141,0.006678086346145029,0.00682009273650255,0.01710928152889051,0.8101231137451729,8,10,2,5,2,2,5,19
deepseek-coder-6.7b,sql_exec_direct_03_safe,sql_exec_direct_03,safe,clean_heldout,clean,-1,27,5723, safe,67.35818481445312,1.0000002695598904,53,0.06921806848357563,0.07874018588740314,0.015656928191004366,0.16282641404220768,0.016223082716090076,-0.007487490633606802,0.05647130378097883,0.6083517770922375,8,10,2,5,2,2,5,19
deepseek-coder-6.7b,sql_exec_direct_06_unsafe,sql_exec_direct_06,unsafe,clean_heldout,clean,-1,0,24281, vulnerable,228.1957550048828,1.0000002410872504,52,0.0728216407643291,0.08716507990700308,0.0025015312357635757,0.06726783033713407,0.00603244443243437,0.0053906815340460205,0.31794385041474654,0.4408771824617935,8,10,1,5,2,2,5,19
deepseek-coder-6.7b,sql_exec_direct_06_unsafe,sql_exec_direct_06,unsafe,clean_heldout,clean,-1,0,5723, safe,86.65397644042969,1.0000002045053982,52,0.07987245817287247,0.10018553097714501,0.005753563554496382,0.04653560250597106,0.024773490044603278,0.002574174146585947,0.40101311690487074,0.33929226819885316,8,10,1,5,2,2,5,19
deepseek-coder-6.7b,sql_exec_direct_06_unsafe,sql_exec_direct_06,unsafe,clean_heldout,clean,-1,3,24281, vulnerable,228.1957550048828,0.9999999215095138,52,0.07750331904269109,0.08838480018680327,0.0030452845920742287,0.0684685309747144,0.0020630846859489554,0.006901018585326803,0.2954214140516252,0.4582124693903298,8,10,1,5,2,2,5,19
deepseek-coder-6.7b,sql_exec_direct_06_unsafe,sql_exec_direct_06,unsafe,clean_heldout,clean,-1,3,5723, safe,86.65397644042969,1.000000081681786,52,0.08491075693957449,0.09726732570076713,0.01060488351289982,0.052425315024121955,0.01922642595556753,0.0061979950123966475,0.37983934867583474,0.34952803086062384,8,10,1,5,2,2,5,19
deepseek-coder-6.7b,sql_exec_direct_06_unsafe,sql_exec_direct_06,unsafe,clean_heldout,clean,-1,7,24281, vulnerable,228.1957550048828,0.9999999030949405,52,0.07752721031904669,0.09633731023617663,0.011946484986964592,0.08720904548434918,-0.00190741023409036,0.004781978932917384,0.276069247344139,0.4480360360254375,8,10,1,5,2,2,5,19
deepseek-coder-6.7b,sql_exec_direct_06_unsafe,sql_exec_direct_06,unsafe,clean_heldout,clean,-1,7,5723, safe,86.65397644042969,0.9999999683590555,52,0.09726564959051665,0.13526743352760323,0.028644893734850865,0.07869710619419087,0.01642579516169788,-0.002120337589893299,0.34054336154825143,0.3052760661918378,8,10,1,5,2,2,5,19
deepseek-coder-6.7b,sql_exec_direct_06_unsafe,sql_exec_direct_06,unsafe,clean_heldout,clean,-1,11,24281, vulnerable,228.1957550048828,1.0000000675201022,52,0.07419305292006298,0.07581665748929609,0.02636242223941004,0.08969369839238779,0.0028564573782900032,0.010170275845021313,0.19844012359347557,0.5224673796621583,8,10,1,5,2,2,5,19
deepseek-coder-6.7b,sql_exec_direct_06_unsafe,sql_exec_direct_06,unsafe,clean_heldout,clean,-1,11,5723, safe,86.65397644042969,1.000000095266757,52,0.08941802177953516,0.09980328996763049,0.05287297574993991,0.0971327113659115,0.012073870764955877,0.02417940001450531,0.242007862664654,0.38251196295962464,8,10,1,5,2,2,5,19
deepseek-coder-6.7b,sql_exec_direct_06_unsafe,sql_exec_direct_06,unsafe,clean_heldout,clean,-1,15,24281, vulnerable,228.1957550048828,0.9999999169548455,52,0.0544653337889602,0.04058212721983424,0.008868530591064402,0.0930445008678347,0.0026272051480255446,0.01050793016259338,0.1384862961953053,0.6514179929812276,8,10,1,5,2,2,5,19
deepseek-coder-6.7b,sql_exec_direct_06_unsafe,sql_exec_direct_06,unsafe,clean_heldout,clean,-1,15,5723, safe,86.65397644042969,1.000000070762221,52,0.06576039469684564,0.06279247797143686,0.033767452594711526,0.11513910789925261,0.009396217660753606,0.021150930345569738,0.17564784902658148,0.5163456405670696,8,10,1,5,2,2,5,19
deepseek-coder-6.7b,sql_exec_direct_06_unsafe,sql_exec_direct_06,unsafe,clean_heldout,clean,-1,19,24281, vulnerable,228.1957550048828,0.9999999525432938,52,0.03603994370929277,0.029701746624001164,0.005344157832909407,0.07821440706315204,0.001046029779966442,0.007425508665470872,0.08256068987826642,0.7596674689902347,8,10,1,5,2,2,5,19
deepseek-coder-6.7b,sql_exec_direct_06_unsafe,sql_exec_direct_06,unsafe,clean_heldout,clean,-1,19,5723, safe,86.65397644042969,1.000000170091572,52,0.07143971862175788,0.05258896981335585,0.02235091144629602,0.06245245999676657,0.010299812359569234,0.01588849725223847,0.11203793559400452,0.6529418650075833,8,10,1,5,2,2,5,19
deepseek-coder-6.7b,sql_exec_direct_06_unsafe,sql_exec_direct_06,unsafe,clean_heldout,clean,-1,23,24281, vulnerable,228.1957550048828,0.9999999933883846,52,0.02809471055076732,0.025211952345940786,0.009651804522449526,0.06080149604757748,0.0006564659556676457,0.006712697217259058,0.053620029061425094,0.8152508376872976,8,10,1,5,2,2,5,19
deepseek-coder-6.7b,sql_exec_direct_06_unsafe,sql_exec_direct_06,unsafe,clean_heldout,clean,-1,23,5723, safe,86.65397644042969,1.000000252912604,52,0.05055553700089299,0.05196382363735108,0.024577733711571934,0.05830903635522513,0.011597362697698123,0.01442757665692896,0.1088706288998152,0.6796985539531205,8,10,1,5,2,2,5,19
deepseek-coder-6.7b,sql_exec_direct_06_unsafe,sql_exec_direct_06,unsafe,clean_heldout,clean,-1,27,24281, vulnerable,228.1957550048828,0.999999992392561,52,0.02709749677613845,0.022076801273230716,0.008548538069481205,0.05067828001591537,0.0022491120030432724,0.00661092597618615,0.016577763231210997,0.866161075047355,8,10,1,5,2,2,5,19
deepseek-coder-6.7b,sql_exec_direct_06_unsafe,sql_exec_direct_06,unsafe,clean_heldout,clean,-1,27,5723, safe,86.65397644042969,1.0000002752246286,52,0.04977390326846004,0.055478126725119314,0.015964289975004205,0.10559426102876762,0.0032861015885625082,0.018513786592339612,0.06013336052803729,0.6912564455183381,8,10,1,5,2,2,5,19
deepseek-coder-6.7b,sql_exec_direct_06_safe,sql_exec_direct_06,safe,clean_heldout,clean,-1,0,24281, vulnerable,186.20367431640625,1.000000435332195,53,0.0628240646510258,0.10369184479964588,-0.003609338298091853,0.0732686615873773,0.003162716255468717,0.013366692436534686,0.3265616027789357,0.4207341911212987,8,10,2,5,2,2,5,19
deepseek-coder-6.7b,sql_exec_direct_06_safe,sql_exec_direct_06,safe,clean_heldout,clean,-1,0,5723, safe,68.07362365722656,1.0000003965332247,53,0.07172186860958744,0.11324567036415391,0.0028803035170678858,0.06501912380691285,0.03012653633279111,0.01310128875351273,0.40009085551366164,0.3038147496355369,8,10,2,5,2,2,5,19
deepseek-coder-6.7b,sql_exec_direct_06_safe,sql_exec_direct_06,safe,clean_heldout,clean,-1,3,24281, vulnerable,186.20367431640625,1.0000002229128113,53,0.06815856340780116,0.10662534210406334,0.003125423274256407,0.07002094204681635,0.0032643264049527308,0.011125358097127242,0.30304157934385056,0.4346386882339434,8,10,2,5,2,2,5,19
deepseek-coder-6.7b,sql_exec_direct_06_safe,sql_exec_direct_06,safe,clean_heldout,clean,-1,3,5723, safe,68.07362365722656,1.0000000326157608,53,0.07343811737913708,0.1159566074596309,0.011038234630563967,0.06967590864759901,0.028741841874505326,0.01410607220461514,0.3805980824797653,0.306445167939944,8,10,2,5,2,2,5,19
deepseek-coder-6.7b,sql_exec_direct_06_safe,sql_exec_direct_06,safe,clean_heldout,clean,-1,7,24281, vulnerable,186.20367431640625,1.0000001799787874,53,0.07301359267280975,0.12226441526085621,0.004533802180832914,0.09605564494553571,0.0011430927346898039,0.006629238624805417,0.28403676497642716,0.41232362858283045,8,10,2,5,2,2,5,19
deepseek-coder-6.7b,sql_exec_direct_06_safe,sql_exec_direct_06,safe,clean_heldout,clean,-1,7,5723, safe,68.07362365722656,1.00000005767955,53,0.08817028396948375,0.15373677220324783,0.03174886791001134,0.1000377757929183,0.03487383428732113,-0.0020966855690629114,0.3384943926388836,0.2550348164467469,8,10,2,5,2,2,5,19
deepseek-coder-6.7b,sql_exec_direct_06_safe,sql_exec_direct_06,safe,clean_heldout,clean,-1,11,24281, vulnerable,186.20367431640625,1.0000002554434368,53,0.07628298137128736,0.10025335078536553,0.026852976095810603,0.0886545321191991,0.0045535538324239025,0.013728664749549374,0.20088105456771688,0.4887931419220841,8,10,2,5,2,2,5,19
deepseek-coder-6.7b,sql_exec_direct_06_safe,sql_exec_direct_06,safe,clean_heldout,clean,-1,11,5723, safe,68.07362365722656,1.0000000801165665,53,0.1039825705078671,0.11880671600593316,0.07786969170570822,0.10118654841482465,0.025235510133542603,0.030127904224660204,0.22585328757691472,0.31693785154711585,8,10,2,5,2,2,5,19
deepseek-coder-6.7b,sql_exec_direct_06_safe,sql_exec_direct_06,safe,clean_heldout,clean,-1,15,24281, vulnerable,186.20367431640625,1.0000001790184738,53,0.05951884080751696,0.05363406138953168,0.02518330928332308,0.0848384992673242,0.0032939360765232018,0.012461669303833125,0.13661150601030367,0.6244583568801179,8,10,2,5,2,2,5,19
deepseek-coder-6.7b,sql_exec_direct_06_safe,sql_exec_direct_06,safe,clean_heldout,clean,-1,15,5723, safe,68.07362365722656,1.0000000264319,53,0.0764858980115513,0.07561684690915295,0.05426611137673036,0.1412332038201316,0.01641006092179295,0.02756533118987282,0.15506416755584673,0.45335840664682125,8,10,2,5,2,2,5,19
deepseek-coder-6.7b,sql_exec_direct_06_safe,sql_exec_direct_06,safe,clean_heldout,clean,-1,19,24281, vulnerable,186.20367431640625,1.0000002392781568,53,0.04157156871096312,0.03393246658886914,0.014854320748782023,0.08689123008212131,0.0011942270369692184,0.009343140521562692,0.08009504572691042,0.7321182398619788,8,10,2,5,2,2,5,19
deepseek-coder-6.7b,sql_exec_direct_06_safe,sql_exec_direct_06,safe,clean_heldout,clean,-1,19,5723, safe,68.07362365722656,0.9999999589019526,53,0.09228530214533218,0.06408512930728026,0.038087839502312454,0.09527941518527897,0.014892583542718637,0.022971787652453685,0.08697019115956364,0.5854277104070129,8,10,2,5,2,2,5,19
deepseek-coder-6.7b,sql_exec_direct_06_safe,sql_exec_direct_06,safe,clean_heldout,clean,-1,23,24281, vulnerable,186.20367431640625,1.0000001976045447,53,0.03312111381223304,0.028704101739197716,0.014766460690566221,0.08009668818339506,0.00042344839328613444,0.008233866673322451,0.050012989938975475,0.7846415281735686,8,10,2,5,2,2,5,19
deepseek-coder-6.7b,sql_exec_direct_06_safe,sql_exec_direct_06,safe,clean_heldout,clean,-1,23,5723, safe,68.07362365722656,0.999999928967689,53,0.06714978525765655,0.06624728751354643,0.054230718241744,0.09626228763103323,0.013863761400403539,0.021916590359358334,0.09352650148497413,0.5868029970789728,8,10,2,5,2,2,5,19
deepseek-coder-6.7b,sql_exec_direct_06_safe,sql_exec_direct_06,safe,clean_heldout,clean,-1,27,24281, vulnerable,186.20367431640625,1.0000001904622118,53,0.0324792241682754,0.02605514077445554,0.010460305987485582,0.06995315238430469,0.001947140005088075,0.00677965737691273,0.016273805042772524,0.8360517647229171,8,10,2,5,2,2,5,19
deepseek-coder-6.7b,sql_exec_direct_06_safe,sql_exec_direct_06,safe,clean_heldout,clean,-1,27,5723, safe,68.07362365722656,0.9999998684424687,53,0.06167510888638176,0.06914315427562659,0.04793646132505229,0.14076170162782015,0.004160041880317849,0.021858468800202882,0.05191209949527019,0.602552832151797,8,10,2,5,2,2,5,19
deepseek-coder-6.7b,sql_exec_direct_09_unsafe,sql_exec_direct_09,unsafe,clean_heldout,clean,-1,0,24281, vulnerable,211.1597137451172,1.0000001405012888,53,0.06344973677451192,0.08539740013163305,0.0032128704234410032,0.055011544311334024,0.030911858631925873,0.00448762273944195,0.3400153789224719,0.417513728566529,8,10,2,5,2,2,5,19
deepseek-coder-6.7b,sql_exec_direct_09_unsafe,sql_exec_direct_09,unsafe,clean_heldout,clean,-1,0,5723, safe,86.6875228881836,1.0000003066608745,53,0.0988380066138032,0.08651733340154315,0.01693522852577386,0.029695200746176594,0.03478072553839638,-0.009238587548175737,0.39055646335730937,0.3519159360260476,8,10,2,5,2,2,5,19
deepseek-coder-6.7b,sql_exec_direct_09_unsafe,sql_exec_direct_09,unsafe,clean_heldout,clean,-1,3,24281, vulnerable,211.1597137451172,0.999999823014951,53,0.0657757963002779,0.08623178181957912,0.002413380970941492,0.05699414388482749,0.028931987013391492,0.0057637190974055615,0.3191717190149187,0.4347172949136093,8,10,2,5,2,2,5,19
deepseek-coder-6.7b,sql_exec_direct_09_unsafe,sql_exec_direct_09,unsafe,clean_heldout,clean,-1,3,5723, safe,86.6875228881836,1.0000000766222448,53,0.10202082083495456,0.0845736307459942,0.016809272728460868,0.037350706278773314,0.03375792763740673,-0.008616349385172726,0.3671259649888883,0.3669781027929397,8,10,2,5,2,2,5,19
deepseek-coder-6.7b,sql_exec_direct_09_unsafe,sql_exec_direct_09,unsafe,clean_heldout,clean,-1,7,24281, vulnerable,211.1597137451172,0.9999997999038651,53,0.05084833721310154,0.12414063794503084,0.0036750002624008,0.06795755697999496,0.02373221200333445,0.016573330491395675,0.2879329243984726,0.42513980061013423,8,10,2,5,2,2,5,19
deepseek-coder-6.7b,sql_exec_direct_09_unsafe,sql_exec_direct_09,unsafe,clean_heldout,clean,-1,7,5723, safe,86.6875228881836,0.9999999170606099,53,0.0988899599336979,0.1385117105289445,0.021335218004142995,0.05599104077466398,0.023737380643737226,0.007031247043404126,0.32759888270269405,0.32690447742932516,8,10,2,5,2,2,5,19
deepseek-coder-6.7b,sql_exec_direct_09_unsafe,sql_exec_direct_09,unsafe,clean_heldout,clean,-1,11,24281, vulnerable,211.1597137451172,0.999999968103173,53,0.04970079805251456,0.11620170767324252,0.021984845671837457,0.08858875014696252,0.023064744082351617,0.01933630365016946,0.2051363868127059,0.4759864320133889,8,10,2,5,2,2,5,19
deepseek-coder-6.7b,sql_exec_direct_09_unsafe,sql_exec_direct_09,unsafe,clean_heldout,clean,-1,11,5723, safe,86.6875228881836,1.0000000355822876,53,0.08433578945361844,0.142099509369004,0.05457809976442284,0.08914370373078725,0.014164744173432385,0.0068615741943955574,0.224692163638071,0.384124451258556,8,10,2,5,2,2,5,19
deepseek-coder-6.7b,sql_exec_direct_09_unsafe,sql_exec_direct_09,unsafe,clean_heldout,clean,-1,15,24281, vulnerable,211.1597137451172,0.9999999897676108,53,0.032894634555354484,0.0741747443753282,0.016626876513479036,0.08255410250598275,0.019587752265173775,0.016789763447169335,0.1458768060034259,0.6114953101016973,8,10,2,5,2,2,5,19
deepseek-coder-6.7b,sql_exec_direct_09_unsafe,sql_exec_direct_09,unsafe,clean_heldout,clean,-1,15,5723, safe,86.6875228881836,1.0000000969488414,53,0.05355829318211962,0.09417210975508758,0.04777487364581859,0.1194178424768843,0.006738322994727215,0.0144106497529507,0.16192259841575307,0.5020054067255004,8,10,2,5,2,2,5,19
deepseek-coder-6.7b,sql_exec_direct_09_unsafe,sql_exec_direct_09,unsafe,clean_heldout,clean,-1,19,24281, vulnerable,211.1597137451172,1.0000000799890563,53,0.027647743380163008,0.048847246583243506,0.012196363208015168,0.06992403023755067,0.01626210355303871,0.008220812976119703,0.09364508230325287,0.7232566977476726,8,10,2,5,2,2,5,19
deepseek-coder-6.7b,sql_exec_direct_09_unsafe,sql_exec_direct_09,unsafe,clean_heldout,clean,-1,19,5723, safe,86.6875228881836,1.0000001160291985,53,0.05817464840931951,0.07594740181835433,0.019127111190975564,0.052387101843347036,0.0010481785576203842,0.018578524796394782,0.09914203740710403,0.6755951120060829,8,10,2,5,2,2,5,19
deepseek-coder-6.7b,sql_exec_direct_09_unsafe,sql_exec_direct_09,unsafe,clean_heldout,clean,-1,23,24281, vulnerable,211.1597137451172,1.0000000289153206,53,0.02438908149786307,0.043790110514003514,0.014716801362431923,0.05319738687090831,0.014090489945560098,0.009601726823984542,0.057358841548996994,0.782855590351572,8,10,2,5,2,2,5,19
deepseek-coder-6.7b,sql_exec_direct_09_unsafe,sql_exec_direct_09,unsafe,clean_heldout,clean,-1,23,5723, safe,86.6875228881836,1.000000153158542,53,0.04798835241629407,0.07534541397353327,0.02362925586986868,0.042254563639122764,-0.0017333772149001076,0.019756879176253555,0.10151987379466601,0.6912391915037039,8,10,2,5,2,2,5,19
deepseek-coder-6.7b,sql_exec_direct_09_unsafe,sql_exec_direct_09,unsafe,clean_heldout,clean,-1,27,24281, vulnerable,211.1597137451172,1.0000000413000398,53,0.022164134296229175,0.036836322635838345,0.014230513628835595,0.043888586463059785,0.008070504965454145,0.006153000111897456,0.013572559007075012,0.8550844201916503,8,10,2,5,2,2,5,19
deepseek-coder-6.7b,sql_exec_direct_09_unsafe,sql_exec_direct_09,unsafe,clean_heldout,clean,-1,27,5723, safe,86.6875228881836,1.0000002724967214,53,0.04662314874055726,0.07090109996615344,0.02101785150234015,0.08664223161419815,-0.006704248914855056,0.012473310224598315,0.05465897160013368,0.7143879077635955,8,10,2,5,2,2,5,19
deepseek-coder-6.7b,sql_exec_direct_09_safe,sql_exec_direct_09,safe,clean_heldout,clean,-1,0,24281, vulnerable,215.77932739257812,1.0000003962600432,52,0.0583044828790309,0.10342653438236449,0.002575865375293272,0.05951309636519633,0.03388626381360318,0.008433059680442355,0.3154735802508345,0.41838751351327796,8,10,1,5,2,2,5,19
deepseek-coder-6.7b,sql_exec_direct_09_safe,sql_exec_direct_09,safe,clean_heldout,clean,-1,0,5723, safe,74.90628814697266,1.0000009457166024,52,0.08066514227600874,0.09188161082959567,0.00939187775899391,0.039029282251404465,0.04889385707819534,0.014092835660340978,0.3821094833416441,0.3339368565204191,8,10,1,5,2,2,5,19
deepseek-coder-6.7b,sql_exec_direct_09_safe,sql_exec_direct_09,safe,clean_heldout,clean,-1,3,24281, vulnerable,215.77932739257812,1.0000002213635235,52,0.06037189360881705,0.10613697973341621,0.0045483173341423575,0.05821947569502735,0.034302136367949966,0.006657474786731276,0.29381819773370466,0.43594574610373454,8,10,1,5,2,2,5,19
deepseek-coder-6.7b,sql_exec_direct_09_safe,sql_exec_direct_09,safe,clean_heldout,clean,-1,3,5723, safe,74.90628814697266,1.0000004751708707,52,0.08047989710230968,0.09377000566592861,0.014734912381875262,0.042835066895854694,0.050817894230635055,0.01111400222860962,0.36102756406934366,0.34522113259631404,8,10,1,5,2,2,5,19
deepseek-coder-6.7b,sql_exec_direct_09_safe,sql_exec_direct_09,safe,clean_heldout,clean,-1,7,24281, vulnerable,215.77932739257812,1.0000001416022164,52,0.04891183279980205,0.1428434443927912,0.0009115025484901898,0.06623168364384313,0.026001650200257204,0.011713317115545274,0.2778673496258021,0.4255193612756854,8,10,1,5,2,2,5,19
deepseek-coder-6.7b,sql_exec_direct_09_safe,sql_exec_direct_09,safe,clean_heldout,clean,-1,7,5723, safe,74.90628814697266,1.0000003913464421,52,0.08440347058545569,0.15250515243274243,0.008243916259604566,0.06221754226141327,0.04398865542394738,0.02165045210553103,0.32443640208071467,0.3025548001970331,8,10,1,5,2,2,5,19
deepseek-coder-6.7b,sql_exec_direct_09_safe,sql_exec_direct_09,safe,clean_heldout,clean,-1,11,24281, vulnerable,215.77932739257812,1.0000002672521715,52,0.05921810880472282,0.14745249053588655,0.0036571428006973044,0.054775895140472805,0.02172923074899546,0.011023105994605594,0.19467036775189347,0.5074739254748974,8,10,1,5,2,2,5,19
deepseek-coder-6.7b,sql_exec_direct_09_safe,sql_exec_direct_09,safe,clean_heldout,clean,-1,11,5723, safe,74.90628814697266,1.000000562128458,52,0.09819338639476388,0.18431195551550258,0.016028116376592374,0.08820571553142523,0.0264849681079376,0.010483037378756027,0.2123754085814011,0.3639179742420791,8,10,1,5,2,2,5,19
deepseek-coder-6.7b,sql_exec_direct_09_safe,sql_exec_direct_09,safe,clean_heldout,clean,-1,15,24281, vulnerable,215.77932739257812,1.0000002991566943,52,0.035721396703636416,0.08786361830484778,0.009030883728343774,0.07446909788470682,0.017489110276456627,0.010104241650121764,0.13277540236006358,0.6325465482485175,8,10,1,5,2,2,5,19
deepseek-coder-6.7b,sql_exec_direct_09_safe,sql_exec_direct_09,safe,clean_heldout,clean,-1,15,5723, safe,74.90628814697266,1.0000006296157018,52,0.06151420124653231,0.13240551044245552,0.020015879827058488,0.13404725516772972,0.01562866311012081,0.013316487671146616,0.14439088727502433,0.4786817448756339,8,10,1,5,2,2,5,19
deepseek-coder-6.7b,sql_exec_direct_09_safe,sql_exec_direct_09,safe,clean_heldout,clean,-1,19,24281, vulnerable,215.77932739257812,1.0000002809082742,52,0.02676826690428463,0.05147805527477857,0.0054466014659245955,0.07446426379704266,0.014368027544151838,0.007882046887580603,0.07731998107526464,0.7422730379592466,8,10,1,5,2,2,5,19
deepseek-coder-6.7b,sql_exec_direct_09_safe,sql_exec_direct_09,safe,clean_heldout,clean,-1,19,5723, safe,74.90628814697266,1.0000006991419854,52,0.0638240330827948,0.09315400756708236,0.009311036296471105,0.08559640265987357,0.007972826515989523,0.01726535638783893,0.08077571234191343,0.6421013242900216,8,10,1,5,2,2,5,19
deepseek-coder-6.7b,sql_exec_direct_09_safe,sql_exec_direct_09,safe,clean_heldout,clean,-1,23,24281, vulnerable,215.77932739257812,1.0000002437726525,52,0.02396120925443836,0.0440170160504533,0.005806387802788341,0.06287690988097447,0.012586064093831733,0.009181266594329565,0.049991556847855514,0.7915798332479813,8,10,1,5,2,2,5,19
deepseek-coder-6.7b,sql_exec_direct_09_safe,sql_exec_direct_09,safe,clean_heldout,clean,-1,23,5723, safe,74.90628814697266,1.0000004970283827,52,0.054454477637329794,0.09221240047544249,0.01764957036822845,0.06920964345333479,0.00504036850797103,0.018863192529687718,0.08112337001904235,0.6614474740373459,8,10,1,5,2,2,5,19
deepseek-coder-6.7b,sql_exec_direct_09_safe,sql_exec_direct_09,safe,clean_heldout,clean,-1,27,24281, vulnerable,215.77932739257812,1.0000002465176845,52,0.021923228841354708,0.038619595406432006,0.00753266280629933,0.05301558477875535,0.007550697701032238,0.006370274554003609,0.0167341958164655,0.8482540066133419,8,10,1,5,2,2,5,19
deepseek-coder-6.7b,sql_exec_direct_09_safe,sql_exec_direct_09,safe,clean_heldout,clean,-1,27,5723, safe,74.90628814697266,1.0000005573043882,52,0.05116775954133441,0.08554049298448725,0.014542113510666047,0.10980025676798565,-0.0034523533764162723,0.01442810512634449,0.04413527531552129,0.6838389074344653,8,10,1,5,2,2,5,19
deepseek-coder-6.7b,sql_exec_direct_12_unsafe,sql_exec_direct_12,unsafe,clean_heldout,clean,-1,0,24281, vulnerable,207.2047119140625,1.0000002728461388,52,0.0611376969205231,0.07405749890287373,0.00473383965890386,0.04480866733273458,0.02412213582951725,0.024845934644657248,0.35845567334208783,0.40783882621484097,8,10,1,5,2,2,5,19
deepseek-coder-6.7b,sql_exec_direct_12_unsafe,sql_exec_direct_12,unsafe,clean_heldout,clean,-1,0,5723, safe,88.27909851074219,1.0000003456942657,52,0.09227958446190809,0.07652286338419735,0.014564154773631616,-0.014818334584602534,0.048461129013272757,0.028097068105897044,0.4018609920092338,0.35303288853072734,8,10,1,5,2,2,5,19
deepseek-coder-6.7b,sql_exec_direct_12_unsafe,sql_exec_direct_12,unsafe,clean_heldout,clean,-1,3,24281, vulnerable,207.2047119140625,0.9999999833066922,52,0.06270836498751269,0.07715778934814935,0.0028215052285570285,0.04637721760596664,0.021713863197646607,0.022645821682501167,0.34082391286085634,0.42575150839550235,8,10,1,5,2,2,5,19
deepseek-coder-6.7b,sql_exec_direct_12_unsafe,sql_exec_direct_12,unsafe,clean_heldout,clean,-1,3,5723, safe,88.27909851074219,1.000000114612503,52,0.09717116827871286,0.07421328075549517,0.012350147747568516,-0.004162470301756739,0.0474072732928364,0.02329760514342401,0.3839845686428035,0.3657385410534194,8,10,1,5,2,2,5,19
deepseek-coder-6.7b,sql_exec_direct_12_unsafe,sql_exec_direct_12,unsafe,clean_heldout,clean,-1,7,24281, vulnerable,207.2047119140625,0.9999999335863444,52,0.05639799675093495,0.11926632753177467,0.005644459116212183,0.05306334603532359,0.02054810397840312,0.02839267238909793,0.3043276373737534,0.41235939041084463,8,10,1,5,2,2,5,19
deepseek-coder-6.7b,sql_exec_direct_12_unsafe,sql_exec_direct_12,unsafe,clean_heldout,clean,-1,7,5723, safe,88.27909851074219,1.0000001985885272,52,0.09954398088676931,0.13452236190335112,0.02527990054462403,0.004872134632057719,0.049583943987849544,0.02675597252201597,0.3335030507626966,0.3259388533491627,8,10,1,5,2,2,5,19
deepseek-coder-6.7b,sql_exec_direct_12_unsafe,sql_exec_direct_12,unsafe,clean_heldout,clean,-1,11,24281, vulnerable,207.2047119140625,0.9999999694720122,52,0.052405098900543456,0.12325316422816951,0.025216754840873302,0.08183175848095434,0.019266334953419777,0.026480159896800793,0.2159510577231945,0.4555956404480565,8,10,1,5,2,2,5,19
deepseek-coder-6.7b,sql_exec_direct_12_unsafe,sql_exec_direct_12,unsafe,clean_heldout,clean,-1,11,5723, safe,88.27909851074219,1.0000002671197146,52,0.07975650433955954,0.14209061270030607,0.05616216016741282,0.05241275408636549,0.0448484112550534,0.028777278626466802,0.22848071291750574,0.36747183302704467,8,10,1,5,2,2,5,19
deepseek-coder-6.7b,sql_exec_direct_12_unsafe,sql_exec_direct_12,unsafe,clean_heldout,clean,-1,15,24281, vulnerable,207.2047119140625,1.000000021736359,52,0.036798622305521694,0.08308674845568106,0.016550560839797553,0.07117036680665109,0.01589518556524501,0.020031086866487455,0.1537417274604109,0.6027257234365639,8,10,1,5,2,2,5,19
deepseek-coder-6.7b,sql_exec_direct_12_unsafe,sql_exec_direct_12,unsafe,clean_heldout,clean,-1,15,5723, safe,88.27909851074219,1.0000003177585228,52,0.06032454404560316,0.08103040636015224,0.03759412984777871,0.1003919609868033,0.03133046169068003,0.0290059574086948,0.16522799673824498,0.49509486068056574,8,10,1,5,2,2,5,19
deepseek-coder-6.7b,sql_exec_direct_12_unsafe,sql_exec_direct_12,unsafe,clean_heldout,clean,-1,19,24281, vulnerable,207.2047119140625,0.9999999590083556,52,0.03126444592295505,0.05295715646120736,0.006380639133942021,0.05538395271380174,0.015339853203680025,0.017524028111065258,0.09859226270232165,0.7225576207593825,8,10,1,5,2,2,5,19
deepseek-coder-6.7b,sql_exec_direct_12_unsafe,sql_exec_direct_12,unsafe,clean_heldout,clean,-1,19,5723, safe,88.27909851074219,1.0000002444166487,52,0.061059240658076996,0.0714889487309369,0.007472205181775551,0.028265837633031796,0.028369454594052088,0.029980303448049674,0.10403154330808065,0.669332710862645,8,10,1,5,2,2,5,19
deepseek-coder-6.7b,sql_exec_direct_12_unsafe,sql_exec_direct_12,unsafe,clean_heldout,clean,-1,23,24281, vulnerable,207.2047119140625,0.9999999613635773,52,0.027251148994211983,0.042476227265441396,0.006804426575669795,0.04896521486677436,0.015309618629710897,0.014706572856980531,0.05932752891417701,0.7851592232606113,8,10,1,5,2,2,5,19
deepseek-coder-6.7b,sql_exec_direct_12_unsafe,sql_exec_direct_12,unsafe,clean_heldout,clean,-1,23,5723, safe,88.27909851074219,1.000000177256929,52,0.05047153232907385,0.07302589615188698,0.013038366964488037,0.04798759943895549,0.02803495420588064,0.028284832418871173,0.10539215745187633,0.6537648382958965,8,10,1,5,2,2,5,19
deepseek-coder-6.7b,sql_exec_direct_12_unsafe,sql_exec_direct_12,unsafe,clean_heldout,clean,-1,27,24281, vulnerable,207.2047119140625,1.0000000415669659,52,0.02402821602544159,0.03393289219857286,0.006260478672497866,0.042389854202898106,0.009368650120996058,0.005145019940591123,0.015770894368597455,0.8631040360373707,8,10,1,5,2,2,5,19
deepseek-coder-6.7b,sql_exec_direct_12_unsafe,sql_exec_direct_12,unsafe,clean_heldout,clean,-1,27,5723, safe,88.27909851074219,1.0000000561246793,52,0.04876181584350092,0.06897536234538608,0.013293899844420295,0.08832889477200512,0.015646655517630496,0.01724396861813384,0.06380988486069127,0.6839395743229113,8,10,1,5,2,2,5,19
deepseek-coder-6.7b,sql_exec_direct_12_safe,sql_exec_direct_12,safe,clean_heldout,clean,-1,0,24281, vulnerable,222.59295654296875,1.0000002979991824,52,0.055593065659186834,0.0968728023171159,0.002190230461105583,0.048534712521418506,0.021334824731221565,0.02429939008498304,0.3378714304117563,0.4133038418123946,8,10,1,5,2,2,5,19
deepseek-coder-6.7b,sql_exec_direct_12_safe,sql_exec_direct_12,safe,clean_heldout,clean,-1,0,5723, safe,82.43650817871094,0.999999983912427,52,0.0848731237537156,0.08750797066488394,0.004515696433162507,0.01614789998996309,0.055117774974785094,0.024416874571615045,0.3947289691647745,0.33269167435952723,8,10,1,5,2,2,5,19
deepseek-coder-6.7b,sql_exec_direct_12_safe,sql_exec_direct_12,safe,clean_heldout,clean,-1,3,24281, vulnerable,222.59295654296875,1.0000000792109474,52,0.05752786278899645,0.10148514352258646,0.0044905535955533414,0.04609825380091942,0.021681624417700426,0.021260075035378752,0.3165459280542607,0.43091063799555185,8,10,1,5,2,2,5,19
deepseek-coder-6.7b,sql_exec_direct_12_safe,sql_exec_direct_12,safe,clean_heldout,clean,-1,3,5723, safe,82.43650817871094,0.9999999477605774,52,0.08641018687856995,0.08741784548231565,0.0030331987408652086,0.015659331242379768,0.055686504302868325,0.02467991759784576,0.3779646924320956,0.34914827108363694,8,10,1,5,2,2,5,19
deepseek-coder-6.7b,sql_exec_direct_12_safe,sql_exec_direct_12,safe,clean_heldout,clean,-1,7,24281, vulnerable,222.59295654296875,1.000000130874627,52,0.05432911901361061,0.1379117980109409,0.00436018318743911,0.05671976338064541,0.018146694720716935,0.023909228655630728,0.2901088661390998,0.4145144777665434,8,10,1,5,2,2,5,19
deepseek-coder-6.7b,sql_exec_direct_12_safe,sql_exec_direct_12,safe,clean_heldout,clean,-1,7,5723, safe,82.43650817871094,0.9999998844044612,52,0.09124680056854771,0.15214565666358298,0.005301045112950178,0.03389928110196251,0.05518235953091859,0.03013128535477354,0.3216870554999955,0.31040640057173025,8,10,1,5,2,2,5,19
deepseek-coder-6.7b,sql_exec_direct_12_safe,sql_exec_direct_12,safe,clean_heldout,clean,-1,11,24281, vulnerable,222.59295654296875,1.0000001462046983,52,0.056489415870222014,0.13427480565250458,0.015253820010649958,0.04825543517197563,0.017297783114333762,0.022636844512817927,0.20269868745069528,0.5030933544214992,8,10,1,5,2,2,5,19
deepseek-coder-6.7b,sql_exec_direct_12_safe,sql_exec_direct_12,safe,clean_heldout,clean,-1,11,5723, safe,82.43650817871094,1.0000000052420182,52,0.09869586466961187,0.1583758415456453,0.024939234814464774,0.056422913139403015,0.04400636086297253,0.029452968925235246,0.2101936460515748,0.37791317523311063,8,10,1,5,2,2,5,19
deepseek-coder-6.7b,sql_exec_direct_12_safe,sql_exec_direct_12,safe,clean_heldout,clean,-1,15,24281, vulnerable,222.59295654296875,1.0000002034414277,52,0.03810368396551802,0.07970559402300541,0.014357543437512253,0.06801903697208128,0.012795890353665502,0.018581433587686522,0.13833166229039406,0.6301053588115646,8,10,1,5,2,2,5,19
deepseek-coder-6.7b,sql_exec_direct_12_safe,sql_exec_direct_12,safe,clean_heldout,clean,-1,15,5723, safe,82.43650817871094,1.0000000616389035,52,0.06463166868151046,0.10711431259791657,0.02736967738343996,0.09234772434634679,0.028585300676494233,0.028672609200681567,0.13821794731614684,0.5130608214363671,8,10,1,5,2,2,5,19
deepseek-coder-6.7b,sql_exec_direct_12_safe,sql_exec_direct_12,safe,clean_heldout,clean,-1,19,24281, vulnerable,222.59295654296875,1.0000001326486307,52,0.02787010333165932,0.05116302099342659,0.00882981906794777,0.0683315581503406,0.012686939201621322,0.016353759728471334,0.08133236048048746,0.7334325716946763,8,10,1,5,2,2,5,19
deepseek-coder-6.7b,sql_exec_direct_12_safe,sql_exec_direct_12,safe,clean_heldout,clean,-1,19,5723, safe,82.43650817871094,1.0000000955312625,52,0.061418192145292864,0.08451331054124073,0.028374481889045542,0.047973738760014005,0.026772924587681504,0.028382442526310215,0.0780202749607871,0.6445447301208904,8,10,1,5,2,2,5,19
deepseek-coder-6.7b,sql_exec_direct_12_safe,sql_exec_direct_12,safe,clean_heldout,clean,-1,23,24281, vulnerable,222.59295654296875,1.0000001712750552,52,0.02558780054550055,0.043883951044184744,0.0077365774532809906,0.06377083359646608,0.01267696434591604,0.014687842611698419,0.05010810750273584,0.7815480941752726,8,10,1,5,2,2,5,19
deepseek-coder-6.7b,sql_exec_direct_12_safe,sql_exec_direct_12,safe,clean_heldout,clean,-1,23,5723, safe,82.43650817871094,1.000000022594906,52,0.050358630360110374,0.0848725644846035,0.0335532083036946,0.06282115712433682,0.026528403600034726,0.02881433385028743,0.08480172818913223,0.6282499966827062,8,10,1,5,2,2,5,19
deepseek-coder-6.7b,sql_exec_direct_12_safe,sql_exec_direct_12,safe,clean_heldout,clean,-1,27,24281, vulnerable,222.59295654296875,1.0000001534011291,52,0.023166756730590588,0.035382055123245694,0.004357232048282365,0.05274935857160465,0.007596245310395938,0.004597343408363,0.017926265163987133,0.8542248970446598,8,10,1,5,2,2,5,19
deepseek-coder-6.7b,sql_exec_direct_12_safe,sql_exec_direct_12,safe,clean_heldout,clean,-1,27,5723, safe,82.43650817871094,1.0000001990159315,52,0.04796040939233612,0.0769059507769258,0.029321654562217647,0.10180873313924013,0.014974008945922664,0.017202985210920417,0.05280609231604412,0.6590203646723247,8,10,1,5,2,2,5,19
deepseek-coder-6.7b,sql_exec_direct_15_unsafe,sql_exec_direct_15,unsafe,clean_heldout,clean,-1,0,24281, vulnerable,238.51644897460938,1.0000002498037066,53,0.0692453535593453,0.09474289567029893,-0.0003002922312402448,0.06986162483245278,-0.0010726156955474398,0.03291093619233679,0.329221863491924,0.4053904839841364,8,10,2,5,2,2,5,19
deepseek-coder-6.7b,sql_exec_direct_15_unsafe,sql_exec_direct_15,unsafe,clean_heldout,clean,-1,0,5723, safe,83.34693145751953,1.000000546455621,53,0.08670603990530781,0.08690271601455596,0.008734487647271728,0.047884966018938345,0.0053381310695852936,0.02881750317567504,0.40899950938029006,0.32661719324399674,8,10,2,5,2,2,5,19
deepseek-coder-6.7b,sql_exec_direct_15_unsafe,sql_exec_direct_15,unsafe,clean_heldout,clean,-1,3,24281, vulnerable,238.51644897460938,1.000000078249129,53,0.07344844183342115,0.09995349973817147,0.005749766493853339,0.0676222023564215,-0.005344672033508933,0.02735396230788846,0.31244454239012703,0.41877233516275497,8,10,2,5,2,2,5,19
deepseek-coder-6.7b,sql_exec_direct_15_unsafe,sql_exec_direct_15,unsafe,clean_heldout,clean,-1,3,5723, safe,83.34693145751953,1.0000004022657116,53,0.08956873711305142,0.08610486685072172,0.009967300467510994,0.05043883391739025,0.005271242684642493,0.020095369197796614,0.39517285433428956,0.3433811977003085,8,10,2,5,2,2,5,19
deepseek-coder-6.7b,sql_exec_direct_15_unsafe,sql_exec_direct_15,unsafe,clean_heldout,clean,-1,7,24281, vulnerable,238.51644897460938,1.0000001427539,53,0.07780454991847666,0.11212969770760982,0.007597619707500549,0.09134189651684742,-0.012173316902104953,0.03029129279547263,0.28358953163162337,0.40941887137847455,8,10,2,5,2,2,5,19
deepseek-coder-6.7b,sql_exec_direct_15_unsafe,sql_exec_direct_15,unsafe,clean_heldout,clean,-1,7,5723, safe,83.34693145751953,1.000000373928327,53,0.10283499579632689,0.1346847765645892,0.01618388902840775,0.07737137360428889,-0.016225799036866755,0.022454377976523117,0.3445459576210664,0.31815080237399157,8,10,2,5,2,2,5,19
deepseek-coder-6.7b,sql_exec_direct_15_unsafe,sql_exec_direct_15,unsafe,clean_heldout,clean,-1,11,24281, vulnerable,238.51644897460938,1.0000001633079627,53,0.06498570237911619,0.08513811814305475,0.04189045688501053,0.07674122303490906,0.003995580580154169,0.032237157775681716,0.1933647080607999,0.5016472164492365,8,10,2,5,2,2,5,19
deepseek-coder-6.7b,sql_exec_direct_15_unsafe,sql_exec_direct_15,unsafe,clean_heldout,clean,-1,11,5723, safe,83.34693145751953,1.0000004363242085,53,0.0717880228766286,0.11110802504776213,0.06192148755626028,0.08674555348283469,0.014007115198670431,0.03774440863676511,0.22026169666543366,0.3964241268598535,8,10,2,5,2,2,5,19
deepseek-coder-6.7b,sql_exec_direct_15_unsafe,sql_exec_direct_15,unsafe,clean_heldout,clean,-1,15,24281, vulnerable,238.51644897460938,1.0000002110071324,53,0.039205975478889814,0.0484514995719817,0.012629529628605576,0.07279450264784107,0.013653370346086413,0.020792885228785127,0.13530313710343156,0.6571693110015112,8,10,2,5,2,2,5,19
deepseek-coder-6.7b,sql_exec_direct_15_unsafe,sql_exec_direct_15,unsafe,clean_heldout,clean,-1,15,5723, safe,83.34693145751953,1.0000003872477916,53,0.052317602156639664,0.06976256701539363,0.032602350814214975,0.10421805298258063,0.030630509373973918,0.028305011653219306,0.15367498526127038,0.5284893079904991,8,10,2,5,2,2,5,19
deepseek-coder-6.7b,sql_exec_direct_15_unsafe,sql_exec_direct_15,unsafe,clean_heldout,clean,-1,19,24281, vulnerable,238.51644897460938,1.0000001134221908,53,0.02362705306422535,0.03678475150664553,0.007582299996180767,0.06600162222308392,0.012949482789113,0.017837373579495112,0.08192535484453774,0.7532921754189092,8,10,2,5,2,2,5,19
deepseek-coder-6.7b,sql_exec_direct_15_unsafe,sql_exec_direct_15,unsafe,clean_heldout,clean,-1,19,5723, safe,83.34693145751953,1.000000392745423,53,0.04472271467650222,0.07131475717762745,0.020179334387940298,0.05177733570647362,0.028960389386686686,0.03214411832120778,0.09472120744945581,0.6561805356395292,8,10,2,5,2,2,5,19
deepseek-coder-6.7b,sql_exec_direct_15_unsafe,sql_exec_direct_15,unsafe,clean_heldout,clean,-1,23,24281, vulnerable,238.51644897460938,1.0000000009371153,53,0.019017623841483568,0.03375673555758055,0.010538538971906188,0.054574707363426136,0.013486326916745983,0.015301718955575612,0.05324679565337148,0.8000775536770258,8,10,2,5,2,2,5,19
deepseek-coder-6.7b,sql_exec_direct_15_unsafe,sql_exec_direct_15,unsafe,clean_heldout,clean,-1,23,5723, safe,83.34693145751953,1.00000022231885,53,0.037670867313307974,0.07325482338113803,0.03594393167449452,0.05172909385693045,0.031653665953770296,0.030020139631298567,0.09507205430624008,0.64465564620167,8,10,2,5,2,2,5,19
deepseek-coder-6.7b,sql_exec_direct_15_unsafe,sql_exec_direct_15,unsafe,clean_heldout,clean,-1,27,24281, vulnerable,238.51644897460938,1.0000000378282217,53,0.016709127376298538,0.028144023116086943,0.006554159293826522,0.0513843834161452,0.012360536799086122,0.0044507513593699845,0.018418108065311623,0.8619789484020968,8,10,2,5,2,2,5,19
deepseek-coder-6.7b,sql_exec_direct_15_unsafe,sql_exec_direct_15,unsafe,clean_heldout,clean,-1,27,5723, safe,83.34693145751953,1.0000001746727112,53,0.03543744642607376,0.06945134726445928,0.02403444014659229,0.10635446436474737,0.03074768311827443,0.015679911236255485,0.059784971763793306,0.6585099103525153,8,10,2,5,2,2,5,19
deepseek-coder-6.7b,sql_exec_direct_15_safe,sql_exec_direct_15,safe,clean_heldout,clean,-1,0,24281, vulnerable,208.16127014160156,1.000000545189043,52,0.061200177406805306,0.11477371703136485,0.002412723228799,0.05909979495646257,-0.00616117507517378,0.02815572976366394,0.3352151520065852,0.405304425870536,8,10,1,5,2,2,5,19
deepseek-coder-6.7b,sql_exec_direct_15_safe,sql_exec_direct_15,safe,clean_heldout,clean,-1,0,5723, safe,66.93296813964844,1.000000741240342,52,0.0832246424980577,0.11251083001229165,-0.00017730053779189717,0.023138070014112416,0.01301617728872826,0.03125910504505395,0.4340792258016835,0.3029499911182065,8,10,1,5,2,2,5,19
deepseek-coder-6.7b,sql_exec_direct_15_safe,sql_exec_direct_15,safe,clean_heldout,clean,-1,3,24281, vulnerable,208.16127014160156,1.000000123268846,52,0.06636187708097284,0.11846714573084544,0.002043381704643222,0.05642175923093929,-0.002722897997530724,0.02440549603104209,0.3164830204342992,0.4185403410536348,8,10,1,5,2,2,5,19
deepseek-coder-6.7b,sql_exec_direct_15_safe,sql_exec_direct_15,safe,clean_heldout,clean,-1,3,5723, safe,66.93296813964844,1.0000002950379225,52,0.08220867270497546,0.11076558357870157,-0.0040846980188048885,0.02500198146823184,0.01498480700186184,0.026530500368358714,0.41949808934042426,0.32509535859417366,8,10,1,5,2,2,5,19
deepseek-coder-6.7b,sql_exec_direct_15_safe,sql_exec_direct_15,safe,clean_heldout,clean,-1,7,24281, vulnerable,208.16127014160156,1.0000002186912456,52,0.07221607851184025,0.13329287683210092,0.0035120259219339135,0.07926103938632567,-0.006256071756627317,0.025619015542340865,0.2909916036099798,0.4013636506433515,8,10,1,5,2,2,5,19
deepseek-coder-6.7b,sql_exec_direct_15_safe,sql_exec_direct_15,safe,clean_heldout,clean,-1,7,5723, safe,66.93296813964844,1.000000415145796,52,0.10187766361639064,0.15618684685716908,0.013299371395062919,0.05594544463602574,-0.00452938968376747,0.026924835109855903,0.3662270885025803,0.28406855471247894,8,10,1,5,2,2,5,19
deepseek-coder-6.7b,sql_exec_direct_15_safe,sql_exec_direct_15,safe,clean_heldout,clean,-1,11,24281, vulnerable,208.16127014160156,1.0000001917754,52,0.07657492475520737,0.11417822084125583,0.018423525224238544,0.06704763885222735,0.009089530312400836,0.026055869165753375,0.19816071817468583,0.49046976444963086,8,10,1,5,2,2,5,19
deepseek-coder-6.7b,sql_exec_direct_15_safe,sql_exec_direct_15,safe,clean_heldout,clean,-1,11,5723, safe,66.93296813964844,1.0000005295766523,52,0.09814895231061918,0.15621227699999704,0.05220082399050363,0.07234666052433888,0.02843758876628598,0.03768015121301196,0.22823438378757735,0.32673969198431824,8,10,1,5,2,2,5,19
deepseek-coder-6.7b,sql_exec_direct_15_safe,sql_exec_direct_15,safe,clean_heldout,clean,-1,15,24281, vulnerable,208.16127014160156,1.000000169262013,52,0.052819869318003136,0.05006074438190022,0.01990234134045914,0.07684862225368579,0.018576435002159133,0.01654099261295419,0.1349511649434539,0.6302999994093976,8,10,1,5,2,2,5,19
deepseek-coder-6.7b,sql_exec_direct_15_safe,sql_exec_direct_15,safe,clean_heldout,clean,-1,15,5723, safe,66.93296813964844,1.0000004800975515,52,0.07854848043641639,0.08324389359727782,0.05254372473366695,0.10337756528510991,0.045818333006479625,0.026375224152682345,0.1516977339406258,0.45839552494529257,8,10,1,5,2,2,5,19
deepseek-coder-6.7b,sql_exec_direct_15_safe,sql_exec_direct_15,safe,clean_heldout,clean,-1,19,24281, vulnerable,208.16127014160156,1.0000002369811354,52,0.029941734815163414,0.03734420050539757,0.012567873057926674,0.0752711802512856,0.01739343634174817,0.01456995254065241,0.07921548145424477,0.7336963780147168,8,10,1,5,2,2,5,19
deepseek-coder-6.7b,sql_exec_direct_15_safe,sql_exec_direct_15,safe,clean_heldout,clean,-1,19,5723, safe,66.93296813964844,1.0000003736813077,52,0.06736624429231355,0.08270407805497365,0.040109787225360245,0.05324568011673949,0.045002307424748415,0.027896281838172818,0.08793652958359463,0.5957394651454049,8,10,1,5,2,2,5,19
deepseek-coder-6.7b,sql_exec_direct_15_safe,sql_exec_direct_15,safe,clean_heldout,clean,-1,23,24281, vulnerable,208.16127014160156,1.0000002133581858,52,0.02359195257128379,0.03473287076387197,0.010871068371507317,0.07189367453581459,0.018140539468314787,0.013523405620757926,0.04956709138053741,0.7776796106460979,8,10,1,5,2,2,5,19
deepseek-coder-6.7b,sql_exec_direct_15_safe,sql_exec_direct_15,safe,clean_heldout,clean,-1,23,5723, safe,66.93296813964844,1.0000004701905998,52,0.05654877531449197,0.0871672414372735,0.046851258936756,0.07801076906383513,0.04712669445293637,0.027312702726951597,0.09585063973135646,0.5611323885269988,8,10,1,5,2,2,5,19
deepseek-coder-6.7b,sql_exec_direct_15_safe,sql_exec_direct_15,safe,clean_heldout,clean,-1,27,24281, vulnerable,208.16127014160156,1.0000002025131043,52,0.020594380445270278,0.02982900541960058,0.0032203208637267824,0.06408305889555366,0.01645347974969977,0.004355826156637339,0.01838469496503533,0.8430794360175806,8,10,1,5,2,2,5,19
deepseek-coder-6.7b,sql_exec_direct_15_safe,sql_exec_direct_15,safe,clean_heldout,clean,-1,27,5723, safe,66.93296813964844,1.000000572042967,52,0.05057069099096573,0.0819437847527846,0.034116210655875424,0.13774966025523314,0.04352898744283337,0.017007370604544287,0.0616123211109994,0.5734715462297311,8,10,1,5,2,2,5,19
deepseek-coder-6.7b,sql_exec_direct_18_unsafe,sql_exec_direct_18,unsafe,clean_heldout,clean,-1,0,24281, vulnerable,223.66802978515625,1.0000001985995117,52,0.06457469095235105,0.08912182631771007,0.007366837632283344,0.06480895816364855,0.017475002486644436,0.00691653758955331,0.3289094495507259,0.4208268959065953,8,10,1,5,2,2,5,19
deepseek-coder-6.7b,sql_exec_direct_18_unsafe,sql_exec_direct_18,unsafe,clean_heldout,clean,-1,0,5723, safe,87.14836883544922,1.0000005573292485,52,0.07162360059969017,0.09976933952292498,0.013284543397797598,0.037759570399378044,0.03677492666802128,0.005219864865048236,0.4117793470011192,0.3237893648752691,8,10,1,5,2,2,5,19
deepseek-coder-6.7b,sql_exec_direct_18_unsafe,sql_exec_direct_18,unsafe,clean_heldout,clean,-1,3,24281, vulnerable,223.66802978515625,1.0000001041964564,52,0.0690426188790855,0.09171955270178522,0.010630703420885958,0.0630629870446166,0.0134627620391112,0.007764518198058739,0.30812277375610136,0.43619418815681177,8,10,1,5,2,2,5,19
deepseek-coder-6.7b,sql_exec_direct_18_unsafe,sql_exec_direct_18,unsafe,clean_heldout,clean,-1,3,5723, safe,87.14836883544922,1.000000014704806,52,0.07554256512735352,0.0991362561576615,0.017637953897284103,0.03790245563202991,0.034916532593488536,0.008437516496740573,0.39233645886471263,0.3340902759355354,8,10,1,5,2,2,5,19
deepseek-coder-6.7b,sql_exec_direct_18_unsafe,sql_exec_direct_18,unsafe,clean_heldout,clean,-1,7,24281, vulnerable,223.66802978515625,0.9999999684545895,52,0.07189010963206838,0.09909802862521717,0.014782725946268832,0.08575642454670587,0.02024082360409537,0.005298745566763231,0.281615161944339,0.4213179485891316,8,10,1,5,2,2,5,19
deepseek-coder-6.7b,sql_exec_direct_18_unsafe,sql_exec_direct_18,unsafe,clean_heldout,clean,-1,7,5723, safe,87.14836883544922,1.0000000111995906,52,0.0886586160696386,0.1367075398081944,0.03050932097030206,0.06010570260531847,0.04768744942641025,-0.0032563480127988007,0.34430097677228283,0.29528675356024287,8,10,1,5,2,2,5,19
deepseek-coder-6.7b,sql_exec_direct_18_unsafe,sql_exec_direct_18,unsafe,clean_heldout,clean,-1,11,24281, vulnerable,223.66802978515625,1.0000000271816842,52,0.07641190312944032,0.07990536461046528,0.03508164960103172,0.08965214257675579,0.014372128484235698,0.01180866967643878,0.19900361709550654,0.4937645520078101,8,10,1,5,2,2,5,19
deepseek-coder-6.7b,sql_exec_direct_18_unsafe,sql_exec_direct_18,unsafe,clean_heldout,clean,-1,11,5723, safe,87.14836883544922,1.0000001013947675,52,0.09958415608661114,0.10265956128978489,0.05653014967287538,0.07735715537997066,0.025017522520485724,0.024489357861008212,0.23278443310764843,0.381577765476383,8,10,1,5,2,2,5,19
deepseek-coder-6.7b,sql_exec_direct_18_unsafe,sql_exec_direct_18,unsafe,clean_heldout,clean,-1,15,24281, vulnerable,223.66802978515625,1.0000000575612138,52,0.05365101301201936,0.04345096820210678,0.011173416126881766,0.08553450861279487,0.009680566847739179,0.011550963325712626,0.13784676964421816,0.6471118517897411,8,10,1,5,2,2,5,19
deepseek-coder-6.7b,sql_exec_direct_18_unsafe,sql_exec_direct_18,unsafe,clean_heldout,clean,-1,15,5723, safe,87.14836883544922,1.000000186161135,52,0.064744734983173,0.0605376149476058,0.024886408314103367,0.09927599909294738,0.017694762324810633,0.02256690127293337,0.16509212949480642,0.5452016357307549,8,10,1,5,2,2,5,19
deepseek-coder-6.7b,sql_exec_direct_18_unsafe,sql_exec_direct_18,unsafe,clean_heldout,clean,-1,19,24281, vulnerable,223.66802978515625,1.0000000834770844,52,0.03550305997704084,0.029078541718670733,0.005325741509524837,0.07522950945719656,0.007494182224169393,0.008519387414120375,0.08422234771443265,0.7546273134619288,8,10,1,5,2,2,5,19
deepseek-coder-6.7b,sql_exec_direct_18_unsafe,sql_exec_direct_18,unsafe,clean_heldout,clean,-1,19,5723, safe,87.14836883544922,1.0000002613522798,52,0.06514593373045374,0.05139614805129229,0.012899241913762854,0.0491700732960306,0.01532867216788554,0.018123112556068126,0.10243231048106707,0.6855047691557197,8,10,1,5,2,2,5,19
deepseek-coder-6.7b,sql_exec_direct_18_unsafe,sql_exec_direct_18,unsafe,clean_heldout,clean,-1,23,24281, vulnerable,223.66802978515625,1.0000000878408106,52,0.030179653161005182,0.02467831114235908,0.01028856809394372,0.05733674686822654,0.007718850037125704,0.007713077726659346,0.05262654159430014,0.8094583392171908,8,10,1,5,2,2,5,19
deepseek-coder-6.7b,sql_exec_direct_18_unsafe,sql_exec_direct_18,unsafe,clean_heldout,clean,-1,23,5723, safe,87.14836883544922,1.0000002643017905,52,0.05490018689521253,0.05078628160846624,0.021830060197618587,0.048831645091191575,0.016515746705182334,0.01655084566662579,0.10392750097535952,0.6866579971621338,8,10,1,5,2,2,5,19
deepseek-coder-6.7b,sql_exec_direct_18_unsafe,sql_exec_direct_18,unsafe,clean_heldout,clean,-1,27,24281, vulnerable,223.66802978515625,1.0000000992331342,52,0.027651988167733954,0.021780153296853906,0.006607562052011733,0.05272276548945827,0.005548627589725908,0.007043305936394995,0.015439758020886516,0.8632059386800688,8,10,1,5,2,2,5,19
deepseek-coder-6.7b,sql_exec_direct_18_unsafe,sql_exec_direct_18,unsafe,clean_heldout,clean,-1,27,5723, safe,87.14836883544922,1.00000020432841,52,0.05397586467214307,0.05447193156125,0.01130585922203582,0.1035254938057174,0.011261722917615617,0.019698742357713944,0.060615162238522015,0.685145427553412,8,10,1,5,2,2,5,19
deepseek-coder-6.7b,sql_exec_direct_18_safe,sql_exec_direct_18,safe,clean_heldout,clean,-1,0,24281, vulnerable,216.32447814941406,1.0000001212691902,53,0.06399348184295386,0.09882621092374813,0.001748491214818734,0.06414028644645416,0.0197998871908461,0.015759745810144728,0.31873601898837706,0.41699599885184735,8,10,2,5,2,2,5,19
deepseek-coder-6.7b,sql_exec_direct_18_safe,sql_exec_direct_18,safe,clean_heldout,clean,-1,0,5723, safe,77.74038696289062,1.0000004559073254,53,0.07794735303193195,0.1113200622353426,0.008378333319113345,0.04558361283841898,0.0397543045287994,0.008769847879889747,0.4037992691657405,0.3044476729080889,8,10,2,5,2,2,5,19
deepseek-coder-6.7b,sql_exec_direct_18_safe,sql_exec_direct_18,safe,clean_heldout,clean,-1,3,24281, vulnerable,216.32447814941406,1.0000000023075932,53,0.07080034821463273,0.10374656576123678,0.006517682164114852,0.06155391295378563,0.02007264663867446,0.01285504389632505,0.2960867644537919,0.42836703822503186,8,10,2,5,2,2,5,19
deepseek-coder-6.7b,sql_exec_direct_18_safe,sql_exec_direct_18,safe,clean_heldout,clean,-1,3,5723, safe,77.74038696289062,1.0000000529991069,53,0.07921875138391882,0.11526146703165283,0.012309971999726584,0.049745273680349,0.04036175594759082,0.010543612018464339,0.38379080648688274,0.3087684144505216,8,10,2,5,2,2,5,19
deepseek-coder-6.7b,sql_exec_direct_18_safe,sql_exec_direct_18,safe,clean_heldout,clean,-1,7,24281, vulnerable,216.32447814941406,0.9999999966247144,53,0.0780985239841304,0.11354850346151216,0.004919904202417839,0.08605200401568283,0.0239896212298462,0.006256752885704429,0.2827624585941453,0.4043722282512753,8,10,2,5,2,2,5,19
deepseek-coder-6.7b,sql_exec_direct_18_safe,sql_exec_direct_18,safe,clean_heldout,clean,-1,7,5723, safe,77.74038696289062,1.0000000471529125,53,0.09631401838971555,0.15347180445678962,0.024189450176984588,0.0725375362944017,0.05419622338999379,-0.0075477030450102605,0.3399333041145776,0.2669054133754597,8,10,2,5,2,2,5,19
deepseek-coder-6.7b,sql_exec_direct_18_safe,sql_exec_direct_18,safe,clean_heldout,clean,-1,11,24281, vulnerable,216.32447814941406,1.0000000045463031,53,0.08538863998488824,0.08827591715894735,0.026293495578079376,0.0811288680806171,0.01646945072141641,0.012308732841800346,0.19358576009002867,0.4965491400905256,8,10,2,5,2,2,5,19
deepseek-coder-6.7b,sql_exec_direct_18_safe,sql_exec_direct_18,safe,clean_heldout,clean,-1,11,5723, safe,77.74038696289062,1.000000157368053,53,0.12246029430360678,0.10924864782928417,0.06402914287972193,0.07761044595227992,0.03480387743596699,0.024246541236505343,0.2145655167651283,0.35303569096555965,8,10,2,5,2,2,5,19
deepseek-coder-6.7b,sql_exec_direct_18_safe,sql_exec_direct_18,safe,clean_heldout,clean,-1,15,24281, vulnerable,216.32447814941406,1.0000000654047692,53,0.058708073954527956,0.04484087582582245,0.02168562619793157,0.08050323836529075,0.009842437545676845,0.011501193141696495,0.12968423638812396,0.6432343839856991,8,10,2,5,2,2,5,19
deepseek-coder-6.7b,sql_exec_direct_18_safe,sql_exec_direct_18,safe,clean_heldout,clean,-1,15,5723, safe,77.74038696289062,1.000000122722163,53,0.07664603265891676,0.06832830640607108,0.04159288168716929,0.11485403960886348,0.020492636546001662,0.024595050136902004,0.14179815027543313,0.5116930254028058,8,10,2,5,2,2,5,19
deepseek-coder-6.7b,sql_exec_direct_18_safe,sql_exec_direct_18,safe,clean_heldout,clean,-1,19,24281, vulnerable,216.32447814941406,1.0000000489071996,53,0.037180269671190994,0.029533534838288453,0.014592116864337205,0.0812066620766897,0.0064944099142409195,0.00851010230808654,0.07590869874573969,0.7465742544886262,8,10,2,5,2,2,5,19
deepseek-coder-6.7b,sql_exec_direct_18_safe,sql_exec_direct_18,safe,clean_heldout,clean,-1,19,5723, safe,77.74038696289062,1.000000243815059,53,0.08043777713031676,0.05642946850807412,0.029728091067077494,0.0730411962942589,0.015358899631172526,0.02065155106124016,0.07840181404721663,0.6459514460757024,8,10,2,5,2,2,5,19
deepseek-coder-6.7b,sql_exec_direct_18_safe,sql_exec_direct_18,safe,clean_heldout,clean,-1,23,24281, vulnerable,216.32447814941406,1.0000000518347434,53,0.030976831798195756,0.02539517509165435,0.014904118622584924,0.07557517120683012,0.006753656922749254,0.00753732229779781,0.04619684429663866,0.7926609315982924,8,10,2,5,2,2,5,19
deepseek-coder-6.7b,sql_exec_direct_18_safe,sql_exec_direct_18,safe,clean_heldout,clean,-1,23,5723, safe,77.74038696289062,1.0000003371624913,53,0.06283747109365462,0.05770500836169111,0.04630558909741983,0.08011646376796588,0.016249425700528813,0.02000625329656361,0.08488851561024842,0.631891610234419,8,10,2,5,2,2,5,19
deepseek-coder-6.7b,sql_exec_direct_18_safe,sql_exec_direct_18,safe,clean_heldout,clean,-1,27,24281, vulnerable,216.32447814941406,1.0000000418466533,53,0.02854029543094095,0.02261282156392861,0.00963077379828414,0.06720303149384275,0.004781260970642605,0.0061256840359330805,0.015175914185279388,0.8459302603678016,8,10,2,5,2,2,5,19
deepseek-coder-6.7b,sql_exec_direct_18_safe,sql_exec_direct_18,safe,clean_heldout,clean,-1,27,5723, safe,77.74038696289062,1.0000003558271857,53,0.05904236990034583,0.06065303115665717,0.040318040214187265,0.1236864816381683,0.011900804711142394,0.02012863779409402,0.049487978638709434,0.6347830117738813,8,10,2,5,2,2,5,19
deepseek-coder-6.7b,sql_exec_assign_chain_02_unsafe,sql_exec_assign_chain_02,unsafe,clean_heldout,clean,-1,0,24281, vulnerable,195.9886474609375,1.000000381902389,86,0.056167798365727946,0.085363780578516,0.005232893744863485,0.05721701827042196,0.01919865372416101,0.01450140877724039,0.3420309254719253,0.42028790296953283,8,10,3,5,14,14,5,27
deepseek-coder-6.7b,sql_exec_assign_chain_02_unsafe,sql_exec_assign_chain_02,unsafe,clean_heldout,clean,-1,0,5723, safe,90.49879455566406,1.0000001354089023,86,0.06500359884466457,0.09431680655815051,0.015136161966046972,0.04231966093286145,0.04448542907640923,0.03187141816840715,0.33836516892526447,0.3685018909370981,8,10,3,5,14,14,5,27
deepseek-coder-6.7b,sql_exec_assign_chain_02_unsafe,sql_exec_assign_chain_02,unsafe,clean_heldout,clean,-1,3,24281, vulnerable,195.9886474609375,0.9999999039826838,86,0.060435293203618075,0.09111257100127279,0.003401110378785762,0.05835927485839647,0.02107888915010955,0.014632347143765734,0.32371398163687165,0.4272664366098637,8,10,3,5,14,14,5,27
deepseek-coder-6.7b,sql_exec_assign_chain_02_unsafe,sql_exec_assign_chain_02,unsafe,clean_heldout,clean,-1,3,5723, safe,90.49879455566406,0.9999998146797755,86,0.06936554230295329,0.09087292417901563,0.017285013773242777,0.04905666180205496,0.040196575881730534,0.03563894476318813,0.3245182753976548,0.3730658765799353,8,10,3,5,14,14,5,27
deepseek-coder-6.7b,sql_exec_assign_chain_02_unsafe,sql_exec_assign_chain_02,unsafe,clean_heldout,clean,-1,7,24281, vulnerable,195.9886474609375,0.9999999383010574,86,0.06244701874164222,0.09405032870775795,-0.006133555977200259,0.07740194465554091,0.03418014707729006,0.012257799282132506,0.3050288357333776,0.4207674200805164,8,10,3,5,14,14,5,27
deepseek-coder-6.7b,sql_exec_assign_chain_02_unsafe,sql_exec_assign_chain_02,unsafe,clean_heldout,clean,-1,7,5723, safe,90.49879455566406,0.9999999018650788,86,0.0843368706149102,0.11911616668210834,0.014441667056396225,0.07092616400714796,0.03430910053980898,0.030462074964747305,0.2892190956720271,0.35718876232793273,8,10,3,5,14,14,5,27
deepseek-coder-6.7b,sql_exec_assign_chain_02_unsafe,sql_exec_assign_chain_02,unsafe,clean_heldout,clean,-1,11,24281, vulnerable,195.9886474609375,0.9999999798518548,86,0.05942270673246259,0.06766986776179604,0.01757868276148228,0.0779505143259133,0.039115890493796504,0.029788928933155878,0.21786381736522747,0.49060957147802087,8,10,3,5,14,14,5,27
deepseek-coder-6.7b,sql_exec_assign_chain_02_unsafe,sql_exec_assign_chain_02,unsafe,clean_heldout,clean,-1,11,5723, safe,90.49879455566406,1.0000000045074555,86,0.08123511579746825,0.07081626507995205,0.04020258541073413,0.08984431180595823,0.04480156893439065,0.051177144096083545,0.18444448788872284,0.4374785254941458,8,10,3,5,14,14,5,27
deepseek-coder-6.7b,sql_exec_assign_chain_02_unsafe,sql_exec_assign_chain_02,unsafe,clean_heldout,clean,-1,15,24281, vulnerable,195.9886474609375,0.9999999771147483,86,0.043472021469989984,0.0394569308477631,0.013693321446002712,0.08235279189146137,0.040556717350657336,0.02715411421328464,0.15202154785762367,0.6012925320379654,8,10,3,5,14,14,5,27
deepseek-coder-6.7b,sql_exec_assign_chain_02_unsafe,sql_exec_assign_chain_02,unsafe,clean_heldout,clean,-1,15,5723, safe,90.49879455566406,1.0000000353495653,86,0.05641164428561698,0.04664828066985796,0.04303789033303214,0.11526333764491195,0.038890571230213646,0.046954974156649294,0.11671093706399117,0.536082399965292,8,10,3,5,14,14,5,27
deepseek-coder-6.7b,sql_exec_assign_chain_02_unsafe,sql_exec_assign_chain_02,unsafe,clean_heldout,clean,-1,19,24281, vulnerable,195.9886474609375,1.0000000986498805,86,0.029992323736131216,0.03221231715313459,0.0038428467524185025,0.08015976771712258,0.03792121985576548,0.028828544880502117,0.09757220440748403,0.689470874147322,8,10,3,5,14,14,5,27
deepseek-coder-6.7b,sql_exec_assign_chain_02_unsafe,sql_exec_assign_chain_02,unsafe,clean_heldout,clean,-1,19,5723, safe,90.49879455566406,1.00000006820871,86,0.04682077930345102,0.0448738692406999,0.02388917354894992,0.04757971493720672,0.05182546179145692,0.054331804132861164,0.05997866228039486,0.6707006029736894,8,10,3,5,14,14,5,27
deepseek-coder-6.7b,sql_exec_assign_chain_02_unsafe,sql_exec_assign_chain_02,unsafe,clean_heldout,clean,-1,23,24281, vulnerable,195.9886474609375,1.0000000205663142,86,0.024039708708646187,0.028793147345591574,0.0061920504523471165,0.07074331387407126,0.0320395270405005,0.02856997447707787,0.06189331654037794,0.7477289821277018,8,10,3,5,14,14,5,27
deepseek-coder-6.7b,sql_exec_assign_chain_02_unsafe,sql_exec_assign_chain_02,unsafe,clean_heldout,clean,-1,23,5723, safe,90.49879455566406,1.0000002833316537,86,0.038308425996585016,0.04337659609797217,0.030446327026718747,0.05540884040889715,0.05143162486512443,0.06384518636692234,0.06740424592420513,0.6497790366452287,8,10,3,5,14,14,5,27
deepseek-coder-6.7b,sql_exec_assign_chain_02_unsafe,sql_exec_assign_chain_02,unsafe,clean_heldout,clean,-1,27,24281, vulnerable,195.9886474609375,0.9999999845277452,86,0.02053771002846192,0.026006641308546734,0.00642628951851411,0.06470197375232126,0.022203272299515728,0.02689073644342044,0.01860800382581313,0.8146253573511519,8,10,3,5,14,14,5,27
deepseek-coder-6.7b,sql_exec_assign_chain_02_unsafe,sql_exec_assign_chain_02,unsafe,clean_heldout,clean,-1,27,5723, safe,90.49879455566406,1.00000034363688,86,0.03542460801013425,0.040608329346728395,0.024454419498404045,0.08940112610441173,0.047613733177119054,0.05375833065699425,0.03374331987029351,0.6749964769727949,8,10,3,5,14,14,5,27
deepseek-coder-6.7b,sql_exec_assign_chain_02_safe,sql_exec_assign_chain_02,safe,clean_heldout,clean,-1,0,24281, vulnerable,167.10142517089844,1.0000003800722321,86,0.04461015321386303,0.08271459947469943,0.005617642773586795,0.06364935269779437,0.024572379800896674,0.02132237177761276,0.31454135606502925,0.4429725242687497,8,10,3,5,14,14,5,27
deepseek-coder-6.7b,sql_exec_assign_chain_02_safe,sql_exec_assign_chain_02,safe,clean_heldout,clean,-1,0,5723, safe,64.43953704833984,0.9999998336788146,86,0.05649192183563882,0.09307465025409965,0.010898071900944672,0.031019146194661184,0.026923292789307194,0.06484945818123802,0.3611829525621168,0.35556033996080827,8,10,3,5,14,14,5,27
deepseek-coder-6.7b,sql_exec_assign_chain_02_safe,sql_exec_assign_chain_02,safe,clean_heldout,clean,-1,3,24281, vulnerable,167.10142517089844,1.0000000775816857,86,0.04787491601416915,0.08835129738037316,0.004280299128898138,0.06522407882238766,0.030803954420308106,0.01697742273767981,0.29639626294706,0.45009184613080966,8,10,3,5,14,14,5,27
deepseek-coder-6.7b,sql_exec_assign_chain_02_safe,sql_exec_assign_chain_02,safe,clean_heldout,clean,-1,3,5723, safe,64.43953704833984,0.9999996118305181,86,0.05799576310533335,0.09328734163568488,0.016954015417838145,0.038380237432275914,0.031818339810957504,0.050430574556728065,0.34744710686151403,0.36368623301018627,8,10,3,5,14,14,5,27
deepseek-coder-6.7b,sql_exec_assign_chain_02_safe,sql_exec_assign_chain_02,safe,clean_heldout,clean,-1,7,24281, vulnerable,167.10142517089844,1.0000000151596398,86,0.05653698639055007,0.09247382514490018,-0.007885108699596317,0.08277737072738145,0.04012950629279569,0.01912899248231112,0.28554128309044735,0.43129715973085014,8,10,3,5,14,14,5,27
deepseek-coder-6.7b,sql_exec_assign_chain_02_safe,sql_exec_assign_chain_02,safe,clean_heldout,clean,-1,7,5723, safe,64.43953704833984,0.9999994959491083,86,0.09564843198070343,0.12498793099018626,0.01486425001974256,0.04748199208556367,0.052798274131041656,0.020662420962507748,0.32194755668927133,0.32160863909009163,8,10,3,5,14,14,5,27
deepseek-coder-6.7b,sql_exec_assign_chain_02_safe,sql_exec_assign_chain_02,safe,clean_heldout,clean,-1,11,24281, vulnerable,167.10142517089844,1.0000000169654204,86,0.05886482486836553,0.062118700015421885,0.006849924051132396,0.08251812162644154,0.04202738232022548,0.029301168209969832,0.1965910818491906,0.521728814024673,8,10,3,5,14,14,5,27
deepseek-coder-6.7b,sql_exec_assign_chain_02_safe,sql_exec_assign_chain_02,safe,clean_heldout,clean,-1,11,5723, safe,64.43953704833984,0.9999997102242121,86,0.10325797804837289,0.06593837283878147,0.044119977493775615,0.06555720931164584,0.06727471511818262,0.04571704788690988,0.20307462242868674,0.4050597870978569,8,10,3,5,14,14,5,27
deepseek-coder-6.7b,sql_exec_assign_chain_02_safe,sql_exec_assign_chain_02,safe,clean_heldout,clean,-1,15,24281, vulnerable,167.10142517089844,0.9999999016406905,86,0.04501172832482845,0.04019766510308692,0.01326625886413027,0.08988991199470303,0.04985004360379659,0.02595895322746918,0.1286752532953932,0.6071500872272828,8,10,3,5,14,14,5,27
deepseek-coder-6.7b,sql_exec_assign_chain_02_safe,sql_exec_assign_chain_02,safe,clean_heldout,clean,-1,15,5723, safe,64.43953704833984,0.9999996333649782,86,0.07738039548839101,0.05183006492035816,0.03950880454615255,0.10908489422900353,0.045910733416540436,0.05279459350159744,0.1290815910312946,0.4944085562316406,8,10,3,5,14,14,5,27
deepseek-coder-6.7b,sql_exec_assign_chain_02_safe,sql_exec_assign_chain_02,safe,clean_heldout,clean,-1,19,24281, vulnerable,167.10142517089844,0.9999999911382988,86,0.02874367419802039,0.03110560853364927,0.007578104236644039,0.08939469436237296,0.03473511864168042,0.027683035945973426,0.07386675787937719,0.7068929973405811,8,10,3,5,14,14,5,27
deepseek-coder-6.7b,sql_exec_assign_chain_02_safe,sql_exec_assign_chain_02,safe,clean_heldout,clean,-1,19,5723, safe,64.43953704833984,0.9999997047611074,86,0.05997919610908147,0.050298220903637475,0.019523628246408242,0.05007147581546548,0.07290431766069677,0.06705708520563311,0.06361164478596873,0.6165541360342162,8,10,3,5,14,14,5,27
deepseek-coder-6.7b,sql_exec_assign_chain_02_safe,sql_exec_assign_chain_02,safe,clean_heldout,clean,-1,23,24281, vulnerable,167.10142517089844,0.9999999067459221,86,0.023359262370119052,0.027980977073408395,0.008054004118422534,0.08638531361726189,0.031559851309530915,0.028217492912379755,0.048671920874853294,0.7457710844699463,8,10,3,5,14,14,5,27
deepseek-coder-6.7b,sql_exec_assign_chain_02_safe,sql_exec_assign_chain_02,safe,clean_heldout,clean,-1,23,5723, safe,64.43953704833984,0.9999999535202527,86,0.04986087769901834,0.05066771824543621,0.035501734655619274,0.07717770945052455,0.07109007183328866,0.0814800571979678,0.06346464761332851,0.5707571368250692,8,10,3,5,14,14,5,27
deepseek-coder-6.7b,sql_exec_assign_chain_02_safe,sql_exec_assign_chain_02,safe,clean_heldout,clean,-1,27,24281, vulnerable,167.10142517089844,0.9999999581772292,86,0.019962536310511744,0.02348036321251191,0.0019050487886715915,0.08388560352664498,0.020173435367983942,0.02498896278798693,0.015535559374069448,0.8100684488088488,8,10,3,5,14,14,5,27
deepseek-coder-6.7b,sql_exec_assign_chain_02_safe,sql_exec_assign_chain_02,safe,clean_heldout,clean,-1,27,5723, safe,64.43953704833984,1.0000001825659728,86,0.04483748084405431,0.04527250063941333,0.02766393071118568,0.14592049773617638,0.06165354257969231,0.06436971709341927,0.02784642962356884,0.5824360833384626,8,10,3,5,14,14,5,27
deepseek-coder-6.7b,sql_exec_assign_chain_09_unsafe,sql_exec_assign_chain_09,unsafe,clean_heldout,clean,-1,0,24281, vulnerable,146.48062133789062,1.0000006470528153,86,0.06566651556985863,0.10342904659938099,0.001989721549358843,0.06323203983599475,0.01025790434592045,0.007204081979071743,0.32281447166510724,0.4254068655081226,8,10,3,5,14,14,5,27
deepseek-coder-6.7b,sql_exec_assign_chain_09_unsafe,sql_exec_assign_chain_09,unsafe,clean_heldout,clean,-1,0,5723, safe,66.81107330322266,0.9999999032867501,86,0.100569530650573,0.10688722224191069,-0.004939824863187546,0.03995381644737886,0.03115364385598554,0.00327510122750872,0.38152993633152155,0.3415704773950594,8,10,3,5,14,14,5,27
deepseek-coder-6.7b,sql_exec_assign_chain_09_unsafe,sql_exec_assign_chain_09,unsafe,clean_heldout,clean,-1,3,24281, vulnerable,146.48062133789062,1.0000002912468837,86,0.06550183656561667,0.10691498741790675,0.00029056856235586863,0.0655102750956561,0.009149641592032432,0.011136609596914052,0.3043353803812317,0.4371609920351704,8,10,3,5,14,14,5,27
deepseek-coder-6.7b,sql_exec_assign_chain_09_unsafe,sql_exec_assign_chain_09,unsafe,clean_heldout,clean,-1,3,5723, safe,66.81107330322266,0.999999762816958,86,0.1039127670177386,0.10602902677889736,-0.0039308316142325035,0.05073905715110212,0.012116391056992467,0.008341861896525023,0.36829410856100864,0.35449738196892633,8,10,3,5,14,14,5,27
deepseek-coder-6.7b,sql_exec_assign_chain_09_unsafe,sql_exec_assign_chain_09,unsafe,clean_heldout,clean,-1,7,24281, vulnerable,146.48062133789062,1.000000183097445,86,0.04851455363058652,0.13867289512705222,-0.009061257992262093,0.08713738792486245,0.003411515172253209,0.02009962592327561,0.285955798890133,0.425269664421544,8,10,3,5,14,14,5,27
deepseek-coder-6.7b,sql_exec_assign_chain_09_unsafe,sql_exec_assign_chain_09,unsafe,clean_heldout,clean,-1,7,5723, safe,66.81107330322266,0.9999998098771959,86,0.09026556541058696,0.1567073191261743,-0.004620955396022706,0.07574991305587571,-0.004459404568728166,0.04907170573920024,0.3027289122208068,0.334556754289303,8,10,3,5,14,14,5,27
deepseek-coder-6.7b,sql_exec_assign_chain_09_unsafe,sql_exec_assign_chain_09,unsafe,clean_heldout,clean,-1,11,24281, vulnerable,146.48062133789062,1.0000002416100426,86,0.03811485344279395,0.12115550369832395,0.013143404833603028,0.09652061339605682,0.01709262728512407,0.03218490104729344,0.19338609484159697,0.4884022430652504,8,10,3,5,14,14,5,27
deepseek-coder-6.7b,sql_exec_assign_chain_09_unsafe,sql_exec_assign_chain_09,unsafe,clean_heldout,clean,-1,11,5723, safe,66.81107330322266,0.9999999425129082,86,0.06215657953006079,0.12172367738088725,0.03823339495693818,0.08966260332304982,0.02878611016370104,0.08405625148433792,0.17597687115717248,0.399404454516761,8,10,3,5,14,14,5,27
deepseek-coder-6.7b,sql_exec_assign_chain_09_unsafe,sql_exec_assign_chain_09,unsafe,clean_heldout,clean,-1,15,24281, vulnerable,146.48062133789062,1.0000002923786062,86,0.024196990999228993,0.07029001534383394,0.004596192504809238,0.10711203022754542,0.02405761227506129,0.0418487547295849,0.12289305920951205,0.6050056370890304,8,10,3,5,14,14,5,27
deepseek-coder-6.7b,sql_exec_assign_chain_09_unsafe,sql_exec_assign_chain_09,unsafe,clean_heldout,clean,-1,15,5723, safe,66.81107330322266,1.0000001434249968,86,0.03348286521745852,0.08503132992802269,0.05649572831141636,0.13898257360545963,0.03369476263747335,0.057502321878542505,0.11187622577868876,0.48293433606793496,8,10,3,5,14,14,5,27
deepseek-coder-6.7b,sql_exec_assign_chain_09_unsafe,sql_exec_assign_chain_09,unsafe,clean_heldout,clean,-1,19,24281, vulnerable,146.48062133789062,1.000000305762179,86,0.019487210912717465,0.030889702579715846,0.0054239147243056954,0.09264763634340266,0.02462203657933578,0.024495722606201923,0.07123577317059375,0.7311983088459058,8,10,3,5,14,14,5,27
deepseek-coder-6.7b,sql_exec_assign_chain_09_unsafe,sql_exec_assign_chain_09,unsafe,clean_heldout,clean,-1,19,5723, safe,66.81107330322266,1.000000202654544,86,0.03718030370006558,0.04980524871006594,0.020383809553442073,0.04520899486497239,0.04643059341694198,0.038911061157711764,0.06116183365664862,0.7009183575946956,8,10,3,5,14,14,5,27
deepseek-coder-6.7b,sql_exec_assign_chain_09_unsafe,sql_exec_assign_chain_09,unsafe,clean_heldout,clean,-1,23,24281, vulnerable,146.48062133789062,1.0000003410553908,86,0.01859234402830303,0.025978014166837638,0.0036258956276054052,0.08748012691181331,0.02640138787487907,0.021682577418312782,0.04553506230309391,0.7707049327245455,8,10,3,5,14,14,5,27
deepseek-coder-6.7b,sql_exec_assign_chain_09_unsafe,sql_exec_assign_chain_09,unsafe,clean_heldout,clean,-1,23,5723, safe,66.81107330322266,1.0000001619229042,86,0.03008245935943863,0.0472259194408054,0.019535381041367646,0.05516034342886272,0.04854978147910796,0.037550332887262346,0.06508925139631608,0.6968066928897435,8,10,3,5,14,14,5,27
deepseek-coder-6.7b,sql_exec_assign_chain_09_unsafe,sql_exec_assign_chain_09,unsafe,clean_heldout,clean,-1,27,24281, vulnerable,146.48062133789062,1.0000002681483,86,0.017135607734998667,0.021767438766977454,0.004410017028903162,0.08355579956462947,0.027345050717941903,0.021918115229125838,0.015526338922819013,0.8083419001829044,8,10,3,5,14,14,5,27
deepseek-coder-6.7b,sql_exec_assign_chain_09_unsafe,sql_exec_assign_chain_09,unsafe,clean_heldout,clean,-1,27,5723, safe,66.81107330322266,1.0000001011599962,86,0.032740944506631564,0.04135133545286341,0.014352567999305075,0.13638931629002013,0.06006612949364697,0.038049028375568686,0.025061339161763292,0.6519894398801971,8,10,3,5,14,14,5,27
deepseek-coder-6.7b,sql_exec_assign_chain_09_safe,sql_exec_assign_chain_09,safe,clean_heldout,clean,-1,0,24281, vulnerable,163.26547241210938,1.000000579184961,86,0.054875981095126876,0.11272522773694596,0.006607625884645515,0.06514459620396137,0.006554432274646241,0.015041126603533168,0.31209443804950965,0.42695715133659223,8,10,3,5,14,14,5,27
deepseek-coder-6.7b,sql_exec_assign_chain_09_safe,sql_exec_assign_chain_09,safe,clean_heldout,clean,-1,0,5723, safe,57.051612854003906,1.0000005967886734,86,0.10208458261868286,0.12597276366017512,0.006496664890007434,0.02621587208571511,0.023955172747310467,0.037400489064955786,0.3751289210452202,0.3027461306766062,8,10,3,5,14,14,5,27
deepseek-coder-6.7b,sql_exec_assign_chain_09_safe,sql_exec_assign_chain_09,safe,clean_heldout,clean,-1,3,24281, vulnerable,163.26547241210938,1.000000241430696,86,0.055283333342874046,0.1159994963251416,0.009565682324267652,0.061387507431821406,0.007966934871957713,0.01652300579791155,0.2917279553049922,0.44154632603172994,8,10,3,5,14,14,5,27
deepseek-coder-6.7b,sql_exec_assign_chain_09_safe,sql_exec_assign_chain_09,safe,clean_heldout,clean,-1,3,5723, safe,57.051612854003906,1.000000446303933,86,0.10520187317695388,0.12110852896132158,0.013804057492014101,0.02912358409590854,0.02526460979495796,0.04137054070975551,0.36279323235336164,0.30133401971965956,8,10,3,5,14,14,5,27
deepseek-coder-6.7b,sql_exec_assign_chain_09_safe,sql_exec_assign_chain_09,safe,clean_heldout,clean,-1,7,24281, vulnerable,163.26547241210938,1.000000172887287,86,0.04391186870129333,0.14370463036002376,-0.005829023960226093,0.08076700469722889,-0.005654825038930756,0.023132826897036524,0.2885531846853006,0.4314145065455608,8,10,3,5,14,14,5,27
deepseek-coder-6.7b,sql_exec_assign_chain_09_safe,sql_exec_assign_chain_09,safe,clean_heldout,clean,-1,7,5723, safe,57.051612854003906,1.0000004799971047,86,0.1000427205128142,0.1842760654597921,0.008817462056620007,0.05635640899165257,0.01512251080958442,0.045466229980593395,0.3180268288791566,0.27189225330689126,8,10,3,5,14,14,5,27
deepseek-coder-6.7b,sql_exec_assign_chain_09_safe,sql_exec_assign_chain_09,safe,clean_heldout,clean,-1,11,24281, vulnerable,163.26547241210938,1.0000001645475347,86,0.039174346049950994,0.13035152109284445,0.0035675130360327506,0.08034734817740406,0.009588682197509624,0.02460873179403453,0.19904317519070042,0.5133188470090578,8,10,3,5,14,14,5,27
deepseek-coder-6.7b,sql_exec_assign_chain_09_safe,sql_exec_assign_chain_09,safe,clean_heldout,clean,-1,11,5723, safe,57.051612854003906,1.0000005180325167,86,0.0718338658087284,0.15763226994799592,0.04786450942775275,0.08690731067567511,0.056500388403392394,0.04327561787551875,0.19660660902148394,0.3393799468719694,8,10,3,5,14,14,5,27
deepseek-coder-6.7b,sql_exec_assign_chain_09_safe,sql_exec_assign_chain_09,safe,clean_heldout,clean,-1,15,24281, vulnerable,163.26547241210938,1.0000002251847215,86,0.026069625501915182,0.06389850449985893,0.01667160072122138,0.09147300501930952,0.016834246587035463,0.023320688340579133,0.1295605925809499,0.6321719619338521,8,10,3,5,14,14,5,27
deepseek-coder-6.7b,sql_exec_assign_chain_09_safe,sql_exec_assign_chain_09,safe,clean_heldout,clean,-1,15,5723, safe,57.051612854003906,1.0000004369909703,86,0.04487003439854489,0.10057821653990763,0.044664201506012274,0.15359175500901392,0.04384571006448745,0.02048344961879921,0.12353371834818516,0.4684333515060198,8,10,3,5,14,14,5,27
deepseek-coder-6.7b,sql_exec_assign_chain_09_safe,sql_exec_assign_chain_09,safe,clean_heldout,clean,-1,19,24281, vulnerable,163.26547241210938,1.0000001158324288,86,0.01919189320190945,0.029919786275144945,0.0018698545238629517,0.08650511591065402,0.01867599856418589,0.019586343647444455,0.07184591846447858,0.7524052052447485,8,10,3,5,14,14,5,27
deepseek-coder-6.7b,sql_exec_assign_chain_09_safe,sql_exec_assign_chain_09,safe,clean_heldout,clean,-1,19,5723, safe,57.051612854003906,1.000000471671757,86,0.0448936820425963,0.06713250788551858,0.03722898288686924,0.08648328236961626,0.05793403106830344,0.040301693069242056,0.05882949537704191,0.6071967969725691,8,10,3,5,14,14,5,27
deepseek-coder-6.7b,sql_exec_assign_chain_09_safe,sql_exec_assign_chain_09,safe,clean_heldout,clean,-1,23,24281, vulnerable,163.26547241210938,1.000000098639533,86,0.018439540505342595,0.02476306514006066,0.004329162468658193,0.0783395397750404,0.020794931200098066,0.018991522574809554,0.04498197278406019,0.7893603641914633,8,10,3,5,14,14,5,27
deepseek-coder-6.7b,sql_exec_assign_chain_09_safe,sql_exec_assign_chain_09,safe,clean_heldout,clean,-1,23,5723, safe,57.051612854003906,1.0000002566492476,86,0.039547493978304094,0.06143289363044138,0.042175045958949,0.10552453126602646,0.058403067346647325,0.04306788314709043,0.06424672872629221,0.5856026125954967,8,10,3,5,14,14,5,27
deepseek-coder-6.7b,sql_exec_assign_chain_09_safe,sql_exec_assign_chain_09,safe,clean_heldout,clean,-1,27,24281, vulnerable,163.26547241210938,1.0000001174695758,86,0.01788973702789388,0.02140794239061805,0.007358613987811158,0.06745980253797139,0.023375562770046793,0.018396642513543417,0.016123554136385436,0.8279882621053056,8,10,3,5,14,14,5,27
deepseek-coder-6.7b,sql_exec_assign_chain_09_safe,sql_exec_assign_chain_09,safe,clean_heldout,clean,-1,27,5723, safe,57.051612854003906,1.000000350448165,86,0.04115910854750197,0.05146880892700681,0.027933385208071978,0.14547715680680554,0.06878399881328157,0.041308713086513175,0.02592524500462632,0.5979439340543576,8,10,3,5,14,14,5,27
deepseek-coder-6.7b,sql_exec_assign_chain_10_unsafe,sql_exec_assign_chain_10,unsafe,clean_heldout,clean,-1,0,24281, vulnerable,174.38998413085938,1.0000002957439431,86,0.054093006289889826,0.10266984060192842,0.004367269060858263,0.0592223276521508,-3.327820561703954e-05,0.028137966156146714,0.3269946912370978,0.4245484729514884,8,10,3,5,14,14,5,27
deepseek-coder-6.7b,sql_exec_assign_chain_10_unsafe,sql_exec_assign_chain_10,unsafe,clean_heldout,clean,-1,0,5723, safe,64.80715942382812,1.0000007905307884,86,0.08172381563736696,0.1416887853646059,0.005823433139040714,0.021736847397011316,0.008224536545802682,0.022973741127145668,0.4133970793816141,0.30443255193820107,8,10,3,5,14,14,5,27
deepseek-coder-6.7b,sql_exec_assign_chain_10_unsafe,sql_exec_assign_chain_10,unsafe,clean_heldout,clean,-1,3,24281, vulnerable,174.38998413085938,0.9999999375700334,86,0.055311680211333245,0.10862653269432537,0.005566289238405324,0.0615248916429226,-0.005118452192913696,0.029831587482971777,0.30439120757043026,0.4398662009225584,8,10,3,5,14,14,5,27
deepseek-coder-6.7b,sql_exec_assign_chain_10_unsafe,sql_exec_assign_chain_10,unsafe,clean_heldout,clean,-1,3,5723, safe,64.80715942382812,1.0000004379319258,86,0.08390859268661609,0.14318907662437236,0.017835470435153544,0.035593215986666045,-0.0019889138707616374,0.032013176267465325,0.3921003633134532,0.29734945648896094,8,10,3,5,14,14,5,27
deepseek-coder-6.7b,sql_exec_assign_chain_10_unsafe,sql_exec_assign_chain_10,unsafe,clean_heldout,clean,-1,7,24281, vulnerable,174.38998413085938,0.9999999738878254,86,0.060919903759821,0.1268735096068956,-0.009527883142177732,0.08573231392253287,-0.019456902443745108,0.03004465244653222,0.28437050184666884,0.4410438778912976,8,10,3,5,14,14,5,27
deepseek-coder-6.7b,sql_exec_assign_chain_10_unsafe,sql_exec_assign_chain_10,unsafe,clean_heldout,clean,-1,7,5723, safe,64.80715942382812,1.0000004105414209,86,0.10131570815805617,0.2052231478659362,0.0055280921011350535,0.07356493030956027,-0.026960826140840777,0.026492319685830074,0.3325346314945992,0.2823024070671445,8,10,3,5,14,14,5,27
deepseek-coder-6.7b,sql_exec_assign_chain_10_unsafe,sql_exec_assign_chain_10,unsafe,clean_heldout,clean,-1,11,24281, vulnerable,174.38998413085938,1.0000000461095238,86,0.0475185820564556,0.08448693082716661,0.008554403753291459,0.08954334926206743,-0.003022785063633281,0.05290606332557721,0.19870836411989792,0.5213051378287008,8,10,3,5,14,14,5,27
deepseek-coder-6.7b,sql_exec_assign_chain_10_unsafe,sql_exec_assign_chain_10,unsafe,clean_heldout,clean,-1,11,5723, safe,64.80715942382812,1.0000005182639948,86,0.06673013878460456,0.10855639903120337,0.028319822057630527,0.07720248503088034,0.011840454377651887,0.10116680101384613,0.20028893387855698,0.40589548408962095,8,10,3,5,14,14,5,27
deepseek-coder-6.7b,sql_exec_assign_chain_10_unsafe,sql_exec_assign_chain_10,unsafe,clean_heldout,clean,-1,15,24281, vulnerable,174.38998413085938,1.000000129602261,86,0.031971890105176634,0.04191428218597928,0.014184717662174632,0.0943889513230235,0.00841734757856059,0.04453470790880448,0.13410127223195006,0.6304869606065918,8,10,3,5,14,14,5,27
deepseek-coder-6.7b,sql_exec_assign_chain_10_unsafe,sql_exec_assign_chain_10,unsafe,clean_heldout,clean,-1,15,5723, safe,64.80715942382812,1.000000571492972,86,0.04665267831217176,0.05889837719513267,0.04337128109208721,0.1336791762774057,0.011623552474636907,0.08037936689540878,0.12972402919616255,0.4956721100499665,8,10,3,5,14,14,5,27
deepseek-coder-6.7b,sql_exec_assign_chain_10_unsafe,sql_exec_assign_chain_10,unsafe,clean_heldout,clean,-1,19,24281, vulnerable,174.38998413085938,1.0000001664727904,86,0.02360383500666943,0.024204309560991392,0.007520354671887881,0.08265507167427229,0.008375192942498253,0.03512997979045189,0.08121674770415424,0.7372946751218652,8,10,3,5,14,14,5,27
deepseek-coder-6.7b,sql_exec_assign_chain_10_unsafe,sql_exec_assign_chain_10,unsafe,clean_heldout,clean,-1,19,5723, safe,64.80715942382812,1.000000368004225,86,0.04648237248678659,0.04247541406653575,0.0289645459160525,0.04589080425772073,0.03829539375551687,0.07296052205553502,0.07264375077845367,0.652287564687624,8,10,3,5,14,14,5,27
deepseek-coder-6.7b,sql_exec_assign_chain_10_unsafe,sql_exec_assign_chain_10,unsafe,clean_heldout,clean,-1,23,24281, vulnerable,174.38998413085938,1.0000001448759739,86,0.018836676343029383,0.01966878168920756,0.007604771094983587,0.0698300457249047,0.008111380074251637,0.0325626550853937,0.0462683132527788,0.7971175216114246,8,10,3,5,14,14,5,27
deepseek-coder-6.7b,sql_exec_assign_chain_10_unsafe,sql_exec_assign_chain_10,unsafe,clean_heldout,clean,-1,23,5723, safe,64.80715942382812,1.0000004602208417,86,0.035171525911720826,0.04151312776793441,0.029699159146421576,0.06626907421197532,0.033431176045705356,0.08022701270068781,0.08103927339987596,0.6326501110365204,8,10,3,5,14,14,5,27
deepseek-coder-6.7b,sql_exec_assign_chain_10_unsafe,sql_exec_assign_chain_10,unsafe,clean_heldout,clean,-1,27,24281, vulnerable,174.38998413085938,1.0000001793059137,86,0.016921310909438,0.01654629058561602,0.007614681619882828,0.06652980481059204,0.011548042374966826,0.02789471448794418,0.010930235456821497,0.8420150990606523,8,10,3,5,14,14,5,27
deepseek-coder-6.7b,sql_exec_assign_chain_10_unsafe,sql_exec_assign_chain_10,unsafe,clean_heldout,clean,-1,27,5723, safe,64.80715942382812,1.0000006636664764,86,0.0330776053233105,0.04426044069167478,0.021148253437645537,0.13406613507698714,0.04542996004500986,0.07631907347104634,0.03985093634880093,0.6058482592720014,8,10,3,5,14,14,5,27
deepseek-coder-6.7b,sql_exec_assign_chain_10_safe,sql_exec_assign_chain_10,safe,clean_heldout,clean,-1,0,24281, vulnerable,185.0958251953125,1.0000004855062385,87,0.052292794648022355,0.09242715878433974,0.005559826083699355,0.06909925921638044,-0.0020289489463722055,0.0351086497591815,0.3117105693919594,0.43583117656902787,8,10,4,5,14,14,5,27
deepseek-coder-6.7b,sql_exec_assign_chain_10_safe,sql_exec_assign_chain_10,safe,clean_heldout,clean,-1,0,5723, safe,56.35667419433594,1.0000007769136279,87,0.05276346331187311,0.11619118700809093,0.0070799798312885095,0.048783192544974256,-0.008408913520820873,0.06000612744885476,0.41196912606869945,0.3116166142206676,8,10,4,5,14,14,5,27
deepseek-coder-6.7b,sql_exec_assign_chain_10_safe,sql_exec_assign_chain_10,safe,clean_heldout,clean,-1,3,24281, vulnerable,185.0958251953125,1.0000002112957445,87,0.053722515907038415,0.10163824452807357,0.0036937892658881295,0.06800472805912233,-0.0016355143077012,0.036291453952824466,0.2884496755617995,0.44983531832869944,8,10,4,5,14,14,5,27
deepseek-coder-6.7b,sql_exec_assign_chain_10_safe,sql_exec_assign_chain_10,safe,clean_heldout,clean,-1,3,5723, safe,56.35667419433594,1.000000438091172,87,0.05683654095860856,0.12783119059088416,0.004352329734043864,0.05712845688843261,0.0012412506420780532,0.05030616886172067,0.38645106641159843,0.3158534340038058,8,10,4,5,14,14,5,27
deepseek-coder-6.7b,sql_exec_assign_chain_10_safe,sql_exec_assign_chain_10,safe,clean_heldout,clean,-1,7,24281, vulnerable,185.0958251953125,1.0000002135800772,87,0.057429529748611756,0.12006045522153361,-0.00577003428461787,0.09887790324639914,-0.013800992287725652,0.03507033268424311,0.2727529244095845,0.43538009484204876,8,10,4,5,14,14,5,27
deepseek-coder-6.7b,sql_exec_assign_chain_10_safe,sql_exec_assign_chain_10,safe,clean_heldout,clean,-1,7,5723, safe,56.35667419433594,1.0000005122245934,87,0.07926460380620581,0.18735283441718936,0.01603195526736135,0.09331192865851462,-0.0001803002144785456,0.015683250294453326,0.32547426595488405,0.28306197404046346,8,10,4,5,14,14,5,27
deepseek-coder-6.7b,sql_exec_assign_chain_10_safe,sql_exec_assign_chain_10,safe,clean_heldout,clean,-1,11,24281, vulnerable,185.0958251953125,1.000000222697282,87,0.0436996044403583,0.06996474832245367,0.01712449122053693,0.09383907859071888,-0.003534236978161964,0.048808572782442106,0.18435906063073554,0.5457389036881984,8,10,4,5,14,14,5,27
deepseek-coder-6.7b,sql_exec_assign_chain_10_safe,sql_exec_assign_chain_10,safe,clean_heldout,clean,-1,11,5723, safe,56.35667419433594,1.0000005552900628,87,0.04948412810840702,0.07710833723522131,0.06950664862419116,0.09650102668184873,0.027962662997652432,0.0730426724513737,0.19205257550750787,0.41434250368386066,8,10,4,5,14,14,5,27
deepseek-coder-6.7b,sql_exec_assign_chain_10_safe,sql_exec_assign_chain_10,safe,clean_heldout,clean,-1,15,24281, vulnerable,185.0958251953125,1.0000001752797676,87,0.030808066834344016,0.03565196760835371,0.01881487955738827,0.09416203292089982,0.02548511289058765,0.04149288509938633,0.11739119614194744,0.6361940342268604,8,10,4,5,14,14,5,27
deepseek-coder-6.7b,sql_exec_assign_chain_10_safe,sql_exec_assign_chain_10,safe,clean_heldout,clean,-1,15,5723, safe,56.35667419433594,1.0000005384257835,87,0.04117008798198593,0.06253854048834079,0.059470677446214065,0.11305658137907684,0.02436550754657684,0.07853553459287353,0.11763496946302192,0.5032286395276937,8,10,4,5,14,14,5,27
deepseek-coder-6.7b,sql_exec_assign_chain_10_safe,sql_exec_assign_chain_10,safe,clean_heldout,clean,-1,19,24281, vulnerable,185.0958251953125,1.000000230486152,87,0.021288583011518956,0.0216610753608278,0.01494327433100376,0.0820493469064189,0.0066095619393237185,0.031445377668892785,0.06774840121344528,0.7542546100547208,8,10,4,5,14,14,5,27
deepseek-coder-6.7b,sql_exec_assign_chain_10_safe,sql_exec_assign_chain_10,safe,clean_heldout,clean,-1,19,5723, safe,56.35667419433594,1.0000003860358273,87,0.045765974197432994,0.04184002956173524,0.030094456219230514,0.02824180206702323,0.04573471610310781,0.07966872706450098,0.06005008284984585,0.6686045979729507,8,10,4,5,14,14,5,27
deepseek-coder-6.7b,sql_exec_assign_chain_10_safe,sql_exec_assign_chain_10,safe,clean_heldout,clean,-1,23,24281, vulnerable,185.0958251953125,1.0000001162896426,87,0.019527670661961767,0.020545294515478724,0.015513300839793322,0.07949278194978912,0.003508224848822983,0.03157440454937126,0.043531517764851785,0.7863069211595735,8,10,4,5,14,14,5,27
deepseek-coder-6.7b,sql_exec_assign_chain_10_safe,sql_exec_assign_chain_10,safe,clean_heldout,clean,-1,23,5723, safe,56.35667419433594,1.0000001508448215,87,0.03605737726544015,0.04536539308226082,0.05030504043404828,0.04867240872361605,0.0344790338923761,0.09325196427244553,0.06483561828750327,0.6270333148871312,8,10,4,5,14,14,5,27
deepseek-coder-6.7b,sql_exec_assign_chain_10_safe,sql_exec_assign_chain_10,safe,clean_heldout,clean,-1,27,24281, vulnerable,185.0958251953125,1.00000011624939,87,0.017651907457344913,0.016245912465355748,0.0074850180619994,0.07567604913238926,0.008104013901765414,0.02641787237490844,0.013635897725802558,0.8347834451298242,8,10,4,5,14,14,5,27
deepseek-coder-6.7b,sql_exec_assign_chain_10_safe,sql_exec_assign_chain_10,safe,clean_heldout,clean,-1,27,5723, safe,56.35667419433594,0.9999999513158584,87,0.03744761522909265,0.046900529263157145,0.03878126523202187,0.14580519519951313,0.04868782593031334,0.09003150447375965,0.027213103842106078,0.5651329121458946,8,10,4,5,14,14,5,27
deepseek-coder-6.7b,sql_exec_assign_chain_13_unsafe,sql_exec_assign_chain_13,unsafe,clean_heldout,clean,-1,0,24281, vulnerable,156.76885986328125,1.0000004100771973,86,0.056638576443760386,0.08816107928807504,0.006036220951746272,0.05381743428912915,0.008066403869903106,0.0064452776967860465,0.35127365879806327,0.42956175873973385,8,10,3,5,14,14,5,27
deepseek-coder-6.7b,sql_exec_assign_chain_13_unsafe,sql_exec_assign_chain_13,unsafe,clean_heldout,clean,-1,0,5723, safe,87.85855865478516,1.0000008581007347,86,0.07669381555899366,0.05292035267504444,0.013954626204171974,0.03804715805886579,0.05106860179692187,0.027805461408556057,0.35532524230628587,0.3841856000918952,8,10,3,5,14,14,5,27
deepseek-coder-6.7b,sql_exec_assign_chain_13_unsafe,sql_exec_assign_chain_13,unsafe,clean_heldout,clean,-1,3,24281, vulnerable,156.76885986328125,1.000000282838491,86,0.05900279868940033,0.09130934675030299,0.000569142285440759,0.05639917861806848,0.010984408530280345,0.01170192344448836,0.33399918749119134,0.43603429702931845,8,10,3,5,14,14,5,27
deepseek-coder-6.7b,sql_exec_assign_chain_13_unsafe,sql_exec_assign_chain_13,unsafe,clean_heldout,clean,-1,3,5723, safe,87.85855865478516,1.0000004300308905,86,0.08006424647594952,0.05851001528561972,0.012172822678518255,0.041038467433582755,0.03528082094297566,0.03248125497299221,0.3396835760864239,0.40076922615482835,8,10,3,5,14,14,5,27
deepseek-coder-6.7b,sql_exec_assign_chain_13_unsafe,sql_exec_assign_chain_13,unsafe,clean_heldout,clean,-1,7,24281, vulnerable,156.76885986328125,1.0000001962225449,86,0.05499157059029153,0.1230794469681684,-0.006289395299139217,0.07439098090204778,0.03085352286072267,0.015437377206676036,0.2971965237153402,0.4103401692784374,8,10,3,5,14,14,5,27
deepseek-coder-6.7b,sql_exec_assign_chain_13_unsafe,sql_exec_assign_chain_13,unsafe,clean_heldout,clean,-1,7,5723, safe,87.85855865478516,1.0000003121985255,86,0.07894773720259006,0.10860296471989736,0.0181757152092632,0.05678376940198972,0.026227206254631676,0.050428329304546826,0.28096526137639455,0.3798693287292122,8,10,3,5,14,14,5,27
deepseek-coder-6.7b,sql_exec_assign_chain_13_unsafe,sql_exec_assign_chain_13,unsafe,clean_heldout,clean,-1,11,24281, vulnerable,156.76885986328125,1.000000344111253,86,0.04616455894714953,0.08776056525162926,0.02077372901548413,0.08723210237702847,0.07050641069516934,0.02303243243612866,0.1973293024772766,0.4672012429113871,8,10,3,5,14,14,5,27
deepseek-coder-6.7b,sql_exec_assign_chain_13_unsafe,sql_exec_assign_chain_13,unsafe,clean_heldout,clean,-1,11,5723, safe,87.85855865478516,1.0000002987574101,86,0.061925596690002215,0.07132944240908815,0.07138837639993567,0.0684570146542506,0.07055313022543078,0.06142432606481504,0.16767724315998275,0.42724516915390487,8,10,3,5,14,14,5,27
deepseek-coder-6.7b,sql_exec_assign_chain_13_unsafe,sql_exec_assign_chain_13,unsafe,clean_heldout,clean,-1,15,24281, vulnerable,156.76885986328125,1.0000003220117113,86,0.02610790792842608,0.05054763868982762,0.007287474198228849,0.09649109295655325,0.06795265077843099,0.03167597161554846,0.13120929524835204,0.5887282905963439,8,10,3,5,14,14,5,27
deepseek-coder-6.7b,sql_exec_assign_chain_13_unsafe,sql_exec_assign_chain_13,unsafe,clean_heldout,clean,-1,15,5723, safe,87.85855865478516,1.000000199072671,86,0.03618218616892084,0.04501141593701949,0.06681176192147187,0.1021016608750571,0.0591186891573538,0.03243978781759255,0.10650244487257374,0.5518322523226816,8,10,3,5,14,14,5,27
deepseek-coder-6.7b,sql_exec_assign_chain_13_unsafe,sql_exec_assign_chain_13,unsafe,clean_heldout,clean,-1,19,24281, vulnerable,156.76885986328125,1.0000002602993348,86,0.01870763429431335,0.03527511207686167,-0.00312435452228508,0.09133781609298819,0.05136108941420866,0.02209025841534737,0.0789705495722505,0.70538215495565,8,10,3,5,14,14,5,27
deepseek-coder-6.7b,sql_exec_assign_chain_13_unsafe,sql_exec_assign_chain_13,unsafe,clean_heldout,clean,-1,19,5723, safe,87.85855865478516,1.0000001819002682,86,0.03130247063758917,0.04026176711121796,0.0177804379551411,0.031044049548307424,0.06489314827845827,0.025934138506788763,0.05072717685920914,0.7380569930035563,8,10,3,5,14,14,5,27
deepseek-coder-6.7b,sql_exec_assign_chain_13_unsafe,sql_exec_assign_chain_13,unsafe,clean_heldout,clean,-1,23,24281, vulnerable,156.76885986328125,1.0000002640301175,86,0.01836087176157173,0.031075297276079022,0.0007298066199713858,0.08685122261912201,0.04705304579052748,0.024754179249014675,0.047575084019397404,0.7436007566944338,8,10,3,5,14,14,5,27
deepseek-coder-6.7b,sql_exec_assign_chain_13_unsafe,sql_exec_assign_chain_13,unsafe,clean_heldout,clean,-1,23,5723, safe,87.85855865478516,1.0000000927521764,86,0.028257285795519626,0.03893941601751489,0.02847765267028413,0.03862844305033772,0.0652189416017854,0.03351450760318901,0.056407206674991744,0.7105566393385538,8,10,3,5,14,14,5,27
deepseek-coder-6.7b,sql_exec_assign_chain_13_unsafe,sql_exec_assign_chain_13,unsafe,clean_heldout,clean,-1,27,24281, vulnerable,156.76885986328125,1.0000002640390286,86,0.017043962819899623,0.026515270303969368,0.002752018304675811,0.07478647686919335,0.03287454311872956,0.02320443332174884,0.01214937116904775,0.8106741881317644,8,10,3,5,14,14,5,27
deepseek-coder-6.7b,sql_exec_assign_chain_13_unsafe,sql_exec_assign_chain_13,unsafe,clean_heldout,clean,-1,27,5723, safe,87.85855865478516,1.0000001270651815,86,0.027180957146572225,0.03508597738949919,0.017073560792731063,0.09649008322545978,0.061730282019071284,0.03776838441782473,0.024537293783541428,0.7001335882904818,8,10,3,5,14,14,5,27
deepseek-coder-6.7b,sql_exec_assign_chain_13_safe,sql_exec_assign_chain_13,safe,clean_heldout,clean,-1,0,24281, vulnerable,177.361328125,1.0000000747635969,86,0.03945643574504484,0.0967690364988581,0.0025083124332389963,0.0505844735785759,0.030479499499230633,0.015407391693199584,0.342764413610535,0.4220305117049136,8,10,3,5,14,14,5,27
deepseek-coder-6.7b,sql_exec_assign_chain_13_safe,sql_exec_assign_chain_13,safe,clean_heldout,clean,-1,0,5723, safe,71.73860168457031,1.000000354900016,86,0.06454337578520805,0.07279748375275659,0.0022489443640498134,0.027803069798907988,0.04711981207570786,0.0627177055362439,0.35803311119338754,0.36473685239375425,8,10,3,5,14,14,5,27
deepseek-coder-6.7b,sql_exec_assign_chain_13_safe,sql_exec_assign_chain_13,safe,clean_heldout,clean,-1,3,24281, vulnerable,177.361328125,0.9999999699118268,86,0.04165553316743238,0.10001113337601106,0.0022546299611125756,0.04963345548600376,0.033605328701977785,0.015590232722089141,0.3267661718073572,0.43048348468984304,8,10,3,5,14,14,5,27
deepseek-coder-6.7b,sql_exec_assign_chain_13_safe,sql_exec_assign_chain_13,safe,clean_heldout,clean,-1,3,5723, safe,71.73860168457031,1.000000115177794,86,0.06865708041340766,0.07765615321118731,0.007513351488804491,0.034558826625582455,0.04785040864491378,0.054618730652290844,0.3415398809382405,0.36760568320336695,8,10,3,5,14,14,5,27
deepseek-coder-6.7b,sql_exec_assign_chain_13_safe,sql_exec_assign_chain_13,safe,clean_heldout,clean,-1,7,24281, vulnerable,177.361328125,0.9999999470910239,86,0.04922343751263598,0.1281059782758317,-0.007160032304453922,0.0635394139107069,0.04352009631299129,0.016375438126985352,0.30005192696529,0.40634368829103673,8,10,3,5,14,14,5,27
deepseek-coder-6.7b,sql_exec_assign_chain_13_safe,sql_exec_assign_chain_13,safe,clean_heldout,clean,-1,7,5723, safe,71.73860168457031,1.0000000279635897,86,0.08760330864437671,0.13742826348953016,0.00774806815038453,0.04500413209319401,0.04593377872595247,0.03523060136834991,0.29391092657985735,0.3471409489119446,8,10,3,5,14,14,5,27
deepseek-coder-6.7b,sql_exec_assign_chain_13_safe,sql_exec_assign_chain_13,safe,clean_heldout,clean,-1,11,24281, vulnerable,177.361328125,0.9999999564010293,86,0.04739968968285253,0.10426841701981458,-0.0019512865653610015,0.06509928344192895,0.08451168076811846,0.017288021455887915,0.20626758834670333,0.47711656225108445,8,10,3,5,14,14,5,27
deepseek-coder-6.7b,sql_exec_assign_chain_13_safe,sql_exec_assign_chain_13,safe,clean_heldout,clean,-1,11,5723, safe,71.73860168457031,1.0000001286792486,86,0.07425670772997146,0.11236069381876719,0.015619470219603013,0.06985599961639584,0.10698091437527345,0.03348063218531631,0.1744449582733431,0.4130007524605781,8,10,3,5,14,14,5,27
deepseek-coder-6.7b,sql_exec_assign_chain_13_safe,sql_exec_assign_chain_13,safe,clean_heldout,clean,-1,15,24281, vulnerable,177.361328125,0.9999999680976097,86,0.02936748678593471,0.054543165447551556,0.008841160051054101,0.08027236895292421,0.0707484378265864,0.020593801728994568,0.14127962068549482,0.5943539266190695,8,10,3,5,14,14,5,27
deepseek-coder-6.7b,sql_exec_assign_chain_13_safe,sql_exec_assign_chain_13,safe,clean_heldout,clean,-1,15,5723, safe,71.73860168457031,1.0000002477776573,86,0.04900267803721013,0.06935329673567828,0.026085436703628537,0.1414890041959829,0.08254879705503712,0.022179457693402047,0.10112378871761885,0.5082177886390993,8,10,3,5,14,14,5,27
deepseek-coder-6.7b,sql_exec_assign_chain_13_safe,sql_exec_assign_chain_13,safe,clean_heldout,clean,-1,19,24281, vulnerable,177.361328125,0.9999999729679031,86,0.021198785411749566,0.03650739313761673,0.0012574209041801504,0.0834267833694468,0.051509677929936985,0.019493016701066835,0.08492182560540659,0.7016850699084993,8,10,3,5,14,14,5,27
deepseek-coder-6.7b,sql_exec_assign_chain_13_safe,sql_exec_assign_chain_13,safe,clean_heldout,clean,-1,19,5723, safe,71.73860168457031,1.0000002913977415,86,0.041568667638966376,0.057486333374781,0.023558838403836064,0.0653127219057544,0.08247127175434135,0.03503195638738349,0.04061626069534555,0.6539542412373331,8,10,3,5,14,14,5,27
deepseek-coder-6.7b,sql_exec_assign_chain_13_safe,sql_exec_assign_chain_13,safe,clean_heldout,clean,-1,23,24281, vulnerable,177.361328125,0.9999999805293288,86,0.01947717618631927,0.030699435916499,0.0036623376460407715,0.07739560185512785,0.046627329113365035,0.02123555979660278,0.05121093414944825,0.7496916058659259,8,10,3,5,14,14,5,27
deepseek-coder-6.7b,sql_exec_assign_chain_13_safe,sql_exec_assign_chain_13,safe,clean_heldout,clean,-1,23,5723, safe,71.73860168457031,1.0000002273177606,86,0.03643476204374954,0.05389447876714547,0.028163804260792548,0.0783297589069919,0.08629222169291167,0.039953454475582496,0.057738159910557585,0.6191935872600294,8,10,3,5,14,14,5,27
deepseek-coder-6.7b,sql_exec_assign_chain_13_safe,sql_exec_assign_chain_13,safe,clean_heldout,clean,-1,27,24281, vulnerable,177.361328125,1.0000000837742957,86,0.01775788491594211,0.026598524530867373,0.004511154437438207,0.0735590599666737,0.031330760899561945,0.019290789615413625,0.015765839871522278,0.8111860695368764,8,10,3,5,14,14,5,27
deepseek-coder-6.7b,sql_exec_assign_chain_13_safe,sql_exec_assign_chain_13,safe,clean_heldout,clean,-1,27,5723, safe,71.73860168457031,1.0000004216867788,86,0.033001359053932915,0.04636824803303165,0.021610649120228267,0.12002891789747644,0.0789111677906147,0.04319925999777482,0.03362210359483201,0.6232587161988881,8,10,3,5,14,14,5,27
deepseek-coder-6.7b,sql_exec_assign_chain_15_unsafe,sql_exec_assign_chain_15,unsafe,clean_heldout,clean,-1,0,24281, vulnerable,183.57977294921875,1.0000003794999601,86,0.057707977470198235,0.10056057850563123,0.007013046437149803,0.05807924014136008,0.0235814761443702,-0.001369040581574205,0.32221623588511694,0.432210865497708,8,10,3,5,14,14,5,27
deepseek-coder-6.7b,sql_exec_assign_chain_15_unsafe,sql_exec_assign_chain_15,unsafe,clean_heldout,clean,-1,0,5723, safe,76.77122497558594,0.9999998415672952,86,0.0718775515866126,0.13227630627383713,0.019395621317474642,0.02885124065577591,0.0348204370093755,-0.0017521112129863018,0.37420733958440294,0.3403234563528028,8,10,3,5,14,14,5,27
deepseek-coder-6.7b,sql_exec_assign_chain_15_unsafe,sql_exec_assign_chain_15,unsafe,clean_heldout,clean,-1,3,24281, vulnerable,183.57977294921875,1.000000123682713,86,0.061552439848209024,0.11020644053016128,0.006506094962016724,0.06061354004318106,0.018626858199501967,-0.00701261574938925,0.2981258984279804,0.4513814674210518,8,10,3,5,14,14,5,27
deepseek-coder-6.7b,sql_exec_assign_chain_15_unsafe,sql_exec_assign_chain_15,unsafe,clean_heldout,clean,-1,3,5723, safe,76.77122497558594,0.9999995338245038,86,0.07640944622381307,0.13186271005531097,0.024946714127014224,0.03927195065608566,0.023110094763708438,-0.0022674641722406725,0.35720386383425073,0.3494622183365613,8,10,3,5,14,14,5,27
deepseek-coder-6.7b,sql_exec_assign_chain_15_unsafe,sql_exec_assign_chain_15,unsafe,clean_heldout,clean,-1,7,24281, vulnerable,183.57977294921875,1.0000001376337984,86,0.06643219451381106,0.11599432347232802,-0.0001169046973967594,0.08139848380193754,0.016157786460241373,-0.012320299533587332,0.28302261796401723,0.4494319356524473,8,10,3,5,14,14,5,27
deepseek-coder-6.7b,sql_exec_assign_chain_15_unsafe,sql_exec_assign_chain_15,unsafe,clean_heldout,clean,-1,7,5723, safe,76.77122497558594,0.9999995670153062,86,0.09268757493202151,0.1640175274331338,0.030745932253260055,0.06615908527558301,0.023551554903537567,-0.011074623569095205,0.3112887321369974,0.3226237836498681,8,10,3,5,14,14,5,27
deepseek-coder-6.7b,sql_exec_assign_chain_15_unsafe,sql_exec_assign_chain_15,unsafe,clean_heldout,clean,-1,11,24281, vulnerable,183.57977294921875,1.0000001596207089,86,0.05151118604524746,0.09012970362074191,0.01729605909523614,0.0758598200451015,0.02318398540231937,0.01678711424844386,0.19694910147695335,0.5282831896866653,8,10,3,5,14,14,5,27
deepseek-coder-6.7b,sql_exec_assign_chain_15_unsafe,sql_exec_assign_chain_15,unsafe,clean_heldout,clean,-1,11,5723, safe,76.77122497558594,0.9999996674126314,86,0.06901308901151179,0.11373095392965685,0.05702348731182469,0.06901200361404128,0.04492011317009303,0.03198761502247366,0.1959047854059574,0.41840761994707276,8,10,3,5,14,14,5,27
deepseek-coder-6.7b,sql_exec_assign_chain_15_unsafe,sql_exec_assign_chain_15,unsafe,clean_heldout,clean,-1,15,24281, vulnerable,183.57977294921875,1.000000204051111,86,0.03322525736705749,0.049400424698197394,0.019794388370885783,0.07903020989214272,0.02787454582806802,0.021693821761574538,0.12776741334545375,0.6412141427877311,8,10,3,5,14,14,5,27
deepseek-coder-6.7b,sql_exec_assign_chain_15_unsafe,sql_exec_assign_chain_15,unsafe,clean_heldout,clean,-1,15,5723, safe,76.77122497558594,0.9999997685802838,86,0.05002632189797067,0.0581579542296955,0.054994189614236265,0.11042732700894742,0.03346158880889145,0.041018957521552296,0.12136817543685213,0.530545254062138,8,10,3,5,14,14,5,27
deepseek-coder-6.7b,sql_exec_assign_chain_15_unsafe,sql_exec_assign_chain_15,unsafe,clean_heldout,clean,-1,19,24281, vulnerable,183.57977294921875,1.0000002385737057,86,0.021200441679048568,0.02783646771543248,0.008875149970251019,0.0750771025897895,0.02410287796599904,0.013363708694533988,0.07580388420839718,0.7537406057502539,8,10,3,5,14,14,5,27
deepseek-coder-6.7b,sql_exec_assign_chain_15_unsafe,sql_exec_assign_chain_15,unsafe,clean_heldout,clean,-1,19,5723, safe,76.77122497558594,0.9999997196250633,86,0.04373853952646161,0.04196181170458844,0.03790686380391547,0.049564790202637835,0.04675925362717474,0.047993635002138005,0.06394911276536246,0.6681257129927847,8,10,3,5,14,14,5,27
deepseek-coder-6.7b,sql_exec_assign_chain_15_unsafe,sql_exec_assign_chain_15,unsafe,clean_heldout,clean,-1,23,24281, vulnerable,183.57977294921875,1.0000002738521956,86,0.017898696691725523,0.02440377993117921,0.011146884317531155,0.06380316408417562,0.021636842617049953,0.015668261833711,0.044922601471062376,0.8005200429057608,8,10,3,5,14,14,5,27
deepseek-coder-6.7b,sql_exec_assign_chain_15_unsafe,sql_exec_assign_chain_15,unsafe,clean_heldout,clean,-1,23,5723, safe,76.77122497558594,0.9999996741211524,86,0.03485321933206497,0.037988918746325484,0.03698867849072274,0.06616897846390053,0.040308377353925874,0.05039876257683357,0.06415841047201915,0.6691343286853602,8,10,3,5,14,14,5,27
deepseek-coder-6.7b,sql_exec_assign_chain_15_unsafe,sql_exec_assign_chain_15,unsafe,clean_heldout,clean,-1,27,24281, vulnerable,183.57977294921875,1.0000002341448702,86,0.01704668552465846,0.022704114881190257,0.013181481220852585,0.058417671109529695,0.016517946675052565,0.019388768762619267,0.013687937396944034,0.8390556285740234,8,10,3,5,14,14,5,27
deepseek-coder-6.7b,sql_exec_assign_chain_15_unsafe,sql_exec_assign_chain_15,unsafe,clean_heldout,clean,-1,27,5723, safe,76.77122497558594,0.999999819391569,86,0.03180091821427265,0.0396308391154118,0.03263194350966722,0.10621318980844632,0.04010161207153104,0.06020950548690316,0.027149338077107236,0.6622624731082294,8,10,3,5,14,14,5,27
deepseek-coder-6.7b,sql_exec_assign_chain_15_safe,sql_exec_assign_chain_15,safe,clean_heldout,clean,-1,0,24281, vulnerable,137.09365844726562,1.0000002245263768,86,0.05249708373720863,0.11747166562584867,-0.0013442937577633097,0.0759944121125858,0.030400560141701182,0.00041024718280897085,0.3035885736340888,0.420981975849898,8,10,3,5,14,14,5,27
deepseek-coder-6.7b,sql_exec_assign_chain_15_safe,sql_exec_assign_chain_15,safe,clean_heldout,clean,-1,0,5723, safe,49.293060302734375,0.9999993906252358,86,0.061572252701788566,0.15300778934402348,-0.004994420679305181,0.05200592818392138,0.027485248679377777,-0.003196460069084375,0.39971063554122926,0.314408416923285,8,10,3,5,14,14,5,27
deepseek-coder-6.7b,sql_exec_assign_chain_15_safe,sql_exec_assign_chain_15,safe,clean_heldout,clean,-1,3,24281, vulnerable,137.09365844726562,0.9999998347997812,86,0.05464304987780439,0.12168099877588744,-0.0014252474354991395,0.07836643345549649,0.029986474095201377,-0.00020771815465640223,0.28142988566091637,0.43552595852463055,8,10,3,5,14,14,5,27
deepseek-coder-6.7b,sql_exec_assign_chain_15_safe,sql_exec_assign_chain_15,safe,clean_heldout,clean,-1,3,5723, safe,49.293060302734375,0.9999991251514873,86,0.06063766925144599,0.15145717779166035,0.005034944847421582,0.06849209320741254,0.032529728646296045,-0.017617748019734744,0.38604508021834866,0.31342017920863685,8,10,3,5,14,14,5,27
deepseek-coder-6.7b,sql_exec_assign_chain_15_safe,sql_exec_assign_chain_15,safe,clean_heldout,clean,-1,7,24281, vulnerable,137.09365844726562,0.9999998128301494,86,0.06200016872894655,0.12743872054742186,-0.010383253442603541,0.09901754523658338,0.03317051630557653,-0.003002307010797395,0.27090902270503764,0.4208493997599843,8,10,3,5,14,14,5,27
deepseek-coder-6.7b,sql_exec_assign_chain_15_safe,sql_exec_assign_chain_15,safe,clean_heldout,clean,-1,7,5723, safe,49.293060302734375,0.9999992616765251,86,0.08831604797625713,0.18657812913542765,0.010025834693751994,0.10267033995827234,0.05825226929023438,-0.049290985235048025,0.33488448771096,0.2685631381466696,8,10,3,5,14,14,5,27
deepseek-coder-6.7b,sql_exec_assign_chain_15_safe,sql_exec_assign_chain_15,safe,clean_heldout,clean,-1,11,24281, vulnerable,137.09365844726562,0.9999999664273591,86,0.05093567186576542,0.10251169983301926,0.0007551292625857444,0.0950658962219394,0.04053555608534357,0.024917315218532295,0.19016703646153904,0.49511166147863445,8,10,3,5,14,14,5,27
deepseek-coder-6.7b,sql_exec_assign_chain_15_safe,sql_exec_assign_chain_15,safe,clean_heldout,clean,-1,11,5723, safe,49.293060302734375,0.9999994399941707,86,0.07331807078381783,0.13831784672102665,0.025649638805460197,0.12565960842070772,0.08557980424965252,0.012148019483233088,0.1925971518971117,0.34672929963316107,8,10,3,5,14,14,5,27
deepseek-coder-6.7b,sql_exec_assign_chain_15_safe,sql_exec_assign_chain_15,safe,clean_heldout,clean,-1,15,24281, vulnerable,137.09365844726562,0.9999999607345479,86,0.0413234642968097,0.06458568147077434,0.01878525488698958,0.10144533102133714,0.05996170590723526,0.029014811094839194,0.11786247752396609,0.5670212345325965,8,10,3,5,14,14,5,27
deepseek-coder-6.7b,sql_exec_assign_chain_15_safe,sql_exec_assign_chain_15,safe,clean_heldout,clean,-1,15,5723, safe,49.293060302734375,0.9999994788015922,86,0.06831043124626603,0.08455575514468969,0.051001045561868706,0.2074504215427631,0.061978042523611124,0.0432652330321952,0.10328546608059352,0.38015308366960493,8,10,3,5,14,14,5,27
deepseek-coder-6.7b,sql_exec_assign_chain_15_safe,sql_exec_assign_chain_15,safe,clean_heldout,clean,-1,19,24281, vulnerable,137.09365844726562,0.9999999755100424,86,0.02513964330065497,0.03230528562832236,0.024403732072041287,0.11092030102546645,0.03675206013979687,0.024832314889495964,0.06590521668981864,0.679741421764446,8,10,3,5,14,14,5,27
deepseek-coder-6.7b,sql_exec_assign_chain_15_safe,sql_exec_assign_chain_15,safe,clean_heldout,clean,-1,19,5723, safe,49.293060302734375,0.9999995125077461,86,0.06787812548851252,0.06209216370073472,0.04857099360009921,0.1459519347586226,0.06994276340636725,0.0679995622613544,0.04279974976309561,0.4947642195289598,8,10,3,5,14,14,5,27
deepseek-coder-6.7b,sql_exec_assign_chain_15_safe,sql_exec_assign_chain_15,safe,clean_heldout,clean,-1,23,24281, vulnerable,137.09365844726562,1.0000000020617759,86,0.020274888886976854,0.029129811832518837,0.024279307816066877,0.10226469910705242,0.031468338929574194,0.025570079905999386,0.03953102727657319,0.727481848307014,8,10,3,5,14,14,5,27
deepseek-coder-6.7b,sql_exec_assign_chain_15_safe,sql_exec_assign_chain_15,safe,clean_heldout,clean,-1,23,5723, safe,49.293060302734375,0.9999996226006599,86,0.05589484672146197,0.057221661504314764,0.04913453479679428,0.14139512606234542,0.0597016772844175,0.07056843194072163,0.05521446049742762,0.5108688837931769,8,10,3,5,14,14,5,27
deepseek-coder-6.7b,sql_exec_assign_chain_15_safe,sql_exec_assign_chain_15,safe,clean_heldout,clean,-1,27,24281, vulnerable,137.09365844726562,0.9999999324301351,86,0.019845342177399347,0.026271554249570377,0.012583964047180332,0.10046067456657637,0.021333955245061594,0.028393638204709054,0.015296934865005017,0.775813869074633,8,10,3,5,14,14,5,27
deepseek-coder-6.7b,sql_exec_assign_chain_15_safe,sql_exec_assign_chain_15,safe,clean_heldout,clean,-1,27,5723, safe,49.293060302734375,0.9999997722567386,86,0.04981620691815451,0.05611064833082531,0.03911748002709358,0.2002264751239758,0.06672312756027712,0.08727974978292631,0.020585795541167382,0.48014028897231864,8,10,3,5,14,14,5,27
deepseek-coder-6.7b,sql_exec_assign_chain_18_unsafe,sql_exec_assign_chain_18,unsafe,clean_heldout,clean,-1,0,24281, vulnerable,187.41140747070312,1.0000001034033115,86,0.0528049659480627,0.061416051232950006,0.011000499546843992,0.056333565825428866,0.02223921805036866,0.02105944782787854,0.3383775131477934,0.4367688418239851,8,10,3,5,14,14,5,27
deepseek-coder-6.7b,sql_exec_assign_chain_18_unsafe,sql_exec_assign_chain_18,unsafe,clean_heldout,clean,-1,0,5723, safe,81.7457046508789,1.0000005104371599,86,0.07003590259878997,0.05849265129152254,0.010984556730439701,0.041334177890826815,0.05619026404833457,0.03643250963501926,0.34797490734115116,0.3785555409010758,8,10,3,5,14,14,5,27
deepseek-coder-6.7b,sql_exec_assign_chain_18_unsafe,sql_exec_assign_chain_18,unsafe,clean_heldout,clean,-1,3,24281, vulnerable,187.41140747070312,0.9999998800187644,86,0.055262354509656414,0.06575187249983594,0.011138899850161135,0.05666905395348135,0.01594198954994828,0.023659299387427748,0.3195379657051704,0.4520384445630832,8,10,3,5,14,14,5,27
deepseek-coder-6.7b,sql_exec_assign_chain_18_unsafe,sql_exec_assign_chain_18,unsafe,clean_heldout,clean,-1,3,5723, safe,81.7457046508789,1.0000002373146004,86,0.07488735069888867,0.06075300926451992,0.018618120177413683,0.04708447558117808,0.039107866303109445,0.041853772500430035,0.3298658540510667,0.38782978873799384,8,10,3,5,14,14,5,27
deepseek-coder-6.7b,sql_exec_assign_chain_18_unsafe,sql_exec_assign_chain_18,unsafe,clean_heldout,clean,-1,7,24281, vulnerable,187.41140747070312,0.9999997832247572,86,0.06307223193770388,0.08144679937680516,-0.004993219407959603,0.07704050861403508,0.009945159078984205,0.024870203209990914,0.3036767049213683,0.4449413954938293,8,10,3,5,14,14,5,27
deepseek-coder-6.7b,sql_exec_assign_chain_18_unsafe,sql_exec_assign_chain_18,unsafe,clean_heldout,clean,-1,7,5723, safe,81.7457046508789,1.0000001793701905,86,0.09248811558011924,0.10260834560322656,0.012558051922601114,0.06502759649754591,0.025160649174230977,0.04207464383073759,0.29556741974808515,0.3645153570136439,8,10,3,5,14,14,5,27
deepseek-coder-6.7b,sql_exec_assign_chain_18_unsafe,sql_exec_assign_chain_18,unsafe,clean_heldout,clean,-1,11,24281, vulnerable,187.41140747070312,0.9999998948573979,86,0.05503356341251002,0.06106315799395246,0.008929669853773681,0.08736824085287612,0.011337508759075458,0.036667145394712254,0.20992923589730794,0.5296713726931901,8,10,3,5,14,14,5,27
deepseek-coder-6.7b,sql_exec_assign_chain_18_unsafe,sql_exec_assign_chain_18,unsafe,clean_heldout,clean,-1,11,5723, safe,81.7457046508789,1.000000226468537,86,0.07430244806827581,0.07413672587121531,0.046411582165360205,0.09303305078629825,0.03278530959820593,0.056262958056197146,0.18387321203794124,0.43919493988504316,8,10,3,5,14,14,5,27
deepseek-coder-6.7b,sql_exec_assign_chain_18_unsafe,sql_exec_assign_chain_18,unsafe,clean_heldout,clean,-1,15,24281, vulnerable,187.41140747070312,0.9999998826525472,86,0.034125637821838875,0.03240414807656145,0.009334097736833502,0.08611793174177593,0.020509688906342277,0.034583629395447124,0.14374543063112338,0.6391793183426246,8,10,3,5,14,14,5,27
deepseek-coder-6.7b,sql_exec_assign_chain_18_unsafe,sql_exec_assign_chain_18,unsafe,clean_heldout,clean,-1,15,5723, safe,81.7457046508789,1.0000001953658553,86,0.05179274201915233,0.04146683422319128,0.055541068415068895,0.13013349756215203,0.02033361975532354,0.044634616237521206,0.11130011062095055,0.5447977065324955,8,10,3,5,14,14,5,27
deepseek-coder-6.7b,sql_exec_assign_chain_18_unsafe,sql_exec_assign_chain_18,unsafe,clean_heldout,clean,-1,19,24281, vulnerable,187.41140747070312,0.9999998805753374,86,0.024094544001627985,0.0273378760478762,0.0055694193930762685,0.0785111761053237,0.02125923820211804,0.027480511076581164,0.08747410135457069,0.7282730143941634,8,10,3,5,14,14,5,27
deepseek-coder-6.7b,sql_exec_assign_chain_18_unsafe,sql_exec_assign_chain_18,unsafe,clean_heldout,clean,-1,19,5723, safe,81.7457046508789,1.0000001877553824,86,0.04171535503998853,0.03942444844599734,0.03564273221620684,0.05347539828173741,0.04433340902743219,0.04706463197913662,0.05483255105861428,0.6835116617062691,8,10,3,5,14,14,5,27
deepseek-coder-6.7b,sql_exec_assign_chain_18_unsafe,sql_exec_assign_chain_18,unsafe,clean_heldout,clean,-1,23,24281, vulnerable,187.41140747070312,0.9999999041899345,86,0.020514302339898007,0.025922328922170276,0.007612939957531204,0.07394352751633787,0.018262229620401083,0.03112627382320699,0.055595599648538975,0.76702270236185,8,10,3,5,14,14,5,27
deepseek-coder-6.7b,sql_exec_assign_chain_18_unsafe,sql_exec_assign_chain_18,unsafe,clean_heldout,clean,-1,23,5723, safe,81.7457046508789,1.0000000850367823,86,0.0323424468536917,0.039819482124660965,0.040130909789872174,0.06238764863751453,0.04936135502524225,0.05611535917527348,0.05993813212971716,0.65990475130081,8,10,3,5,14,14,5,27
deepseek-coder-6.7b,sql_exec_assign_chain_18_unsafe,sql_exec_assign_chain_18,unsafe,clean_heldout,clean,-1,27,24281, vulnerable,187.41140747070312,0.9999999060981847,86,0.01765968168835384,0.02249289429141029,0.008435529758631172,0.0651680682964196,0.01854807575073848,0.02458928209469843,0.01797271307006,0.8251336611478729,8,10,3,5,14,14,5,27
deepseek-coder-6.7b,sql_exec_assign_chain_18_unsafe,sql_exec_assign_chain_18,unsafe,clean_heldout,clean,-1,27,5723, safe,81.7457046508789,0.9999999846423389,86,0.028905839280544007,0.04050400890042468,0.025157947775310316,0.11124241977200118,0.04247580653776987,0.05019346500526665,0.0335767560233735,0.6679437413476487,8,10,3,5,14,14,5,27
deepseek-coder-6.7b,sql_exec_assign_chain_18_safe,sql_exec_assign_chain_18,safe,clean_heldout,clean,-1,0,24281, vulnerable,165.95077514648438,1.000000159129426,86,0.0502578628287848,0.07709080973941454,0.0061752783213226674,0.05616286466594257,0.01806387105531874,0.03258776043125798,0.326920927507873,0.4327407845795117,8,10,3,5,14,14,5,27
deepseek-coder-6.7b,sql_exec_assign_chain_18_safe,sql_exec_assign_chain_18,safe,clean_heldout,clean,-1,0,5723, safe,63.6859245300293,1.0000010093995053,86,0.06269752162035498,0.06391573330901001,-0.0003085106273655827,0.007878260348732301,0.04413014698126366,0.0818880484627292,0.3889119236415134,0.35088788566326734,8,10,3,5,14,14,5,27
deepseek-coder-6.7b,sql_exec_assign_chain_18_safe,sql_exec_assign_chain_18,safe,clean_heldout,clean,-1,3,24281, vulnerable,165.95077514648438,0.9999997705292505,86,0.052780404691917804,0.08241392583557457,0.0032960176597016293,0.05619830888099671,0.01905762851821103,0.03425210431338787,0.30724285807156976,0.4447585225578912,8,10,3,5,14,14,5,27
deepseek-coder-6.7b,sql_exec_assign_chain_18_safe,sql_exec_assign_chain_18,safe,clean_heldout,clean,-1,3,5723, safe,63.6859245300293,1.000000606195403,86,0.06516979809303695,0.07256039510073985,0.0019893127582864757,0.019236339979890844,0.04326575759688331,0.06910993993357875,0.37139759099389913,0.3572714717390878,8,10,3,5,14,14,5,27
deepseek-coder-6.7b,sql_exec_assign_chain_18_safe,sql_exec_assign_chain_18,safe,clean_heldout,clean,-1,7,24281, vulnerable,165.95077514648438,0.9999997620943527,86,0.06400933646099119,0.0971601401771142,-0.010714035167114912,0.07376727278506655,0.007063975787230187,0.036279679346826646,0.3001538945589959,0.43227949814524297,8,10,3,5,14,14,5,27
deepseek-coder-6.7b,sql_exec_assign_chain_18_safe,sql_exec_assign_chain_18,safe,clean_heldout,clean,-1,7,5723, safe,63.6859245300293,1.0000005272714025,86,0.09480818158614454,0.1304082935546778,-0.0019319248757613337,0.027991696477073245,0.049234272907528014,0.05278151536808091,0.3327623153678286,0.3139461768858308,8,10,3,5,14,14,5,27
deepseek-coder-6.7b,sql_exec_assign_chain_18_safe,sql_exec_assign_chain_18,safe,clean_heldout,clean,-1,11,24281, vulnerable,165.95077514648438,0.9999998762657173,86,0.06312514528452061,0.07605293241270718,0.0004478922430636977,0.08586096720341126,0.010936514884749325,0.04366877436972737,0.20327495768969955,0.5166326921778384,8,10,3,5,14,14,5,27
deepseek-coder-6.7b,sql_exec_assign_chain_18_safe,sql_exec_assign_chain_18,safe,clean_heldout,clean,-1,11,5723, safe,63.6859245300293,1.000000708166323,86,0.09040395790734204,0.09866249792675996,0.036196785191606316,0.04723141581390537,0.07091345456859072,0.052754363669348193,0.1958006814872557,0.4080375516015145,8,10,3,5,14,14,5,27
deepseek-coder-6.7b,sql_exec_assign_chain_18_safe,sql_exec_assign_chain_18,safe,clean_heldout,clean,-1,15,24281, vulnerable,165.95077514648438,1.0000000023346092,86,0.042973145350608005,0.03924716315810835,0.012533588919154999,0.09316520735638922,0.036777035918320294,0.03702018687109222,0.1333274045037124,0.6049562702572235,8,10,3,5,14,14,5,27
deepseek-coder-6.7b,sql_exec_assign_chain_18_safe,sql_exec_assign_chain_18,safe,clean_heldout,clean,-1,15,5723, safe,63.6859245300293,1.000000526013766,86,0.06920785436172269,0.057436262308589926,0.025926975835949252,0.1088687417725539,0.053438897452890204,0.05598412858374029,0.11732736906384729,0.5118102966344726,8,10,3,5,14,14,5,27
deepseek-coder-6.7b,sql_exec_assign_chain_18_safe,sql_exec_assign_chain_18,safe,clean_heldout,clean,-1,19,24281, vulnerable,165.95077514648438,0.9999998567358142,86,0.025967904781710457,0.027301692735271128,0.009911026610233777,0.08919641748844907,0.025756382731507026,0.028959073898279997,0.07836452245391123,0.7145428360364516,8,10,3,5,14,14,5,27
deepseek-coder-6.7b,sql_exec_assign_chain_18_safe,sql_exec_assign_chain_18,safe,clean_heldout,clean,-1,19,5723, safe,63.6859245300293,1.0000004757960492,86,0.05162148102131054,0.04539246303043872,0.013937106788199715,0.035987702367770415,0.07476310888005325,0.06059719473157584,0.059397340396904856,0.658304078579796,8,10,3,5,14,14,5,27
deepseek-coder-6.7b,sql_exec_assign_chain_18_safe,sql_exec_assign_chain_18,safe,clean_heldout,clean,-1,23,24281, vulnerable,165.95077514648438,0.9999999086808669,86,0.021856166483848815,0.026317810292896468,0.011037508368675723,0.08999379398044388,0.019399510926329792,0.03195170021499954,0.0480070347159966,0.7514363836976761,8,10,3,5,14,14,5,27
deepseek-coder-6.7b,sql_exec_assign_chain_18_safe,sql_exec_assign_chain_18,safe,clean_heldout,clean,-1,23,5723, safe,63.6859245300293,1.0000002483978268,86,0.03925154305935013,0.047682865892950545,0.02534938867945346,0.060751641030518146,0.07427586725670487,0.07102675632520154,0.0693034440927199,0.6123587420609282,8,10,3,5,14,14,5,27
deepseek-coder-6.7b,sql_exec_assign_chain_18_safe,sql_exec_assign_chain_18,safe,clean_heldout,clean,-1,27,24281, vulnerable,165.95077514648438,0.999999857386811,86,0.018831318430984647,0.021848143150687883,0.0025566024182240308,0.09022018758045422,0.021425052851958483,0.025146829942044226,0.014164791504141957,0.8058069315083155,8,10,3,5,14,14,5,27
deepseek-coder-6.7b,sql_exec_assign_chain_18_safe,sql_exec_assign_chain_18,safe,clean_heldout,clean,-1,27,5723, safe,63.6859245300293,1.0000003285063452,86,0.03236225194064702,0.04630768989778185,0.01600851758739489,0.14169629382098695,0.060834131220027114,0.06184535400570043,0.036682046856437986,0.6042640431773691,8,10,3,5,14,14,5,27
deepseek-coder-6.7b,sql_exec_branch_merge_05_unsafe,sql_exec_branch_merge_05,unsafe,clean_heldout,clean,-1,0,24281, vulnerable,195.8021240234375,1.0000003901428713,109,0.07501858215526283,0.08258994210679485,-0.005220375390680768,0.05001030150695273,0.004089736707551024,0.02600355252142739,0.32006800819694886,0.44744064233861436,16,19,4,5,11,11,5,38
deepseek-coder-6.7b,sql_exec_branch_merge_05_unsafe,sql_exec_branch_merge_05,unsafe,clean_heldout,clean,-1,0,5723, safe,90.017578125,1.0000002887156965,109,0.09043470784653529,0.100808432124499,-0.010756106315503042,0.05348878073473503,0.028829428457945328,0.053040253564874774,0.38643538393448007,0.29771940836813016,16,19,4,5,11,11,5,38
deepseek-coder-6.7b,sql_exec_branch_merge_05_unsafe,sql_exec_branch_merge_05,unsafe,clean_heldout,clean,-1,3,24281, vulnerable,195.8021240234375,1.0000001316584741,109,0.07449247519735779,0.08838870696769106,-0.004494248369881182,0.05270996156154595,0.007476024870870829,0.02527039855301364,0.299767000908679,0.4563898119691968,16,19,4,5,11,11,5,38
deepseek-coder-6.7b,sql_exec_branch_merge_05_unsafe,sql_exec_branch_merge_05,unsafe,clean_heldout,clean,-1,3,5723, safe,90.017578125,0.9999999261708876,109,0.0920780225503535,0.10847416266318208,-0.007938294213200275,0.05771999801526158,0.03553578146405808,0.05020036370246926,0.35816713585696625,0.30576275613179726,16,19,4,5,11,11,5,38
deepseek-coder-6.7b,sql_exec_branch_merge_05_unsafe,sql_exec_branch_merge_05,unsafe,clean_heldout,clean,-1,7,24281, vulnerable,195.8021240234375,1.0000000886411604,109,0.075998851335978,0.1330168367104707,0.000716900634662886,0.06625971685809239,0.0015910291127942328,0.03465182262658169,0.25609772097787203,0.43166721038470857,16,19,4,5,11,11,5,38
deepseek-coder-6.7b,sql_exec_branch_merge_05_unsafe,sql_exec_branch_merge_05,unsafe,clean_heldout,clean,-1,7,5723, safe,90.017578125,0.9999999846672163,109,0.10629882662275963,0.1856455486846939,0.006191248778793646,0.07258904617310563,0.022684820144919172,0.08180473334423699,0.2734482664696633,0.251337494449044,16,19,4,5,11,11,5,38
deepseek-coder-6.7b,sql_exec_branch_merge_05_unsafe,sql_exec_branch_merge_05,unsafe,clean_heldout,clean,-1,11,24281, vulnerable,195.8021240234375,1.0000001895349304,109,0.06393317265718954,0.09896066585409329,0.016525706823297192,0.05911601648782724,0.015108725799218138,0.04998836629193745,0.1654641603155796,0.5309033753057879,16,19,4,5,11,11,5,38
deepseek-coder-6.7b,sql_exec_branch_merge_05_unsafe,sql_exec_branch_merge_05,unsafe,clean_heldout,clean,-1,11,5723, safe,90.017578125,1.0000000859649796,109,0.08246925044823807,0.13912469021767943,0.04994851186670751,0.07504022170314331,0.03856116142588295,0.12768388257478483,0.16248867040954176,0.3246836973190019,16,19,4,5,11,11,5,38
deepseek-coder-6.7b,sql_exec_branch_merge_05_unsafe,sql_exec_branch_merge_05,unsafe,clean_heldout,clean,-1,15,24281, vulnerable,195.8021240234375,1.0000000962253164,109,0.03527332699363941,0.06461907471556926,0.0074753719627994285,0.0568507403569084,0.021668774450850775,0.06543438643279571,0.10554356823836852,0.643134853074385,16,19,4,5,11,11,5,38
deepseek-coder-6.7b,sql_exec_branch_merge_05_unsafe,sql_exec_branch_merge_05,unsafe,clean_heldout,clean,-1,15,5723, safe,90.017578125,1.0000001261799123,109,0.052178728037050794,0.10148529891671464,0.06852742752386072,0.07540137915377551,0.03263920342408273,0.10849658469704376,0.1065929151046413,0.45467858932274297,16,19,4,5,11,11,5,38
deepseek-coder-6.7b,sql_exec_branch_merge_05_unsafe,sql_exec_branch_merge_05,unsafe,clean_heldout,clean,-1,19,24281, vulnerable,195.8021240234375,1.0000000581142787,109,0.024196180415644118,0.038952605461277885,0.0026968185907517545,0.05779236929755216,0.019806642845994742,0.020121607586996947,0.0580468386439964,0.7783869952720647,16,19,4,5,11,11,5,38
deepseek-coder-6.7b,sql_exec_branch_merge_05_unsafe,sql_exec_branch_merge_05,unsafe,clean_heldout,clean,-1,19,5723, safe,90.017578125,1.0000001661724058,109,0.037280807399106226,0.06265400785434455,0.010102884165594945,0.022122643568078706,0.03361144174800396,0.03287574763762467,0.055738269034758155,0.7456143647648948,16,19,4,5,11,11,5,38
deepseek-coder-6.7b,sql_exec_branch_merge_05_unsafe,sql_exec_branch_merge_05,unsafe,clean_heldout,clean,-1,23,24281, vulnerable,195.8021240234375,1.0000000143359336,109,0.02093097151136861,0.03880911245052186,0.007539119150434393,0.06082546463550983,0.018130237550657187,0.02333006183359564,0.03772692021409532,0.7927081269897507,16,19,4,5,11,11,5,38
deepseek-coder-6.7b,sql_exec_branch_merge_05_unsafe,sql_exec_branch_merge_05,unsafe,clean_heldout,clean,-1,23,5723, safe,90.017578125,1.0000000762086942,109,0.03205642122060391,0.06490388825254816,0.01664252259358888,0.02468089630703681,0.03889446965798021,0.029867894268410414,0.056926822395426506,0.7360271615130993,16,19,4,5,11,11,5,38
deepseek-coder-6.7b,sql_exec_branch_merge_05_unsafe,sql_exec_branch_merge_05,unsafe,clean_heldout,clean,-1,27,24281, vulnerable,195.8021240234375,0.9999999941020048,109,0.02053160892253746,0.03965629063878527,0.009149152003384991,0.04623797572441055,0.012998689754196425,0.01535117225362846,0.008801741753286395,0.8472733630517753,16,19,4,5,11,11,5,38
deepseek-coder-6.7b,sql_exec_branch_merge_05_unsafe,sql_exec_branch_merge_05,unsafe,clean_heldout,clean,-1,27,5723, safe,90.017578125,0.9999999785113416,109,0.03440498394759102,0.07295423587685762,0.01605354489019801,0.08701726036979743,0.036248760934780175,0.019837802834901778,0.03323523900852834,0.7002481506486871,16,19,4,5,11,11,5,38
deepseek-coder-6.7b,sql_exec_branch_merge_05_safe,sql_exec_branch_merge_05,safe,clean_heldout,clean,-1,0,24281, vulnerable,226.19863891601562,1.0000003472800083,108,0.0549847931628278,0.10171853037519354,0.003557300979135976,0.06478740287641371,-0.006926519866170828,0.025865482838272343,0.30799541115466017,0.44801794575967563,16,19,3,5,11,11,5,38
deepseek-coder-6.7b,sql_exec_branch_merge_05_safe,sql_exec_branch_merge_05,safe,clean_heldout,clean,-1,0,5723, safe,68.90880584716797,1.0000004471263775,108,0.07976324093507581,0.14323544522671142,0.0017447363476789232,0.01968584146834206,-0.020009753477456305,0.053067034375859794,0.4382638937712128,0.2842500084789531,16,19,3,5,11,11,5,38
deepseek-coder-6.7b,sql_exec_branch_merge_05_safe,sql_exec_branch_merge_05,safe,clean_heldout,clean,-1,3,24281, vulnerable,226.19863891601562,0.9999999800847286,108,0.05529423851970954,0.10688629818768876,0.0049058458351253125,0.06522314377834816,-0.0002980582188703666,0.02026559493593588,0.2895475271514651,0.45817538989532636,16,19,3,5,11,11,5,38
deepseek-coder-6.7b,sql_exec_branch_merge_05_safe,sql_exec_branch_merge_05,safe,clean_heldout,clean,-1,3,5723, safe,68.90880584716797,0.9999997877558676,108,0.08238285500288765,0.1460898466757902,0.010799188618901763,0.028168837225310467,-0.0012803280754972723,0.03992075153331302,0.40873011604414955,0.2851885207310123,16,19,3,5,11,11,5,38
deepseek-coder-6.7b,sql_exec_branch_merge_05_safe,sql_exec_branch_merge_05,safe,clean_heldout,clean,-1,7,24281, vulnerable,226.19863891601562,0.9999999126643089,108,0.06968906486586013,0.14666240170809505,0.00350795102708728,0.07298287213809976,-0.005936641073652815,0.023257539859546962,0.25860419357657777,0.4312325305626946,16,19,3,5,11,11,5,38
deepseek-coder-6.7b,sql_exec_branch_merge_05_safe,sql_exec_branch_merge_05,safe,clean_heldout,clean,-1,7,5723, safe,68.90880584716797,0.9999997156112433,108,0.12364729732408825,0.23050587991067398,0.0009976873325747357,0.04353448019351164,-0.006087925358217064,0.03355422853152438,0.3379023603813768,0.2359457072957108,16,19,3,5,11,11,5,38
deepseek-coder-6.7b,sql_exec_branch_merge_05_safe,sql_exec_branch_merge_05,safe,clean_heldout,clean,-1,11,24281, vulnerable,226.19863891601562,1.0000001137768475,108,0.06413964984949562,0.1248376435678603,0.008809086961640442,0.06566924915243055,0.00915866503663548,0.026354813236464884,0.17461662844406667,0.5264143775282535,16,19,3,5,11,11,5,38
deepseek-coder-6.7b,sql_exec_branch_merge_05_safe,sql_exec_branch_merge_05,safe,clean_heldout,clean,-1,11,5723, safe,68.90880584716797,1.0000000136234135,108,0.11205945562336103,0.19165777502869308,-0.014026510617716533,0.06849294132455494,0.03484035569409207,0.07854542167587328,0.20685630071888722,0.3215742741756684,16,19,3,5,11,11,5,38
deepseek-coder-6.7b,sql_exec_branch_merge_05_safe,sql_exec_branch_merge_05,safe,clean_heldout,clean,-1,15,24281, vulnerable,226.19863891601562,1.0000001144191428,108,0.04005213902286073,0.06361316333545335,0.013090689589267623,0.0717322987574662,0.017541447929391538,0.023193946926973456,0.11642913232656059,0.6543472965311694,16,19,3,5,11,11,5,38
deepseek-coder-6.7b,sql_exec_branch_merge_05_safe,sql_exec_branch_merge_05,safe,clean_heldout,clean,-1,15,5723, safe,68.90880584716797,1.0000000143126933,108,0.08362227731972738,0.11914423951595293,0.030147202409982712,0.09738795568458423,0.03191236160601345,0.0549942193694112,0.13619007159877947,0.44660168680824186,16,19,3,5,11,11,5,38
deepseek-coder-6.7b,sql_exec_branch_merge_05_safe,sql_exec_branch_merge_05,safe,clean_heldout,clean,-1,19,24281, vulnerable,226.19863891601562,1.0000000282939312,108,0.024991350924013948,0.03830523368183228,0.0022859480611001474,0.06375399394893377,0.017085086120523726,0.013046742822874578,0.0650730252043388,0.775458647530314,16,19,3,5,11,11,5,38
deepseek-coder-6.7b,sql_exec_branch_merge_05_safe,sql_exec_branch_merge_05,safe,clean_heldout,clean,-1,19,5723, safe,68.90880584716797,0.9999999688202232,108,0.04794708828059305,0.08778593933894457,0.018625589258044854,0.031610377345891255,0.034792838957793476,0.040466153539572156,0.07725205058754886,0.6615199315118351,16,19,3,5,11,11,5,38
deepseek-coder-6.7b,sql_exec_branch_merge_05_safe,sql_exec_branch_merge_05,safe,clean_heldout,clean,-1,23,24281, vulnerable,226.19863891601562,1.000000007699309,108,0.02027224492792673,0.03697632290369656,0.001965343762197155,0.05956440232925771,0.015014357444792887,0.014861031248077462,0.04036090211391659,0.8109854029694439,16,19,3,5,11,11,5,38
deepseek-coder-6.7b,sql_exec_branch_merge_05_safe,sql_exec_branch_merge_05,safe,clean_heldout,clean,-1,23,5723, safe,68.90880584716797,0.9999999794026962,108,0.040642750794197435,0.09245469741438511,0.022609990510146408,0.0494184579970527,0.040752406054843524,0.03932360958663433,0.07758895717068671,0.6372091098747501,16,19,3,5,11,11,5,38
deepseek-coder-6.7b,sql_exec_branch_merge_05_safe,sql_exec_branch_merge_05,safe,clean_heldout,clean,-1,27,24281, vulnerable,226.19863891601562,1.0000000921117331,108,0.019046165618377155,0.036839918618838216,0.0027950948172573626,0.049726321545060855,0.011383761613236497,0.010139476418830333,0.009816038757749262,0.8602533147223833,16,19,3,5,11,11,5,38
deepseek-coder-6.7b,sql_exec_branch_merge_05_safe,sql_exec_branch_merge_05,safe,clean_heldout,clean,-1,27,5723, safe,68.90880584716797,1.000000060251168,108,0.04024713294830597,0.0982359641949706,0.011599588813376638,0.10517802462614931,0.042103252378483655,0.027381840415386268,0.04274025529775194,0.6325140015767436,16,19,3,5,11,11,5,38
deepseek-coder-6.7b,sql_exec_branch_merge_12_unsafe,sql_exec_branch_merge_12,unsafe,clean_heldout,clean,-1,0,24281, vulnerable,182.47509765625,1.000000495367903,108,0.07189375127721602,0.09784187168944596,-0.0008871761185126454,0.0501784989851625,-0.0014634449116421142,0.017572025734847806,0.3199520256083903,0.444912943102995,16,19,3,5,11,11,5,38
deepseek-coder-6.7b,sql_exec_branch_merge_12_unsafe,sql_exec_branch_merge_12,unsafe,clean_heldout,clean,-1,0,5723, safe,71.36058044433594,1.0000007527129005,108,0.09662614069841602,0.1499047076274085,-0.007016550617899019,0.02531439467475186,0.016068632421940735,0.03667066421762451,0.4097513643539219,0.272681399336736,16,19,3,5,11,11,5,38
deepseek-coder-6.7b,sql_exec_branch_merge_12_unsafe,sql_exec_branch_merge_12,unsafe,clean_heldout,clean,-1,3,24281, vulnerable,182.47509765625,1.0000002890811475,108,0.07163543740777624,0.09981455818394853,-0.0031879001297921436,0.05318992752774176,0.000897246962574408,0.018870490688182095,0.29861399393792193,0.460166534502795,16,19,3,5,11,11,5,38
deepseek-coder-6.7b,sql_exec_branch_merge_12_unsafe,sql_exec_branch_merge_12,unsafe,clean_heldout,clean,-1,3,5723, safe,71.36058044433594,1.0000003626855918,108,0.10042623451808674,0.15509401157380817,-0.005980054108516082,0.030054464253353924,0.017523110124402032,0.03542466756389526,0.37664281334802285,0.2908151154125389,16,19,3,5,11,11,5,38
deepseek-coder-6.7b,sql_exec_branch_merge_12_unsafe,sql_exec_branch_merge_12,unsafe,clean_heldout,clean,-1,7,24281, vulnerable,182.47509765625,1.000000247484902,108,0.07403038227442885,0.1385686540032391,0.004567823067082066,0.064575748323102,0.004146293338663462,0.02520373918278598,0.25549981292889323,0.4334077943667071,16,19,3,5,11,11,5,38
deepseek-coder-6.7b,sql_exec_branch_merge_12_unsafe,sql_exec_branch_merge_12,unsafe,clean_heldout,clean,-1,7,5723, safe,71.36058044433594,1.0000003881871264,108,0.11968184941955838,0.2164216351358544,0.010471053513683938,0.04042518716040329,0.02080110468358798,0.05657728336437072,0.3029694004838521,0.23265287442581561,16,19,3,5,11,11,5,38
deepseek-coder-6.7b,sql_exec_branch_merge_12_unsafe,sql_exec_branch_merge_12,unsafe,clean_heldout,clean,-1,11,24281, vulnerable,182.47509765625,1.000000301503879,108,0.06551428015661083,0.11425359835628435,0.010633566483735507,0.07212424145368204,0.015973819909575103,0.028043962886347255,0.16681093803021074,0.5266458942274332,16,19,3,5,11,11,5,38
deepseek-coder-6.7b,sql_exec_branch_merge_12_unsafe,sql_exec_branch_merge_12,unsafe,clean_heldout,clean,-1,11,5723, safe,71.36058044433594,1.0000005032703054,108,0.10404896712230194,0.16537412637996496,0.046276879020474324,0.05039284320021844,0.04816416840262669,0.08311955343809958,0.1739206925949596,0.32870327311166003,16,19,3,5,11,11,5,38
deepseek-coder-6.7b,sql_exec_branch_merge_12_unsafe,sql_exec_branch_merge_12,unsafe,clean_heldout,clean,-1,15,24281, vulnerable,182.47509765625,1.000000268089079,108,0.040226321142066854,0.06700728242639466,0.00233870894741965,0.07155567763265502,0.019115408994548826,0.03956057501713137,0.10738935124770793,0.6528069426811548,16,19,3,5,11,11,5,38
deepseek-coder-6.7b,sql_exec_branch_merge_12_unsafe,sql_exec_branch_merge_12,unsafe,clean_heldout,clean,-1,15,5723, safe,71.36058044433594,1.0000003681147824,108,0.06947676642290392,0.10089723559414226,0.05162009419007515,0.0622165703587283,0.03198530404434472,0.07974122780244527,0.11231023613277144,0.4917529335693713,16,19,3,5,11,11,5,38
deepseek-coder-6.7b,sql_exec_branch_merge_12_unsafe,sql_exec_branch_merge_12,unsafe,clean_heldout,clean,-1,19,24281, vulnerable,182.47509765625,1.0000002603057325,108,0.028585989527583688,0.04049160384744965,-0.0010704694491778695,0.06283296121588547,0.015297541002786528,0.013692083068586176,0.06064541014651596,0.7795251409461028,16,19,3,5,11,11,5,38
deepseek-coder-6.7b,sql_exec_branch_merge_12_unsafe,sql_exec_branch_merge_12,unsafe,clean_heldout,clean,-1,19,5723, safe,71.36058044433594,1.0000004335260881,108,0.05092371566725214,0.06867935497022083,0.0014634715220812299,-0.0017894637205248063,0.0233043152730234,0.038711613083417806,0.05729861157588695,0.7614088151547306,16,19,3,5,11,11,5,38
deepseek-coder-6.7b,sql_exec_branch_merge_12_unsafe,sql_exec_branch_merge_12,unsafe,clean_heldout,clean,-1,23,24281, vulnerable,182.47509765625,1.0000001952522666,108,0.027254249200766082,0.04017934091318104,0.002189444755039181,0.06400274049189175,0.015713354406704405,0.014926974086029025,0.03697721996101025,0.7987568714376447,16,19,3,5,11,11,5,38
deepseek-coder-6.7b,sql_exec_branch_merge_12_unsafe,sql_exec_branch_merge_12,unsafe,clean_heldout,clean,-1,23,5723, safe,71.36058044433594,1.0000004217606666,108,0.050972878319138167,0.07531810899936725,0.007316948541777544,0.01292240906864197,0.027099207510489658,0.03240986063976085,0.06645499577879596,0.7275060129026952,16,19,3,5,11,11,5,38
deepseek-coder-6.7b,sql_exec_branch_merge_12_unsafe,sql_exec_branch_merge_12,unsafe,clean_heldout,clean,-1,27,24281, vulnerable,182.47509765625,1.0000001287288967,108,0.02530304508987002,0.04179095988933815,0.004576541803488393,0.05315517474748275,0.011477361607179442,0.013170076705474374,0.0015759185262421765,0.8489510503598213,16,19,3,5,11,11,5,38
deepseek-coder-6.7b,sql_exec_branch_merge_12_unsafe,sql_exec_branch_merge_12,unsafe,clean_heldout,clean,-1,27,5723, safe,71.36058044433594,1.0000003489429532,108,0.04821451255601053,0.0820739343485336,0.0053648763871197705,0.10095661318979654,0.028243111811343424,0.032999064017149714,0.03685678608462572,0.6652914505483738,16,19,3,5,11,11,5,38
deepseek-coder-6.7b,sql_exec_branch_merge_12_safe,sql_exec_branch_merge_12,safe,clean_heldout,clean,-1,0,24281, vulnerable,191.85658264160156,1.0000006911987047,108,0.06830359018212033,0.1142255090016037,0.00027729721181791035,0.06141767810802706,-0.007629182123203654,0.009720528029586879,0.3072822998781248,0.4464029709106274,16,19,3,5,11,11,5,38
deepseek-coder-6.7b,sql_exec_branch_merge_12_safe,sql_exec_branch_merge_12,safe,clean_heldout,clean,-1,0,5723, safe,65.49299621582031,0.9999999047247552,108,0.10063597782189423,0.1368380657487496,-0.010955616334687472,0.027841487246949678,0.005249347060488376,0.042492466377638,0.41566916439323287,0.2822290124104898,16,19,3,5,11,11,5,38
deepseek-coder-6.7b,sql_exec_branch_merge_12_safe,sql_exec_branch_merge_12,safe,clean_heldout,clean,-1,3,24281, vulnerable,191.85658264160156,1.0000001813359,108,0.07006047292350544,0.11329771444149224,-0.0007277113162655897,0.06126692271434006,-0.0021919462250103647,0.008169947563145737,0.2873581332148631,0.46276664801982936,16,19,3,5,11,11,5,38
deepseek-coder-6.7b,sql_exec_branch_merge_12_safe,sql_exec_branch_merge_12,safe,clean_heldout,clean,-1,3,5723, safe,65.49299621582031,0.9999998655339231,108,0.10593561729973072,0.13975414262543656,-0.005440009662117975,0.03270202089653982,0.007541722236725851,0.03779857092302059,0.3866921238965901,0.2950156773179974,16,19,3,5,11,11,5,38
deepseek-coder-6.7b,sql_exec_branch_merge_12_safe,sql_exec_branch_merge_12,safe,clean_heldout,clean,-1,7,24281, vulnerable,191.85658264160156,1.0000000937940963,108,0.08251468061661273,0.14785411615761868,-0.0027699797942806435,0.0680209527746442,0.0002982312172353154,0.013786535365305226,0.25821779363939495,0.4320777638175659,16,19,3,5,11,11,5,38
deepseek-coder-6.7b,sql_exec_branch_merge_12_safe,sql_exec_branch_merge_12,safe,clean_heldout,clean,-1,7,5723, safe,65.49299621582031,0.9999997494118859,108,0.14074732055932965,0.216108409425722,-0.001117443359593877,0.04758666796887469,0.019182577727735788,0.03764656845611458,0.3173376976523007,0.22250795098140222,16,19,3,5,11,11,5,38
deepseek-coder-6.7b,sql_exec_branch_merge_12_safe,sql_exec_branch_merge_12,safe,clean_heldout,clean,-1,11,24281, vulnerable,191.85658264160156,1.0000001144538455,108,0.07459115388178135,0.12963676789659193,-0.0015169772678834865,0.06842192169165451,0.013231759042674669,0.01714258522566259,0.17279524891681028,0.5256976550665536,16,19,3,5,11,11,5,38
deepseek-coder-6.7b,sql_exec_branch_merge_12_safe,sql_exec_branch_merge_12,safe,clean_heldout,clean,-1,11,5723, safe,65.49299621582031,0.9999998422696992,108,0.12924235125829447,0.17989673547253804,0.01404989622841029,0.07210609999792644,0.06322148001083636,0.04653778228647817,0.1799150100039485,0.31503048701126685,16,19,3,5,11,11,5,38
deepseek-coder-6.7b,sql_exec_branch_merge_12_safe,sql_exec_branch_merge_12,safe,clean_heldout,clean,-1,15,24281, vulnerable,191.85658264160156,1.0000001386329362,108,0.049005807464195764,0.06585988405447249,0.015676256993073456,0.07804926198082032,0.029205129403274167,0.0159046843254509,0.1128028677600882,0.6334962466515609,16,19,3,5,11,11,5,38
deepseek-coder-6.7b,sql_exec_branch_merge_12_safe,sql_exec_branch_merge_12,safe,clean_heldout,clean,-1,15,5723, safe,65.49299621582031,0.9999998771375948,108,0.093378382178135,0.10820035909991746,0.049559760157440944,0.10177072993475994,0.04550416333867297,0.03407424689845962,0.10959223392888387,0.4579200016013249,16,19,3,5,11,11,5,38
deepseek-coder-6.7b,sql_exec_branch_merge_12_safe,sql_exec_branch_merge_12,safe,clean_heldout,clean,-1,19,24281, vulnerable,191.85658264160156,1.0000000851243802,108,0.03128248679541917,0.03734621422886522,0.007688556261831916,0.07861859822285745,0.017285463031741808,0.012176157914974468,0.06289628963915554,0.7527063190295346,16,19,3,5,11,11,5,38
deepseek-coder-6.7b,sql_exec_branch_merge_12_safe,sql_exec_branch_merge_12,safe,clean_heldout,clean,-1,19,5723, safe,65.49299621582031,1.0000000356357857,108,0.06120955195449041,0.07647967632525468,0.023270200082901364,0.05566055204805332,0.033978688131552796,0.0375068710572635,0.056811779611303105,0.6550827164249664,16,19,3,5,11,11,5,38
deepseek-coder-6.7b,sql_exec_branch_merge_12_safe,sql_exec_branch_merge_12,safe,clean_heldout,clean,-1,23,24281, vulnerable,191.85658264160156,1.0000001363854119,108,0.02733430168894214,0.03773811762268939,0.006196563426687613,0.07708104633016544,0.017183310202864545,0.014025601672415459,0.03761037838374755,0.7828308170578999,16,19,3,5,11,11,5,38
deepseek-coder-6.7b,sql_exec_branch_merge_12_safe,sql_exec_branch_merge_12,safe,clean_heldout,clean,-1,23,5723, safe,65.49299621582031,1.0000001870807644,108,0.057013609267958634,0.0870552489229463,0.02016476041488774,0.0773223558328532,0.03096062911627282,0.0390967662110737,0.06269493622250764,0.6256918810922643,16,19,3,5,11,11,5,38
deepseek-coder-6.7b,sql_exec_branch_merge_12_safe,sql_exec_branch_merge_12,safe,clean_heldout,clean,-1,27,24281, vulnerable,191.85658264160156,1.0000001361839599,108,0.024951005575669264,0.03844012178391828,0.0019363902924842882,0.07005538382923492,0.011288712252786623,0.012401808765891845,0.008572819992554737,0.83235389369142,16,19,3,5,11,11,5,38
deepseek-coder-6.7b,sql_exec_branch_merge_12_safe,sql_exec_branch_merge_12,safe,clean_heldout,clean,-1,27,5723, safe,65.49299621582031,1.0000002577266474,108,0.05044590047760749,0.0880322276193442,0.011165285579773093,0.1311391158601437,0.03616124422572178,0.0367084897605343,0.03144003765290418,0.6149079565506188,16,19,3,5,11,11,5,38
deepseek-coder-6.7b,sql_exec_branch_merge_13_unsafe,sql_exec_branch_merge_13,unsafe,clean_heldout,clean,-1,0,24281, vulnerable,172.38851928710938,1.0000005114457575,109,0.10240856659284778,0.08946794892375651,-0.006132336700124797,0.04522786081572776,0.0019139905098051785,0.002866745339186542,0.31565129834214367,0.44859643762241463,16,19,4,5,11,11,5,38
deepseek-coder-6.7b,sql_exec_branch_merge_13_unsafe,sql_exec_branch_merge_13,unsafe,clean_heldout,clean,-1,0,5723, safe,68.66427612304688,1.0000001108402872,109,0.1331181749694447,0.1252499364381138,-0.012592951196457564,0.03314220971727637,0.02343322383272172,0.017851681405640554,0.3998814076853529,0.27991642798819444,16,19,4,5,11,11,5,38
deepseek-coder-6.7b,sql_exec_branch_merge_13_unsafe,sql_exec_branch_merge_13,unsafe,clean_heldout,clean,-1,3,24281, vulnerable,172.38851928710938,1.0000002169953237,109,0.10714516050605508,0.09536001531787873,-0.008806176335439309,0.04851414155111871,0.001797153725160967,0.00416672183805815,0.2944982010687241,0.45732499932376725,16,19,4,5,11,11,5,38
deepseek-coder-6.7b,sql_exec_branch_merge_13_unsafe,sql_exec_branch_merge_13,unsafe,clean_heldout,clean,-1,3,5723, safe,68.66427612304688,0.999999673881074,109,0.14543661060928967,0.13283830441094335,-0.014516328084843589,0.037891354690418766,0.02385363312069568,0.021989840238006788,0.3649013341713089,0.2876049247252546,16,19,4,5,11,11,5,38
deepseek-coder-6.7b,sql_exec_branch_merge_13_unsafe,sql_exec_branch_merge_13,unsafe,clean_heldout,clean,-1,7,24281, vulnerable,172.38851928710938,1.0000001813282637,109,0.09850403023246022,0.135089455074952,-0.0035673556651672988,0.05873862728492128,-0.003273497470968309,0.015402893168545213,0.25513835279707187,0.4439676759064487,16,19,4,5,11,11,5,38
deepseek-coder-6.7b,sql_exec_branch_merge_13_unsafe,sql_exec_branch_merge_13,unsafe,clean_heldout,clean,-1,7,5723, safe,68.66427612304688,0.9999997784821868,109,0.15091856130228343,0.202847890927154,0.0019420583324694408,0.04587008734319659,0.01826309518779742,0.05077170080815739,0.287634363211064,0.24175202137006457,16,19,4,5,11,11,5,38
deepseek-coder-6.7b,sql_exec_branch_merge_13_unsafe,sql_exec_branch_merge_13,unsafe,clean_heldout,clean,-1,11,24281, vulnerable,172.38851928710938,1.0000002426354124,109,0.07379204800989546,0.09721098302970965,0.01748274257314837,0.06178096002552831,0.022102633455887172,0.026611447238501347,0.16489406886763835,0.5361253594351038,16,19,4,5,11,11,5,38
deepseek-coder-6.7b,sql_exec_branch_merge_13_unsafe,sql_exec_branch_merge_13,unsafe,clean_heldout,clean,-1,11,5723, safe,68.66427612304688,0.9999998187112974,109,0.11818924174568227,0.14267367128062264,0.05240688432371785,0.04334598762006159,0.049976185798840424,0.11001157763311607,0.16083701552688154,0.322559254782375,16,19,4,5,11,11,5,38
deepseek-coder-6.7b,sql_exec_branch_merge_13_unsafe,sql_exec_branch_merge_13,unsafe,clean_heldout,clean,-1,15,24281, vulnerable,172.38851928710938,1.0000002364063727,109,0.049528521464085595,0.06341214471588077,0.006242902062759003,0.055853119483921174,0.026909072786157916,0.04252724482943539,0.10354968022426381,0.651977550839869,16,19,4,5,11,11,5,38
deepseek-coder-6.7b,sql_exec_branch_merge_13_unsafe,sql_exec_branch_merge_13,unsafe,clean_heldout,clean,-1,15,5723, safe,68.66427612304688,0.9999998027674945,109,0.0834753883177859,0.10262161616815955,0.0662490032772631,0.06080939937909058,0.023797707278502726,0.08829185067174296,0.09991523234322104,0.47483960533172875,16,19,4,5,11,11,5,38
deepseek-coder-6.7b,sql_exec_branch_merge_13_unsafe,sql_exec_branch_merge_13,unsafe,clean_heldout,clean,-1,19,24281, vulnerable,172.38851928710938,1.0000002652069022,109,0.033978759565561,0.04251966372616911,-0.0024424699301094947,0.05237931939198118,0.023953120132424174,0.01844605745623715,0.055438159336276806,0.7757276555283623,16,19,4,5,11,11,5,38
deepseek-coder-6.7b,sql_exec_branch_merge_13_unsafe,sql_exec_branch_merge_13,unsafe,clean_heldout,clean,-1,19,5723, safe,68.66427612304688,0.9999998921572292,109,0.059523852231151114,0.0793193319800189,0.010858692740326518,-0.012190925933842623,0.02722323576468785,0.03444390486546321,0.04106113907094517,0.759760661438479,16,19,4,5,11,11,5,38
deepseek-coder-6.7b,sql_exec_branch_merge_13_unsafe,sql_exec_branch_merge_13,unsafe,clean_heldout,clean,-1,23,24281, vulnerable,172.38851928710938,1.0000002377569885,109,0.03136209580473072,0.0432879436056827,0.004009926104165492,0.06013181008779567,0.0239744206172693,0.017511814479221746,0.03451703593088745,0.7852051911272353,16,19,4,5,11,11,5,38
deepseek-coder-6.7b,sql_exec_branch_merge_13_unsafe,sql_exec_branch_merge_13,unsafe,clean_heldout,clean,-1,23,5723, safe,68.66427612304688,0.999999891411241,109,0.057346219388675304,0.08475566010825242,0.014117336525769715,0.01766762687710473,0.031824816535377255,0.03561405353477317,0.046960936107633314,0.7117132423336551,16,19,4,5,11,11,5,38
deepseek-coder-6.7b,sql_exec_branch_merge_13_unsafe,sql_exec_branch_merge_13,unsafe,clean_heldout,clean,-1,27,24281, vulnerable,172.38851928710938,1.0000002086377136,109,0.02868195837798493,0.04401641259584525,0.004534744264578071,0.04276476890688988,0.015864318818839512,0.014355843357855879,0.006456972773914777,0.8433251895418054,16,19,4,5,11,11,5,38
deepseek-coder-6.7b,sql_exec_branch_merge_13_unsafe,sql_exec_branch_merge_13,unsafe,clean_heldout,clean,-1,27,5723, safe,68.66427612304688,1.000000131036223,109,0.05600650256333665,0.0950593486618738,0.005762606492266247,0.09979522166352554,0.03224298395240456,0.03910733699846691,0.0273625046323102,0.6446636260720391,16,19,4,5,11,11,5,38
deepseek-coder-6.7b,sql_exec_branch_merge_13_safe,sql_exec_branch_merge_13,safe,clean_heldout,clean,-1,0,24281, vulnerable,213.58616638183594,1.0000002419982177,108,0.07093329948965564,0.09793180636190014,0.0014924330903904976,0.059632827826864826,0.016384062491157793,0.012474659345820186,0.2982188921696339,0.4429322612227948,16,19,3,5,11,11,5,38
deepseek-coder-6.7b,sql_exec_branch_merge_13_safe,sql_exec_branch_merge_13,safe,clean_heldout,clean,-1,0,5723, safe,63.61955261230469,1.000000980896562,108,0.1103761365309397,0.15108732148798643,-0.005669337101962967,0.008360350214312527,0.014064866905190107,0.04357305957578793,0.4054838781812053,0.2727247051031031,16,19,3,5,11,11,5,38
deepseek-coder-6.7b,sql_exec_branch_merge_13_safe,sql_exec_branch_merge_13,safe,clean_heldout,clean,-1,3,24281, vulnerable,213.58616638183594,0.9999999852313022,108,0.07535562372848584,0.10325270530633752,0.002940313379718004,0.05810595596441542,0.01760015558913814,0.009039611946280968,0.2800227808749196,0.4536828384420065,16,19,3,5,11,11,5,38
deepseek-coder-6.7b,sql_exec_branch_merge_13_safe,sql_exec_branch_merge_13,safe,clean_heldout,clean,-1,3,5723, safe,63.61955261230469,1.000000390361874,108,0.12020308403486925,0.15594980194015812,0.0060911661012723805,0.011056397276224338,0.019277377702963172,0.03946261163966639,0.37209173664175,0.27586821502497016,16,19,3,5,11,11,5,38
deepseek-coder-6.7b,sql_exec_branch_merge_13_safe,sql_exec_branch_merge_13,safe,clean_heldout,clean,-1,7,24281, vulnerable,213.58616638183594,0.9999999296143133,108,0.08358787797619241,0.13166989429874082,0.0005810580094323249,0.0666095851880732,0.009052002425950072,0.015594051681268383,0.25611918031670183,0.4367862797179542,16,19,3,5,11,11,5,38
deepseek-coder-6.7b,sql_exec_branch_merge_13_safe,sql_exec_branch_merge_13,safe,clean_heldout,clean,-1,7,5723, safe,63.61955261230469,1.0000003619623377,108,0.15326433051423555,0.22387417992491782,-0.0025980231930892578,0.02099336329561162,0.013608015568419222,0.032071141353056845,0.31105737007452683,0.247729984424659,16,19,3,5,11,11,5,38
deepseek-coder-6.7b,sql_exec_branch_merge_13_safe,sql_exec_branch_merge_13,safe,clean_heldout,clean,-1,11,24281, vulnerable,213.58616638183594,1.0000000154271194,108,0.07568782044929649,0.11062304588438535,0.01128368582328977,0.06297615586562337,0.02216769480482586,0.017715171748869964,0.17405719565790395,0.5254892451929245,16,19,3,5,11,11,5,38
deepseek-coder-6.7b,sql_exec_branch_merge_13_safe,sql_exec_branch_merge_13,safe,clean_heldout,clean,-1,11,5723, safe,63.61955261230469,1.0000006122588696,108,0.13828346186128854,0.17085551250847403,0.01093494036443087,0.04557733910882481,0.05418066020929775,0.06149935153119469,0.1787056016662945,0.3399637450090642,16,19,3,5,11,11,5,38
deepseek-coder-6.7b,sql_exec_branch_merge_13_safe,sql_exec_branch_merge_13,safe,clean_heldout,clean,-1,15,24281, vulnerable,213.58616638183594,1.0000000154968858,108,0.05106850990308024,0.05383695316090742,0.012322002305683775,0.06736086821203346,0.026338089406528032,0.014669949305377399,0.117335744343327,0.6570678988599484,16,19,3,5,11,11,5,38
deepseek-coder-6.7b,sql_exec_branch_merge_13_safe,sql_exec_branch_merge_13,safe,clean_heldout,clean,-1,15,5723, safe,63.61955261230469,1.0000006081892452,108,0.11101387116057757,0.10262490844270558,0.04168249576794677,0.08072509618357301,0.028114594398183056,0.04054317851166878,0.11621993658111139,0.4790765271434789,16,19,3,5,11,11,5,38
deepseek-coder-6.7b,sql_exec_branch_merge_13_safe,sql_exec_branch_merge_13,safe,clean_heldout,clean,-1,19,24281, vulnerable,213.58616638183594,0.9999999661894056,108,0.030969442286370972,0.03836354477052283,0.003901701921279909,0.06002026985547254,0.02266418227067755,0.012477293502457933,0.06631148077883785,0.7652920508037859,16,19,3,5,11,11,5,38
deepseek-coder-6.7b,sql_exec_branch_merge_13_safe,sql_exec_branch_merge_13,safe,clean_heldout,clean,-1,19,5723, safe,63.61955261230469,1.0000006615628068,108,0.06431358376120501,0.09119236012777017,0.022183224699840815,0.007610087077208408,0.030826040420631643,0.03472263823801862,0.055714886310189234,0.6934378409279427,16,19,3,5,11,11,5,38
deepseek-coder-6.7b,sql_exec_branch_merge_13_safe,sql_exec_branch_merge_13,safe,clean_heldout,clean,-1,23,24281, vulnerable,213.58616638183594,1.0000000488714396,108,0.028257038828624244,0.03883959359687981,0.003625845563391194,0.05816359217047507,0.02066299721563984,0.012082100100753777,0.041552296300625166,0.7968165850950504,16,19,3,5,11,11,5,38
deepseek-coder-6.7b,sql_exec_branch_merge_13_safe,sql_exec_branch_merge_13,safe,clean_heldout,clean,-1,23,5723, safe,63.61955261230469,1.000000580448461,108,0.059991661020143985,0.10265647727943966,0.0276785614439804,0.033934044041805105,0.03319182538077985,0.036162884622614536,0.0585977631765379,0.6477873634831596,16,19,3,5,11,11,5,38
deepseek-coder-6.7b,sql_exec_branch_merge_13_safe,sql_exec_branch_merge_13,safe,clean_heldout,clean,-1,27,24281, vulnerable,213.58616638183594,0.9999999434629653,108,0.025458932011049026,0.03919202091345543,0.004085405929991627,0.05052729879106628,0.014648533533599602,0.010492549483392285,0.011497755609103974,0.8440974471913071,16,19,3,5,11,11,5,38
deepseek-coder-6.7b,sql_exec_branch_merge_13_safe,sql_exec_branch_merge_13,safe,clean_heldout,clean,-1,27,5723, safe,63.61955261230469,1.0000006202810066,108,0.05795571301777294,0.10918669262917222,0.019083507477806603,0.10296527032719685,0.036474230905797905,0.036795569492639,0.03284663294010655,0.6046930034905147,16,19,3,5,11,11,5,38
deepseek-coder-6.7b,sql_exec_branch_merge_14_unsafe,sql_exec_branch_merge_14,unsafe,clean_heldout,clean,-1,0,24281, vulnerable,228.45712280273438,1.0000002146072096,108,0.057782981948308484,0.07330883933670027,0.004510594338020297,0.050037102754120544,0.023110183826770415,0.02237440681647615,0.3126523694555116,0.45622373613130174,16,19,3,5,11,11,5,38
deepseek-coder-6.7b,sql_exec_branch_merge_14_unsafe,sql_exec_branch_merge_14,unsafe,clean_heldout,clean,-1,0,5723, safe,91.20246887207031,1.0000003733716134,108,0.06780539451971825,0.12379129333297223,0.006163071560392719,0.037969280414694884,0.020993534438644535,0.04849281215524843,0.3648775668777381,0.3299074200722044,16,19,3,5,11,11,5,38
deepseek-coder-6.7b,sql_exec_branch_merge_14_unsafe,sql_exec_branch_merge_14,unsafe,clean_heldout,clean,-1,3,24281, vulnerable,228.45712280273438,0.9999999649088431,108,0.05944447453543754,0.0778667382173528,0.0042976503058450265,0.05130877783899136,0.01906298223793968,0.019138939321599425,0.2965152033248313,0.47236519912684594,16,19,3,5,11,11,5,38
deepseek-coder-6.7b,sql_exec_branch_merge_14_unsafe,sql_exec_branch_merge_14,unsafe,clean_heldout,clean,-1,3,5723, safe,91.20246887207031,1.0000001694409775,108,0.07513311445764849,0.12068777868991908,0.009594338624047816,0.04450959946031024,0.016060533098334436,0.04307455738932763,0.349047142939153,0.3418931047822367,16,19,3,5,11,11,5,38
deepseek-coder-6.7b,sql_exec_branch_merge_14_unsafe,sql_exec_branch_merge_14,unsafe,clean_heldout,clean,-1,7,24281, vulnerable,228.45712280273438,0.9999999616557365,108,0.07596569208145552,0.0916160111745673,0.006627776627309636,0.06012766899633961,0.03257159023346221,0.031104471607906255,0.2599391412475824,0.44204760968711354,16,19,3,5,11,11,5,38
deepseek-coder-6.7b,sql_exec_branch_merge_14_unsafe,sql_exec_branch_merge_14,unsafe,clean_heldout,clean,-1,7,5723, safe,91.20246887207031,1.000000109253843,108,0.09684634888169026,0.159431195575554,0.021812636080517214,0.05891520117277853,0.024622283108229063,0.058294866939892526,0.274400846083328,0.30567673141185353,16,19,3,5,11,11,5,38
deepseek-coder-6.7b,sql_exec_branch_merge_14_unsafe,sql_exec_branch_merge_14,unsafe,clean_heldout,clean,-1,11,24281, vulnerable,228.45712280273438,1.0000000356618772,108,0.06871763040372715,0.07724556569657635,0.025110267398643256,0.06197425254802812,0.03770172546761103,0.04073729127132892,0.1835911681257408,0.5049221347502217,16,19,3,5,11,11,5,38
deepseek-coder-6.7b,sql_exec_branch_merge_14_unsafe,sql_exec_branch_merge_14,unsafe,clean_heldout,clean,-1,11,5723, safe,91.20246887207031,1.0000001269301122,108,0.08436272537820999,0.11798769814348062,0.03637727103234123,0.07517244359461908,0.05090751629727907,0.06860911104745324,0.16850696210460187,0.3980763993321272,16,19,3,5,11,11,5,38
deepseek-coder-6.7b,sql_exec_branch_merge_14_unsafe,sql_exec_branch_merge_14,unsafe,clean_heldout,clean,-1,15,24281, vulnerable,228.45712280273438,1.0000001090055748,108,0.05758032270697131,0.048940879293191304,0.012231115067535986,0.06596997430097956,0.027715225018680074,0.04040293258665571,0.12515747580585534,0.6220021842257055,16,19,3,5,11,11,5,38
deepseek-coder-6.7b,sql_exec_branch_merge_14_unsafe,sql_exec_branch_merge_14,unsafe,clean_heldout,clean,-1,15,5723, safe,91.20246887207031,1.0000001865964554,108,0.07285137182911873,0.06058722902359215,0.05505622186632357,0.08875397196691677,0.04001662190971354,0.05818847994049525,0.10743718062709082,0.5171091094332045,16,19,3,5,11,11,5,38
deepseek-coder-6.7b,sql_exec_branch_merge_14_unsafe,sql_exec_branch_merge_14,unsafe,clean_heldout,clean,-1,19,24281, vulnerable,228.45712280273438,1.000000056542094,108,0.03804868817181328,0.034217930313951504,0.005607467390969851,0.06587282241134983,0.02395167284913886,0.024189272495553162,0.07946159398588354,0.7286506089234339,16,19,3,5,11,11,5,38
deepseek-coder-6.7b,sql_exec_branch_merge_14_unsafe,sql_exec_branch_merge_14,unsafe,clean_heldout,clean,-1,19,5723, safe,91.20246887207031,1.0000001804797105,108,0.05370390546967084,0.045547031678527486,0.011028880204390296,0.020963641304592193,0.04714746203136593,0.037421131959496964,0.05724340378742757,0.7269447240442393,16,19,3,5,11,11,5,38
deepseek-coder-6.7b,sql_exec_branch_merge_14_unsafe,sql_exec_branch_merge_14,unsafe,clean_heldout,clean,-1,23,24281, vulnerable,228.45712280273438,1.000000078963256,108,0.03246333466693296,0.032689227042460405,0.005947774646362958,0.06538212658972489,0.02349112378815547,0.02394819507416504,0.051466867413965015,0.7646114297414892,16,19,3,5,11,11,5,38
deepseek-coder-6.7b,sql_exec_branch_merge_14_unsafe,sql_exec_branch_merge_14,unsafe,clean_heldout,clean,-1,23,5723, safe,91.20246887207031,1.0000002961566463,108,0.05539695988072911,0.04699437437001818,0.013062067695031574,0.035416791874423315,0.04570493857907628,0.038492187586594326,0.06295218898406318,0.7019807871867103,16,19,3,5,11,11,5,38
deepseek-coder-6.7b,sql_exec_branch_merge_14_unsafe,sql_exec_branch_merge_14,unsafe,clean_heldout,clean,-1,27,24281, vulnerable,228.45712280273438,1.0000001593777725,108,0.03027062958781523,0.029655413399557344,0.004340062795523373,0.056347097517904225,0.015286735239086732,0.016718536050260486,0.013418041649595407,0.8339636431380298,16,19,3,5,11,11,5,38
deepseek-coder-6.7b,sql_exec_branch_merge_14_unsafe,sql_exec_branch_merge_14,unsafe,clean_heldout,clean,-1,27,5723, safe,91.20246887207031,1.0000003685670587,108,0.05779040505174379,0.052733750428282405,0.010545143154521278,0.08279192829478237,0.03912718284991789,0.027369687530193643,0.043975898266043256,0.685666372991574,16,19,3,5,11,11,5,38
deepseek-coder-6.7b,sql_exec_branch_merge_14_safe,sql_exec_branch_merge_14,safe,clean_heldout,clean,-1,0,24281, vulnerable,217.9452362060547,1.0000002208900152,108,0.049412204102716406,0.07638778497343737,0.0033189668810331557,0.049801442537991514,0.03771167997323388,0.028613671498712672,0.2990009683003281,0.45575350262256215,16,19,3,5,11,11,5,38
deepseek-coder-6.7b,sql_exec_branch_merge_14_safe,sql_exec_branch_merge_14,safe,clean_heldout,clean,-1,0,5723, safe,67.16365814208984,1.000000941685565,108,0.05134930780155326,0.12509332910838758,0.0029879309137393114,0.015453019881095388,0.06644160538354335,0.05383093490064776,0.3817707472503131,0.30307406644628526,16,19,3,5,11,11,5,38
deepseek-coder-6.7b,sql_exec_branch_merge_14_safe,sql_exec_branch_merge_14,safe,clean_heldout,clean,-1,3,24281, vulnerable,217.9452362060547,0.9999997821012216,108,0.052903780531744375,0.08285161609886049,0.001520743127933898,0.05065617158871095,0.03653209009845022,0.024951042280949326,0.281403153646736,0.4691811847278363,16,19,3,5,11,11,5,38
deepseek-coder-6.7b,sql_exec_branch_merge_14_safe,sql_exec_branch_merge_14,safe,clean_heldout,clean,-1,3,5723, safe,67.16365814208984,1.000000418268077,108,0.05665727407733201,0.13584366703970785,0.005315658503600222,0.024116911457490252,0.05850638948999094,0.04705076666247789,0.3578715720321415,0.3146381790053365,16,19,3,5,11,11,5,38
deepseek-coder-6.7b,sql_exec_branch_merge_14_safe,sql_exec_branch_merge_14,safe,clean_heldout,clean,-1,7,24281, vulnerable,217.9452362060547,0.999999754759181,108,0.0800330410795516,0.09263147089713598,-0.002875138212504583,0.05780378700249712,0.04351933662639378,0.027955011864217234,0.2591623697364866,0.4417698757654033,16,19,3,5,11,11,5,38
deepseek-coder-6.7b,sql_exec_branch_merge_14_safe,sql_exec_branch_merge_14,safe,clean_heldout,clean,-1,7,5723, safe,67.16365814208984,1.000000373437793,108,0.09663844635634536,0.17195770879602953,-0.0076773811628342865,0.03280672822223832,0.0760914787838191,0.03962281659737428,0.32015725526331107,0.2704033205815095,16,19,3,5,11,11,5,38
deepseek-coder-6.7b,sql_exec_branch_merge_14_safe,sql_exec_branch_merge_14,safe,clean_heldout,clean,-1,11,24281, vulnerable,217.9452362060547,0.9999998603306093,108,0.08947000252183344,0.07544100565806922,0.003620240418728579,0.05441358147631083,0.04992885151585066,0.03393827500257469,0.17778916310783835,0.5153987406294034,16,19,3,5,11,11,5,38
deepseek-coder-6.7b,sql_exec_branch_merge_14_safe,sql_exec_branch_merge_14,safe,clean_heldout,clean,-1,11,5723, safe,67.16365814208984,1.0000006050701724,108,0.12906042513297608,0.12460798020686241,0.0027500465469526957,0.04523315009186922,0.11279310751172414,0.057133797729041175,0.19403527025453593,0.3343868275962105,16,19,3,5,11,11,5,38
deepseek-coder-6.7b,sql_exec_branch_merge_14_safe,sql_exec_branch_merge_14,safe,clean_heldout,clean,-1,15,24281, vulnerable,217.9452362060547,0.9999998821452717,108,0.07611668452808545,0.04769940772122849,0.011023014584110322,0.06560788473808744,0.04287631049425809,0.033090055652220424,0.11682069205437463,0.6067658323729069,16,19,3,5,11,11,5,38
deepseek-coder-6.7b,sql_exec_branch_merge_14_safe,sql_exec_branch_merge_14,safe,clean_heldout,clean,-1,15,5723, safe,67.16365814208984,1.0000004733456795,108,0.11630193296537725,0.06931583944434032,0.029265350199925596,0.07184737267522598,0.08809272213989609,0.05767491259911084,0.12198077384552908,0.4455215694762745,16,19,3,5,11,11,5,38
deepseek-coder-6.7b,sql_exec_branch_merge_14_safe,sql_exec_branch_merge_14,safe,clean_heldout,clean,-1,19,24281, vulnerable,217.9452362060547,0.9999998107572697,108,0.041216369309053306,0.03197569216489792,0.003943981494677615,0.06705267513429096,0.025357756470026374,0.023754765714981876,0.06942196321297367,0.737276607256368,16,19,3,5,11,11,5,38
deepseek-coder-6.7b,sql_exec_branch_merge_14_safe,sql_exec_branch_merge_14,safe,clean_heldout,clean,-1,19,5723, safe,67.16365814208984,1.000000458564027,108,0.07098003660436386,0.055168042042592104,0.004916970153685703,0.028976651489431487,0.07156456105602388,0.04840705276298984,0.06621503609452163,0.6537721083604184,16,19,3,5,11,11,5,38
deepseek-coder-6.7b,sql_exec_branch_merge_14_safe,sql_exec_branch_merge_14,safe,clean_heldout,clean,-1,23,24281, vulnerable,217.9452362060547,0.9999998675394899,108,0.03396559610450248,0.030485918251244457,0.002887361123803223,0.0716734042892452,0.025766523878201133,0.02348997189920469,0.04580224452200037,0.7659288474712884,16,19,3,5,11,11,5,38
deepseek-coder-6.7b,sql_exec_branch_merge_14_safe,sql_exec_branch_merge_14,safe,clean_heldout,clean,-1,23,5723, safe,67.16365814208984,1.0000003047710537,108,0.07200825314577973,0.05913082371044973,0.01854204161590431,0.05106680623652845,0.06825472505926417,0.0506060063251496,0.07015839941314454,0.6102332492648331,16,19,3,5,11,11,5,38
deepseek-coder-6.7b,sql_exec_branch_merge_14_safe,sql_exec_branch_merge_14,safe,clean_heldout,clean,-1,27,24281, vulnerable,217.9452362060547,0.999999860608367,108,0.031740014235836556,0.02721978287589929,0.0015161766204320037,0.06525482773005446,0.015659287059909172,0.016019862584270638,0.014437663266419976,0.8281522462355448,16,19,3,5,11,11,5,38
deepseek-coder-6.7b,sql_exec_branch_merge_14_safe,sql_exec_branch_merge_14,safe,clean_heldout,clean,-1,27,5723, safe,67.16365814208984,1.0000002952309253,108,0.07466025150707407,0.06578437613926884,0.012705484384717618,0.12440108592842579,0.05533309336582125,0.03489378929146308,0.044605302030707325,0.5876169125834472,16,19,3,5,11,11,5,38
deepseek-coder-6.7b,sql_exec_branch_merge_15_unsafe,sql_exec_branch_merge_15,unsafe,clean_heldout,clean,-1,0,24281, vulnerable,218.8907012939453,1.0000003449698986,108,0.055912881562523886,0.08466758158926892,0.0029255429427398677,0.057398166320294056,0.017276215125820477,0.032612961650014614,0.3080941601670863,0.44111283561215053,16,19,3,5,11,11,5,38
deepseek-coder-6.7b,sql_exec_branch_merge_15_unsafe,sql_exec_branch_merge_15,unsafe,clean_heldout,clean,-1,0,5723, safe,80.57911682128906,0.9999999829521488,108,0.06786664255025926,0.16358986755633612,0.0003165902249553953,0.03859845485373709,0.024807594266126547,0.03529396892235236,0.35968558073603163,0.30984128384235043,16,19,3,5,11,11,5,38
deepseek-coder-6.7b,sql_exec_branch_merge_15_unsafe,sql_exec_branch_merge_15,unsafe,clean_heldout,clean,-1,3,24281, vulnerable,218.8907012939453,1.0000000266346596,108,0.05840187340172164,0.08892423485630031,0.002852002894650856,0.05751284233221294,0.014415240316302463,0.024183021362213376,0.2948252465653457,0.45888556490591237,16,19,3,5,11,11,5,38
deepseek-coder-6.7b,sql_exec_branch_merge_15_unsafe,sql_exec_branch_merge_15,unsafe,clean_heldout,clean,-1,3,5723, safe,80.57911682128906,0.9999996332689355,108,0.07537112376531376,0.16207157689717228,0.006132651385207599,0.046653568314885166,0.022964762229510004,0.018824601586626164,0.34126179576865523,0.32671955332156516,16,19,3,5,11,11,5,38
deepseek-coder-6.7b,sql_exec_branch_merge_15_unsafe,sql_exec_branch_merge_15,unsafe,clean_heldout,clean,-1,7,24281, vulnerable,218.8907012939453,0.9999999734334162,108,0.075518928923971,0.10776292446390447,0.009389973232962916,0.06545473510829844,0.013422556886497253,0.038516964953814146,0.26066251218785685,0.4292713776761112,16,19,3,5,11,11,5,38
deepseek-coder-6.7b,sql_exec_branch_merge_15_unsafe,sql_exec_branch_merge_15,unsafe,clean_heldout,clean,-1,7,5723, safe,80.57911682128906,0.9999997030899994,108,0.09967384828598537,0.19982917835295677,0.01776354348653423,0.05794109343757888,0.023557250302207292,0.03323324618379927,0.2790051226737098,0.2889964203672277,16,19,3,5,11,11,5,38
deepseek-coder-6.7b,sql_exec_branch_merge_15_unsafe,sql_exec_branch_merge_15,unsafe,clean_heldout,clean,-1,11,24281, vulnerable,218.8907012939453,1.000000035152645,108,0.06947121706344311,0.08226329388591819,0.01771953312203024,0.06436025040151003,0.013715945626786397,0.0597500575128927,0.18646292579990578,0.5062568117401585,16,19,3,5,11,11,5,38
deepseek-coder-6.7b,sql_exec_branch_merge_15_unsafe,sql_exec_branch_merge_15,unsafe,clean_heldout,clean,-1,11,5723, safe,80.57911682128906,0.9999998079082795,108,0.09530628967236325,0.13587432621565992,0.029637699618128427,0.07219965788304611,0.04106362278022117,0.07583471477993504,0.17071111964012115,0.37937237731880435,16,19,3,5,11,11,5,38
deepseek-coder-6.7b,sql_exec_branch_merge_15_unsafe,sql_exec_branch_merge_15,unsafe,clean_heldout,clean,-1,15,24281, vulnerable,218.8907012939453,1.000000084073622,108,0.057187874705581385,0.047956157046488035,0.011406112127429058,0.06166527841397494,0.016340238724336098,0.05104647069015615,0.12958294285776428,0.6248150095078921,16,19,3,5,11,11,5,38
deepseek-coder-6.7b,sql_exec_branch_merge_15_unsafe,sql_exec_branch_merge_15,unsafe,clean_heldout,clean,-1,15,5723, safe,80.57911682128906,0.9999998129821823,108,0.08099860525886361,0.05682226297815639,0.04938835525569546,0.08000346193015383,0.03115395800005505,0.06333906070370432,0.10828132636697657,0.530012782488577,16,19,3,5,11,11,5,38
deepseek-coder-6.7b,sql_exec_branch_merge_15_unsafe,sql_exec_branch_merge_15,unsafe,clean_heldout,clean,-1,19,24281, vulnerable,218.8907012939453,1.0000000920852936,108,0.03924152780447999,0.03412063897875978,0.002816982010398271,0.05607551152183364,0.017756146844021263,0.027366536538435866,0.08075504318868633,0.7418677051986785,16,19,3,5,11,11,5,38
deepseek-coder-6.7b,sql_exec_branch_merge_15_unsafe,sql_exec_branch_merge_15,unsafe,clean_heldout,clean,-1,19,5723, safe,80.57911682128906,0.9999998834158131,108,0.06049946180504558,0.04798773699104975,0.009077273311450107,0.008382119588040134,0.038675263803078036,0.04360809058405031,0.0612444567072799,0.7305254806258193,16,19,3,5,11,11,5,38
deepseek-coder-6.7b,sql_exec_branch_merge_15_unsafe,sql_exec_branch_merge_15,unsafe,clean_heldout,clean,-1,23,24281, vulnerable,218.8907012939453,1.0000000110452998,108,0.03277953908286774,0.03151722092756318,0.0035752691351988407,0.052498976721226095,0.016747913606395902,0.02569385673616714,0.053572806649445304,0.7836144281864356,16,19,3,5,11,11,5,38
deepseek-coder-6.7b,sql_exec_branch_merge_15_unsafe,sql_exec_branch_merge_15,unsafe,clean_heldout,clean,-1,23,5723, safe,80.57911682128906,0.999999841056237,108,0.06257238441359535,0.05149689380743915,0.013255169390416245,0.032449509652407116,0.035711030768459016,0.04538247747428649,0.0636324455553461,0.6954999299942876,16,19,3,5,11,11,5,38
deepseek-coder-6.7b,sql_exec_branch_merge_15_unsafe,sql_exec_branch_merge_15,unsafe,clean_heldout,clean,-1,27,24281, vulnerable,218.8907012939453,0.9999999968025645,108,0.03204600040723057,0.02637334253369404,0.004894230514773875,0.048982385596176944,0.013715974507947629,0.013227391597026676,0.015598154815972771,0.8451625168297419,16,19,3,5,11,11,5,38
deepseek-coder-6.7b,sql_exec_branch_merge_15_unsafe,sql_exec_branch_merge_15,unsafe,clean_heldout,clean,-1,27,5723, safe,80.57911682128906,0.9999998153168711,108,0.06926820249197664,0.05279533051100053,0.010746731127989182,0.09055699492627395,0.0327707864067977,0.035343329756296706,0.04336337305976396,0.6651550670367724,16,19,3,5,11,11,5,38
deepseek-coder-6.7b,sql_exec_branch_merge_15_safe,sql_exec_branch_merge_15,safe,clean_heldout,clean,-1,0,24281, vulnerable,199.19863891601562,1.0000001108384293,108,0.061487154158860885,0.0882638909458957,0.0008122182506293527,0.056252943807344365,0.013281870394112364,0.030745016693292493,0.3006723696429373,0.44848464694535717,16,19,3,5,11,11,5,38
deepseek-coder-6.7b,sql_exec_branch_merge_15_safe,sql_exec_branch_merge_15,safe,clean_heldout,clean,-1,0,5723, safe,61.48464584350586,1.0000009553211644,108,0.08067252128733234,0.17733666723625455,-0.004247700497045787,0.011595872332131725,0.02902638513316013,0.04794498551499424,0.37919639958844337,0.2784758247258938,16,19,3,5,11,11,5,38
deepseek-coder-6.7b,sql_exec_branch_merge_15_safe,sql_exec_branch_merge_15,safe,clean_heldout,clean,-1,3,24281, vulnerable,199.19863891601562,0.9999999716112986,108,0.06598637375712575,0.09354484218615733,-0.0012539653697137164,0.05696836930325075,0.01310468621376367,0.0246328282265177,0.28524327734067456,0.46177355995352254,16,19,3,5,11,11,5,38
deepseek-coder-6.7b,sql_exec_branch_merge_15_safe,sql_exec_branch_merge_15,safe,clean_heldout,clean,-1,3,5723, safe,61.48464584350586,1.0000006643578663,108,0.09009256986437487,0.1828194928921519,-0.001055490092773649,0.019875139081213845,0.027833385837215396,0.03684518305184798,0.3529294240955871,0.2906609596282486,16,19,3,5,11,11,5,38
deepseek-coder-6.7b,sql_exec_branch_merge_15_safe,sql_exec_branch_merge_15,safe,clean_heldout,clean,-1,7,24281, vulnerable,199.19863891601562,1.000000063846526,108,0.09154367138494593,0.10770160222736563,-0.003980969660444429,0.061811473976826854,0.009211431693505632,0.03750934745307038,0.2543192549615533,0.4418842518097028,16,19,3,5,11,11,5,38
deepseek-coder-6.7b,sql_exec_branch_merge_15_safe,sql_exec_branch_merge_15,safe,clean_heldout,clean,-1,7,5723, safe,61.48464584350586,1.0000007254012362,108,0.11647785849575931,0.2113883601798588,-0.0021220148879678665,0.023281898481137132,0.03632527082408762,0.0367703266731617,0.30911152840602435,0.26876749722917503,16,19,3,5,11,11,5,38
deepseek-coder-6.7b,sql_exec_branch_merge_15_safe,sql_exec_branch_merge_15,safe,clean_heldout,clean,-1,11,24281, vulnerable,199.19863891601562,1.0000000957230355,108,0.0824399325480027,0.0808730430207943,0.004693810438026659,0.05100613549271059,0.01909720336291512,0.054170798181473315,0.1761372965294176,0.5315818761496953,16,19,3,5,11,11,5,38
deepseek-coder-6.7b,sql_exec_branch_merge_15_safe,sql_exec_branch_merge_15,safe,clean_heldout,clean,-1,11,5723, safe,61.48464584350586,1.0000008982009292,108,0.12360937362729667,0.14496249602114775,0.02990839069591622,0.03245926824769412,0.07536595062160892,0.06502536917857077,0.1859233353692256,0.34274671443946925,16,19,3,5,11,11,5,38
deepseek-coder-6.7b,sql_exec_branch_merge_15_safe,sql_exec_branch_merge_15,safe,clean_heldout,clean,-1,15,24281, vulnerable,199.19863891601562,1.0000001797016018,108,0.06785016686356521,0.050141214721373534,0.006956259363977614,0.0606024558133626,0.03238888520453333,0.04329066629735432,0.11923047108812188,0.6195400603493132,16,19,3,5,11,11,5,38
deepseek-coder-6.7b,sql_exec_branch_merge_15_safe,sql_exec_branch_merge_15,safe,clean_heldout,clean,-1,15,5723, safe,61.48464584350586,1.0000009091675297,108,0.10816294968936498,0.0705816343404957,0.0380745411421208,0.06933577360688296,0.06105807271869428,0.04843843648708843,0.11863326050198689,0.4857162406808955,16,19,3,5,11,11,5,38
deepseek-coder-6.7b,sql_exec_branch_merge_15_safe,sql_exec_branch_merge_15,safe,clean_heldout,clean,-1,19,24281, vulnerable,199.19863891601562,1.0000001444868951,108,0.04110387658939505,0.032476235144087096,0.006995329248780246,0.06142763509578403,0.02131987272393202,0.02869549471596546,0.07009201494301527,0.7378896860259361,16,19,3,5,11,11,5,38
deepseek-coder-6.7b,sql_exec_branch_merge_15_safe,sql_exec_branch_merge_15,safe,clean_heldout,clean,-1,19,5723, safe,61.48464584350586,1.000000831022928,108,0.07045196989197475,0.05819262224737796,0.028853182038827835,0.007178928107634333,0.05154836176177334,0.04493826640202278,0.06900085726485158,0.6698366433084654,16,19,3,5,11,11,5,38
deepseek-coder-6.7b,sql_exec_branch_merge_15_safe,sql_exec_branch_merge_15,safe,clean_heldout,clean,-1,23,24281, vulnerable,199.19863891601562,1.0000001062051613,108,0.034817070136874545,0.030714421022862003,0.005857750373343067,0.0687018753687135,0.019343026514057848,0.027154966856431272,0.0455014630658468,0.7679095328670325,16,19,3,5,11,11,5,38
deepseek-coder-6.7b,sql_exec_branch_merge_15_safe,sql_exec_branch_merge_15,safe,clean_heldout,clean,-1,23,5723, safe,61.48464584350586,1.000000644696751,108,0.07531850211009124,0.06579759676856489,0.027804534801782573,0.04408334534319475,0.04665442143413249,0.05570760372084184,0.07443778415346333,0.6101968563646801,16,19,3,5,11,11,5,38
deepseek-coder-6.7b,sql_exec_branch_merge_15_safe,sql_exec_branch_merge_15,safe,clean_heldout,clean,-1,27,24281, vulnerable,199.19863891601562,1.0000000841422032,108,0.03426970936243291,0.025577250359146774,0.0020410872602785344,0.06155609460532052,0.014881737269146043,0.013171506867663574,0.013775001913585487,0.8347276965046295,16,19,3,5,11,11,5,38
deepseek-coder-6.7b,sql_exec_branch_merge_15_safe,sql_exec_branch_merge_15,safe,clean_heldout,clean,-1,27,5723, safe,61.48464584350586,1.0000004447077655,108,0.08416045770548702,0.06609047726772584,0.02108659701365835,0.12808685203207554,0.04506277885071819,0.044248551513722215,0.0463054027710056,0.5649593275533729,16,19,3,5,11,11,5,38
deepseek-coder-6.7b,sql_exec_branch_merge_18_unsafe,sql_exec_branch_merge_18,unsafe,clean_heldout,clean,-1,0,24281, vulnerable,223.9583740234375,1.0000006515396398,108,0.06105724746003326,0.07992851001108847,0.005314304051625921,0.05619068810409464,0.02851537679299717,0.02015506258986112,0.30759458276139146,0.44124487976854776,16,19,3,5,11,11,5,38
deepseek-coder-6.7b,sql_exec_branch_merge_18_unsafe,sql_exec_branch_merge_18,unsafe,clean_heldout,clean,-1,0,5723, safe,85.34983825683594,1.0000005960803129,108,0.08689071616839258,0.14860268413688374,0.01259222983390381,0.03308161370034024,0.04719008692723299,0.009203007656319475,0.3680866959085629,0.29435356174867694,16,19,3,5,11,11,5,38
deepseek-coder-6.7b,sql_exec_branch_merge_18_unsafe,sql_exec_branch_merge_18,unsafe,clean_heldout,clean,-1,3,24281, vulnerable,223.9583740234375,1.0000002088047357,108,0.06329313104103154,0.08482513590995626,0.005901989845916819,0.05706229872028548,0.02181109271656144,0.016868954354874496,0.29159708822021163,0.4586405179958981,16,19,3,5,11,11,5,38
deepseek-coder-6.7b,sql_exec_branch_merge_18_unsafe,sql_exec_branch_merge_18,unsafe,clean_heldout,clean,-1,3,5723, safe,85.34983825683594,1.0000003764579932,108,0.09523301879272994,0.14916997425176426,0.017762149015341414,0.04292389820545976,0.03633036875074529,0.007519603547393604,0.3472606811223035,0.3038006827722556,16,19,3,5,11,11,5,38
deepseek-coder-6.7b,sql_exec_branch_merge_18_unsafe,sql_exec_branch_merge_18,unsafe,clean_heldout,clean,-1,7,24281, vulnerable,223.9583740234375,1.0000002259791874,108,0.08018893326365135,0.10421215705359281,0.0090768484879085,0.06698077989829865,0.02455250451433676,0.02701855950386492,0.2648350421655197,0.4231354010920147,16,19,3,5,11,11,5,38
deepseek-coder-6.7b,sql_exec_branch_merge_18_unsafe,sql_exec_branch_merge_18,unsafe,clean_heldout,clean,-1,7,5723, safe,85.34983825683594,1.0000003899559218,108,0.11182168294711556,0.18568541491322643,0.02728339896067404,0.0556613329722251,0.03809344592739344,0.028042080581146208,0.2883196314484261,0.2650934022057149,16,19,3,5,11,11,5,38
deepseek-coder-6.7b,sql_exec_branch_merge_18_unsafe,sql_exec_branch_merge_18,unsafe,clean_heldout,clean,-1,11,24281, vulnerable,223.9583740234375,1.0000003019085602,108,0.07339586339420688,0.08555912160401402,0.012539682594009225,0.07540199116345092,0.019750979882616725,0.038192825663907526,0.1853538363607844,0.5098060012455705,16,19,3,5,11,11,5,38
deepseek-coder-6.7b,sql_exec_branch_merge_18_unsafe,sql_exec_branch_merge_18,unsafe,clean_heldout,clean,-1,11,5723, safe,85.34983825683594,1.0000004424745397,108,0.09475323292295128,0.1359338460397948,0.0223191717564218,0.07676642634773265,0.06309547721615923,0.05281338307922902,0.1722060113731381,0.3821128937391129,16,19,3,5,11,11,5,38
deepseek-coder-6.7b,sql_exec_branch_merge_18_unsafe,sql_exec_branch_merge_18,unsafe,clean_heldout,clean,-1,15,24281, vulnerable,223.9583740234375,1.0000003149952428,108,0.05943841573982458,0.04617836440899958,0.009511675725545494,0.07424533914482165,0.017112052436608297,0.037943549137702,0.12589135672764457,0.6296795616740966,16,19,3,5,11,11,5,38
deepseek-coder-6.7b,sql_exec_branch_merge_18_unsafe,sql_exec_branch_merge_18,unsafe,clean_heldout,clean,-1,15,5723, safe,85.34983825683594,1.0000005221636041,108,0.08794332786417838,0.06274211327322099,0.040101895237711294,0.0963816279205619,0.034048377751695016,0.046713346537147794,0.1062611818106487,0.52580865176844,16,19,3,5,11,11,5,38
deepseek-coder-6.7b,sql_exec_branch_merge_18_unsafe,sql_exec_branch_merge_18,unsafe,clean_heldout,clean,-1,19,24281, vulnerable,223.9583740234375,1.000000275743512,108,0.03848854681811941,0.030606517032610258,0.004754984812340945,0.06669936188096395,0.0170391908782016,0.019952488878143913,0.07721958261128758,0.7452396028318444,16,19,3,5,11,11,5,38
deepseek-coder-6.7b,sql_exec_branch_merge_18_unsafe,sql_exec_branch_merge_18,unsafe,clean_heldout,clean,-1,19,5723, safe,85.34983825683594,1.00000070554775,108,0.06606786042119864,0.047940005260334616,0.007027215697191662,0.022475719270409943,0.04009191528175426,0.027336875506043343,0.053398161097339636,0.735662953013478,16,19,3,5,11,11,5,38
deepseek-coder-6.7b,sql_exec_branch_merge_18_unsafe,sql_exec_branch_merge_18,unsafe,clean_heldout,clean,-1,23,24281, vulnerable,223.9583740234375,1.0000002864848214,108,0.030895575680642773,0.028509290895115807,0.005670003659255671,0.06398524031157629,0.01834385882371212,0.019093644343639325,0.048478856105831296,0.7850238166650483,16,19,3,5,11,11,5,38
deepseek-coder-6.7b,sql_exec_branch_merge_18_unsafe,sql_exec_branch_merge_18,unsafe,clean_heldout,clean,-1,23,5723, safe,85.34983825683594,1.0000006850171497,108,0.06286939087816798,0.04894534059751518,0.010021465939426516,0.041248302315431765,0.03551010933983354,0.029058243144828532,0.05853038214634717,0.713817450655599,16,19,3,5,11,11,5,38
deepseek-coder-6.7b,sql_exec_branch_merge_18_unsafe,sql_exec_branch_merge_18,unsafe,clean_heldout,clean,-1,27,24281, vulnerable,223.9583740234375,1.0000002806463397,108,0.030620593104941373,0.026164684482150966,0.00483723262018138,0.059252324893972586,0.01343412807814183,0.015275874423094388,0.013891441937409061,0.8365240011064482,16,19,3,5,11,11,5,38
deepseek-coder-6.7b,sql_exec_branch_merge_18_unsafe,sql_exec_branch_merge_18,unsafe,clean_heldout,clean,-1,27,5723, safe,85.34983825683594,1.0000006711645868,108,0.0687536024432928,0.0528561994908864,0.006197549768596941,0.10301702788439485,0.029196736038997226,0.019292008130114092,0.0336490019343591,0.6870385454739453,16,19,3,5,11,11,5,38
deepseek-coder-6.7b,sql_exec_branch_merge_18_safe,sql_exec_branch_merge_18,safe,clean_heldout,clean,-1,0,24281, vulnerable,206.05148315429688,1.0000003991663666,108,0.05638282931819512,0.0795666525610588,0.005236780717484568,0.059387193914634345,0.024831200166768,0.027485021573399493,0.2952802199998112,0.451830500915015,16,19,3,5,11,11,5,38
deepseek-coder-6.7b,sql_exec_branch_merge_18_safe,sql_exec_branch_merge_18,safe,clean_heldout,clean,-1,0,5723, safe,73.70275115966797,0.9999998616841741,108,0.06494095662879415,0.12611794907376125,-0.005166447537332174,0.03658529181170084,0.07159275315518873,0.0543246315517503,0.3638883556390767,0.2877163713612345,16,19,3,5,11,11,5,38
deepseek-coder-6.7b,sql_exec_branch_merge_18_safe,sql_exec_branch_merge_18,safe,clean_heldout,clean,-1,3,24281, vulnerable,206.05148315429688,1.0000000955406692,108,0.060449013494400225,0.08511285535394136,0.003924448657894724,0.05842558685145059,0.025066769594175045,0.02476108765257985,0.27687352589127295,0.46538680804495447,16,19,3,5,11,11,5,38
deepseek-coder-6.7b,sql_exec_branch_merge_18_safe,sql_exec_branch_merge_18,safe,clean_heldout,clean,-1,3,5723, safe,73.70275115966797,0.9999995811858454,108,0.07026918523530862,0.13544852103978683,0.0009468980137316476,0.04077568906996494,0.06911490143058553,0.04899315698390393,0.33667448938048883,0.29777674003207516,16,19,3,5,11,11,5,38
deepseek-coder-6.7b,sql_exec_branch_merge_18_safe,sql_exec_branch_merge_18,safe,clean_heldout,clean,-1,7,24281, vulnerable,206.05148315429688,1.0000001584389544,108,0.08783996293528984,0.09556604364744258,0.0025441909792084296,0.06522527921009814,0.02825506546376864,0.02560359369408399,0.26006666808910683,0.4348993544199559,16,19,3,5,11,11,5,38
deepseek-coder-6.7b,sql_exec_branch_merge_18_safe,sql_exec_branch_merge_18,safe,clean_heldout,clean,-1,7,5723, safe,73.70275115966797,0.9999995212144486,108,0.10228827925303587,0.16997771575001208,0.009316047262684223,0.044887966722369346,0.08046354436144545,0.04382168317126952,0.2909351837707097,0.2583091009229223,16,19,3,5,11,11,5,38
deepseek-coder-6.7b,sql_exec_branch_merge_18_safe,sql_exec_branch_merge_18,safe,clean_heldout,clean,-1,11,24281, vulnerable,206.05148315429688,1.000000203239745,108,0.08740818607683473,0.0773083654297672,0.005342577341655103,0.0633532028901701,0.026628747171395958,0.027738025270070008,0.1820337053292076,0.5301873937306443,16,19,3,5,11,11,5,38
deepseek-coder-6.7b,sql_exec_branch_merge_18_safe,sql_exec_branch_merge_18,safe,clean_heldout,clean,-1,11,5723, safe,73.70275115966797,0.9999995511116937,108,0.11353931958213904,0.11916609689678133,0.035697664795628366,0.055776239692808774,0.09730204381727939,0.03620763173305812,0.18336927976571699,0.35894127482828153,16,19,3,5,11,11,5,38
deepseek-coder-6.7b,sql_exec_branch_merge_18_safe,sql_exec_branch_merge_18,safe,clean_heldout,clean,-1,15,24281, vulnerable,206.05148315429688,1.0000002612475485,108,0.07237786849952749,0.045465927250070856,0.009721140816069044,0.07274027328624039,0.034483070354693016,0.02843460396335376,0.11876877250757009,0.6180086045700237,16,19,3,5,11,11,5,38
deepseek-coder-6.7b,sql_exec_branch_merge_18_safe,sql_exec_branch_merge_18,safe,clean_heldout,clean,-1,15,5723, safe,73.70275115966797,0.9999996891495233,108,0.10328506780793434,0.056538280235222296,0.03699207044230307,0.07422748211843298,0.0515003626981123,0.029858532783032465,0.11655731176705035,0.5310405812974355,16,19,3,5,11,11,5,38
deepseek-coder-6.7b,sql_exec_branch_merge_18_safe,sql_exec_branch_merge_18,safe,clean_heldout,clean,-1,19,24281, vulnerable,206.05148315429688,1.000000156504457,108,0.04000961927755849,0.028505681032417563,0.0039865449492559124,0.06959150044635617,0.021539597561013424,0.018837326847366782,0.06853227567848545,0.7489976107120031,16,19,3,5,11,11,5,38
deepseek-coder-6.7b,sql_exec_branch_merge_18_safe,sql_exec_branch_merge_18,safe,clean_heldout,clean,-1,19,5723, safe,73.70275115966797,0.9999997724599783,108,0.07112908663809855,0.043447779316279966,0.011743404132575914,0.026163781959820342,0.04650247355379977,0.028530598551211876,0.05940246143081314,0.7130801868773787,16,19,3,5,11,11,5,38
deepseek-coder-6.7b,sql_exec_branch_merge_18_safe,sql_exec_branch_merge_18,safe,clean_heldout,clean,-1,23,24281, vulnerable,206.05148315429688,1.0000001441132778,108,0.03386079768463309,0.027258695450362053,0.003667680799878682,0.07445978201420675,0.023156302721020816,0.01955154641243021,0.045738964475436156,0.77230637455531,16,19,3,5,11,11,5,38
deepseek-coder-6.7b,sql_exec_branch_merge_18_safe,sql_exec_branch_merge_18,safe,clean_heldout,clean,-1,23,5723, safe,73.70275115966797,0.9999998267324497,108,0.06903510052800499,0.048142997079062506,0.01407666620934277,0.04266630289835262,0.04135758812187854,0.03417485006004431,0.06072395585165139,0.6898223659841126,16,19,3,5,11,11,5,38
deepseek-coder-6.7b,sql_exec_branch_merge_18_safe,sql_exec_branch_merge_18,safe,clean_heldout,clean,-1,27,24281, vulnerable,206.05148315429688,1.0000001862100658,108,0.03274010444891044,0.02442068297955069,0.00057801217143252,0.06466624948440401,0.015322377167759478,0.014381342074411376,0.015501454750735721,0.8323899631328617,16,19,3,5,11,11,5,38
deepseek-coder-6.7b,sql_exec_branch_merge_18_safe,sql_exec_branch_merge_18,safe,clean_heldout,clean,-1,27,5723, safe,73.70275115966797,0.999999857855406,108,0.07574489988320321,0.05306838104466473,0.00997441623950467,0.1171443347468062,0.03451348409967887,0.02162517816048843,0.03459954156309486,0.6533296221179652,16,19,3,5,11,11,5,38
deepseek-coder-6.7b,sql_exec_helper_03_unsafe,sql_exec_helper_03,unsafe,clean_heldout,clean,-1,0,24281, vulnerable,207.42156982421875,1.0000005901474665,88,0.051770002451295025,0.0734615760913194,0.00675379509343749,0.04354343620986892,0.010665709334531679,0.024702192109023156,0.07146856158385062,0.7176353172741398,8,10,4,5,11,10,5,35
deepseek-coder-6.7b,sql_exec_helper_03_unsafe,sql_exec_helper_03,unsafe,clean_heldout,clean,-1,0,5723, safe,79.97956085205078,1.0000010827528603,88,0.06276334190506438,0.08713851689778751,0.025560377508530175,0.01904925645785814,-0.024373872834057564,0.05065286586101214,0.057678851314084095,0.7215317456425818,8,10,4,5,11,10,5,35
deepseek-coder-6.7b,sql_exec_helper_03_unsafe,sql_exec_helper_03,unsafe,clean_heldout,clean,-1,3,24281, vulnerable,207.42156982421875,1.0000001563237941,88,0.055782417141032756,0.0762136937701014,0.007891119517678567,0.04600207356616138,0.0062789791698774355,0.024604529752624952,0.05461722922178613,0.728610114184531,8,10,4,5,11,10,5,35
deepseek-coder-6.7b,sql_exec_helper_03_unsafe,sql_exec_helper_03,unsafe,clean_heldout,clean,-1,3,5723, safe,79.97956085205078,1.0000004724176583,88,0.06907921021068973,0.08025240484636326,0.02611932438221764,0.028732773894788184,-0.023464957328846715,0.04365911911118974,0.05045303661502282,0.7251695606862338,8,10,4,5,11,10,5,35
deepseek-coder-6.7b,sql_exec_helper_03_unsafe,sql_exec_helper_03,unsafe,clean_heldout,clean,-1,7,24281, vulnerable,207.42156982421875,1.0000000634526613,88,0.0515580656773041,0.08991308908552788,0.010424789457424477,0.05965316066251495,0.013307665703911332,0.044526230109636314,0.06768247228195222,0.6629345904743897,8,10,4,5,11,10,5,35
deepseek-coder-6.7b,sql_exec_helper_03_unsafe,sql_exec_helper_03,unsafe,clean_heldout,clean,-1,7,5723, safe,79.97956085205078,1.0000004644761045,88,0.07365933077852124,0.1245116364466229,0.031477093508906165,0.043023824234020513,0.007002618560147062,0.05985666350886014,0.07032466208228765,0.5901446353567389,8,10,4,5,11,10,5,35
deepseek-coder-6.7b,sql_exec_helper_03_unsafe,sql_exec_helper_03,unsafe,clean_heldout,clean,-1,11,24281, vulnerable,207.42156982421875,1.0000001890109844,88,0.05110226425159202,0.07082179688637946,0.018019619601679616,0.06661004938774406,0.017767791739740385,0.0677708625396373,0.05722346734635026,0.6506843372578612,8,10,4,5,11,10,5,35
deepseek-coder-6.7b,sql_exec_helper_03_unsafe,sql_exec_helper_03,unsafe,clean_heldout,clean,-1,11,5723, safe,79.97956085205078,1.0000006387710887,88,0.0776267973037936,0.08763779517383773,0.025035580900399177,0.06687438937321957,0.022962302471745903,0.11269423138668633,0.05474217738921411,0.5524273647721921,8,10,4,5,11,10,5,35
deepseek-coder-6.7b,sql_exec_helper_03_unsafe,sql_exec_helper_03,unsafe,clean_heldout,clean,-1,15,24281, vulnerable,207.42156982421875,1.0000001975419819,88,0.031176317810589403,0.044169601224438304,0.024852460223870384,0.07834843497812938,0.028259737496774674,0.05636603535915484,0.054070329207105486,0.6827572812419196,8,10,4,5,11,10,5,35
deepseek-coder-6.7b,sql_exec_helper_03_unsafe,sql_exec_helper_03,unsafe,clean_heldout,clean,-1,15,5723, safe,79.97956085205078,1.0000006074706531,88,0.044550462635787845,0.045995059242662055,0.057348465529838036,0.12311681824503692,0.021617142038353278,0.09198770909704408,0.054076666692591376,0.5613082839893395,8,10,4,5,11,10,5,35
deepseek-coder-6.7b,sql_exec_helper_03_unsafe,sql_exec_helper_03,unsafe,clean_heldout,clean,-1,19,24281, vulnerable,207.42156982421875,1.000000227840493,88,0.02314408077741248,0.030444808087801145,0.021339943021356403,0.06938763512927609,0.027896414239065425,0.03733061655989445,0.029015682618536653,0.7614410474071505,8,10,4,5,11,10,5,35
deepseek-coder-6.7b,sql_exec_helper_03_unsafe,sql_exec_helper_03,unsafe,clean_heldout,clean,-1,19,5723, safe,79.97956085205078,1.0000006261018648,88,0.04130542259668818,0.03724253613505598,0.03816051311632525,0.04505014548859729,0.01747369640706654,0.06775930205567667,0.03629825290776872,0.716710757394686,8,10,4,5,11,10,5,35
deepseek-coder-6.7b,sql_exec_helper_03_unsafe,sql_exec_helper_03,unsafe,clean_heldout,clean,-1,23,24281, vulnerable,207.42156982421875,1.0000001776602678,88,0.019970832616561917,0.025422707261844837,0.015868204909275187,0.06804447343261028,0.021426601612270734,0.034368280860656054,0.010942352575052893,0.8039567243919958,8,10,4,5,11,10,5,35
deepseek-coder-6.7b,sql_exec_helper_03_unsafe,sql_exec_helper_03,unsafe,clean_heldout,clean,-1,23,5723, safe,79.97956085205078,1.0000004547412964,88,0.03742691521596204,0.03725371188100319,0.04041747740508014,0.05266757111411235,0.02424312560535042,0.06147748035620444,0.04133073933905977,0.7051834338245241,8,10,4,5,11,10,5,35
deepseek-coder-6.7b,sql_exec_helper_03_unsafe,sql_exec_helper_03,unsafe,clean_heldout,clean,-1,27,24281, vulnerable,207.42156982421875,1.0000002122018277,88,0.01776885497142769,0.02164759837743718,0.016094497394404196,0.06257569347533909,0.01332369119167835,0.020456939845121286,0.005047500227646528,0.8430854367187732,8,10,4,5,11,10,5,35
deepseek-coder-6.7b,sql_exec_helper_03_unsafe,sql_exec_helper_03,unsafe,clean_heldout,clean,-1,27,5723, safe,79.97956085205078,1.000000370667954,88,0.03440083038624332,0.04023767615259054,0.024198288756306467,0.09252677777217286,0.01575861876419013,0.040432010122727756,0.027775840773516393,0.7246703279402067,8,10,4,5,11,10,5,35
deepseek-coder-6.7b,sql_exec_helper_03_safe,sql_exec_helper_03,safe,clean_heldout,clean,-1,0,24281, vulnerable,192.13436889648438,1.0000005489797068,87,0.04193332684744399,0.08213105037697199,0.0011844385500801003,0.04772140145510724,0.02721136874188232,0.030433333801729832,0.06414316090544595,0.7052424683010452,8,10,3,5,11,10,5,35
deepseek-coder-6.7b,sql_exec_helper_03_safe,sql_exec_helper_03,safe,clean_heldout,clean,-1,0,5723, safe,55.62995529174805,1.0000006358043712,87,0.06469896274955927,0.07993358027197861,0.013063004439132078,0.0010891546849841303,0.007354131489040638,0.03151740882498487,0.06967073890969994,0.7326736544349916,8,10,3,5,11,10,5,35
deepseek-coder-6.7b,sql_exec_helper_03_safe,sql_exec_helper_03,safe,clean_heldout,clean,-1,3,24281, vulnerable,192.13436889648438,1.0000000304019276,87,0.04560930206081192,0.08256367740833698,0.0032484524872817195,0.04872411318048498,0.0286928826560219,0.02985498877987698,0.05071046934878148,0.7105961444803318,8,10,3,5,11,10,5,35
deepseek-coder-6.7b,sql_exec_helper_03_safe,sql_exec_helper_03,safe,clean_heldout,clean,-1,3,5723, safe,55.62995529174805,1.0000002028051544,87,0.06997063717398258,0.07364859302453278,0.010562244315904502,0.022430607532128548,0.009853888602328735,0.02982235658148781,0.05757617197397508,0.7261357036008144,8,10,3,5,11,10,5,35
deepseek-coder-6.7b,sql_exec_helper_03_safe,sql_exec_helper_03,safe,clean_heldout,clean,-1,7,24281, vulnerable,192.13436889648438,1.0000000505664715,87,0.04982260687702127,0.09336208660377003,0.00836793422222051,0.05793712203082614,0.03770431559656911,0.04316984145662748,0.06786586392043564,0.6417702798590015,8,10,3,5,11,10,5,35
deepseek-coder-6.7b,sql_exec_helper_03_safe,sql_exec_helper_03,safe,clean_heldout,clean,-1,7,5723, safe,55.62995529174805,1.0000001047173717,87,0.080524053170912,0.12916712392526836,-0.013639623723664564,0.033562971188863734,0.04789674957771206,0.01954843094819818,0.08719604108567003,0.6157443585444119,8,10,3,5,11,10,5,35
deepseek-coder-6.7b,sql_exec_helper_03_safe,sql_exec_helper_03,safe,clean_heldout,clean,-1,11,24281, vulnerable,192.13436889648438,1.0000000718458821,87,0.06090841002213904,0.07508238841743041,0.0195852661596694,0.05813367638752711,0.044114821705127934,0.05848910633225843,0.055745959864253625,0.6279404429574762,8,10,3,5,11,10,5,35
deepseek-coder-6.7b,sql_exec_helper_03_safe,sql_exec_helper_03,safe,clean_heldout,clean,-1,11,5723, safe,55.62995529174805,1.0000003247159297,87,0.09846386217894594,0.1118341055450026,-0.011551403369827962,0.041859104393838095,0.07965480779572723,0.09252070357160662,0.07072871175810919,0.5164904328425282,8,10,3,5,11,10,5,35
deepseek-coder-6.7b,sql_exec_helper_03_safe,sql_exec_helper_03,safe,clean_heldout,clean,-1,15,24281, vulnerable,192.13436889648438,1.0000000569648364,87,0.041662324025328594,0.046166698603374655,0.04225324342407049,0.06597964363609873,0.059998491291154386,0.04647087242976768,0.0521442559009819,0.6453245276540599,8,10,3,5,11,10,5,35
deepseek-coder-6.7b,sql_exec_helper_03_safe,sql_exec_helper_03,safe,clean_heldout,clean,-1,15,5723, safe,55.62995529174805,1.000000538051416,87,0.07325995754410135,0.06696664291344306,0.017623824029306883,0.10602451982982446,0.06557992684407384,0.08123789137043365,0.06940523820096661,0.5199025373192663,8,10,3,5,11,10,5,35
deepseek-coder-6.7b,sql_exec_helper_03_safe,sql_exec_helper_03,safe,clean_heldout,clean,-1,19,24281, vulnerable,192.13436889648438,1.0000000040813812,87,0.02732111351572021,0.030474242338964265,0.036994334958775084,0.06683079523729407,0.03720037335968322,0.03070478596356078,0.029928131048184307,0.7405462276591993,8,10,3,5,11,10,5,35
deepseek-coder-6.7b,sql_exec_helper_03_safe,sql_exec_helper_03,safe,clean_heldout,clean,-1,19,5723, safe,55.62995529174805,1.0000004439480834,87,0.06922497672963368,0.053101967595745425,0.0244899497980842,0.03869645936425273,0.02619178705760996,0.07179406394176283,0.05193576278946345,0.6645654766715311,8,10,3,5,11,10,5,35
deepseek-coder-6.7b,sql_exec_helper_03_safe,sql_exec_helper_03,safe,clean_heldout,clean,-1,23,24281, vulnerable,192.13436889648438,0.9999999997285542,87,0.022039705995267087,0.024782830980277074,0.01489491003816457,0.06438495534698879,0.026751163458815747,0.02985219141475075,0.013969886561175569,0.8033243559331146,8,10,3,5,11,10,5,35
deepseek-coder-6.7b,sql_exec_helper_03_safe,sql_exec_helper_03,safe,clean_heldout,clean,-1,23,5723, safe,55.62995529174805,1.0000003626184286,87,0.05494611035590166,0.05004772408079385,0.0219352996878947,0.061683494997517324,0.034562997277568785,0.07283418417755322,0.054342720121340796,0.6496478319198583,8,10,3,5,11,10,5,35
deepseek-coder-6.7b,sql_exec_helper_03_safe,sql_exec_helper_03,safe,clean_heldout,clean,-1,27,24281, vulnerable,192.13436889648438,0.9999999873292986,87,0.019525150845927063,0.02219294024192628,0.015122998018791994,0.06431012332868319,0.014990867353604345,0.020573665130586727,0.009379970614352922,0.8339042717954261,8,10,3,5,11,10,5,35
deepseek-coder-6.7b,sql_exec_helper_03_safe,sql_exec_helper_03,safe,clean_heldout,clean,-1,27,5723, safe,55.62995529174805,1.0000003102178892,87,0.04757256213999751,0.05710931752213305,0.012879922646887736,0.13058068743606022,0.023363275523374416,0.053849920572059416,0.03883092859023954,0.6358136957871374,8,10,3,5,11,10,5,35
deepseek-coder-6.7b,sql_exec_helper_07_unsafe,sql_exec_helper_07,unsafe,clean_heldout,clean,-1,0,24281, vulnerable,189.44314575195312,1.0000005685574844,86,0.06361126765705423,0.08930281845488464,0.01006349508402746,0.03834671332294626,-0.013230810902478575,0.010591684613479056,0.06979593289224481,0.7315194674353266,8,10,3,5,10,10,5,35
deepseek-coder-6.7b,sql_exec_helper_07_unsafe,sql_exec_helper_07,unsafe,clean_heldout,clean,-1,0,5723, safe,75.34391021728516,1.0000005364283013,86,0.07770354452473141,0.09809059430334195,0.01435130208022167,0.02843802022408006,0.0010775386845712606,-0.023842780462971565,0.05690279251827532,0.7472795245560511,8,10,3,5,10,10,5,35
deepseek-coder-6.7b,sql_exec_helper_07_unsafe,sql_exec_helper_07,unsafe,clean_heldout,clean,-1,3,24281, vulnerable,189.44314575195312,1.0000003408237927,86,0.06645192809668776,0.09039399833278912,0.006648886433445954,0.03952638281285113,-0.012561714214030968,0.01528598163728683,0.05339660262992267,0.7408582750948403,8,10,3,5,10,10,5,35
deepseek-coder-6.7b,sql_exec_helper_07_unsafe,sql_exec_helper_07,unsafe,clean_heldout,clean,-1,3,5723, safe,75.34391021728516,1.000000011199024,86,0.08353581152095868,0.09534432132683314,0.01973299539733625,0.03970306280838384,-0.004220207490910946,-0.02278908721973158,0.0466498581853312,0.7420432566708236,8,10,3,5,10,10,5,35
deepseek-coder-6.7b,sql_exec_helper_07_unsafe,sql_exec_helper_07,unsafe,clean_heldout,clean,-1,7,24281, vulnerable,189.44314575195312,1.0000003595443243,86,0.06507990066285708,0.10361485357013006,0.00422364009226968,0.04622656232254824,-0.004215862734010794,0.03155933169006628,0.07766832411980301,0.6758436098206607,8,10,3,5,10,10,5,35
deepseek-coder-6.7b,sql_exec_helper_07_unsafe,sql_exec_helper_07,unsafe,clean_heldout,clean,-1,7,5723, safe,75.34391021728516,1.0000000710013173,86,0.09248554990289963,0.13545258766361365,0.01603715038429283,0.05085011890438305,0.015444340213895489,0.006864287000864617,0.07980631277355008,0.6030597241578177,8,10,3,5,10,10,5,35
deepseek-coder-6.7b,sql_exec_helper_07_unsafe,sql_exec_helper_07,unsafe,clean_heldout,clean,-1,11,24281, vulnerable,189.44314575195312,1.0000003811948548,86,0.0539410232140832,0.08511417716303475,0.010901833203037595,0.06245656899634533,-0.003820985746786425,0.050283328620206194,0.06316437467036762,0.6779600610745666,8,10,3,5,10,10,5,35
deepseek-coder-6.7b,sql_exec_helper_07_unsafe,sql_exec_helper_07,unsafe,clean_heldout,clean,-1,11,5723, safe,75.34391021728516,1.0000001155749156,86,0.07818784506561051,0.09972466393268901,0.01748695001327531,0.0736873456846692,0.030979149109629716,0.05890616254477031,0.06189120583112087,0.5791367933931507,8,10,3,5,10,10,5,35
deepseek-coder-6.7b,sql_exec_helper_07_unsafe,sql_exec_helper_07,unsafe,clean_heldout,clean,-1,15,24281, vulnerable,189.44314575195312,1.000000395726864,86,0.03292187693875487,0.04646186288449995,0.010927687830095512,0.06983139838843395,0.009289424824716423,0.04271662046687019,0.05729612653175856,0.7305553978617347,8,10,3,5,10,10,5,35
deepseek-coder-6.7b,sql_exec_helper_07_unsafe,sql_exec_helper_07,unsafe,clean_heldout,clean,-1,15,5723, safe,75.34391021728516,1.0000002358964375,86,0.03922030987125039,0.04579640999160724,0.041372567212449585,0.13229346415368087,0.019360281844249774,0.05157299275858712,0.05913406132179742,0.6112501487428154,8,10,3,5,10,10,5,35
deepseek-coder-6.7b,sql_exec_helper_07_unsafe,sql_exec_helper_07,unsafe,clean_heldout,clean,-1,19,24281, vulnerable,189.44314575195312,1.0000003608913373,86,0.023774972847159147,0.030943408842352492,0.0028618019762598644,0.06329598228738953,0.01088579820263366,0.021427435245134328,0.02937378429183528,0.8174371771985731,8,10,3,5,10,10,5,35
deepseek-coder-6.7b,sql_exec_helper_07_unsafe,sql_exec_helper_07,unsafe,clean_heldout,clean,-1,19,5723, safe,75.34391021728516,1.0000002265268348,86,0.036748643512517165,0.03950188683073391,0.017750101067902847,0.03733835266577503,0.03676721520245933,0.054942675124626264,0.03778465873803488,0.7391666933847854,8,10,3,5,10,10,5,35
deepseek-coder-6.7b,sql_exec_helper_07_unsafe,sql_exec_helper_07,unsafe,clean_heldout,clean,-1,23,24281, vulnerable,189.44314575195312,1.0000002164463124,86,0.018998161079366013,0.028947624195384637,0.002632537605828706,0.06132285377029566,0.011672257009591194,0.02243700157009821,0.01010513001787264,0.8438846511978753,8,10,3,5,10,10,5,35
deepseek-coder-6.7b,sql_exec_helper_07_unsafe,sql_exec_helper_07,unsafe,clean_heldout,clean,-1,23,5723, safe,75.34391021728516,1.000000338517074,86,0.027996957569429305,0.042652565534975234,0.0186704165815231,0.04152719107264388,0.05057685263424491,0.062088124523314164,0.04152300674153511,0.7149652238594082,8,10,3,5,10,10,5,35
deepseek-coder-6.7b,sql_exec_helper_07_unsafe,sql_exec_helper_07,unsafe,clean_heldout,clean,-1,27,24281, vulnerable,189.44314575195312,1.000000281161931,86,0.018063228892071605,0.025535086818223293,0.0046100960456518895,0.058510901422924505,0.011699590558632034,0.01913222580546688,0.0033413828199491975,0.8591077687990116,8,10,3,5,10,10,5,35
deepseek-coder-6.7b,sql_exec_helper_07_unsafe,sql_exec_helper_07,unsafe,clean_heldout,clean,-1,27,5723, safe,75.34391021728516,1.0000001868728958,86,0.023384728419320905,0.04460901293679283,0.010732075547781135,0.10036571564150774,0.032841141891804315,0.04407425887721518,0.02813266185300467,0.715860591705469,8,10,3,5,10,10,5,35
deepseek-coder-6.7b,sql_exec_helper_07_safe,sql_exec_helper_07,safe,clean_heldout,clean,-1,0,24281, vulnerable,177.4671630859375,1.0000008072256068,86,0.05271884998707169,0.089421240959268,0.008029133617394215,0.04502175325209914,-0.002922611014600965,0.006002852461188647,0.06471290390770792,0.7370166840554784,8,10,3,5,10,10,5,35
deepseek-coder-6.7b,sql_exec_helper_07_safe,sql_exec_helper_07,safe,clean_heldout,clean,-1,0,5723, safe,67.68547058105469,1.000001157757247,86,0.05888543833999827,0.06749263702055777,0.016975428571015944,0.02495793139848529,0.018717574981655088,0.0032200757263006865,0.05680768768380136,0.7529443840354326,8,10,3,5,10,10,5,35
deepseek-coder-6.7b,sql_exec_helper_07_safe,sql_exec_helper_07,safe,clean_heldout,clean,-1,3,24281, vulnerable,177.4671630859375,1.0000002602518028,86,0.054705846051787015,0.08815026973045972,0.005962029621185607,0.04623015086243587,0.003147035413921367,0.010880858006694343,0.053018254089488764,0.7379058164758299,8,10,3,5,10,10,5,35
deepseek-coder-6.7b,sql_exec_helper_07_safe,sql_exec_helper_07,safe,clean_heldout,clean,-1,3,5723, safe,67.68547058105469,1.0000007052602202,86,0.06105119412278424,0.07105544326332444,0.01873464410625339,0.036033448522973965,0.027643167472450228,0.002826445967719436,0.048974124763150564,0.7336822370415638,8,10,3,5,10,10,5,35
deepseek-coder-6.7b,sql_exec_helper_07_safe,sql_exec_helper_07,safe,clean_heldout,clean,-1,7,24281, vulnerable,177.4671630859375,1.000000270222734,86,0.06208380299960328,0.10050996563676004,0.007692524212816778,0.05701134347017511,0.014644879032053512,0.019580623029048737,0.07741374840634374,0.6610633834359324,8,10,3,5,10,10,5,35
deepseek-coder-6.7b,sql_exec_helper_07_safe,sql_exec_helper_07,safe,clean_heldout,clean,-1,7,5723, safe,67.68547058105469,1.0000006712465777,86,0.08469571364523251,0.11725369605229342,0.006114752730813364,0.0551229380291422,0.08169051662923243,-0.005580892209062667,0.0825386468070555,0.5781652995618711,8,10,3,5,10,10,5,35
deepseek-coder-6.7b,sql_exec_helper_07_safe,sql_exec_helper_07,safe,clean_heldout,clean,-1,11,24281, vulnerable,177.4671630859375,1.000000314346729,86,0.06298685248901421,0.07902060693438874,0.018796739897113515,0.06817738631753888,0.01812031358629833,0.03916210484916279,0.06246269670982422,0.6512736135633883,8,10,3,5,10,10,5,35
deepseek-coder-6.7b,sql_exec_helper_07_safe,sql_exec_helper_07,safe,clean_heldout,clean,-1,11,5723, safe,67.68547058105469,1.0000008100530609,86,0.09280088425299649,0.08723427177464897,0.027767369774377316,0.07148329426879324,0.11442922948043463,0.04291421815039122,0.06177306021054942,0.5015984821408697,8,10,3,5,10,10,5,35
deepseek-coder-6.7b,sql_exec_helper_07_safe,sql_exec_helper_07,safe,clean_heldout,clean,-1,15,24281, vulnerable,177.4671630859375,1.000000321693731,86,0.04416260146997379,0.041968566006887455,0.04089598037368467,0.07567357798099271,0.037611657347770736,0.03059120881356988,0.05784149726509756,0.6712552324357541,8,10,3,5,10,10,5,35
deepseek-coder-6.7b,sql_exec_helper_07_safe,sql_exec_helper_07,safe,clean_heldout,clean,-1,15,5723, safe,67.68547058105469,1.0000006181896983,86,0.060552917980422505,0.04462860783257267,0.05722608454777962,0.09910099454922242,0.07721604170608873,0.03845560090477962,0.059333441272894506,0.563486929395938,8,10,3,5,10,10,5,35
deepseek-coder-6.7b,sql_exec_helper_07_safe,sql_exec_helper_07,safe,clean_heldout,clean,-1,19,24281, vulnerable,177.4671630859375,1.0000002304544617,86,0.02458024253327225,0.028167962683727378,0.0334695298119692,0.06517484644937083,0.012677135009430603,0.01937118796224415,0.03173127922121851,0.7848280467832288,8,10,3,5,10,10,5,35
deepseek-coder-6.7b,sql_exec_helper_07_safe,sql_exec_helper_07,safe,clean_heldout,clean,-1,19,5723, safe,67.68547058105469,1.0000005075077643,86,0.05025389444979778,0.03816257970332107,0.04112992669009893,0.03342596653519011,0.04247230619127726,0.05058261643655803,0.03881482498327542,0.7051583925182456,8,10,3,5,10,10,5,35
deepseek-coder-6.7b,sql_exec_helper_07_safe,sql_exec_helper_07,safe,clean_heldout,clean,-1,23,24281, vulnerable,177.4671630859375,1.0000002677247533,86,0.020437042671039737,0.02582299373842509,0.027095420156434968,0.0601463584750942,0.01046956813191652,0.02039171080796975,0.014307744127909229,0.8213294296159639,8,10,3,5,10,10,5,35
deepseek-coder-6.7b,sql_exec_helper_07_safe,sql_exec_helper_07,safe,clean_heldout,clean,-1,23,5723, safe,67.68547058105469,1.0000004425626214,86,0.03814478957756121,0.04061068218281127,0.042240438437041734,0.034277475291433296,0.05568173814618612,0.06219759373006295,0.04466203652856508,0.6821856886689597,8,10,3,5,10,10,5,35
deepseek-coder-6.7b,sql_exec_helper_07_safe,sql_exec_helper_07,safe,clean_heldout,clean,-1,27,24281, vulnerable,177.4671630859375,1.0000002146951423,86,0.019819066704722,0.024432691406116668,0.0303544977289028,0.05668882133320631,0.010633613084420877,0.019302821757471073,0.008138242034071088,0.8306304606462316,8,10,3,5,10,10,5,35
deepseek-coder-6.7b,sql_exec_helper_07_safe,sql_exec_helper_07,safe,clean_heldout,clean,-1,27,5723, safe,67.68547058105469,1.00000040409088,86,0.02840104580701125,0.045803446092308436,0.04208365172597859,0.10868663762537098,0.03453311896710259,0.04730784077381288,0.03259960982191064,0.6605850532773847,8,10,3,5,10,10,5,35
deepseek-coder-6.7b,sql_exec_helper_09_unsafe,sql_exec_helper_09,unsafe,clean_heldout,clean,-1,0,24281, vulnerable,206.10211181640625,1.000000251061388,86,0.050919712253309525,0.0705581166273713,0.008902370462787076,0.046093725880754784,0.035358451118385224,0.003815106763196921,0.06295449803922219,0.7213982699163609,8,10,3,5,10,10,5,35
deepseek-coder-6.7b,sql_exec_helper_09_unsafe,sql_exec_helper_09,unsafe,clean_heldout,clean,-1,0,5723, safe,78.89427185058594,1.000000582986516,86,0.07131762357438608,0.06204907047154793,0.021634613030941423,0.012177757408314902,0.051449738843950384,-0.007347179348000839,0.055590606151778924,0.7331283528535972,8,10,3,5,10,10,5,35
deepseek-coder-6.7b,sql_exec_helper_09_unsafe,sql_exec_helper_09,unsafe,clean_heldout,clean,-1,3,24281, vulnerable,206.10211181640625,0.9999999578491607,86,0.05066322822861119,0.06970538042358883,0.009480984431609083,0.04862390006293353,0.03506200448312104,0.006595178051923662,0.05185536646010752,0.728013915707266,8,10,3,5,10,10,5,35
deepseek-coder-6.7b,sql_exec_helper_09_unsafe,sql_exec_helper_09,unsafe,clean_heldout,clean,-1,3,5723, safe,78.89427185058594,0.9999997473323738,86,0.0721526855458834,0.05998605585403021,0.019159095470938987,0.02219374216999506,0.04811953571198468,-0.003056362515901771,0.048336616913850244,0.7331083781815934,8,10,3,5,10,10,5,35
deepseek-coder-6.7b,sql_exec_helper_09_unsafe,sql_exec_helper_09,unsafe,clean_heldout,clean,-1,7,24281, vulnerable,206.10211181640625,1.000000023587841,86,0.0418110456241181,0.10243078473015838,0.01966108427295281,0.05448070436784099,0.03995930479772668,0.027434269469452675,0.06854400145973143,0.6456788288658599,8,10,3,5,10,10,5,35
deepseek-coder-6.7b,sql_exec_helper_09_unsafe,sql_exec_helper_09,unsafe,clean_heldout,clean,-1,7,5723, safe,78.89427185058594,0.9999997522903444,86,0.0713386553801623,0.11540156985706176,0.01342964121049761,0.027812495618098353,0.059408914218865884,0.03304506291368173,0.06607617428693466,0.6134872388050421,8,10,3,5,10,10,5,35
deepseek-coder-6.7b,sql_exec_helper_09_unsafe,sql_exec_helper_09,unsafe,clean_heldout,clean,-1,11,24281, vulnerable,206.10211181640625,1.0000001100946663,86,0.04044711060361237,0.0790347932570947,0.05479305003937557,0.06483632254495189,0.05199878996841192,0.0364339864097215,0.05577426749586217,0.616681789775636,8,10,3,5,10,10,5,35
deepseek-coder-6.7b,sql_exec_helper_09_unsafe,sql_exec_helper_09,unsafe,clean_heldout,clean,-1,11,5723, safe,78.89427185058594,0.9999998912315685,86,0.06747900338637136,0.08297738699256973,0.041551230504466276,0.0424878479101472,0.10408044447275389,0.0710858570996598,0.056311667710667326,0.5340264531549328,8,10,3,5,10,10,5,35
deepseek-coder-6.7b,sql_exec_helper_09_unsafe,sql_exec_helper_09,unsafe,clean_heldout,clean,-1,15,24281, vulnerable,206.10211181640625,1.0000000420062394,86,0.025438184269059944,0.04139466237280169,0.07292349910321291,0.07278021864025222,0.04437179053388271,0.03277959774176169,0.051990976265630845,0.6583211130796373,8,10,3,5,10,10,5,35
deepseek-coder-6.7b,sql_exec_helper_09_unsafe,sql_exec_helper_09,unsafe,clean_heldout,clean,-1,15,5723, safe,78.89427185058594,0.9999999068373713,86,0.04676659732508778,0.044988886033643455,0.05949515023213804,0.11759879359901478,0.06849636911096595,0.054503569489525984,0.053433725605575785,0.5547168154414195,8,10,3,5,10,10,5,35
deepseek-coder-6.7b,sql_exec_helper_09_unsafe,sql_exec_helper_09,unsafe,clean_heldout,clean,-1,19,24281, vulnerable,206.10211181640625,1.0000000954177874,86,0.018407668011781744,0.028203992198207323,0.0457804764605236,0.057539751708878026,0.03465109728013206,0.018629038724520545,0.025230939781073276,0.7715571312526708,8,10,3,5,10,10,5,35
deepseek-coder-6.7b,sql_exec_helper_09_unsafe,sql_exec_helper_09,unsafe,clean_heldout,clean,-1,19,5723, safe,78.89427185058594,1.0000000367125919,86,0.04154550947856699,0.04126919008968121,0.020016836852675267,0.02370119868581632,0.061551846766047795,0.03287180001999658,0.03696662529899679,0.7420770295208109,8,10,3,5,10,10,5,35
deepseek-coder-6.7b,sql_exec_helper_09_unsafe,sql_exec_helper_09,unsafe,clean_heldout,clean,-1,23,24281, vulnerable,206.10211181640625,1.000000026281012,86,0.01705890803446554,0.02682295485426659,0.029334383318305443,0.060801277040750966,0.03225694678422974,0.01825552293090562,0.010739726194649697,0.8047303071234384,8,10,3,5,10,10,5,35
deepseek-coder-6.7b,sql_exec_helper_09_unsafe,sql_exec_helper_09,unsafe,clean_heldout,clean,-1,23,5723, safe,78.89427185058594,1.0000000875908142,86,0.03358025242080423,0.04391623721323325,0.025153876898058473,0.025019841703954125,0.06276234388493235,0.04290889794538978,0.040242410312143706,0.7264162272122983,8,10,3,5,10,10,5,35
deepseek-coder-6.7b,sql_exec_helper_09_unsafe,sql_exec_helper_09,unsafe,clean_heldout,clean,-1,27,24281, vulnerable,206.10211181640625,1.0000000815542824,86,0.014466666208338346,0.024125659011235978,0.02741599494780822,0.04699670588487558,0.022381731518230995,0.014894374596659123,0.0052363630027589,0.8444825863843752,8,10,3,5,10,10,5,35
deepseek-coder-6.7b,sql_exec_helper_09_unsafe,sql_exec_helper_09,unsafe,clean_heldout,clean,-1,27,5723, safe,78.89427185058594,0.9999999836623064,86,0.029282504723538876,0.0438363705867602,0.02690293636064513,0.08334772454344816,0.04772556394016487,0.03273262690455577,0.02653127139576804,0.7096409852074255,8,10,3,5,10,10,5,35
deepseek-coder-6.7b,sql_exec_helper_09_safe,sql_exec_helper_09,safe,clean_heldout,clean,-1,0,24281, vulnerable,201.89205932617188,1.0000002382508182,86,0.042364678778520286,0.08811084780396965,0.0009442704357959495,0.047818624656510225,0.01910114342950559,0.023876125439590768,0.05932155797962323,0.7184629897273028,8,10,3,5,10,10,5,35
deepseek-coder-6.7b,sql_exec_helper_09_safe,sql_exec_helper_09,safe,clean_heldout,clean,-1,0,5723, safe,78.10420227050781,1.000001069067404,86,0.06340167359860642,0.06258847741870786,0.010253349442073154,0.024792940960925,0.06084024323607779,0.024506796656642005,0.04423818164081082,0.7093794061135609,8,10,3,5,10,10,5,35
deepseek-coder-6.7b,sql_exec_helper_09_safe,sql_exec_helper_09,safe,clean_heldout,clean,-1,3,24281, vulnerable,201.89205932617188,1.0000000514069687,86,0.044186270653529446,0.08450531823771741,0.006407892743820325,0.04703667355107414,0.023920665131050487,0.020184629398260084,0.047726506210218074,0.7260320954812989,8,10,3,5,10,10,5,35
deepseek-coder-6.7b,sql_exec_helper_09_safe,sql_exec_helper_09,safe,clean_heldout,clean,-1,3,5723, safe,78.10420227050781,1.0000004585056195,86,0.0645857281829555,0.0550966367792344,0.01777890018927402,0.031890452697279935,0.06023110967303161,0.020811632594175584,0.03772265738784563,0.7118833410018227,8,10,3,5,10,10,5,35
deepseek-coder-6.7b,sql_exec_helper_09_safe,sql_exec_helper_09,safe,clean_heldout,clean,-1,7,24281, vulnerable,201.89205932617188,0.9999999521726982,86,0.04096399657171776,0.11109270868745219,0.016594500444612047,0.0587842511620074,0.039671985596797424,0.0134119545760331,0.06897083199684563,0.6505097231372325,8,10,3,5,10,10,5,35
deepseek-coder-6.7b,sql_exec_helper_09_safe,sql_exec_helper_09,safe,clean_heldout,clean,-1,7,5723, safe,78.10420227050781,1.0000004558823166,86,0.0740268157224704,0.11254621259679336,0.013977658803200442,0.052483625798479164,0.09155264179626213,0.004862164198096703,0.06793191631141259,0.5826194206556021,8,10,3,5,10,10,5,35
deepseek-coder-6.7b,sql_exec_helper_09_safe,sql_exec_helper_09,safe,clean_heldout,clean,-1,11,24281, vulnerable,201.89205932617188,0.9999999965125925,86,0.04408872812622485,0.09914383851050373,0.018683200198028174,0.0625709213935125,0.05483275011324089,0.023018803728393725,0.05838486721166519,0.6392768872310235,8,10,3,5,10,10,5,35
deepseek-coder-6.7b,sql_exec_helper_09_safe,sql_exec_helper_09,safe,clean_heldout,clean,-1,11,5723, safe,78.10420227050781,1.0000005771265987,86,0.07126635557320973,0.10536877106823066,1.5701659201458953e-06,0.08319342995996787,0.14060740422084042,0.026804526548263118,0.05561001578642908,0.5171485038037378,8,10,3,5,10,10,5,35
deepseek-coder-6.7b,sql_exec_helper_09_safe,sql_exec_helper_09,safe,clean_heldout,clean,-1,15,24281, vulnerable,201.89205932617188,1.0000000933296653,86,0.03305188551361005,0.05501243664030956,0.060757936513831746,0.06624825228706142,0.052601073777897425,0.02146702976104162,0.05570517560146953,0.6551563032344441,8,10,3,5,10,10,5,35
deepseek-coder-6.7b,sql_exec_helper_09_safe,sql_exec_helper_09,safe,clean_heldout,clean,-1,15,5723, safe,78.10420227050781,1.0000005678734947,86,0.05610554088147636,0.06895837705790715,0.049202377385815795,0.11956050568246976,0.09775398586485279,0.018398805343323395,0.053530742931419045,0.5364902327262304,8,10,3,5,10,10,5,35
deepseek-coder-6.7b,sql_exec_helper_09_safe,sql_exec_helper_09,safe,clean_heldout,clean,-1,19,24281, vulnerable,201.89205932617188,1.0000000939847076,86,0.0215330327937478,0.03178352366328147,0.05626414589876896,0.06093356825627676,0.040551642159736785,0.01672932499949055,0.028231258100941143,0.743973598112464,8,10,3,5,10,10,5,35
deepseek-coder-6.7b,sql_exec_helper_09_safe,sql_exec_helper_09,safe,clean_heldout,clean,-1,19,5723, safe,78.10420227050781,1.0000006679882658,86,0.04401469055782086,0.048677664089184045,0.05109897221540618,0.04753351194248586,0.0811011649835933,0.03031297548935818,0.036569084150233744,0.6606926045601837,8,10,3,5,10,10,5,35
deepseek-coder-6.7b,sql_exec_helper_09_safe,sql_exec_helper_09,safe,clean_heldout,clean,-1,23,24281, vulnerable,201.89205932617188,1.0000000815758108,86,0.019388011973227263,0.02720883971763531,0.034747564967992695,0.061089167370983716,0.036563327300133744,0.015854460521840596,0.014844264283728786,0.7903044454402686,8,10,3,5,10,10,5,35
deepseek-coder-6.7b,sql_exec_helper_09_safe,sql_exec_helper_09,safe,clean_heldout,clean,-1,23,5723, safe,78.10420227050781,1.000000681295565,86,0.03462166459517201,0.04978935615575006,0.037303756580487145,0.06313633730766609,0.0714374689355169,0.04002252443649794,0.03926208659465889,0.6644274866898161,8,10,3,5,10,10,5,35
deepseek-coder-6.7b,sql_exec_helper_09_safe,sql_exec_helper_09,safe,clean_heldout,clean,-1,27,24281, vulnerable,201.89205932617188,1.0000001073669416,86,0.0156999185344283,0.025392363906219982,0.034651144241861165,0.05501732652062194,0.023730617885564857,0.012506122935317818,0.009673254058029646,0.8233293592848978,8,10,3,5,10,10,5,35
deepseek-coder-6.7b,sql_exec_helper_09_safe,sql_exec_helper_09,safe,clean_heldout,clean,-1,27,5723, safe,78.10420227050781,1.0000006637909815,86,0.027120450179626675,0.04820570207154268,0.041747075823725145,0.09873466456530566,0.04925389218299227,0.03047019264479001,0.026735752183943206,0.6777329341390559,8,10,3,5,10,10,5,35
deepseek-coder-6.7b,sql_exec_helper_12_unsafe,sql_exec_helper_12,unsafe,clean_heldout,clean,-1,0,24281, vulnerable,201.8470001220703,1.0000005543816353,86,0.04955302924372243,0.08431337050946669,0.008194823634248156,0.047338396162435,0.01408577900864306,0.01603881977541238,0.06653638790519831,0.7139399481425092,8,10,3,5,10,10,5,35
deepseek-coder-6.7b,sql_exec_helper_12_unsafe,sql_exec_helper_12,unsafe,clean_heldout,clean,-1,0,5723, safe,69.48989868164062,1.0000006875097869,86,0.077869025168173,0.05428225864218001,0.025810027145585064,0.034082449400909404,0.01300131683655516,0.034539403642522434,0.05784875690039064,0.7025674497734711,8,10,3,5,10,10,5,35
deepseek-coder-6.7b,sql_exec_helper_12_unsafe,sql_exec_helper_12,unsafe,clean_heldout,clean,-1,3,24281, vulnerable,201.8470001220703,1.0000000046693707,86,0.05026069158739501,0.08470099190453835,0.006463144032664575,0.0490077892395212,0.015032265446729708,0.016204389012275437,0.051425975650846924,0.7269047577953994,8,10,3,5,10,10,5,35
deepseek-coder-6.7b,sql_exec_helper_12_unsafe,sql_exec_helper_12,unsafe,clean_heldout,clean,-1,3,5723, safe,69.48989868164062,1.0000003110935547,86,0.07935500462393419,0.05094362732610275,0.020624207593304862,0.03999253324003807,0.00516355365966362,0.03787504359812931,0.04958456428383606,0.7164617767685459,8,10,3,5,10,10,5,35
deepseek-coder-6.7b,sql_exec_helper_12_unsafe,sql_exec_helper_12,unsafe,clean_heldout,clean,-1,7,24281, vulnerable,201.8470001220703,1.000000070077471,86,0.03712444950003288,0.11210926175392122,0.014700731276144342,0.05776209885079238,0.035878936717181675,0.03190865742855061,0.06244804204941774,0.64806789250143,8,10,3,5,10,10,5,35
deepseek-coder-6.7b,sql_exec_helper_12_unsafe,sql_exec_helper_12,unsafe,clean_heldout,clean,-1,7,5723, safe,69.48989868164062,1.0000003264525594,86,0.06773487538189402,0.11474073294812327,0.030447643028711557,0.047268244554620135,0.0027316273196524975,0.06383332413830206,0.06255935255451693,0.6106845265267392,8,10,3,5,10,10,5,35
deepseek-coder-6.7b,sql_exec_helper_12_unsafe,sql_exec_helper_12,unsafe,clean_heldout,clean,-1,11,24281, vulnerable,201.8470001220703,1.000000129930312,86,0.036992448423690184,0.09282310845561902,0.04630414172477151,0.057181010335271225,0.06717033210855117,0.03472052065190337,0.0519203670583286,0.6128882011721768,8,10,3,5,10,10,5,35
deepseek-coder-6.7b,sql_exec_helper_12_unsafe,sql_exec_helper_12,unsafe,clean_heldout,clean,-1,11,5723, safe,69.48989868164062,1.000000395581482,86,0.06264292001376098,0.10184220500315376,0.06187313045800588,0.05453073865504689,0.059652406030897505,0.07810327496950199,0.056785639306508,0.5245700811446071,8,10,3,5,10,10,5,35
deepseek-coder-6.7b,sql_exec_helper_12_unsafe,sql_exec_helper_12,unsafe,clean_heldout,clean,-1,15,24281, vulnerable,201.8470001220703,1.0000001349411187,86,0.023093676931917273,0.053579380327615264,0.04701867339545041,0.06502097110671143,0.0638591958999238,0.02931664182989693,0.04711706290273672,0.6709945325468669,8,10,3,5,10,10,5,35
deepseek-coder-6.7b,sql_exec_helper_12_unsafe,sql_exec_helper_12,unsafe,clean_heldout,clean,-1,15,5723, safe,69.48989868164062,1.0000004958036777,86,0.040864068776123495,0.05940096813643752,0.07587061849897564,0.11244790054105211,0.05572703766203326,0.06406381235054642,0.05545418966368007,0.5361719001748291,8,10,3,5,10,10,5,35
deepseek-coder-6.7b,sql_exec_helper_12_unsafe,sql_exec_helper_12,unsafe,clean_heldout,clean,-1,19,24281, vulnerable,201.8470001220703,1.0000001755627972,86,0.017139092247544934,0.03738027113692141,0.025379623446127965,0.06285331300089317,0.038897316567574725,0.028188740452071023,0.021994250824729705,0.7681675678869343,8,10,3,5,10,10,5,35
deepseek-coder-6.7b,sql_exec_helper_12_unsafe,sql_exec_helper_12,unsafe,clean_heldout,clean,-1,19,5723, safe,69.48989868164062,1.0000005025316185,86,0.04009004646098343,0.0518769674965251,0.03861558716999444,0.027100055509854875,0.06488836648759685,0.046865130137483564,0.036897185285987434,0.6936671639831928,8,10,3,5,10,10,5,35
deepseek-coder-6.7b,sql_exec_helper_12_unsafe,sql_exec_helper_12,unsafe,clean_heldout,clean,-1,23,24281, vulnerable,201.8470001220703,1.0000002324534487,86,0.016476921551343594,0.03338466012527786,0.016137179679258283,0.06374545054918472,0.037765836532453856,0.026948586962381442,0.0083174583592249,0.7972241386943242,8,10,3,5,10,10,5,35
deepseek-coder-6.7b,sql_exec_helper_12_unsafe,sql_exec_helper_12,unsafe,clean_heldout,clean,-1,23,5723, safe,69.48989868164062,1.0000004075899185,86,0.03602887551612259,0.0523055157818988,0.03826062036405736,0.028887151439694867,0.0778526698922699,0.05261584744427537,0.0426183215252663,0.6714314056263333,8,10,3,5,10,10,5,35
deepseek-coder-6.7b,sql_exec_helper_12_unsafe,sql_exec_helper_12,unsafe,clean_heldout,clean,-1,27,24281, vulnerable,201.8470001220703,1.0000002449158698,86,0.01506279355170154,0.028897163404837056,0.01669001278136291,0.04954154502827095,0.0269594122244438,0.017644594948335455,0.003250507292232454,0.8419542156846855,8,10,3,5,10,10,5,35
deepseek-coder-6.7b,sql_exec_helper_12_unsafe,sql_exec_helper_12,unsafe,clean_heldout,clean,-1,27,5723, safe,69.48989868164062,1.0000003387022367,86,0.033093095021281695,0.05197731728169074,0.035859983827724096,0.08760243818091265,0.0694213946797,0.037056981119924615,0.027639545664583924,0.6573495829264189,8,10,3,5,10,10,5,35
deepseek-coder-6.7b,sql_exec_helper_12_safe,sql_exec_helper_12,safe,clean_heldout,clean,-1,0,24281, vulnerable,210.82528686523438,1.0000003264450705,86,0.03620964160221573,0.09431495740038864,0.00730294381524467,0.04313261211981864,0.018033315079800296,0.03198662402147698,0.06275254382241174,0.7062676885837136,8,10,3,5,10,10,5,35
deepseek-coder-6.7b,sql_exec_helper_12_safe,sql_exec_helper_12,safe,clean_heldout,clean,-1,0,5723, safe,59.907066345214844,1.0000003255513452,86,0.06737694346575898,0.07228366720759145,0.011445277107076332,0.01605148678227598,0.003923400824036213,0.04241886716301423,0.06251308137780992,0.723987601623782,8,10,3,5,10,10,5,35
deepseek-coder-6.7b,sql_exec_helper_12_safe,sql_exec_helper_12,safe,clean_heldout,clean,-1,3,24281, vulnerable,210.82528686523438,1.0000001492057795,86,0.03729291641503029,0.09300428266020568,0.010549729997108199,0.042572558543015795,0.020855872229286414,0.026062386668067816,0.049896803939429295,0.7197655987536361,8,10,3,5,10,10,5,35
deepseek-coder-6.7b,sql_exec_helper_12_safe,sql_exec_helper_12,safe,clean_heldout,clean,-1,3,5723, safe,59.907066345214844,0.9999998756310223,86,0.07096707208737964,0.05948843530286779,0.012553517189909972,0.025681338977745428,0.006327332555697564,0.03374312272635599,0.05400773523502641,0.7372313215560394,8,10,3,5,10,10,5,35
deepseek-coder-6.7b,sql_exec_helper_12_safe,sql_exec_helper_12,safe,clean_heldout,clean,-1,7,24281, vulnerable,210.82528686523438,1.0000001532345477,86,0.03607219445377246,0.12359506933249212,0.015742780610997237,0.053961085124240714,0.036903007503820036,0.02862586777176693,0.06229608157073721,0.6428040668667211,8,10,3,5,10,10,5,35
deepseek-coder-6.7b,sql_exec_helper_12_safe,sql_exec_helper_12,safe,clean_heldout,clean,-1,7,5723, safe,59.907066345214844,0.9999997887281992,86,0.08126127942056616,0.13669806544910884,0.0017304341371185616,0.04154947125016668,0.015523547996364425,0.024266730718315248,0.07823982340990143,0.6207304363466578,8,10,3,5,10,10,5,35
deepseek-coder-6.7b,sql_exec_helper_12_safe,sql_exec_helper_12,safe,clean_heldout,clean,-1,11,24281, vulnerable,210.82528686523438,1.0000001816302946,86,0.039417692804548043,0.11355951262972938,0.027199483914185835,0.05178292670938374,0.0694837408441962,0.02940124442514056,0.052787210102401116,0.6163683702007099,8,10,3,5,10,10,5,35
deepseek-coder-6.7b,sql_exec_helper_12_safe,sql_exec_helper_12,safe,clean_heldout,clean,-1,11,5723, safe,59.907066345214844,0.9999999670733132,86,0.0757678481357715,0.15893206376631897,-0.00980267327475991,0.0694860400359539,0.08155041938453013,0.043148791227012706,0.06626297295790995,0.5146545048405757,8,10,3,5,10,10,5,35
deepseek-coder-6.7b,sql_exec_helper_12_safe,sql_exec_helper_12,safe,clean_heldout,clean,-1,15,24281, vulnerable,210.82528686523438,1.000000262983138,86,0.025265315575626588,0.06377565845495806,0.05258058639070672,0.055436404519433484,0.06593951085569175,0.026974389361006098,0.04820640918389311,0.6618219886418223,8,10,3,5,10,10,5,35
deepseek-coder-6.7b,sql_exec_helper_12_safe,sql_exec_helper_12,safe,clean_heldout,clean,-1,15,5723, safe,59.907066345214844,1.0000000004974758,86,0.052960632516423224,0.10390749921175937,0.022969013378671403,0.11771338675996437,0.07758400931172624,0.053176212272083606,0.06369301140826086,0.5079962356385869,8,10,3,5,10,10,5,35
deepseek-coder-6.7b,sql_exec_helper_12_safe,sql_exec_helper_12,safe,clean_heldout,clean,-1,19,24281, vulnerable,210.82528686523438,1.0000001725037213,86,0.017561340312815088,0.038480162494075994,0.04378968203688869,0.056040899967125704,0.03761069779638452,0.02421738302485142,0.024669626060794713,0.7576303808107852,8,10,3,5,10,10,5,35
deepseek-coder-6.7b,sql_exec_helper_12_safe,sql_exec_helper_12,safe,clean_heldout,clean,-1,19,5723, safe,59.907066345214844,0.9999999690010323,86,0.04599127981241799,0.06555777150340818,0.02944678289850383,0.042177190707207296,0.08025150505566063,0.06155855420016762,0.04448111395486472,0.630535770868802,8,10,3,5,10,10,5,35
deepseek-coder-6.7b,sql_exec_helper_12_safe,sql_exec_helper_12,safe,clean_heldout,clean,-1,23,24281, vulnerable,210.82528686523438,1.0000001725655665,86,0.01612269459032989,0.03213922181173935,0.026438059114414415,0.055568318755687886,0.03626734225490578,0.02244483981495943,0.011153834442255378,0.7998658617812744,8,10,3,5,10,10,5,35
deepseek-coder-6.7b,sql_exec_helper_12_safe,sql_exec_helper_12,safe,clean_heldout,clean,-1,23,5723, safe,59.907066345214844,1.0000001166270087,86,0.04080309691703711,0.06503389678476464,0.018666192621208055,0.061130676413060824,0.0954460028343869,0.06251984630398164,0.049911836224658016,0.6064885685279116,8,10,3,5,10,10,5,35
deepseek-coder-6.7b,sql_exec_helper_12_safe,sql_exec_helper_12,safe,clean_heldout,clean,-1,27,24281, vulnerable,210.82528686523438,1.0000001331525523,86,0.014602357749347124,0.02833216654932029,0.025962310867177894,0.05186030351201913,0.026098876139490548,0.014433011460132492,0.006993300828150514,0.8317178060469144,8,10,3,5,10,10,5,35
deepseek-coder-6.7b,sql_exec_helper_12_safe,sql_exec_helper_12,safe,clean_heldout,clean,-1,27,5723, safe,59.907066345214844,0.999999983085819,86,0.03310390367834802,0.06272115216988963,0.01943296716665357,0.1034201158435937,0.07996082042899394,0.04224042785507235,0.03441724207251043,0.6247033538707573,8,10,3,5,10,10,5,35
deepseek-coder-6.7b,sql_exec_helper_14_unsafe,sql_exec_helper_14,unsafe,clean_heldout,clean,-1,0,24281, vulnerable,175.85791015625,1.0000006887399229,87,0.05736121041137581,0.0939302095962555,0.009751756061961346,0.038719420284667086,0.006558064718258667,0.016034079018647816,0.06683571680496067,0.7108102318437963,8,10,3,5,10,11,5,35
deepseek-coder-6.7b,sql_exec_helper_14_unsafe,sql_exec_helper_14,unsafe,clean_heldout,clean,-1,0,5723, safe,71.46940612792969,1.0000013330780895,87,0.07209414552288787,0.09733809359563879,0.009763745398986915,0.023562109728527618,0.022709191563534344,0.0055130113408790975,0.04903022432956152,0.7199908115980733,8,10,3,5,10,11,5,35
deepseek-coder-6.7b,sql_exec_helper_14_unsafe,sql_exec_helper_14,unsafe,clean_heldout,clean,-1,3,24281, vulnerable,175.85791015625,1.0000004076345566,87,0.061651453053305466,0.0948744377343596,0.007297817342465512,0.03877421918085594,0.005160078903360635,0.020003287638896673,0.05168127185136447,0.7205578419299482,8,10,3,5,10,11,5,35
deepseek-coder-6.7b,sql_exec_helper_14_unsafe,sql_exec_helper_14,unsafe,clean_heldout,clean,-1,3,5723, safe,71.46940612792969,1.0000010552036303,87,0.07858228680651676,0.09052652450249464,0.012566543046590294,0.035301196740443,0.016860967924641864,0.005046954313950325,0.04154182258744146,0.719574759281552,8,10,3,5,10,11,5,35
deepseek-coder-6.7b,sql_exec_helper_14_unsafe,sql_exec_helper_14,unsafe,clean_heldout,clean,-1,7,24281, vulnerable,175.85791015625,1.00000039358988,87,0.06546144736471915,0.10190177939108849,0.0042025873370740915,0.04935374483818863,0.010363811627149323,0.03571012425332043,0.07052985549910784,0.6624770432792316,8,10,3,5,10,11,5,35
deepseek-coder-6.7b,sql_exec_helper_14_unsafe,sql_exec_helper_14,unsafe,clean_heldout,clean,-1,7,5723, safe,71.46940612792969,1.0000009821775344,87,0.09091955251453196,0.1314691892916336,0.01023484617834026,0.04372933685698038,0.041500265995547646,0.02083258941581645,0.06937675017437693,0.5919384517503069,8,10,3,5,10,11,5,35
deepseek-coder-6.7b,sql_exec_helper_14_unsafe,sql_exec_helper_14,unsafe,clean_heldout,clean,-1,11,24281, vulnerable,175.85791015625,1.0000005087858845,87,0.05995188369564349,0.08406422841288659,0.0066044492008758525,0.06578138857075265,0.015697199085347353,0.055027896355953364,0.059950504394014704,0.6529229590704105,8,10,3,5,10,11,5,35
deepseek-coder-6.7b,sql_exec_helper_14_unsafe,sql_exec_helper_14,unsafe,clean_heldout,clean,-1,11,5723, safe,71.46940612792969,1.0000009781639658,87,0.0867646508992248,0.10192765633329876,0.011497268575066628,0.0691969072806827,0.06041722610598317,0.06360444208794949,0.054230918122049554,0.5523619087597108,8,10,3,5,10,11,5,35
deepseek-coder-6.7b,sql_exec_helper_14_unsafe,sql_exec_helper_14,unsafe,clean_heldout,clean,-1,15,24281, vulnerable,175.85791015625,1.000000467721623,87,0.0388956862289533,0.0469573485566535,0.007733281076030732,0.06673903977607769,0.016393650997291308,0.04779898236613759,0.05527407254816237,0.7202084061723162,8,10,3,5,10,11,5,35
deepseek-coder-6.7b,sql_exec_helper_14_unsafe,sql_exec_helper_14,unsafe,clean_heldout,clean,-1,15,5723, safe,71.46940612792969,1.0000009664881304,87,0.05335246454002065,0.04238170358752655,0.03749546694027886,0.12879502348937907,0.03184738494778513,0.04186153052268886,0.05086786218148054,0.6133995302789708,8,10,3,5,10,11,5,35
deepseek-coder-6.7b,sql_exec_helper_14_unsafe,sql_exec_helper_14,unsafe,clean_heldout,clean,-1,19,24281, vulnerable,175.85791015625,1.0000004708461927,87,0.027010262523368713,0.03155989724986147,0.008244413332539481,0.057339888389277976,0.01422798119179893,0.03687707742670021,0.030532489504265348,0.7942084612283806,8,10,3,5,10,11,5,35
deepseek-coder-6.7b,sql_exec_helper_14_unsafe,sql_exec_helper_14,unsafe,clean_heldout,clean,-1,19,5723, safe,71.46940612792969,1.0000008486351661,87,0.05035178900286818,0.04286381551371327,0.009304267705343651,0.03515155714813062,0.03534495245509727,0.037409749211193895,0.03247587765720665,0.7570988399416128,8,10,3,5,10,11,5,35
deepseek-coder-6.7b,sql_exec_helper_14_unsafe,sql_exec_helper_14,unsafe,clean_heldout,clean,-1,23,24281, vulnerable,175.85791015625,1.0000003770561392,87,0.024077621362220157,0.027212105285325756,0.007086767797213481,0.05666684867776631,0.0154685903897711,0.030135685437601235,0.010137900187344513,0.8292148579188967,8,10,3,5,10,11,5,35
deepseek-coder-6.7b,sql_exec_helper_14_unsafe,sql_exec_helper_14,unsafe,clean_heldout,clean,-1,23,5723, safe,71.46940612792969,1.0000008816298263,87,0.04589399713807259,0.0458331425793714,0.01901824047721528,0.045251723189853196,0.047203012790217234,0.03754461824614967,0.03914899041919639,0.7201071567897506,8,10,3,5,10,11,5,35
deepseek-coder-6.7b,sql_exec_helper_14_unsafe,sql_exec_helper_14,unsafe,clean_heldout,clean,-1,27,24281, vulnerable,175.85791015625,1.0000003119591694,87,0.020605848854448428,0.02287036210666188,0.007122574562398959,0.06006911636908521,0.013105583854491863,0.02168498718985179,0.0026781881423576636,0.8518636508798736,8,10,3,5,10,11,5,35
deepseek-coder-6.7b,sql_exec_helper_14_unsafe,sql_exec_helper_14,unsafe,clean_heldout,clean,-1,27,5723, safe,71.46940612792969,1.0000006547850229,87,0.03947835958704985,0.04728174513798862,0.016518185567429056,0.10625910439950284,0.03829856520144806,0.023394847339051745,0.024682216200738114,0.7040876313518145,8,10,3,5,10,11,5,35
deepseek-coder-6.7b,sql_exec_helper_14_safe,sql_exec_helper_14,safe,clean_heldout,clean,-1,0,24281, vulnerable,171.47491455078125,1.0000006091360494,88,0.04488991072239968,0.09075327683715112,0.0017215922539861076,0.04314541637811249,0.01356599962254834,0.02542088456131627,0.06464012969115118,0.7158633990693846,8,10,4,5,10,11,5,35
deepseek-coder-6.7b,sql_exec_helper_14_safe,sql_exec_helper_14,safe,clean_heldout,clean,-1,0,5723, safe,61.84344482421875,1.0000015917891985,88,0.0627177053376375,0.08451493491564263,0.017971398130876053,0.009594855012799866,0.03205841853352652,0.0020180448381170208,0.05970407212711746,0.731422162893481,8,10,4,5,10,11,5,35
deepseek-coder-6.7b,sql_exec_helper_14_safe,sql_exec_helper_14,safe,clean_heldout,clean,-1,3,24281, vulnerable,171.47491455078125,1.0000001893984372,88,0.048228229543418495,0.09202601243584142,0.0017233081803634703,0.04551925027118346,0.018980082038278463,0.025229561985538405,0.04937523343064088,0.7189185115131727,8,10,4,5,10,11,5,35
deepseek-coder-6.7b,sql_exec_helper_14_safe,sql_exec_helper_14,safe,clean_heldout,clean,-1,3,5723, safe,61.84344482421875,1.000001089574669,88,0.06716925234100395,0.08403335137534375,0.016655431148734804,0.020950271135524126,0.04289907935610083,-0.0021797955047516662,0.05122939432624997,0.719244105396463,8,10,4,5,10,11,5,35
deepseek-coder-6.7b,sql_exec_helper_14_safe,sql_exec_helper_14,safe,clean_heldout,clean,-1,7,24281, vulnerable,171.47491455078125,1.000000253269899,88,0.05708277280549406,0.0991103141590243,0.0019764021504775635,0.05755684591396165,0.030004676468572977,0.035114338328778014,0.06803165617730993,0.6511232472662806,8,10,4,5,10,11,5,35
deepseek-coder-6.7b,sql_exec_helper_14_safe,sql_exec_helper_14,safe,clean_heldout,clean,-1,7,5723, safe,61.84344482421875,1.000001092947965,88,0.09520427569494065,0.11523140987265026,0.013219322257531016,0.034976051409003076,0.09803310525314818,-0.014816161039317256,0.08338699749606585,0.5747660920039435,8,10,4,5,10,11,5,35
deepseek-coder-6.7b,sql_exec_helper_14_safe,sql_exec_helper_14,safe,clean_heldout,clean,-1,11,24281, vulnerable,171.47491455078125,1.000000323724032,88,0.0660398798183449,0.07205577448626418,0.0111379013609672,0.061427247947325896,0.03568390390026016,0.04894040207938644,0.05362659519106532,0.6510886189404178,8,10,4,5,10,11,5,35
deepseek-coder-6.7b,sql_exec_helper_14_safe,sql_exec_helper_14,safe,clean_heldout,clean,-1,11,5723, safe,61.84344482421875,1.0000012597454142,88,0.11521366537089943,0.08473873872100832,0.034247161857011967,0.036144781677726244,0.10824956508429573,0.028489472943018727,0.0585508484190737,0.53436702567238,8,10,4,5,10,11,5,35
deepseek-coder-6.7b,sql_exec_helper_14_safe,sql_exec_helper_14,safe,clean_heldout,clean,-1,15,24281, vulnerable,171.47491455078125,1.0000002878343535,88,0.04048939462951646,0.04224955503576719,0.03522879129596771,0.06366202923586776,0.04618363589560588,0.04345944178938839,0.04860047859346997,0.6801269613587703,8,10,4,5,10,11,5,35
deepseek-coder-6.7b,sql_exec_helper_14_safe,sql_exec_helper_14,safe,clean_heldout,clean,-1,15,5723, safe,61.84344482421875,1.000001263781322,88,0.05641521966203134,0.03977055234000969,0.04944030067241398,0.068981778265508,0.0610720044509159,0.02671434003688374,0.05557690809207416,0.6420301602614852,8,10,4,5,10,11,5,35
deepseek-coder-6.7b,sql_exec_helper_14_safe,sql_exec_helper_14,safe,clean_heldout,clean,-1,19,24281, vulnerable,171.47491455078125,1.0000002834024562,88,0.027811972504279373,0.028377528903200853,0.02270218844102216,0.05927540275275678,0.017507728742353918,0.03536584676588704,0.026854488475134212,0.7821051268178218,8,10,4,5,10,11,5,35
deepseek-coder-6.7b,sql_exec_helper_14_safe,sql_exec_helper_14,safe,clean_heldout,clean,-1,19,5723, safe,61.84344482421875,1.0000013318496201,88,0.06079824243018457,0.03930185102631168,0.03834736988221236,0.00695696799394987,0.03663962097694143,0.03478194001930096,0.03611618311358923,0.7470591564071302,8,10,4,5,10,11,5,35
deepseek-coder-6.7b,sql_exec_helper_14_safe,sql_exec_helper_14,safe,clean_heldout,clean,-1,23,24281, vulnerable,171.47491455078125,1.0000003308498278,88,0.025039055139574388,0.024206388134767276,0.01987301915391652,0.06351659730614054,0.016388563340440684,0.03026231884715136,0.009009022041261153,0.8117053668865759,8,10,4,5,10,11,5,35
deepseek-coder-6.7b,sql_exec_helper_14_safe,sql_exec_helper_14,safe,clean_heldout,clean,-1,23,5723, safe,61.84344482421875,1.0000011325841953,88,0.052074186841509454,0.04405786855107499,0.045481845058700135,0.02534922670442517,0.05344145878234155,0.042025153458664866,0.041686734325375924,0.6958846588621033,8,10,4,5,10,11,5,35
deepseek-coder-6.7b,sql_exec_helper_14_safe,sql_exec_helper_14,safe,clean_heldout,clean,-1,27,24281, vulnerable,171.47491455078125,1.0000002723118502,88,0.021851403253237908,0.021312456378832997,0.015784658580948595,0.06382910637849512,0.014216066286279408,0.0225774987902832,0.004703105579599574,0.8357259770641734,8,10,4,5,10,11,5,35
deepseek-coder-6.7b,sql_exec_helper_14_safe,sql_exec_helper_14,safe,clean_heldout,clean,-1,27,5723, safe,61.84344482421875,1.0000009414508237,88,0.04278632382876998,0.047103165778524685,0.03510556718856558,0.11180625021897511,0.04495661308367507,0.027517905632062255,0.028392164913565276,0.662332950806686,8,10,4,5,10,11,5,35
deepseek-coder-6.7b,sql_exec_helper_15_unsafe,sql_exec_helper_15,unsafe,clean_heldout,clean,-1,0,24281, vulnerable,183.79551696777344,1.0000005156146432,86,0.061181631629765185,0.10252661786219627,0.009762948562938602,0.04167211126326802,0.0032325818450561795,-0.006110376812314674,0.0680195894295087,0.7197154118342248,8,10,3,5,10,10,5,35
deepseek-coder-6.7b,sql_exec_helper_15_unsafe,sql_exec_helper_15,unsafe,clean_heldout,clean,-1,0,5723, safe,70.24115753173828,1.0000006021277776,86,0.06726110816047949,0.1355785296659308,0.019474938582770454,0.02685724549962478,0.0015942104913287398,-0.013726014604533366,0.054402252476376034,0.7085583318558005,8,10,3,5,10,10,5,35
deepseek-coder-6.7b,sql_exec_helper_15_unsafe,sql_exec_helper_15,unsafe,clean_heldout,clean,-1,3,24281, vulnerable,183.79551696777344,1.0000002966116863,86,0.0647085188907721,0.10384532228694522,0.007019419008278739,0.043701257226360604,0.004491536851437392,-0.007219893767740958,0.05153658671885942,0.7319175493967734,8,10,3,5,10,10,5,35
deepseek-coder-6.7b,sql_exec_helper_15_unsafe,sql_exec_helper_15,unsafe,clean_heldout,clean,-1,3,5723, safe,70.24115753173828,1.0000002912191335,86,0.0728286538908592,0.12862232030792364,0.02847930430454053,0.035775218633769465,-0.0037165755469735808,-0.017197094119152358,0.04723010288457695,0.7079783608635897,8,10,3,5,10,10,5,35
deepseek-coder-6.7b,sql_exec_helper_15_unsafe,sql_exec_helper_15,unsafe,clean_heldout,clean,-1,7,24281, vulnerable,183.79551696777344,1.0000002931660128,86,0.06318050447260296,0.1129830761668962,0.008934474504371463,0.05704109058420919,0.017858650822871854,-0.006109441717320223,0.07327285212984433,0.672839086202537,8,10,3,5,10,10,5,35
deepseek-coder-6.7b,sql_exec_helper_15_unsafe,sql_exec_helper_15,unsafe,clean_heldout,clean,-1,7,5723, safe,70.24115753173828,1.0000003209191362,86,0.08899162939749101,0.1565532586659652,0.03944520702171333,0.050049836731787534,0.026169000548883208,-0.021922551443866817,0.08192562109188696,0.5787883189052756,8,10,3,5,10,10,5,35
deepseek-coder-6.7b,sql_exec_helper_15_unsafe,sql_exec_helper_15,unsafe,clean_heldout,clean,-1,11,24281, vulnerable,183.79551696777344,1.0000002844707543,86,0.04859371655831943,0.08754921453093895,0.017349444646022744,0.057163810071739644,0.020343164171772437,0.02531443961747325,0.06146905771794345,0.6822174371565446,8,10,3,5,10,10,5,35
deepseek-coder-6.7b,sql_exec_helper_15_unsafe,sql_exec_helper_15,unsafe,clean_heldout,clean,-1,11,5723, safe,70.24115753173828,1.000000347967353,86,0.06534518918915286,0.10706550657709445,0.047830197484855785,0.05258703010454727,0.05230467965707787,0.05936071544428108,0.061200984676943807,0.5543060448333998,8,10,3,5,10,10,5,35
deepseek-coder-6.7b,sql_exec_helper_15_unsafe,sql_exec_helper_15,unsafe,clean_heldout,clean,-1,15,24281, vulnerable,183.79551696777344,1.0000002880887116,86,0.023127698437484304,0.0473421947007929,0.014388150104194832,0.06571669986412872,0.026476624554472628,0.01715575364756375,0.05738654781443232,0.748406618965642,8,10,3,5,10,10,5,35
deepseek-coder-6.7b,sql_exec_helper_15_unsafe,sql_exec_helper_15,unsafe,clean_heldout,clean,-1,15,5723, safe,70.24115753173828,1.0000002508589512,86,0.029647115888066334,0.04092709960744981,0.0639603109461977,0.10830952852661159,0.029698766605857012,0.04616768785967891,0.059290746268674956,0.621998995156415,8,10,3,5,10,10,5,35
deepseek-coder-6.7b,sql_exec_helper_15_unsafe,sql_exec_helper_15,unsafe,clean_heldout,clean,-1,19,24281, vulnerable,183.79551696777344,1.0000002217290926,86,0.0162989094838384,0.026843964517581732,0.005537824582512918,0.06635079399221427,0.02732397767122078,-0.0010996446345368617,0.030518909877825632,0.8282254862384358,8,10,3,5,10,10,5,35
deepseek-coder-6.7b,sql_exec_helper_15_unsafe,sql_exec_helper_15,unsafe,clean_heldout,clean,-1,19,5723, safe,70.24115753173828,1.0000003650978901,86,0.02980064437711335,0.032700201966891676,0.026541225378935378,0.04306439058506792,0.04342247322848547,0.034691139260128734,0.037107568603408254,0.7526727216978593,8,10,3,5,10,10,5,35
deepseek-coder-6.7b,sql_exec_helper_15_unsafe,sql_exec_helper_15,unsafe,clean_heldout,clean,-1,23,24281, vulnerable,183.79551696777344,1.0000003376658733,86,0.014405830088250415,0.024560107575945254,0.0036825461715196137,0.06316544841962453,0.02501406071544918,0.0056416842366938755,0.012072202935955918,0.8514584575224344,8,10,3,5,10,10,5,35
deepseek-coder-6.7b,sql_exec_helper_15_unsafe,sql_exec_helper_15,unsafe,clean_heldout,clean,-1,23,5723, safe,70.24115753173828,1.0000003240747615,86,0.02741130146279845,0.03636734801154307,0.0269955081342571,0.04499105330696326,0.05530037334464744,0.03725283497599466,0.043184740299510714,0.7284971645390467,8,10,3,5,10,10,5,35
deepseek-coder-6.7b,sql_exec_helper_15_unsafe,sql_exec_helper_15,unsafe,clean_heldout,clean,-1,27,24281, vulnerable,183.79551696777344,1.0000001672874508,86,0.013162858710166288,0.022967753636065416,0.007893742009799237,0.06334936939316109,0.01877139985416833,0.01120612054648267,0.00566213114727878,0.8569867919903289,8,10,3,5,10,10,5,35
deepseek-coder-6.7b,sql_exec_helper_15_unsafe,sql_exec_helper_15,unsafe,clean_heldout,clean,-1,27,5723, safe,70.24115753173828,1.000000282043954,86,0.02481316604462302,0.040899415041645446,0.020403170586618974,0.10103145482988707,0.05424279910197238,0.04517508226680114,0.027663847294629132,0.6857713468777769,8,10,3,5,10,10,5,35
deepseek-coder-6.7b,sql_exec_helper_15_safe,sql_exec_helper_15,safe,clean_heldout,clean,-1,0,24281, vulnerable,156.75262451171875,1.0000004892703664,86,0.05118070711734163,0.11413260139852248,-0.0024695049966374037,0.05588198940310661,0.01760338468329782,-0.009265689478407595,0.0642458997558148,0.7086911013873282,8,10,3,5,10,10,5,35
deepseek-coder-6.7b,sql_exec_helper_15_safe,sql_exec_helper_15,safe,clean_heldout,clean,-1,0,5723, safe,36.91670227050781,1.0000010350410584,86,0.09181695360578701,0.19205717230612604,-0.027266851202253643,-0.004501397902214749,0.004814563262975314,-0.06431111992991703,0.06644530768857779,0.7409464072119777,8,10,3,5,10,10,5,35
deepseek-coder-6.7b,sql_exec_helper_15_safe,sql_exec_helper_15,safe,clean_heldout,clean,-1,3,24281, vulnerable,156.75262451171875,1.000000208565233,86,0.053566667110541144,0.10907316390043893,-0.002836766270171927,0.05757935829166237,0.020696072163213196,-0.005965591075163248,0.05309309579341455,0.7147942086512984,8,10,3,5,10,10,5,35
deepseek-coder-6.7b,sql_exec_helper_15_safe,sql_exec_helper_15,safe,clean_heldout,clean,-1,3,5723, safe,36.91670227050781,1.0000006698956874,86,0.09497087537956632,0.18003379343564685,-0.0169443121536551,0.019769298746901573,0.014523008173001457,-0.0781963365999166,0.06589718921848502,0.7199471536956578,8,10,3,5,10,10,5,35
deepseek-coder-6.7b,sql_exec_helper_15_safe,sql_exec_helper_15,safe,clean_heldout,clean,-1,7,24281, vulnerable,156.75262451171875,1.000000187318957,86,0.05760349596245087,0.11690310980230584,-0.0042433073869311035,0.06919996475570772,0.035570975786873085,-0.0033234132204972506,0.07309988422100927,0.6551894773980388,8,10,3,5,10,10,5,35
deepseek-coder-6.7b,sql_exec_helper_15_safe,sql_exec_helper_15,safe,clean_heldout,clean,-1,7,5723, safe,36.91670227050781,1.0000007499683286,86,0.1119268168860279,0.22383053248713614,-0.03613529651781164,0.045034187802738566,0.08151908621443449,-0.14133463361507428,0.12139468266287382,0.5937653740480033,8,10,3,5,10,10,5,35
deepseek-coder-6.7b,sql_exec_helper_15_safe,sql_exec_helper_15,safe,clean_heldout,clean,-1,11,24281, vulnerable,156.75262451171875,1.0000002522460556,86,0.05445474614314403,0.08911802550255818,0.014306456300484575,0.06643658797104335,0.03753308496718685,0.029504676602894353,0.061567388677803044,0.6470792860809412,8,10,3,5,10,10,5,35
deepseek-coder-6.7b,sql_exec_helper_15_safe,sql_exec_helper_15,safe,clean_heldout,clean,-1,11,5723, safe,36.91670227050781,1.0000008424025306,86,0.10212413374298707,0.16238843668121866,-0.04310550821819331,0.0441009297172501,0.13502356284239245,0.03077122817080344,0.09040027655150736,0.4782977829145647,8,10,3,5,10,10,5,35
deepseek-coder-6.7b,sql_exec_helper_15_safe,sql_exec_helper_15,safe,clean_heldout,clean,-1,15,24281, vulnerable,156.75262451171875,1.0000002659586968,86,0.03440629509914214,0.046588545657671086,0.03828263599867711,0.07197946817683157,0.05461951937908293,0.028139135760581926,0.05937725619290826,0.6666074096938017,8,10,3,5,10,10,5,35
deepseek-coder-6.7b,sql_exec_helper_15_safe,sql_exec_helper_15,safe,clean_heldout,clean,-1,15,5723, safe,36.91670227050781,1.0000005442114095,86,0.06613028637820755,0.07777540799536442,0.03819758711761271,0.1514302046180973,0.09121311032939242,0.046077786694049966,0.08888385270042073,0.4402923083782646,8,10,3,5,10,10,5,35
deepseek-coder-6.7b,sql_exec_helper_15_safe,sql_exec_helper_15,safe,clean_heldout,clean,-1,19,24281, vulnerable,156.75262451171875,1.0000003132280961,86,0.01999057145881407,0.02799529497842907,0.035425193442067224,0.07378147635316668,0.0338721852515261,0.01607893196303225,0.032398989766287696,0.760457670014773,8,10,3,5,10,10,5,35
deepseek-coder-6.7b,sql_exec_helper_15_safe,sql_exec_helper_15,safe,clean_heldout,clean,-1,19,5723, safe,36.91670227050781,1.0000006611669119,86,0.062360807008417056,0.06103206394248376,0.030794631986004226,0.06076754450236176,0.06851301800029905,0.05808484038271486,0.06190939045564439,0.5965383648889867,8,10,3,5,10,10,5,35
deepseek-coder-6.7b,sql_exec_helper_15_safe,sql_exec_helper_15,safe,clean_heldout,clean,-1,23,24281, vulnerable,156.75262451171875,1.0000002977449318,86,0.016397997829944343,0.024647245738390586,0.024013727333959414,0.07047350998335798,0.029203249886275862,0.016941459948417885,0.013718355958104495,0.8046047510664813,8,10,3,5,10,10,5,35
deepseek-coder-6.7b,sql_exec_helper_15_safe,sql_exec_helper_15,safe,clean_heldout,clean,-1,23,5723, safe,36.91670227050781,1.0000005655792505,86,0.05435208890046905,0.06166795963614914,0.023028608225664254,0.07644510081356823,0.09274531368767858,0.06937645223818707,0.07923295791990838,0.5431520841576258,8,10,3,5,10,10,5,35
deepseek-coder-6.7b,sql_exec_helper_15_safe,sql_exec_helper_15,safe,clean_heldout,clean,-1,27,24281, vulnerable,156.75262451171875,1.0000002829866126,86,0.0150937866567181,0.023584956617899184,0.025422345737624766,0.0692820702526492,0.020589471112182834,0.019031671791338155,0.009918504266427139,0.8170774765517733,8,10,3,5,10,10,5,35
deepseek-coder-6.7b,sql_exec_helper_15_safe,sql_exec_helper_15,safe,clean_heldout,clean,-1,27,5723, safe,36.91670227050781,1.000000807487428,86,0.04317894396250857,0.06897338735044937,0.020445656755644956,0.1925139798617245,0.09841631787515298,0.08226806642542303,0.05410230391110114,0.4401021513454236,8,10,3,5,10,10,5,35
deepseek-coder-6.7b,dynamic_exec_direct_01_unsafe,dynamic_exec_direct_01,unsafe,clean_heldout,clean,-1,0,24281, vulnerable,156.79269409179688,1.0000004505245288,46,0.09355353039182648,0.020215406161993896,-0.018441745690699667,0.05780430975773013,-0.0238911915533412,0.009338103214794932,0.37061429420286923,0.49080774403935507,8,6,1,3,2,2,5,19
deepseek-coder-6.7b,dynamic_exec_direct_01_unsafe,dynamic_exec_direct_01,unsafe,clean_heldout,clean,-1,0,5723, safe,49.63641357421875,1.0000009001684171,46,0.18548390614029264,0.048517682025179594,-0.0330480288486959,0.046011385745625466,-0.05420649274724775,0.021054161892907087,0.47624599135805656,0.3099422946022994,8,6,1,3,2,2,5,19
deepseek-coder-6.7b,dynamic_exec_direct_01_unsafe,dynamic_exec_direct_01,unsafe,clean_heldout,clean,-1,3,24281, vulnerable,156.79269409179688,1.0000001175611943,46,0.0912618637929531,0.021367680356062624,-0.023966952282725835,0.0657498802863998,-0.020726084577725453,0.0033337760223500095,0.3427823718656654,0.5201975820982149,8,6,1,3,2,2,5,19
deepseek-coder-6.7b,dynamic_exec_direct_01_unsafe,dynamic_exec_direct_01,unsafe,clean_heldout,clean,-1,3,5723, safe,49.63641357421875,1.0000003561947064,46,0.1801243047355522,0.04674650677494879,-0.04504945304632195,0.07493874333657422,-0.041789004312825326,0.007556675047848552,0.4520631465049499,0.32540943715397985,8,6,1,3,2,2,5,19
deepseek-coder-6.7b,dynamic_exec_direct_01_unsafe,dynamic_exec_direct_01,unsafe,clean_heldout,clean,-1,7,24281, vulnerable,156.79269409179688,1.000000191714082,46,0.09545473473264757,0.03132720909850611,-0.022755981884598864,0.09490154544771548,-0.035084356910363865,0.003171378870090952,0.29469521359577666,0.538290448764308,8,6,1,3,2,2,5,19
deepseek-coder-6.7b,dynamic_exec_direct_01_unsafe,dynamic_exec_direct_01,unsafe,clean_heldout,clean,-1,7,5723, safe,49.63641357421875,1.0000005383448438,46,0.22318965239830107,0.08594676076215842,-0.050428217065809355,0.12585211500437138,-0.06023710298613084,-0.009302963050500435,0.3849969316580441,0.29998336162440936,8,6,1,3,2,2,5,19
deepseek-coder-6.7b,dynamic_exec_direct_01_unsafe,dynamic_exec_direct_01,unsafe,clean_heldout,clean,-1,11,24281, vulnerable,156.79269409179688,1.0000002201064886,46,0.1125249124050685,0.02677558501552372,-0.00312682821437768,0.10298085708855356,-0.0186333257700841,-0.0018952119036557196,0.20481642332707026,0.57655780815839,8,6,1,3,2,2,5,19
deepseek-coder-6.7b,dynamic_exec_direct_01_unsafe,dynamic_exec_direct_01,unsafe,clean_heldout,clean,-1,11,5723, safe,49.63641357421875,1.0000004438924548,46,0.23167962467283765,0.08042382948703572,-0.04167416461777107,0.15968779376982034,-0.028905153886968595,-0.016745651289228742,0.27407616746557073,0.3414579982911588,8,6,1,3,2,2,5,19
deepseek-coder-6.7b,dynamic_exec_direct_01_unsafe,dynamic_exec_direct_01,unsafe,clean_heldout,clean,-1,15,24281, vulnerable,156.79269409179688,1.0000002493661109,46,0.08740015456478262,0.017725527623441102,-0.014399573281413404,0.07535462645074734,-0.002051902633635948,-0.00065086134914612,0.13557539867207802,0.7010468793192572,8,6,1,3,2,2,5,19
deepseek-coder-6.7b,dynamic_exec_direct_01_unsafe,dynamic_exec_direct_01,unsafe,clean_heldout,clean,-1,15,5723, safe,49.63641357421875,1.0000005500528872,46,0.18279664869012474,0.04052758819293269,-0.05701950208916646,0.08970087824687702,0.01987562378534153,-0.009288415956623667,0.18338955691902667,0.5500181722643747,8,6,1,3,2,2,5,19
deepseek-coder-6.7b,dynamic_exec_direct_01_unsafe,dynamic_exec_direct_01,unsafe,clean_heldout,clean,-1,19,24281, vulnerable,156.79269409179688,1.0000002754657413,46,0.04777232801313877,0.017000309543471863,0.009782201413527975,0.07687829403995848,-0.0008828551086626276,-0.001431675621931677,0.07500846261929757,0.775873210566941,8,6,1,3,2,2,5,19
deepseek-coder-6.7b,dynamic_exec_direct_01_unsafe,dynamic_exec_direct_01,unsafe,clean_heldout,clean,-1,19,5723, safe,49.63641357421875,1.0000007197444656,46,0.12503349761291369,0.025242147795923233,0.018922232403937075,0.06526551671440761,0.027349081062448433,-0.0016946005933189704,0.10307452836590662,0.6368083163822478,8,6,1,3,2,2,5,19
deepseek-coder-6.7b,dynamic_exec_direct_01_unsafe,dynamic_exec_direct_01,unsafe,clean_heldout,clean,-1,23,24281, vulnerable,156.79269409179688,1.0000001768466775,46,0.03395502520630615,0.01288413761903914,0.009285541576249912,0.06227771107389607,-0.0028875158190799412,-0.0017132845772193958,0.04504887853470797,0.8411496832327776,8,6,1,3,2,2,5,19
deepseek-coder-6.7b,dynamic_exec_direct_01_unsafe,dynamic_exec_direct_01,unsafe,clean_heldout,clean,-1,23,5723, safe,49.63641357421875,1.0000004635747266,46,0.08518326769119709,0.028605457000978406,0.018176954797028685,0.1010833155995502,0.02505984395289139,0.009056508435785798,0.11452053859324643,0.6183145775040486,8,6,1,3,2,2,5,19
deepseek-coder-6.7b,dynamic_exec_direct_01_unsafe,dynamic_exec_direct_01,unsafe,clean_heldout,clean,-1,27,24281, vulnerable,156.79269409179688,1.000000163986937,46,0.03218561447240169,0.01303590443453127,0.006012904787921171,0.04235893033775463,-0.004282020815203756,4.791735362193205e-06,0.005459443506110759,0.9052245955280589,8,6,1,3,2,2,5,19
deepseek-coder-6.7b,dynamic_exec_direct_01_unsafe,dynamic_exec_direct_01,unsafe,clean_heldout,clean,-1,27,5723, safe,49.63641357421875,1.0000004048281175,46,0.0869977655541321,0.030248113002029377,0.015275293350972588,0.09240033878058279,0.026129915293614577,-0.008136552224396645,0.051644667469182795,0.705440863602,8,6,1,3,2,2,5,19
deepseek-coder-6.7b,dynamic_exec_direct_01_safe,dynamic_exec_direct_01,safe,clean_heldout,clean,-1,0,24281, vulnerable,153.8673858642578,1.0000003939137123,46,0.09414517225079727,0.02107272756845771,-0.014240935483688625,0.0527525497477254,-0.02354134253047917,0.022397601888881166,0.3666677442454288,0.4807468762265896,8,6,1,3,2,2,5,19
deepseek-coder-6.7b,dynamic_exec_direct_01_safe,dynamic_exec_direct_01,safe,clean_heldout,clean,-1,0,5723, safe,49.79777145385742,1.0000005857495664,46,0.20890069614853263,0.051107659282516024,-0.019966658973094225,0.034292111843119755,-0.02567545474107273,0.01613483717068133,0.45092520650654083,0.2842821885123427,8,6,1,3,2,2,5,19
deepseek-coder-6.7b,dynamic_exec_direct_01_safe,dynamic_exec_direct_01,safe,clean_heldout,clean,-1,3,24281, vulnerable,153.8673858642578,1.0000001502537492,46,0.09048393449765059,0.025012493742083877,-0.009484236673967777,0.05252186341867539,-0.020393636985783115,0.012658462416969982,0.3371429301921473,0.5120583396459729,8,6,1,3,2,2,5,19
deepseek-coder-6.7b,dynamic_exec_direct_01_safe,dynamic_exec_direct_01,safe,clean_heldout,clean,-1,3,5723, safe,49.79777145385742,1.000000073237398,46,0.19443345530214273,0.055480004351285916,-0.01789966410776864,0.04838574433532322,-0.019789347567182855,0.007751126013247704,0.4187148357553787,0.312923919154971,8,6,1,3,2,2,5,19
deepseek-coder-6.7b,dynamic_exec_direct_01_safe,dynamic_exec_direct_01,safe,clean_heldout,clean,-1,7,24281, vulnerable,153.8673858642578,1.0000000915661746,46,0.10368892011069578,0.027454966149688766,-0.021793477032043207,0.08699285289313519,-0.03967618841354589,0.0061393241246364355,0.30356726692787966,0.5336264268057277,8,6,1,3,2,2,5,19
deepseek-coder-6.7b,dynamic_exec_direct_01_safe,dynamic_exec_direct_01,safe,clean_heldout,clean,-1,7,5723, safe,49.79777145385742,1.0000002184404513,46,0.2334474033958415,0.09072747598146097,-0.03862776938923887,0.12219497564268078,-0.05649865441639529,-0.004572059188749173,0.3746088365891725,0.2787200098256788,8,6,1,3,2,2,5,19
deepseek-coder-6.7b,dynamic_exec_direct_01_safe,dynamic_exec_direct_01,safe,clean_heldout,clean,-1,11,24281, vulnerable,153.8673858642578,1.0000002829787011,46,0.12742262007652855,0.027404885117604597,-0.030187338857478388,0.08211956840802817,-0.020691485530134168,0.0033723697151029474,0.21491193566462147,0.595647728384428,8,6,1,3,2,2,5,19
deepseek-coder-6.7b,dynamic_exec_direct_01_safe,dynamic_exec_direct_01,safe,clean_heldout,clean,-1,11,5723, safe,49.79777145385742,1.0000005273990349,46,0.2654761717327743,0.08009010077331893,-0.056002151838333555,0.1270726922710698,-0.020700043164311958,-0.006064144520260052,0.2544626555329528,0.35566524661182464,8,6,1,3,2,2,5,19
deepseek-coder-6.7b,dynamic_exec_direct_01_safe,dynamic_exec_direct_01,safe,clean_heldout,clean,-1,15,24281, vulnerable,153.8673858642578,1.0000002651835826,46,0.08754890013349187,0.020860743521606086,-0.0165687085953157,0.05925776523616519,-0.012821252451815788,0.0028345058416038987,0.14391060875521738,0.7149777027426298,8,6,1,3,2,2,5,19
deepseek-coder-6.7b,dynamic_exec_direct_01_safe,dynamic_exec_direct_01,safe,clean_heldout,clean,-1,15,5723, safe,49.79777145385742,1.0000003499535723,46,0.15988079509470796,0.04983143216688829,-0.044435293059613745,0.05839959204755532,0.018448260244969678,-0.00457209389983459,0.16955122988030583,0.5928964274785937,8,6,1,3,2,2,5,19
deepseek-coder-6.7b,dynamic_exec_direct_01_safe,dynamic_exec_direct_01,safe,clean_heldout,clean,-1,19,24281, vulnerable,153.8673858642578,1.0000002360698004,46,0.05496634974947696,0.018600292551341886,0.0020731879626021917,0.06447154999309292,-0.015718411249896248,0.0018645710669200554,0.08156835727561182,0.7921743387206508,8,6,1,3,2,2,5,19
deepseek-coder-6.7b,dynamic_exec_direct_01_safe,dynamic_exec_direct_01,safe,clean_heldout,clean,-1,19,5723, safe,49.79777145385742,1.0000003579580683,46,0.12767167962805728,0.027324442407587315,-0.0005361584969826157,0.05456421998934135,0.02984033973161255,0.0010282440894251012,0.08848966726633378,0.6716179233426937,8,6,1,3,2,2,5,19
deepseek-coder-6.7b,dynamic_exec_direct_01_safe,dynamic_exec_direct_01,safe,clean_heldout,clean,-1,23,24281, vulnerable,153.8673858642578,1.0000001916788481,46,0.03769584496868409,0.013011917220336995,-0.002906471140979048,0.05329878095859043,-0.019289740752493116,0.0015189535000751943,0.052147780877073974,0.8645231260475597,8,6,1,3,2,2,5,19
deepseek-coder-6.7b,dynamic_exec_direct_01_safe,dynamic_exec_direct_01,safe,clean_heldout,clean,-1,23,5723, safe,49.79777145385742,1.0000004605203487,46,0.08165219357637898,0.02636252028037058,0.016485359735539256,0.07425075571538849,0.030737503990099113,0.012406169233288905,0.10847653826507925,0.6496294197242043,8,6,1,3,2,2,5,19
deepseek-coder-6.7b,dynamic_exec_direct_01_safe,dynamic_exec_direct_01,safe,clean_heldout,clean,-1,27,24281, vulnerable,153.8673858642578,1.0000002859808708,46,0.03440991183387751,0.013241275888278394,-0.0014781364372204752,0.0382929707027661,-0.018198895628610413,0.0014781068513227285,0.012339758138967937,0.919915294631489,8,6,1,3,2,2,5,19
deepseek-coder-6.7b,dynamic_exec_direct_01_safe,dynamic_exec_direct_01,safe,clean_heldout,clean,-1,27,5723, safe,49.79777145385742,1.0000003471856624,46,0.07972488816291759,0.02990727347670138,0.007875358783354337,0.0697335870212561,0.024996294053011497,0.0015022766258825614,0.046727726849247676,0.7395329422132915,8,6,1,3,2,2,5,19
deepseek-coder-6.7b,dynamic_exec_direct_03_unsafe,dynamic_exec_direct_03,unsafe,clean_heldout,clean,-1,0,24281, vulnerable,164.79153442382812,1.0000004237735403,46,0.08240367166358072,0.019169241826298998,-0.022306759164401342,0.048025740342475094,0.0020774819399065423,0.019226326920794113,0.3759659486750561,0.47543877156983,8,6,1,3,2,2,5,19
deepseek-coder-6.7b,dynamic_exec_direct_03_unsafe,dynamic_exec_direct_03,unsafe,clean_heldout,clean,-1,0,5723, safe,39.499855041503906,1.000001710150301,46,0.17560566331460986,0.04647046886468278,-0.056597211156340387,0.040888760197713106,-0.020166217593062058,0.009293591828309022,0.5290790988227512,0.2754275558716375,8,6,1,3,2,2,5,19
deepseek-coder-6.7b,dynamic_exec_direct_03_unsafe,dynamic_exec_direct_03,unsafe,clean_heldout,clean,-1,3,24281, vulnerable,164.79153442382812,1.0000001600962451,46,0.08313645727037745,0.024794374091749272,-0.020780340345884888,0.05111124159218828,0.003112148752039162,0.016973232285422905,0.34285481938118306,0.4987982270691697,8,6,1,3,2,2,5,19
deepseek-coder-6.7b,dynamic_exec_direct_03_unsafe,dynamic_exec_direct_03,unsafe,clean_heldout,clean,-1,3,5723, safe,39.499855041503906,1.0000012177735742,46,0.17550101339585356,0.048199383262252656,-0.049149132273905924,0.06425097661437132,-0.011832280666174137,0.009131763869372698,0.48538632628215345,0.2785131672896506,8,6,1,3,2,2,5,19
deepseek-coder-6.7b,dynamic_exec_direct_03_unsafe,dynamic_exec_direct_03,unsafe,clean_heldout,clean,-1,7,24281, vulnerable,164.79153442382812,1.0000001003709869,46,0.10048820120639866,0.01674589254288375,-0.009793725621026655,0.07878614206236462,-0.0008492673124854966,0.019494051608051573,0.28749549296291094,0.5076333129218895,8,6,1,3,2,2,5,19
deepseek-coder-6.7b,dynamic_exec_direct_03_unsafe,dynamic_exec_direct_03,unsafe,clean_heldout,clean,-1,7,5723, safe,39.499855041503906,1.0000012179386193,46,0.2250800427298967,0.06743226133609055,-0.04559252364879547,0.1284499113924662,-0.031597512953117676,0.030719619325616995,0.3704463121641002,0.25506310759236195,8,6,1,3,2,2,5,19
deepseek-coder-6.7b,dynamic_exec_direct_03_unsafe,dynamic_exec_direct_03,unsafe,clean_heldout,clean,-1,11,24281, vulnerable,164.79153442382812,1.0000002256538716,46,0.1054286315357304,0.023641485719732503,0.013475530179879623,0.07680530128721164,0.01089013415368353,0.024729737934196427,0.20881997274909264,0.5362094320943449,8,6,1,3,2,2,5,19
deepseek-coder-6.7b,dynamic_exec_direct_03_unsafe,dynamic_exec_direct_03,unsafe,clean_heldout,clean,-1,11,5723, safe,39.499855041503906,1.0000012254835389,46,0.21402029749315526,0.06047026822641277,0.008032944438006112,0.14536335728392558,0.013228182054680748,0.04510279952726553,0.27577054979526106,0.23801282666483167,8,6,1,3,2,2,5,19
deepseek-coder-6.7b,dynamic_exec_direct_03_unsafe,dynamic_exec_direct_03,unsafe,clean_heldout,clean,-1,15,24281, vulnerable,164.79153442382812,1.000000142666959,46,0.09124768673630375,0.017902698887327533,0.007671767940507666,0.05685266458717948,0.017993321974998006,0.023383157158415664,0.14442283161109887,0.6405260137711279,8,6,1,3,2,2,5,19
deepseek-coder-6.7b,dynamic_exec_direct_03_unsafe,dynamic_exec_direct_03,unsafe,clean_heldout,clean,-1,15,5723, safe,39.499855041503906,1.0000011087259106,46,0.22443947624074695,0.04628133706837025,-0.0071439929765853985,0.055466174918997746,0.03787170347380162,0.04221838437320431,0.20039782851182802,0.4004701971155471,8,6,1,3,2,2,5,19
deepseek-coder-6.7b,dynamic_exec_direct_03_unsafe,dynamic_exec_direct_03,unsafe,clean_heldout,clean,-1,19,24281, vulnerable,164.79153442382812,1.000000189891056,46,0.05473995509842598,0.018122162016678142,0.013469443538561625,0.06451917363052509,0.015784384786659503,0.021883872867571905,0.08655144527334266,0.7249297526792912,8,6,1,3,2,2,5,19
deepseek-coder-6.7b,dynamic_exec_direct_03_unsafe,dynamic_exec_direct_03,unsafe,clean_heldout,clean,-1,19,5723, safe,39.499855041503906,1.0000010421419967,46,0.1710859438377323,0.04345476843435075,0.02951305089983727,0.0566624317033893,0.02848976969284331,0.035415230868498696,0.11522034484506961,0.5201595018602753,8,6,1,3,2,2,5,19
deepseek-coder-6.7b,dynamic_exec_direct_03_unsafe,dynamic_exec_direct_03,unsafe,clean_heldout,clean,-1,23,24281, vulnerable,164.79153442382812,1.0000001754909844,46,0.035680747068763535,0.014719267587317536,0.011230138249138084,0.053113515461266886,0.0125805465052152,0.019064638122654003,0.048173878153155096,0.805437444343474,8,6,1,3,2,2,5,19
deepseek-coder-6.7b,dynamic_exec_direct_03_unsafe,dynamic_exec_direct_03,unsafe,clean_heldout,clean,-1,23,5723, safe,39.499855041503906,1.0000010023897024,46,0.1257445522663731,0.04723326498202196,0.03788211093566658,0.1272953093537686,0.031307537555590965,0.030858601268512212,0.14537039820273984,0.454309227825029,8,6,1,3,2,2,5,19
deepseek-coder-6.7b,dynamic_exec_direct_03_unsafe,dynamic_exec_direct_03,unsafe,clean_heldout,clean,-1,27,24281, vulnerable,164.79153442382812,1.000000160921367,46,0.030729164957647163,0.01664079535985673,0.0083538146571161,0.04606439740011323,0.004602587013246939,0.011284653891583465,0.00612960444071165,0.8761951432010917,8,6,1,3,2,2,5,19
deepseek-coder-6.7b,dynamic_exec_direct_03_unsafe,dynamic_exec_direct_03,unsafe,clean_heldout,clean,-1,27,5723, safe,39.499855041503906,1.0000008619127336,46,0.10895175491808028,0.05472863226002327,0.04165186957067598,0.14418144188239101,0.03841759046660196,0.017199864613965707,0.0745954912165066,0.520274216984489,8,6,1,3,2,2,5,19
deepseek-coder-6.7b,dynamic_exec_direct_03_safe,dynamic_exec_direct_03,safe,clean_heldout,clean,-1,0,24281, vulnerable,206.9306640625,1.0000002451189223,46,0.06701738503572048,0.015962285792999138,0.00245046199065392,0.05339238218526056,0.00854390854456263,0.028822772310957683,0.36359831354716265,0.46021273571160526,8,6,1,3,2,2,5,19
deepseek-coder-6.7b,dynamic_exec_direct_03_safe,dynamic_exec_direct_03,safe,clean_heldout,clean,-1,0,5723, safe,72.37730407714844,1.0000012165548664,46,0.10553213324971528,0.03469960370592433,0.013350565751006837,0.07264680999541144,0.0036999030241271977,0.028138048122264177,0.42572846811286036,0.31620568459355686,8,6,1,3,2,2,5,19
deepseek-coder-6.7b,dynamic_exec_direct_03_safe,dynamic_exec_direct_03,safe,clean_heldout,clean,-1,3,24281, vulnerable,206.9306640625,1.0000000493271284,46,0.06763829987673016,0.021253059068308947,0.008888615446493461,0.06171551287299962,0.010776797429514694,0.019665215855536534,0.3294065993011659,0.48065594947637913,8,6,1,3,2,2,5,19
deepseek-coder-6.7b,dynamic_exec_direct_03_safe,dynamic_exec_direct_03,safe,clean_heldout,clean,-1,3,5723, safe,72.37730407714844,1.000000709198061,46,0.10378270666067368,0.037273563210429336,0.01839070418044833,0.09860593526389434,0.00554538443308367,0.020033835188767612,0.38197373966941717,0.33439484059134655,8,6,1,3,2,2,5,19
deepseek-coder-6.7b,dynamic_exec_direct_03_safe,dynamic_exec_direct_03,safe,clean_heldout,clean,-1,7,24281, vulnerable,206.9306640625,1.0000000596606216,46,0.09277915282192674,0.01537497472060285,0.010088312271852598,0.09943213492286347,0.0065602263607141675,0.014602011526937322,0.29000509259897644,0.4711581544367481,8,6,1,3,2,2,5,19
deepseek-coder-6.7b,dynamic_exec_direct_03_safe,dynamic_exec_direct_03,safe,clean_heldout,clean,-1,7,5723, safe,72.37730407714844,1.000000585733389,46,0.13382458429622276,0.050843354415639655,0.017862788956424815,0.17370628298455154,-0.0044786084912273455,0.025000759621058587,0.329362525974692,0.2738788979760269,8,6,1,3,2,2,5,19
deepseek-coder-6.7b,dynamic_exec_direct_03_safe,dynamic_exec_direct_03,safe,clean_heldout,clean,-1,11,24281, vulnerable,206.9306640625,1.0000000991223243,46,0.09848226495222694,0.022836437743906736,0.009555090767492579,0.09908214821794314,0.022416539339978562,0.01595566256837048,0.20364030445114917,0.5280316510812566,8,6,1,3,2,2,5,19
deepseek-coder-6.7b,dynamic_exec_direct_03_safe,dynamic_exec_direct_03,safe,clean_heldout,clean,-1,11,5723, safe,72.37730407714844,1.00000054671881,46,0.14154696000113529,0.05399085650127053,-0.0013293648524377128,0.18504981691090144,0.01840461622343184,0.02380212922573308,0.22663685375814907,0.35189867895062626,8,6,1,3,2,2,5,19
deepseek-coder-6.7b,dynamic_exec_direct_03_safe,dynamic_exec_direct_03,safe,clean_heldout,clean,-1,15,24281, vulnerable,206.9306640625,1.0000001298257613,46,0.06501899126988694,0.020414868515574097,0.012991723462637508,0.07217148838822636,0.02260510118123428,0.01518808722930908,0.13912462458728475,0.6524852451916081,8,6,1,3,2,2,5,19
deepseek-coder-6.7b,dynamic_exec_direct_03_safe,dynamic_exec_direct_03,safe,clean_heldout,clean,-1,15,5723, safe,72.37730407714844,1.0000005938657155,46,0.10956787860791672,0.040728953491281625,0.006201864533041105,0.16267593298068295,0.020945543929129583,0.024956173060203205,0.15499677225285186,0.4799274750106083,8,6,1,3,2,2,5,19
deepseek-coder-6.7b,dynamic_exec_direct_03_safe,dynamic_exec_direct_03,safe,clean_heldout,clean,-1,19,24281, vulnerable,206.9306640625,1.0000001785498025,46,0.04280688745708595,0.017797523785532628,0.007120700059315375,0.06198433106817937,0.01670697882181555,0.01316094330876263,0.0873500781650493,0.7530727358840617,8,6,1,3,2,2,5,19
deepseek-coder-6.7b,dynamic_exec_direct_03_safe,dynamic_exec_direct_03,safe,clean_heldout,clean,-1,19,5723, safe,72.37730407714844,1.0000005141380335,46,0.10874326523131798,0.02740945574951382,0.007796255935190106,0.09117702228090446,0.01670165085091262,0.021804624370087695,0.0947732752009985,0.6315949645191083,8,6,1,3,2,2,5,19
deepseek-coder-6.7b,dynamic_exec_direct_03_safe,dynamic_exec_direct_03,safe,clean_heldout,clean,-1,23,24281, vulnerable,206.9306640625,1.000000118025056,46,0.03155238555803212,0.012832059181396393,0.0068687223977775755,0.0460607787680951,0.013983354572216986,0.011117045159046171,0.05339557397450914,0.8241901984139824,8,6,1,3,2,2,5,19
deepseek-coder-6.7b,dynamic_exec_direct_03_safe,dynamic_exec_direct_03,safe,clean_heldout,clean,-1,23,5723, safe,72.37730407714844,1.0000006064244982,46,0.06841181193237926,0.028040539468842912,0.015811973509477224,0.08308906988275246,0.017745476749771626,0.02013454756706222,0.10174269506093728,0.6650244922532751,8,6,1,3,2,2,5,19
deepseek-coder-6.7b,dynamic_exec_direct_03_safe,dynamic_exec_direct_03,safe,clean_heldout,clean,-1,27,24281, vulnerable,206.9306640625,1.000000112849308,46,0.02610799698812616,0.014776584059584397,0.00393246783676518,0.040601164641929144,0.004879853448384563,0.00770772370667559,0.01658666160265678,0.8854076605651862,8,6,1,3,2,2,5,19
deepseek-coder-6.7b,dynamic_exec_direct_03_safe,dynamic_exec_direct_03,safe,clean_heldout,clean,-1,27,5723, safe,72.37730407714844,1.0000004304985997,46,0.06079564595552714,0.03091890313578425,0.008068112815625514,0.08048262362546141,0.02408630483080518,0.010496734533680425,0.04986723662007552,0.7352848689816402,8,6,1,3,2,2,5,19
deepseek-coder-6.7b,dynamic_exec_direct_05_unsafe,dynamic_exec_direct_05,unsafe,clean_heldout,clean,-1,0,24281, vulnerable,207.87112426757812,1.0000003394983294,46,0.05080901560133375,0.01822132566027654,0.0006278709056868503,0.0394721230856515,0.021715438308492332,0.03073865358045582,0.3711244745988084,0.4672914377576241,8,6,1,3,2,2,5,19
deepseek-coder-6.7b,dynamic_exec_direct_05_unsafe,dynamic_exec_direct_05,unsafe,clean_heldout,clean,-1,0,5723, safe,68.52493286132812,1.000000285220791,46,0.10636729410782828,0.022304446531515122,0.004972161711452175,0.042575573153258855,0.03167431937996148,0.01797471525435051,0.4413831744882128,0.33274860059421163,8,6,1,3,2,2,5,19
deepseek-coder-6.7b,dynamic_exec_direct_05_unsafe,dynamic_exec_direct_05,unsafe,clean_heldout,clean,-1,3,24281, vulnerable,207.87112426757812,1.0000000415053911,46,0.049017243777353475,0.022727682326637286,-0.0008503762182851672,0.048292844808450267,0.022006903359029502,0.029235127020914273,0.34297686079860135,0.4865937556326902,8,6,1,3,2,2,5,19
deepseek-coder-6.7b,dynamic_exec_direct_05_unsafe,dynamic_exec_direct_05,unsafe,clean_heldout,clean,-1,3,5723, safe,68.52493286132812,1.0000000686889297,46,0.10312233355392074,0.02508858039558908,-0.001893057550352383,0.06509803266642172,0.036380771109589496,0.012733491448888783,0.41699799227178597,0.3424719247930863,8,6,1,3,2,2,5,19
deepseek-coder-6.7b,dynamic_exec_direct_05_unsafe,dynamic_exec_direct_05,unsafe,clean_heldout,clean,-1,7,24281, vulnerable,207.87112426757812,0.9999999612903088,46,0.05571624653301094,0.022347805703243448,0.012983433463318986,0.06942053007507427,0.018594184718435134,0.036770796814323846,0.30092911700631914,0.48323784697658295,8,6,1,3,2,2,5,19
deepseek-coder-6.7b,dynamic_exec_direct_05_unsafe,dynamic_exec_direct_05,unsafe,clean_heldout,clean,-1,7,5723, safe,68.52493286132812,1.000000145043185,46,0.13004836244286994,0.03475535683406955,0.017826067517841833,0.10257840595321598,0.045445927552690474,0.018000822157832035,0.37072550231477613,0.280619700269889,8,6,1,3,2,2,5,19
deepseek-coder-6.7b,dynamic_exec_direct_05_unsafe,dynamic_exec_direct_05,unsafe,clean_heldout,clean,-1,11,24281, vulnerable,207.87112426757812,0.9999999720430007,46,0.07734767628097491,0.028283956788065397,0.027640043152623327,0.07346845926555905,0.017809131534278468,0.030175371945194034,0.209547179789213,0.5357281532870926,8,6,1,3,2,2,5,19
deepseek-coder-6.7b,dynamic_exec_direct_05_unsafe,dynamic_exec_direct_05,unsafe,clean_heldout,clean,-1,11,5723, safe,68.52493286132812,1.0000003283858168,46,0.145298935961455,0.05539965945621548,0.02062391098010399,0.10245390975539151,0.043821677863043744,0.005522843062143025,0.26199608431240745,0.36488330699505667,8,6,1,3,2,2,5,19
deepseek-coder-6.7b,dynamic_exec_direct_05_unsafe,dynamic_exec_direct_05,unsafe,clean_heldout,clean,-1,15,24281, vulnerable,207.87112426757812,0.9999999426523092,46,0.05897679630194746,0.019922346268985848,0.024584466431946696,0.060508840004310345,0.010698175011131876,0.027495025753058677,0.14041103253991932,0.657403260341009,8,6,1,3,2,2,5,19
deepseek-coder-6.7b,dynamic_exec_direct_05_unsafe,dynamic_exec_direct_05,unsafe,clean_heldout,clean,-1,15,5723, safe,68.52493286132812,1.0000003273800826,46,0.11774784901174054,0.027248610042677056,0.005362505758236192,0.08880085862086243,0.03350481308521772,-8.345441286170766e-05,0.17620384843278555,0.5512152968414248,8,6,1,3,2,2,5,19
deepseek-coder-6.7b,dynamic_exec_direct_05_unsafe,dynamic_exec_direct_05,unsafe,clean_heldout,clean,-1,19,24281, vulnerable,207.87112426757812,0.9999999798745448,46,0.03948027921760243,0.015990469467700615,0.008708370714852087,0.05282044212757327,0.008819099643365262,0.025104907621770527,0.08323363666683256,0.7658427744148479,8,6,1,3,2,2,5,19
deepseek-coder-6.7b,dynamic_exec_direct_05_unsafe,dynamic_exec_direct_05,unsafe,clean_heldout,clean,-1,19,5723, safe,68.52493286132812,1.0000003608683141,46,0.0990631358414888,0.01869270348406343,0.010797620091408085,0.06371105971029983,0.024848225245499185,-0.007758894909232106,0.10771747605547946,0.6829290353493074,8,6,1,3,2,2,5,19
deepseek-coder-6.7b,dynamic_exec_direct_05_unsafe,dynamic_exec_direct_05,unsafe,clean_heldout,clean,-1,23,24281, vulnerable,207.87112426757812,1.0000000073118305,46,0.028268439148103817,0.010663644317771502,0.0071706027093655,0.04447305175695157,0.009099468489214817,0.02172021365070298,0.05100642685477297,0.8275981603849474,8,6,1,3,2,2,5,19
deepseek-coder-6.7b,dynamic_exec_direct_05_unsafe,dynamic_exec_direct_05,unsafe,clean_heldout,clean,-1,23,5723, safe,68.52493286132812,1.0000003015028127,46,0.07094823243459618,0.01550670847563657,0.017330697418083435,0.07721758721901198,0.022911833923422067,-0.008143586403464822,0.11376460956723115,0.6904642188682961,8,6,1,3,2,2,5,19
deepseek-coder-6.7b,dynamic_exec_direct_05_unsafe,dynamic_exec_direct_05,unsafe,clean_heldout,clean,-1,27,24281, vulnerable,207.87112426757812,0.9999999237813347,46,0.027486066610067708,0.012851326588087622,0.005991169455764726,0.033766817531466174,0.0054779469065169145,0.01468710547082656,0.013027238210177285,0.8867122530084277,8,6,1,3,2,2,5,19
deepseek-coder-6.7b,dynamic_exec_direct_05_unsafe,dynamic_exec_direct_05,unsafe,clean_heldout,clean,-1,27,5723, safe,68.52493286132812,0.9999999786213521,46,0.06873845808525948,0.020175135881218026,0.01466105386508122,0.08220341256387989,0.0170727745373927,-0.011586196620628611,0.06524236216069898,0.7434929781484505,8,6,1,3,2,2,5,19
deepseek-coder-6.7b,dynamic_exec_direct_05_safe,dynamic_exec_direct_05,safe,clean_heldout,clean,-1,0,24281, vulnerable,239.30111694335938,1.0000003001234286,47,0.05535495893763776,0.013358745636546897,0.002950066066047803,0.05813846305472581,0.023444277910668974,0.03468741595111803,0.3530436074851376,0.45902276508154566,8,6,2,3,2,2,5,19
deepseek-coder-6.7b,dynamic_exec_direct_05_safe,dynamic_exec_direct_05,safe,clean_heldout,clean,-1,0,5723, safe,83.50653076171875,1.0000004043073718,47,0.10497681387916788,0.03479749575202725,0.004735047367754103,0.044709553628359044,0.041706792087758036,0.03283240739370298,0.4040976698627075,0.33214462433589476,8,6,2,3,2,2,5,19
deepseek-coder-6.7b,dynamic_exec_direct_05_safe,dynamic_exec_direct_05,safe,clean_heldout,clean,-1,3,24281, vulnerable,239.30111694335938,1.0000000907889328,47,0.05437921652696883,0.01723316329628126,0.008345327668053449,0.06568275162473783,0.02383157826727535,0.027992796468821524,0.3258155041537284,0.4767197527830662,8,6,2,3,2,2,5,19
deepseek-coder-6.7b,dynamic_exec_direct_05_safe,dynamic_exec_direct_05,safe,clean_heldout,clean,-1,3,5723, safe,83.50653076171875,1.0000001857592293,47,0.10211646257291213,0.03522961686566865,0.011462036812056021,0.05735054217112664,0.04341281056059513,0.021347843215504494,0.3779373919577213,0.35114348160364495,8,6,2,3,2,2,5,19
deepseek-coder-6.7b,dynamic_exec_direct_05_safe,dynamic_exec_direct_05,safe,clean_heldout,clean,-1,7,24281, vulnerable,239.30111694335938,1.0000000443981543,47,0.06976961717742829,0.018728962087111563,0.00884231089404067,0.100467683607393,0.019680163277845504,0.029974729581788703,0.2830468048895232,0.4694897728830235,8,6,2,3,2,2,5,19
deepseek-coder-6.7b,dynamic_exec_direct_05_safe,dynamic_exec_direct_05,safe,clean_heldout,clean,-1,7,5723, safe,83.50653076171875,1.000000160687979,47,0.13075287125738944,0.055184968569581216,0.005908035531274508,0.12886549645932416,0.04557256691826168,0.020364120152241566,0.32680463571011265,0.28654746608979365,8,6,2,3,2,2,5,19
deepseek-coder-6.7b,dynamic_exec_direct_05_safe,dynamic_exec_direct_05,safe,clean_heldout,clean,-1,11,24281, vulnerable,239.30111694335938,1.0000000325046796,47,0.09005605089023111,0.027450905973021272,0.015879418237311385,0.10158334782900902,0.01708013512525603,0.020820542015418383,0.19791550189488982,0.5292141305395426,8,6,2,3,2,2,5,19
deepseek-coder-6.7b,dynamic_exec_direct_05_safe,dynamic_exec_direct_05,safe,clean_heldout,clean,-1,11,5723, safe,83.50653076171875,1.0000002317083183,47,0.15368914556910057,0.061662494521512436,0.008024465199285671,0.14235960933428643,0.03997491792875306,0.004215322665487355,0.2224012584307353,0.3676730180591575,8,6,2,3,2,2,5,19
deepseek-coder-6.7b,dynamic_exec_direct_05_safe,dynamic_exec_direct_05,safe,clean_heldout,clean,-1,15,24281, vulnerable,239.30111694335938,1.0000001465201365,47,0.06327790460840857,0.017857038689162955,0.015211528519264179,0.05599807174568786,0.01002202016943617,0.01682753341383428,0.13144180213159204,0.6893642472427504,8,6,2,3,2,2,5,19
deepseek-coder-6.7b,dynamic_exec_direct_05_safe,dynamic_exec_direct_05,safe,clean_heldout,clean,-1,15,5723, safe,83.50653076171875,1.0000004263897009,47,0.10843345998479678,0.02368711980849456,0.015049953665331309,0.07026381716334251,0.02730327839936492,0.00017839452725573052,0.14574240445821465,0.6093419983829005,8,6,2,3,2,2,5,19
deepseek-coder-6.7b,dynamic_exec_direct_05_safe,dynamic_exec_direct_05,safe,clean_heldout,clean,-1,19,24281, vulnerable,239.30111694335938,1.000000142690562,47,0.03813790638032957,0.013909641718854952,0.010766427646896563,0.04975573794324567,0.00835006911695447,0.014700930066834842,0.0755239458951084,0.7888554839223376,8,6,2,3,2,2,5,19
deepseek-coder-6.7b,dynamic_exec_direct_05_safe,dynamic_exec_direct_05,safe,clean_heldout,clean,-1,19,5723, safe,83.50653076171875,1.0000003631316348,47,0.0843099265255403,0.014805680100248797,0.016080581558564316,0.06381616142040633,0.02021067981679556,-0.0055844681141602555,0.08111861187250625,0.7252431899517335,8,6,2,3,2,2,5,19
deepseek-coder-6.7b,dynamic_exec_direct_05_safe,dynamic_exec_direct_05,safe,clean_heldout,clean,-1,23,24281, vulnerable,239.30111694335938,1.000000022852907,47,0.027267209200871362,0.008769379982436853,0.009298708602677654,0.03997100118793072,0.008717416830901397,0.014010594186221269,0.04601789169951255,0.8459478211623551,8,6,2,3,2,2,5,19
deepseek-coder-6.7b,dynamic_exec_direct_05_safe,dynamic_exec_direct_05,safe,clean_heldout,clean,-1,23,5723, safe,83.50653076171875,1.0000004792980692,47,0.05854874996051411,0.013614435248431117,0.019844360832020447,0.06491088570525906,0.017945970386742595,-0.001833474286223176,0.087101423434324,0.7398681280170012,8,6,2,3,2,2,5,19
deepseek-coder-6.7b,dynamic_exec_direct_05_safe,dynamic_exec_direct_05,safe,clean_heldout,clean,-1,27,24281, vulnerable,239.30111694335938,1.0000000520417356,47,0.025774217083269622,0.011222250685874145,0.00800647397970954,0.02780730284794436,0.005335522110618626,0.00994871352366198,0.010778455125596529,0.9011271166850608,8,6,2,3,2,2,5,19
deepseek-coder-6.7b,dynamic_exec_direct_05_safe,dynamic_exec_direct_05,safe,clean_heldout,clean,-1,27,5723, safe,83.50653076171875,1.0000003511424915,47,0.05888394892107557,0.018534391441690366,0.01653666668345459,0.060399174821029314,0.014117147545884251,-0.0018972244982991891,0.047947318259993627,0.7854789279676628,8,6,2,3,2,2,5,19
deepseek-coder-6.7b,dynamic_exec_direct_10_unsafe,dynamic_exec_direct_10,unsafe,clean_heldout,clean,-1,0,24281, vulnerable,230.07147216796875,1.0000005948250041,48,0.0396368712236488,0.025834689780459587,0.006641030237487635,0.06746829968223826,0.03582328821053028,0.02356939363630262,0.3308868138163001,0.47014020823803687,8,6,2,4,2,2,5,19
deepseek-coder-6.7b,dynamic_exec_direct_10_unsafe,dynamic_exec_direct_10,unsafe,clean_heldout,clean,-1,0,5723, safe,69.99057006835938,1.0000004735481902,48,0.06664535377973385,0.045011061843013817,0.014321271214890793,0.06749293031140625,0.05458796386428138,0.010660474702615186,0.38767586301304235,0.3536055548192064,8,6,2,4,2,2,5,19
deepseek-coder-6.7b,dynamic_exec_direct_10_unsafe,dynamic_exec_direct_10,unsafe,clean_heldout,clean,-1,3,24281, vulnerable,230.07147216796875,1.0000002505208097,48,0.040703685432149944,0.031920417165003594,0.009928914826464633,0.07601244635466035,0.031981926986296025,0.02133584413941763,0.3011674916889476,0.48694952392786994,8,6,2,4,2,2,5,19
deepseek-coder-6.7b,dynamic_exec_direct_10_unsafe,dynamic_exec_direct_10,unsafe,clean_heldout,clean,-1,3,5723, safe,69.99057006835938,1.0000002030955948,48,0.06595929449205995,0.05316431192741769,0.02208743981776807,0.08155716997959625,0.045801181549115284,0.010285008950485534,0.35522242148336175,0.36592337489579013,8,6,2,4,2,2,5,19
deepseek-coder-6.7b,dynamic_exec_direct_10_unsafe,dynamic_exec_direct_10,unsafe,clean_heldout,clean,-1,7,24281, vulnerable,230.07147216796875,1.0000001432657784,48,0.07097802174356067,0.0340089557546944,0.004158133648092342,0.09871967068133336,0.030737415770292327,0.017924563414198364,0.2807867909089052,0.4626865913447018,8,6,2,4,2,2,5,19
deepseek-coder-6.7b,dynamic_exec_direct_10_unsafe,dynamic_exec_direct_10,unsafe,clean_heldout,clean,-1,7,5723, safe,69.99057006835938,1.0000002026830963,48,0.11556120575090768,0.06435078579112329,0.013784688581748639,0.13611061214355571,0.03930790664919373,0.004106821636674656,0.3233426425225293,0.3034355396073634,8,6,2,4,2,2,5,19
deepseek-coder-6.7b,dynamic_exec_direct_10_unsafe,dynamic_exec_direct_10,unsafe,clean_heldout,clean,-1,11,24281, vulnerable,230.07147216796875,1.0000001675536025,48,0.08672557888120702,0.0234382900343425,0.00889566104755589,0.09890798124128364,0.02095843622355114,0.01832945685670824,0.1988262984649527,0.5439184648040014,8,6,2,4,2,2,5,19
deepseek-coder-6.7b,dynamic_exec_direct_10_unsafe,dynamic_exec_direct_10,unsafe,clean_heldout,clean,-1,11,5723, safe,69.99057006835938,1.0000001614864795,48,0.1250815120304102,0.036231607841775613,0.009285325035625897,0.152924328064999,0.025829446677735866,0.012277573483625221,0.23584105367440816,0.40252931467789976,8,6,2,4,2,2,5,19
deepseek-coder-6.7b,dynamic_exec_direct_10_unsafe,dynamic_exec_direct_10,unsafe,clean_heldout,clean,-1,15,24281, vulnerable,230.07147216796875,1.0000002596449356,48,0.06216189975773586,0.01894481562131364,0.01724699711197745,0.039937303641426655,0.0187064691724957,0.01423837379502962,0.1307577210648268,0.6980066794801298,8,6,2,4,2,2,5,19
deepseek-coder-6.7b,dynamic_exec_direct_10_unsafe,dynamic_exec_direct_10,unsafe,clean_heldout,clean,-1,15,5723, safe,69.99057006835938,1.0000002193959356,48,0.10125628991221908,0.026269064610493095,0.018000875100449062,0.075151465248222,0.0173387605212625,0.008205929180250635,0.16566043266716293,0.5881174021558764,8,6,2,4,2,2,5,19
deepseek-coder-6.7b,dynamic_exec_direct_10_unsafe,dynamic_exec_direct_10,unsafe,clean_heldout,clean,-1,19,24281, vulnerable,230.07147216796875,1.0000002118869775,48,0.039297165070454804,0.020057951511277067,0.008986826787837535,0.03069622277863162,0.01167344692559287,0.0075029459174660446,0.07539164633214901,0.8063940065635686,8,6,2,4,2,2,5,19
deepseek-coder-6.7b,dynamic_exec_direct_10_unsafe,dynamic_exec_direct_10,unsafe,clean_heldout,clean,-1,19,5723, safe,69.99057006835938,1.0000002652764055,48,0.07426067282687476,0.02802073325784484,0.019098450054088795,0.03831949314932497,0.0001931314425291826,0.0009739748840829824,0.10706270437268989,0.73207110528897,8,6,2,4,2,2,5,19
deepseek-coder-6.7b,dynamic_exec_direct_10_unsafe,dynamic_exec_direct_10,unsafe,clean_heldout,clean,-1,23,24281, vulnerable,230.07147216796875,1.0000002352356725,48,0.03025533759818509,0.018414773085048568,0.006646442212373633,0.023900619128994306,0.00867663228395757,0.004967013528608703,0.04656658181042381,0.8605728355880807,8,6,2,4,2,2,5,19
deepseek-coder-6.7b,dynamic_exec_direct_10_unsafe,dynamic_exec_direct_10,unsafe,clean_heldout,clean,-1,23,5723, safe,69.99057006835938,1.0000003490268918,48,0.059911780930448806,0.026616243802180847,0.02183878981322797,0.062859259939872,-0.003827713706604152,0.001377384929414232,0.10168624484319701,0.7295383584751551,8,6,2,4,2,2,5,19
deepseek-coder-6.7b,dynamic_exec_direct_10_unsafe,dynamic_exec_direct_10,unsafe,clean_heldout,clean,-1,27,24281, vulnerable,230.07147216796875,1.0000001952255302,48,0.021921055504721162,0.017512271916657853,0.0037600608094990476,0.020819143414977977,0.0055645218516405795,0.0035995091599402944,0.013261494452268225,0.913562138115825,8,6,2,4,2,2,5,19
deepseek-coder-6.7b,dynamic_exec_direct_10_unsafe,dynamic_exec_direct_10,unsafe,clean_heldout,clean,-1,27,5723, safe,69.99057006835938,1.0000003402712803,48,0.059469123177051206,0.031315500385152385,0.013885567280078144,0.07204993356627196,-0.011203270679752913,0.023266299209139415,0.06890751951153523,0.7423096678218049,8,6,2,4,2,2,5,19
deepseek-coder-6.7b,dynamic_exec_direct_10_safe,dynamic_exec_direct_10,safe,clean_heldout,clean,-1,0,24281, vulnerable,217.6121826171875,1.0000004973052605,48,0.05655660400087277,0.020619319295532963,-0.004629473388217607,0.06682785256066852,0.041297827332486665,0.01934116729564745,0.33886489493130834,0.46112230527696124,8,6,2,4,2,2,5,19
deepseek-coder-6.7b,dynamic_exec_direct_10_safe,dynamic_exec_direct_10,safe,clean_heldout,clean,-1,0,5723, safe,71.15127563476562,1.0000004138584573,48,0.07667158323567785,0.046379350425441355,-0.007429261152227014,0.08310748366920653,0.06347591033718852,0.028507553595133572,0.3862350250936501,0.32305276865438626,8,6,2,4,2,2,5,19
deepseek-coder-6.7b,dynamic_exec_direct_10_safe,dynamic_exec_direct_10,safe,clean_heldout,clean,-1,3,24281, vulnerable,217.6121826171875,1.0000002132335395,48,0.060238267042099974,0.028709896476603824,0.0033852743101113547,0.0723105724937019,0.038656559216844424,0.015056428173727576,0.3062217847517872,0.47542143076866333,8,6,2,4,2,2,5,19
deepseek-coder-6.7b,dynamic_exec_direct_10_safe,dynamic_exec_direct_10,safe,clean_heldout,clean,-1,3,5723, safe,71.15127563476562,1.0000001103692362,48,0.08098809024210964,0.05666922508280667,0.0017955901931869605,0.09805928745520558,0.0570286782083093,0.02155103006037461,0.3526704316300824,0.331237777497161,8,6,2,4,2,2,5,19
deepseek-coder-6.7b,dynamic_exec_direct_10_safe,dynamic_exec_direct_10,safe,clean_heldout,clean,-1,7,24281, vulnerable,217.6121826171875,1.0000001549264237,48,0.0897344967762091,0.027530268848801876,0.002115531579551408,0.09316182164420796,0.03098063276534923,0.007865272630493908,0.28199777811363896,0.4666143525681713,8,6,2,4,2,2,5,19
deepseek-coder-6.7b,dynamic_exec_direct_10_safe,dynamic_exec_direct_10,safe,clean_heldout,clean,-1,7,5723, safe,71.15127563476562,1.000000049163526,48,0.1261782667819544,0.06385368014846225,0.0009753538835629441,0.1648770392046271,0.050964225858197675,0.00836743646744658,0.320538205506965,0.2642458413123101,8,6,2,4,2,2,5,19
deepseek-coder-6.7b,dynamic_exec_direct_10_safe,dynamic_exec_direct_10,safe,clean_heldout,clean,-1,11,24281, vulnerable,217.6121826171875,1.0000001967651175,48,0.09747035308235526,0.022909714566235792,0.013035232782900062,0.08961176615188432,0.020562576131905968,0.012645216450301063,0.19957540521263925,0.5441899323868957,8,6,2,4,2,2,5,19
deepseek-coder-6.7b,dynamic_exec_direct_10_safe,dynamic_exec_direct_10,safe,clean_heldout,clean,-1,11,5723, safe,71.15127563476562,1.0000001776222172,48,0.13863768755314476,0.03747021666787912,0.011846287830636912,0.1795033094519158,0.031336481731332175,0.014760384157655959,0.22385331599281144,0.3625924942368409,8,6,2,4,2,2,5,19
deepseek-coder-6.7b,dynamic_exec_direct_10_safe,dynamic_exec_direct_10,safe,clean_heldout,clean,-1,15,24281, vulnerable,217.6121826171875,1.0000002259315146,48,0.06328682121582356,0.019181230050701333,0.018423225530577854,0.030918213816554324,0.018487939513191942,0.012214539207037554,0.13381842573075758,0.7036698308668705,8,6,2,4,2,2,5,19
deepseek-coder-6.7b,dynamic_exec_direct_10_safe,dynamic_exec_direct_10,safe,clean_heldout,clean,-1,15,5723, safe,71.15127563476562,1.0000001218878471,48,0.10078614163994461,0.026762176168702564,0.029446234106159805,0.116433775710545,0.018240097479449793,0.014488284408193705,0.15556331486423888,0.5382800975106128,8,6,2,4,2,2,5,19
deepseek-coder-6.7b,dynamic_exec_direct_10_safe,dynamic_exec_direct_10,safe,clean_heldout,clean,-1,19,24281, vulnerable,217.6121826171875,1.0000002205604468,48,0.039829449068802314,0.020633931853100376,0.006000186376795823,0.017583565810572178,0.012543016367500822,0.006683014403374781,0.07847330116902006,0.8182537555112803,8,6,2,4,2,2,5,19
deepseek-coder-6.7b,dynamic_exec_direct_10_safe,dynamic_exec_direct_10,safe,clean_heldout,clean,-1,19,5723, safe,71.15127563476562,1.0000002546660176,48,0.08561974613115407,0.028017377847769233,0.01668510049322106,0.05212513346509842,0.005135749888215023,0.009355173329042434,0.09895003211472517,0.7041119413967921,8,6,2,4,2,2,5,19
deepseek-coder-6.7b,dynamic_exec_direct_10_safe,dynamic_exec_direct_10,safe,clean_heldout,clean,-1,23,24281, vulnerable,217.6121826171875,1.0000002482760135,48,0.030126832525478507,0.01963523543436395,0.0069214545576927345,0.017251245516141014,0.009739805253252269,0.004983772829032,0.05076686488469391,0.8605750372753591,8,6,2,4,2,2,5,19
deepseek-coder-6.7b,dynamic_exec_direct_10_safe,dynamic_exec_direct_10,safe,clean_heldout,clean,-1,23,5723, safe,71.15127563476562,1.0000001392704783,48,0.0597635091358753,0.03050222596319714,0.02167331456668175,0.06459059428174935,0.00252823793767706,0.00859016959684493,0.08902964515172197,0.7233224426367308,8,6,2,4,2,2,5,19
deepseek-coder-6.7b,dynamic_exec_direct_10_safe,dynamic_exec_direct_10,safe,clean_heldout,clean,-1,27,24281, vulnerable,217.6121826171875,1.0000002097070375,48,0.02297638620256323,0.018847994924297836,0.004117449261494217,0.019344208681093086,0.006773957070019336,0.003685622857902699,0.01640113406585853,0.9078534566438086,8,6,2,4,2,2,5,19
deepseek-coder-6.7b,dynamic_exec_direct_10_safe,dynamic_exec_direct_10,safe,clean_heldout,clean,-1,27,5723, safe,71.15127563476562,1.0000000609439237,48,0.06153304999030258,0.031574641369931614,0.019219470101673398,0.0719840603031705,-0.005484440442464782,0.015175568930585014,0.053775587903203324,0.752222122787522,8,6,2,4,2,2,5,19
deepseek-coder-6.7b,dynamic_exec_direct_13_unsafe,dynamic_exec_direct_13,unsafe,clean_heldout,clean,-1,0,24281, vulnerable,215.17276000976562,1.000000091828258,46,0.0725830737647184,0.018584076974726273,-0.00889599920739277,0.05394494263295088,0.010385527238046395,0.017429053249562,0.36028261443661347,0.47568680273903335,8,6,1,3,2,2,5,19
deepseek-coder-6.7b,dynamic_exec_direct_13_unsafe,dynamic_exec_direct_13,unsafe,clean_heldout,clean,-1,0,5723, safe,77.72608947753906,1.0000005054533394,46,0.1336160082364282,0.039448727699732254,-0.009094951588256208,0.05992232293537588,0.009459830426629564,0.005356659716546813,0.41172531404923124,0.3495665939776517,8,6,1,3,2,2,5,19
deepseek-coder-6.7b,dynamic_exec_direct_13_unsafe,dynamic_exec_direct_13,unsafe,clean_heldout,clean,-1,3,24281, vulnerable,215.17276000976562,1.0000000292936297,46,0.07088441608676047,0.022226760898899,-0.007421399709124422,0.06759892095641604,0.006014829022132443,0.016264359579456517,0.3285663889353179,0.4958657535237719,8,6,1,3,2,2,5,19
deepseek-coder-6.7b,dynamic_exec_direct_13_unsafe,dynamic_exec_direct_13,unsafe,clean_heldout,clean,-1,3,5723, safe,77.72608947753906,1.0000003024284632,46,0.12840647014184806,0.04050182942782846,-0.004321049952300388,0.08485633636137606,0.003074374069590097,0.0038865719240965147,0.3847768260683898,0.35881894438763445,8,6,1,3,2,2,5,19
deepseek-coder-6.7b,dynamic_exec_direct_13_unsafe,dynamic_exec_direct_13,unsafe,clean_heldout,clean,-1,7,24281, vulnerable,215.17276000976562,0.9999998011772783,46,0.06421670670906882,0.02832583950850622,3.380401781908983e-05,0.09737513918670854,-0.00010223601470532064,0.01931165276229683,0.29512945367772025,0.49570944132986394,8,6,1,3,2,2,5,19
deepseek-coder-6.7b,dynamic_exec_direct_13_unsafe,dynamic_exec_direct_13,unsafe,clean_heldout,clean,-1,7,5723, safe,77.72608947753906,1.0000002315902272,46,0.137171678465018,0.05975440449183447,0.006956466601585007,0.13799335589416822,0.002121851133630174,0.014490568691980359,0.3316431423550956,0.30986876395691537,8,6,1,3,2,2,5,19
deepseek-coder-6.7b,dynamic_exec_direct_13_unsafe,dynamic_exec_direct_13,unsafe,clean_heldout,clean,-1,11,24281, vulnerable,215.17276000976562,0.9999998956717414,46,0.07722532669940217,0.02472631517727655,0.009300157670476504,0.09960447776990947,0.0042037203014061485,0.021712051739374686,0.20827158370048826,0.5549562626134077,8,6,1,3,2,2,5,19
deepseek-coder-6.7b,dynamic_exec_direct_13_unsafe,dynamic_exec_direct_13,unsafe,clean_heldout,clean,-1,11,5723, safe,77.72608947753906,1.0000003001278979,46,0.13214111801418357,0.058313322129202635,0.006571176382159923,0.15806169507212314,0.009037718223790195,0.024436699869568382,0.2353062273710275,0.37613234306584253,8,6,1,3,2,2,5,19
deepseek-coder-6.7b,dynamic_exec_direct_13_unsafe,dynamic_exec_direct_13,unsafe,clean_heldout,clean,-1,15,24281, vulnerable,215.17276000976562,0.9999998829466717,46,0.059757748032961695,0.013783456357834465,0.009402445762745999,0.06529826935129597,0.0026934067436997404,0.01937540511912794,0.13823726279622428,0.6914518887827816,8,6,1,3,2,2,5,19
deepseek-coder-6.7b,dynamic_exec_direct_13_unsafe,dynamic_exec_direct_13,unsafe,clean_heldout,clean,-1,15,5723, safe,77.72608947753906,1.0000003133561477,46,0.10831619603355694,0.026492245647551548,0.0035214413655507014,0.10789243298349366,0.011869916303107842,0.020399606759180716,0.15479324455785665,0.5667152297058495,8,6,1,3,2,2,5,19
deepseek-coder-6.7b,dynamic_exec_direct_13_unsafe,dynamic_exec_direct_13,unsafe,clean_heldout,clean,-1,19,24281, vulnerable,215.17276000976562,0.9999999062153706,46,0.04016088954725592,0.014373887853838682,0.0018084601749260118,0.06456889093208257,0.0007369786964912116,0.01717901168944972,0.0806710471816881,0.7805007401396384,8,6,1,3,2,2,5,19
deepseek-coder-6.7b,dynamic_exec_direct_13_unsafe,dynamic_exec_direct_13,unsafe,clean_heldout,clean,-1,19,5723, safe,77.72608947753906,1.0000002518639577,46,0.09516372931374742,0.019480945362687595,0.008608872841836746,0.09130878977732394,0.006723584990460078,0.018846526653329684,0.09527930836593962,0.6645884945586327,8,6,1,3,2,2,5,19
deepseek-coder-6.7b,dynamic_exec_direct_13_unsafe,dynamic_exec_direct_13,unsafe,clean_heldout,clean,-1,23,24281, vulnerable,215.17276000976562,0.9999998412742326,46,0.030435091522352277,0.012692785976364711,0.0007592335449257324,0.05563704213893113,0.001311762234876888,0.015029800532912595,0.04894799543361313,0.8351861298902561,8,6,1,3,2,2,5,19
deepseek-coder-6.7b,dynamic_exec_direct_13_unsafe,dynamic_exec_direct_13,unsafe,clean_heldout,clean,-1,23,5723, safe,77.72608947753906,1.0000002128502068,46,0.06745953107632267,0.022552866790163256,0.016425332881351007,0.08964152878776338,0.008241476226597546,0.019249736741726357,0.09846974441469401,0.6779599959315885,8,6,1,3,2,2,5,19
deepseek-coder-6.7b,dynamic_exec_direct_13_unsafe,dynamic_exec_direct_13,unsafe,clean_heldout,clean,-1,27,24281, vulnerable,215.17276000976562,0.9999999290166179,46,0.028774848769579125,0.013505751552281495,0.001562935789489136,0.04086657624125256,0.001894691895435059,0.010962271441321536,0.011947145021948633,0.8904857083053104,8,6,1,3,2,2,5,19
deepseek-coder-6.7b,dynamic_exec_direct_13_unsafe,dynamic_exec_direct_13,unsafe,clean_heldout,clean,-1,27,5723, safe,77.72608947753906,1.0000001365960571,46,0.06399676016161476,0.022015624624624447,0.010838999308382627,0.08463292310963971,-0.0014373152830212937,0.01565367232715308,0.052880973914388445,0.7514184984332752,8,6,1,3,2,2,5,19
deepseek-coder-6.7b,dynamic_exec_direct_13_safe,dynamic_exec_direct_13,safe,clean_heldout,clean,-1,0,24281, vulnerable,245.45147705078125,0.999999987888516,46,0.07643886771887543,0.013578529394136472,0.0005594953194047237,0.05977190660452615,0.01635121017103915,0.02424982689040619,0.3523530250048676,0.4566971267852602,8,6,1,3,2,2,5,19
deepseek-coder-6.7b,dynamic_exec_direct_13_safe,dynamic_exec_direct_13,safe,clean_heldout,clean,-1,0,5723, safe,90.93695831298828,1.00000037864537,46,0.1259579187934364,0.03680402976951897,0.00143035842731475,0.05550912759849812,0.021371575794600667,0.03409681541197634,0.3880156099826534,0.33681494286737146,8,6,1,3,2,2,5,19
deepseek-coder-6.7b,dynamic_exec_direct_13_safe,dynamic_exec_direct_13,safe,clean_heldout,clean,-1,3,24281, vulnerable,245.45147705078125,1.0000000151924757,46,0.07313608944238646,0.015195199324100364,0.006813449114902311,0.06873171808206288,0.014418610220821852,0.01853554152025487,0.32542093773164676,0.47774846975630014,8,6,1,3,2,2,5,19
deepseek-coder-6.7b,dynamic_exec_direct_13_safe,dynamic_exec_direct_13,safe,clean_heldout,clean,-1,3,5723, safe,90.93695831298828,1.0000000653811545,46,0.11699772325188608,0.0389487707108096,0.008772340573334534,0.07140928508822968,0.018942896297652487,0.02732402455486229,0.3599922551221386,0.35761276978224127,8,6,1,3,2,2,5,19
deepseek-coder-6.7b,dynamic_exec_direct_13_safe,dynamic_exec_direct_13,safe,clean_heldout,clean,-1,7,24281, vulnerable,245.45147705078125,0.9999999389417287,46,0.07500573881576969,0.017962913056925548,0.006411892768968964,0.09631951224015455,0.008870782052488115,0.013265749437333597,0.28877697203586516,0.49338637853422307,8,6,1,3,2,2,5,19
deepseek-coder-6.7b,dynamic_exec_direct_13_safe,dynamic_exec_direct_13,safe,clean_heldout,clean,-1,7,5723, safe,90.93695831298828,1.000000124125876,46,0.11759682772985136,0.05312949142313039,0.007578154278959089,0.12769850932383633,0.01273323889511153,0.02221370571055035,0.3235839889508615,0.3354662078135752,8,6,1,3,2,2,5,19
deepseek-coder-6.7b,dynamic_exec_direct_13_safe,dynamic_exec_direct_13,safe,clean_heldout,clean,-1,11,24281, vulnerable,245.45147705078125,1.0000000062834016,46,0.08470117864577492,0.023764894814833813,0.009259719749733742,0.0943265080995117,0.0064133737090330874,0.013019462681637244,0.2043433184071735,0.5641715501757034,8,6,1,3,2,2,5,19
deepseek-coder-6.7b,dynamic_exec_direct_13_safe,dynamic_exec_direct_13,safe,clean_heldout,clean,-1,11,5723, safe,90.93695831298828,1.0000000906569517,46,0.13024268290955734,0.05294566939884428,0.004725364766409305,0.12983867997495488,0.012173367779896518,0.014780232224841601,0.23091615864734044,0.4243779349551071,8,6,1,3,2,2,5,19
deepseek-coder-6.7b,dynamic_exec_direct_13_safe,dynamic_exec_direct_13,safe,clean_heldout,clean,-1,15,24281, vulnerable,245.45147705078125,0.9999999649100862,46,0.05785814471702499,0.013479518406343614,0.00797343958606502,0.05248184272532207,0.003109534114424874,0.012451968440326776,0.13775975858710462,0.7148857583334742,8,6,1,3,2,2,5,19
deepseek-coder-6.7b,dynamic_exec_direct_13_safe,dynamic_exec_direct_13,safe,clean_heldout,clean,-1,15,5723, safe,90.93695831298828,1.0000001366613605,46,0.09376291589139149,0.024484072935133754,0.004132785704541605,0.07146495640385933,0.011230317709701476,0.014760838765214938,0.1586617901846956,0.6215024590668222,8,6,1,3,2,2,5,19
deepseek-coder-6.7b,dynamic_exec_direct_13_safe,dynamic_exec_direct_13,safe,clean_heldout,clean,-1,19,24281, vulnerable,245.45147705078125,0.9999999644851219,46,0.03760645158545954,0.013109428272802894,0.004596697113709714,0.04535155548687398,0.0010860527445046932,0.010761659852368918,0.07907037278762878,0.8084177466417735,8,6,1,3,2,2,5,19
deepseek-coder-6.7b,dynamic_exec_direct_13_safe,dynamic_exec_direct_13,safe,clean_heldout,clean,-1,19,5723, safe,90.93695831298828,1.0000000634557695,46,0.07953452715580916,0.015409745821851246,0.004724212157285556,0.046051128303982725,0.007274102579388334,0.013785290984009197,0.09532631374342043,0.7378947427100229,8,6,1,3,2,2,5,19
deepseek-coder-6.7b,dynamic_exec_direct_13_safe,dynamic_exec_direct_13,safe,clean_heldout,clean,-1,23,24281, vulnerable,245.45147705078125,1.0000000068904935,46,0.028853509598519792,0.011532496440848257,0.004251400705822761,0.03569109993666506,0.001713073928395898,0.009231391868740018,0.04838846392172888,0.8603385704897728,8,6,1,3,2,2,5,19
deepseek-coder-6.7b,dynamic_exec_direct_13_safe,dynamic_exec_direct_13,safe,clean_heldout,clean,-1,23,5723, safe,90.93695831298828,1.0000002229349891,46,0.054960133596921146,0.017850954822315742,0.009228088840911568,0.05080870451354103,0.00830845259782274,0.014488338962059734,0.0969700012098037,0.7473855483916134,8,6,1,3,2,2,5,19
deepseek-coder-6.7b,dynamic_exec_direct_13_safe,dynamic_exec_direct_13,safe,clean_heldout,clean,-1,27,24281, vulnerable,245.45147705078125,1.0000000726689044,46,0.027219024722699055,0.012385910099172674,0.0013298703358865412,0.03172552976959709,0.002575926469984629,0.007060968510061726,0.012404304681230927,0.9052985380802719,8,6,1,3,2,2,5,19
deepseek-coder-6.7b,dynamic_exec_direct_13_safe,dynamic_exec_direct_13,safe,clean_heldout,clean,-1,27,5723, safe,90.93695831298828,1.0000001965940852,46,0.05427882354182368,0.019576113024259458,0.004007845104057801,0.06361281936573565,-0.002517051221553568,0.011552471140476583,0.04959077781401223,0.7998983978252734,8,6,1,3,2,2,5,19
deepseek-coder-6.7b,dynamic_exec_direct_14_unsafe,dynamic_exec_direct_14,unsafe,clean_heldout,clean,-1,0,24281, vulnerable,218.45989990234375,1.000000043876116,47,0.04980817767195517,0.014465790436906361,0.014496085437104508,0.062082164864215854,0.03824096066854285,-0.0022823923841383403,0.3613071817855474,0.4618820753959822,8,6,1,4,2,2,5,19
deepseek-coder-6.7b,dynamic_exec_direct_14_unsafe,dynamic_exec_direct_14,unsafe,clean_heldout,clean,-1,0,5723, safe,74.17195129394531,1.0000007160083775,47,0.07394310314806721,0.029487933015990706,0.02367742307649581,0.053366690757335064,0.06141841751367484,-0.0013225856023936153,0.4114080592591485,0.34802167484005897,8,6,1,4,2,2,5,19
deepseek-coder-6.7b,dynamic_exec_direct_14_unsafe,dynamic_exec_direct_14,unsafe,clean_heldout,clean,-1,3,24281, vulnerable,218.45989990234375,0.9999998516431363,47,0.04882113497026225,0.023558323262219155,0.014945170599081315,0.07426861809638312,0.03577850029454519,-0.0063893076270651345,0.3258311867975478,0.4831862252501627,8,6,1,4,2,2,5,19
deepseek-coder-6.7b,dynamic_exec_direct_14_unsafe,dynamic_exec_direct_14,unsafe,clean_heldout,clean,-1,3,5723, safe,74.17195129394531,1.0000003852261683,47,0.06852226971846248,0.04199580134334872,0.028478486666037157,0.07288016550783563,0.05702757690113194,-0.004665246604278437,0.36990747077580066,0.3658538609178301,8,6,1,4,2,2,5,19
deepseek-coder-6.7b,dynamic_exec_direct_14_unsafe,dynamic_exec_direct_14,unsafe,clean_heldout,clean,-1,7,24281, vulnerable,218.45989990234375,0.9999998794046275,47,0.07260295794998048,0.01459909734942154,0.01063503632887029,0.09668517404376535,0.037979911521892736,-0.013932235770802492,0.30743668214728537,0.4739932558342142,8,6,1,4,2,2,5,19
deepseek-coder-6.7b,dynamic_exec_direct_14_unsafe,dynamic_exec_direct_14,unsafe,clean_heldout,clean,-1,7,5723, safe,74.17195129394531,1.0000003180752703,47,0.1067306094934604,0.027693190867129444,0.013157956571814506,0.114410150916501,0.051203610564576806,-0.016485734684640277,0.337563407966125,0.36572712638030347,8,6,1,4,2,2,5,19
deepseek-coder-6.7b,dynamic_exec_direct_14_unsafe,dynamic_exec_direct_14,unsafe,clean_heldout,clean,-1,11,24281, vulnerable,218.45989990234375,0.9999999470860519,47,0.09609654994079411,0.015900884577233747,0.019291461653805953,0.09090185761750307,0.032838880592412314,-0.01014071971702428,0.22618593576560936,0.5289250966557176,8,6,1,4,2,2,5,19
deepseek-coder-6.7b,dynamic_exec_direct_14_unsafe,dynamic_exec_direct_14,unsafe,clean_heldout,clean,-1,11,5723, safe,74.17195129394531,1.0000003755829578,47,0.11754739978271017,0.022234620792577268,0.014189982599533876,0.11984930574284813,0.0437884622664003,-0.006875501382656375,0.24974737038650813,0.4395187353950363,8,6,1,4,2,2,5,19
deepseek-coder-6.7b,dynamic_exec_direct_14_unsafe,dynamic_exec_direct_14,unsafe,clean_heldout,clean,-1,15,24281, vulnerable,218.45989990234375,1.000000002225353,47,0.07922147631759208,0.011979777259749594,0.016471188807310588,0.03982688776569136,0.02392610388354729,-0.007373494373869001,0.1535804047960367,0.6823676577692943,8,6,1,4,2,2,5,19
deepseek-coder-6.7b,dynamic_exec_direct_14_unsafe,dynamic_exec_direct_14,unsafe,clean_heldout,clean,-1,15,5723, safe,74.17195129394531,1.0000004206850568,47,0.12059529827690746,0.005404996164059452,0.005116525148052853,0.05228901015504637,0.03423599601403681,0.011074762743592639,0.17456874084152157,0.5967150913418395,8,6,1,4,2,2,5,19
deepseek-coder-6.7b,dynamic_exec_direct_14_unsafe,dynamic_exec_direct_14,unsafe,clean_heldout,clean,-1,19,24281, vulnerable,218.45989990234375,0.9999999169201563,47,0.04234942168767446,0.016320213427900302,0.006564174191177641,0.028713331386352875,0.01667059707539393,-0.011381798889892204,0.09410372218850258,0.8066602558530468,8,6,1,4,2,2,5,19
deepseek-coder-6.7b,dynamic_exec_direct_14_unsafe,dynamic_exec_direct_14,unsafe,clean_heldout,clean,-1,19,5723, safe,74.17195129394531,1.000000412649048,47,0.07888492677228837,0.019913597469032693,0.015163522555752157,0.017358251765273253,0.030234907449866108,0.016527169751928285,0.11663011922042538,0.7052879176644817,8,6,1,4,2,2,5,19
deepseek-coder-6.7b,dynamic_exec_direct_14_unsafe,dynamic_exec_direct_14,unsafe,clean_heldout,clean,-1,23,24281, vulnerable,218.45989990234375,0.9999998985375472,47,0.03125763870733495,0.016333387074032698,0.005124267627031607,0.022146245990143844,0.014540146402476556,-0.014203130902079406,0.056726678529118696,0.8680746651094883,8,6,1,4,2,2,5,19
deepseek-coder-6.7b,dynamic_exec_direct_14_unsafe,dynamic_exec_direct_14,unsafe,clean_heldout,clean,-1,23,5723, safe,74.17195129394531,1.0000003723183293,47,0.059268705321880846,0.024602410824073665,0.02170102298262494,0.04621450838887308,0.026776811191647775,0.014133675893599026,0.11997688139936305,0.6873263563162668,8,6,1,4,2,2,5,19
deepseek-coder-6.7b,dynamic_exec_direct_14_unsafe,dynamic_exec_direct_14,unsafe,clean_heldout,clean,-1,27,24281, vulnerable,218.45989990234375,0.9999999568059844,47,0.023075599426228825,0.017183035716877695,0.003483276737397559,0.01825280392808093,0.003978759059037069,-0.011718390942284787,0.01882315776391829,0.9269217151167288,8,6,1,4,2,2,5,19
deepseek-coder-6.7b,dynamic_exec_direct_14_unsafe,dynamic_exec_direct_14,unsafe,clean_heldout,clean,-1,27,5723, safe,74.17195129394531,1.0000001983889655,47,0.04709824052328277,0.031856992686640606,0.02035925382020283,0.06519565361249836,0.014401224357289022,0.011536953383614832,0.0707016405081082,0.7388502394973288,8,6,1,4,2,2,5,19
deepseek-coder-6.7b,dynamic_exec_direct_14_safe,dynamic_exec_direct_14,safe,clean_heldout,clean,-1,0,24281, vulnerable,232.80328369140625,1.000000240932312,47,0.06204897669618663,0.019703596980518497,-0.015042315464656345,0.06820713899872557,0.03628586907770048,0.01517838226988622,0.35836708943228407,0.45525150294166683,8,6,1,4,2,2,5,19
deepseek-coder-6.7b,dynamic_exec_direct_14_safe,dynamic_exec_direct_14,safe,clean_heldout,clean,-1,0,5723, safe,75.28858184814453,1.0000007952449654,47,0.08198668253646806,0.03419625949068855,-0.026909062926716812,0.06672316917112753,0.05759224762431947,0.020223701636914185,0.41274074982456316,0.3534470478876015,8,6,1,4,2,2,5,19
deepseek-coder-6.7b,dynamic_exec_direct_14_safe,dynamic_exec_direct_14,safe,clean_heldout,clean,-1,3,24281, vulnerable,232.80328369140625,0.999999881618089,47,0.06295731044261596,0.027575131717698965,-0.012028487005240087,0.07709522343880801,0.035635766700076475,0.005267772936756357,0.32173693106509954,0.48176023232227366,8,6,1,4,2,2,5,19
deepseek-coder-6.7b,dynamic_exec_direct_14_safe,dynamic_exec_direct_14,safe,clean_heldout,clean,-1,3,5723, safe,75.28858184814453,1.0000004582851463,47,0.08008326222705957,0.04627101431852612,-0.01669399132062757,0.08717903691520004,0.05436913838354922,0.0034641440709955434,0.37155614496749667,0.37377170872294674,8,6,1,4,2,2,5,19
deepseek-coder-6.7b,dynamic_exec_direct_14_safe,dynamic_exec_direct_14,safe,clean_heldout,clean,-1,7,24281, vulnerable,232.80328369140625,0.9999998789777786,47,0.09489209158334641,0.014421635824502451,-0.019178412890060403,0.10030715786056443,0.03456179524953667,-0.0057498647874391524,0.3051282486244343,0.4756172275128939,8,6,1,4,2,2,5,19
deepseek-coder-6.7b,dynamic_exec_direct_14_safe,dynamic_exec_direct_14,safe,clean_heldout,clean,-1,7,5723, safe,75.28858184814453,1.0000004275084933,47,0.11699948037926021,0.02897761383442818,-0.03286335371862721,0.14215230259241152,0.05522100605732033,-0.011702453613745126,0.3432073033017589,0.35800852867568633,8,6,1,4,2,2,5,19
deepseek-coder-6.7b,dynamic_exec_direct_14_safe,dynamic_exec_direct_14,safe,clean_heldout,clean,-1,11,24281, vulnerable,232.80328369140625,0.9999999861103678,47,0.1034150737922131,0.01954870024258052,-0.00529424952002347,0.08914188858016348,0.031406480468042335,-0.001340438091073105,0.22047571242071506,0.54264681821775,8,6,1,4,2,2,5,19
deepseek-coder-6.7b,dynamic_exec_direct_14_safe,dynamic_exec_direct_14,safe,clean_heldout,clean,-1,11,5723, safe,75.28858184814453,1.0000004802543327,47,0.1344044009070147,0.025167336126494383,-0.03504195600019254,0.12666267711518536,0.05311078455091975,-0.004481871185674221,0.24460195792556413,0.45557715081502115,8,6,1,4,2,2,5,19
deepseek-coder-6.7b,dynamic_exec_direct_14_safe,dynamic_exec_direct_14,safe,clean_heldout,clean,-1,15,24281, vulnerable,232.80328369140625,1.0000000019122246,47,0.06854530200030859,0.01369560840491583,-2.4352045612386606e-05,0.03715078581819121,0.02297809804761042,0.0025834937947278418,0.15301001146048016,0.702061054431603,8,6,1,4,2,2,5,19
deepseek-coder-6.7b,dynamic_exec_direct_14_safe,dynamic_exec_direct_14,safe,clean_heldout,clean,-1,15,5723, safe,75.28858184814453,1.000000411922246,47,0.11199614521925169,0.013310709936833247,-0.00690460417146954,0.08153234560926612,0.04288576941395236,0.00926158872606269,0.16799783047356542,0.5799206267147841,8,6,1,4,2,2,5,19
deepseek-coder-6.7b,dynamic_exec_direct_14_safe,dynamic_exec_direct_14,safe,clean_heldout,clean,-1,19,24281, vulnerable,232.80328369140625,1.0000000803134377,47,0.040223144419492866,0.01659728818972518,0.0037019041952950633,0.018705871665673078,0.016999229197870933,0.00138004927378889,0.09298441781232689,0.8094081755592648,8,6,1,4,2,2,5,19
deepseek-coder-6.7b,dynamic_exec_direct_14_safe,dynamic_exec_direct_14,safe,clean_heldout,clean,-1,19,5723, safe,75.28858184814453,1.0000004124912678,47,0.08167044549868391,0.023182787396740866,0.007930581012542782,0.04052914942910199,0.03850745463976551,0.0112735402801669,0.11339866956190196,0.6835077846723638,8,6,1,4,2,2,5,19
deepseek-coder-6.7b,dynamic_exec_direct_14_safe,dynamic_exec_direct_14,safe,clean_heldout,clean,-1,23,24281, vulnerable,232.80328369140625,1.0000000324558138,47,0.03092048710289201,0.01744119633749315,0.0030428169538584135,0.016450372957695112,0.014595556789980152,-0.00028532556064771826,0.05964683105970697,0.8581880968148358,8,6,1,4,2,2,5,19
deepseek-coder-6.7b,dynamic_exec_direct_14_safe,dynamic_exec_direct_14,safe,clean_heldout,clean,-1,23,5723, safe,75.28858184814453,1.000000551109907,47,0.059837239599826716,0.028840228141490745,0.007813792817350639,0.05320936880112685,0.03450979184453131,0.010035919026091317,0.1145543524798026,0.6911998583996868,8,6,1,4,2,2,5,19
deepseek-coder-6.7b,dynamic_exec_direct_14_safe,dynamic_exec_direct_14,safe,clean_heldout,clean,-1,27,24281, vulnerable,232.80328369140625,1.000000112237189,47,0.022802496100600343,0.018032800156943165,0.0015709482503551157,0.016128166711192687,0.004642830123636396,-0.00020460925966356682,0.02117159072467476,0.9158558894294501,8,6,1,4,2,2,5,19
deepseek-coder-6.7b,dynamic_exec_direct_14_safe,dynamic_exec_direct_14,safe,clean_heldout,clean,-1,27,5723, safe,75.28858184814453,1.000000405638267,47,0.04773476628902361,0.034919037214455995,0.0042661246703434505,0.04970097601772355,0.016104545776976103,0.012213688259856761,0.06701805780041498,0.7680432096094726,8,6,1,4,2,2,5,19
deepseek-coder-6.7b,dynamic_exec_assign_chain_02_unsafe,dynamic_exec_assign_chain_02,unsafe,clean_heldout,clean,-1,0,24281, vulnerable,155.25985717773438,0.9999998845233327,81,0.024319203483465106,0.015774416382230757,0.0015519796803025961,0.04060506279231871,0.007798975433421681,0.04554602310599252,0.3721105157278398,0.4922937079177616,8,6,3,4,14,14,5,27
deepseek-coder-6.7b,dynamic_exec_assign_chain_02_unsafe,dynamic_exec_assign_chain_02,unsafe,clean_heldout,clean,-1,0,5723, safe,55.15445327758789,1.0000003070667918,81,0.06723407522230013,0.024664259069756566,0.011648113527091743,0.05815607055425324,-0.01564904473975252,0.06334973454342815,0.46501784770198434,0.32557925118772996,8,6,3,4,14,14,5,27
deepseek-coder-6.7b,dynamic_exec_assign_chain_02_unsafe,dynamic_exec_assign_chain_02,unsafe,clean_heldout,clean,-1,3,24281, vulnerable,155.25985717773438,0.9999997255817059,81,0.028268360992381163,0.02738725488517446,0.00710946715579119,0.051280001710362344,0.0009816949162972793,0.04799606632208707,0.33904719495968594,0.49792968463992643,8,6,3,4,14,14,5,27
deepseek-coder-6.7b,dynamic_exec_assign_chain_02_unsafe,dynamic_exec_assign_chain_02,unsafe,clean_heldout,clean,-1,3,5723, safe,55.15445327758789,0.9999999605718471,81,0.06784110846249145,0.04376505103794615,0.02483079509369016,0.08845302195767182,-0.020100918758592316,0.05675923447472678,0.43116244346974825,0.3072892248341648,8,6,3,4,14,14,5,27
deepseek-coder-6.7b,dynamic_exec_assign_chain_02_unsafe,dynamic_exec_assign_chain_02,unsafe,clean_heldout,clean,-1,7,24281, vulnerable,155.25985717773438,0.9999996202724559,81,0.06698465322180792,0.035921496161190156,-0.00736428492465315,0.07020319029413441,-0.0042457783472365455,0.030455695587996098,0.28887188627444815,0.5191727620047688,8,6,3,4,14,14,5,27
deepseek-coder-6.7b,dynamic_exec_assign_chain_02_unsafe,dynamic_exec_assign_chain_02,unsafe,clean_heldout,clean,-1,7,5723, safe,55.15445327758789,0.9999999091548343,81,0.1411851225189265,0.05650950793583167,0.005050016303444937,0.15309473625348405,-0.0247137033917749,0.02675767430052513,0.3396533539323034,0.3024632013020933,8,6,3,4,14,14,5,27
deepseek-coder-6.7b,dynamic_exec_assign_chain_02_unsafe,dynamic_exec_assign_chain_02,unsafe,clean_heldout,clean,-1,11,24281, vulnerable,155.25985717773438,0.9999996630415919,81,0.08736615738982183,0.02611887716616209,0.00918270497352117,0.0683498313762087,-0.0005083489725287668,0.04896305299847496,0.19549219477111304,0.5650351933388188,8,6,3,4,14,14,5,27
deepseek-coder-6.7b,dynamic_exec_assign_chain_02_unsafe,dynamic_exec_assign_chain_02,unsafe,clean_heldout,clean,-1,11,5723, safe,55.15445327758789,1.0000000000168858,81,0.16470540495672792,0.0384369307493318,0.01985791057430662,0.16610436701576226,0.007649761185795933,0.0423791664275829,0.19958977300424272,0.3612766861031354,8,6,3,4,14,14,5,27
deepseek-coder-6.7b,dynamic_exec_assign_chain_02_unsafe,dynamic_exec_assign_chain_02,unsafe,clean_heldout,clean,-1,15,24281, vulnerable,155.25985717773438,0.9999997254017516,81,0.08021506781468456,0.02181284406444301,0.010854570393234692,0.027581870122288604,0.02851182009449713,0.05348936261499876,0.1230714332418765,0.6544627570557284,8,6,3,4,14,14,5,27
deepseek-coder-6.7b,dynamic_exec_assign_chain_02_unsafe,dynamic_exec_assign_chain_02,unsafe,clean_heldout,clean,-1,15,5723, safe,55.15445327758789,1.0000001282639182,81,0.14969426755824242,0.03047456065943182,0.035599377724150005,0.12903350698890867,0.05095164098282054,0.05274042795598438,0.116495547029068,0.43501079936531223,8,6,3,4,14,14,5,27
deepseek-coder-6.7b,dynamic_exec_assign_chain_02_unsafe,dynamic_exec_assign_chain_02,unsafe,clean_heldout,clean,-1,19,24281, vulnerable,155.25985717773438,0.999999616697364,81,0.036420501967008835,0.02107561828569912,0.008357190393319457,0.025093468737684407,0.02530166718847972,0.04452271906297266,0.06375677138717666,0.7754716796750232,8,6,3,4,14,14,5,27
deepseek-coder-6.7b,dynamic_exec_assign_chain_02_unsafe,dynamic_exec_assign_chain_02,unsafe,clean_heldout,clean,-1,19,5723, safe,55.15445327758789,1.0000001674050136,81,0.08020354225610163,0.02943674210843323,0.02483760596515149,0.0674690206448372,0.04876389176042167,0.05420644188627964,0.0812207168679486,0.6138622059158403,8,6,3,4,14,14,5,27
deepseek-coder-6.7b,dynamic_exec_assign_chain_02_unsafe,dynamic_exec_assign_chain_02,unsafe,clean_heldout,clean,-1,23,24281, vulnerable,155.25985717773438,0.9999996808570666,81,0.023402018244842684,0.016302412824038267,0.0094727200737879,0.019693520157199162,0.0224598617092653,0.03554922628274258,0.023997319462332592,0.8491226021028582,8,6,3,4,14,14,5,27
deepseek-coder-6.7b,dynamic_exec_assign_chain_02_unsafe,dynamic_exec_assign_chain_02,unsafe,clean_heldout,clean,-1,23,5723, safe,55.15445327758789,0.9999999970196707,81,0.059508712993486174,0.02826821272144023,0.02972553679661434,0.08599503734297459,0.04863906111418233,0.06060162072844167,0.08535577537870868,0.6019060399438226,8,6,3,4,14,14,5,27
deepseek-coder-6.7b,dynamic_exec_assign_chain_02_unsafe,dynamic_exec_assign_chain_02,unsafe,clean_heldout,clean,-1,27,24281, vulnerable,155.25985717773438,0.9999997152523298,81,0.016483099683147623,0.017344677546790647,0.008864620171335985,0.025851464612544728,0.01674433029106227,0.03081880082638542,-0.01085462831452191,0.894747350435585,8,6,3,4,14,14,5,27
deepseek-coder-6.7b,dynamic_exec_assign_chain_02_unsafe,dynamic_exec_assign_chain_02,unsafe,clean_heldout,clean,-1,27,5723, safe,55.15445327758789,1.0000003668253497,81,0.04341937180866944,0.029838602622399533,0.031407668303096145,0.09440616227207296,0.06235442578886964,0.08192745281266768,0.0435631867305559,0.6130834964870184,8,6,3,4,14,14,5,27
deepseek-coder-6.7b,dynamic_exec_assign_chain_02_safe,dynamic_exec_assign_chain_02,safe,clean_heldout,clean,-1,0,24281, vulnerable,149.69000244140625,1.0000002740959006,82,0.02613602138223759,-0.0012271348937194376,-0.004746795232429967,0.03562647007533269,0.013151785230267825,0.04991877699597807,0.38148820060753297,0.4996529499307009,8,6,4,4,14,14,5,27
deepseek-coder-6.7b,dynamic_exec_assign_chain_02_safe,dynamic_exec_assign_chain_02,safe,clean_heldout,clean,-1,0,5723, safe,64.51010131835938,0.9999996708831594,82,0.04158242648010066,0.02738312823734668,0.02173963673381237,0.08591017116083934,-0.043085252972774914,0.08699061355837004,0.44916824135651034,0.3303107063289548,8,6,4,4,14,14,5,27
deepseek-coder-6.7b,dynamic_exec_assign_chain_02_safe,dynamic_exec_assign_chain_02,safe,clean_heldout,clean,-1,3,24281, vulnerable,149.69000244140625,1.0000000530833328,82,0.02961234190486417,0.00936811699557695,-0.0004045403390053792,0.04500946543564255,0.012122664712234816,0.0519021785588495,0.35100448083892555,0.5013853449762447,8,6,4,4,14,14,5,27
deepseek-coder-6.7b,dynamic_exec_assign_chain_02_safe,dynamic_exec_assign_chain_02,safe,clean_heldout,clean,-1,3,5723, safe,64.51010131835938,0.9999992011802858,82,0.042088261090245827,0.0446920587895571,0.03008658356122334,0.11546240883709807,-0.03549017280980929,0.07023532857580297,0.4135321777225252,0.31939255541364253,8,6,4,4,14,14,5,27
deepseek-coder-6.7b,dynamic_exec_assign_chain_02_safe,dynamic_exec_assign_chain_02,safe,clean_heldout,clean,-1,7,24281, vulnerable,149.69000244140625,1.0000000649294023,82,0.0776159397485154,0.011061194090087559,-0.013985774142262698,0.06353444219679974,0.014777913845781036,0.03782778168059647,0.2932677893927819,0.5159007781171028,8,6,4,4,14,14,5,27
deepseek-coder-6.7b,dynamic_exec_assign_chain_02_safe,dynamic_exec_assign_chain_02,safe,clean_heldout,clean,-1,7,5723, safe,64.51010131835938,0.9999992055979615,82,0.12404793700554555,0.05577910431931443,0.01446727895579671,0.181215603249282,-0.007468025412945067,0.025878125505220406,0.31419931803856094,0.29187986393718646,8,6,4,4,14,14,5,27
deepseek-coder-6.7b,dynamic_exec_assign_chain_02_safe,dynamic_exec_assign_chain_02,safe,clean_heldout,clean,-1,11,24281, vulnerable,149.69000244140625,1.0000000842165955,82,0.08297936441280726,0.01788230016167229,0.005349181009975297,0.05924054440276709,0.022729926052286475,0.05276859361627281,0.19097779737411014,0.568072377186704,8,6,4,4,14,14,5,27
deepseek-coder-6.7b,dynamic_exec_assign_chain_02_safe,dynamic_exec_assign_chain_02,safe,clean_heldout,clean,-1,11,5723, safe,64.51010131835938,0.9999995309612214,82,0.1464057521527785,0.042317009854530116,0.031672185891647275,0.22332096594180242,0.03738221082527232,0.03909745291010394,0.17441034486130752,0.3053936085237795,8,6,4,4,14,14,5,27
deepseek-coder-6.7b,dynamic_exec_assign_chain_02_safe,dynamic_exec_assign_chain_02,safe,clean_heldout,clean,-1,15,24281, vulnerable,149.69000244140625,1.0000000764021713,82,0.059634517002479286,0.021452416544117385,0.011982462223310217,0.033479773927649344,0.06436962076152968,0.05376832956678493,0.1177304672862638,0.6375824890900367,8,6,4,4,14,14,5,27
deepseek-coder-6.7b,dynamic_exec_assign_chain_02_safe,dynamic_exec_assign_chain_02,safe,clean_heldout,clean,-1,15,5723, safe,64.51010131835938,0.9999995193684319,82,0.10038925333767747,0.02961063455614979,0.04498601433859131,0.22492696257321299,0.05779629566519856,0.048262652229709525,0.09985517193578167,0.39417253473211056,8,6,4,4,14,14,5,27
deepseek-coder-6.7b,dynamic_exec_assign_chain_02_safe,dynamic_exec_assign_chain_02,safe,clean_heldout,clean,-1,19,24281, vulnerable,149.69000244140625,1.0000001360929232,82,0.0351165494906026,0.021080849080247904,0.005834473864947284,0.014842691737845975,0.031490782911332615,0.04275590089218878,0.0657157302612674,0.7831631578544906,8,6,4,4,14,14,5,27
deepseek-coder-6.7b,dynamic_exec_assign_chain_02_safe,dynamic_exec_assign_chain_02,safe,clean_heldout,clean,-1,19,5723, safe,64.51010131835938,0.9999995818799869,82,0.0697948121595694,0.028283586831492503,0.018540675441102137,0.10789640890516053,0.048242698541346274,0.05173334079982512,0.059543308432188496,0.6159647507693026,8,6,4,4,14,14,5,27
deepseek-coder-6.7b,dynamic_exec_assign_chain_02_safe,dynamic_exec_assign_chain_02,safe,clean_heldout,clean,-1,23,24281, vulnerable,149.69000244140625,1.0000000986571036,82,0.02237605319442537,0.016871237359055186,0.0029653662190067638,0.018949648499919827,0.0269365133860602,0.036179303320814774,0.02817599944982313,0.8475459772279983,8,6,4,4,14,14,5,27
deepseek-coder-6.7b,dynamic_exec_assign_chain_02_safe,dynamic_exec_assign_chain_02,safe,clean_heldout,clean,-1,23,5723, safe,64.51010131835938,0.9999998785861022,82,0.04749971905661372,0.027918931984170257,0.02981761421277923,0.09897640903791488,0.046648720817497186,0.05681070794033813,0.06921131815973994,0.6231164573770488,8,6,4,4,14,14,5,27
deepseek-coder-6.7b,dynamic_exec_assign_chain_02_safe,dynamic_exec_assign_chain_02,safe,clean_heldout,clean,-1,27,24281, vulnerable,149.69000244140625,1.000000122417681,82,0.016686712831962467,0.016835555199462043,0.00369838263728807,0.025645732099012865,0.019734747905111594,0.030008084757818614,-0.008924579296017622,0.8963154862830431,8,6,4,4,14,14,5,27
deepseek-coder-6.7b,dynamic_exec_assign_chain_02_safe,dynamic_exec_assign_chain_02,safe,clean_heldout,clean,-1,27,5723, safe,64.51010131835938,0.9999999277002616,82,0.038173974096555034,0.02658616770051936,0.027174356563557454,0.0960677494433188,0.06263717731975331,0.06169391624098306,0.029120763924598853,0.6585458224109756,8,6,4,4,14,14,5,27
deepseek-coder-6.7b,dynamic_exec_assign_chain_04_unsafe,dynamic_exec_assign_chain_04,unsafe,clean_heldout,clean,-1,0,24281, vulnerable,141.1861114501953,1.0000002289088894,81,0.025513414097758855,0.0169417538544087,0.009404680365398972,0.059820112508433956,0.034354647969346425,0.005905580162377405,0.37854500694345905,0.46951503300770625,8,6,3,4,14,14,5,27
deepseek-coder-6.7b,dynamic_exec_assign_chain_04_unsafe,dynamic_exec_assign_chain_04,unsafe,clean_heldout,clean,-1,0,5723, safe,77.3210220336914,0.9999996097217384,81,0.05648558997783131,0.02549708190555424,0.011872835740940633,0.08732791413709502,0.058797924815713394,0.01597134323010667,0.37012852327556206,0.3739183966389351,8,6,3,4,14,14,5,27
deepseek-coder-6.7b,dynamic_exec_assign_chain_04_unsafe,dynamic_exec_assign_chain_04,unsafe,clean_heldout,clean,-1,3,24281, vulnerable,141.1861114501953,0.9999999255660219,81,0.03167665302961744,0.0226441889936502,0.012462764498748105,0.07283560172312668,0.0364450611912589,0.009925470292544326,0.34225451082340397,0.4717556750136722,8,6,3,4,14,14,5,27
deepseek-coder-6.7b,dynamic_exec_assign_chain_04_unsafe,dynamic_exec_assign_chain_04,unsafe,clean_heldout,clean,-1,3,5723, safe,77.3210220336914,0.9999995910642164,81,0.06021039357712925,0.0320008502310576,0.018064183583863178,0.10352603466868668,0.042086721923797456,0.02005544075260683,0.3424093368137545,0.38164662951332085,8,6,3,4,14,14,5,27
deepseek-coder-6.7b,dynamic_exec_assign_chain_04_unsafe,dynamic_exec_assign_chain_04,unsafe,clean_heldout,clean,-1,7,24281, vulnerable,141.1861114501953,0.9999999370437888,81,0.05415532534180902,0.023381566071294248,-0.0018100407828415335,0.09837990003780489,0.03254441622021042,0.0024971782234566343,0.31138582472114035,0.4794657672109147,8,6,3,4,14,14,5,27
deepseek-coder-6.7b,dynamic_exec_assign_chain_04_unsafe,dynamic_exec_assign_chain_04,unsafe,clean_heldout,clean,-1,7,5723, safe,77.3210220336914,0.9999995117486695,81,0.08180785747894212,0.03336119008082542,0.01391688620497007,0.15326096370550019,0.02803653195203662,0.026325614349410557,0.2961215034120417,0.3671689645649428,8,6,3,4,14,14,5,27
deepseek-coder-6.7b,dynamic_exec_assign_chain_04_unsafe,dynamic_exec_assign_chain_04,unsafe,clean_heldout,clean,-1,11,24281, vulnerable,141.1861114501953,0.999999924273124,81,0.0669559286485319,0.020262633572457143,0.013404166192259336,0.10295445855799122,0.024575862654143656,0.016997958869499185,0.2091326267980691,0.5457162889801724,8,6,3,4,14,14,5,27
deepseek-coder-6.7b,dynamic_exec_assign_chain_04_unsafe,dynamic_exec_assign_chain_04,unsafe,clean_heldout,clean,-1,11,5723, safe,77.3210220336914,0.9999996595875492,81,0.08982731789039028,0.021850110273071016,0.03744351486170524,0.15374032764767426,0.027150259933984896,0.039701308691945665,0.19136240470289909,0.43892441558587886,8,6,3,4,14,14,5,27
deepseek-coder-6.7b,dynamic_exec_assign_chain_04_unsafe,dynamic_exec_assign_chain_04,unsafe,clean_heldout,clean,-1,15,24281, vulnerable,141.1861114501953,1.0000000097758912,81,0.03677842322157773,0.01368167094424693,0.01928107584275006,0.047149247599206204,0.04034464289891967,0.04773837212678956,0.1359983994375929,0.6590281777048081,8,6,3,4,14,14,5,27
deepseek-coder-6.7b,dynamic_exec_assign_chain_04_unsafe,dynamic_exec_assign_chain_04,unsafe,clean_heldout,clean,-1,15,5723, safe,77.3210220336914,0.9999997102242325,81,0.05681175887398749,0.0132519383126861,0.03364155696473504,0.10620562118208465,0.034546553257501555,0.0375769399204562,0.12179101067272273,0.5961743310400588,8,6,3,4,14,14,5,27
deepseek-coder-6.7b,dynamic_exec_assign_chain_04_unsafe,dynamic_exec_assign_chain_04,unsafe,clean_heldout,clean,-1,19,24281, vulnerable,141.1861114501953,1.0000000221507708,81,0.022193498116346782,0.013602263636516723,0.004785653809876779,0.02135877825575236,0.03747462590805042,0.022951439302114313,0.08318145860671985,0.7944523045153937,8,6,3,4,14,14,5,27
deepseek-coder-6.7b,dynamic_exec_assign_chain_04_unsafe,dynamic_exec_assign_chain_04,unsafe,clean_heldout,clean,-1,19,5723, safe,77.3210220336914,0.9999996654654516,81,0.03293801165810122,0.010184976715582161,0.017705931795883142,0.06466720302120818,0.03163728033866535,0.037847988956038955,0.073404284340036,0.7316139886399365,8,6,3,4,14,14,5,27
deepseek-coder-6.7b,dynamic_exec_assign_chain_04_unsafe,dynamic_exec_assign_chain_04,unsafe,clean_heldout,clean,-1,23,24281, vulnerable,141.1861114501953,1.0000000558716586,81,0.015160396697132376,0.012499357097292618,0.006682660075930751,0.02112407992784974,0.03692485443472763,0.024937751249320576,0.05222023099014479,0.8304507253992601,8,6,3,4,14,14,5,27
deepseek-coder-6.7b,dynamic_exec_assign_chain_04_unsafe,dynamic_exec_assign_chain_04,unsafe,clean_heldout,clean,-1,23,5723, safe,77.3210220336914,0.9999998559913926,81,0.021269606807062025,0.013508130131050289,0.023453287082097103,0.061639231501602276,0.04120123079952558,0.04440005607734676,0.0700987085506207,0.7244296050420879,8,6,3,4,14,14,5,27
deepseek-coder-6.7b,dynamic_exec_assign_chain_04_unsafe,dynamic_exec_assign_chain_04,unsafe,clean_heldout,clean,-1,27,24281, vulnerable,141.1861114501953,0.9999999940236455,81,0.014687961058467114,0.012006931502706675,0.0035862626288829845,0.0346652080172344,0.030785979160821576,0.024460724714971932,0.010958501453260282,0.8688484254873006,8,6,3,4,14,14,5,27
deepseek-coder-6.7b,dynamic_exec_assign_chain_04_unsafe,dynamic_exec_assign_chain_04,unsafe,clean_heldout,clean,-1,27,5723, safe,77.3210220336914,0.9999999811136253,81,0.019168361510663548,0.013212559137324918,0.012862646840098906,0.07199325707394484,0.03633057129623113,0.04935377082251336,0.0224951778228806,0.7745836366099679,8,6,3,4,14,14,5,27
deepseek-coder-6.7b,dynamic_exec_assign_chain_04_safe,dynamic_exec_assign_chain_04,safe,clean_heldout,clean,-1,0,24281, vulnerable,138.6673126220703,1.0000003060455005,82,0.026256211726431136,0.01577042921113932,-0.0002646071760544831,0.04509498606963411,0.04153715398865387,-0.00027980489269233155,0.395793722076271,0.47609221504211774,8,6,4,4,14,14,5,27
deepseek-coder-6.7b,dynamic_exec_assign_chain_04_safe,dynamic_exec_assign_chain_04,safe,clean_heldout,clean,-1,0,5723, safe,70.00470733642578,1.0000000952811965,82,0.04917956366690554,0.023651541106096,0.004744530082593814,0.0684760221733986,0.04690550706486535,0.055177240933452366,0.3815499873742011,0.37031570287968385,8,6,4,4,14,14,5,27
deepseek-coder-6.7b,dynamic_exec_assign_chain_04_safe,dynamic_exec_assign_chain_04,safe,clean_heldout,clean,-1,3,24281, vulnerable,138.6673126220703,0.9999999532214073,82,0.033266417799263114,0.022757495106315258,0.004816005711661838,0.05805221237334943,0.04413431430121574,0.002483837086454986,0.35617122070738794,0.478318450135759,8,6,4,4,14,14,5,27
deepseek-coder-6.7b,dynamic_exec_assign_chain_04_safe,dynamic_exec_assign_chain_04,safe,clean_heldout,clean,-1,3,5723, safe,70.00470733642578,0.9999994415766231,82,0.05620410650392494,0.032329119178213205,0.014934810604067983,0.08409062952522092,0.04828899727604314,0.041842865780810874,0.34492997894115374,0.3773789337671883,8,6,4,4,14,14,5,27
deepseek-coder-6.7b,dynamic_exec_assign_chain_04_safe,dynamic_exec_assign_chain_04,safe,clean_heldout,clean,-1,7,24281, vulnerable,138.6673126220703,1.000000016924918,82,0.05848241842704497,0.0204528836728068,-0.018103634138326073,0.08671925798394996,0.03833005835239744,-0.01331964056571314,0.32399632756403407,0.5034423456287238,8,6,4,4,14,14,5,27
deepseek-coder-6.7b,dynamic_exec_assign_chain_04_safe,dynamic_exec_assign_chain_04,safe,clean_heldout,clean,-1,7,5723, safe,70.00470733642578,0.9999996287066582,82,0.08174859817077931,0.039010806718067295,0.000893192118201318,0.14188161641994684,0.05102437073571067,0.008862214991202405,0.2995539575190638,0.3770248720336866,8,6,4,4,14,14,5,27
deepseek-coder-6.7b,dynamic_exec_assign_chain_04_safe,dynamic_exec_assign_chain_04,safe,clean_heldout,clean,-1,11,24281, vulnerable,138.6673126220703,0.9999999904092132,82,0.07548954376291099,0.02012559143636823,-0.008761413148093644,0.08833447758817109,0.03245247082430419,0.0048606363710431925,0.22305799446691743,0.5644406891075917,8,6,4,4,14,14,5,27
deepseek-coder-6.7b,dynamic_exec_assign_chain_04_safe,dynamic_exec_assign_chain_04,safe,clean_heldout,clean,-1,11,5723, safe,70.00470733642578,0.9999997428924317,82,0.10050214272973859,0.021989043924014105,0.007739582399164306,0.14848235118204614,0.04777079046649773,0.04418693326861363,0.18332163690703565,0.4460072620153214,8,6,4,4,14,14,5,27
deepseek-coder-6.7b,dynamic_exec_assign_chain_04_safe,dynamic_exec_assign_chain_04,safe,clean_heldout,clean,-1,15,24281, vulnerable,138.6673126220703,1.0000000120354973,82,0.04300838853394068,0.014165288852259636,0.008814138565889766,0.037132299398384694,0.046489832173828946,0.028435128134476753,0.15105503484444938,0.6708999015322674,8,6,4,4,14,14,5,27
deepseek-coder-6.7b,dynamic_exec_assign_chain_04_safe,dynamic_exec_assign_chain_04,safe,clean_heldout,clean,-1,15,5723, safe,70.00470733642578,0.9999999213085342,82,0.06395768917248923,0.013793584103372994,0.041139898074873546,0.10930542562238324,0.042489819398116406,0.04467842964037463,0.10692764033817961,0.5777074349587445,8,6,4,4,14,14,5,27
deepseek-coder-6.7b,dynamic_exec_assign_chain_04_safe,dynamic_exec_assign_chain_04,safe,clean_heldout,clean,-1,19,24281, vulnerable,138.6673126220703,1.0000000292559297,82,0.026490782062550802,0.013718382310402268,0.0058181821138330245,0.014743562738667348,0.047552967173861385,0.017453182931898667,0.09363737912440671,0.7805855908003093,8,6,4,4,14,14,5,27
deepseek-coder-6.7b,dynamic_exec_assign_chain_04_safe,dynamic_exec_assign_chain_04,safe,clean_heldout,clean,-1,19,5723, safe,70.00470733642578,1.000000019090829,82,0.03801016933906613,0.010873412244145026,0.04313425883972123,0.05897822221340663,0.031442502713123155,0.03639707516471555,0.05653422062174948,0.7246301579549017,8,6,4,4,14,14,5,27
deepseek-coder-6.7b,dynamic_exec_assign_chain_04_safe,dynamic_exec_assign_chain_04,safe,clean_heldout,clean,-1,23,24281, vulnerable,138.6673126220703,1.000000095417583,82,0.016583234049651282,0.012539408269088767,0.010268841066245742,0.013721646401720577,0.04632901426312847,0.02193594940064591,0.05664454545575526,0.8219774565113471,8,6,4,4,14,14,5,27
deepseek-coder-6.7b,dynamic_exec_assign_chain_04_safe,dynamic_exec_assign_chain_04,safe,clean_heldout,clean,-1,23,5723, safe,70.00470733642578,0.9999998104486891,82,0.02131801908622865,0.013973856100644892,0.0497155395282594,0.059060037710378675,0.04188621740817511,0.0383091169269439,0.05855750174415304,0.7171795219439054,8,6,4,4,14,14,5,27
deepseek-coder-6.7b,dynamic_exec_assign_chain_04_safe,dynamic_exec_assign_chain_04,safe,clean_heldout,clean,-1,27,24281, vulnerable,138.6673126220703,1.0000000879356947,82,0.014483322701877173,0.01166774657171269,0.007896164973751337,0.036763831361886795,0.03790666549158376,0.020664545413848087,0.011240934205850026,0.8593768772151849,8,6,4,4,14,14,5,27
deepseek-coder-6.7b,dynamic_exec_assign_chain_04_safe,dynamic_exec_assign_chain_04,safe,clean_heldout,clean,-1,27,5723, safe,70.00470733642578,0.999999906128997,82,0.01727452084630016,0.013094027562719759,0.030943426883151257,0.07777383815676633,0.03609140884228713,0.04121391754248157,0.005376925512663562,0.7782318407826274,8,6,4,4,14,14,5,27
deepseek-coder-6.7b,dynamic_exec_assign_chain_08_unsafe,dynamic_exec_assign_chain_08,unsafe,clean_heldout,clean,-1,0,24281, vulnerable,163.46615600585938,1.000000039707624,81,0.00757448055352426,0.021745093021107786,0.004481730708124411,0.040608581737487395,0.01665710280930666,0.026356907065353794,0.38392811064058363,0.4986480331721363,8,6,3,4,14,14,5,27
deepseek-coder-6.7b,dynamic_exec_assign_chain_08_unsafe,dynamic_exec_assign_chain_08,unsafe,clean_heldout,clean,-1,0,5723, safe,77.57659912109375,1.0000003722092154,81,0.04886232978316972,0.029655165290818263,0.015174725435893632,0.05978529931356534,0.03616203339649131,0.015289090090830458,0.42987280227625657,0.3651989266221902,8,6,3,4,14,14,5,27
deepseek-coder-6.7b,dynamic_exec_assign_chain_08_unsafe,dynamic_exec_assign_chain_08,unsafe,clean_heldout,clean,-1,3,24281, vulnerable,163.46615600585938,0.9999997275531118,81,0.007684914637782395,0.03070505708986688,0.008093478224577795,0.052065623746256624,0.015136677432876774,0.026850202628543294,0.35320089800113286,0.5062628757920753,8,6,3,4,14,14,5,27
deepseek-coder-6.7b,dynamic_exec_assign_chain_08_unsafe,dynamic_exec_assign_chain_08,unsafe,clean_heldout,clean,-1,3,5723, safe,77.57659912109375,1.0000000140700942,81,0.04641049816961618,0.0405563956612985,0.02435938371289383,0.08397292376811052,0.026480898111650063,0.01846167351671204,0.39711276826492997,0.362645472864883,8,6,3,4,14,14,5,27
deepseek-coder-6.7b,dynamic_exec_assign_chain_08_unsafe,dynamic_exec_assign_chain_08,unsafe,clean_heldout,clean,-1,7,24281, vulnerable,163.46615600585938,0.9999996887883978,81,0.03512501234053364,0.025058451372970934,-0.0090697276898262,0.07581277072164186,0.013209892133117934,0.025727791367233584,0.30429300875646115,0.5298424897862649,8,6,3,4,14,14,5,27
deepseek-coder-6.7b,dynamic_exec_assign_chain_08_unsafe,dynamic_exec_assign_chain_08,unsafe,clean_heldout,clean,-1,7,5723, safe,77.57659912109375,1.000000039521118,81,0.08740792443917239,0.03485137804634732,0.01178559053474241,0.14607395621068592,0.002761084936915576,0.05012282649602692,0.31894439818398096,0.3480528806732464,8,6,3,4,14,14,5,27
deepseek-coder-6.7b,dynamic_exec_assign_chain_08_unsafe,dynamic_exec_assign_chain_08,unsafe,clean_heldout,clean,-1,11,24281, vulnerable,163.46615600585938,0.999999801914818,81,0.06251870186652227,0.015866745143427542,0.016277237166498426,0.07705824830475692,0.030318568104822145,0.03228023437743573,0.20587846315541666,0.5598016037959384,8,6,3,4,14,14,5,27
deepseek-coder-6.7b,dynamic_exec_assign_chain_08_unsafe,dynamic_exec_assign_chain_08,unsafe,clean_heldout,clean,-1,11,5723, safe,77.57659912109375,1.000000142333649,81,0.1049327452954676,0.021199605897525793,0.045790210911653285,0.17904247847684723,0.04226321285762512,0.05085594808209385,0.19910919688509282,0.3568067439273436,8,6,3,4,14,14,5,27
deepseek-coder-6.7b,dynamic_exec_assign_chain_08_unsafe,dynamic_exec_assign_chain_08,unsafe,clean_heldout,clean,-1,15,24281, vulnerable,163.46615600585938,0.9999998036923886,81,0.05651681674754721,0.01149290996633982,0.01819584812524935,0.03912085828296268,0.03986342265711359,0.05698533587849267,0.12994798206911273,0.6478766299655705,8,6,3,4,14,14,5,27
deepseek-coder-6.7b,dynamic_exec_assign_chain_08_unsafe,dynamic_exec_assign_chain_08,unsafe,clean_heldout,clean,-1,15,5723, safe,77.57659912109375,1.00000020365621,81,0.08677684767593469,0.0107899109545324,0.043813853064775005,0.15427389723960772,0.06293371137406668,0.04770355226410155,0.11888489926112202,0.47482353182206993,8,6,3,4,14,14,5,27
deepseek-coder-6.7b,dynamic_exec_assign_chain_08_unsafe,dynamic_exec_assign_chain_08,unsafe,clean_heldout,clean,-1,19,24281, vulnerable,163.46615600585938,0.9999998531111319,81,0.03172399596289382,0.011465369357590353,0.00993045064991863,0.02850647733878097,0.03256311496725262,0.03161040326090938,0.07835767142003235,0.7758423701537539,8,6,3,4,14,14,5,27
deepseek-coder-6.7b,dynamic_exec_assign_chain_08_unsafe,dynamic_exec_assign_chain_08,unsafe,clean_heldout,clean,-1,19,5723, safe,77.57659912109375,1.0000002162616697,81,0.057089568379528374,0.008561414042277482,0.015591767493954144,0.08590009813607381,0.05977988484838981,0.05632069007409924,0.07565053546341408,0.6411062578239328,8,6,3,4,14,14,5,27
deepseek-coder-6.7b,dynamic_exec_assign_chain_08_unsafe,dynamic_exec_assign_chain_08,unsafe,clean_heldout,clean,-1,23,24281, vulnerable,163.46615600585938,0.999999840246534,81,0.021720256348019513,0.009158455106671508,0.008543437056551726,0.028843770141425286,0.02940368737519011,0.027082067304967122,0.0371908469887126,0.8380573199249962,8,6,3,4,14,14,5,27
deepseek-coder-6.7b,dynamic_exec_assign_chain_08_unsafe,dynamic_exec_assign_chain_08,unsafe,clean_heldout,clean,-1,23,5723, safe,77.57659912109375,1.0000002821942273,81,0.03962132077889337,0.009626177688974214,0.02136033708326859,0.08810305211287829,0.06078666424427985,0.0611299527653588,0.07796284413318293,0.6414099333873912,8,6,3,4,14,14,5,27
deepseek-coder-6.7b,dynamic_exec_assign_chain_08_unsafe,dynamic_exec_assign_chain_08,unsafe,clean_heldout,clean,-1,27,24281, vulnerable,163.46615600585938,0.9999999050367058,81,0.019473474988108398,0.008822624880052813,0.008701209853025105,0.031350360728048136,0.02498789622053721,0.016727266691090256,-0.0009790843714044591,0.8909161560472483,8,6,3,4,14,14,5,27
deepseek-coder-6.7b,dynamic_exec_assign_chain_08_unsafe,dynamic_exec_assign_chain_08,unsafe,clean_heldout,clean,-1,27,5723, safe,77.57659912109375,1.0000002226484361,81,0.03398972624579323,0.010151605932507989,0.022625923136479507,0.08400064905680696,0.06337923101466582,0.05187809230897649,0.03986737277576878,0.6941076221774373,8,6,3,4,14,14,5,27
deepseek-coder-6.7b,dynamic_exec_assign_chain_08_safe,dynamic_exec_assign_chain_08,safe,clean_heldout,clean,-1,0,24281, vulnerable,159.37945556640625,1.000000013463261,81,0.006784557956143421,0.022764523938611548,0.010740306570241316,0.03762747082852406,0.011121633734660078,0.02304859708665234,0.38239627169212587,0.5055166516563023,8,6,3,4,14,14,5,27
deepseek-coder-6.7b,dynamic_exec_assign_chain_08_safe,dynamic_exec_assign_chain_08,safe,clean_heldout,clean,-1,0,5723, safe,63.640995025634766,0.9999998768109545,81,0.03871864925717515,0.03936440676061201,0.015136046317517032,0.05052337403056865,0.017682488218900946,0.027143499738278447,0.4471652000257146,0.3642662124621876,8,6,3,4,14,14,5,27
deepseek-coder-6.7b,dynamic_exec_assign_chain_08_safe,dynamic_exec_assign_chain_08,safe,clean_heldout,clean,-1,3,24281, vulnerable,159.37945556640625,0.9999998732092719,81,0.006542275167669658,0.0331397993363474,0.015292990653977724,0.04812296707002438,0.00841257540129254,0.02211768024217064,0.3510494285856937,0.5153221567520958,8,6,3,4,14,14,5,27
deepseek-coder-6.7b,dynamic_exec_assign_chain_08_safe,dynamic_exec_assign_chain_08,safe,clean_heldout,clean,-1,3,5723, safe,63.640995025634766,0.9999996341499005,81,0.03453500424835671,0.05442937115497984,0.020251387462795443,0.07809103880842326,0.009329781893540275,0.024027223536340174,0.4133223439221896,0.3660134831232752,8,6,3,4,14,14,5,27
deepseek-coder-6.7b,dynamic_exec_assign_chain_08_safe,dynamic_exec_assign_chain_08,safe,clean_heldout,clean,-1,7,24281, vulnerable,159.37945556640625,0.9999999180050005,81,0.04246099180555925,0.023194869223626756,-0.007465627096940302,0.07243790088804389,0.009735256931856128,0.015941135857418427,0.3068337120977489,0.5368616782976876,8,6,3,4,14,14,5,27
deepseek-coder-6.7b,dynamic_exec_assign_chain_08_safe,dynamic_exec_assign_chain_08,safe,clean_heldout,clean,-1,7,5723, safe,63.640995025634766,0.9999996485497604,81,0.07478703883266186,0.04659713772743443,-0.008739021640456018,0.1483195480547536,0.015065746084324531,0.017691992711807093,0.3365194032563183,0.3697578035229166,8,6,3,4,14,14,5,27
deepseek-coder-6.7b,dynamic_exec_assign_chain_08_safe,dynamic_exec_assign_chain_08,safe,clean_heldout,clean,-1,11,24281, vulnerable,159.37945556640625,0.999999882944425,81,0.06734369985683229,0.019040683548431164,0.005854006337677543,0.06613274273038955,0.03135676183675848,0.025055728766184514,0.21562746755395978,0.5695887923141918,8,6,3,4,14,14,5,27
deepseek-coder-6.7b,dynamic_exec_assign_chain_08_safe,dynamic_exec_assign_chain_08,safe,clean_heldout,clean,-1,11,5723, safe,63.640995025634766,0.9999997274709439,81,0.11664933204505397,0.026406912147704967,0.006590016984997697,0.15870466708685224,0.04485279699882007,0.04215613811484452,0.20578007848359162,0.3988597856090788,8,6,3,4,14,14,5,27
deepseek-coder-6.7b,dynamic_exec_assign_chain_08_safe,dynamic_exec_assign_chain_08,safe,clean_heldout,clean,-1,15,24281, vulnerable,159.37945556640625,0.9999999568988658,81,0.06140842478786927,0.011708414118945468,0.0148844213522126,0.02948129007474276,0.04515977540351607,0.04015974083752835,0.1405853750049545,0.6566125153190967,8,6,3,4,14,14,5,27
deepseek-coder-6.7b,dynamic_exec_assign_chain_08_safe,dynamic_exec_assign_chain_08,safe,clean_heldout,clean,-1,15,5723, safe,63.640995025634766,0.9999996845201422,81,0.10327783847416294,0.01272050025497352,0.02524209805462622,0.1327080656598397,0.07991872323358722,0.053302681539806676,0.11484578635092209,0.4779839909522239,8,6,3,4,14,14,5,27
deepseek-coder-6.7b,dynamic_exec_assign_chain_08_safe,dynamic_exec_assign_chain_08,safe,clean_heldout,clean,-1,19,24281, vulnerable,159.37945556640625,1.000000023794444,81,0.0321151580820656,0.01159900378293401,0.009850860344564222,0.02318841545986383,0.039188475359408045,0.03336451429884186,0.08324490856716485,0.7674486878996015,8,6,3,4,14,14,5,27
deepseek-coder-6.7b,dynamic_exec_assign_chain_08_safe,dynamic_exec_assign_chain_08,safe,clean_heldout,clean,-1,19,5723, safe,63.640995025634766,0.99999955885795,81,0.06598306832158943,0.009351212250919418,0.022945980332722837,0.08741526595600009,0.07067229509015727,0.06428403871316407,0.07117787164020126,0.6081698265531955,8,6,3,4,14,14,5,27
deepseek-coder-6.7b,dynamic_exec_assign_chain_08_safe,dynamic_exec_assign_chain_08,safe,clean_heldout,clean,-1,23,24281, vulnerable,159.37945556640625,0.9999998749038663,81,0.021553756746993585,0.009208186530932421,0.01005886024777235,0.02115841079841913,0.03590236672281105,0.02802832849404893,0.042038395094736836,0.8320515702681521,8,6,3,4,14,14,5,27
deepseek-coder-6.7b,dynamic_exec_assign_chain_08_safe,dynamic_exec_assign_chain_08,safe,clean_heldout,clean,-1,23,5723, safe,63.640995025634766,0.9999995686773666,81,0.04385321995197387,0.011057045763888078,0.0371078700390305,0.09003500238339926,0.06958942083899212,0.06283752077513449,0.0777363316248684,0.6077831573000798,8,6,3,4,14,14,5,27
deepseek-coder-6.7b,dynamic_exec_assign_chain_08_safe,dynamic_exec_assign_chain_08,safe,clean_heldout,clean,-1,27,24281, vulnerable,159.37945556640625,1.0000000128964484,81,0.01912130618342986,0.008439837587444703,0.008543617902073052,0.02622357685806525,0.02677201756800586,0.018274221524217128,0.004646750860057047,0.8879786844131554,8,6,3,4,14,14,5,27
deepseek-coder-6.7b,dynamic_exec_assign_chain_08_safe,dynamic_exec_assign_chain_08,safe,clean_heldout,clean,-1,27,5723, safe,63.640995025634766,0.9999993592647697,81,0.03872469438861201,0.012203798569252397,0.03345911973895147,0.08802805901913942,0.08103361611473851,0.05934386147364729,0.03687830255518982,0.6503279074052386,8,6,3,4,14,14,5,27
deepseek-coder-6.7b,dynamic_exec_assign_chain_11_unsafe,dynamic_exec_assign_chain_11,unsafe,clean_heldout,clean,-1,0,24281, vulnerable,183.80435180664062,1.0000005543416897,80,0.03965801477975481,0.00775486321915303,0.007362131092433696,0.04368811060302377,0.02903100438749455,0.051120673673998106,0.34281766922825063,0.47856808735758105,8,6,3,3,14,14,5,27
deepseek-coder-6.7b,dynamic_exec_assign_chain_11_unsafe,dynamic_exec_assign_chain_11,unsafe,clean_heldout,clean,-1,0,5723, safe,79.26188659667969,1.0000007894404193,80,0.051559509197949396,0.007618014677120706,-0.00059786844756153,0.02853672232175679,0.023518040668119425,0.09557866782777102,0.40745714411486744,0.3863305590803962,8,6,3,3,14,14,5,27
deepseek-coder-6.7b,dynamic_exec_assign_chain_11_unsafe,dynamic_exec_assign_chain_11,unsafe,clean_heldout,clean,-1,3,24281, vulnerable,183.80435180664062,1.0000000289017312,80,0.034116951529566064,0.013817541630309772,0.010164802253307834,0.04755257915786762,0.027351016697819287,0.0510522598713228,0.3264502726888795,0.4894946050726583,8,6,3,3,14,14,5,27
deepseek-coder-6.7b,dynamic_exec_assign_chain_11_unsafe,dynamic_exec_assign_chain_11,unsafe,clean_heldout,clean,-1,3,5723, safe,79.26188659667969,1.000000394375055,80,0.04202500076417863,0.017385796966481855,0.0005446970927805324,0.04474602066724041,0.027788985102285696,0.0925689919862402,0.3944503073751754,0.3804905944206725,8,6,3,3,14,14,5,27
deepseek-coder-6.7b,dynamic_exec_assign_chain_11_unsafe,dynamic_exec_assign_chain_11,unsafe,clean_heldout,clean,-1,7,24281, vulnerable,183.80435180664062,0.9999999698214042,80,0.05369442938243132,0.005347729537818185,0.01747517484462637,0.06031755917953824,0.027263969142398113,0.06198002121208388,0.27700349855285683,0.49691758796965124,8,6,3,3,14,14,5,27
deepseek-coder-6.7b,dynamic_exec_assign_chain_11_unsafe,dynamic_exec_assign_chain_11,unsafe,clean_heldout,clean,-1,7,5723, safe,79.26188659667969,1.0000004387663362,80,0.09195242364689878,0.004148313399744011,0.005593851031453755,0.06909265222378178,0.035867667255586044,0.10593142906625932,0.32201015931085053,0.365403942831762,8,6,3,3,14,14,5,27
deepseek-coder-6.7b,dynamic_exec_assign_chain_11_unsafe,dynamic_exec_assign_chain_11,unsafe,clean_heldout,clean,-1,11,24281, vulnerable,183.80435180664062,1.0000000235713278,80,0.05597086949617385,0.010775463627773343,0.038549092079443945,0.06101877208964584,0.029355345918047844,0.07768032955718722,0.19630034511971478,0.5303498056833409,8,6,3,3,14,14,5,27
deepseek-coder-6.7b,dynamic_exec_assign_chain_11_unsafe,dynamic_exec_assign_chain_11,unsafe,clean_heldout,clean,-1,11,5723, safe,79.26188659667969,1.0000005885545975,80,0.08981080579446711,0.009533552152986739,0.025799912141566083,0.07541691697113893,0.03818318110143502,0.1170105415486855,0.22293205366385105,0.42131362518046706,8,6,3,3,14,14,5,27
deepseek-coder-6.7b,dynamic_exec_assign_chain_11_unsafe,dynamic_exec_assign_chain_11,unsafe,clean_heldout,clean,-1,15,24281, vulnerable,183.80435180664062,1.0000001530210871,80,0.04615032285664229,0.0181132696572035,0.03809268275059643,0.045953043044581005,0.03580727037207651,0.08645238957003444,0.12911490314997293,0.6003162716199801,8,6,3,3,14,14,5,27
deepseek-coder-6.7b,dynamic_exec_assign_chain_11_unsafe,dynamic_exec_assign_chain_11,unsafe,clean_heldout,clean,-1,15,5723, safe,79.26188659667969,1.0000006162139612,80,0.07697383448906941,0.01873726707659348,0.01994510965501635,0.06649589923788726,0.05499561694449541,0.12483186105519135,0.13787354295304155,0.5001474848026661,8,6,3,3,14,14,5,27
deepseek-coder-6.7b,dynamic_exec_assign_chain_11_unsafe,dynamic_exec_assign_chain_11,unsafe,clean_heldout,clean,-1,19,24281, vulnerable,183.80435180664062,1.0000001943671823,80,0.029584203040066367,0.018415997171994547,0.02604777659262538,0.05641336497224302,0.01658974781279092,0.07790023946529774,0.08088337927810868,0.6941654860340557,8,6,3,3,14,14,5,27
deepseek-coder-6.7b,dynamic_exec_assign_chain_11_unsafe,dynamic_exec_assign_chain_11,unsafe,clean_heldout,clean,-1,19,5723, safe,79.26188659667969,1.0000005678041999,80,0.058094099976066065,0.023840441655859378,0.011873081822899652,0.07512484837949973,0.05546925043473206,0.10956942074519774,0.08537794444749522,0.58065148034245,8,6,3,3,14,14,5,27
deepseek-coder-6.7b,dynamic_exec_assign_chain_11_unsafe,dynamic_exec_assign_chain_11,unsafe,clean_heldout,clean,-1,23,24281, vulnerable,183.80435180664062,1.0000002209989318,80,0.020201354472975833,0.013664959460241315,0.008275905412420858,0.04492640491060704,0.021440779717866128,0.06822179785480192,0.05566064163759084,0.7676083775324278,8,6,3,3,14,14,5,27
deepseek-coder-6.7b,dynamic_exec_assign_chain_11_unsafe,dynamic_exec_assign_chain_11,unsafe,clean_heldout,clean,-1,23,5723, safe,79.26188659667969,1.0000003955265495,80,0.041134110428679156,0.0231147690885746,0.023412776993923582,0.06905541562341719,0.04661656385499955,0.1093357738994468,0.07881468738274873,0.6085162982547598,8,6,3,3,14,14,5,27
deepseek-coder-6.7b,dynamic_exec_assign_chain_11_unsafe,dynamic_exec_assign_chain_11,unsafe,clean_heldout,clean,-1,27,24281, vulnerable,183.80435180664062,1.000000108634838,80,0.019656546179428316,0.012409460089906997,0.014049749123698862,0.034185995941262357,0.019789695948281658,0.03502623015081312,0.01776165399261087,0.847120777208836,8,6,3,3,14,14,5,27
deepseek-coder-6.7b,dynamic_exec_assign_chain_11_unsafe,dynamic_exec_assign_chain_11,unsafe,clean_heldout,clean,-1,27,5723, safe,79.26188659667969,1.0000003164964393,80,0.034747748318560354,0.023481975316666237,0.0338039286770862,0.07753451371203272,0.04391700538559891,0.06700663970312774,0.038228579352549724,0.6812799260308172,8,6,3,3,14,14,5,27
deepseek-coder-6.7b,dynamic_exec_assign_chain_11_safe,dynamic_exec_assign_chain_11,safe,clean_heldout,clean,-1,0,24281, vulnerable,181.2672576904297,1.0000002857693546,80,0.035962701173766876,0.007807136339310239,0.0003313788229518488,0.05575374481061163,0.043426740034928725,0.050869906673990856,0.3250493393320831,0.48079933858171153,8,6,3,3,14,14,5,27
deepseek-coder-6.7b,dynamic_exec_assign_chain_11_safe,dynamic_exec_assign_chain_11,safe,clean_heldout,clean,-1,0,5723, safe,81.81483459472656,0.9999998747837312,80,0.038251046897980784,0.04202905426579273,0.014970798815727951,0.055521669655372884,-0.011261560678075055,0.08414477175848806,0.3992685739449426,0.3770755201235014,8,6,3,3,14,14,5,27
deepseek-coder-6.7b,dynamic_exec_assign_chain_11_safe,dynamic_exec_assign_chain_11,safe,clean_heldout,clean,-1,3,24281, vulnerable,181.2672576904297,0.9999999689366058,80,0.030061909739692163,0.014314190610197489,0.0022189596706564006,0.06087906519099954,0.04610766051675686,0.047904912579711176,0.3102698519174494,0.4882434187111427,8,6,3,3,14,14,5,27
deepseek-coder-6.7b,dynamic_exec_assign_chain_11_safe,dynamic_exec_assign_chain_11,safe,clean_heldout,clean,-1,3,5723, safe,81.81483459472656,0.9999997511155908,80,0.02688292130137216,0.05014028221741343,0.011917824379193658,0.07517186509343521,-0.005325498044275964,0.07552375204108165,0.38613370243706563,0.379554901690305,8,6,3,3,14,14,5,27
deepseek-coder-6.7b,dynamic_exec_assign_chain_11_safe,dynamic_exec_assign_chain_11,safe,clean_heldout,clean,-1,7,24281, vulnerable,181.2672576904297,0.9999999184727192,80,0.04995895709116694,0.0016631585625031722,0.009326954549226312,0.07871127367107338,0.05559006240472846,0.05196076713342576,0.2615523069287205,0.4912364381318747,8,6,3,3,14,14,5,27
deepseek-coder-6.7b,dynamic_exec_assign_chain_11_safe,dynamic_exec_assign_chain_11,safe,clean_heldout,clean,-1,7,5723, safe,81.81483459472656,0.9999998115153655,80,0.08283252616115547,0.03591321594841357,0.01558623923569193,0.11781378169005022,0.010343433491702475,0.06570713396777389,0.31389400804160705,0.357909472978971,8,6,3,3,14,14,5,27
deepseek-coder-6.7b,dynamic_exec_assign_chain_11_safe,dynamic_exec_assign_chain_11,safe,clean_heldout,clean,-1,11,24281, vulnerable,181.2672576904297,0.9999999495258378,80,0.05361996341253918,0.007469452274147019,0.02955583063422285,0.08039143390845986,0.06172574558735737,0.062400513782120276,0.17835136704891802,0.5264856428780732,8,6,3,3,14,14,5,27
deepseek-coder-6.7b,dynamic_exec_assign_chain_11_safe,dynamic_exec_assign_chain_11,safe,clean_heldout,clean,-1,11,5723, safe,81.81483459472656,0.9999999223659134,80,0.09045326163453546,0.03346417268987943,0.022469506299706798,0.14059258911204914,0.022358563456150338,0.07727596649052225,0.21329593376123707,0.4000899289218328,8,6,3,3,14,14,5,27
deepseek-coder-6.7b,dynamic_exec_assign_chain_11_safe,dynamic_exec_assign_chain_11,safe,clean_heldout,clean,-1,15,24281, vulnerable,181.2672576904297,1.0000000563929565,80,0.04121138320164955,0.017645607310802086,0.025763579242417064,0.06593935610757698,0.07696586135744754,0.06990642796630607,0.11262973477498817,0.589938106431769,8,6,3,3,14,14,5,27
deepseek-coder-6.7b,dynamic_exec_assign_chain_11_safe,dynamic_exec_assign_chain_11,safe,clean_heldout,clean,-1,15,5723, safe,81.81483459472656,1.0000000795920139,80,0.07113595533181662,0.023793425741480217,0.014806488843940403,0.14717732784194237,0.05711902085814321,0.0837220414984061,0.1314737568643941,0.47077206261189075,8,6,3,3,14,14,5,27
deepseek-coder-6.7b,dynamic_exec_assign_chain_11_safe,dynamic_exec_assign_chain_11,safe,clean_heldout,clean,-1,19,24281, vulnerable,181.2672576904297,1.0000000268195366,80,0.02459071409390026,0.017625107607954493,0.01565073919216592,0.07872861245006221,0.02070162820680405,0.06189427507471939,0.06388343792781045,0.7169255122661198,8,6,3,3,14,14,5,27
deepseek-coder-6.7b,dynamic_exec_assign_chain_11_safe,dynamic_exec_assign_chain_11,safe,clean_heldout,clean,-1,19,5723, safe,81.81483459472656,1.0000000315203499,80,0.052506360090362095,0.02275832322428549,0.010237099312602426,0.1529232898684345,0.05347716283551316,0.0832126024782329,0.08057399854494288,0.5443111951659763,8,6,3,3,14,14,5,27
deepseek-coder-6.7b,dynamic_exec_assign_chain_11_safe,dynamic_exec_assign_chain_11,safe,clean_heldout,clean,-1,23,24281, vulnerable,181.2672576904297,1.0000000625583672,80,0.017538723298832777,0.012412081439729647,0.00753559759508814,0.05913558043137394,0.019362162650864614,0.052793725380709484,0.041803581503580614,0.7894186102581879,8,6,3,3,14,14,5,27
deepseek-coder-6.7b,dynamic_exec_assign_chain_11_safe,dynamic_exec_assign_chain_11,safe,clean_heldout,clean,-1,23,5723, safe,81.81483459472656,0.9999999664875732,80,0.03412637655972371,0.022316349636947348,0.014949400038387173,0.11510969456576008,0.04551797756580815,0.07823493405576179,0.07430663743221282,0.6154385966329721,8,6,3,3,14,14,5,27
deepseek-coder-6.7b,dynamic_exec_assign_chain_11_safe,dynamic_exec_assign_chain_11,safe,clean_heldout,clean,-1,27,24281, vulnerable,181.2672576904297,1.0000000416781762,80,0.018909215631597743,0.01169781943770155,0.008725373232064043,0.03968085518012032,0.017798494267517534,0.032516276792750695,0.01311180514644265,0.8575602019899817,8,6,3,3,14,14,5,27
deepseek-coder-6.7b,dynamic_exec_assign_chain_11_safe,dynamic_exec_assign_chain_11,safe,clean_heldout,clean,-1,27,5723, safe,81.81483459472656,0.9999999530325159,80,0.03173631895170168,0.02197158913419066,0.024198111153364614,0.09641860329250326,0.038940827055637395,0.05907231310154514,0.03551429021169503,0.6921479001318782,8,6,3,3,14,14,5,27
deepseek-coder-6.7b,dynamic_exec_assign_chain_14_unsafe,dynamic_exec_assign_chain_14,unsafe,clean_heldout,clean,-1,0,24281, vulnerable,173.15957641601562,1.000000440063901,82,0.02961920848930173,0.014880841366546379,0.002296028570323376,0.03618959246548303,0.044517590428448855,0.02581442443343926,0.36246473390108336,0.48421802040927514,8,6,4,4,14,14,5,27
deepseek-coder-6.7b,dynamic_exec_assign_chain_14_unsafe,dynamic_exec_assign_chain_14,unsafe,clean_heldout,clean,-1,0,5723, safe,70.68217468261719,0.999999280105056,82,0.06126308550915751,0.027156263141205488,0.015334283769077216,0.05115805267976397,0.04334854452077667,0.012448385951664014,0.42924658740513744,0.36004407712827374,8,6,4,4,14,14,5,27
deepseek-coder-6.7b,dynamic_exec_assign_chain_14_unsafe,dynamic_exec_assign_chain_14,unsafe,clean_heldout,clean,-1,3,24281, vulnerable,173.15957641601562,1.0000001658700535,82,0.028212614257523184,0.02316102030811356,0.006768434971402037,0.045395535676087354,0.04040492726175024,0.022950174600386022,0.3358646238840507,0.4972428349107403,8,6,4,4,14,14,5,27
deepseek-coder-6.7b,dynamic_exec_assign_chain_14_unsafe,dynamic_exec_assign_chain_14,unsafe,clean_heldout,clean,-1,3,5723, safe,70.68217468261719,0.9999988097805441,82,0.055569552136619446,0.03971460475773856,0.02349831043613377,0.07638974528342415,0.03292663603614855,0.0060428658858194696,0.4024768264726529,0.36338026877200735,8,6,4,4,14,14,5,27
deepseek-coder-6.7b,dynamic_exec_assign_chain_14_unsafe,dynamic_exec_assign_chain_14,unsafe,clean_heldout,clean,-1,7,24281, vulnerable,173.15957641601562,1.000000166300326,82,0.051375249636538826,0.016753030213788135,-0.00030669575117005504,0.06366413532689277,0.035642281182924306,0.023755393593302046,0.2943088065462621,0.5148079655517879,8,6,4,4,14,14,5,27
deepseek-coder-6.7b,dynamic_exec_assign_chain_14_unsafe,dynamic_exec_assign_chain_14,unsafe,clean_heldout,clean,-1,7,5723, safe,70.68217468261719,0.9999988760700138,82,0.11178979095546941,0.026830834839943078,0.01087123384696362,0.12947892018245222,0.020530577234115065,0.0034683296677885723,0.33849749659592726,0.3585316927473545,8,6,4,4,14,14,5,27
deepseek-coder-6.7b,dynamic_exec_assign_chain_14_unsafe,dynamic_exec_assign_chain_14,unsafe,clean_heldout,clean,-1,11,24281, vulnerable,173.15957641601562,1.0000003066121923,82,0.06825680595008753,0.012551211826112562,0.015749336536308535,0.061892761136421934,0.030463228596829817,0.04578546381533192,0.21149430085676246,0.5538071978943375,8,6,4,4,14,14,5,27
deepseek-coder-6.7b,dynamic_exec_assign_chain_14_unsafe,dynamic_exec_assign_chain_14,unsafe,clean_heldout,clean,-1,11,5723, safe,70.68217468261719,0.999998958684797,82,0.12386115834848445,0.009938567835839612,0.006064455197352969,0.14985438227120562,0.014062134323515583,0.03983727292720447,0.23141304050405992,0.42496794727713466,8,6,4,4,14,14,5,27
deepseek-coder-6.7b,dynamic_exec_assign_chain_14_unsafe,dynamic_exec_assign_chain_14,unsafe,clean_heldout,clean,-1,15,24281, vulnerable,173.15957641601562,1.0000003204239398,82,0.06381988020761645,0.01685553893949438,0.018971768717595042,0.03474038438830664,0.037121957373022,0.06118724695535867,0.1395927903559873,0.6277107534865595,8,6,4,4,14,14,5,27
deepseek-coder-6.7b,dynamic_exec_assign_chain_14_unsafe,dynamic_exec_assign_chain_14,unsafe,clean_heldout,clean,-1,15,5723, safe,70.68217468261719,0.9999991515053296,82,0.11151847831507394,0.02170972019522818,0.009628772755051189,0.11153894801841535,0.023693576418872063,0.0625709796703211,0.1378215993287354,0.5215170768036324,8,6,4,4,14,14,5,27
deepseek-coder-6.7b,dynamic_exec_assign_chain_14_unsafe,dynamic_exec_assign_chain_14,unsafe,clean_heldout,clean,-1,19,24281, vulnerable,173.15957641601562,1.0000003406252342,82,0.036610516532939716,0.019122177401648708,0.016189189496343293,0.03144022657563949,0.03399335091057587,0.04593501204041553,0.08731828011845902,0.7293915875492127,8,6,4,4,14,14,5,27
deepseek-coder-6.7b,dynamic_exec_assign_chain_14_unsafe,dynamic_exec_assign_chain_14,unsafe,clean_heldout,clean,-1,19,5723, safe,70.68217468261719,0.9999992356221998,82,0.0773634606698085,0.03135468339231392,0.01821205187017767,0.06147904887999876,0.02072018519782372,0.06021945066232789,0.08809064774958675,0.6425597072001625,8,6,4,4,14,14,5,27
deepseek-coder-6.7b,dynamic_exec_assign_chain_14_unsafe,dynamic_exec_assign_chain_14,unsafe,clean_heldout,clean,-1,23,24281, vulnerable,173.15957641601562,1.0000003473643775,82,0.02425945478649903,0.01704795915734799,0.01210833861120513,0.0243778274015694,0.028000922397386628,0.041181388905253774,0.04872095771380334,0.8043034983913122,8,6,4,4,14,14,5,27
deepseek-coder-6.7b,dynamic_exec_assign_chain_14_unsafe,dynamic_exec_assign_chain_14,unsafe,clean_heldout,clean,-1,23,5723, safe,70.68217468261719,0.9999992194945292,82,0.053101360935318614,0.03543997348903569,0.027348156754232363,0.06513500080522824,0.018227364408260057,0.06651166949398576,0.08195163116871215,0.6522840624397563,8,6,4,4,14,14,5,27
deepseek-coder-6.7b,dynamic_exec_assign_chain_14_unsafe,dynamic_exec_assign_chain_14,unsafe,clean_heldout,clean,-1,27,24281, vulnerable,173.15957641601562,1.0000003074135748,82,0.021047352184306773,0.017441901497103812,0.012085750595128154,0.028642798133662065,0.02109284818323607,0.026740176757035772,0.008191822223007711,0.8647576578400944,8,6,4,4,14,14,5,27
deepseek-coder-6.7b,dynamic_exec_assign_chain_14_unsafe,dynamic_exec_assign_chain_14,unsafe,clean_heldout,clean,-1,27,5723, safe,70.68217468261719,0.9999990706561572,82,0.04798850202410741,0.03782847057023342,0.02703792804465325,0.084272540423726,0.01836814179092475,0.07667247642002162,0.043570300307902654,0.6642607110745881,8,6,4,4,14,14,5,27
deepseek-coder-6.7b,dynamic_exec_assign_chain_14_safe,dynamic_exec_assign_chain_14,safe,clean_heldout,clean,-1,0,24281, vulnerable,173.9104461669922,1.0000000268455413,81,0.03146732530835446,0.0022258924721326135,-0.0012098716639992078,0.040073551003869744,0.04695834262829185,0.040498388212335895,0.3524985862997641,0.4874878125847919,8,6,3,4,14,14,5,27
deepseek-coder-6.7b,dynamic_exec_assign_chain_14_safe,dynamic_exec_assign_chain_14,safe,clean_heldout,clean,-1,0,5723, safe,86.2772216796875,1.0000001546857007,81,0.04714447669631494,0.01852230950518604,0.009070742980568515,0.06374583453191256,0.04632688815602122,0.05453608310063929,0.3993703843531294,0.3612834353619288,8,6,3,4,14,14,5,27
deepseek-coder-6.7b,dynamic_exec_assign_chain_14_safe,dynamic_exec_assign_chain_14,safe,clean_heldout,clean,-1,3,24281, vulnerable,173.9104461669922,0.9999998032398008,81,0.029566452774131724,0.009899551059693904,0.0033778318114303747,0.04901002700342929,0.046845870333147535,0.03644032468946303,0.32763293631872675,0.49722680924977813,8,6,3,4,14,14,5,27
deepseek-coder-6.7b,dynamic_exec_assign_chain_14_safe,dynamic_exec_assign_chain_14,safe,clean_heldout,clean,-1,3,5723, safe,86.2772216796875,0.999999863557065,81,0.03975972184305287,0.03112263760146325,0.01430493766173082,0.08642735017103907,0.042601074848460034,0.04498823920277799,0.37200263473172634,0.36879326749681474,8,6,3,4,14,14,5,27
deepseek-coder-6.7b,dynamic_exec_assign_chain_14_safe,dynamic_exec_assign_chain_14,safe,clean_heldout,clean,-1,7,24281, vulnerable,173.9104461669922,0.9999997811014669,81,0.05854592494395101,0.004163172315773692,-0.0030476382723447987,0.06883027293462674,0.05006709575274658,0.03137911305524064,0.280458202085323,0.50960363828615,8,6,3,4,14,14,5,27
deepseek-coder-6.7b,dynamic_exec_assign_chain_14_safe,dynamic_exec_assign_chain_14,safe,clean_heldout,clean,-1,7,5723, safe,86.2772216796875,0.9999998387728104,81,0.10298446979606066,0.01860889532812648,0.010367046976903185,0.13851912247111206,0.05243075665440277,0.014697014034590757,0.30285077878559874,0.3595417547260158,8,6,3,4,14,14,5,27
deepseek-coder-6.7b,dynamic_exec_assign_chain_14_safe,dynamic_exec_assign_chain_14,safe,clean_heldout,clean,-1,11,24281, vulnerable,173.9104461669922,0.9999998654884686,81,0.07079154278510572,0.007809543520296332,0.013984990340720403,0.06907755805986807,0.04949539730350663,0.04030565130987718,0.19234335815470335,0.556191824014391,8,6,3,4,14,14,5,27
deepseek-coder-6.7b,dynamic_exec_assign_chain_14_safe,dynamic_exec_assign_chain_14,safe,clean_heldout,clean,-1,11,5723, safe,86.2772216796875,0.9999999474953769,81,0.12457509407529654,0.014795608692464771,0.019055530826492185,0.1704614346137711,0.04016702136141745,0.04357766429162188,0.1977929061313285,0.3895746875029843,8,6,3,4,14,14,5,27
deepseek-coder-6.7b,dynamic_exec_assign_chain_14_safe,dynamic_exec_assign_chain_14,safe,clean_heldout,clean,-1,15,24281, vulnerable,173.9104461669922,0.9999999343454345,81,0.056963010208418235,0.017077854326683586,0.02205723016915269,0.04927145495747054,0.05931533146013025,0.050742144855592544,0.12152016288590509,0.6230527454820816,8,6,3,4,14,14,5,27
deepseek-coder-6.7b,dynamic_exec_assign_chain_14_safe,dynamic_exec_assign_chain_14,safe,clean_heldout,clean,-1,15,5723, safe,86.2772216796875,0.9999999763815552,81,0.09307936743071246,0.01920327879260402,0.024163587813993123,0.15460116416124184,0.054619437514463645,0.06263817601926727,0.12099445063163837,0.4707005140176347,8,6,3,4,14,14,5,27
deepseek-coder-6.7b,dynamic_exec_assign_chain_14_safe,dynamic_exec_assign_chain_14,safe,clean_heldout,clean,-1,19,24281, vulnerable,173.9104461669922,0.9999999561303262,81,0.03547683115376913,0.020058615402083105,0.01412978699710548,0.017594788792746063,0.03813445723061881,0.03966417176119246,0.07362412724711437,0.7613171775456968,8,6,3,4,14,14,5,27
deepseek-coder-6.7b,dynamic_exec_assign_chain_14_safe,dynamic_exec_assign_chain_14,safe,clean_heldout,clean,-1,19,5723, safe,86.2772216796875,1.0000000669693012,81,0.06521800544023058,0.025807940509241678,0.02108620100964953,0.06860627626281246,0.01896998758301589,0.06511518662135447,0.07366201377513501,0.6615344557678616,8,6,3,4,14,14,5,27
deepseek-coder-6.7b,dynamic_exec_assign_chain_14_safe,dynamic_exec_assign_chain_14,safe,clean_heldout,clean,-1,23,24281, vulnerable,173.9104461669922,0.9999999456770056,81,0.02354893516186292,0.018558815340691613,0.008905517205082827,0.021199423989813025,0.029275752544667282,0.035349241712860975,0.03868114401086827,0.8244811157111587,8,6,3,4,14,14,5,27
deepseek-coder-6.7b,dynamic_exec_assign_chain_14_safe,dynamic_exec_assign_chain_14,safe,clean_heldout,clean,-1,23,5723, safe,86.2772216796875,1.0000000976905508,81,0.04149856260925936,0.030539294766808125,0.022102676867791722,0.061065517393709426,0.012358965639416112,0.06392626451014999,0.06623830360038901,0.7022705123030271,8,6,3,4,14,14,5,27
deepseek-coder-6.7b,dynamic_exec_assign_chain_14_safe,dynamic_exec_assign_chain_14,safe,clean_heldout,clean,-1,27,24281, vulnerable,173.9104461669922,0.9999999833293097,81,0.021489313695995264,0.018713949045997737,0.008894194459430203,0.031262590339311086,0.022926894055683884,0.028083760621670565,0.002577007797066786,0.8660522733141542,8,6,3,4,14,14,5,27
deepseek-coder-6.7b,dynamic_exec_assign_chain_14_safe,dynamic_exec_assign_chain_14,safe,clean_heldout,clean,-1,27,5723, safe,86.2772216796875,1.0000001557435654,81,0.0383395857795882,0.032781243833815615,0.02560181949216777,0.07171585738214559,0.017412660480104043,0.06360802578593783,0.030727283143913604,0.7198136798458927,8,6,3,4,14,14,5,27
deepseek-coder-6.7b,dynamic_exec_assign_chain_15_unsafe,dynamic_exec_assign_chain_15,unsafe,clean_heldout,clean,-1,0,24281, vulnerable,164.3619842529297,1.0000005170489108,81,0.051461903362823,0.017035230737862304,-0.004858327080783908,0.03874011587339592,0.010639623638191015,0.047686560899651294,0.35653940454515365,0.48275600507261746,8,6,4,3,14,14,5,27
deepseek-coder-6.7b,dynamic_exec_assign_chain_15_unsafe,dynamic_exec_assign_chain_15,unsafe,clean_heldout,clean,-1,0,5723, safe,69.6619873046875,1.00000053979339,81,0.09211068089785902,0.0325984072034623,0.013758322825825939,0.04016517457834177,-0.008100768667776512,0.05808247569867913,0.4483041951827596,0.3230820520742386,8,6,4,3,14,14,5,27
deepseek-coder-6.7b,dynamic_exec_assign_chain_15_unsafe,dynamic_exec_assign_chain_15,unsafe,clean_heldout,clean,-1,3,24281, vulnerable,164.3619842529297,1.0000000654343104,81,0.0522470878891485,0.02198096878725934,-0.00222460451957925,0.042265170920790324,0.011235892136937913,0.05212808830888112,0.33628068548308676,0.48608677642778564,8,6,4,3,14,14,5,27
deepseek-coder-6.7b,dynamic_exec_assign_chain_15_unsafe,dynamic_exec_assign_chain_15,unsafe,clean_heldout,clean,-1,3,5723, safe,69.6619873046875,1.0000000938515354,81,0.09175735296865717,0.040084539050302195,0.014435906606919475,0.05549869342063444,-0.0010709665028474967,0.06363913250411167,0.43005565492098613,0.30559978088277195,8,6,4,3,14,14,5,27
deepseek-coder-6.7b,dynamic_exec_assign_chain_15_unsafe,dynamic_exec_assign_chain_15,unsafe,clean_heldout,clean,-1,7,24281, vulnerable,164.3619842529297,1.0000000785801018,81,0.06731880101756564,0.009182565539861109,0.006192950093565252,0.05434582184056318,0.011213156286577576,0.0612391069039814,0.27996397604906853,0.5105437008489192,8,6,4,3,14,14,5,27
deepseek-coder-6.7b,dynamic_exec_assign_chain_15_unsafe,dynamic_exec_assign_chain_15,unsafe,clean_heldout,clean,-1,7,5723, safe,69.6619873046875,1.0000002207516459,81,0.13450634641644715,0.029761796896938263,0.03334130355154283,0.08538610688119774,-0.013807581325625064,0.08407186794689936,0.3409504344720951,0.30578994591215053,8,6,4,3,14,14,5,27
deepseek-coder-6.7b,dynamic_exec_assign_chain_15_unsafe,dynamic_exec_assign_chain_15,unsafe,clean_heldout,clean,-1,11,24281, vulnerable,164.3619842529297,1.0000001503606564,81,0.05836766124386315,0.007612745142683355,0.025297872103025847,0.05451019319087079,0.027443761073760897,0.08792490242464647,0.18767214169166366,0.5511708734901422,8,6,4,3,14,14,5,27
deepseek-coder-6.7b,dynamic_exec_assign_chain_15_unsafe,dynamic_exec_assign_chain_15,unsafe,clean_heldout,clean,-1,11,5723, safe,69.6619873046875,1.0000001880373002,81,0.09889198306070289,0.02036184818817676,0.05530566963605125,0.10696855892832735,0.026618171746881903,0.12558260444961666,0.21391773021501223,0.352353621812531,8,6,4,3,14,14,5,27
deepseek-coder-6.7b,dynamic_exec_assign_chain_15_unsafe,dynamic_exec_assign_chain_15,unsafe,clean_heldout,clean,-1,15,24281, vulnerable,164.3619842529297,1.000000208848096,81,0.04790626404224381,0.01728784585400623,0.029214983971896723,0.04486123845021277,0.04070766062806715,0.0775545038367927,0.11987220715357114,0.6225955049113052,8,6,4,3,14,14,5,27
deepseek-coder-6.7b,dynamic_exec_assign_chain_15_unsafe,dynamic_exec_assign_chain_15,unsafe,clean_heldout,clean,-1,15,5723, safe,69.6619873046875,1.0000004702202574,81,0.08317941492562182,0.03025664582926283,0.05715045605989484,0.12620184212148944,0.05285076069023557,0.10735167747395993,0.12792717794737465,0.41508249517241824,8,6,4,3,14,14,5,27
deepseek-coder-6.7b,dynamic_exec_assign_chain_15_unsafe,dynamic_exec_assign_chain_15,unsafe,clean_heldout,clean,-1,19,24281, vulnerable,164.3619842529297,1.0000002160032029,81,0.030390970485905937,0.01745110760176899,0.019372024547104166,0.05919765786948898,0.02985958894530858,0.05551499593344279,0.070268899852014,0.7179449707681695,8,6,4,3,14,14,5,27
deepseek-coder-6.7b,dynamic_exec_assign_chain_15_unsafe,dynamic_exec_assign_chain_15,unsafe,clean_heldout,clean,-1,19,5723, safe,69.6619873046875,1.000000581511868,81,0.05453694053250472,0.026737834941295738,0.03456505826857769,0.11941183636510791,0.05940696059361215,0.08982120028354643,0.08309100036199163,0.5324297501652315,8,6,4,3,14,14,5,27
deepseek-coder-6.7b,dynamic_exec_assign_chain_15_unsafe,dynamic_exec_assign_chain_15,unsafe,clean_heldout,clean,-1,23,24281, vulnerable,164.3619842529297,1.0000002139477564,81,0.01788196962820487,0.014716912873917368,0.012773911187290925,0.046021985002822695,0.02704583668491784,0.043208349026023704,0.04459498349880779,0.7937562660457711,8,6,4,3,14,14,5,27
deepseek-coder-6.7b,dynamic_exec_assign_chain_15_unsafe,dynamic_exec_assign_chain_15,unsafe,clean_heldout,clean,-1,23,5723, safe,69.6619873046875,1.0000005209629215,81,0.03443531041918472,0.028438211980743186,0.038219157695776114,0.10425302790486987,0.05382093478172369,0.09578668120921469,0.07666549065362857,0.5683817063177806,8,6,4,3,14,14,5,27
deepseek-coder-6.7b,dynamic_exec_assign_chain_15_unsafe,dynamic_exec_assign_chain_15,unsafe,clean_heldout,clean,-1,27,24281, vulnerable,164.3619842529297,1.000000264740375,81,0.01697548174431933,0.014590947304744155,0.015816513692639006,0.036533698397680545,0.026194748894770033,0.031272501696615794,0.009996668087635462,0.8486197049219706,8,6,4,3,14,14,5,27
deepseek-coder-6.7b,dynamic_exec_assign_chain_15_unsafe,dynamic_exec_assign_chain_15,unsafe,clean_heldout,clean,-1,27,5723, safe,69.6619873046875,1.0000004411289551,81,0.03901538214409825,0.03110118365766188,0.040664178540070595,0.08663774432792165,0.06281956961210124,0.08036830913483453,0.038118391414448956,0.621275682297818,8,6,4,3,14,14,5,27
deepseek-coder-6.7b,dynamic_exec_assign_chain_15_safe,dynamic_exec_assign_chain_15,safe,clean_heldout,clean,-1,0,24281, vulnerable,168.0595703125,1.000000115398732,81,0.04910829946644038,0.003745621260510078,0.00131245642175034,0.06873505475146433,0.026513300803572542,0.053144742244810826,0.330940399929789,0.46650024052039424,8,6,4,3,14,14,5,27
deepseek-coder-6.7b,dynamic_exec_assign_chain_15_safe,dynamic_exec_assign_chain_15,safe,clean_heldout,clean,-1,0,5723, safe,91.90230560302734,1.000000607908346,81,0.07121683300057266,0.036698562805666225,0.02596201928289392,0.10293312257737519,0.013652595748419016,0.06286050562018397,0.36854710215609876,0.3181298667171365,8,6,4,3,14,14,5,27
deepseek-coder-6.7b,dynamic_exec_assign_chain_15_safe,dynamic_exec_assign_chain_15,safe,clean_heldout,clean,-1,3,24281, vulnerable,168.0595703125,0.9999999571078475,81,0.04783914483392292,0.011553202517021136,0.004900308685605086,0.07924667425518561,0.026566992291310095,0.054731904350301556,0.31179937759107434,0.46336235258342673,8,6,4,3,14,14,5,27
deepseek-coder-6.7b,dynamic_exec_assign_chain_15_safe,dynamic_exec_assign_chain_15,safe,clean_heldout,clean,-1,3,5723, safe,91.90230560302734,0.9999999605591238,81,0.06686096787503615,0.048102103754967804,0.025757140753048836,0.13148718230185302,0.01718613919653886,0.060460835235199135,0.3452357372400332,0.30490985420244665,8,6,4,3,14,14,5,27
deepseek-coder-6.7b,dynamic_exec_assign_chain_15_safe,dynamic_exec_assign_chain_15,safe,clean_heldout,clean,-1,7,24281, vulnerable,168.0595703125,0.9999998679542363,81,0.07313962387348565,-0.00293468637533983,0.009156330424271188,0.10252959297670808,0.03169203504195179,0.05750455412605586,0.2553629416253698,0.4735494762617338,8,6,4,3,14,14,5,27
deepseek-coder-6.7b,dynamic_exec_assign_chain_15_safe,dynamic_exec_assign_chain_15,safe,clean_heldout,clean,-1,7,5723, safe,91.90230560302734,1.0000000961295354,81,0.10994178742235557,0.04404402778414237,0.030607126688780975,0.18247676590109813,0.023741548377179667,0.05174600917935717,0.26859050719304556,0.288852323583576,8,6,4,3,14,14,5,27
deepseek-coder-6.7b,dynamic_exec_assign_chain_15_safe,dynamic_exec_assign_chain_15,safe,clean_heldout,clean,-1,11,24281, vulnerable,168.0595703125,0.9999999539380398,81,0.058996365225272906,0.00808660745458635,0.026073106488876563,0.10678980737341146,0.047355982801121244,0.07540941310167322,0.16197449103929723,0.5153141804538007,8,6,4,3,14,14,5,27
deepseek-coder-6.7b,dynamic_exec_assign_chain_15_safe,dynamic_exec_assign_chain_15,safe,clean_heldout,clean,-1,11,5723, safe,91.90230560302734,1.000000160600978,81,0.10215833141202355,0.04531459668184455,0.04780986404909455,0.21744768869596995,0.07259582588041023,0.0783886288159402,0.1607497572783345,0.2755354677873606,8,6,4,3,14,14,5,27
deepseek-coder-6.7b,dynamic_exec_assign_chain_15_safe,dynamic_exec_assign_chain_15,safe,clean_heldout,clean,-1,15,24281, vulnerable,168.0595703125,1.0000000463279581,81,0.04138824418025655,0.020599684121458517,0.025481415384550427,0.10286356284737758,0.06311174663253255,0.06410984733272854,0.09729117380930795,0.5851543720197458,8,6,4,3,14,14,5,27
deepseek-coder-6.7b,dynamic_exec_assign_chain_15_safe,dynamic_exec_assign_chain_15,safe,clean_heldout,clean,-1,15,5723, safe,91.90230560302734,1.0000002817813476,81,0.06797897395068156,0.036822458799034334,0.03822373451734581,0.24465072175665264,0.0928227754013654,0.07417485329787325,0.09409355929845867,0.3512332047599358,8,6,4,3,14,14,5,27
deepseek-coder-6.7b,dynamic_exec_assign_chain_15_safe,dynamic_exec_assign_chain_15,safe,clean_heldout,clean,-1,19,24281, vulnerable,168.0595703125,1.000000132627634,81,0.02685730466712811,0.01848851584223335,0.01847938510598875,0.09872687075674563,0.022935085020990592,0.05021855966541915,0.05070542979684994,0.7135889817722784,8,6,4,3,14,14,5,27
deepseek-coder-6.7b,dynamic_exec_assign_chain_15_safe,dynamic_exec_assign_chain_15,safe,clean_heldout,clean,-1,19,5723, safe,91.90230560302734,1.0000002831392811,81,0.04404812858135154,0.02330062165510887,0.04245416014521304,0.19993485914075249,0.041641990257483226,0.07371916504756883,0.054458859659625464,0.5204424986521776,8,6,4,3,14,14,5,27
deepseek-coder-6.7b,dynamic_exec_assign_chain_15_safe,dynamic_exec_assign_chain_15,safe,clean_heldout,clean,-1,23,24281, vulnerable,168.0595703125,1.0000000902009776,81,0.015731186251169198,0.01565071652759935,0.010203236763782656,0.06455180133400346,0.019455899698668493,0.039018019064485494,0.029761581215636768,0.8056276493456322,8,6,4,3,14,14,5,27
deepseek-coder-6.7b,dynamic_exec_assign_chain_15_safe,dynamic_exec_assign_chain_15,safe,clean_heldout,clean,-1,23,5723, safe,91.90230560302734,1.000000265780026,81,0.025085897088545826,0.025630427716377153,0.04041670917363527,0.14105848676623814,0.03806313462364191,0.07618705637291556,0.04986886943926353,0.6036896845994085,8,6,4,3,14,14,5,27
deepseek-coder-6.7b,dynamic_exec_assign_chain_15_safe,dynamic_exec_assign_chain_15,safe,clean_heldout,clean,-1,27,24281, vulnerable,168.0595703125,1.0000001619649797,81,0.015964206154627854,0.015928282785417587,0.013462148466894534,0.04522168844202108,0.022553239162391627,0.029053119672878887,0.0052498670939992755,0.8525676101867489,8,6,4,3,14,14,5,27
deepseek-coder-6.7b,dynamic_exec_assign_chain_15_safe,dynamic_exec_assign_chain_15,safe,clean_heldout,clean,-1,27,5723, safe,91.90230560302734,1.0000003340516557,81,0.030223348397896393,0.027936854600364866,0.04092016154111231,0.08291594720022773,0.0449450958665487,0.0608313597297224,0.02117214772818685,0.6910554189875964,8,6,4,3,14,14,5,27
deepseek-coder-6.7b,dynamic_exec_branch_merge_08_unsafe,dynamic_exec_branch_merge_08,unsafe,clean_heldout,clean,-1,0,24281, vulnerable,145.10289001464844,0.9999999220297636,94,0.04576068205085638,0.022670535359094413,0.0076467718235599565,0.03147690555712767,0.03433290628010488,0.02479567332939173,0.32812464878734476,0.5051917988422838,10,12,3,4,11,11,5,38
deepseek-coder-6.7b,dynamic_exec_branch_merge_08_unsafe,dynamic_exec_branch_merge_08,unsafe,clean_heldout,clean,-1,0,5723, safe,49.49608612060547,1.0000007948667042,94,0.11490324554324795,0.011023301092714915,-0.01150727936744977,0.07317034753609258,0.06409367575443724,0.07556896773937692,0.43416440423262187,0.23858413233566267,10,12,3,4,11,11,5,38
deepseek-coder-6.7b,dynamic_exec_branch_merge_08_unsafe,dynamic_exec_branch_merge_08,unsafe,clean_heldout,clean,-1,3,24281, vulnerable,145.10289001464844,0.9999997039531483,94,0.04097504479099201,0.028731539766573753,0.010114900850933958,0.03930116193863943,0.03309471571732021,0.031160982277107813,0.3048963012636071,0.5117250573479741,10,12,3,4,11,11,5,38
deepseek-coder-6.7b,dynamic_exec_branch_merge_08_unsafe,dynamic_exec_branch_merge_08,unsafe,clean_heldout,clean,-1,3,5723, safe,49.49608612060547,1.000000194332528,94,0.11593368805381069,0.026266097480028484,-0.00034822417123387545,0.10481509003744248,0.062312729675458416,0.07902540913671623,0.40280103626545666,0.20919436785484902,10,12,3,4,11,11,5,38
deepseek-coder-6.7b,dynamic_exec_branch_merge_08_unsafe,dynamic_exec_branch_merge_08,unsafe,clean_heldout,clean,-1,7,24281, vulnerable,145.10289001464844,0.9999997325084317,94,0.053412878210105035,0.0390858223431212,0.007897929500264632,0.05893000017456296,0.023009129878130998,0.032580830962060506,0.2528478318452367,0.5322353095949496,10,12,3,4,11,11,5,38
deepseek-coder-6.7b,dynamic_exec_branch_merge_08_unsafe,dynamic_exec_branch_merge_08,unsafe,clean_heldout,clean,-1,7,5723, safe,49.49608612060547,1.0000001981145612,94,0.1826458564400881,0.06923395168384319,-0.024323156573258536,0.16560050693628456,0.03718560121916575,0.0819213449451592,0.297561356598584,0.190174736864695,10,12,3,4,11,11,5,38
deepseek-coder-6.7b,dynamic_exec_branch_merge_08_unsafe,dynamic_exec_branch_merge_08,unsafe,clean_heldout,clean,-1,11,24281, vulnerable,145.10289001464844,0.9999998044967566,94,0.09937206348428927,0.008387559709807285,0.008262775984301111,0.05325876034614152,0.021929804249659,0.05895416339985497,0.15593424626737598,0.5939004310553274,10,12,3,4,11,11,5,38
deepseek-coder-6.7b,dynamic_exec_branch_merge_08_unsafe,dynamic_exec_branch_merge_08,unsafe,clean_heldout,clean,-1,11,5723, safe,49.49608612060547,1.0000001431151442,94,0.20961268352408713,0.01592708521102811,-0.037077920225598235,0.1669255519147364,0.06044690559079997,0.16789530826038981,0.18391621013364673,0.23235431870605433,10,12,3,4,11,11,5,38
deepseek-coder-6.7b,dynamic_exec_branch_merge_08_unsafe,dynamic_exec_branch_merge_08,unsafe,clean_heldout,clean,-1,15,24281, vulnerable,145.10289001464844,0.9999997992465381,94,0.06161657498841548,0.005413761299513409,0.02089177768650685,0.03711831644288826,0.0212314010686398,0.06713161812311326,0.08637376280474512,0.7002225868327161,10,12,3,4,11,11,5,38
deepseek-coder-6.7b,dynamic_exec_branch_merge_08_unsafe,dynamic_exec_branch_merge_08,unsafe,clean_heldout,clean,-1,15,5723, safe,49.49608612060547,0.9999998141723423,94,0.1260077552039668,0.003037821283842314,0.010935688959323788,0.16077861806018942,0.05454894722961523,0.122975995559611,0.11926516550698407,0.40244982236880966,10,12,3,4,11,11,5,38
deepseek-coder-6.7b,dynamic_exec_branch_merge_08_unsafe,dynamic_exec_branch_merge_08,unsafe,clean_heldout,clean,-1,19,24281, vulnerable,145.10289001464844,0.9999997995931297,94,0.03903685685494938,0.01799172249629297,0.003321002940948795,0.019264376648095168,0.015815055390828194,0.026718430013436024,0.03348844276715467,0.8443639124814244,10,12,3,4,11,11,5,38
deepseek-coder-6.7b,dynamic_exec_branch_merge_08_unsafe,dynamic_exec_branch_merge_08,unsafe,clean_heldout,clean,-1,19,5723, safe,49.49608612060547,0.9999999671471153,94,0.07156597717040104,0.026834379192464633,-0.007540144843370017,0.033149806235627285,0.05479071811921016,0.0737078435364853,0.062438370547106305,0.6850530171891905,10,12,3,4,11,11,5,38
deepseek-coder-6.7b,dynamic_exec_branch_merge_08_unsafe,dynamic_exec_branch_merge_08,unsafe,clean_heldout,clean,-1,23,24281, vulnerable,145.10289001464844,0.9999998718638624,94,0.02734235649703945,0.01803368735092481,0.003954141234434058,0.028663992619361763,0.012791645484435805,0.024306085301310523,0.007243752285059371,0.8776642110912967,10,12,3,4,11,11,5,38
deepseek-coder-6.7b,dynamic_exec_branch_merge_08_unsafe,dynamic_exec_branch_merge_08,unsafe,clean_heldout,clean,-1,23,5723, safe,49.49608612060547,0.9999999436270087,94,0.060620270376776225,0.03322603554063101,0.02160117411793757,0.07301191880803712,0.05976126238527114,0.08084250889342719,0.07426901423636206,0.5966677592685663,10,12,3,4,11,11,5,38
deepseek-coder-6.7b,dynamic_exec_branch_merge_08_unsafe,dynamic_exec_branch_merge_08,unsafe,clean_heldout,clean,-1,27,24281, vulnerable,145.10289001464844,0.9999999577800284,94,0.02526179439586586,0.017900560553389684,0.001957981387855445,0.029859824522622886,0.015168255618237524,0.020919134443801043,-0.024587367640191343,0.9135197744984473,10,12,3,4,11,11,5,38
deepseek-coder-6.7b,dynamic_exec_branch_merge_08_unsafe,dynamic_exec_branch_merge_08,unsafe,clean_heldout,clean,-1,27,5723, safe,49.49608612060547,1.0000000183080509,94,0.0493970583134674,0.03065812159956912,0.016050736959042786,0.11390124061018941,0.04951183833374804,0.07564931859495208,0.03734344845492352,0.6274882554421587,10,12,3,4,11,11,5,38
deepseek-coder-6.7b,dynamic_exec_branch_merge_08_safe,dynamic_exec_branch_merge_08,safe,clean_heldout,clean,-1,0,24281, vulnerable,176.58416748046875,1.0000003429114401,95,0.048091143011478814,0.013769850586212596,0.009967262960305229,0.059281535857912904,0.015509855424781727,0.026027573037071417,0.3409806559442676,0.4863724660894097,10,12,4,4,11,11,5,38
deepseek-coder-6.7b,dynamic_exec_branch_merge_08_safe,dynamic_exec_branch_merge_08,safe,clean_heldout,clean,-1,0,5723, safe,73.95816040039062,0.9999995566789242,95,0.06614636096831467,0.03917312574061177,0.010259380487696625,0.09548779585012922,0.06830741120918224,0.05327720155340178,0.41968733584943185,0.24766094502015606,10,12,4,4,11,11,5,38
deepseek-coder-6.7b,dynamic_exec_branch_merge_08_safe,dynamic_exec_branch_merge_08,safe,clean_heldout,clean,-1,3,24281, vulnerable,176.58416748046875,1.0000000995750098,95,0.046257919403055445,0.025243013570905942,0.014701761689849619,0.06924860009012652,0.015005878537282394,0.02333841294993323,0.3143816291303309,0.49182288420352577,10,12,4,4,11,11,5,38
deepseek-coder-6.7b,dynamic_exec_branch_merge_08_safe,dynamic_exec_branch_merge_08,safe,clean_heldout,clean,-1,3,5723, safe,73.95816040039062,0.9999993418120723,95,0.05655705684275633,0.059183126437478,0.019627106581764673,0.12116113490427532,0.07185460091911809,0.04669103977346022,0.39154706895201996,0.23337820740119974,10,12,4,4,11,11,5,38
deepseek-coder-6.7b,dynamic_exec_branch_merge_08_safe,dynamic_exec_branch_merge_08,safe,clean_heldout,clean,-1,7,24281, vulnerable,176.58416748046875,1.0000001683598232,95,0.07480591952978237,0.01978162402061396,0.011582313165417597,0.08994209770561895,0.01367837683676063,0.013514234932863087,0.26473274344152403,0.5119628587272425,10,12,4,4,11,11,5,38
deepseek-coder-6.7b,dynamic_exec_branch_merge_08_safe,dynamic_exec_branch_merge_08,safe,clean_heldout,clean,-1,7,5723, safe,73.95816040039062,0.9999993210091631,95,0.10744538742512774,0.06562109219617884,0.012182628681988796,0.18428582742821115,0.060836707980923256,0.023429560542011254,0.30808359899914317,0.23811451775557893,10,12,4,4,11,11,5,38
deepseek-coder-6.7b,dynamic_exec_branch_merge_08_safe,dynamic_exec_branch_merge_08,safe,clean_heldout,clean,-1,11,24281, vulnerable,176.58416748046875,1.0000002536842145,95,0.09664103699582235,0.011459565932718508,0.00953796395473756,0.08046935521353418,0.037361165601706874,0.029064440851958116,0.16370583446639567,0.5717608906673414,10,12,4,4,11,11,5,38
deepseek-coder-6.7b,dynamic_exec_branch_merge_08_safe,dynamic_exec_branch_merge_08,safe,clean_heldout,clean,-1,11,5723, safe,73.95816040039062,0.9999994118770763,95,0.15045162517411825,0.022553830699797727,0.00906046299525245,0.17565399946089497,0.08064554494906767,0.07592110927805702,0.18929005195204296,0.29642278736784505,10,12,4,4,11,11,5,38
deepseek-coder-6.7b,dynamic_exec_branch_merge_08_safe,dynamic_exec_branch_merge_08,safe,clean_heldout,clean,-1,15,24281, vulnerable,176.58416748046875,1.000000345010532,95,0.05585406528918041,0.010238435500128752,0.02455107096264718,0.043436091131751065,0.02598217532390029,0.023640012321715503,0.0981703220213962,0.7181281724598125,10,12,4,4,11,11,5,38
deepseek-coder-6.7b,dynamic_exec_branch_merge_08_safe,dynamic_exec_branch_merge_08,safe,clean_heldout,clean,-1,15,5723, safe,73.95816040039062,0.9999995709714797,95,0.08691314757495841,0.022198707914366837,0.045577979211600686,0.14911306404868904,0.06257352805876079,0.04715309633719767,0.1205805199671049,0.46588952785880156,10,12,4,4,11,11,5,38
deepseek-coder-6.7b,dynamic_exec_branch_merge_08_safe,dynamic_exec_branch_merge_08,safe,clean_heldout,clean,-1,19,24281, vulnerable,176.58416748046875,1.0000003769715784,95,0.035075369902934146,0.015375765142813923,0.010608232277187447,0.004391763486655355,0.009832053661971912,0.02076722122284917,0.04422873715408114,0.8597212341230853,10,12,4,4,11,11,5,38
deepseek-coder-6.7b,dynamic_exec_branch_merge_08_safe,dynamic_exec_branch_merge_08,safe,clean_heldout,clean,-1,19,5723, safe,73.95816040039062,0.9999994344177587,95,0.06338913296014848,0.01932859667216702,0.02598958800231879,0.039709377995457734,0.04187062532248236,0.04965354141972086,0.06929313931733377,0.6907654327281297,10,12,4,4,11,11,5,38
deepseek-coder-6.7b,dynamic_exec_branch_merge_08_safe,dynamic_exec_branch_merge_08,safe,clean_heldout,clean,-1,23,24281, vulnerable,176.58416748046875,1.000000429227362,95,0.024182669786311218,0.015119281182721048,0.007875574566371422,0.01544875324526771,0.009130085189846947,0.020753536620812748,0.014647862834053567,0.8928426658019776,10,12,4,4,11,11,5,38
deepseek-coder-6.7b,dynamic_exec_branch_merge_08_safe,dynamic_exec_branch_merge_08,safe,clean_heldout,clean,-1,23,5723, safe,73.95816040039062,0.999999618420246,95,0.0441483275365273,0.023172100287749305,0.02461297578713357,0.06292366202449912,0.04326839329037067,0.05510806541324705,0.06408563339914486,0.6826804606815742,10,12,4,4,11,11,5,38
deepseek-coder-6.7b,dynamic_exec_branch_merge_08_safe,dynamic_exec_branch_merge_08,safe,clean_heldout,clean,-1,27,24281, vulnerable,176.58416748046875,1.000000296916013,95,0.021957572803669282,0.015189220180234681,0.008228693056697349,0.020191718382213793,0.012650393390316164,0.017646013859872616,-0.013945881883407773,0.9180825671264169,10,12,4,4,11,11,5,38
deepseek-coder-6.7b,dynamic_exec_branch_merge_08_safe,dynamic_exec_branch_merge_08,safe,clean_heldout,clean,-1,27,5723, safe,73.95816040039062,0.9999999460471766,95,0.03528676407733287,0.021500673323781888,0.019848061432644136,0.07454376971660442,0.032881255784508304,0.05217725432948575,0.03604238905381601,0.7277197783290031,10,12,4,4,11,11,5,38
deepseek-coder-6.7b,dynamic_exec_branch_merge_09_unsafe,dynamic_exec_branch_merge_09,unsafe,clean_heldout,clean,-1,0,24281, vulnerable,186.23814392089844,1.0000003301117366,93,0.049109867368588675,0.015526500079554622,0.0014560778889448197,0.057244803498528465,0.024507743143140578,0.027367756678823338,0.3192091764333913,0.5055784050207649,10,12,3,3,11,11,5,38
deepseek-coder-6.7b,dynamic_exec_branch_merge_09_unsafe,dynamic_exec_branch_merge_09,unsafe,clean_heldout,clean,-1,0,5723, safe,65.42610168457031,1.0000003560816495,93,0.09566533275847364,0.010405266758566963,-0.006410375587755217,0.07415310810235635,0.06570101924002802,-0.019793123903948936,0.40583748814213233,0.3744416405717963,10,12,3,3,11,11,5,38
deepseek-coder-6.7b,dynamic_exec_branch_merge_09_unsafe,dynamic_exec_branch_merge_09,unsafe,clean_heldout,clean,-1,3,24281, vulnerable,186.23814392089844,0.9999998996457921,93,0.043726609896470314,0.01892681522518839,0.003229852556840457,0.06459019032546753,0.02320048174337238,0.02820745052119968,0.30057550831145385,0.5175429910657995,10,12,3,3,11,11,5,38
deepseek-coder-6.7b,dynamic_exec_branch_merge_09_unsafe,dynamic_exec_branch_merge_09,unsafe,clean_heldout,clean,-1,3,5723, safe,65.42610168457031,0.9999999385059873,93,0.09347780176378312,0.012680463688815004,-0.0009642701315727719,0.09969956621850196,0.06579470172415729,-0.01845763286642342,0.38858292311360787,0.35918638499511835,10,12,3,3,11,11,5,38
deepseek-coder-6.7b,dynamic_exec_branch_merge_09_unsafe,dynamic_exec_branch_merge_09,unsafe,clean_heldout,clean,-1,7,24281, vulnerable,186.23814392089844,0.9999999409916457,93,0.0554726726833666,0.026170844022035955,0.013885671428922126,0.08198668209015376,0.016426289405143714,0.039935814122276404,0.25243053211045846,0.5136914351292887,10,12,3,3,11,11,5,38
deepseek-coder-6.7b,dynamic_exec_branch_merge_09_unsafe,dynamic_exec_branch_merge_09,unsafe,clean_heldout,clean,-1,7,5723, safe,65.42610168457031,0.9999999091682189,93,0.12797588920433345,0.03445884446701108,0.003462909827074827,0.14338201618442242,0.06963559937505777,-0.002758196698647927,0.30619841973324097,0.3176444270757264,10,12,3,3,11,11,5,38
deepseek-coder-6.7b,dynamic_exec_branch_merge_09_unsafe,dynamic_exec_branch_merge_09,unsafe,clean_heldout,clean,-1,11,24281, vulnerable,186.23814392089844,0.9999999821874781,93,0.07891788265493081,0.017004478254103332,0.02226814404464191,0.0886393986900612,0.028288390460533837,0.04605043834001141,0.17106356063784323,0.5477676891053525,10,12,3,3,11,11,5,38
deepseek-coder-6.7b,dynamic_exec_branch_merge_09_unsafe,dynamic_exec_branch_merge_09,unsafe,clean_heldout,clean,-1,11,5723, safe,65.42610168457031,1.0000000028184757,93,0.12926244381907007,0.02488016374220274,0.01955793065778442,0.15027366384351756,0.08440395855544058,0.031123866328269214,0.21620069601383238,0.34429727985835856,10,12,3,3,11,11,5,38
deepseek-coder-6.7b,dynamic_exec_branch_merge_09_unsafe,dynamic_exec_branch_merge_09,unsafe,clean_heldout,clean,-1,15,24281, vulnerable,186.23814392089844,1.0000000378853637,93,0.06469899428974131,0.011235017714034325,0.018334544572551785,0.08433500688184471,0.03092578973888184,0.0511883758401599,0.10627514144748187,0.633007167400668,10,12,3,3,11,11,5,38
deepseek-coder-6.7b,dynamic_exec_branch_merge_09_unsafe,dynamic_exec_branch_merge_09,unsafe,clean_heldout,clean,-1,15,5723, safe,65.42610168457031,1.0000001231303726,93,0.10122723293505621,0.020289302123946713,0.0370338079687203,0.16474042639347072,0.056631173797302835,0.013926215602709102,0.142920991016736,0.4632309732924305,10,12,3,3,11,11,5,38
deepseek-coder-6.7b,dynamic_exec_branch_merge_09_unsafe,dynamic_exec_branch_merge_09,unsafe,clean_heldout,clean,-1,19,24281, vulnerable,186.23814392089844,1.0000001153263276,93,0.032640304696892046,0.016151376783498584,0.005941807630666768,0.08114152387414102,0.027151403807964658,0.011482018073910551,0.057121165994148196,0.7683705144651058,10,12,3,3,11,11,5,38
deepseek-coder-6.7b,dynamic_exec_branch_merge_09_unsafe,dynamic_exec_branch_merge_09,unsafe,clean_heldout,clean,-1,19,5723, safe,65.42610168457031,1.0000002344459231,93,0.05205113347403892,0.03451333362832239,0.013556220705163413,0.10643460593689252,0.05020476504076133,0.06148616916753251,0.08833665063923163,0.5934173558539804,10,12,3,3,11,11,5,38
deepseek-coder-6.7b,dynamic_exec_branch_merge_09_unsafe,dynamic_exec_branch_merge_09,unsafe,clean_heldout,clean,-1,23,24281, vulnerable,186.23814392089844,1.0000000352549914,93,0.023304556328068906,0.0171220690524016,0.0027617276805443703,0.06681004156809954,0.026988528948428712,0.02492293246491402,0.03678390732085881,0.8013062718916754,10,12,3,3,11,11,5,38
deepseek-coder-6.7b,dynamic_exec_branch_merge_09_unsafe,dynamic_exec_branch_merge_09,unsafe,clean_heldout,clean,-1,23,5723, safe,65.42610168457031,1.0000002823315384,93,0.053834283386220004,0.037195701490625795,0.009583561271140092,0.1041436915925313,0.0519758642332092,0.05865892249334735,0.0837201060750764,0.6008881517893884,10,12,3,3,11,11,5,38
deepseek-coder-6.7b,dynamic_exec_branch_merge_09_unsafe,dynamic_exec_branch_merge_09,unsafe,clean_heldout,clean,-1,27,24281, vulnerable,186.23814392089844,1.0000001044347857,93,0.02169575320655446,0.01962191467614528,0.002209123143766638,0.03464621010944997,0.020417563962770936,0.018536694592595836,0.005515580006109845,0.8773572647373927,10,12,3,3,11,11,5,38
deepseek-coder-6.7b,dynamic_exec_branch_merge_09_unsafe,dynamic_exec_branch_merge_09,unsafe,clean_heldout,clean,-1,27,5723, safe,65.42610168457031,1.0000005861361598,93,0.04723063792458381,0.03840812550019686,0.008112546824729783,0.0795548560482559,0.044543374092623954,0.048082584687003306,0.03177410367602644,0.7022943573827398,10,12,3,3,11,11,5,38
deepseek-coder-6.7b,dynamic_exec_branch_merge_09_safe,dynamic_exec_branch_merge_09,safe,clean_heldout,clean,-1,0,24281, vulnerable,191.68553161621094,1.0000001242100092,93,0.049595811561440814,0.01757723216494793,0.0016437230321019762,0.04460457213861384,0.026381330912089725,0.011543596172774312,0.3329197076513359,0.5157341505767046,10,12,3,3,11,11,5,38
deepseek-coder-6.7b,dynamic_exec_branch_merge_09_safe,dynamic_exec_branch_merge_09,safe,clean_heldout,clean,-1,0,5723, safe,80.38179016113281,1.0000005718619631,93,0.07012174760239538,0.026103557617235144,-0.0010815621588047475,0.04476453277180512,0.06532423863115068,0.014392890362442862,0.4126717628496625,0.36770340418607617,10,12,3,3,11,11,5,38
deepseek-coder-6.7b,dynamic_exec_branch_merge_09_safe,dynamic_exec_branch_merge_09,safe,clean_heldout,clean,-1,3,24281, vulnerable,191.68553161621094,0.9999999793315322,93,0.04427477405640709,0.02457297866587689,0.006003879053988946,0.04924411426591127,0.02678476925823484,0.007804473152266796,0.31433998267848456,0.5269750082003618,10,12,3,3,11,11,5,38
deepseek-coder-6.7b,dynamic_exec_branch_merge_09_safe,dynamic_exec_branch_merge_09,safe,clean_heldout,clean,-1,3,5723, safe,80.38179016113281,1.000000084359401,93,0.06236709398255824,0.034349521129760106,0.003162621312845951,0.0618750388630239,0.06950360445685577,0.011386671309452168,0.39565637940400744,0.36169915390089713,10,12,3,3,11,11,5,38
deepseek-coder-6.7b,dynamic_exec_branch_merge_09_safe,dynamic_exec_branch_merge_09,safe,clean_heldout,clean,-1,7,24281, vulnerable,191.68553161621094,0.9999999943057254,93,0.06467877518811888,0.023256505634978913,0.009640439151625402,0.07111308655944694,0.03295276162116731,0.007567687003604157,0.2691722386176424,0.5216185005291414,10,12,3,3,11,11,5,38
deepseek-coder-6.7b,dynamic_exec_branch_merge_09_safe,dynamic_exec_branch_merge_09,safe,clean_heldout,clean,-1,7,5723, safe,80.38179016113281,1.0000001462878445,93,0.09348375028337902,0.048214556286715296,-0.0011430198072338252,0.11448218269240443,0.07720977578700228,0.0148093319529908,0.3164823643557225,0.33646120473686414,10,12,3,3,11,11,5,38
deepseek-coder-6.7b,dynamic_exec_branch_merge_09_safe,dynamic_exec_branch_merge_09,safe,clean_heldout,clean,-1,11,24281, vulnerable,191.68553161621094,1.0000000655910473,93,0.09066891094978763,0.015258724161373416,0.013759774543827673,0.07007663871425486,0.05438135900519197,0.021842473296677017,0.18115025412612443,0.5528619307938104,10,12,3,3,11,11,5,38
deepseek-coder-6.7b,dynamic_exec_branch_merge_09_safe,dynamic_exec_branch_merge_09,safe,clean_heldout,clean,-1,11,5723, safe,80.38179016113281,1.0000002125843002,93,0.12701579097721985,0.02636868388584704,-0.005827184907826667,0.1188247225982417,0.09729161161627753,0.04234305174654419,0.21326375118382065,0.3807197854841758,10,12,3,3,11,11,5,38
deepseek-coder-6.7b,dynamic_exec_branch_merge_09_safe,dynamic_exec_branch_merge_09,safe,clean_heldout,clean,-1,15,24281, vulnerable,191.68553161621094,1.0000000804000482,93,0.06476777596190215,0.013667572849202092,0.020191023095048735,0.06440118279864768,0.044030394990945326,0.01789912239615693,0.1138194599325259,0.6612235483756193,10,12,3,3,11,11,5,38
deepseek-coder-6.7b,dynamic_exec_branch_merge_09_safe,dynamic_exec_branch_merge_09,safe,clean_heldout,clean,-1,15,5723, safe,80.38179016113281,1.0000002024811003,93,0.09061320051931619,0.030267673995282345,0.04628650956044922,0.10215813423600785,0.07523039507338881,0.03479955514124601,0.13968130923374414,0.4809634247216657,10,12,3,3,11,11,5,38
deepseek-coder-6.7b,dynamic_exec_branch_merge_09_safe,dynamic_exec_branch_merge_09,safe,clean_heldout,clean,-1,19,24281, vulnerable,191.68553161621094,1.00000000449906,93,0.03361544010809252,0.016510076379406706,0.009710611854967995,0.061379254812990905,0.03384237453004736,0.00872696882571263,0.06102044096171598,0.7751948370261259,10,12,3,3,11,11,5,38
deepseek-coder-6.7b,dynamic_exec_branch_merge_09_safe,dynamic_exec_branch_merge_09,safe,clean_heldout,clean,-1,19,5723, safe,80.38179016113281,1.0000001933511444,93,0.05476323191716919,0.028354432766781776,0.01082953086710912,0.06842618996280493,0.055779755770120176,0.04623909274123129,0.09325278390648381,0.6423551754194443,10,12,3,3,11,11,5,38
deepseek-coder-6.7b,dynamic_exec_branch_merge_09_safe,dynamic_exec_branch_merge_09,safe,clean_heldout,clean,-1,23,24281, vulnerable,191.68553161621094,0.9999999951511211,93,0.023905237521824843,0.01620536118820754,0.006292843162520639,0.05078273758551676,0.03386539856180979,0.0175820860967867,0.033158270207675096,0.8182080608267797,10,12,3,3,11,11,5,38
deepseek-coder-6.7b,dynamic_exec_branch_merge_09_safe,dynamic_exec_branch_merge_09,safe,clean_heldout,clean,-1,23,5723, safe,80.38179016113281,1.000000186955541,93,0.04652814616763098,0.029494047563963337,0.020190018111874635,0.06489947695130376,0.054710308205239144,0.047947901607893736,0.08481450135155824,0.651415786996077,10,12,3,3,11,11,5,38
deepseek-coder-6.7b,dynamic_exec_branch_merge_09_safe,dynamic_exec_branch_merge_09,safe,clean_heldout,clean,-1,27,24281, vulnerable,191.68553161621094,1.0000000269749254,93,0.02171924905788821,0.017779001167781992,0.007226961122544569,0.034490022201741195,0.022957360435510412,0.017050857325508904,-0.001828608977116895,0.8806051846410672,10,12,3,3,11,11,5,38
deepseek-coder-6.7b,dynamic_exec_branch_merge_09_safe,dynamic_exec_branch_merge_09,safe,clean_heldout,clean,-1,27,5723, safe,80.38179016113281,1.0000002101859486,93,0.037985490329114836,0.029863562143516847,0.015945109040465075,0.06072195548094013,0.04156301205426447,0.04083311644266023,0.03709417422612916,0.735993790468858,10,12,3,3,11,11,5,38
deepseek-coder-6.7b,dynamic_exec_branch_merge_12_unsafe,dynamic_exec_branch_merge_12,unsafe,clean_heldout,clean,-1,0,24281, vulnerable,183.0077362060547,1.0000003956172479,94,0.016814496303157015,0.028500902766193905,0.012092682415202656,0.046380224194663894,0.039825184223003504,0.03808221896249623,0.34636136191337963,0.4719433248391511,10,12,3,4,11,11,5,38
deepseek-coder-6.7b,dynamic_exec_branch_merge_12_unsafe,dynamic_exec_branch_merge_12,unsafe,clean_heldout,clean,-1,0,5723, safe,79.8590087890625,1.0000004566755993,94,0.03558608731581294,0.008191596515522658,0.014354065941080204,0.09271760428688255,0.07616924888497777,0.06750277225494589,0.3766734051253048,0.3288056763510725,10,12,3,4,11,11,5,38
deepseek-coder-6.7b,dynamic_exec_branch_merge_12_unsafe,dynamic_exec_branch_merge_12,unsafe,clean_heldout,clean,-1,3,24281, vulnerable,183.0077362060547,1.000000065495163,94,0.013239544074504582,0.03911997167485541,0.013197980864343636,0.05304241229902294,0.03885850586422378,0.0375732817492248,0.3211698716846367,0.48379849728435126,10,12,3,4,11,11,5,38
deepseek-coder-6.7b,dynamic_exec_branch_merge_12_unsafe,dynamic_exec_branch_merge_12,unsafe,clean_heldout,clean,-1,3,5723, safe,79.8590087890625,1.000000154569279,94,0.03203965850346568,0.02342811696603607,0.02231750325012055,0.10807900607894315,0.07033506576192071,0.06035909018948511,0.3510173189692069,0.33242439485010106,10,12,3,4,11,11,5,38
deepseek-coder-6.7b,dynamic_exec_branch_merge_12_unsafe,dynamic_exec_branch_merge_12,unsafe,clean_heldout,clean,-1,7,24281, vulnerable,183.0077362060547,1.0000001556209859,94,0.03597518368788716,0.05002016872404083,0.010970275062048743,0.06627250836800809,0.030874503436130907,0.04242454090860579,0.27185575567886444,0.49160721975539984,10,12,3,4,11,11,5,38
deepseek-coder-6.7b,dynamic_exec_branch_merge_12_unsafe,dynamic_exec_branch_merge_12,unsafe,clean_heldout,clean,-1,7,5723, safe,79.8590087890625,1.0000001759342192,94,0.08110038160283761,0.02921417451143736,0.0195306312564009,0.15325474956244603,0.04927872707857246,0.06865513537333719,0.2855111662545093,0.3134552102946784,10,12,3,4,11,11,5,38
deepseek-coder-6.7b,dynamic_exec_branch_merge_12_unsafe,dynamic_exec_branch_merge_12,unsafe,clean_heldout,clean,-1,11,24281, vulnerable,183.0077362060547,1.0000002531665404,94,0.07756287534031185,0.028200264191630776,0.003909632502025039,0.07264675013778188,0.028107433698530863,0.051647700179371786,0.17143827243051396,0.5664873246863743,10,12,3,4,11,11,5,38
deepseek-coder-6.7b,dynamic_exec_branch_merge_12_unsafe,dynamic_exec_branch_merge_12,unsafe,clean_heldout,clean,-1,11,5723, safe,79.8590087890625,1.0000003060597673,94,0.11952983515580815,0.014728166325952158,0.014849170164073187,0.1608923070869414,0.035129303445698756,0.09160390517970045,0.17635978496801463,0.38690783373357873,10,12,3,4,11,11,5,38
deepseek-coder-6.7b,dynamic_exec_branch_merge_12_unsafe,dynamic_exec_branch_merge_12,unsafe,clean_heldout,clean,-1,15,24281, vulnerable,183.0077362060547,1.0000002130450278,94,0.04325933625275616,0.015149013886747987,0.017461311022935577,0.034969704793475186,0.025631616666411318,0.04697008175574651,0.10168563131378663,0.7148735173531685,10,12,3,4,11,11,5,38
deepseek-coder-6.7b,dynamic_exec_branch_merge_12_unsafe,dynamic_exec_branch_merge_12,unsafe,clean_heldout,clean,-1,15,5723, safe,79.8590087890625,1.0000003113077056,94,0.06699496466235139,0.0052060962343787025,0.013869246744378673,0.11736858363634105,0.020856995836631805,0.054702669760703114,0.12010373934298119,0.6008980150899397,10,12,3,4,11,11,5,38
deepseek-coder-6.7b,dynamic_exec_branch_merge_12_unsafe,dynamic_exec_branch_merge_12,unsafe,clean_heldout,clean,-1,19,24281, vulnerable,183.0077362060547,1.0000002552937337,94,0.02968683134883661,0.01922531987426479,0.004675641701231991,0.008364110991377065,0.02353767684178514,0.02259652966805538,0.053501534634215184,0.8384126102339676,10,12,3,4,11,11,5,38
deepseek-coder-6.7b,dynamic_exec_branch_merge_12_unsafe,dynamic_exec_branch_merge_12,unsafe,clean_heldout,clean,-1,19,5723, safe,79.8590087890625,1.0000002753651587,94,0.04922578746206631,0.016295404771165478,-0.0026460674507847314,0.018927862288483734,0.022445341116891462,0.04194861109191273,0.0688464777263052,0.7849568583591187,10,12,3,4,11,11,5,38
deepseek-coder-6.7b,dynamic_exec_branch_merge_12_unsafe,dynamic_exec_branch_merge_12,unsafe,clean_heldout,clean,-1,23,24281, vulnerable,183.0077362060547,1.0000002865502444,94,0.02286906873115791,0.01702850774856288,0.0035697759733945497,0.014329128804009557,0.02414045723467401,0.025837835052532208,0.032783324596899435,0.8594421884090138,10,12,3,4,11,11,5,38
deepseek-coder-6.7b,dynamic_exec_branch_merge_12_unsafe,dynamic_exec_branch_merge_12,unsafe,clean_heldout,clean,-1,23,5723, safe,79.8590087890625,1.0000003556936026,94,0.035870909586080385,0.021814361821134526,0.004524907952746559,0.031018979267641043,0.025980799149005876,0.05060527491681221,0.06326220404202429,0.7669229189581577,10,12,3,4,11,11,5,38
deepseek-coder-6.7b,dynamic_exec_branch_merge_12_unsafe,dynamic_exec_branch_merge_12,unsafe,clean_heldout,clean,-1,27,24281, vulnerable,183.0077362060547,1.0000003863349498,94,0.021323626378971703,0.017192121749899373,0.0027379131433668347,0.024492652787409655,0.02263273352148454,0.017497300569269996,0.0010579605197607563,0.893066077664787,10,12,3,4,11,11,5,38
deepseek-coder-6.7b,dynamic_exec_branch_merge_12_unsafe,dynamic_exec_branch_merge_12,unsafe,clean_heldout,clean,-1,27,5723, safe,79.8590087890625,1.000000529896002,94,0.02978910741115708,0.023274458000339435,0.0009528298764698184,0.06827058883880291,0.024655090467777925,0.044163666295112,0.03074399014118281,0.7781507988651601,10,12,3,4,11,11,5,38
deepseek-coder-6.7b,dynamic_exec_branch_merge_12_safe,dynamic_exec_branch_merge_12,safe,clean_heldout,clean,-1,0,24281, vulnerable,207.10296630859375,1.000000312247166,94,0.027144693663855107,0.01236818233792604,0.01026496662417942,0.048896605179883146,0.03536794670724598,0.033714081089130196,0.3493787650255661,0.48286507161938,10,12,3,4,11,11,5,38
deepseek-coder-6.7b,dynamic_exec_branch_merge_12_safe,dynamic_exec_branch_merge_12,safe,clean_heldout,clean,-1,0,5723, safe,77.30790710449219,0.9999998546418005,94,0.05600557468688233,0.01664050972730961,0.009663964371337055,0.08690422237874205,0.05529357078400394,0.04463910761999469,0.38170614893936605,0.3491467561341647,10,12,3,4,11,11,5,38
deepseek-coder-6.7b,dynamic_exec_branch_merge_12_safe,dynamic_exec_branch_merge_12,safe,clean_heldout,clean,-1,3,24281, vulnerable,207.10296630859375,0.9999999943833644,94,0.024460068798488874,0.0220002357386058,0.01124577729732754,0.058701569257590604,0.0334242380485621,0.030611886770237778,0.3256952357719908,0.4938609827005608,10,12,3,4,11,11,5,38
deepseek-coder-6.7b,dynamic_exec_branch_merge_12_safe,dynamic_exec_branch_merge_12,safe,clean_heldout,clean,-1,3,5723, safe,77.30790710449219,0.9999994398420718,94,0.051013550665970374,0.028404215382658887,0.012462976464257227,0.10809959491984625,0.0524723944448722,0.0347868159076615,0.3587341114818958,0.35402578057490947,10,12,3,4,11,11,5,38
deepseek-coder-6.7b,dynamic_exec_branch_merge_12_safe,dynamic_exec_branch_merge_12,safe,clean_heldout,clean,-1,7,24281, vulnerable,207.10296630859375,0.9999999884519454,94,0.04618612896890449,0.02550157241333937,0.007109457815021146,0.07143718842557117,0.03392751759534995,0.028899281234688927,0.2834607428882978,0.5034780991107723,10,12,3,4,11,11,5,38
deepseek-coder-6.7b,dynamic_exec_branch_merge_12_safe,dynamic_exec_branch_merge_12,safe,clean_heldout,clean,-1,7,5723, safe,77.30790710449219,0.9999995093769242,94,0.07642540215543016,0.03314369807212404,0.008054731090979662,0.1593451338027349,0.055034553989321125,0.017074649806524143,0.29219191183458604,0.35872942862522417,10,12,3,4,11,11,5,38
deepseek-coder-6.7b,dynamic_exec_branch_merge_12_safe,dynamic_exec_branch_merge_12,safe,clean_heldout,clean,-1,11,24281, vulnerable,207.10296630859375,1.0000000546104266,94,0.07366879436755398,0.020229484920499884,0.00956376601215123,0.071671700275415,0.043498025764724405,0.034281048517025445,0.19044988314088207,0.5566373516121746,10,12,3,4,11,11,5,38
deepseek-coder-6.7b,dynamic_exec_branch_merge_12_safe,dynamic_exec_branch_merge_12,safe,clean_heldout,clean,-1,11,5723, safe,77.30790710449219,0.9999994921016334,94,0.12282437580875152,0.011950691908537776,-0.010928017971184366,0.16112469711292973,0.06360022081408663,0.052335678637213216,0.18456525259866324,0.4145265931926357,10,12,3,4,11,11,5,38
deepseek-coder-6.7b,dynamic_exec_branch_merge_12_safe,dynamic_exec_branch_merge_12,safe,clean_heldout,clean,-1,15,24281, vulnerable,207.10296630859375,1.0000000715907438,94,0.03989689353588683,0.012664843641354749,0.018668153144731706,0.035085215649451655,0.0347200365540179,0.026284334075277256,0.12439407292533912,0.7082865220646846,10,12,3,4,11,11,5,38
deepseek-coder-6.7b,dynamic_exec_branch_merge_12_safe,dynamic_exec_branch_merge_12,safe,clean_heldout,clean,-1,15,5723, safe,77.30790710449219,0.9999994527081879,94,0.06944468200980948,0.011862586721053604,0.024347030131397697,0.11580321924311515,0.03821928173470196,0.030164428608369976,0.12142546295288853,0.5887327613068515,10,12,3,4,11,11,5,38
deepseek-coder-6.7b,dynamic_exec_branch_merge_12_safe,dynamic_exec_branch_merge_12,safe,clean_heldout,clean,-1,19,24281, vulnerable,207.10296630859375,0.9999999766880392,94,0.025999418933188842,0.015731549592152932,0.006489110781660981,0.007573480163766237,0.027797659994303826,0.024312376410632643,0.07440473728398735,0.8176916435283466,10,12,3,4,11,11,5,38
deepseek-coder-6.7b,dynamic_exec_branch_merge_12_safe,dynamic_exec_branch_merge_12,safe,clean_heldout,clean,-1,19,5723, safe,77.30790710449219,0.9999995473006447,94,0.0551342558843212,0.015274719651358269,0.011101823105254052,0.025177963038747444,0.024586948068174967,0.04103208668960284,0.07353045924060057,0.7541612916225854,10,12,3,4,11,11,5,38
deepseek-coder-6.7b,dynamic_exec_branch_merge_12_safe,dynamic_exec_branch_merge_12,safe,clean_heldout,clean,-1,23,24281, vulnerable,207.10296630859375,0.9999998879101207,94,0.019981435386929047,0.014782683671197516,0.004674463253615254,0.012058280614245414,0.028026131456089245,0.024678883100647347,0.05076543571263456,0.8450325747147625,10,12,3,4,11,11,5,38
deepseek-coder-6.7b,dynamic_exec_branch_merge_12_safe,dynamic_exec_branch_merge_12,safe,clean_heldout,clean,-1,23,5723, safe,77.30790710449219,0.999999676275026,94,0.03412032767349743,0.020489541458606823,0.013655532044891977,0.048576074701224534,0.025719547330852563,0.04586655430050419,0.06444023189876898,0.7471318668666793,10,12,3,4,11,11,5,38
deepseek-coder-6.7b,dynamic_exec_branch_merge_12_safe,dynamic_exec_branch_merge_12,safe,clean_heldout,clean,-1,27,24281, vulnerable,207.10296630859375,0.9999999446970499,94,0.020397498098132537,0.015489118250122488,0.0030391060372452604,0.02251294328269016,0.024858008285934263,0.01853438436507659,0.015059518457777378,0.8801093679200712,10,12,3,4,11,11,5,38
deepseek-coder-6.7b,dynamic_exec_branch_merge_12_safe,dynamic_exec_branch_merge_12,safe,clean_heldout,clean,-1,27,5723, safe,77.30790710449219,0.9999996197026652,94,0.030386500206055236,0.022691087958478295,0.008226314964792416,0.0672827318496715,0.024509144206433284,0.0453663883732882,0.03816320493625617,0.7633742472076901,10,12,3,4,11,11,5,38
deepseek-coder-6.7b,dynamic_exec_branch_merge_15_unsafe,dynamic_exec_branch_merge_15,unsafe,clean_heldout,clean,-1,0,24281, vulnerable,186.08551025390625,1.0000004328209513,93,0.04453582207387272,0.017297130937962524,-0.001863325760775924,0.04247818011056257,0.02834095193499237,0.04768367207827534,0.31626259642546717,0.5052654050205947,10,12,3,3,11,11,5,38
deepseek-coder-6.7b,dynamic_exec_branch_merge_15_unsafe,dynamic_exec_branch_merge_15,unsafe,clean_heldout,clean,-1,0,5723, safe,65.37882995605469,1.0000005744445744,93,0.08981821215946814,0.021013102072933852,-0.006268658169460719,0.03900844186811951,0.053687669631491346,0.026818286747291274,0.4200852765184261,0.35583824361630495,10,12,3,3,11,11,5,38
deepseek-coder-6.7b,dynamic_exec_branch_merge_15_unsafe,dynamic_exec_branch_merge_15,unsafe,clean_heldout,clean,-1,3,24281, vulnerable,186.08551025390625,1.0000002270081603,93,0.03727121140867281,0.02688974480010678,-0.000940709344256855,0.0455581456713857,0.028090826778714186,0.05079938630942863,0.29889765742232666,0.5134339639617824,10,12,3,3,11,11,5,38
deepseek-coder-6.7b,dynamic_exec_branch_merge_15_unsafe,dynamic_exec_branch_merge_15,unsafe,clean_heldout,clean,-1,3,5723, safe,65.37882995605469,1.000000418504368,93,0.08114461321833762,0.0344097067257958,-0.0033067184684364035,0.05561570670559112,0.052857212805551015,0.03119985538752286,0.40607948645717395,0.34200055567283216,10,12,3,3,11,11,5,38
deepseek-coder-6.7b,dynamic_exec_branch_merge_15_unsafe,dynamic_exec_branch_merge_15,unsafe,clean_heldout,clean,-1,7,24281, vulnerable,186.08551025390625,1.0000001826555363,93,0.05482383005645618,0.023034952302001074,0.010083453080413151,0.05968004579633138,0.02721426460142432,0.05316311118576419,0.2616007063171878,0.5103998193159582,10,12,3,3,11,11,5,38
deepseek-coder-6.7b,dynamic_exec_branch_merge_15_unsafe,dynamic_exec_branch_merge_15,unsafe,clean_heldout,clean,-1,7,5723, safe,65.37882995605469,1.0000005793733504,93,0.12664367313516212,0.03504031282278981,-0.0030236225639734666,0.0944991338445905,0.053213342173820045,0.032136406297279776,0.3356722094556882,0.3258191242079936,10,12,3,3,11,11,5,38
deepseek-coder-6.7b,dynamic_exec_branch_merge_15_unsafe,dynamic_exec_branch_merge_15,unsafe,clean_heldout,clean,-1,11,24281, vulnerable,186.08551025390625,1.0000002421226857,93,0.0703284146543648,0.018000718852834822,0.024328994787887033,0.06098689402884718,0.03057881733735281,0.05614863538617337,0.18607799421831567,0.5535497728569101,10,12,3,3,11,11,5,38
deepseek-coder-6.7b,dynamic_exec_branch_merge_15_unsafe,dynamic_exec_branch_merge_15,unsafe,clean_heldout,clean,-1,11,5723, safe,65.37882995605469,1.000000567549986,93,0.12515096915094276,0.030907445278674804,-0.016926913456751715,0.10857550671382397,0.07203984956433748,0.045282972204150077,0.22654218500965187,0.4084285530851566,10,12,3,3,11,11,5,38
deepseek-coder-6.7b,dynamic_exec_branch_merge_15_unsafe,dynamic_exec_branch_merge_15,unsafe,clean_heldout,clean,-1,15,24281, vulnerable,186.08551025390625,1.0000002881268968,93,0.0617560949293734,0.016314555649528533,0.015766400849610097,0.05790933738304921,0.027984978075570096,0.05515982295369425,0.12211046020290603,0.6429986380831653,10,12,3,3,11,11,5,38
deepseek-coder-6.7b,dynamic_exec_branch_merge_15_unsafe,dynamic_exec_branch_merge_15,unsafe,clean_heldout,clean,-1,15,5723, safe,65.37882995605469,1.000000760000172,93,0.10600101724285108,0.03648431269343321,0.006952021628810359,0.10990447521942778,0.053811155015536356,0.04528867211996871,0.1429566645727661,0.49860244150737815,10,12,3,3,11,11,5,38
deepseek-coder-6.7b,dynamic_exec_branch_merge_15_unsafe,dynamic_exec_branch_merge_15,unsafe,clean_heldout,clean,-1,19,24281, vulnerable,186.08551025390625,1.0000002683378793,93,0.04067361586100921,0.01996493872527352,0.011790230214201372,0.06354050330865169,0.02154999067824157,0.02708018981233421,0.07193811041061926,0.7434626893275484,10,12,3,3,11,11,5,38
deepseek-coder-6.7b,dynamic_exec_branch_merge_15_unsafe,dynamic_exec_branch_merge_15,unsafe,clean_heldout,clean,-1,19,5723, safe,65.37882995605469,1.0000009026141643,93,0.06914249346765892,0.03753271788061678,0.007056937436007278,0.10343367216095789,0.058837257861324176,0.06548235338085345,0.08765798677076306,0.5708574836559825,10,12,3,3,11,11,5,38
deepseek-coder-6.7b,dynamic_exec_branch_merge_15_unsafe,dynamic_exec_branch_merge_15,unsafe,clean_heldout,clean,-1,23,24281, vulnerable,186.08551025390625,1.0000001897923951,93,0.02340464819863044,0.018710164497125686,0.008727627459451593,0.05644307194677458,0.02460137627303141,0.019387084673661417,0.04364474084342431,0.8050814759002956,10,12,3,3,11,11,5,38
deepseek-coder-6.7b,dynamic_exec_branch_merge_15_unsafe,dynamic_exec_branch_merge_15,unsafe,clean_heldout,clean,-1,23,5723, safe,65.37882995605469,1.0000006996582778,93,0.05671910376418256,0.03872225684614901,0.012052793608289744,0.10943404548343547,0.05210778243667698,0.08886434727143762,0.08142164256872238,0.5606787276793841,10,12,3,3,11,11,5,38
deepseek-coder-6.7b,dynamic_exec_branch_merge_15_unsafe,dynamic_exec_branch_merge_15,unsafe,clean_heldout,clean,-1,27,24281, vulnerable,186.08551025390625,1.0000001864992303,93,0.023340864751206662,0.018888361108345783,0.00728054277634109,0.03851071019675613,0.020105713753454203,0.01682536257724544,0.005069554603643412,0.8699790767322375,10,12,3,3,11,11,5,38
deepseek-coder-6.7b,dynamic_exec_branch_merge_15_unsafe,dynamic_exec_branch_merge_15,unsafe,clean_heldout,clean,-1,27,5723, safe,65.37882995605469,1.0000007631055856,93,0.05284408271711226,0.03978690925210575,0.017180957958634828,0.09373260421259108,0.04945879283489971,0.05090234854589853,0.032125636893135454,0.6639694306912081,10,12,3,3,11,11,5,38
deepseek-coder-6.7b,dynamic_exec_branch_merge_15_safe,dynamic_exec_branch_merge_15,safe,clean_heldout,clean,-1,0,24281, vulnerable,179.51866149902344,1.0000003798156012,93,0.056252128693895245,0.011503433276545143,0.0066590145661796045,0.060722117514886396,0.035434139678430544,0.025190278672252545,0.30223196289971005,0.5020073045137013,10,12,3,3,11,11,5,38
deepseek-coder-6.7b,dynamic_exec_branch_merge_15_safe,dynamic_exec_branch_merge_15,safe,clean_heldout,clean,-1,0,5723, safe,78.21080017089844,1.0000002931951135,93,0.0612119543085604,0.026226886005262795,-0.0030007322173933784,0.075885567959251,0.07796197761060582,0.049673700088353895,0.38593922700043,0.3261017124400429,10,12,3,3,11,11,5,38
deepseek-coder-6.7b,dynamic_exec_branch_merge_15_safe,dynamic_exec_branch_merge_15,safe,clean_heldout,clean,-1,3,24281, vulnerable,179.51866149902344,1.0000002145502649,93,0.049977131004455715,0.021917278645617516,0.009223479908861588,0.06801557578728654,0.03271509895254946,0.027073687266307676,0.28550646310147487,0.5055714998837116,10,12,3,3,11,11,5,38
deepseek-coder-6.7b,dynamic_exec_branch_merge_15_safe,dynamic_exec_branch_merge_15,safe,clean_heldout,clean,-1,3,5723, safe,78.21080017089844,0.9999998768013709,93,0.04813777837423982,0.040372214741779926,-0.003068842887870045,0.10262352669891299,0.07707853365001924,0.05299296599301806,0.3686473911317707,0.31321630909950016,10,12,3,3,11,11,5,38
deepseek-coder-6.7b,dynamic_exec_branch_merge_15_safe,dynamic_exec_branch_merge_15,safe,clean_heldout,clean,-1,7,24281, vulnerable,179.51866149902344,1.000000231483529,93,0.07297872533600377,0.009117364891711312,0.01874888099347234,0.08881594171578508,0.032420643478573714,0.030205747565820062,0.24645323041122835,0.5012596970909343,10,12,3,3,11,11,5,38
deepseek-coder-6.7b,dynamic_exec_branch_merge_15_safe,dynamic_exec_branch_merge_15,safe,clean_heldout,clean,-1,7,5723, safe,78.21080017089844,0.9999999254092198,93,0.09809065913068336,0.04473280104232268,-0.009952093186403877,0.16266141269558843,0.09230519163841157,0.05188062540991968,0.29299507225755783,0.2672862564211402,10,12,3,3,11,11,5,38
deepseek-coder-6.7b,dynamic_exec_branch_merge_15_safe,dynamic_exec_branch_merge_15,safe,clean_heldout,clean,-1,11,24281, vulnerable,179.51866149902344,1.0000002594877444,93,0.08381635211501913,0.00996365575577779,0.023370324994756664,0.09695025673750003,0.03984669182259082,0.037160879016490525,0.1657001199432891,0.5431919791023201,10,12,3,3,11,11,5,38
deepseek-coder-6.7b,dynamic_exec_branch_merge_15_safe,dynamic_exec_branch_merge_15,safe,clean_heldout,clean,-1,11,5723, safe,78.21080017089844,1.000000077817808,93,0.13121182872550322,0.023613726850843755,-0.012581033518388886,0.1828446756618659,0.09874732430391878,0.057754858455133166,0.19805015348865884,0.3203585438502731,10,12,3,3,11,11,5,38
deepseek-coder-6.7b,dynamic_exec_branch_merge_15_safe,dynamic_exec_branch_merge_15,safe,clean_heldout,clean,-1,15,24281, vulnerable,179.51866149902344,1.0000002952219116,93,0.056139889126831134,0.015316301897515663,0.02755676249220672,0.1002325514866848,0.041775101395720625,0.037088737314760714,0.10492066988284465,0.6169702816253474,10,12,3,3,11,11,5,38
deepseek-coder-6.7b,dynamic_exec_branch_merge_15_safe,dynamic_exec_branch_merge_15,safe,clean_heldout,clean,-1,15,5723, safe,78.21080017089844,1.0000001471572257,93,0.09413669194152105,0.021383421928013374,0.0292257376871553,0.19714368746004143,0.07976740010052802,0.04162568832105263,0.13315896702947133,0.4035585526894425,10,12,3,3,11,11,5,38
deepseek-coder-6.7b,dynamic_exec_branch_merge_15_safe,dynamic_exec_branch_merge_15,safe,clean_heldout,clean,-1,19,24281, vulnerable,179.51866149902344,1.0000002711812421,93,0.035441008461897315,0.01840226216404006,0.015965838381703765,0.08568411578426698,0.019560196335684177,0.02861286291952394,0.057197962964202514,0.7391360241699234,10,12,3,3,11,11,5,38
deepseek-coder-6.7b,dynamic_exec_branch_merge_15_safe,dynamic_exec_branch_merge_15,safe,clean_heldout,clean,-1,19,5723, safe,78.21080017089844,1.0000003273587388,93,0.06922470711883463,0.029138097557143146,0.011638402678684132,0.13115939912328708,0.04569928159335156,0.05399028121038897,0.08343033907170894,0.5757198190053403,10,12,3,3,11,11,5,38
deepseek-coder-6.7b,dynamic_exec_branch_merge_15_safe,dynamic_exec_branch_merge_15,safe,clean_heldout,clean,-1,23,24281, vulnerable,179.51866149902344,1.0000002332681621,93,0.022834066993557018,0.017624475109904853,0.0013768324879451102,0.0650756223299895,0.023541287430033746,0.022650283825908037,0.03488737591503374,0.8120102891757903,10,12,3,3,11,11,5,38
deepseek-coder-6.7b,dynamic_exec_branch_merge_15_safe,dynamic_exec_branch_merge_15,safe,clean_heldout,clean,-1,23,5723, safe,78.21080017089844,1.0000003541394962,93,0.04652244124724875,0.03211080075275118,0.028285617213019764,0.11174746693597051,0.03835283517189337,0.06196226210955843,0.07337224314610147,0.6076466875629527,10,12,3,3,11,11,5,38
deepseek-coder-6.7b,dynamic_exec_branch_merge_15_safe,dynamic_exec_branch_merge_15,safe,clean_heldout,clean,-1,27,24281, vulnerable,179.51866149902344,1.0000002999636406,93,0.02342939208966425,0.017482386639284846,0.007758548379809366,0.04189002671126105,0.020515669928763688,0.016948611114763385,0.004658518718707329,0.8673171463813867,10,12,3,3,11,11,5,38
deepseek-coder-6.7b,dynamic_exec_branch_merge_15_safe,dynamic_exec_branch_merge_15,safe,clean_heldout,clean,-1,27,5723, safe,78.21080017089844,1.0000003179396284,93,0.04345339311565455,0.031267126681402316,0.018007282053810823,0.07211675018578229,0.040521172815693576,0.03990389447993688,0.031025022394228954,0.7237056762131191,10,12,3,3,11,11,5,38
deepseek-coder-6.7b,dynamic_exec_branch_merge_18_unsafe,dynamic_exec_branch_merge_18,unsafe,clean_heldout,clean,-1,0,24281, vulnerable,156.40118408203125,1.0000007050010877,94,0.040922908145039114,0.02268124173536789,0.0006082642247862128,0.03438394809860733,0.007735064234463738,0.04240417519174317,0.3360979751446305,0.5151671282264496,10,12,3,4,11,11,5,38
deepseek-coder-6.7b,dynamic_exec_branch_merge_18_unsafe,dynamic_exec_branch_merge_18,unsafe,clean_heldout,clean,-1,0,5723, safe,52.127418518066406,0.9999998404184693,94,0.10209983309644279,0.028577288504060407,-0.0006575891070107402,0.07931514440531995,0.028348136501075934,0.047902041432688086,0.47274368095443875,0.2416713046314541,10,12,3,4,11,11,5,38
deepseek-coder-6.7b,dynamic_exec_branch_merge_18_unsafe,dynamic_exec_branch_merge_18,unsafe,clean_heldout,clean,-1,3,24281, vulnerable,156.40118408203125,1.000000139608008,94,0.037058683692547,0.0333075607935106,0.0030754268273447552,0.042831768968682446,0.004614736804032474,0.04093674245604356,0.3131096765850241,0.5250655434808233,10,12,3,4,11,11,5,38
deepseek-coder-6.7b,dynamic_exec_branch_merge_18_unsafe,dynamic_exec_branch_merge_18,unsafe,clean_heldout,clean,-1,3,5723, safe,52.127418518066406,0.9999992343409655,94,0.09312827932541672,0.04201230913734487,0.013896770328237183,0.11751378670080768,0.019443631664113285,0.0420621447234882,0.4485147314577725,0.22342758100378507,10,12,3,4,11,11,5,38
deepseek-coder-6.7b,dynamic_exec_branch_merge_18_unsafe,dynamic_exec_branch_merge_18,unsafe,clean_heldout,clean,-1,7,24281, vulnerable,156.40118408203125,1.0000001632779518,94,0.05601538672804429,0.04288683906091218,0.003945022642215423,0.05672188297019348,-0.010527711846863347,0.04569463755720418,0.2631917407362339,0.5420723654300115,10,12,3,4,11,11,5,38
deepseek-coder-6.7b,dynamic_exec_branch_merge_18_unsafe,dynamic_exec_branch_merge_18,unsafe,clean_heldout,clean,-1,7,5723, safe,52.127418518066406,0.9999992647672247,94,0.13821379789567004,0.08193248568388586,0.003958666494022271,0.17571417058607863,-0.010113028703830584,0.016983219346716295,0.3478829898420331,0.24542696362264893,10,12,3,4,11,11,5,38
deepseek-coder-6.7b,dynamic_exec_branch_merge_18_unsafe,dynamic_exec_branch_merge_18,unsafe,clean_heldout,clean,-1,11,24281, vulnerable,156.40118408203125,1.0000002612923604,94,0.079014684814732,0.03871463011889045,0.0032151265139709053,0.04873867678861118,-0.0025709143674448117,0.05904061595830299,0.177639920646117,0.5962075208191807,10,12,3,4,11,11,5,38
deepseek-coder-6.7b,dynamic_exec_branch_merge_18_unsafe,dynamic_exec_branch_merge_18,unsafe,clean_heldout,clean,-1,11,5723, safe,52.127418518066406,0.9999993950480712,94,0.16765702559625434,0.06853336124721367,-0.008182375256039383,0.16099734428890392,0.02555644871981223,0.027363328860038394,0.2236762745620345,0.3343979870298535,10,12,3,4,11,11,5,38
deepseek-coder-6.7b,dynamic_exec_branch_merge_18_unsafe,dynamic_exec_branch_merge_18,unsafe,clean_heldout,clean,-1,15,24281, vulnerable,156.40118408203125,1.0000003250314997,94,0.07011606426202191,0.029407824071292884,0.009754437971235937,0.03179501175156889,0.00988260682837501,0.06330158597473431,0.1087609849614016,0.6769818092108691,10,12,3,4,11,11,5,38
deepseek-coder-6.7b,dynamic_exec_branch_merge_18_unsafe,dynamic_exec_branch_merge_18,unsafe,clean_heldout,clean,-1,15,5723, safe,52.127418518066406,0.999999448021564,94,0.13173435288584467,0.046915379790864804,0.019567889719337296,0.12892286591769125,0.028420645903479647,0.007755957683797674,0.1386462987901842,0.49803605733036466,10,12,3,4,11,11,5,38
deepseek-coder-6.7b,dynamic_exec_branch_merge_18_unsafe,dynamic_exec_branch_merge_18,unsafe,clean_heldout,clean,-1,19,24281, vulnerable,156.40118408203125,1.0000004025260023,94,0.04866855653033285,0.025531086126387364,0.007937709488922974,0.026128870288549176,0.005930055917369271,0.045147731495568666,0.054488175040205235,0.7861682176386667,10,12,3,4,11,11,5,38
deepseek-coder-6.7b,dynamic_exec_branch_merge_18_unsafe,dynamic_exec_branch_merge_18,unsafe,clean_heldout,clean,-1,19,5723, safe,52.127418518066406,0.9999995366204009,94,0.09867376442245418,0.045871740967808286,0.009372839467606399,0.03799119495290485,0.0360531515867261,-0.023063180080312114,0.09457760453980968,0.7005224207634038,10,12,3,4,11,11,5,38
deepseek-coder-6.7b,dynamic_exec_branch_merge_18_unsafe,dynamic_exec_branch_merge_18,unsafe,clean_heldout,clean,-1,23,24281, vulnerable,156.40118408203125,1.0000003612896853,94,0.02871683070743019,0.019665220399064723,0.005758778155771008,0.02832746452684624,0.006319961081925838,0.03534754554321365,0.015473964488495286,0.8603905963869383,10,12,3,4,11,11,5,38
deepseek-coder-6.7b,dynamic_exec_branch_merge_18_unsafe,dynamic_exec_branch_merge_18,unsafe,clean_heldout,clean,-1,23,5723, safe,52.127418518066406,0.9999995893258997,94,0.08012970728210674,0.046364671164396964,0.018810491476696847,0.07728415097926145,0.03474038796346879,-0.019285582916556594,0.09352270673236301,0.6684330566441625,10,12,3,4,11,11,5,38
deepseek-coder-6.7b,dynamic_exec_branch_merge_18_unsafe,dynamic_exec_branch_merge_18,unsafe,clean_heldout,clean,-1,27,24281, vulnerable,156.40118408203125,1.0000002893271014,94,0.028145983024654035,0.01937211621173057,0.006778949374167553,0.03593608188513741,0.011748699201739177,0.026430050702383433,-0.02348261230468178,0.895071021231971,10,12,3,4,11,11,5,38
deepseek-coder-6.7b,dynamic_exec_branch_merge_18_unsafe,dynamic_exec_branch_merge_18,unsafe,clean_heldout,clean,-1,27,5723, safe,52.127418518066406,0.9999998180677646,94,0.06717973731973877,0.038213706652625135,0.010830649409728142,0.11203932806996617,0.03446005745609734,-0.014566347488550034,0.048257364539707234,0.7035853221084518,10,12,3,4,11,11,5,38
deepseek-coder-6.7b,dynamic_exec_branch_merge_18_safe,dynamic_exec_branch_merge_18,safe,clean_heldout,clean,-1,0,24281, vulnerable,171.6146240234375,1.000000206368597,95,0.05236025164275158,0.010313597181636014,0.00247610346039468,0.03549795000834005,0.0288541310628219,0.04109606700431288,0.3177690715192342,0.5116330344891058,10,12,4,4,11,11,5,38
deepseek-coder-6.7b,dynamic_exec_branch_merge_18_safe,dynamic_exec_branch_merge_18,safe,clean_heldout,clean,-1,0,5723, safe,59.88047790527344,1.0000001304587744,95,0.09071627582676117,0.03475448705569851,-0.003894618203603764,0.07314230385772995,0.0500755136943704,0.0369622574426854,0.4384895999165908,0.2797543108685419,10,12,4,4,11,11,5,38
deepseek-coder-6.7b,dynamic_exec_branch_merge_18_safe,dynamic_exec_branch_merge_18,safe,clean_heldout,clean,-1,3,24281, vulnerable,171.6146240234375,1.0000001121914717,95,0.0510974429881192,0.020390991490440706,0.0038756569455894478,0.04207233571770125,0.0253568170943124,0.03716310416794259,0.29768387655202266,0.5223598872353434,10,12,4,4,11,11,5,38
deepseek-coder-6.7b,dynamic_exec_branch_merge_18_safe,dynamic_exec_branch_merge_18,safe,clean_heldout,clean,-1,3,5723, safe,59.88047790527344,0.9999997825376034,95,0.08145875104777121,0.04851526439129323,-0.001762717277104138,0.10998225280888926,0.050581271007682505,0.02691096356099721,0.41230786793187724,0.2720061290661968,10,12,4,4,11,11,5,38
deepseek-coder-6.7b,dynamic_exec_branch_merge_18_safe,dynamic_exec_branch_merge_18,safe,clean_heldout,clean,-1,7,24281, vulnerable,171.6146240234375,1.0000000003473168,95,0.08556624341745721,0.017418372810048,0.0037070407529353998,0.059374120524358816,0.016577233174120156,0.033057311154844754,0.24820447695154485,0.5360952015620075,10,12,4,4,11,11,5,38
deepseek-coder-6.7b,dynamic_exec_branch_merge_18_safe,dynamic_exec_branch_merge_18,safe,clean_heldout,clean,-1,7,5723, safe,59.88047790527344,0.999999695518428,95,0.14797354361901177,0.06460907059432679,-0.027580288368553384,0.1817412418740844,0.06419459795122594,-0.0051547100489499524,0.31176213213995035,0.2624541077573322,10,12,4,4,11,11,5,38
deepseek-coder-6.7b,dynamic_exec_branch_merge_18_safe,dynamic_exec_branch_merge_18,safe,clean_heldout,clean,-1,11,24281, vulnerable,171.6146240234375,1.00000012297186,95,0.1059300230478119,0.01923437891113466,0.009847587036357613,0.0551015589518114,0.015512141310920147,0.03960449075655472,0.16214519864565782,0.592624744311612,10,12,4,4,11,11,5,38
deepseek-coder-6.7b,dynamic_exec_branch_merge_18_safe,dynamic_exec_branch_merge_18,safe,clean_heldout,clean,-1,11,5723, safe,59.88047790527344,0.9999996814740464,95,0.21575668121725075,0.03840770980544084,-0.02123339906932609,0.18817116603687714,0.09993357395062578,0.006028473461022742,0.19715770492303522,0.27577777114911983,10,12,4,4,11,11,5,38
deepseek-coder-6.7b,dynamic_exec_branch_merge_18_safe,dynamic_exec_branch_merge_18,safe,clean_heldout,clean,-1,15,24281, vulnerable,171.6146240234375,1.0000001957238793,95,0.06757080050513313,0.022366005676908635,0.01768014670979056,0.04465739116080149,0.025156513408546338,0.04148161945089977,0.09725945616710632,0.6838282626446932,10,12,4,4,11,11,5,38
deepseek-coder-6.7b,dynamic_exec_branch_merge_18_safe,dynamic_exec_branch_merge_18,safe,clean_heldout,clean,-1,15,5723, safe,59.88047790527344,0.9999999421427467,95,0.13194683529693438,0.04293709778981292,0.026979429719334678,0.18585186310289636,0.0595865323143704,-0.00856906228513434,0.14596145044424177,0.41530579576029053,10,12,4,4,11,11,5,38
deepseek-coder-6.7b,dynamic_exec_branch_merge_18_safe,dynamic_exec_branch_merge_18,safe,clean_heldout,clean,-1,19,24281, vulnerable,171.6146240234375,1.0000002199166664,95,0.040968081886438336,0.022134477514760748,0.014869456636762002,0.015797108246164777,-0.0016531586887933857,0.03712811877684675,0.04543773337883981,0.8253184021656473,10,12,4,4,11,11,5,38
deepseek-coder-6.7b,dynamic_exec_branch_merge_18_safe,dynamic_exec_branch_merge_18,safe,clean_heldout,clean,-1,19,5723, safe,59.88047790527344,1.0000000995238074,95,0.09890836357896526,0.036943444612420766,0.023406098317940882,0.021032511593707663,0.037301017881935544,-0.009680529298399451,0.09142913579114967,0.7006600570460872,10,12,4,4,11,11,5,38
deepseek-coder-6.7b,dynamic_exec_branch_merge_18_safe,dynamic_exec_branch_merge_18,safe,clean_heldout,clean,-1,23,24281, vulnerable,171.6146240234375,1.0000002334620222,95,0.02598644528277663,0.018001436189591716,0.0077952670078877484,0.01957254814013901,0.0005138971241950927,0.03157508777991429,0.014540008489589966,0.8820155434479278,10,12,4,4,11,11,5,38
deepseek-coder-6.7b,dynamic_exec_branch_merge_18_safe,dynamic_exec_branch_merge_18,safe,clean_heldout,clean,-1,23,5723, safe,59.88047790527344,1.0000001925775566,95,0.0689342712955145,0.042506278528528195,0.02346944043884786,0.06603131583732383,0.031048833689747944,-0.002922114358816336,0.08208901070011496,0.6888431564462957,10,12,4,4,11,11,5,38
deepseek-coder-6.7b,dynamic_exec_branch_merge_18_safe,dynamic_exec_branch_merge_18,safe,clean_heldout,clean,-1,27,24281, vulnerable,171.6146240234375,1.0000002771045509,95,0.02706455694633187,0.017767916328309468,0.004688789930312742,0.01955806216355281,0.008571246015011889,0.024204162407196392,-0.016652260682931776,0.9147978039967675,10,12,4,4,11,11,5,38
deepseek-coder-6.7b,dynamic_exec_branch_merge_18_safe,dynamic_exec_branch_merge_18,safe,clean_heldout,clean,-1,27,5723, safe,59.88047790527344,1.0000000435173642,95,0.05769733198938473,0.034514753566991,0.00960889231373303,0.08760559304579485,0.028404517199899816,0.0016455084358652438,0.036167354151186305,0.7443560928145092,10,12,4,4,11,11,5,38
deepseek-coder-6.7b,dynamic_exec_branch_merge_19_unsafe,dynamic_exec_branch_merge_19,unsafe,clean_heldout,clean,-1,0,24281, vulnerable,167.2386474609375,1.000000163099714,93,0.04071487487446855,0.011219403162809411,9.708429169139271e-05,0.042378205541195965,0.030348169958232554,0.03019672590403371,0.32430219254429593,0.5207435068229866,10,12,3,3,11,11,5,38
deepseek-coder-6.7b,dynamic_exec_branch_merge_19_unsafe,dynamic_exec_branch_merge_19,unsafe,clean_heldout,clean,-1,0,5723, safe,48.806396484375,1.0000006873137586,93,0.11187019506334127,0.010926915318503259,-0.004467406697152107,0.022642157058719255,0.04936724048622535,0.03673664647940575,0.4635746097931548,0.3093503298115611,10,12,3,3,11,11,5,38
deepseek-coder-6.7b,dynamic_exec_branch_merge_19_unsafe,dynamic_exec_branch_merge_19,unsafe,clean_heldout,clean,-1,3,24281, vulnerable,167.2386474609375,1.0000000894798622,93,0.03668108562050793,0.019954530400609127,0.0008023941471255367,0.04557700641092842,0.031159696842879094,0.030527236648597005,0.30644072364655617,0.528857415762659,10,12,3,3,11,11,5,38
deepseek-coder-6.7b,dynamic_exec_branch_merge_19_unsafe,dynamic_exec_branch_merge_19,unsafe,clean_heldout,clean,-1,3,5723, safe,48.806396484375,1.000000232265834,93,0.10571492064212715,0.026356118311821122,-0.004639157625827086,0.0452411992281878,0.052215627922198825,0.03422726005375859,0.4486335923728002,0.2922506713607673,10,12,3,3,11,11,5,38
deepseek-coder-6.7b,dynamic_exec_branch_merge_19_unsafe,dynamic_exec_branch_merge_19,unsafe,clean_heldout,clean,-1,7,24281, vulnerable,167.2386474609375,1.0000001403900503,93,0.05666330071625603,0.017778907319107265,0.011893080650677791,0.06145927253107439,0.031404968473735015,0.021280983241396313,0.2646608991913387,0.5348587282664645,10,12,3,3,11,11,5,38
deepseek-coder-6.7b,dynamic_exec_branch_merge_19_unsafe,dynamic_exec_branch_merge_19,unsafe,clean_heldout,clean,-1,7,5723, safe,48.806396484375,1.0000001996356518,93,0.16031734673534948,0.049537205036465845,-0.005048112498929211,0.09469584082104036,0.03379510199177306,0.004946394260680377,0.3572815269005645,0.3044748963887074,10,12,3,3,11,11,5,38
deepseek-coder-6.7b,dynamic_exec_branch_merge_19_unsafe,dynamic_exec_branch_merge_19,unsafe,clean_heldout,clean,-1,11,24281, vulnerable,167.2386474609375,1.00000012126114,93,0.07892427413557997,0.012951771758821968,0.029047033146757453,0.06150344604595813,0.033555237056489384,0.023453624997342645,0.18490406984661345,0.5756606642735772,10,12,3,3,11,11,5,38
deepseek-coder-6.7b,dynamic_exec_branch_merge_19_unsafe,dynamic_exec_branch_merge_19,unsafe,clean_heldout,clean,-1,11,5723, safe,48.806396484375,1.0000003682821716,93,0.15247652728657615,0.0316650701890222,0.011716176833456514,0.10882265093318089,0.0673347456085243,0.02215349416916309,0.22659341463591925,0.3792382886263293,10,12,3,3,11,11,5,38
deepseek-coder-6.7b,dynamic_exec_branch_merge_19_unsafe,dynamic_exec_branch_merge_19,unsafe,clean_heldout,clean,-1,15,24281, vulnerable,167.2386474609375,1.0000001371489946,93,0.0663211489708497,0.012054071116911176,0.021235980506360677,0.05901685017119288,0.03491824697628225,0.017095855919093034,0.11792648275144814,0.6714315007368568,10,12,3,3,11,11,5,38
deepseek-coder-6.7b,dynamic_exec_branch_merge_19_unsafe,dynamic_exec_branch_merge_19,unsafe,clean_heldout,clean,-1,15,5723, safe,48.806396484375,1.0000003380181548,93,0.14069138543751578,0.025332901749982355,0.03354126039456699,0.12705105187824206,0.06982790905185231,0.023172825029696812,0.1378373654596608,0.4425456390166376,10,12,3,3,11,11,5,38
deepseek-coder-6.7b,dynamic_exec_branch_merge_19_unsafe,dynamic_exec_branch_merge_19,unsafe,clean_heldout,clean,-1,19,24281, vulnerable,167.2386474609375,1.000000104537962,93,0.042216015973528184,0.01867314293298863,0.016079429572463957,0.06391669382755823,0.029524799209844438,0.00013547291232252144,0.06490133744837663,0.7645532126608794,10,12,3,3,11,11,5,38
deepseek-coder-6.7b,dynamic_exec_branch_merge_19_unsafe,dynamic_exec_branch_merge_19,unsafe,clean_heldout,clean,-1,19,5723, safe,48.806396484375,1.0000003266452961,93,0.09666943574558648,0.038119538305935306,0.030115040139395234,0.12060628698520842,0.10025046549156758,0.03913910253905762,0.0888982010568922,0.4862022563816534,10,12,3,3,11,11,5,38
deepseek-coder-6.7b,dynamic_exec_branch_merge_19_unsafe,dynamic_exec_branch_merge_19,unsafe,clean_heldout,clean,-1,23,24281, vulnerable,167.2386474609375,1.0000001385077877,93,0.02980016327253462,0.015284107631195776,0.008334906289962949,0.056333521381021906,0.02928448984657672,-0.001302364313911316,0.035091552116903804,0.8271737622835033,10,12,3,3,11,11,5,38
deepseek-coder-6.7b,dynamic_exec_branch_merge_19_unsafe,dynamic_exec_branch_merge_19,unsafe,clean_heldout,clean,-1,23,5723, safe,48.806396484375,1.0000004483501506,93,0.08535306573241498,0.039525671809697495,0.039369192569502026,0.13288726898997397,0.10058385115287435,0.04887059751354979,0.09085824625063622,0.4625525543315019,10,12,3,3,11,11,5,38
deepseek-coder-6.7b,dynamic_exec_branch_merge_19_unsafe,dynamic_exec_branch_merge_19,unsafe,clean_heldout,clean,-1,27,24281, vulnerable,167.2386474609375,1.0000001991856928,93,0.029704846959912858,0.01570497271037148,0.00750999781109759,0.0404786356977531,0.0214152502583193,0.006811078737954833,-0.003906968601034231,0.8822823856113178,10,12,3,3,11,11,5,38
deepseek-coder-6.7b,dynamic_exec_branch_merge_19_unsafe,dynamic_exec_branch_merge_19,unsafe,clean_heldout,clean,-1,27,5723, safe,48.806396484375,1.0000002847603549,93,0.08254528734036647,0.03563907368985497,0.03370441191545081,0.11547394999466168,0.08344065808564596,0.030349777261141214,0.036463034216730354,0.5823840922565034,10,12,3,3,11,11,5,38
deepseek-coder-6.7b,dynamic_exec_branch_merge_19_safe,dynamic_exec_branch_merge_19,safe,clean_heldout,clean,-1,0,24281, vulnerable,152.7717742919922,1.000000265536935,93,0.05970215615427473,0.0006560424598722327,-0.002325049937788721,0.06131738532519461,0.04262354413259082,0.016849679217200354,0.30802145178595275,0.5131550563996384,10,12,3,3,11,11,5,38
deepseek-coder-6.7b,dynamic_exec_branch_merge_19_safe,dynamic_exec_branch_merge_19,safe,clean_heldout,clean,-1,0,5723, safe,53.13118362426758,0.99999961295671,93,0.06849125759303965,0.01911780352322218,-0.017963736051859053,0.09456898412739326,0.05787610315048527,0.024240468444155776,0.44156504101067184,0.3121036911596011,10,12,3,3,11,11,5,38
deepseek-coder-6.7b,dynamic_exec_branch_merge_19_safe,dynamic_exec_branch_merge_19,safe,clean_heldout,clean,-1,3,24281, vulnerable,152.7717742919922,0.9999999754019575,93,0.057106320821215854,0.01059250401028244,0.00037863272337693355,0.07031106579086542,0.04013944621508496,0.016875696533166475,0.28968697205809785,0.5149093372498676,10,12,3,3,11,11,5,38
deepseek-coder-6.7b,dynamic_exec_branch_merge_19_safe,dynamic_exec_branch_merge_19,safe,clean_heldout,clean,-1,3,5723, safe,53.13118362426758,0.999999562693055,93,0.0558675444294096,0.03632515099024567,-0.02048821305760165,0.12859739588766775,0.060333137567156886,0.023269120068726924,0.4219239382720812,0.2941714885353686,10,12,3,3,11,11,5,38
deepseek-coder-6.7b,dynamic_exec_branch_merge_19_safe,dynamic_exec_branch_merge_19,safe,clean_heldout,clean,-1,7,24281, vulnerable,152.7717742919922,0.9999999953912961,93,0.08674109701492481,-0.00043686430630884236,0.009871056343125899,0.09277485639555771,0.035874966540712414,0.005031942085694093,0.24962669518213598,0.520516246135454,10,12,3,3,11,11,5,38
deepseek-coder-6.7b,dynamic_exec_branch_merge_19_safe,dynamic_exec_branch_merge_19,safe,clean_heldout,clean,-1,7,5723, safe,53.13118362426758,0.9999995148396015,93,0.10802564230415658,0.042152455411984764,-0.03257748368940031,0.2076665495047717,0.058216446027220946,0.012758661988618126,0.3285867781844241,0.27517046510782556,10,12,3,3,11,11,5,38
deepseek-coder-6.7b,dynamic_exec_branch_merge_19_safe,dynamic_exec_branch_merge_19,safe,clean_heldout,clean,-1,11,24281, vulnerable,152.7717742919922,1.0000000770311932,93,0.10022206130993103,0.0008563151981094458,0.009436204796786892,0.09769135027877904,0.04708088104314553,0.01060881004957176,0.16568075140772856,0.568423702947141,10,12,3,3,11,11,5,38
deepseek-coder-6.7b,dynamic_exec_branch_merge_19_safe,dynamic_exec_branch_merge_19,safe,clean_heldout,clean,-1,11,5723, safe,53.13118362426758,0.999999725412326,93,0.14384691088951523,0.0176206550460848,-0.03769713222135076,0.22465686708111654,0.09874774948398089,0.023241672589828087,0.2129646550288803,0.3166183475142708,10,12,3,3,11,11,5,38
deepseek-coder-6.7b,dynamic_exec_branch_merge_19_safe,dynamic_exec_branch_merge_19,safe,clean_heldout,clean,-1,15,24281, vulnerable,152.7717742919922,1.0000000662287813,93,0.06972913467858789,0.012181741633743113,0.011250953585209465,0.09964385356706633,0.04396666118676008,0.011379445565695657,0.10306281521232513,0.6487854607993937,10,12,3,3,11,11,5,38
deepseek-coder-6.7b,dynamic_exec_branch_merge_19_safe,dynamic_exec_branch_merge_19,safe,clean_heldout,clean,-1,15,5723, safe,53.13118362426758,0.9999996253758207,93,0.1192920854926195,0.02781624900572513,0.026346126721807785,0.24756605990542374,0.08287768469134991,0.013989749295514145,0.1380361137181657,0.34407555654521466,10,12,3,3,11,11,5,38
deepseek-coder-6.7b,dynamic_exec_branch_merge_19_safe,dynamic_exec_branch_merge_19,safe,clean_heldout,clean,-1,19,24281, vulnerable,152.7717742919922,1.0000001012329847,93,0.04030095988794607,0.01972911331273432,0.0013505800331895035,0.08425930481489258,0.027065796216986727,0.0009589262339329873,0.05215833988304445,0.7741770808502579,10,12,3,3,11,11,5,38
deepseek-coder-6.7b,dynamic_exec_branch_merge_19_safe,dynamic_exec_branch_merge_19,safe,clean_heldout,clean,-1,19,5723, safe,53.13118362426758,0.9999998998583223,93,0.10341046351250298,0.035824751861031394,0.00983663924463856,0.15408200535093966,0.09582534601582127,0.02717757504368352,0.08681636846505329,0.48702675036465165,10,12,3,3,11,11,5,38
deepseek-coder-6.7b,dynamic_exec_branch_merge_19_safe,dynamic_exec_branch_merge_19,safe,clean_heldout,clean,-1,23,24281, vulnerable,152.7717742919922,1.000000091296229,93,0.029551082887473247,0.016228686949981575,0.0002949957945133445,0.06160790797026129,0.02757017089018524,-0.000669332840119372,0.03095491225087147,0.8344616673930623,10,12,3,3,11,11,5,38
deepseek-coder-6.7b,dynamic_exec_branch_merge_19_safe,dynamic_exec_branch_merge_19,safe,clean_heldout,clean,-1,23,5723, safe,53.13118362426758,1.0000001667508804,93,0.07635583265023796,0.040543147204047336,0.0367846105433787,0.12501250065425662,0.08995535981924496,0.03554976686307858,0.08049626630373403,0.5153026827129022,10,12,3,3,11,11,5,38
deepseek-coder-6.7b,dynamic_exec_branch_merge_19_safe,dynamic_exec_branch_merge_19,safe,clean_heldout,clean,-1,27,24281, vulnerable,152.7717742919922,1.0000001881948373,93,0.03020687089934209,0.01614850130631014,0.004206308760515827,0.039034732681145955,0.020743507224053666,0.007353587690985313,0.0020397910665357196,0.8802668885659486,10,12,3,3,11,11,5,38
deepseek-coder-6.7b,dynamic_exec_branch_merge_19_safe,dynamic_exec_branch_merge_19,safe,clean_heldout,clean,-1,27,5723, safe,53.13118362426758,1.0000002227639615,93,0.07537668360972191,0.034822283657303145,0.022737375717941193,0.09030095192184877,0.07441615871264572,0.02694411814041153,0.030312157850260993,0.6450904931538282,10,12,3,3,11,11,5,38
deepseek-coder-6.7b,dynamic_exec_helper_02_unsafe,dynamic_exec_helper_02,unsafe,clean_heldout,clean,-1,0,24281, vulnerable,171.81295776367188,1.000000450584112,81,0.05062913341087023,0.008645830383391902,0.0009624705327129777,0.04029803364910931,-0.003449910195601363,0.009980535576407464,0.07733319987155342,0.8156011573556681,8,6,3,4,10,10,5,35
deepseek-coder-6.7b,dynamic_exec_helper_02_unsafe,dynamic_exec_helper_02,unsafe,clean_heldout,clean,-1,0,5723, safe,56.80769348144531,1.0000003912008728,81,0.08624770927510607,-0.006964616389075906,0.013264835918296893,0.04852277729168798,-0.027593173459819754,0.006445646576561351,0.05172511911088495,0.8283520928772314,8,6,3,4,10,10,5,35
deepseek-coder-6.7b,dynamic_exec_helper_02_unsafe,dynamic_exec_helper_02,unsafe,clean_heldout,clean,-1,3,24281, vulnerable,171.81295776367188,0.9999999956852337,81,0.04945382926006715,0.015207321336902373,0.001959888168596836,0.046791939663567296,-0.002065089804464551,0.014281117602500212,0.05284277892969888,0.8215282105283656,8,6,3,4,10,10,5,35
deepseek-coder-6.7b,dynamic_exec_helper_02_unsafe,dynamic_exec_helper_02,unsafe,clean_heldout,clean,-1,3,5723, safe,56.80769348144531,1.000000057281697,81,0.08205520115950085,0.008448120922377327,0.018292104004782227,0.06909072724505494,-0.020939569699515676,0.012025973806840524,0.04167694838696756,0.789350551455689,8,6,3,4,10,10,5,35
deepseek-coder-6.7b,dynamic_exec_helper_02_unsafe,dynamic_exec_helper_02,unsafe,clean_heldout,clean,-1,7,24281, vulnerable,171.81295776367188,1.0000001012994393,81,0.0691283544809743,0.016874953988545806,0.0021723795704253236,0.0587270558990399,-0.0017364413364900724,0.011163618318610926,0.07586465981949805,0.7678055205588348,8,6,3,4,10,10,5,35
deepseek-coder-6.7b,dynamic_exec_helper_02_unsafe,dynamic_exec_helper_02,unsafe,clean_heldout,clean,-1,7,5723, safe,56.80769348144531,1.0000000586260298,81,0.14567337975260003,0.02398413801968547,-0.0027460080830747358,0.10360254104004649,-0.02511688341058728,0.016568748186501482,0.10351615748698144,0.6345179856338768,8,6,3,4,10,10,5,35
deepseek-coder-6.7b,dynamic_exec_helper_02_unsafe,dynamic_exec_helper_02,unsafe,clean_heldout,clean,-1,11,24281, vulnerable,171.81295776367188,1.000000178997757,81,0.07184034723110944,0.0074069463832551925,0.0025268711471799037,0.06587543226552216,0.008228386755808247,0.026749230529459586,0.0626396475214686,0.7547333171639539,8,6,3,4,10,10,5,35
deepseek-coder-6.7b,dynamic_exec_helper_02_unsafe,dynamic_exec_helper_02,unsafe,clean_heldout,clean,-1,11,5723, safe,56.80769348144531,0.9999999899666862,81,0.14631450509520477,0.026106872714093718,-0.024548165018175108,0.11471902255778953,0.009345170984266269,0.061529147045754254,0.09185949546901528,0.5746739411187374,8,6,3,4,10,10,5,35
deepseek-coder-6.7b,dynamic_exec_helper_02_unsafe,dynamic_exec_helper_02,unsafe,clean_heldout,clean,-1,15,24281, vulnerable,171.81295776367188,1.0000002956590655,81,0.05809274248757253,0.0076425525413409395,0.013907020139394245,0.03749702020067347,0.02772609055319785,0.019163262701378844,0.05809699073280536,0.7778746163027019,8,6,3,4,10,10,5,35
deepseek-coder-6.7b,dynamic_exec_helper_02_unsafe,dynamic_exec_helper_02,unsafe,clean_heldout,clean,-1,15,5723, safe,56.80769348144531,1.0000000208863429,81,0.12967935237210476,0.01292181672336567,-0.0033834794632897226,0.08586904263427998,0.05124334262873035,0.04586550121288259,0.09074356748591642,0.5870608772923529,8,6,3,4,10,10,5,35
deepseek-coder-6.7b,dynamic_exec_helper_02_unsafe,dynamic_exec_helper_02,unsafe,clean_heldout,clean,-1,19,24281, vulnerable,171.81295776367188,1.0000002583005607,81,0.03393655260584093,0.008384869411479232,0.014041596097499328,0.022227100840605505,0.026692803272647954,0.006363432380090439,0.02100394341579289,0.8673499602766044,8,6,3,4,10,10,5,35
deepseek-coder-6.7b,dynamic_exec_helper_02_unsafe,dynamic_exec_helper_02,unsafe,clean_heldout,clean,-1,19,5723, safe,56.80769348144531,0.9999999329800868,81,0.0816311482006603,0.01809840176639876,0.014254383755995585,0.03317303240321047,0.06914108844729004,0.05154571900066654,0.03912102005694948,0.6930351393489156,8,6,3,4,10,10,5,35
deepseek-coder-6.7b,dynamic_exec_helper_02_unsafe,dynamic_exec_helper_02,unsafe,clean_heldout,clean,-1,23,24281, vulnerable,171.81295776367188,1.0000002713749532,81,0.024294562227125678,0.007912698935307924,0.0005496136372779808,0.02187095378123442,0.022375521691418213,0.007426549201569198,0.0019149789962689817,0.9136553929047508,8,6,3,4,10,10,5,35
deepseek-coder-6.7b,dynamic_exec_helper_02_unsafe,dynamic_exec_helper_02,unsafe,clean_heldout,clean,-1,23,5723, safe,56.80769348144531,0.9999998365815815,81,0.06317417193059688,0.018615493578645583,0.008245611795246188,0.05719954274655656,0.06513567625590627,0.0627062922766334,0.03965604828658679,0.6852669997114099,8,6,3,4,10,10,5,35
deepseek-coder-6.7b,dynamic_exec_helper_02_unsafe,dynamic_exec_helper_02,unsafe,clean_heldout,clean,-1,27,24281, vulnerable,171.81295776367188,1.000000222904299,81,0.020239807975565315,0.010040783244433315,-0.0009360852215030747,0.025781374837682218,0.015347977386221248,0.011644212649733893,-0.008324841406257078,0.9262069934384232,8,6,3,4,10,10,5,35
deepseek-coder-6.7b,dynamic_exec_helper_02_unsafe,dynamic_exec_helper_02,unsafe,clean_heldout,clean,-1,27,5723, safe,56.80769348144531,0.9999999715394889,81,0.04536444447227017,0.017360435272338878,0.0013496514708501248,0.08601944686104349,0.06102551180906923,0.0394041650254526,0.020360358985578367,0.7291159576428861,8,6,3,4,10,10,5,35
deepseek-coder-6.7b,dynamic_exec_helper_02_safe,dynamic_exec_helper_02,safe,clean_heldout,clean,-1,0,24281, vulnerable,183.21388244628906,1.0000001204527704,81,0.04937554494102138,-0.0025680551402560204,0.0029219494871474015,0.058297212358849194,0.010183458215013631,0.007625578039913658,0.07406710736320286,0.8000973251878786,8,6,3,4,10,10,5,35
deepseek-coder-6.7b,dynamic_exec_helper_02_safe,dynamic_exec_helper_02,safe,clean_heldout,clean,-1,0,5723, safe,82.08060455322266,1.0000005564293697,81,0.07788074756718986,0.05501374615823009,-0.0024411367947660585,0.11445673781511106,-0.032585208641791874,-0.01663777960719248,0.06345058904872988,0.7408628608838592,8,6,3,4,10,10,5,35
deepseek-coder-6.7b,dynamic_exec_helper_02_safe,dynamic_exec_helper_02,safe,clean_heldout,clean,-1,3,24281, vulnerable,183.21388244628906,1.0000000006099905,81,0.04790295492296541,0.003940950279738018,0.001984711604087747,0.07004858985055099,0.0173300023780191,0.009661188625401376,0.05365253726335365,0.795479065685874,8,6,3,4,10,10,5,35
deepseek-coder-6.7b,dynamic_exec_helper_02_safe,dynamic_exec_helper_02,safe,clean_heldout,clean,-1,3,5723, safe,82.08060455322266,1.0000000328139016,81,0.07114919512769428,0.0649080036497003,-0.004782113897534468,0.1421505002245208,-0.012779539386162893,-0.024550085244906827,0.046122549368141974,0.7177815229724483,8,6,3,4,10,10,5,35
deepseek-coder-6.7b,dynamic_exec_helper_02_safe,dynamic_exec_helper_02,safe,clean_heldout,clean,-1,7,24281, vulnerable,183.21388244628906,1.000000084422671,81,0.08525013354072443,4.199336559478507e-06,0.001872107376736524,0.0939669028254521,0.02342431583021573,0.004304804875165579,0.0673237832412559,0.7238538373965614,8,6,3,4,10,10,5,35
deepseek-coder-6.7b,dynamic_exec_helper_02_safe,dynamic_exec_helper_02,safe,clean_heldout,clean,-1,7,5723, safe,82.08060455322266,1.0000000431164684,81,0.14620766880150707,0.07659312216903261,-0.01575662813291557,0.20393384969552822,0.015644289490969857,-0.018459745672223433,0.06489501942028182,0.5269424673442877,8,6,3,4,10,10,5,35
deepseek-coder-6.7b,dynamic_exec_helper_02_safe,dynamic_exec_helper_02,safe,clean_heldout,clean,-1,11,24281, vulnerable,183.21388244628906,1.0000001146375286,81,0.07104149895455128,-0.0023931012730977826,0.020072715865418853,0.10672448794380494,0.0432420884863587,0.023535783604790667,0.04844208306118544,0.6893345579945166,8,6,3,4,10,10,5,35
deepseek-coder-6.7b,dynamic_exec_helper_02_safe,dynamic_exec_helper_02,safe,clean_heldout,clean,-1,11,5723, safe,82.08060455322266,1.0000001648410661,81,0.14898771487969734,0.05183875082504769,0.0025364378054163663,0.24997704061679224,0.0999018475293743,0.027334339535788038,0.04276694949724027,0.37665708415170995,8,6,3,4,10,10,5,35
deepseek-coder-6.7b,dynamic_exec_helper_02_safe,dynamic_exec_helper_02,safe,clean_heldout,clean,-1,15,24281, vulnerable,183.21388244628906,1.0000001318595908,81,0.03606321312432046,0.004003760096300794,0.020871840373366438,0.08428437787460008,0.04234057155963594,0.022162847534953,0.043324873455133445,0.7469486478412807,8,6,3,4,10,10,5,35
deepseek-coder-6.7b,dynamic_exec_helper_02_safe,dynamic_exec_helper_02,safe,clean_heldout,clean,-1,15,5723, safe,82.08060455322266,1.0000001925263773,81,0.07937461074270884,0.02674326454066385,0.0059299729066933215,0.2774928059001704,0.07223936906778396,0.021940355525086795,0.0466794600538219,0.4696003537894483,8,6,3,4,10,10,5,35
deepseek-coder-6.7b,dynamic_exec_helper_02_safe,dynamic_exec_helper_02,safe,clean_heldout,clean,-1,19,24281, vulnerable,183.21388244628906,1.000000100816163,81,0.02387289618561553,0.00638595293145574,0.013127657020572404,0.005889627107762445,0.02706406035462311,0.01570846262744017,0.018520554592663573,0.8894308899960299,8,6,3,4,10,10,5,35
deepseek-coder-6.7b,dynamic_exec_helper_02_safe,dynamic_exec_helper_02,safe,clean_heldout,clean,-1,19,5723, safe,82.08060455322266,1.0000002714068215,81,0.05882007206369233,0.015271263916231367,0.030058563993282876,0.08077060035215047,0.06357720350794105,0.03156415861519481,0.026102754926142373,0.6938356540321862,8,6,3,4,10,10,5,35
deepseek-coder-6.7b,dynamic_exec_helper_02_safe,dynamic_exec_helper_02,safe,clean_heldout,clean,-1,23,24281, vulnerable,183.21388244628906,1.0000000822470385,81,0.016336902570687574,0.006749552693228302,0.00501273207743457,0.003964090672121839,0.02263664303799188,0.016104361482417597,0.007426580933584479,0.9217692187795723,8,6,3,4,10,10,5,35
deepseek-coder-6.7b,dynamic_exec_helper_02_safe,dynamic_exec_helper_02,safe,clean_heldout,clean,-1,23,5723, safe,82.08060455322266,1.000000176595977,81,0.03893324903683148,0.01813366884824934,0.015145648715212174,0.04187167098020639,0.05938593586132005,0.04410747780350416,0.027012915977229195,0.7554096093734242,8,6,3,4,10,10,5,35
deepseek-coder-6.7b,dynamic_exec_helper_02_safe,dynamic_exec_helper_02,safe,clean_heldout,clean,-1,27,24281, vulnerable,183.21388244628906,1.0000000237286264,81,0.017591962784661533,0.009547935449599424,0.006387458896081737,0.014945577730331333,0.015642241947905533,0.020050351878979286,0.004724478044880771,0.9111100169961868,8,6,3,4,10,10,5,35
deepseek-coder-6.7b,dynamic_exec_helper_02_safe,dynamic_exec_helper_02,safe,clean_heldout,clean,-1,27,5723, safe,82.08060455322266,1.0000000355143541,81,0.03599723977755774,0.016405160837163785,0.011704197692708414,0.07305895912094927,0.0524440884301823,0.03625213301434897,0.01457663796002828,0.7595616186814154,8,6,3,4,10,10,5,35
deepseek-coder-6.7b,dynamic_exec_helper_04_unsafe,dynamic_exec_helper_04,unsafe,clean_heldout,clean,-1,0,24281, vulnerable,184.40185546875,1.0000003497171988,81,0.03277323116867086,0.013734296540195933,0.009526876860266811,0.04019047681477639,0.01211882142497524,0.033103738446835465,0.06397595259934663,0.7945769558621316,8,6,3,4,10,10,5,35
deepseek-coder-6.7b,dynamic_exec_helper_04_unsafe,dynamic_exec_helper_04,unsafe,clean_heldout,clean,-1,0,5723, safe,61.555274963378906,1.000000460250283,81,0.058691578573031644,0.018452533724177704,0.019643035261921286,0.11938709571392433,-0.021419445758700577,0.03150844793322091,0.03947422919119979,0.7342629856115076,8,6,3,4,10,10,5,35
deepseek-coder-6.7b,dynamic_exec_helper_04_unsafe,dynamic_exec_helper_04,unsafe,clean_heldout,clean,-1,3,24281, vulnerable,184.40185546875,1.00000010771718,81,0.03197029108618016,0.018118820435884253,0.00922988871601561,0.04609427945458652,0.017615725164533025,0.04034792870577871,0.04302819889350068,0.7935949752607012,8,6,3,4,10,10,5,35
deepseek-coder-6.7b,dynamic_exec_helper_04_unsafe,dynamic_exec_helper_04,unsafe,clean_heldout,clean,-1,3,5723, safe,61.555274963378906,1.0000000526519062,81,0.0624981065285203,0.023582901930485064,0.016477582632981158,0.1423860806219698,-0.008112140424325308,0.033972728834102225,0.025986923693102515,0.7032078688350702,8,6,3,4,10,10,5,35
deepseek-coder-6.7b,dynamic_exec_helper_04_unsafe,dynamic_exec_helper_04,unsafe,clean_heldout,clean,-1,7,24281, vulnerable,184.40185546875,1.000000093818189,81,0.03602465451181158,0.034669813437011796,0.015955202611474303,0.06448991724527843,0.007175049930347309,0.0636526827560869,0.06573126198804133,0.7123015113381375,8,6,3,4,10,10,5,35
deepseek-coder-6.7b,dynamic_exec_helper_04_unsafe,dynamic_exec_helper_04,unsafe,clean_heldout,clean,-1,7,5723, safe,61.555274963378906,0.9999999869580624,81,0.09120986458729566,0.06173376540373515,0.005675137628741972,0.21126575062284858,-0.017750038194055823,0.06438928044848645,0.07551082438753481,0.5079654020734756,8,6,3,4,10,10,5,35
deepseek-coder-6.7b,dynamic_exec_helper_04_unsafe,dynamic_exec_helper_04,unsafe,clean_heldout,clean,-1,11,24281, vulnerable,184.40185546875,1.0000001148686959,81,0.04985189873598568,0.017776172772939466,0.027349532141862695,0.08494810065051932,0.033705451665231,0.07092341879486723,0.04696607685555021,0.6684794632517403,8,6,3,4,10,10,5,35
deepseek-coder-6.7b,dynamic_exec_helper_04_unsafe,dynamic_exec_helper_04,unsafe,clean_heldout,clean,-1,11,5723, safe,61.555274963378906,1.0000001697570078,81,0.09114684588395584,0.029439047492536417,0.010959189486733863,0.2509030312686652,0.04681278735497957,0.07118514046740353,0.05854505122318275,0.4410090765795506,8,6,3,4,10,10,5,35
deepseek-coder-6.7b,dynamic_exec_helper_04_unsafe,dynamic_exec_helper_04,unsafe,clean_heldout,clean,-1,15,24281, vulnerable,184.40185546875,1.000000113252534,81,0.030221667152549536,0.009243604838291768,0.05221392825255525,0.06437198042804858,0.03775019468607571,0.06477788425751668,0.04165858981755525,0.6997622638199412,8,6,3,4,10,10,5,35
deepseek-coder-6.7b,dynamic_exec_helper_04_unsafe,dynamic_exec_helper_04,unsafe,clean_heldout,clean,-1,15,5723, safe,61.555274963378906,1.000000191483484,81,0.06295103728873935,-0.0002864339948384226,0.02034633987633415,0.26714112119930994,0.05298088638298286,0.06285872542508229,0.056479609419087196,0.47752890588678676,8,6,3,4,10,10,5,35
deepseek-coder-6.7b,dynamic_exec_helper_04_unsafe,dynamic_exec_helper_04,unsafe,clean_heldout,clean,-1,19,24281, vulnerable,184.40185546875,1.0000001268080907,81,0.018975599855884918,0.008143699217612222,0.0533606829273742,0.021933205499464828,0.02800500201089309,0.026444105364552817,0.015714870006971735,0.8274229619253367,8,6,3,4,10,10,5,35
deepseek-coder-6.7b,dynamic_exec_helper_04_unsafe,dynamic_exec_helper_04,unsafe,clean_heldout,clean,-1,19,5723, safe,61.555274963378906,1.00000007834997,81,0.04794587925141169,-0.003707267190090619,0.039809722295555634,0.11916632832914902,0.05760499707074328,0.06904724314218824,0.03423124908804478,0.6359019263629682,8,6,3,4,10,10,5,35
deepseek-coder-6.7b,dynamic_exec_helper_04_unsafe,dynamic_exec_helper_04,unsafe,clean_heldout,clean,-1,23,24281, vulnerable,184.40185546875,1.000000139171728,81,0.014349284103055573,0.006917830516453923,0.037892427828422684,0.02469351367319379,0.0261401118460208,0.02838313238366118,0.0035012915039385733,0.8581225473169816,8,6,3,4,10,10,5,35
deepseek-coder-6.7b,dynamic_exec_helper_04_unsafe,dynamic_exec_helper_04,unsafe,clean_heldout,clean,-1,23,5723, safe,61.555274963378906,0.9999998661310157,81,0.036708005283150845,0.003355173121287805,0.027798093586367076,0.08812226022235764,0.0687585277690036,0.08733016240460355,0.03772565309434057,0.6502019906499046,8,6,3,4,10,10,5,35
deepseek-coder-6.7b,dynamic_exec_helper_04_unsafe,dynamic_exec_helper_04,unsafe,clean_heldout,clean,-1,27,24281, vulnerable,184.40185546875,1.0000000725757632,81,0.015027421246571668,0.006470208259507065,0.02993771399920852,0.0333848460646022,0.021784670457639085,0.016563459062700663,-0.0002863529111029328,0.8771181063966369,8,6,3,4,10,10,5,35
deepseek-coder-6.7b,dynamic_exec_helper_04_unsafe,dynamic_exec_helper_04,unsafe,clean_heldout,clean,-1,27,5723, safe,61.555274963378906,0.9999999339732993,81,0.03381127600029074,0.005352127988734252,0.023562784908057872,0.11848037760144087,0.0636375017053892,0.07217102368621744,0.017675704111931534,0.6653091379712374,8,6,3,4,10,10,5,35
deepseek-coder-6.7b,dynamic_exec_helper_04_safe,dynamic_exec_helper_04,safe,clean_heldout,clean,-1,0,24281, vulnerable,196.79212951660156,1.00000064337655,81,0.050438049773979345,-0.0007817886023561522,0.007888533187041854,0.04688669545631226,0.013806758050392014,0.02396490665389093,0.06858819829585541,0.7892092905614346,8,6,3,4,10,10,5,35
deepseek-coder-6.7b,dynamic_exec_helper_04_safe,dynamic_exec_helper_04,safe,clean_heldout,clean,-1,0,5723, safe,65.44393157958984,1.0000007620333928,81,0.07143019097620837,0.0010284299525234538,0.013990617737850798,0.09536656046019365,0.018028665417711066,0.008309255093206009,0.04741671893417676,0.7444303234615227,8,6,3,4,10,10,5,35
deepseek-coder-6.7b,dynamic_exec_helper_04_safe,dynamic_exec_helper_04,safe,clean_heldout,clean,-1,3,24281, vulnerable,196.79212951660156,1.0000001715065037,81,0.04943980184777331,0.0032467001215799236,0.007636128693421105,0.05517260822823952,0.01775566974423409,0.029158182952957776,0.04705028464439978,0.7905407952738983,8,6,3,4,10,10,5,35
deepseek-coder-6.7b,dynamic_exec_helper_04_safe,dynamic_exec_helper_04,safe,clean_heldout,clean,-1,3,5723, safe,65.44393157958984,1.0000003351079843,81,0.07489439088102409,0.00866830391581832,0.008794941889035467,0.11636095874708713,0.020617524019228787,0.015029630545099388,0.03335715672745334,0.7222774283832377,8,6,3,4,10,10,5,35
deepseek-coder-6.7b,dynamic_exec_helper_04_safe,dynamic_exec_helper_04,safe,clean_heldout,clean,-1,7,24281, vulnerable,196.79212951660156,1.0000000768182553,81,0.05409662730759646,0.02064151999256812,0.005442229006603218,0.0760471904532375,0.01680975541859874,0.03827710364664947,0.07027826563599944,0.7184073853570024,8,6,3,4,10,10,5,35
deepseek-coder-6.7b,dynamic_exec_helper_04_safe,dynamic_exec_helper_04,safe,clean_heldout,clean,-1,7,5723, safe,65.44393157958984,1.000000348883444,81,0.07902969364900098,0.05468631644892023,-0.019717103495105484,0.18347256739350237,0.028235293663331457,0.038241191372590064,0.07915152267749079,0.5569008671737135,8,6,3,4,10,10,5,35
deepseek-coder-6.7b,dynamic_exec_helper_04_safe,dynamic_exec_helper_04,safe,clean_heldout,clean,-1,11,24281, vulnerable,196.79212951660156,1.0000001225154627,81,0.05669214525085313,0.01252772671819247,0.017241954004003773,0.090520429402831,0.044843905493172465,0.03750810403440288,0.053374334443910806,0.6872915231680962,8,6,3,4,10,10,5,35
deepseek-coder-6.7b,dynamic_exec_helper_04_safe,dynamic_exec_helper_04,safe,clean_heldout,clean,-1,11,5723, safe,65.44393157958984,1.0000004214323017,81,0.09796438230374427,0.02695238440395497,-0.01765742542697386,0.2181072630002307,0.07374902207441257,0.05860798175773184,0.06325049934835199,0.4790263139708494,8,6,3,4,10,10,5,35
deepseek-coder-6.7b,dynamic_exec_helper_04_safe,dynamic_exec_helper_04,safe,clean_heldout,clean,-1,15,24281, vulnerable,196.79212951660156,1.000000162661425,81,0.032667611275321744,0.008618673968751399,0.03869480792589716,0.05449422602706109,0.04280153214318225,0.035324602596661654,0.04519359513912242,0.7422051135854273,8,6,3,4,10,10,5,35
deepseek-coder-6.7b,dynamic_exec_helper_04_safe,dynamic_exec_helper_04,safe,clean_heldout,clean,-1,15,5723, safe,65.44393157958984,1.00000037956515,81,0.06502860929398299,0.0028331276172189734,0.04139875423721305,0.2180137884219935,0.06379771639871253,0.0583677302808969,0.05446656040864384,0.4960940929064883,8,6,3,4,10,10,5,35
deepseek-coder-6.7b,dynamic_exec_helper_04_safe,dynamic_exec_helper_04,safe,clean_heldout,clean,-1,19,24281, vulnerable,196.79212951660156,1.0000001417862818,81,0.021797917870851818,0.007519703339550168,0.03669485400261488,0.004120255966852561,0.030262628652805944,0.02659023490734407,0.021467834466025994,0.8515467125802364,8,6,3,4,10,10,5,35
deepseek-coder-6.7b,dynamic_exec_helper_04_safe,dynamic_exec_helper_04,safe,clean_heldout,clean,-1,19,5723, safe,65.44393157958984,1.0000004086103087,81,0.05059695575033396,-0.0018721907010252389,0.050890263752340764,0.06077960035111292,0.05776336004298912,0.06894842402345625,0.03523079436407384,0.6776632010270272,8,6,3,4,10,10,5,35
deepseek-coder-6.7b,dynamic_exec_helper_04_safe,dynamic_exec_helper_04,safe,clean_heldout,clean,-1,23,24281, vulnerable,196.79212951660156,1.000000117233971,81,0.01655972649828615,0.006237404032320501,0.023566053551758944,0.006729646363214779,0.028745001220708333,0.026454281910031532,0.00901404495881455,0.8826939586988363,8,6,3,4,10,10,5,35
deepseek-coder-6.7b,dynamic_exec_helper_04_safe,dynamic_exec_helper_04,safe,clean_heldout,clean,-1,23,5723, safe,65.44393157958984,1.000000320990984,81,0.035690399945143704,0.004199467379973367,0.03557864294089661,0.05639701453097255,0.06423409222828938,0.08277363526095707,0.035179387763298264,0.6859476809414531,8,6,3,4,10,10,5,35
deepseek-coder-6.7b,dynamic_exec_helper_04_safe,dynamic_exec_helper_04,safe,clean_heldout,clean,-1,27,24281, vulnerable,196.79212951660156,1.0000000453990587,81,0.016142983152374127,0.0056828385474234295,0.01796915036357089,0.023133312430327624,0.022372206168291366,0.016843448117356583,0.0050025815492117775,0.892853525070503,8,6,3,4,10,10,5,35
deepseek-coder-6.7b,dynamic_exec_helper_04_safe,dynamic_exec_helper_04,safe,clean_heldout,clean,-1,27,5723, safe,65.44393157958984,1.0000003138755604,81,0.03471794856605961,0.00667597424168794,0.022967785508332082,0.09529861032905967,0.065051539628456,0.0682497921276277,0.01905883688436181,0.6879798265899757,8,6,3,4,10,10,5,35
deepseek-coder-6.7b,dynamic_exec_helper_07_unsafe,dynamic_exec_helper_07,unsafe,clean_heldout,clean,-1,0,24281, vulnerable,165.2445068359375,1.000000745623886,83,0.055879463082296826,0.020318069819897137,-0.006922368956594366,0.0323091298510942,0.003920658143441184,0.03183081352594384,0.08641548553542794,0.7762494946223791,8,6,4,3,11,11,5,35
deepseek-coder-6.7b,dynamic_exec_helper_07_unsafe,dynamic_exec_helper_07,unsafe,clean_heldout,clean,-1,0,5723, safe,34.57515335083008,1.0000008881936189,83,0.1363111351226115,-0.0012705841637503535,-0.0006093872337667571,0.027096221800120345,0.013087933621824395,-0.050933571461495755,0.049144335719618626,0.8271748047884568,8,6,4,3,11,11,5,35
deepseek-coder-6.7b,dynamic_exec_helper_07_unsafe,dynamic_exec_helper_07,unsafe,clean_heldout,clean,-1,3,24281, vulnerable,165.2445068359375,1.0000001208364282,83,0.05724054882962121,0.025560743303090765,-0.004880478823934638,0.035596629525593323,0.007818930436778197,0.03681339649411838,0.06555621081523519,0.7762941402559259,8,6,4,3,11,11,5,35
deepseek-coder-6.7b,dynamic_exec_helper_07_unsafe,dynamic_exec_helper_07,unsafe,clean_heldout,clean,-1,3,5723, safe,34.57515335083008,1.0000006534717412,83,0.14001780741848305,0.022942837191711495,0.0020258809167126475,0.05307583892764618,0.014091691105238403,-0.07444541440409645,0.0573174689417994,0.7849745433742463,8,6,4,3,11,11,5,35
deepseek-coder-6.7b,dynamic_exec_helper_07_unsafe,dynamic_exec_helper_07,unsafe,clean_heldout,clean,-1,7,24281, vulnerable,165.2445068359375,1.0000001501663152,83,0.07358804823033022,0.01902970686181929,0.0018453197885647899,0.046436387571905685,0.007601982381699592,0.057252492676425105,0.0843427080336109,0.7099035046219594,8,6,4,3,11,11,5,35
deepseek-coder-6.7b,dynamic_exec_helper_07_unsafe,dynamic_exec_helper_07,unsafe,clean_heldout,clean,-1,7,5723, safe,34.57515335083008,1.0000005170669226,83,0.20855047741376173,0.021203094472903302,0.003986597609850382,0.0952060432149497,-0.029967134446326316,0.015374394503104924,0.14147832484077366,0.544168719457905,8,6,4,3,11,11,5,35
deepseek-coder-6.7b,dynamic_exec_helper_07_unsafe,dynamic_exec_helper_07,unsafe,clean_heldout,clean,-1,11,24281, vulnerable,165.2445068359375,1.000000218339703,83,0.05970043556850435,0.010265267940257708,0.015162411279946544,0.059272873812129576,0.025380907338946147,0.06700081996426023,0.06482977972178494,0.6983877227138735,8,6,4,3,11,11,5,35
deepseek-coder-6.7b,dynamic_exec_helper_07_unsafe,dynamic_exec_helper_07,unsafe,clean_heldout,clean,-1,11,5723, safe,34.57515335083008,1.0000007558292274,83,0.16987597380886812,0.004184607520523697,-0.043247770042821515,0.11145006681345049,0.0034846486724567603,0.1095910575826481,0.10583742873608912,0.5388247427380127,8,6,4,3,11,11,5,35
deepseek-coder-6.7b,dynamic_exec_helper_07_unsafe,dynamic_exec_helper_07,unsafe,clean_heldout,clean,-1,15,24281, vulnerable,165.2445068359375,1.0000002040241933,83,0.04353604177180999,0.01033948648609825,0.0226104370504856,0.04414626456235507,0.03272078529521406,0.05881072767803881,0.059217777450712245,0.7286186837294794,8,6,4,3,11,11,5,35
deepseek-coder-6.7b,dynamic_exec_helper_07_unsafe,dynamic_exec_helper_07,unsafe,clean_heldout,clean,-1,15,5723, safe,34.57515335083008,1.0000011229154964,83,0.12336898625159413,0.013557715049122216,0.056125995909465584,0.06651515793438617,0.048025656853373885,0.07783986544418436,0.09441831853289767,0.5201494269404725,8,6,4,3,11,11,5,35
deepseek-coder-6.7b,dynamic_exec_helper_07_unsafe,dynamic_exec_helper_07,unsafe,clean_heldout,clean,-1,19,24281, vulnerable,165.2445068359375,1.000000271363449,83,0.02888677735386419,0.013847048368821047,0.009309975356929023,0.042270670739682964,0.029160879055639896,0.0342982876878619,0.03283202920479836,0.8093946035958517,8,6,4,3,11,11,5,35
deepseek-coder-6.7b,dynamic_exec_helper_07_unsafe,dynamic_exec_helper_07,unsafe,clean_heldout,clean,-1,19,5723, safe,34.57515335083008,1.0000011870774785,83,0.1006806152117971,0.024250403653965906,0.02240003124010817,0.011314074183148132,0.08956557812363294,0.0280932147466302,0.051931739849054234,0.6717655300691421,8,6,4,3,11,11,5,35
deepseek-coder-6.7b,dynamic_exec_helper_07_unsafe,dynamic_exec_helper_07,unsafe,clean_heldout,clean,-1,23,24281, vulnerable,165.2445068359375,1.0000002781943145,83,0.019887809082702525,0.012681570692810836,0.004366511266162388,0.036162471530793217,0.026549236506678675,0.027556193809581957,0.01072689037467886,0.8620695949309058,8,6,4,3,11,11,5,35
deepseek-coder-6.7b,dynamic_exec_helper_07_unsafe,dynamic_exec_helper_07,unsafe,clean_heldout,clean,-1,23,5723, safe,34.57515335083008,1.0000014512136655,83,0.07808730960318057,0.03726757970044333,0.02709135066122229,0.04264824005046963,0.10418277881244892,0.03723889902505266,0.05285790604810535,0.6206273873127427,8,6,4,3,11,11,5,35
deepseek-coder-6.7b,dynamic_exec_helper_07_unsafe,dynamic_exec_helper_07,unsafe,clean_heldout,clean,-1,27,24281, vulnerable,165.2445068359375,1.0000002595390636,83,0.017252234225340297,0.01425215276517552,0.0068779801004578795,0.03333071347933286,0.022078129679075065,0.01967710344652676,-0.0002558936020986627,0.8867878394452537,8,6,4,3,11,11,5,35
deepseek-coder-6.7b,dynamic_exec_helper_07_unsafe,dynamic_exec_helper_07,unsafe,clean_heldout,clean,-1,27,5723, safe,34.57515335083008,1.0000012512394607,83,0.0633900556630957,0.037413634890503505,0.03680366120221293,0.08929287407643638,0.10015931397545795,0.015460608489853834,0.02227924488106031,0.6352018580608403,8,6,4,3,11,11,5,35
deepseek-coder-6.7b,dynamic_exec_helper_07_safe,dynamic_exec_helper_07,safe,clean_heldout,clean,-1,0,24281, vulnerable,189.21807861328125,1.0000002804922832,83,0.06479435915003097,0.021970065569958293,-0.0020981454757925547,0.05213305246578471,0.03059530205036995,0.037618867861207536,0.07014423258680974,0.7248425462839148,8,6,4,3,11,11,5,35
deepseek-coder-6.7b,dynamic_exec_helper_07_safe,dynamic_exec_helper_07,safe,clean_heldout,clean,-1,0,5723, safe,69.3907699584961,1.000000860796107,83,0.11209530982568033,0.06169367536480078,0.009015538524833243,0.08881086156388951,0.044707914716493734,-0.03632104467553829,0.055152658454136236,0.6648459470218118,8,6,4,3,11,11,5,35
deepseek-coder-6.7b,dynamic_exec_helper_07_safe,dynamic_exec_helper_07,safe,clean_heldout,clean,-1,3,24281, vulnerable,189.21807861328125,1.0000001788834763,83,0.06592191466039213,0.027138269074929947,-4.079913527946558e-05,0.05914096412180511,0.04027663302590708,0.039050423967525436,0.05214834603829223,0.7163644271299039,8,6,4,3,11,11,5,35
deepseek-coder-6.7b,dynamic_exec_helper_07_safe,dynamic_exec_helper_07,safe,clean_heldout,clean,-1,3,5723, safe,69.3907699584961,1.0000001770821978,83,0.11296232767293572,0.070473157602477,-0.00015085747047277522,0.11235991942943284,0.059804487748489246,-0.042531929153418586,0.04474609671989152,0.642336974532863,8,6,4,3,11,11,5,35
deepseek-coder-6.7b,dynamic_exec_helper_07_safe,dynamic_exec_helper_07,safe,clean_heldout,clean,-1,7,24281, vulnerable,189.21807861328125,1.0000000901308115,83,0.08897062002856557,0.019097182334711475,0.011939505676027588,0.08119065910219153,0.04349490918621976,0.05054127027631877,0.06163440463365632,0.6431315388931206,8,6,4,3,11,11,5,35
deepseek-coder-6.7b,dynamic_exec_helper_07_safe,dynamic_exec_helper_07,safe,clean_heldout,clean,-1,7,5723, safe,69.3907699584961,1.0000001791222535,83,0.16203031146274122,0.05943234901327482,-0.006530661024556518,0.17807775523197047,0.08905028227859003,-0.019815048152322212,0.06380698290274295,0.47394820740981264,8,6,4,3,11,11,5,35
deepseek-coder-6.7b,dynamic_exec_helper_07_safe,dynamic_exec_helper_07,safe,clean_heldout,clean,-1,11,24281, vulnerable,189.21807861328125,1.0000001626016541,83,0.06401637786262955,0.00689512308458299,0.037636166086291334,0.11204717247058125,0.07005543696341036,0.05889742791268864,0.041593771984830406,0.6088586862366394,8,6,4,3,11,11,5,35
deepseek-coder-6.7b,dynamic_exec_helper_07_safe,dynamic_exec_helper_07,safe,clean_heldout,clean,-1,11,5723, safe,69.3907699584961,1.0000002866278168,83,0.14281602243736852,0.027001005782216873,0.023764797507049608,0.24299728183158853,0.13030787231846844,0.02989238522485505,0.03938428463249299,0.3638366368937769,8,6,4,3,11,11,5,35
deepseek-coder-6.7b,dynamic_exec_helper_07_safe,dynamic_exec_helper_07,safe,clean_heldout,clean,-1,15,24281, vulnerable,189.21807861328125,1.0000002198045972,83,0.03356326086879715,0.00821595551674996,0.027121468597154523,0.09940040381930029,0.04775269415793099,0.04714498158936776,0.03481709535561335,0.7019843598996829,8,6,4,3,11,11,5,35
deepseek-coder-6.7b,dynamic_exec_helper_07_safe,dynamic_exec_helper_07,safe,clean_heldout,clean,-1,15,5723, safe,69.3907699584961,1.0000003364749657,83,0.06777066994441847,0.013594788706137928,0.04238959753177697,0.250162322287876,0.0714304001313758,0.025846083633815062,0.042004280037153854,0.48680219420241166,8,6,4,3,11,11,5,35
deepseek-coder-6.7b,dynamic_exec_helper_07_safe,dynamic_exec_helper_07,safe,clean_heldout,clean,-1,19,24281, vulnerable,189.21807861328125,1.0000003052300213,83,0.020593566946802398,0.010734649311727134,0.011814268303049203,0.0610110912839391,0.024792079510671805,0.029430819151126893,0.017685796560973386,0.8239380341617313,8,6,4,3,11,11,5,35
deepseek-coder-6.7b,dynamic_exec_helper_07_safe,dynamic_exec_helper_07,safe,clean_heldout,clean,-1,19,5723, safe,69.3907699584961,1.0000003029751048,83,0.05186383343980448,0.014478053771221251,0.04096360680242198,0.11887491720208722,0.04859994883037967,0.015004046040195488,0.02844675547043453,0.6817691414185602,8,6,4,3,11,11,5,35
deepseek-coder-6.7b,dynamic_exec_helper_07_safe,dynamic_exec_helper_07,safe,clean_heldout,clean,-1,23,24281, vulnerable,189.21807861328125,1.0000001950471713,83,0.015396065139857995,0.009245034551287898,0.006733963562807284,0.04768931821905979,0.021083035883857418,0.022387143695395517,0.005884075331187712,0.8715815586637177,8,6,4,3,11,11,5,35
deepseek-coder-6.7b,dynamic_exec_helper_07_safe,dynamic_exec_helper_07,safe,clean_heldout,clean,-1,23,5723, safe,69.3907699584961,1.000000407044785,83,0.03941458225034296,0.02620576637985838,0.03736790051361781,0.07923542740758106,0.05578187420978123,0.025421144661800246,0.029156547303535375,0.7074171643182681,8,6,4,3,11,11,5,35
deepseek-coder-6.7b,dynamic_exec_helper_07_safe,dynamic_exec_helper_07,safe,clean_heldout,clean,-1,27,24281, vulnerable,189.21807861328125,1.0000002271481516,83,0.015791747868345904,0.011741176034313693,0.00972331706942251,0.03374134698848345,0.014298598830325372,0.01824337804926939,0.0032196468062213003,0.89324101550177,8,6,4,3,11,11,5,35
deepseek-coder-6.7b,dynamic_exec_helper_07_safe,dynamic_exec_helper_07,safe,clean_heldout,clean,-1,27,5723, safe,69.3907699584961,1.0000002066898472,83,0.04172542625493675,0.024538858313408303,0.029144367527160243,0.0606162744715969,0.050514159581222746,0.019270046967045592,0.017178182614950632,0.7570128909595262,8,6,4,3,11,11,5,35
deepseek-coder-6.7b,dynamic_exec_helper_10_unsafe,dynamic_exec_helper_10,unsafe,clean_heldout,clean,-1,0,24281, vulnerable,171.0689239501953,1.0000006054097565,81,0.03695432303058297,0.017862936504105937,0.0025713739031394175,0.03101884631909168,-0.005841191322737818,0.040346388883939696,0.0808477639721274,0.7962401641195073,8,6,3,4,10,10,5,35
deepseek-coder-6.7b,dynamic_exec_helper_10_unsafe,dynamic_exec_helper_10,unsafe,clean_heldout,clean,-1,0,5723, safe,58.27130126953125,1.0000014375962285,81,0.06875326728856561,0.01086140870352484,0.021055230246117763,0.05746318314204546,-0.011237251797869979,0.03434751942781622,0.04812219575972841,0.7706358848263002,8,6,3,4,10,10,5,35
deepseek-coder-6.7b,dynamic_exec_helper_10_unsafe,dynamic_exec_helper_10,unsafe,clean_heldout,clean,-1,3,24281, vulnerable,171.0689239501953,1.0000001072277127,81,0.03424745306256089,0.02598720532521441,0.002895753543836359,0.03614037636550163,-0.002610802517399942,0.04478623934745722,0.05379926935527844,0.8047546127452639,8,6,3,4,10,10,5,35
deepseek-coder-6.7b,dynamic_exec_helper_10_unsafe,dynamic_exec_helper_10,unsafe,clean_heldout,clean,-1,3,5723, safe,58.27130126953125,1.0000011696012363,81,0.06359096867994897,0.02579362234171062,0.024624646725318864,0.07311128831240044,-0.010036036614060925,0.02682863568747254,0.0402000469384023,0.7558879975300438,8,6,3,4,10,10,5,35
deepseek-coder-6.7b,dynamic_exec_helper_10_unsafe,dynamic_exec_helper_10,unsafe,clean_heldout,clean,-1,7,24281, vulnerable,171.0689239501953,1.0000000551817676,81,0.05273351970437772,0.023458259015149995,0.001413437338567851,0.047423314788570745,-0.00023381433930352424,0.05208305383862376,0.07731814656570726,0.7458041382700739,8,6,3,4,10,10,5,35
deepseek-coder-6.7b,dynamic_exec_helper_10_unsafe,dynamic_exec_helper_10,unsafe,clean_heldout,clean,-1,7,5723, safe,58.27130126953125,1.0000010268772812,81,0.11273888663176412,0.02121045656406313,0.013752590079540588,0.10633053392720042,-0.0015930145286590807,0.06757793590114802,0.09510895350729588,0.5848746847949281,8,6,3,4,10,10,5,35
deepseek-coder-6.7b,dynamic_exec_helper_10_unsafe,dynamic_exec_helper_10,unsafe,clean_heldout,clean,-1,11,24281, vulnerable,171.0689239501953,1.000000153905739,81,0.06446935453712672,0.020712414027433138,-0.001414251563624297,0.05763436492662276,0.0029639203174814974,0.06137014315916697,0.06060772581234364,0.7336564826891888,8,6,3,4,10,10,5,35
deepseek-coder-6.7b,dynamic_exec_helper_10_unsafe,dynamic_exec_helper_10,unsafe,clean_heldout,clean,-1,11,5723, safe,58.27130126953125,1.0000011430063136,81,0.12095596784177928,0.016484054431448174,-0.010260526851477977,0.11740476210816922,0.006567602399618158,0.0878659973342395,0.07869609067971844,0.582287195062819,8,6,3,4,10,10,5,35
deepseek-coder-6.7b,dynamic_exec_helper_10_unsafe,dynamic_exec_helper_10,unsafe,clean_heldout,clean,-1,15,24281, vulnerable,171.0689239501953,1.0000002731214404,81,0.051189053106050986,0.017174286009283998,0.018673169418802118,0.03973255839843877,0.028204443156979425,0.05847262135979214,0.054416293676127825,0.7321378479959653,8,6,3,4,10,10,5,35
deepseek-coder-6.7b,dynamic_exec_helper_10_unsafe,dynamic_exec_helper_10,unsafe,clean_heldout,clean,-1,15,5723, safe,58.27130126953125,1.000001313619776,81,0.09876618859551443,0.009157870534008704,0.0324953798890797,0.0853687645052801,0.03867356688141025,0.07267790230761773,0.07116971266910771,0.5916919282377576,8,6,3,4,10,10,5,35
deepseek-coder-6.7b,dynamic_exec_helper_10_unsafe,dynamic_exec_helper_10,unsafe,clean_heldout,clean,-1,19,24281, vulnerable,171.0689239501953,1.0000002520199673,81,0.031621475036415686,0.016581765267782416,0.01609502566658279,0.026143724663633267,0.026359362969242267,0.03791771315920177,0.025208761921310552,0.8200724233357986,8,6,3,4,10,10,5,35
deepseek-coder-6.7b,dynamic_exec_helper_10_unsafe,dynamic_exec_helper_10,unsafe,clean_heldout,clean,-1,19,5723, safe,58.27130126953125,1.0000011281745296,81,0.06721468937056413,0.010189911705346976,0.01720469980608455,0.022575112444766024,0.05766605541509618,0.0845977510956781,0.03488458241513339,0.7056683259218602,8,6,3,4,10,10,5,35
deepseek-coder-6.7b,dynamic_exec_helper_10_unsafe,dynamic_exec_helper_10,unsafe,clean_heldout,clean,-1,23,24281, vulnerable,171.0689239501953,1.0000002514320006,81,0.020594736545130027,0.013503005202377127,0.009303753865953633,0.02059953801221335,0.02265077610801742,0.03573764310068737,0.00784844188436783,0.8697623567132539,8,6,3,4,10,10,5,35
deepseek-coder-6.7b,dynamic_exec_helper_10_unsafe,dynamic_exec_helper_10,unsafe,clean_heldout,clean,-1,23,5723, safe,58.27130126953125,1.0000012305266246,81,0.050835526146098785,0.014618254308279312,0.026685194500454715,0.04086107730009914,0.05674598922581574,0.09516707440979565,0.034170559559878085,0.6809175550762032,8,6,3,4,10,10,5,35
deepseek-coder-6.7b,dynamic_exec_helper_10_unsafe,dynamic_exec_helper_10,unsafe,clean_heldout,clean,-1,27,24281, vulnerable,171.0689239501953,1.0000002079333499,81,0.016606841145648435,0.01423425286423809,0.00803128408012034,0.028101789651325957,0.01729765458501755,0.025407277611863188,-0.001717116063939629,0.8920382240590758,8,6,3,4,10,10,5,35
deepseek-coder-6.7b,dynamic_exec_helper_10_unsafe,dynamic_exec_helper_10,unsafe,clean_heldout,clean,-1,27,5723, safe,58.27130126953125,1.0000011627607153,81,0.0364776179767964,0.01890168731365551,0.01992205881183246,0.08039668358938434,0.05720371342085208,0.072358254093556,0.015332035443814764,0.6994091121108237,8,6,3,4,10,10,5,35
deepseek-coder-6.7b,dynamic_exec_helper_10_safe,dynamic_exec_helper_10,safe,clean_heldout,clean,-1,0,24281, vulnerable,177.68429565429688,1.0000002970641724,81,0.039769001563593843,0.008831853704038281,0.008445126721027079,0.04268665321586147,0.00015526621168498924,0.05151502924169138,0.07124545283374402,0.7773519135725314,8,6,3,4,10,10,5,35
deepseek-coder-6.7b,dynamic_exec_helper_10_safe,dynamic_exec_helper_10,safe,clean_heldout,clean,-1,0,5723, safe,71.54753112792969,1.0000009803500873,81,0.07658831148246903,0.039642552764868555,0.009538702578824335,0.0954770731449055,-0.03230720628509989,0.04824240834886901,0.037227817181496176,0.7255913211337548,8,6,3,4,10,10,5,35
deepseek-coder-6.7b,dynamic_exec_helper_10_safe,dynamic_exec_helper_10,safe,clean_heldout,clean,-1,3,24281, vulnerable,177.68429565429688,0.9999998719410004,81,0.036378449914145086,0.016790798646594534,0.006604215117639603,0.04976294026613612,0.010150991764973399,0.05347127327922411,0.04996162258797293,0.7768795803643148,8,6,3,4,10,10,5,35
deepseek-coder-6.7b,dynamic_exec_helper_10_safe,dynamic_exec_helper_10,safe,clean_heldout,clean,-1,3,5723, safe,71.54753112792969,1.0000004195587011,81,0.06981162324165313,0.047942439393672,0.004470568428433384,0.11923410505287017,-0.01374248894745965,0.03744761314456613,0.028139686699712348,0.7066968725452535,8,6,3,4,10,10,5,35
deepseek-coder-6.7b,dynamic_exec_helper_10_safe,dynamic_exec_helper_10,safe,clean_heldout,clean,-1,7,24281, vulnerable,177.68429565429688,0.9999999301629785,81,0.06624828272462245,0.008800097315480556,0.004062090087083903,0.06628526904859353,0.029876094660740177,0.05200857810261593,0.06886559599919036,0.7038539222246517,8,6,3,4,10,10,5,35
deepseek-coder-6.7b,dynamic_exec_helper_10_safe,dynamic_exec_helper_10,safe,clean_heldout,clean,-1,7,5723, safe,71.54753112792969,1.0000004637118134,81,0.12613062536100586,0.049292698632089266,-0.01717418150526697,0.17703228678172184,0.05264160327135041,0.03506771999003266,0.06816092633776,0.5088487848431205,8,6,3,4,10,10,5,35
deepseek-coder-6.7b,dynamic_exec_helper_10_safe,dynamic_exec_helper_10,safe,clean_heldout,clean,-1,11,24281, vulnerable,177.68429565429688,1.000000021322201,81,0.067469600440571,0.008178708798990183,0.02825629658603583,0.08407890384292689,0.04100291663286199,0.05763689500010863,0.04941498073418352,0.6639617192865228,8,6,3,4,10,10,5,35
deepseek-coder-6.7b,dynamic_exec_helper_10_safe,dynamic_exec_helper_10,safe,clean_heldout,clean,-1,11,5723, safe,71.54753112792969,1.0000005758128165,81,0.1377652549869224,0.028030118929306957,0.010879343519930628,0.22398474966831516,0.10064136069415171,0.05107471366056906,0.04959155376254895,0.39803348059107163,8,6,3,4,10,10,5,35
deepseek-coder-6.7b,dynamic_exec_helper_10_safe,dynamic_exec_helper_10,safe,clean_heldout,clean,-1,15,24281, vulnerable,177.68429565429688,1.000000102176741,81,0.036555731413482916,0.011552056933667263,0.03613016728915204,0.06561264380769032,0.04153831797587864,0.04711661605126462,0.04295527067910747,0.7185392980264979,8,6,3,4,10,10,5,35
deepseek-coder-6.7b,dynamic_exec_helper_10_safe,dynamic_exec_helper_10,safe,clean_heldout,clean,-1,15,5723, safe,71.54753112792969,1.0000005942446581,81,0.08176095276931253,0.0181917332971009,0.019533016957567585,0.22676787112047095,0.05501503091071082,0.051931333189795176,0.05070195481131566,0.4960987011883845,8,6,3,4,10,10,5,35
deepseek-coder-6.7b,dynamic_exec_helper_10_safe,dynamic_exec_helper_10,safe,clean_heldout,clean,-1,19,24281, vulnerable,177.68429565429688,1.0000000952580328,81,0.02278014057431715,0.01294791009269181,0.032295841999458466,0.01045582300503649,0.025187038037348376,0.03843482455817092,0.018393191096383786,0.8395053258946257,8,6,3,4,10,10,5,35
deepseek-coder-6.7b,dynamic_exec_helper_10_safe,dynamic_exec_helper_10,safe,clean_heldout,clean,-1,19,5723, safe,71.54753112792969,1.0000005383763924,81,0.05998298394037009,0.011902043002325526,0.03454577115886451,0.05082814102174821,0.048059444828730175,0.06371061960592257,0.03071809245519082,0.7002534423632404,8,6,3,4,10,10,5,35
deepseek-coder-6.7b,dynamic_exec_helper_10_safe,dynamic_exec_helper_10,safe,clean_heldout,clean,-1,23,24281, vulnerable,177.68429565429688,1.0000000930042112,81,0.01647412618415813,0.0112775965584246,0.013333102506217841,0.011421345175555132,0.024218534270484263,0.037521818569908695,0.007052093375887247,0.8787014763635752,8,6,3,4,10,10,5,35
deepseek-coder-6.7b,dynamic_exec_helper_10_safe,dynamic_exec_helper_10,safe,clean_heldout,clean,-1,23,5723, safe,71.54753112792969,1.000000653549369,81,0.04362338434848347,0.019463225778362386,0.016748973705058862,0.04789821713598215,0.05555220912916014,0.0806159290679885,0.03235607784468272,0.7037426365396509,8,6,3,4,10,10,5,35
deepseek-coder-6.7b,dynamic_exec_helper_10_safe,dynamic_exec_helper_10,safe,clean_heldout,clean,-1,27,24281, vulnerable,177.68429565429688,1.0000000156719224,81,0.015603285697120897,0.01209888381048735,0.004846532051994518,0.024354556577443523,0.01752661483985164,0.026342319482183893,0.0031714061158726646,0.8960564170969679,8,6,3,4,10,10,5,35
deepseek-coder-6.7b,dynamic_exec_helper_10_safe,dynamic_exec_helper_10,safe,clean_heldout,clean,-1,27,5723, safe,71.54753112792969,1.0000004677209993,81,0.037723071811594795,0.01975043573373555,0.0037072777484949155,0.08889272236946887,0.05684763447168565,0.06916453553478463,0.018110520728276694,0.7058042693229583,8,6,3,4,10,10,5,35
deepseek-coder-6.7b,dynamic_exec_helper_13_unsafe,dynamic_exec_helper_13,unsafe,clean_heldout,clean,-1,0,24281, vulnerable,184.89601135253906,1.0000004494017989,80,0.05175569752104319,0.023530095588828452,0.0019717588648235237,0.046292321242297714,0.014294592022743276,0.0060982573318066995,0.06869406842526148,0.7873636584049942,8,6,3,3,10,10,5,35
deepseek-coder-6.7b,dynamic_exec_helper_13_unsafe,dynamic_exec_helper_13,unsafe,clean_heldout,clean,-1,0,5723, safe,61.300209045410156,1.0000005734223174,80,0.06545875856666052,0.008046657458373581,0.008136033978102093,0.0648447380918999,0.01557588412921073,-0.007397408057397243,0.02932410805541212,0.8160118012000557,8,6,3,3,10,10,5,35
deepseek-coder-6.7b,dynamic_exec_helper_13_unsafe,dynamic_exec_helper_13,unsafe,clean_heldout,clean,-1,3,24281, vulnerable,184.89601135253906,1.000000070296475,80,0.049168417482078376,0.02552187119863097,0.002239528655610769,0.05259738081031777,0.01722582195514467,0.010948355476243454,0.05077061119566621,0.7915280835227826,8,6,3,3,10,10,5,35
deepseek-coder-6.7b,dynamic_exec_helper_13_unsafe,dynamic_exec_helper_13,unsafe,clean_heldout,clean,-1,3,5723, safe,61.300209045410156,1.0000002065918627,80,0.06481693141666374,0.010208700401403727,0.004850551839116531,0.08908707182770229,0.016620639324473867,0.0072548962564373595,0.024141642490599573,0.7830197730354655,8,6,3,3,10,10,5,35
deepseek-coder-6.7b,dynamic_exec_helper_13_unsafe,dynamic_exec_helper_13,unsafe,clean_heldout,clean,-1,7,24281, vulnerable,184.89601135253906,1.0000001152064328,80,0.04773747557220662,0.03894170817064042,0.005141829684534855,0.07052686149482415,0.01741637379813297,0.022361440808093686,0.06948868253266288,0.7283857431453371,8,6,3,3,10,10,5,35
deepseek-coder-6.7b,dynamic_exec_helper_13_unsafe,dynamic_exec_helper_13,unsafe,clean_heldout,clean,-1,7,5723, safe,61.300209045410156,1.0000001671817074,80,0.1131704414052519,0.045431569789788497,-0.006275682610677804,0.14145857151773777,0.009228192692657268,0.03138871013390475,0.06730390115406334,0.5982944630989816,8,6,3,3,10,10,5,35
deepseek-coder-6.7b,dynamic_exec_helper_13_unsafe,dynamic_exec_helper_13,unsafe,clean_heldout,clean,-1,11,24281, vulnerable,184.89601135253906,1.0000001427286414,80,0.052479404587494206,0.020161607941317796,0.016451985382317662,0.09405470783822693,0.03384374328506472,0.027117125165220288,0.057063859344033276,0.6988277091849665,8,6,3,3,10,10,5,35
deepseek-coder-6.7b,dynamic_exec_helper_13_unsafe,dynamic_exec_helper_13,unsafe,clean_heldout,clean,-1,11,5723, safe,61.300209045410156,1.0000001625023212,80,0.10921432640727002,0.03190292253683877,0.025394486891363394,0.17163614857031484,0.04044842031058468,0.040443439620517954,0.05597373516380304,0.5249866830016285,8,6,3,3,10,10,5,35
deepseek-coder-6.7b,dynamic_exec_helper_13_unsafe,dynamic_exec_helper_13,unsafe,clean_heldout,clean,-1,15,24281, vulnerable,184.89601135253906,1.0000001816546342,80,0.032777621826656334,0.011240690530418379,0.01163031586578475,0.0944592905871707,0.03177507529947258,0.02865149573555511,0.05375161741933773,0.7357140743902386,8,6,3,3,10,10,5,35
deepseek-coder-6.7b,dynamic_exec_helper_13_unsafe,dynamic_exec_helper_13,unsafe,clean_heldout,clean,-1,15,5723, safe,61.300209045410156,0.9999999950167575,80,0.07069049984584133,0.015024976769630782,0.03823698431909628,0.19511359813122786,0.03970525720839198,0.003585231465457318,0.055643006599014826,0.5820004406780971,8,6,3,3,10,10,5,35
deepseek-coder-6.7b,dynamic_exec_helper_13_unsafe,dynamic_exec_helper_13,unsafe,clean_heldout,clean,-1,19,24281, vulnerable,184.89601135253906,1.000000146053066,80,0.021435356919377504,0.008789859878417055,0.004909282578248371,0.07606861586505748,0.027448047483792863,0.010842533673127755,0.02671327794024289,0.8237931717148022,8,6,3,3,10,10,5,35
deepseek-coder-6.7b,dynamic_exec_helper_13_unsafe,dynamic_exec_helper_13,unsafe,clean_heldout,clean,-1,19,5723, safe,61.300209045410156,1.0000000613181907,80,0.060015861412800985,0.0033470733749577323,0.017151383695037586,0.08791716574933778,0.06914609164128627,0.03527537441098755,0.031539663243734306,0.6956074477900486,8,6,3,3,10,10,5,35
deepseek-coder-6.7b,dynamic_exec_helper_13_unsafe,dynamic_exec_helper_13,unsafe,clean_heldout,clean,-1,23,24281, vulnerable,184.89601135253906,1.0000000910287974,80,0.01592682650881856,0.005225796517048496,0.003313704188087407,0.0605506942604795,0.029187714023652663,0.012420302776722129,0.010131330917065577,0.8632437218369231,8,6,3,3,10,10,5,35
deepseek-coder-6.7b,dynamic_exec_helper_13_unsafe,dynamic_exec_helper_13,unsafe,clean_heldout,clean,-1,23,5723, safe,61.300209045410156,1.0000001447571163,80,0.0445086642314256,0.0047485840026610686,0.021365032663311734,0.0788285171544422,0.08706437277155231,0.05150902272248493,0.03778745938652534,0.6741884918247132,8,6,3,3,10,10,5,35
deepseek-coder-6.7b,dynamic_exec_helper_13_unsafe,dynamic_exec_helper_13,unsafe,clean_heldout,clean,-1,27,24281, vulnerable,184.89601135253906,1.000000099581636,80,0.01656247805275142,0.005683687385952482,0.008558256425242081,0.04248099554038034,0.024591413676402506,0.014357419945624691,0.00570764415870004,0.8820582043965824,8,6,3,3,10,10,5,35
deepseek-coder-6.7b,dynamic_exec_helper_13_unsafe,dynamic_exec_helper_13,unsafe,clean_heldout,clean,-1,27,5723, safe,61.300209045410156,1.0000001457294563,80,0.039455849326498205,0.005234571563391091,0.02329239429979759,0.10093471889370795,0.06839337384016175,0.03600977806681945,0.024068529694205452,0.7026109300448748,8,6,3,3,10,10,5,35
deepseek-coder-6.7b,dynamic_exec_helper_13_safe,dynamic_exec_helper_13,safe,clean_heldout,clean,-1,0,24281, vulnerable,193.04135131835938,1.0000003426050474,80,0.0655333155353496,0.010754191172040338,-0.0008068796480181892,0.0418469463489528,0.02829120958729628,-0.005395224561965494,0.06643249852355412,0.7933442856478379,8,6,3,3,10,10,5,35
deepseek-coder-6.7b,dynamic_exec_helper_13_safe,dynamic_exec_helper_13,safe,clean_heldout,clean,-1,0,5723, safe,68.16002655029297,1.0000007982644699,80,0.07743820848632028,0.023896015284835655,0.00021107827656678723,0.06497897427954592,0.0010903008809814928,-0.014876729988724233,0.04053102460428408,0.80673192644066,8,6,3,3,10,10,5,35
deepseek-coder-6.7b,dynamic_exec_helper_13_safe,dynamic_exec_helper_13,safe,clean_heldout,clean,-1,3,24281, vulnerable,193.04135131835938,1.0000000032999388,80,0.06305537097374801,0.011926497279130002,0.0016164841577644515,0.04766138799309913,0.03262502713560885,-0.00274280171980477,0.04852181256352185,0.7973362249168712,8,6,3,3,10,10,5,35
deepseek-coder-6.7b,dynamic_exec_helper_13_safe,dynamic_exec_helper_13,safe,clean_heldout,clean,-1,3,5723, safe,68.16002655029297,1.0000005979263495,80,0.07469810613345827,0.028765245346718968,0.0018160389614423579,0.08235264907668523,-0.0013847624464803665,-0.005362315218327531,0.03420525065506319,0.7849103854177896,8,6,3,3,10,10,5,35
deepseek-coder-6.7b,dynamic_exec_helper_13_safe,dynamic_exec_helper_13,safe,clean_heldout,clean,-1,7,24281, vulnerable,193.04135131835938,1.0000000808195533,80,0.0640211062009353,0.022662131139312012,0.00648680972802302,0.07683321607792742,0.03381062157511589,-0.0010213085119609223,0.06925828913003457,0.7279492154801659,8,6,3,3,10,10,5,35
deepseek-coder-6.7b,dynamic_exec_helper_13_safe,dynamic_exec_helper_13,safe,clean_heldout,clean,-1,7,5723, safe,68.16002655029297,1.0000006731863664,80,0.09775944066503688,0.0689414736816633,-0.012032667454916799,0.14570824757823345,0.0017128017849499392,0.006924633588634199,0.07634487247325376,0.6146418708695117,8,6,3,3,10,10,5,35
deepseek-coder-6.7b,dynamic_exec_helper_13_safe,dynamic_exec_helper_13,safe,clean_heldout,clean,-1,11,24281, vulnerable,193.04135131835938,1.0000000841001941,80,0.06142054594923248,0.014906810896036158,0.01874242136446126,0.09616829517701067,0.05514288661115053,0.007808801984396407,0.054509367529340005,0.6913009545885669,8,6,3,3,10,10,5,35
deepseek-coder-6.7b,dynamic_exec_helper_13_safe,dynamic_exec_helper_13,safe,clean_heldout,clean,-1,11,5723, safe,68.16002655029297,1.0000007276774605,80,0.10682051828023373,0.048477657192742926,-0.013032722776330663,0.17468566397477645,0.03951522840714848,0.01686176944427281,0.062898201021987,0.5637744121326298,8,6,3,3,10,10,5,35
deepseek-coder-6.7b,dynamic_exec_helper_13_safe,dynamic_exec_helper_13,safe,clean_heldout,clean,-1,15,24281, vulnerable,193.04135131835938,1.0000001254555673,80,0.03648455409365984,0.011031456814071881,0.038670155110504506,0.09042518948660669,0.03766990013075779,0.01572577482337116,0.049871341323063076,0.7201217536735323,8,6,3,3,10,10,5,35
deepseek-coder-6.7b,dynamic_exec_helper_13_safe,dynamic_exec_helper_13,safe,clean_heldout,clean,-1,15,5723, safe,68.16002655029297,1.0000007981005046,80,0.0646693115570367,0.01821329532931819,0.02527426372271885,0.19472938998111794,0.03865163540075461,0.01958557999841453,0.05864125983950225,0.5802360622716415,8,6,3,3,10,10,5,35
deepseek-coder-6.7b,dynamic_exec_helper_13_safe,dynamic_exec_helper_13,safe,clean_heldout,clean,-1,19,24281, vulnerable,193.04135131835938,1.0000001688565163,80,0.02103176435138388,0.0082259875393546,0.03094532649451932,0.07148524181479572,0.024970208052360207,0.009658888653895852,0.02428276704461313,0.8093999849055937,8,6,3,3,10,10,5,35
deepseek-coder-6.7b,dynamic_exec_helper_13_safe,dynamic_exec_helper_13,safe,clean_heldout,clean,-1,19,5723, safe,68.16002655029297,1.000000911728373,80,0.054283533525109104,0.002933390653548305,0.030737244596994964,0.11056651877165005,0.06436985736117355,0.033921915547932696,0.03238704057604201,0.6708014106959224,8,6,3,3,10,10,5,35
deepseek-coder-6.7b,dynamic_exec_helper_13_safe,dynamic_exec_helper_13,safe,clean_heldout,clean,-1,23,24281, vulnerable,193.04135131835938,1.0000002313044807,80,0.014981695924285646,0.004123035290400886,0.010118654997827077,0.058892195845579906,0.02736032047854335,0.011983862295575038,0.010197265637659414,0.8623432008346094,8,6,3,3,10,10,5,35
deepseek-coder-6.7b,dynamic_exec_helper_13_safe,dynamic_exec_helper_13,safe,clean_heldout,clean,-1,23,5723, safe,68.16002655029297,1.0000008979279706,80,0.038894528114111315,0.004360608439639436,0.017287366642704492,0.10617389252374473,0.0811691788090795,0.046922985283863794,0.03161865187344322,0.6735736862413841,8,6,3,3,10,10,5,35
deepseek-coder-6.7b,dynamic_exec_helper_13_safe,dynamic_exec_helper_13,safe,clean_heldout,clean,-1,27,24281, vulnerable,193.04135131835938,1.0000001646978216,80,0.015692323430815704,0.004679475598696183,0.011515940316985211,0.03853061131340704,0.022986366180125565,0.01316956725408432,0.006686888161708942,0.8867389924419986,8,6,3,3,10,10,5,35
deepseek-coder-6.7b,dynamic_exec_helper_13_safe,dynamic_exec_helper_13,safe,clean_heldout,clean,-1,27,5723, safe,68.16002655029297,1.0000005555140234,80,0.03406871772570647,0.004766784509270953,0.014665468563053462,0.09987282921997083,0.06206815113725618,0.031172345654392145,0.0188933996598451,0.7344928590445284,8,6,3,3,10,10,5,35
deepseek-coder-6.7b,dynamic_exec_helper_19_unsafe,dynamic_exec_helper_19,unsafe,clean_heldout,clean,-1,0,24281, vulnerable,167.39346313476562,1.0000003585231203,80,0.06681005127435918,0.004094424898876664,-0.0017516699463035325,0.03663325540615442,0.01248637297016681,0.01035091855597838,0.07363155437983544,0.7977454509840527,8,6,3,3,10,10,5,35
deepseek-coder-6.7b,dynamic_exec_helper_19_unsafe,dynamic_exec_helper_19,unsafe,clean_heldout,clean,-1,0,5723, safe,51.58255386352539,1.0000009920856763,80,0.1148725512358715,-0.006092629024794453,0.008401670195684725,0.025291897850674646,0.003564451893649577,0.009165719161894152,0.04839143527451112,0.7964058954981852,8,6,3,3,10,10,5,35
deepseek-coder-6.7b,dynamic_exec_helper_19_unsafe,dynamic_exec_helper_19,unsafe,clean_heldout,clean,-1,3,24281, vulnerable,167.39346313476562,1.0000000584408264,80,0.06447438214958928,0.010214018538825243,0.0022355279868536844,0.04100152335766084,0.009948292106915078,0.012054691282229756,0.05477530669631764,0.8052963163224349,8,6,3,3,10,10,5,35
deepseek-coder-6.7b,dynamic_exec_helper_19_unsafe,dynamic_exec_helper_19,unsafe,clean_heldout,clean,-1,3,5723, safe,51.58255386352539,1.0000003005794995,80,0.10676078050661966,0.009750734542921243,0.012757073498506922,0.045375012100599785,0.007363181096795216,0.011998581569819589,0.04379283470194291,0.7622021025622944,8,6,3,3,10,10,5,35
deepseek-coder-6.7b,dynamic_exec_helper_19_unsafe,dynamic_exec_helper_19,unsafe,clean_heldout,clean,-1,7,24281, vulnerable,167.39346313476562,1.0000001470590179,80,0.07970285014847592,0.012107249035788501,0.010280153703151456,0.05646892095593028,0.008177485883359776,0.014412199205271134,0.07391339494606254,0.7449378931809781,8,6,3,3,10,10,5,35
deepseek-coder-6.7b,dynamic_exec_helper_19_unsafe,dynamic_exec_helper_19,unsafe,clean_heldout,clean,-1,7,5723, safe,51.58255386352539,1.000000209871222,80,0.16536862524411045,0.02322470531388087,-0.010307917648919836,0.07845994811477278,0.030516962720612703,0.00394469904338519,0.09999439191740575,0.6087987951659738,8,6,3,3,10,10,5,35
deepseek-coder-6.7b,dynamic_exec_helper_19_unsafe,dynamic_exec_helper_19,unsafe,clean_heldout,clean,-1,11,24281, vulnerable,167.39346313476562,1.0000002249059374,80,0.07124097526937054,0.008639061099983907,0.019975733211053153,0.06146574140465464,0.016462897017972412,0.029511601907515415,0.06230516852185784,0.7303990464735297,8,6,3,3,10,10,5,35
deepseek-coder-6.7b,dynamic_exec_helper_19_unsafe,dynamic_exec_helper_19,unsafe,clean_heldout,clean,-1,11,5723, safe,51.58255386352539,1.0000004528191884,80,0.1491814973814635,0.03400265159130375,-0.04097668067208635,0.07669566633796915,0.046299477211335156,0.055715349292363575,0.09166699995699618,0.5874154917198432,8,6,3,3,10,10,5,35
deepseek-coder-6.7b,dynamic_exec_helper_19_unsafe,dynamic_exec_helper_19,unsafe,clean_heldout,clean,-1,15,24281, vulnerable,167.39346313476562,1.0000002655875182,80,0.05143727680713983,0.006474159719798063,0.03746710745545609,0.04661730595479266,0.01991903955614401,0.022022961205395243,0.06065650375905923,0.7554059111297329,8,6,3,3,10,10,5,35
deepseek-coder-6.7b,dynamic_exec_helper_19_unsafe,dynamic_exec_helper_19,unsafe,clean_heldout,clean,-1,15,5723, safe,51.58255386352539,1.0000005074174827,80,0.12749657952373666,0.021993437075855028,0.011669408452427022,0.05113607882707861,0.05354451214874334,0.061867516312884195,0.09504006583465814,0.5772529092420996,8,6,3,3,10,10,5,35
deepseek-coder-6.7b,dynamic_exec_helper_19_unsafe,dynamic_exec_helper_19,unsafe,clean_heldout,clean,-1,19,24281, vulnerable,167.39346313476562,1.0000002273316992,80,0.024920491473744606,0.009219360747139686,0.045598519534861305,0.043673245282932094,0.014166764514324838,0.011135931611087502,0.025900601906079714,0.8253853122615293,8,6,3,3,10,10,5,35
deepseek-coder-6.7b,dynamic_exec_helper_19_unsafe,dynamic_exec_helper_19,unsafe,clean_heldout,clean,-1,19,5723, safe,51.58255386352539,1.000000481237745,80,0.08034631803338058,0.025641195494979056,0.0314573891660862,0.060748909344469554,0.0721555461719415,0.07699926029883988,0.04953243101021908,0.603119431717829,8,6,3,3,10,10,5,35
deepseek-coder-6.7b,dynamic_exec_helper_19_unsafe,dynamic_exec_helper_19,unsafe,clean_heldout,clean,-1,23,24281, vulnerable,167.39346313476562,1.0000001789972857,80,0.01837913277073809,0.008578869852857461,0.0018504790517655033,0.0421012999501586,0.020455735283703133,0.01255466888724217,0.009702497479675491,0.8863774957211451,8,6,3,3,10,10,5,35
deepseek-coder-6.7b,dynamic_exec_helper_19_unsafe,dynamic_exec_helper_19,unsafe,clean_heldout,clean,-1,23,5723, safe,51.58255386352539,1.0000005027954049,80,0.058758324136862085,0.027797970111213478,0.005217161116833039,0.08545554612179197,0.08925212114778469,0.08997166889299829,0.0423560005630985,0.601191710704823,8,6,3,3,10,10,5,35
deepseek-coder-6.7b,dynamic_exec_helper_19_unsafe,dynamic_exec_helper_19,unsafe,clean_heldout,clean,-1,27,24281, vulnerable,167.39346313476562,1.0000002730317132,80,0.017279413740006338,0.01023749069810763,-0.0033377723578589206,0.03518812708956265,0.01622674366941052,0.016392763530814067,0.0017516985213306205,0.9062618081403402,8,6,3,3,10,10,5,35
deepseek-coder-6.7b,dynamic_exec_helper_19_unsafe,dynamic_exec_helper_19,unsafe,clean_heldout,clean,-1,27,5723, safe,51.58255386352539,1.0000004118704675,80,0.03994184149807053,0.025452734315404082,-0.007122052856861938,0.10431812965383151,0.06116023960657391,0.054259711818669676,0.03078257533459961,0.6912072325001799,8,6,3,3,10,10,5,35
deepseek-coder-6.7b,dynamic_exec_helper_19_safe,dynamic_exec_helper_19,safe,clean_heldout,clean,-1,0,24281, vulnerable,178.607666015625,1.000000468311047,80,0.058725635384538934,0.004897038639530756,-5.569608076755762e-05,0.04542136392846058,0.026920676260877935,0.020767442784546584,0.07160502363921535,0.7717189837546443,8,6,3,3,10,10,5,35
deepseek-coder-6.7b,dynamic_exec_helper_19_safe,dynamic_exec_helper_19,safe,clean_heldout,clean,-1,0,5723, safe,84.00639343261719,1.0000004571115462,80,0.0822827897966513,0.05206530985846643,-0.005429613872580282,0.08478174498457708,-0.003355647302346402,0.015049447894288717,0.0524177579380306,0.7221886678144587,8,6,3,3,10,10,5,35
deepseek-coder-6.7b,dynamic_exec_helper_19_safe,dynamic_exec_helper_19,safe,clean_heldout,clean,-1,3,24281, vulnerable,178.607666015625,0.9999999751797022,80,0.053610257945843155,0.011321426881812872,0.001108875502812012,0.05292210221676939,0.03402717319425781,0.018358463231575632,0.0557758469473843,0.7728758292592471,8,6,3,3,10,10,5,35
deepseek-coder-6.7b,dynamic_exec_helper_19_safe,dynamic_exec_helper_19,safe,clean_heldout,clean,-1,3,5723, safe,84.00639343261719,0.9999999638142198,80,0.0691223040153456,0.06395765475298718,-0.009193174605439903,0.10846137184430481,0.019269076218071824,-0.000549422713065508,0.04613206868355099,0.7028000856184649,8,6,3,3,10,10,5,35
deepseek-coder-6.7b,dynamic_exec_helper_19_safe,dynamic_exec_helper_19,safe,clean_heldout,clean,-1,7,24281, vulnerable,178.607666015625,0.99999996879734,80,0.082359616449187,-0.0009300710370905088,0.007955220549958984,0.07954359373227288,0.04711418223865618,0.009346251904703812,0.06599530012118726,0.7086158748384643,8,6,3,3,10,10,5,35
deepseek-coder-6.7b,dynamic_exec_helper_19_safe,dynamic_exec_helper_19,safe,clean_heldout,clean,-1,7,5723, safe,84.00639343261719,0.9999998997352342,80,0.1508313734340242,0.05733312220799035,-0.015026780230264849,0.16681470813293317,0.05811377684547819,-0.010051869066213198,0.06270118264949343,0.5292843857617932,8,6,3,3,10,10,5,35
deepseek-coder-6.7b,dynamic_exec_helper_19_safe,dynamic_exec_helper_19,safe,clean_heldout,clean,-1,11,24281, vulnerable,178.607666015625,0.9999999953800874,80,0.07557431135549043,0.002040172422752518,0.01686080225071842,0.10065228737029733,0.06106759704662679,0.028898011021041163,0.05120490086318879,0.6637019130499721,8,6,3,3,10,10,5,35
deepseek-coder-6.7b,dynamic_exec_helper_19_safe,dynamic_exec_helper_19,safe,clean_heldout,clean,-1,11,5723, safe,84.00639343261719,1.0000000830144369,80,0.15581484807824503,0.04612499285579176,0.006477153893428738,0.20740794893798736,0.10836377365119619,0.03220691557257518,0.04240165425834034,0.40120279576687207,8,6,3,3,10,10,5,35
deepseek-coder-6.7b,dynamic_exec_helper_19_safe,dynamic_exec_helper_19,safe,clean_heldout,clean,-1,15,24281, vulnerable,178.607666015625,1.0000001099810338,80,0.04156789948516719,0.01068097541048444,0.02577975287301012,0.09314120306415113,0.054022002241043796,0.024650853146535243,0.04833827293801182,0.7018191508226299,8,6,3,3,10,10,5,35
deepseek-coder-6.7b,dynamic_exec_helper_19_safe,dynamic_exec_helper_19,safe,clean_heldout,clean,-1,15,5723, safe,84.00639343261719,1.0000002607283018,80,0.08581054964037407,0.026774845856239453,0.0038303091736895654,0.22889969696807325,0.08375971611611228,0.030842260048373944,0.04318915071334008,0.4968937322120994,8,6,3,3,10,10,5,35
deepseek-coder-6.7b,dynamic_exec_helper_19_safe,dynamic_exec_helper_19,safe,clean_heldout,clean,-1,19,24281, vulnerable,178.607666015625,1.0000000884353466,80,0.02348610310710042,0.010220173546445405,0.020801937450385437,0.07449700230738698,0.01936066172027816,0.0193029749264848,0.025366470470213662,0.8069647649070518,8,6,3,3,10,10,5,35
deepseek-coder-6.7b,dynamic_exec_helper_19_safe,dynamic_exec_helper_19,safe,clean_heldout,clean,-1,19,5723, safe,84.00639343261719,1.000000180574138,80,0.05436479609957137,0.01765180754095027,0.02813639632121793,0.14119603573454487,0.06115963018964255,0.0411688376330195,0.02694135809382188,0.62938131896137,8,6,3,3,10,10,5,35
deepseek-coder-6.7b,dynamic_exec_helper_19_safe,dynamic_exec_helper_19,safe,clean_heldout,clean,-1,23,24281, vulnerable,178.607666015625,1.0000000211624325,80,0.017831579285309124,0.008005749003015275,0.00503823403433503,0.054424488273171354,0.0246010271522279,0.018597611389251513,0.011773585536014873,0.8597277464891073,8,6,3,3,10,10,5,35
deepseek-coder-6.7b,dynamic_exec_helper_19_safe,dynamic_exec_helper_19,safe,clean_heldout,clean,-1,23,5723, safe,84.00639343261719,1.000000138468258,80,0.03570699497960899,0.020063983507541707,0.0222220160972968,0.09563966897736477,0.06366289975580758,0.05018553760328075,0.02769363048560534,0.6848254070617521,8,6,3,3,10,10,5,35
deepseek-coder-6.7b,dynamic_exec_helper_19_safe,dynamic_exec_helper_19,safe,clean_heldout,clean,-1,27,24281, vulnerable,178.607666015625,1.0000000230734911,80,0.01681963440796309,0.010449690302285871,0.007258953046995352,0.03320411981422068,0.017773763446824728,0.021420758011346706,0.008288154882947723,0.8847849491609069,8,6,3,3,10,10,5,35
deepseek-coder-6.7b,dynamic_exec_helper_19_safe,dynamic_exec_helper_19,safe,clean_heldout,clean,-1,27,5723, safe,84.00639343261719,1.0000000743449269,80,0.029195212624940844,0.01882954085024357,0.016848192006017955,0.0721464918331731,0.04473428153000131,0.03881390604070429,0.018387495182608377,0.7610449542772375,8,6,3,3,10,10,5,35
