model,item_id,family,pair_id,arm,layer,direction,edit,clean_logit_diff,ablated_logit_diff,delta_logit_diff,edit_norm_ratio
deepseek-coder-1.3b,binding-0-outer,binding,binding-0,outer,12,jlens,erase,2.5625,2.75,0.1875,0.0414584236746414
deepseek-coder-1.3b,binding-0-outer,binding,binding-0,outer,12,rlens,erase,2.5625,2.6875,0.125,0.02894525223274614
deepseek-coder-1.3b,binding-0-outer,binding,binding-0,outer,12,logit,erase,2.5625,2.3125,-0.25,0.045319691619131235
deepseek-coder-1.3b,binding-0-outer,binding,binding-0,outer,12,offtarget,erase,2.5625,2.40625,-0.15625,0.05344675128936528
deepseek-coder-1.3b,binding-0-outer,binding,binding-0,outer,12,random,erase,2.5625,2.625,0.0625,0.008705683717619128
deepseek-coder-1.3b,binding-0-outer,binding,binding-0,outer,16,jlens,erase,2.5625,2.984375,0.421875,0.05953321728552195
deepseek-coder-1.3b,binding-0-outer,binding,binding-0,outer,16,rlens,erase,2.5625,2.859375,0.296875,0.042785638512950856
deepseek-coder-1.3b,binding-0-outer,binding,binding-0,outer,16,logit,erase,2.5625,2.4375,-0.125,0.03243181528324557
deepseek-coder-1.3b,binding-0-outer,binding,binding-0,outer,16,offtarget,erase,2.5625,1.734375,-0.828125,0.08776627347976311
deepseek-coder-1.3b,binding-0-outer,binding,binding-0,outer,16,random,erase,2.5625,2.625,0.0625,0.005990626987820486
deepseek-coder-1.3b,binding-0-outer,binding,binding-0,outer,20,jlens,erase,2.5625,3.140625,0.578125,0.033613586809791464
deepseek-coder-1.3b,binding-0-outer,binding,binding-0,outer,20,rlens,erase,2.5625,3.1484375,0.5859375,0.03179571927539689
deepseek-coder-1.3b,binding-0-outer,binding,binding-0,outer,20,logit,erase,2.5625,2.8125,0.25,0.009684413342646825
deepseek-coder-1.3b,binding-0-outer,binding,binding-0,outer,20,offtarget,erase,2.5625,1.6875,-0.875,0.049998195383584035
deepseek-coder-1.3b,binding-0-outer,binding,binding-0,outer,20,random,erase,2.5625,2.5625,0.0,0.021162390507216067
deepseek-coder-1.3b,binding-0-inner,binding,binding-0,inner,12,jlens,erase,-1.75,-1.5,0.25,0.054838774980085304
deepseek-coder-1.3b,binding-0-inner,binding,binding-0,inner,12,rlens,erase,-1.75,-1.5,0.25,0.05772849854650228
deepseek-coder-1.3b,binding-0-inner,binding,binding-0,inner,12,logit,erase,-1.75,-2.0,-0.25,0.0033357600532615524
deepseek-coder-1.3b,binding-0-inner,binding,binding-0,inner,12,offtarget,erase,-1.75,-1.75,0.0,0.042754022149240914
deepseek-coder-1.3b,binding-0-inner,binding,binding-0,inner,12,random,erase,-1.75,-1.75,0.0,0.009854965607737704
deepseek-coder-1.3b,binding-0-inner,binding,binding-0,inner,16,jlens,erase,-1.75,-1.0,0.75,0.08934719375381135
deepseek-coder-1.3b,binding-0-inner,binding,binding-0,inner,16,rlens,erase,-1.75,-1.0,0.75,0.07740022309325001
deepseek-coder-1.3b,binding-0-inner,binding,binding-0,inner,16,logit,erase,-1.75,-1.75,0.0,0.020959112387031985
deepseek-coder-1.3b,binding-0-inner,binding,binding-0,inner,16,offtarget,erase,-1.75,-2.25,-0.5,0.06310585225244016
deepseek-coder-1.3b,binding-0-inner,binding,binding-0,inner,16,random,erase,-1.75,-1.75,0.0,0.014791048920425877
deepseek-coder-1.3b,binding-0-inner,binding,binding-0,inner,20,jlens,erase,-1.75,-0.625,1.125,0.06350348922203361
deepseek-coder-1.3b,binding-0-inner,binding,binding-0,inner,20,rlens,erase,-1.75,-0.375,1.375,0.0633682133840826
deepseek-coder-1.3b,binding-0-inner,binding,binding-0,inner,20,logit,erase,-1.75,-0.5,1.25,0.05821532823455046
deepseek-coder-1.3b,binding-0-inner,binding,binding-0,inner,20,offtarget,erase,-1.75,-2.75,-1.0,0.05729371776590757
deepseek-coder-1.3b,binding-0-inner,binding,binding-0,inner,20,random,erase,-1.75,-1.75,0.0,0.014977811196322934
deepseek-coder-1.3b,defuse-0,defuse,,,12,jlens,erase,3.8125,3.9375,0.125,0.049595035487785606
deepseek-coder-1.3b,defuse-0,defuse,,,12,rlens,erase,3.8125,3.9375,0.125,0.03382802343873993
deepseek-coder-1.3b,defuse-0,defuse,,,12,logit,erase,3.8125,3.75,-0.0625,0.026911101602398624
deepseek-coder-1.3b,defuse-0,defuse,,,12,offtarget,erase,3.8125,3.53125,-0.28125,0.06994052734271967
deepseek-coder-1.3b,defuse-0,defuse,,,12,random,erase,3.8125,3.875,0.0625,0.02218349629364417
deepseek-coder-1.3b,defuse-0,defuse,,,16,jlens,erase,3.8125,4.181640625,0.369140625,0.05750853546689582
deepseek-coder-1.3b,defuse-0,defuse,,,16,rlens,erase,3.8125,4.0859375,0.2734375,0.04443257690229132
deepseek-coder-1.3b,defuse-0,defuse,,,16,logit,erase,3.8125,3.6875,-0.125,0.02084306344317673
deepseek-coder-1.3b,defuse-0,defuse,,,16,offtarget,erase,3.8125,3.03125,-0.78125,0.08113811631230886
deepseek-coder-1.3b,defuse-0,defuse,,,16,random,erase,3.8125,3.8125,0.0,0.0033004199830250643
deepseek-coder-1.3b,defuse-0,defuse,,,20,jlens,erase,3.8125,4.5,0.6875,0.04516274142368737
deepseek-coder-1.3b,defuse-0,defuse,,,20,rlens,erase,3.8125,4.46875,0.65625,0.043318534394706544
deepseek-coder-1.3b,defuse-0,defuse,,,20,logit,erase,3.8125,3.96875,0.15625,0.009238149096077355
deepseek-coder-1.3b,defuse-0,defuse,,,20,offtarget,erase,3.8125,2.375,-1.4375,0.0754794046265391
deepseek-coder-1.3b,defuse-0,defuse,,,20,random,erase,3.8125,3.875,0.0625,0.011953462892430052
deepseek-coder-1.3b,alias-0,alias,,,12,jlens,erase,-2.5,-2.25,0.25,0.0560287768546436
deepseek-coder-1.3b,alias-0,alias,,,12,rlens,erase,-2.5,-2.25,0.25,0.0446193249226862
deepseek-coder-1.3b,alias-0,alias,,,12,logit,erase,-2.5,-2.5,0.0,0.01973017028401957
deepseek-coder-1.3b,alias-0,alias,,,12,offtarget,erase,-2.5,-2.75,-0.25,0.018794097079251313
deepseek-coder-1.3b,alias-0,alias,,,12,random,erase,-2.5,-2.5,0.0,0.018682703449299808
deepseek-coder-1.3b,alias-0,alias,,,16,jlens,erase,-2.5,-1.25,1.25,0.08466603329227342
deepseek-coder-1.3b,alias-0,alias,,,16,rlens,erase,-2.5,-1.25,1.25,0.06876886123751752
deepseek-coder-1.3b,alias-0,alias,,,16,logit,erase,-2.5,-2.25,0.25,0.008631952696255645
deepseek-coder-1.3b,alias-0,alias,,,16,offtarget,erase,-2.5,-3.875,-1.375,0.055413824801774175
deepseek-coder-1.3b,alias-0,alias,,,16,random,erase,-2.5,-2.25,0.25,0.020967234918076182
deepseek-coder-1.3b,alias-0,alias,,,20,jlens,erase,-2.5,-0.34375,2.15625,0.06787119786795273
deepseek-coder-1.3b,alias-0,alias,,,20,rlens,erase,-2.5,-0.1875,2.3125,0.06573574164995917
deepseek-coder-1.3b,alias-0,alias,,,20,logit,erase,-2.5,-0.375,2.125,0.055247816879410556
deepseek-coder-1.3b,alias-0,alias,,,20,offtarget,erase,-2.5,-3.375,-0.875,0.01979251899635304
deepseek-coder-1.3b,alias-0,alias,,,20,random,erase,-2.5,-2.5,0.0,0.029912344646368442
deepseek-coder-1.3b,call-0,call,,,12,jlens,erase,5.75,6.0,0.25,0.050566599694795274
deepseek-coder-1.3b,call-0,call,,,12,rlens,erase,5.75,5.75,0.0,0.03628926578430256
deepseek-coder-1.3b,call-0,call,,,12,logit,erase,5.75,5.0,-0.75,0.0520160070267529
deepseek-coder-1.3b,call-0,call,,,12,offtarget,erase,5.75,4.75,-1.0,0.05392792279439897
deepseek-coder-1.3b,call-0,call,,,12,random,erase,5.75,5.5,-0.25,0.002921031558908936
deepseek-coder-1.3b,call-0,call,,,16,jlens,erase,5.75,6.25,0.5,0.060057974822688286
deepseek-coder-1.3b,call-0,call,,,16,rlens,erase,5.75,6.0,0.25,0.042145162554731094
deepseek-coder-1.3b,call-0,call,,,16,logit,erase,5.75,5.0,-0.75,0.044368315652645006
deepseek-coder-1.3b,call-0,call,,,16,offtarget,erase,5.75,3.75,-2.0,0.07986350906708622
deepseek-coder-1.3b,call-0,call,,,16,random,erase,5.75,5.5,-0.25,0.005107308732721015
deepseek-coder-1.3b,call-0,call,,,20,jlens,erase,5.75,6.75,1.0,0.04112849832949321
deepseek-coder-1.3b,call-0,call,,,20,rlens,erase,5.75,6.5,0.75,0.03474364306999635
deepseek-coder-1.3b,call-0,call,,,20,logit,erase,5.75,6.0,0.25,0.015835882041657614
deepseek-coder-1.3b,call-0,call,,,20,offtarget,erase,5.75,3.25,-2.5,0.05732676581961682
deepseek-coder-1.3b,call-0,call,,,20,random,erase,5.75,5.5,-0.25,0.02018208437717598
deepseek-coder-1.3b,arith-0,arith,,,12,jlens,erase,-2.0,-2.0,0.0,0.06830101329338618
deepseek-coder-1.3b,arith-0,arith,,,12,rlens,erase,-2.0,-2.0,0.0,0.0546130301472936
deepseek-coder-1.3b,arith-0,arith,,,12,logit,erase,-2.0,-2.25,-0.25,0.018210432287535785
deepseek-coder-1.3b,arith-0,arith,,,12,offtarget,erase,-2.0,-2.25,-0.25,0.04344235296807572
deepseek-coder-1.3b,arith-0,arith,,,12,random,erase,-2.0,-2.25,-0.25,0.04132025434362563
deepseek-coder-1.3b,arith-0,arith,,,16,jlens,erase,-2.0,-1.75,0.25,0.08544887048620535
deepseek-coder-1.3b,arith-0,arith,,,16,rlens,erase,-2.0,-1.5,0.5,0.07100471850643061
deepseek-coder-1.3b,arith-0,arith,,,16,logit,erase,-2.0,-2.0,0.0,0.024982727253747446
deepseek-coder-1.3b,arith-0,arith,,,16,offtarget,erase,-2.0,-2.25,-0.25,0.07376207129885387
deepseek-coder-1.3b,arith-0,arith,,,16,random,erase,-2.0,-2.0,0.0,0.031410121372096145
deepseek-coder-1.3b,arith-0,arith,,,20,jlens,erase,-2.0,-0.75,1.25,0.10559176503430648
deepseek-coder-1.3b,arith-0,arith,,,20,rlens,erase,-2.0,-0.5,1.5,0.10519247360252873
deepseek-coder-1.3b,arith-0,arith,,,20,logit,erase,-2.0,-0.75,1.25,0.09338287944917278
deepseek-coder-1.3b,arith-0,arith,,,20,offtarget,erase,-2.0,-2.75,-0.75,0.09344429684927404
deepseek-coder-1.3b,arith-0,arith,,,20,random,erase,-2.0,-2.25,-0.25,0.03632253763398335
deepseek-coder-1.3b,binding-0-outer-answer,binding,binding-0,outer,12,jlens,erase,4.75,4.625,-0.125,0.015698539430900816
deepseek-coder-1.3b,binding-0-outer-answer,binding,binding-0,outer,12,rlens,erase,4.75,4.625,-0.125,0.029139366399797157
deepseek-coder-1.3b,binding-0-outer-answer,binding,binding-0,outer,12,logit,erase,4.75,4.5,-0.25,0.08237661857666637
deepseek-coder-1.3b,binding-0-outer-answer,binding,binding-0,outer,12,offtarget,erase,4.75,4.75,0.0,0.020225624747947465
deepseek-coder-1.3b,binding-0-outer-answer,binding,binding-0,outer,12,random,erase,4.75,4.625,-0.125,0.004333285024268725
deepseek-coder-1.3b,binding-0-outer-answer,binding,binding-0,outer,16,jlens,erase,4.75,4.625,-0.125,0.027341303609784675
deepseek-coder-1.3b,binding-0-outer-answer,binding,binding-0,outer,16,rlens,erase,4.75,4.625,-0.125,0.04646365973319369
deepseek-coder-1.3b,binding-0-outer-answer,binding,binding-0,outer,16,logit,erase,4.75,4.5,-0.25,0.09823540375978557
deepseek-coder-1.3b,binding-0-outer-answer,binding,binding-0,outer,16,offtarget,erase,4.75,4.625,-0.125,0.01461553812818419
deepseek-coder-1.3b,binding-0-outer-answer,binding,binding-0,outer,16,random,erase,4.75,4.625,-0.125,0.0042469112243267715
deepseek-coder-1.3b,binding-0-outer-answer,binding,binding-0,outer,20,jlens,erase,4.75,4.25,-0.5,0.1825602320504694
deepseek-coder-1.3b,binding-0-outer-answer,binding,binding-0,outer,20,rlens,erase,4.75,4.0,-0.75,0.1982910690893761
deepseek-coder-1.3b,binding-0-outer-answer,binding,binding-0,outer,20,logit,erase,4.75,3.75,-1.0,0.22410508435450321
deepseek-coder-1.3b,binding-0-outer-answer,binding,binding-0,outer,20,offtarget,erase,4.75,5.625,0.875,0.06346004333472621
deepseek-coder-1.3b,binding-0-outer-answer,binding,binding-0,outer,20,random,erase,4.75,4.75,0.0,0.0036688628819779023
deepseek-coder-1.3b,binding-0-inner-answer,binding,binding-0,inner,12,jlens,erase,-0.375,-0.375,0.0,0.008155652008103339
deepseek-coder-1.3b,binding-0-inner-answer,binding,binding-0,inner,12,rlens,erase,-0.375,-0.375,0.0,0.0036023185791383837
deepseek-coder-1.3b,binding-0-inner-answer,binding,binding-0,inner,12,logit,erase,-0.375,-0.5,-0.125,0.04928985137346995
deepseek-coder-1.3b,binding-0-inner-answer,binding,binding-0,inner,12,offtarget,erase,-0.375,-0.375,0.0,0.02222805859287905
deepseek-coder-1.3b,binding-0-inner-answer,binding,binding-0,inner,12,random,erase,-0.375,-0.375,0.0,0.01712851202430235
deepseek-coder-1.3b,binding-0-inner-answer,binding,binding-0,inner,16,jlens,erase,-0.375,-0.5,-0.125,0.03440487002747436
deepseek-coder-1.3b,binding-0-inner-answer,binding,binding-0,inner,16,rlens,erase,-0.375,-0.375,0.0,0.042878900973602606
deepseek-coder-1.3b,binding-0-inner-answer,binding,binding-0,inner,16,logit,erase,-0.375,-0.5,-0.125,0.08283659881975486
deepseek-coder-1.3b,binding-0-inner-answer,binding,binding-0,inner,16,offtarget,erase,-0.375,-0.375,0.0,0.045114171086159977
deepseek-coder-1.3b,binding-0-inner-answer,binding,binding-0,inner,16,random,erase,-0.375,-0.375,0.0,0.019647659036777173
deepseek-coder-1.3b,binding-0-inner-answer,binding,binding-0,inner,20,jlens,erase,-0.375,-1.375,-1.0,0.19452714148285288
deepseek-coder-1.3b,binding-0-inner-answer,binding,binding-0,inner,20,rlens,erase,-0.375,-1.5,-1.125,0.2022689372700743
deepseek-coder-1.3b,binding-0-inner-answer,binding,binding-0,inner,20,logit,erase,-0.375,-1.875,-1.5,0.21799736937473074
deepseek-coder-1.3b,binding-0-inner-answer,binding,binding-0,inner,20,offtarget,erase,-0.375,0.25,0.625,0.19483841903526244
deepseek-coder-1.3b,binding-0-inner-answer,binding,binding-0,inner,20,random,erase,-0.375,-0.375,0.0,0.015134618510832464
deepseek-coder-1.3b,defuse-0-answer,defuse,,,12,jlens,erase,1.25,1.5,0.25,0.04172156983276736
deepseek-coder-1.3b,defuse-0-answer,defuse,,,12,rlens,erase,1.25,1.5,0.25,0.05873045865480443
deepseek-coder-1.3b,defuse-0-answer,defuse,,,12,logit,erase,1.25,1.625,0.375,0.10936642467343292
deepseek-coder-1.3b,defuse-0-answer,defuse,,,12,offtarget,erase,1.25,1.5,0.25,0.0035274243415347206
deepseek-coder-1.3b,defuse-0-answer,defuse,,,12,random,erase,1.25,1.5,0.25,0.01433953504500318
deepseek-coder-1.3b,defuse-0-answer,defuse,,,16,jlens,erase,1.25,1.5,0.25,0.04131101610431625
deepseek-coder-1.3b,defuse-0-answer,defuse,,,16,rlens,erase,1.25,1.375,0.125,0.05908427845679745
deepseek-coder-1.3b,defuse-0-answer,defuse,,,16,logit,erase,1.25,1.375,0.125,0.11292487968855426
deepseek-coder-1.3b,defuse-0-answer,defuse,,,16,offtarget,erase,1.25,1.875,0.625,0.04255832489204908
deepseek-coder-1.3b,defuse-0-answer,defuse,,,16,random,erase,1.25,1.5,0.25,0.0001928855046039974
deepseek-coder-1.3b,defuse-0-answer,defuse,,,20,jlens,erase,1.25,0.625,-0.625,0.12359697686063628
deepseek-coder-1.3b,defuse-0-answer,defuse,,,20,rlens,erase,1.25,0.5,-0.75,0.13132859395974744
deepseek-coder-1.3b,defuse-0-answer,defuse,,,20,logit,erase,1.25,0.125,-1.125,0.15293108415639692
deepseek-coder-1.3b,defuse-0-answer,defuse,,,20,offtarget,erase,1.25,2.53125,1.28125,0.11513797498496733
deepseek-coder-1.3b,defuse-0-answer,defuse,,,20,random,erase,1.25,1.25,0.0,0.0005989325787434802
deepseek-coder-1.3b,alias-0-answer,alias,,,12,jlens,erase,9.21875,9.1875,-0.03125,0.014402299022610913
deepseek-coder-1.3b,alias-0-answer,alias,,,12,rlens,erase,9.21875,9.28125,0.0625,0.025554301456064042
deepseek-coder-1.3b,alias-0-answer,alias,,,12,logit,erase,9.21875,9.25,0.03125,0.09756777442657459
deepseek-coder-1.3b,alias-0-answer,alias,,,12,offtarget,erase,9.21875,9.34375,0.125,0.01127543182404308
deepseek-coder-1.3b,alias-0-answer,alias,,,12,random,erase,9.21875,9.28125,0.0625,0.02621926218923406
deepseek-coder-1.3b,alias-0-answer,alias,,,16,jlens,erase,9.21875,9.1875,-0.03125,0.05054592154633575
deepseek-coder-1.3b,alias-0-answer,alias,,,16,rlens,erase,9.21875,9.125,-0.09375,0.06878411683736861
deepseek-coder-1.3b,alias-0-answer,alias,,,16,logit,erase,9.21875,9.0,-0.21875,0.13138015687722557
deepseek-coder-1.3b,alias-0-answer,alias,,,16,offtarget,erase,9.21875,9.21875,0.0,0.0046773736169313995
deepseek-coder-1.3b,alias-0-answer,alias,,,16,random,erase,9.21875,9.28125,0.0625,0.03108294350160523
deepseek-coder-1.3b,alias-0-answer,alias,,,20,jlens,erase,9.21875,8.5,-0.71875,0.21852986149426973
deepseek-coder-1.3b,alias-0-answer,alias,,,20,rlens,erase,9.21875,7.75,-1.46875,0.23871387980414263
deepseek-coder-1.3b,alias-0-answer,alias,,,20,logit,erase,9.21875,7.0,-2.21875,0.2653460022229863
deepseek-coder-1.3b,alias-0-answer,alias,,,20,offtarget,erase,9.21875,9.375,0.15625,0.011568088146249754
deepseek-coder-1.3b,alias-0-answer,alias,,,20,random,erase,9.21875,9.1875,-0.03125,0.0337193850715185
deepseek-coder-1.3b,call-0-answer,call,,,12,jlens,erase,10.8125,10.5,-0.3125,0.03727481665550461
deepseek-coder-1.3b,call-0-answer,call,,,12,rlens,erase,10.8125,10.375,-0.4375,0.05759513301818205
deepseek-coder-1.3b,call-0-answer,call,,,12,logit,erase,10.8125,10.0,-0.8125,0.12370393108467446
deepseek-coder-1.3b,call-0-answer,call,,,12,offtarget,erase,10.8125,10.6875,-0.125,0.002258607488496614
deepseek-coder-1.3b,call-0-answer,call,,,12,random,erase,10.8125,10.6875,-0.125,0.004994864568137878
deepseek-coder-1.3b,call-0-answer,call,,,16,jlens,erase,10.8125,10.625,-0.1875,0.04770906807148932
deepseek-coder-1.3b,call-0-answer,call,,,16,rlens,erase,10.8125,10.625,-0.1875,0.06788065232702012
deepseek-coder-1.3b,call-0-answer,call,,,16,logit,erase,10.8125,10.25,-0.5625,0.1321205760182126
deepseek-coder-1.3b,call-0-answer,call,,,16,offtarget,erase,10.8125,10.25,-0.5625,0.030444340635005188
deepseek-coder-1.3b,call-0-answer,call,,,16,random,erase,10.8125,10.75,-0.0625,0.014836400555727724
deepseek-coder-1.3b,call-0-answer,call,,,20,jlens,erase,10.8125,9.75,-1.0625,0.1682582982864755
deepseek-coder-1.3b,call-0-answer,call,,,20,rlens,erase,10.8125,9.0,-1.8125,0.18368132259990014
deepseek-coder-1.3b,call-0-answer,call,,,20,logit,erase,10.8125,8.25,-2.5625,0.20890044374303993
deepseek-coder-1.3b,call-0-answer,call,,,20,offtarget,erase,10.8125,10.0,-0.8125,0.02388357747192279
deepseek-coder-1.3b,call-0-answer,call,,,20,random,erase,10.8125,10.6875,-0.125,0.006986111222107627
deepseek-coder-1.3b,arith-0-answer,arith,,,12,jlens,erase,4.171875,4.1640625,-0.0078125,0.004532492097692964
deepseek-coder-1.3b,arith-0-answer,arith,,,12,rlens,erase,4.171875,4.16796875,-0.00390625,0.004497586520407261
deepseek-coder-1.3b,arith-0-answer,arith,,,12,logit,erase,4.171875,4.125,-0.046875,0.05970033595583577
deepseek-coder-1.3b,arith-0-answer,arith,,,12,offtarget,erase,4.171875,4.16015625,-0.01171875,0.04203099222611315
deepseek-coder-1.3b,arith-0-answer,arith,,,12,random,erase,4.171875,4.1328125,-0.0390625,0.01757106533015229
deepseek-coder-1.3b,arith-0-answer,arith,,,16,jlens,erase,4.171875,4.1875,0.015625,0.06305060561543908
deepseek-coder-1.3b,arith-0-answer,arith,,,16,rlens,erase,4.171875,4.1875,0.015625,0.07950840096130597
deepseek-coder-1.3b,arith-0-answer,arith,,,16,logit,erase,4.171875,3.6875,-0.484375,0.16731928197486043
deepseek-coder-1.3b,arith-0-answer,arith,,,16,offtarget,erase,4.171875,4.15625,-0.015625,0.04407009242812371
deepseek-coder-1.3b,arith-0-answer,arith,,,16,random,erase,4.171875,4.1640625,-0.0078125,0.017681605739279342
deepseek-coder-1.3b,arith-0-answer,arith,,,20,jlens,erase,4.171875,4.5,0.328125,0.27217605043747695
deepseek-coder-1.3b,arith-0-answer,arith,,,20,rlens,erase,4.171875,4.25,0.078125,0.29284510157527
deepseek-coder-1.3b,arith-0-answer,arith,,,20,logit,erase,4.171875,4.0,-0.171875,0.32257102195402926
deepseek-coder-1.3b,arith-0-answer,arith,,,20,offtarget,erase,4.171875,4.375,0.203125,0.055679411513727524
deepseek-coder-1.3b,arith-0-answer,arith,,,20,random,erase,4.171875,4.1328125,-0.0390625,0.029291515847963714
deepseek-coder-1.3b,binding-1-outer,binding,binding-1,outer,12,jlens,erase,0.0625,0.125,0.0625,0.04960637841162475
deepseek-coder-1.3b,binding-1-outer,binding,binding-1,outer,12,rlens,erase,0.0625,0.1875,0.125,0.04695626070171424
deepseek-coder-1.3b,binding-1-outer,binding,binding-1,outer,12,logit,erase,0.0625,0.0,-0.0625,0.023650478805884955
deepseek-coder-1.3b,binding-1-outer,binding,binding-1,outer,12,offtarget,erase,0.0625,0.0,-0.0625,0.04788328611760773
deepseek-coder-1.3b,binding-1-outer,binding,binding-1,outer,12,random,erase,0.0625,0.0625,0.0,0.021793406912716952
deepseek-coder-1.3b,binding-1-outer,binding,binding-1,outer,16,jlens,erase,0.0625,0.453125,0.390625,0.07072349385282799
deepseek-coder-1.3b,binding-1-outer,binding,binding-1,outer,16,rlens,erase,0.0625,0.40625,0.34375,0.0566771318284133
deepseek-coder-1.3b,binding-1-outer,binding,binding-1,outer,16,logit,erase,0.0625,0.0,-0.0625,0.007454330760319658
deepseek-coder-1.3b,binding-1-outer,binding,binding-1,outer,16,offtarget,erase,0.0625,-0.3984375,-0.4609375,0.0789614415199476
deepseek-coder-1.3b,binding-1-outer,binding,binding-1,outer,16,random,erase,0.0625,0.0625,0.0,0.014902188948389855
deepseek-coder-1.3b,binding-1-outer,binding,binding-1,outer,20,jlens,erase,0.0625,0.609375,0.546875,0.04320357774677643
deepseek-coder-1.3b,binding-1-outer,binding,binding-1,outer,20,rlens,erase,0.0625,0.65625,0.59375,0.04283598266704736
deepseek-coder-1.3b,binding-1-outer,binding,binding-1,outer,20,logit,erase,0.0625,0.5625,0.5,0.03269996016388045
deepseek-coder-1.3b,binding-1-outer,binding,binding-1,outer,20,offtarget,erase,0.0625,-0.546875,-0.609375,0.0436296160690115
deepseek-coder-1.3b,binding-1-outer,binding,binding-1,outer,20,random,erase,0.0625,0.0625,0.0,0.016443474470786215
deepseek-coder-1.3b,binding-1-inner,binding,binding-1,inner,12,jlens,erase,-0.25,0.0,0.25,0.053727100362565595
deepseek-coder-1.3b,binding-1-inner,binding,binding-1,inner,12,rlens,erase,-0.25,0.0,0.25,0.05491070914426845
deepseek-coder-1.3b,binding-1-inner,binding,binding-1,inner,12,logit,erase,-0.25,0.0,0.25,0.0059117815342529575
deepseek-coder-1.3b,binding-1-inner,binding,binding-1,inner,12,offtarget,erase,-0.25,0.0,0.25,0.03519336294732252
deepseek-coder-1.3b,binding-1-inner,binding,binding-1,inner,12,random,erase,-0.25,-0.25,0.0,0.0009980670051090606
deepseek-coder-1.3b,binding-1-inner,binding,binding-1,inner,16,jlens,erase,-0.25,0.375,0.625,0.0876868787083031
deepseek-coder-1.3b,binding-1-inner,binding,binding-1,inner,16,rlens,erase,-0.25,0.5,0.75,0.0764767729258856
deepseek-coder-1.3b,binding-1-inner,binding,binding-1,inner,16,logit,erase,-0.25,0.0,0.25,0.018897140288269866
deepseek-coder-1.3b,binding-1-inner,binding,binding-1,inner,16,offtarget,erase,-0.25,-0.25,0.0,0.0676579084001217
deepseek-coder-1.3b,binding-1-inner,binding,binding-1,inner,16,random,erase,-0.25,-0.25,0.0,0.01866497833419613
deepseek-coder-1.3b,binding-1-inner,binding,binding-1,inner,20,jlens,erase,-0.25,0.75,1.0,0.06268768575574782
deepseek-coder-1.3b,binding-1-inner,binding,binding-1,inner,20,rlens,erase,-0.25,0.875,1.125,0.06440259700905288
deepseek-coder-1.3b,binding-1-inner,binding,binding-1,inner,20,logit,erase,-0.25,1.0,1.25,0.05889794983855273
deepseek-coder-1.3b,binding-1-inner,binding,binding-1,inner,20,offtarget,erase,-0.25,-0.75,-0.5,0.06296622618394263
deepseek-coder-1.3b,binding-1-inner,binding,binding-1,inner,20,random,erase,-0.25,0.0,0.25,0.011885819317828174
deepseek-coder-1.3b,defuse-1,defuse,,,12,jlens,erase,1.25,1.5,0.25,0.056024529602267566
deepseek-coder-1.3b,defuse-1,defuse,,,12,rlens,erase,1.25,1.4375,0.1875,0.0385213825626693
deepseek-coder-1.3b,defuse-1,defuse,,,12,logit,erase,1.25,1.125,-0.125,0.03371209950534296
deepseek-coder-1.3b,defuse-1,defuse,,,12,offtarget,erase,1.25,1.125,-0.125,0.0666861942335178
deepseek-coder-1.3b,defuse-1,defuse,,,12,random,erase,1.25,1.25,0.0,0.014836736367512763
deepseek-coder-1.3b,defuse-1,defuse,,,16,jlens,erase,1.25,1.75,0.5,0.06900816596883382
deepseek-coder-1.3b,defuse-1,defuse,,,16,rlens,erase,1.25,1.70703125,0.45703125,0.056146971893686615
deepseek-coder-1.3b,defuse-1,defuse,,,16,logit,erase,1.25,1.1875,-0.0625,0.01633655326484042
deepseek-coder-1.3b,defuse-1,defuse,,,16,offtarget,erase,1.25,0.78125,-0.46875,0.08522651426463243
deepseek-coder-1.3b,defuse-1,defuse,,,16,random,erase,1.25,1.3125,0.0625,0.0424631325434232
deepseek-coder-1.3b,defuse-1,defuse,,,20,jlens,erase,1.25,1.875,0.625,0.04313435993559588
deepseek-coder-1.3b,defuse-1,defuse,,,20,rlens,erase,1.25,1.875,0.625,0.03978741761559278
deepseek-coder-1.3b,defuse-1,defuse,,,20,logit,erase,1.25,1.59375,0.34375,0.019217299093070045
deepseek-coder-1.3b,defuse-1,defuse,,,20,offtarget,erase,1.25,0.4375,-0.8125,0.056403181477442624
deepseek-coder-1.3b,defuse-1,defuse,,,20,random,erase,1.25,1.3125,0.0625,0.031674841960154805
deepseek-coder-1.3b,alias-1,alias,,,12,jlens,erase,-1.75,-1.5,0.25,0.06385551944389387
deepseek-coder-1.3b,alias-1,alias,,,12,rlens,erase,-1.75,-1.25,0.5,0.04407986321859789
deepseek-coder-1.3b,alias-1,alias,,,12,logit,erase,-1.75,-2.0,-0.25,0.022254177033438058
deepseek-coder-1.3b,alias-1,alias,,,12,offtarget,erase,-1.75,-2.25,-0.5,0.04376083978084424
deepseek-coder-1.3b,alias-1,alias,,,12,random,erase,-1.75,-1.75,0.0,0.004858323104819188
deepseek-coder-1.3b,alias-1,alias,,,16,jlens,erase,-1.75,-0.25,1.5,0.0895363133861098
deepseek-coder-1.3b,alias-1,alias,,,16,rlens,erase,-1.75,-0.5,1.25,0.06736097843700813
deepseek-coder-1.3b,alias-1,alias,,,16,logit,erase,-1.75,-1.5,0.25,0.006070728408034307
deepseek-coder-1.3b,alias-1,alias,,,16,offtarget,erase,-1.75,-2.75,-1.0,0.054990357748701986
deepseek-coder-1.3b,alias-1,alias,,,16,random,erase,-1.75,-1.75,0.0,0.012785866884132083
deepseek-coder-1.3b,alias-1,alias,,,20,jlens,erase,-1.75,0.0,1.75,0.05900142374378142
deepseek-coder-1.3b,alias-1,alias,,,20,rlens,erase,-1.75,0.25,2.0,0.05567379711420678
deepseek-coder-1.3b,alias-1,alias,,,20,logit,erase,-1.75,0.0,1.75,0.04183905282927864
deepseek-coder-1.3b,alias-1,alias,,,20,offtarget,erase,-1.75,-2.5,-0.75,0.023187832864586845
deepseek-coder-1.3b,alias-1,alias,,,20,random,erase,-1.75,-1.75,0.0,0.010818623925135043
deepseek-coder-1.3b,call-1,call,,,12,jlens,erase,2.0,2.5,0.5,0.050512436237337074
deepseek-coder-1.3b,call-1,call,,,12,rlens,erase,2.0,2.75,0.75,0.040597574337231955
deepseek-coder-1.3b,call-1,call,,,12,logit,erase,2.0,1.75,-0.25,0.0466202060602065
deepseek-coder-1.3b,call-1,call,,,12,offtarget,erase,2.0,1.75,-0.25,0.0327285200469446
deepseek-coder-1.3b,call-1,call,,,12,random,erase,2.0,2.25,0.25,0.01983548101469818
deepseek-coder-1.3b,call-1,call,,,16,jlens,erase,2.0,3.25,1.25,0.06423519807341549
deepseek-coder-1.3b,call-1,call,,,16,rlens,erase,2.0,2.75,0.75,0.04471562576039704
deepseek-coder-1.3b,call-1,call,,,16,logit,erase,2.0,1.75,-0.25,0.03392586693560608
deepseek-coder-1.3b,call-1,call,,,16,offtarget,erase,2.0,1.25,-0.75,0.05059423900835711
deepseek-coder-1.3b,call-1,call,,,16,random,erase,2.0,2.25,0.25,0.01551100696808721
deepseek-coder-1.3b,call-1,call,,,20,jlens,erase,2.0,4.0,2.0,0.05825865446087361
deepseek-coder-1.3b,call-1,call,,,20,rlens,erase,2.0,3.875,1.875,0.05273437763317063
deepseek-coder-1.3b,call-1,call,,,20,logit,erase,2.0,3.5,1.5,0.03954848990880259
deepseek-coder-1.3b,call-1,call,,,20,offtarget,erase,2.0,0.5,-1.5,0.05196322798418815
deepseek-coder-1.3b,call-1,call,,,20,random,erase,2.0,2.25,0.25,0.022805386675616206
deepseek-coder-1.3b,arith-1,arith,,,12,jlens,erase,-2.75,-2.75,0.0,0.06290600680561141
deepseek-coder-1.3b,arith-1,arith,,,12,rlens,erase,-2.75,-2.5,0.25,0.0468693263372294
deepseek-coder-1.3b,arith-1,arith,,,12,logit,erase,-2.75,-3.0,-0.25,0.0085488581971616
deepseek-coder-1.3b,arith-1,arith,,,12,offtarget,erase,-2.75,-3.0,-0.25,0.04625542275162664
deepseek-coder-1.3b,arith-1,arith,,,12,random,erase,-2.75,-3.0,-0.25,0.00549552222623578
deepseek-coder-1.3b,arith-1,arith,,,16,jlens,erase,-2.75,-2.25,0.5,0.07411976570138697
deepseek-coder-1.3b,arith-1,arith,,,16,rlens,erase,-2.75,-2.25,0.5,0.05879441634577856
deepseek-coder-1.3b,arith-1,arith,,,16,logit,erase,-2.75,-2.75,0.0,0.003664005885631053
deepseek-coder-1.3b,arith-1,arith,,,16,offtarget,erase,-2.75,-3.0,-0.25,0.08007290396694149
deepseek-coder-1.3b,arith-1,arith,,,16,random,erase,-2.75,-3.0,-0.25,0.007425433752197933
deepseek-coder-1.3b,arith-1,arith,,,20,jlens,erase,-2.75,-1.25,1.5,0.09081382913492031
deepseek-coder-1.3b,arith-1,arith,,,20,rlens,erase,-2.75,-1.25,1.5,0.08790449618905578
deepseek-coder-1.3b,arith-1,arith,,,20,logit,erase,-2.75,-1.5,1.25,0.07023289106116297
deepseek-coder-1.3b,arith-1,arith,,,20,offtarget,erase,-2.75,-3.25,-0.5,0.0860320092963028
deepseek-coder-1.3b,arith-1,arith,,,20,random,erase,-2.75,-2.75,0.0,0.006950734586759273
deepseek-coder-1.3b,binding-1-outer-answer,binding,binding-1,outer,12,jlens,erase,3.171875,3.109375,-0.0625,0.017524790169210124
deepseek-coder-1.3b,binding-1-outer-answer,binding,binding-1,outer,12,rlens,erase,3.171875,3.09375,-0.078125,0.02719632305632732
deepseek-coder-1.3b,binding-1-outer-answer,binding,binding-1,outer,12,logit,erase,3.171875,3.0,-0.171875,0.08849495705840711
deepseek-coder-1.3b,binding-1-outer-answer,binding,binding-1,outer,12,offtarget,erase,3.171875,3.203125,0.03125,0.008230519249721017
deepseek-coder-1.3b,binding-1-outer-answer,binding,binding-1,outer,12,random,erase,3.171875,3.171875,0.0,0.004339024867454399
deepseek-coder-1.3b,binding-1-outer-answer,binding,binding-1,outer,16,jlens,erase,3.171875,3.0625,-0.109375,0.049377456677019635
deepseek-coder-1.3b,binding-1-outer-answer,binding,binding-1,outer,16,rlens,erase,3.171875,3.125,-0.046875,0.06631516605054594
deepseek-coder-1.3b,binding-1-outer-answer,binding,binding-1,outer,16,logit,erase,3.171875,2.875,-0.296875,0.12341268088379875
deepseek-coder-1.3b,binding-1-outer-answer,binding,binding-1,outer,16,offtarget,erase,3.171875,3.1875,0.015625,0.012082846410119733
deepseek-coder-1.3b,binding-1-outer-answer,binding,binding-1,outer,16,random,erase,3.171875,3.1875,0.015625,0.0033336820300443317
deepseek-coder-1.3b,binding-1-outer-answer,binding,binding-1,outer,20,jlens,erase,3.171875,2.75,-0.421875,0.19140979718150392
deepseek-coder-1.3b,binding-1-outer-answer,binding,binding-1,outer,20,rlens,erase,3.171875,2.75,-0.421875,0.2070752723894012
deepseek-coder-1.3b,binding-1-outer-answer,binding,binding-1,outer,20,logit,erase,3.171875,2.25,-0.921875,0.23163596626668947
deepseek-coder-1.3b,binding-1-outer-answer,binding,binding-1,outer,20,offtarget,erase,3.171875,4.25,1.078125,0.0976033287952169
deepseek-coder-1.3b,binding-1-outer-answer,binding,binding-1,outer,20,random,erase,3.171875,3.15625,-0.015625,0.027196002079704514
deepseek-coder-1.3b,binding-1-inner-answer,binding,binding-1,inner,12,jlens,erase,0.25,0.25,0.0,0.0018220101139126562
deepseek-coder-1.3b,binding-1-inner-answer,binding,binding-1,inner,12,rlens,erase,0.25,0.25,0.0,0.006148645495056487
deepseek-coder-1.3b,binding-1-inner-answer,binding,binding-1,inner,12,logit,erase,0.25,0.25,0.0,0.05778838364843558
deepseek-coder-1.3b,binding-1-inner-answer,binding,binding-1,inner,12,offtarget,erase,0.25,0.25,0.0,0.02331120746601862
deepseek-coder-1.3b,binding-1-inner-answer,binding,binding-1,inner,12,random,erase,0.25,0.5,0.25,0.00012384056835181275
deepseek-coder-1.3b,binding-1-inner-answer,binding,binding-1,inner,16,jlens,erase,0.25,0.25,0.0,0.05091805808371082
deepseek-coder-1.3b,binding-1-inner-answer,binding,binding-1,inner,16,rlens,erase,0.25,0.25,0.0,0.06038609483267084
deepseek-coder-1.3b,binding-1-inner-answer,binding,binding-1,inner,16,logit,erase,0.25,0.25,0.0,0.10641990092680394
deepseek-coder-1.3b,binding-1-inner-answer,binding,binding-1,inner,16,offtarget,erase,0.25,0.25,0.0,0.07056790138043206
deepseek-coder-1.3b,binding-1-inner-answer,binding,binding-1,inner,16,random,erase,0.25,0.25,0.0,0.0029104699336700143
deepseek-coder-1.3b,binding-1-inner-answer,binding,binding-1,inner,20,jlens,erase,0.25,-0.125,-0.375,0.23683613033689546
deepseek-coder-1.3b,binding-1-inner-answer,binding,binding-1,inner,20,rlens,erase,0.25,-0.1875,-0.4375,0.2476933598707672
deepseek-coder-1.3b,binding-1-inner-answer,binding,binding-1,inner,20,logit,erase,0.25,-0.46875,-0.71875,0.2697020067320175
deepseek-coder-1.3b,binding-1-inner-answer,binding,binding-1,inner,20,offtarget,erase,0.25,1.3125,1.0625,0.18395115796593153
deepseek-coder-1.3b,binding-1-inner-answer,binding,binding-1,inner,20,random,erase,0.25,0.25,0.0,0.009056599849919834
deepseek-coder-1.3b,defuse-1-answer,defuse,,,12,jlens,erase,2.0,2.25,0.25,0.03852994167936275
deepseek-coder-1.3b,defuse-1-answer,defuse,,,12,rlens,erase,2.0,2.125,0.125,0.049520973390003296
deepseek-coder-1.3b,defuse-1-answer,defuse,,,12,logit,erase,2.0,2.125,0.125,0.11504762374666312
deepseek-coder-1.3b,defuse-1-answer,defuse,,,12,offtarget,erase,2.0,2.0,0.0,0.0017053311126705758
deepseek-coder-1.3b,defuse-1-answer,defuse,,,12,random,erase,2.0,1.75,-0.25,0.01733545343559369
deepseek-coder-1.3b,defuse-1-answer,defuse,,,16,jlens,erase,2.0,2.0,0.0,0.09386977536398884
deepseek-coder-1.3b,defuse-1-answer,defuse,,,16,rlens,erase,2.0,2.0625,0.0625,0.11150477280159929
deepseek-coder-1.3b,defuse-1-answer,defuse,,,16,logit,erase,2.0,1.9375,-0.0625,0.179911016799601
deepseek-coder-1.3b,defuse-1-answer,defuse,,,16,offtarget,erase,2.0,2.25,0.25,0.0434098493886691
deepseek-coder-1.3b,defuse-1-answer,defuse,,,16,random,erase,2.0,2.0,0.0,0.012016933190670034
deepseek-coder-1.3b,defuse-1-answer,defuse,,,20,jlens,erase,2.0,1.375,-0.625,0.16287760192772183
deepseek-coder-1.3b,defuse-1-answer,defuse,,,20,rlens,erase,2.0,1.25,-0.75,0.17479425624801775
deepseek-coder-1.3b,defuse-1-answer,defuse,,,20,logit,erase,2.0,1.125,-0.875,0.19680034439002098
deepseek-coder-1.3b,defuse-1-answer,defuse,,,20,offtarget,erase,2.0,3.125,1.125,0.10800736033509185
deepseek-coder-1.3b,defuse-1-answer,defuse,,,20,random,erase,2.0,2.0,0.0,0.004553526439341933
deepseek-coder-1.3b,alias-1-answer,alias,,,12,jlens,erase,10.375,10.328125,-0.046875,0.017307671194552288
deepseek-coder-1.3b,alias-1-answer,alias,,,12,rlens,erase,10.375,10.328125,-0.046875,0.03477098461857846
deepseek-coder-1.3b,alias-1-answer,alias,,,12,logit,erase,10.375,10.25,-0.125,0.09561188336579382
deepseek-coder-1.3b,alias-1-answer,alias,,,12,offtarget,erase,10.375,10.40625,0.03125,0.0269467236398992
deepseek-coder-1.3b,alias-1-answer,alias,,,12,random,erase,10.375,10.40625,0.03125,0.001333916070393205
deepseek-coder-1.3b,alias-1-answer,alias,,,16,jlens,erase,10.375,10.109375,-0.265625,0.06650880809231066
deepseek-coder-1.3b,alias-1-answer,alias,,,16,rlens,erase,10.375,10.0,-0.375,0.08555552745463246
deepseek-coder-1.3b,alias-1-answer,alias,,,16,logit,erase,10.375,9.9375,-0.4375,0.14089023291714511
deepseek-coder-1.3b,alias-1-answer,alias,,,16,offtarget,erase,10.375,10.34375,-0.03125,0.01832713524427127
deepseek-coder-1.3b,alias-1-answer,alias,,,16,random,erase,10.375,10.4375,0.0625,0.008180475688077761
deepseek-coder-1.3b,alias-1-answer,alias,,,20,jlens,erase,10.375,9.25,-1.125,0.22098032776255205
deepseek-coder-1.3b,alias-1-answer,alias,,,20,rlens,erase,10.375,8.75,-1.625,0.24290497256003005
deepseek-coder-1.3b,alias-1-answer,alias,,,20,logit,erase,10.375,7.75,-2.625,0.2714020973035081
deepseek-coder-1.3b,alias-1-answer,alias,,,20,offtarget,erase,10.375,10.28125,-0.09375,0.008602133347443879
deepseek-coder-1.3b,alias-1-answer,alias,,,20,random,erase,10.375,10.421875,0.046875,0.01271732185080476
deepseek-coder-1.3b,call-1-answer,call,,,12,jlens,erase,10.5625,10.5625,0.0,0.04608489941889058
deepseek-coder-1.3b,call-1-answer,call,,,12,rlens,erase,10.5625,10.625,0.0625,0.055808641846060485
deepseek-coder-1.3b,call-1-answer,call,,,12,logit,erase,10.5625,10.375,-0.1875,0.14919188455146687
deepseek-coder-1.3b,call-1-answer,call,,,12,offtarget,erase,10.5625,10.5625,0.0,0.027626303193949132
deepseek-coder-1.3b,call-1-answer,call,,,12,random,erase,10.5625,10.625,0.0625,0.015150125237389954
deepseek-coder-1.3b,call-1-answer,call,,,16,jlens,erase,10.5625,10.5,-0.0625,0.06433077704259652
deepseek-coder-1.3b,call-1-answer,call,,,16,rlens,erase,10.5625,10.5,-0.0625,0.08270043356015347
deepseek-coder-1.3b,call-1-answer,call,,,16,logit,erase,10.5625,10.375,-0.1875,0.16167535580274298
deepseek-coder-1.3b,call-1-answer,call,,,16,offtarget,erase,10.5625,10.4375,-0.125,0.02317903783529592
deepseek-coder-1.3b,call-1-answer,call,,,16,random,erase,10.5625,10.5625,0.0,0.015463372528566955
deepseek-coder-1.3b,call-1-answer,call,,,20,jlens,erase,10.5625,10.0,-0.5625,0.1732139989888307
deepseek-coder-1.3b,call-1-answer,call,,,20,rlens,erase,10.5625,9.25,-1.3125,0.19345546542318498
deepseek-coder-1.3b,call-1-answer,call,,,20,logit,erase,10.5625,8.5,-2.0625,0.2248312395582172
deepseek-coder-1.3b,call-1-answer,call,,,20,offtarget,erase,10.5625,10.5,-0.0625,0.005498946366889911
deepseek-coder-1.3b,call-1-answer,call,,,20,random,erase,10.5625,10.5625,0.0,0.013750249364259367
deepseek-coder-1.3b,arith-1-answer,arith,,,12,jlens,erase,4.625,4.625,0.0,0.0034186350463000907
deepseek-coder-1.3b,arith-1-answer,arith,,,12,rlens,erase,4.625,4.625,0.0,0.0036170952125285216
deepseek-coder-1.3b,arith-1-answer,arith,,,12,logit,erase,4.625,4.625,0.0,0.07424864838698353
deepseek-coder-1.3b,arith-1-answer,arith,,,12,offtarget,erase,4.625,4.625,0.0,0.04648398517753392
deepseek-coder-1.3b,arith-1-answer,arith,,,12,random,erase,4.625,4.75,0.125,0.0221189875469975
deepseek-coder-1.3b,arith-1-answer,arith,,,16,jlens,erase,4.625,4.5,-0.125,0.07471507657902707
deepseek-coder-1.3b,arith-1-answer,arith,,,16,rlens,erase,4.625,4.5,-0.125,0.08879673073175616
deepseek-coder-1.3b,arith-1-answer,arith,,,16,logit,erase,4.625,4.125,-0.5,0.15735141732943617
deepseek-coder-1.3b,arith-1-answer,arith,,,16,offtarget,erase,4.625,4.625,0.0,0.03570311300654031
deepseek-coder-1.3b,arith-1-answer,arith,,,16,random,erase,4.625,4.625,0.0,0.032126759179603524
deepseek-coder-1.3b,arith-1-answer,arith,,,20,jlens,erase,4.625,4.75,0.125,0.17915603988287773
deepseek-coder-1.3b,arith-1-answer,arith,,,20,rlens,erase,4.625,4.5,-0.125,0.19367867298925442
deepseek-coder-1.3b,arith-1-answer,arith,,,20,logit,erase,4.625,4.0,-0.625,0.19895469230157647
deepseek-coder-1.3b,arith-1-answer,arith,,,20,offtarget,erase,4.625,5.0,0.375,0.06722246655972802
deepseek-coder-1.3b,arith-1-answer,arith,,,20,random,erase,4.625,4.75,0.125,0.013373266859395163
deepseek-coder-1.3b,binding-2-outer,binding,binding-2,outer,12,jlens,erase,-3.5,-3.1875,0.3125,0.04703676996671732
deepseek-coder-1.3b,binding-2-outer,binding,binding-2,outer,12,rlens,erase,-3.5,-3.25,0.25,0.040004781019610934
deepseek-coder-1.3b,binding-2-outer,binding,binding-2,outer,12,logit,erase,-3.5,-3.5625,-0.0625,0.016337656798226657
deepseek-coder-1.3b,binding-2-outer,binding,binding-2,outer,12,offtarget,erase,-3.5,-3.5,0.0,0.03262140117187014
deepseek-coder-1.3b,binding-2-outer,binding,binding-2,outer,12,random,erase,-3.5,-3.4375,0.0625,0.01573438378752561
deepseek-coder-1.3b,binding-2-outer,binding,binding-2,outer,16,jlens,erase,-3.5,-2.5859375,0.9140625,0.08101049589711018
deepseek-coder-1.3b,binding-2-outer,binding,binding-2,outer,16,rlens,erase,-3.5,-2.6875,0.8125,0.06567110566480222
deepseek-coder-1.3b,binding-2-outer,binding,binding-2,outer,16,logit,erase,-3.5,-3.4375,0.0625,0.002309436226477225
deepseek-coder-1.3b,binding-2-outer,binding,binding-2,outer,16,offtarget,erase,-3.5,-3.640625,-0.140625,0.05432630442570569
deepseek-coder-1.3b,binding-2-outer,binding,binding-2,outer,16,random,erase,-3.5,-3.4375,0.0625,0.009551472155524696
deepseek-coder-1.3b,binding-2-outer,binding,binding-2,outer,20,jlens,erase,-3.5,-2.375,1.125,0.05918949903611405
deepseek-coder-1.3b,binding-2-outer,binding,binding-2,outer,20,rlens,erase,-3.5,-2.1875,1.3125,0.06617939492615915
deepseek-coder-1.3b,binding-2-outer,binding,binding-2,outer,20,logit,erase,-3.5,-2.533203125,0.966796875,0.04619200312792119
deepseek-coder-1.3b,binding-2-outer,binding,binding-2,outer,20,offtarget,erase,-3.5,-3.8203125,-0.3203125,0.032027975698260894
deepseek-coder-1.3b,binding-2-outer,binding,binding-2,outer,20,random,erase,-3.5,-3.4375,0.0625,0.005025651238285276
deepseek-coder-1.3b,binding-2-inner,binding,binding-2,inner,12,jlens,erase,2.875,2.875,0.0,0.0341306446042942
deepseek-coder-1.3b,binding-2-inner,binding,binding-2,inner,12,rlens,erase,2.875,2.875,0.0,0.025534551293493152
deepseek-coder-1.3b,binding-2-inner,binding,binding-2,inner,12,logit,erase,2.875,2.75,-0.125,0.03169916032364661
deepseek-coder-1.3b,binding-2-inner,binding,binding-2,inner,12,offtarget,erase,2.875,2.625,-0.25,0.0517358886940281
deepseek-coder-1.3b,binding-2-inner,binding,binding-2,inner,12,random,erase,2.875,2.75,-0.125,0.021805106600838155
deepseek-coder-1.3b,binding-2-inner,binding,binding-2,inner,16,jlens,erase,2.875,3.125,0.25,0.05550992769827819
deepseek-coder-1.3b,binding-2-inner,binding,binding-2,inner,16,rlens,erase,2.875,2.875,0.0,0.040969146418507636
deepseek-coder-1.3b,binding-2-inner,binding,binding-2,inner,16,logit,erase,2.875,2.625,-0.25,0.030458895317937044
deepseek-coder-1.3b,binding-2-inner,binding,binding-2,inner,16,offtarget,erase,2.875,1.9375,-0.9375,0.0811295464345524
deepseek-coder-1.3b,binding-2-inner,binding,binding-2,inner,16,random,erase,2.875,2.75,-0.125,0.0005180912166820429
deepseek-coder-1.3b,binding-2-inner,binding,binding-2,inner,20,jlens,erase,2.875,3.4375,0.5625,0.04661506355397992
deepseek-coder-1.3b,binding-2-inner,binding,binding-2,inner,20,rlens,erase,2.875,3.5,0.625,0.044915167192071025
deepseek-coder-1.3b,binding-2-inner,binding,binding-2,inner,20,logit,erase,2.875,3.125,0.25,0.018756848061407046
deepseek-coder-1.3b,binding-2-inner,binding,binding-2,inner,20,offtarget,erase,2.875,1.626953125,-1.248046875,0.06177788371076074
deepseek-coder-1.3b,binding-2-inner,binding,binding-2,inner,20,random,erase,2.875,2.75,-0.125,0.005272982319213842
deepseek-coder-1.3b,alias-2,alias,,,12,jlens,erase,4.375,4.75,0.375,0.05902729354787734
deepseek-coder-1.3b,alias-2,alias,,,12,rlens,erase,4.375,4.625,0.25,0.03967082168303178
deepseek-coder-1.3b,alias-2,alias,,,12,logit,erase,4.375,4.25,-0.125,0.027422323422373586
deepseek-coder-1.3b,alias-2,alias,,,12,offtarget,erase,4.375,3.875,-0.5,0.06543155030469244
deepseek-coder-1.3b,alias-2,alias,,,12,random,erase,4.375,4.5,0.125,0.012205770968599882
deepseek-coder-1.3b,alias-2,alias,,,16,jlens,erase,4.375,5.1875,0.8125,0.06969240005967631
deepseek-coder-1.3b,alias-2,alias,,,16,rlens,erase,4.375,5.0,0.625,0.04889898494351029
deepseek-coder-1.3b,alias-2,alias,,,16,logit,erase,4.375,4.0,-0.375,0.028750295879045235
deepseek-coder-1.3b,alias-2,alias,,,16,offtarget,erase,4.375,3.25,-1.125,0.06300220775816937
deepseek-coder-1.3b,alias-2,alias,,,16,random,erase,4.375,4.5,0.125,0.011801064647510535
deepseek-coder-1.3b,alias-2,alias,,,20,jlens,erase,4.375,5.5,1.125,0.04133621920152119
deepseek-coder-1.3b,alias-2,alias,,,20,rlens,erase,4.375,5.5625,1.1875,0.038044529677877734
deepseek-coder-1.3b,alias-2,alias,,,20,logit,erase,4.375,4.625,0.25,0.007775655675958197
deepseek-coder-1.3b,alias-2,alias,,,20,offtarget,erase,4.375,3.0,-1.375,0.03972388004875192
deepseek-coder-1.3b,alias-2,alias,,,20,random,erase,4.375,4.5,0.125,0.005880078205947092
deepseek-coder-1.3b,call-2,call,,,12,jlens,erase,2.0,2.25,0.25,0.05159648855186758
deepseek-coder-1.3b,call-2,call,,,12,rlens,erase,2.0,2.5,0.5,0.04198170334649977
deepseek-coder-1.3b,call-2,call,,,12,logit,erase,2.0,2.0,0.0,0.02330566691284051
deepseek-coder-1.3b,call-2,call,,,12,offtarget,erase,2.0,2.0,0.0,0.026955698590727262
deepseek-coder-1.3b,call-2,call,,,12,random,erase,2.0,2.25,0.25,0.016185561164693447
deepseek-coder-1.3b,call-2,call,,,16,jlens,erase,2.0,3.0,1.0,0.06326893008901557
deepseek-coder-1.3b,call-2,call,,,16,rlens,erase,2.0,2.75,0.75,0.045941283472775804
deepseek-coder-1.3b,call-2,call,,,16,logit,erase,2.0,2.0,0.0,0.012610399512892471
deepseek-coder-1.3b,call-2,call,,,16,offtarget,erase,2.0,1.25,-0.75,0.0458050968582812
deepseek-coder-1.3b,call-2,call,,,16,random,erase,2.0,2.25,0.25,0.016488934544037367
deepseek-coder-1.3b,call-2,call,,,20,jlens,erase,2.0,4.125,2.125,0.06209374344820313
deepseek-coder-1.3b,call-2,call,,,20,rlens,erase,2.0,4.0,2.0,0.05968802070137567
deepseek-coder-1.3b,call-2,call,,,20,logit,erase,2.0,4.25,2.25,0.05794881490240453
deepseek-coder-1.3b,call-2,call,,,20,offtarget,erase,2.0,0.5,-1.5,0.041939911207972115
deepseek-coder-1.3b,call-2,call,,,20,random,erase,2.0,2.25,0.25,0.017885058131198645
deepseek-coder-1.3b,arith-2,arith,,,12,jlens,erase,-1.5,-1.5,0.0,0.06035334783250394
deepseek-coder-1.3b,arith-2,arith,,,12,rlens,erase,-1.5,-1.5,0.0,0.04489283144474091
deepseek-coder-1.3b,arith-2,arith,,,12,logit,erase,-1.5,-1.75,-0.25,0.012065038457594327
deepseek-coder-1.3b,arith-2,arith,,,12,offtarget,erase,-1.5,-1.5,0.0,0.04547742071804505
deepseek-coder-1.3b,arith-2,arith,,,12,random,erase,-1.5,-1.75,-0.25,0.007621213959902675
deepseek-coder-1.3b,arith-2,arith,,,16,jlens,erase,-1.5,-0.75,0.75,0.08456962719809726
deepseek-coder-1.3b,arith-2,arith,,,16,rlens,erase,-1.5,-1.0,0.5,0.07115129203633727
deepseek-coder-1.3b,arith-2,arith,,,16,logit,erase,-1.5,-1.5,0.0,0.020804426567786954
deepseek-coder-1.3b,arith-2,arith,,,16,offtarget,erase,-1.5,-1.75,-0.25,0.07685516382543253
deepseek-coder-1.3b,arith-2,arith,,,16,random,erase,-1.5,-1.75,-0.25,0.006136805890816685
deepseek-coder-1.3b,arith-2,arith,,,20,jlens,erase,-1.5,0.25,1.75,0.10067948605657105
deepseek-coder-1.3b,arith-2,arith,,,20,rlens,erase,-1.5,0.25,1.75,0.09987789524819851
deepseek-coder-1.3b,arith-2,arith,,,20,logit,erase,-1.5,0.0,1.5,0.08347925996153427
deepseek-coder-1.3b,arith-2,arith,,,20,offtarget,erase,-1.5,-2.25,-0.75,0.09382959183778168
deepseek-coder-1.3b,arith-2,arith,,,20,random,erase,-1.5,-1.5,0.0,0.002866857807463459
deepseek-coder-1.3b,binding-2-outer-answer,binding,binding-2,outer,12,jlens,erase,0.5,0.5,0.0,0.01083508922350194
deepseek-coder-1.3b,binding-2-outer-answer,binding,binding-2,outer,12,rlens,erase,0.5,0.5,0.0,0.017718793435905416
deepseek-coder-1.3b,binding-2-outer-answer,binding,binding-2,outer,12,logit,erase,0.5,0.5,0.0,0.05894422678354882
deepseek-coder-1.3b,binding-2-outer-answer,binding,binding-2,outer,12,offtarget,erase,0.5,0.75,0.25,0.03319924866352051
deepseek-coder-1.3b,binding-2-outer-answer,binding,binding-2,outer,12,random,erase,0.5,0.75,0.25,0.03393899176647208
deepseek-coder-1.3b,binding-2-outer-answer,binding,binding-2,outer,16,jlens,erase,0.5,0.5,0.0,0.04537860533647275
deepseek-coder-1.3b,binding-2-outer-answer,binding,binding-2,outer,16,rlens,erase,0.5,0.5,0.0,0.05708171391310725
deepseek-coder-1.3b,binding-2-outer-answer,binding,binding-2,outer,16,logit,erase,0.5,0.5,0.0,0.10495562821613058
deepseek-coder-1.3b,binding-2-outer-answer,binding,binding-2,outer,16,offtarget,erase,0.5,0.625,0.125,0.03457819863159404
deepseek-coder-1.3b,binding-2-outer-answer,binding,binding-2,outer,16,random,erase,0.5,0.75,0.25,0.027166138166687476
deepseek-coder-1.3b,binding-2-outer-answer,binding,binding-2,outer,20,jlens,erase,0.5,0.0,-0.5,0.18901373130700158
deepseek-coder-1.3b,binding-2-outer-answer,binding,binding-2,outer,20,rlens,erase,0.5,-0.125,-0.625,0.19415097940026843
deepseek-coder-1.3b,binding-2-outer-answer,binding,binding-2,outer,20,logit,erase,0.5,-0.25,-0.75,0.20838611897892478
deepseek-coder-1.3b,binding-2-outer-answer,binding,binding-2,outer,20,offtarget,erase,0.5,1.5625,1.0625,0.14079728095239097
deepseek-coder-1.3b,binding-2-outer-answer,binding,binding-2,outer,20,random,erase,0.5,0.75,0.25,0.011801497561174176
deepseek-coder-1.3b,binding-2-inner-answer,binding,binding-2,inner,12,jlens,erase,0.0,0.0,0.0,0.02715722671523944
deepseek-coder-1.3b,binding-2-inner-answer,binding,binding-2,inner,12,rlens,erase,0.0,-0.25,-0.25,0.0420208191585993
deepseek-coder-1.3b,binding-2-inner-answer,binding,binding-2,inner,12,logit,erase,0.0,-0.25,-0.25,0.0868231497685746
deepseek-coder-1.3b,binding-2-inner-answer,binding,binding-2,inner,12,offtarget,erase,0.0,-0.25,-0.25,0.017709148457632697
deepseek-coder-1.3b,binding-2-inner-answer,binding,binding-2,inner,12,random,erase,0.0,0.0,0.0,0.005170859329939456
deepseek-coder-1.3b,binding-2-inner-answer,binding,binding-2,inner,16,jlens,erase,0.0,0.0,0.0,0.043697041943121406
deepseek-coder-1.3b,binding-2-inner-answer,binding,binding-2,inner,16,rlens,erase,0.0,-0.25,-0.25,0.05803457430401477
deepseek-coder-1.3b,binding-2-inner-answer,binding,binding-2,inner,16,logit,erase,0.0,-0.25,-0.25,0.09896721684617169
deepseek-coder-1.3b,binding-2-inner-answer,binding,binding-2,inner,16,offtarget,erase,0.0,0.0,0.0,0.047471085262577935
deepseek-coder-1.3b,binding-2-inner-answer,binding,binding-2,inner,16,random,erase,0.0,0.0,0.0,0.022973681579445595
deepseek-coder-1.3b,binding-2-inner-answer,binding,binding-2,inner,20,jlens,erase,0.0,-0.625,-0.625,0.2152347573122323
deepseek-coder-1.3b,binding-2-inner-answer,binding,binding-2,inner,20,rlens,erase,0.0,-0.78125,-0.78125,0.22730255642547154
deepseek-coder-1.3b,binding-2-inner-answer,binding,binding-2,inner,20,logit,erase,0.0,-1.078125,-1.078125,0.25146534697351247
deepseek-coder-1.3b,binding-2-inner-answer,binding,binding-2,inner,20,offtarget,erase,0.0,0.9375,0.9375,0.21692014506248208
deepseek-coder-1.3b,binding-2-inner-answer,binding,binding-2,inner,20,random,erase,0.0,-0.25,-0.25,0.03801026327580204
deepseek-coder-1.3b,alias-2-answer,alias,,,12,jlens,erase,8.75,8.75,0.0,0.04487736155308706
deepseek-coder-1.3b,alias-2-answer,alias,,,12,rlens,erase,8.75,8.625,-0.125,0.06079926682647061
deepseek-coder-1.3b,alias-2-answer,alias,,,12,logit,erase,8.75,8.5625,-0.1875,0.11525718793863177
deepseek-coder-1.3b,alias-2-answer,alias,,,12,offtarget,erase,8.75,8.75,0.0,0.038477172570172524
deepseek-coder-1.3b,alias-2-answer,alias,,,12,random,erase,8.75,8.75,0.0,0.050202444372142094
deepseek-coder-1.3b,alias-2-answer,alias,,,16,jlens,erase,8.75,8.75,0.0,0.06270749843326981
deepseek-coder-1.3b,alias-2-answer,alias,,,16,rlens,erase,8.75,8.4375,-0.3125,0.08465821069524888
deepseek-coder-1.3b,alias-2-answer,alias,,,16,logit,erase,8.75,7.9375,-0.8125,0.13657595705726708
deepseek-coder-1.3b,alias-2-answer,alias,,,16,offtarget,erase,8.75,8.625,-0.125,0.020723120387830793
deepseek-coder-1.3b,alias-2-answer,alias,,,16,random,erase,8.75,8.875,0.125,0.05977833340260709
deepseek-coder-1.3b,alias-2-answer,alias,,,20,jlens,erase,8.75,7.625,-1.125,0.1499480974180015
deepseek-coder-1.3b,alias-2-answer,alias,,,20,rlens,erase,8.75,6.875,-1.875,0.16288918328153787
deepseek-coder-1.3b,alias-2-answer,alias,,,20,logit,erase,8.75,6.125,-2.625,0.18267530378275934
deepseek-coder-1.3b,alias-2-answer,alias,,,20,offtarget,erase,8.75,9.3125,0.5625,0.0289175975922344
deepseek-coder-1.3b,alias-2-answer,alias,,,20,random,erase,8.75,9.125,0.375,0.06980767005843115
deepseek-coder-1.3b,call-2-answer,call,,,12,jlens,erase,11.25,11.3125,0.0625,0.04389365167297317
deepseek-coder-1.3b,call-2-answer,call,,,12,rlens,erase,11.25,11.21875,-0.03125,0.050217317287623416
deepseek-coder-1.3b,call-2-answer,call,,,12,logit,erase,11.25,11.08984375,-0.16015625,0.11357192593133841
deepseek-coder-1.3b,call-2-answer,call,,,12,offtarget,erase,11.25,11.1328125,-0.1171875,0.03154598296498407
deepseek-coder-1.3b,call-2-answer,call,,,12,random,erase,11.25,11.26953125,0.01953125,0.003066733728319438
deepseek-coder-1.3b,call-2-answer,call,,,16,jlens,erase,11.25,11.203125,-0.046875,0.06510959982129573
deepseek-coder-1.3b,call-2-answer,call,,,16,rlens,erase,11.25,11.21484375,-0.03515625,0.07745064626596196
deepseek-coder-1.3b,call-2-answer,call,,,16,logit,erase,11.25,11.43359375,0.18359375,0.134504782183676
deepseek-coder-1.3b,call-2-answer,call,,,16,offtarget,erase,11.25,11.08984375,-0.16015625,0.014741612734318803
deepseek-coder-1.3b,call-2-answer,call,,,16,random,erase,11.25,11.2265625,-0.0234375,0.012170332119428556
deepseek-coder-1.3b,call-2-answer,call,,,20,jlens,erase,11.25,10.25,-1.0,0.22563170008918568
deepseek-coder-1.3b,call-2-answer,call,,,20,rlens,erase,11.25,9.75,-1.5,0.2393099442463793
deepseek-coder-1.3b,call-2-answer,call,,,20,logit,erase,11.25,9.25,-2.0,0.2559606830412472
deepseek-coder-1.3b,call-2-answer,call,,,20,offtarget,erase,11.25,11.34375,0.09375,0.003878579305801439
deepseek-coder-1.3b,call-2-answer,call,,,20,random,erase,11.25,11.236328125,-0.013671875,0.026962640361660666
deepseek-coder-1.3b,arith-2-answer,arith,,,12,jlens,erase,4.0,4.0,0.0,0.0024206918870452324
deepseek-coder-1.3b,arith-2-answer,arith,,,12,rlens,erase,4.0,4.0,0.0,0.011017354588148882
deepseek-coder-1.3b,arith-2-answer,arith,,,12,logit,erase,4.0,4.125,0.125,0.06924387768674227
deepseek-coder-1.3b,arith-2-answer,arith,,,12,offtarget,erase,4.0,4.0,0.0,0.04179832039963281
deepseek-coder-1.3b,arith-2-answer,arith,,,12,random,erase,4.0,4.0,0.0,0.009464701167817684
deepseek-coder-1.3b,arith-2-answer,arith,,,16,jlens,erase,4.0,4.0,0.0,0.04574123570297285
deepseek-coder-1.3b,arith-2-answer,arith,,,16,rlens,erase,4.0,4.0625,0.0625,0.05576944120800232
deepseek-coder-1.3b,arith-2-answer,arith,,,16,logit,erase,4.0,3.8125,-0.1875,0.13354348663043128
deepseek-coder-1.3b,arith-2-answer,arith,,,16,offtarget,erase,4.0,4.125,0.125,0.04763195835476836
deepseek-coder-1.3b,arith-2-answer,arith,,,16,random,erase,4.0,4.0,0.0,0.012175170310319838
deepseek-coder-1.3b,arith-2-answer,arith,,,20,jlens,erase,4.0,3.75,-0.25,0.19735421552768231
deepseek-coder-1.3b,arith-2-answer,arith,,,20,rlens,erase,4.0,3.5,-0.5,0.20933757723353566
deepseek-coder-1.3b,arith-2-answer,arith,,,20,logit,erase,4.0,2.75,-1.25,0.23478923758726353
deepseek-coder-1.3b,arith-2-answer,arith,,,20,offtarget,erase,4.0,4.4375,0.4375,0.05981401472416626
deepseek-coder-1.3b,arith-2-answer,arith,,,20,random,erase,4.0,4.0,0.0,0.000306068291383064
deepseek-coder-1.3b,binding-3-outer,binding,binding-3,outer,12,jlens,erase,-0.875,-0.8125,0.0625,0.04998935242575571
deepseek-coder-1.3b,binding-3-outer,binding,binding-3,outer,12,rlens,erase,-0.875,-0.78125,0.09375,0.04543882253084708
deepseek-coder-1.3b,binding-3-outer,binding,binding-3,outer,12,logit,erase,-0.875,-0.9375,-0.0625,0.029094107871547596
deepseek-coder-1.3b,binding-3-outer,binding,binding-3,outer,12,offtarget,erase,-0.875,-1.09375,-0.21875,0.05886925493289275
deepseek-coder-1.3b,binding-3-outer,binding,binding-3,outer,12,random,erase,-0.875,-0.875,0.0,0.03302179389848957
deepseek-coder-1.3b,binding-3-outer,binding,binding-3,outer,16,jlens,erase,-0.875,-0.4375,0.4375,0.08459519028553894
deepseek-coder-1.3b,binding-3-outer,binding,binding-3,outer,16,rlens,erase,-0.875,-0.46875,0.40625,0.06977487357460857
deepseek-coder-1.3b,binding-3-outer,binding,binding-3,outer,16,logit,erase,-0.875,-0.8125,0.0625,0.003308126163871682
deepseek-coder-1.3b,binding-3-outer,binding,binding-3,outer,16,offtarget,erase,-0.875,-1.5,-0.625,0.08580824654093891
deepseek-coder-1.3b,binding-3-outer,binding,binding-3,outer,16,random,erase,-0.875,-0.875,0.0,0.024979783000273488
deepseek-coder-1.3b,binding-3-outer,binding,binding-3,outer,20,jlens,erase,-0.875,-0.25,0.625,0.05812055273731764
deepseek-coder-1.3b,binding-3-outer,binding,binding-3,outer,20,rlens,erase,-0.875,-0.1875,0.6875,0.059807905073205755
deepseek-coder-1.3b,binding-3-outer,binding,binding-3,outer,20,logit,erase,-0.875,-0.375,0.5,0.03860366838236734
deepseek-coder-1.3b,binding-3-outer,binding,binding-3,outer,20,offtarget,erase,-0.875,-1.5,-0.625,0.045382502451868444
deepseek-coder-1.3b,binding-3-outer,binding,binding-3,outer,20,random,erase,-0.875,-0.875,0.0,0.005553262339805482
deepseek-coder-1.3b,binding-3-inner,binding,binding-3,inner,12,jlens,erase,0.375,0.625,0.25,0.060438328219101736
deepseek-coder-1.3b,binding-3-inner,binding,binding-3,inner,12,rlens,erase,0.375,0.625,0.25,0.060590240797176335
deepseek-coder-1.3b,binding-3-inner,binding,binding-3,inner,12,logit,erase,0.375,0.375,0.0,0.006402641830921685
deepseek-coder-1.3b,binding-3-inner,binding,binding-3,inner,12,offtarget,erase,0.375,0.375,0.0,0.043946686513617585
deepseek-coder-1.3b,binding-3-inner,binding,binding-3,inner,12,random,erase,0.375,0.375,0.0,0.007088879328915863
deepseek-coder-1.3b,binding-3-inner,binding,binding-3,inner,16,jlens,erase,0.375,0.9140625,0.5390625,0.08370547045541607
deepseek-coder-1.3b,binding-3-inner,binding,binding-3,inner,16,rlens,erase,0.375,0.875,0.5,0.0706631275375062
deepseek-coder-1.3b,binding-3-inner,binding,binding-3,inner,16,logit,erase,0.375,0.5,0.125,0.010719952016078612
deepseek-coder-1.3b,binding-3-inner,binding,binding-3,inner,16,offtarget,erase,0.375,-0.0625,-0.4375,0.07674032230310747
deepseek-coder-1.3b,binding-3-inner,binding,binding-3,inner,16,random,erase,0.375,0.375,0.0,0.0009843421652477897
deepseek-coder-1.3b,binding-3-inner,binding,binding-3,inner,20,jlens,erase,0.375,1.15625,0.78125,0.0596801187733585
deepseek-coder-1.3b,binding-3-inner,binding,binding-3,inner,20,rlens,erase,0.375,1.2109375,0.8359375,0.060849247668881654
deepseek-coder-1.3b,binding-3-inner,binding,binding-3,inner,20,logit,erase,0.375,1.09375,0.71875,0.050059373556159074
deepseek-coder-1.3b,binding-3-inner,binding,binding-3,inner,20,offtarget,erase,0.375,-0.375,-0.75,0.06109501666415763
deepseek-coder-1.3b,binding-3-inner,binding,binding-3,inner,20,random,erase,0.375,0.375,0.0,0.0016714908019657764
deepseek-coder-1.3b,alias-3,alias,,,12,jlens,erase,0.0,0.375,0.375,0.056853307932031354
deepseek-coder-1.3b,alias-3,alias,,,12,rlens,erase,0.0,0.5,0.5,0.0390114078128789
deepseek-coder-1.3b,alias-3,alias,,,12,logit,erase,0.0,-0.25,-0.25,0.029535150706036618
deepseek-coder-1.3b,alias-3,alias,,,12,offtarget,erase,0.0,-0.75,-0.75,0.057317385536590194
deepseek-coder-1.3b,alias-3,alias,,,12,random,erase,0.0,0.0,0.0,0.011774316023327229
deepseek-coder-1.3b,alias-3,alias,,,16,jlens,erase,0.0,1.25,1.25,0.0756848860848282
deepseek-coder-1.3b,alias-3,alias,,,16,rlens,erase,0.0,1.0,1.0,0.05525150539519968
deepseek-coder-1.3b,alias-3,alias,,,16,logit,erase,0.0,-0.25,-0.25,0.00982544363090028
deepseek-coder-1.3b,alias-3,alias,,,16,offtarget,erase,0.0,-1.375,-1.375,0.06595218289734334
deepseek-coder-1.3b,alias-3,alias,,,16,random,erase,0.0,0.25,0.25,0.013201246855091223
deepseek-coder-1.3b,alias-3,alias,,,20,jlens,erase,0.0,1.5,1.5,0.05131973735511998
deepseek-coder-1.3b,alias-3,alias,,,20,rlens,erase,0.0,1.625,1.625,0.05002534846524652
deepseek-coder-1.3b,alias-3,alias,,,20,logit,erase,0.0,1.5,1.5,0.038071096436040126
deepseek-coder-1.3b,alias-3,alias,,,20,offtarget,erase,0.0,-1.5,-1.5,0.04014590459185482
deepseek-coder-1.3b,alias-3,alias,,,20,random,erase,0.0,0.0,0.0,0.010447550359098643
deepseek-coder-1.3b,arith-3,arith,,,12,jlens,erase,-3.75,-3.25,0.5,0.06263626335181484
deepseek-coder-1.3b,arith-3,arith,,,12,rlens,erase,-3.75,-3.5,0.25,0.04767162355176891
deepseek-coder-1.3b,arith-3,arith,,,12,logit,erase,-3.75,-3.75,0.0,0.011734709453344793
deepseek-coder-1.3b,arith-3,arith,,,12,offtarget,erase,-3.75,-3.5,0.25,0.05966684675430894
deepseek-coder-1.3b,arith-3,arith,,,12,random,erase,-3.75,-3.75,0.0,0.0043858856496826635
deepseek-coder-1.3b,arith-3,arith,,,16,jlens,erase,-3.75,-2.75,1.0,0.08774201985319581
deepseek-coder-1.3b,arith-3,arith,,,16,rlens,erase,-3.75,-2.75,1.0,0.07454141854208088
deepseek-coder-1.3b,arith-3,arith,,,16,logit,erase,-3.75,-3.25,0.5,0.02347267158435671
deepseek-coder-1.3b,arith-3,arith,,,16,offtarget,erase,-3.75,-3.75,0.0,0.0865733621355626
deepseek-coder-1.3b,arith-3,arith,,,16,random,erase,-3.75,-3.75,0.0,0.01791939311087486
deepseek-coder-1.3b,arith-3,arith,,,20,jlens,erase,-3.75,-1.5,2.25,0.10230584415481958
deepseek-coder-1.3b,arith-3,arith,,,20,rlens,erase,-3.75,-1.5,2.25,0.10148672050470352
deepseek-coder-1.3b,arith-3,arith,,,20,logit,erase,-3.75,-1.75,2.0,0.08539446135371764
deepseek-coder-1.3b,arith-3,arith,,,20,offtarget,erase,-3.75,-4.0,-0.25,0.0960938035859292
deepseek-coder-1.3b,arith-3,arith,,,20,random,erase,-3.75,-3.5,0.25,0.016971004579750804
deepseek-coder-1.3b,binding-3-outer-answer,binding,binding-3,outer,12,jlens,erase,0.75,0.5,-0.25,0.024222312484037813
deepseek-coder-1.3b,binding-3-outer-answer,binding,binding-3,outer,12,rlens,erase,0.75,0.75,0.0,0.02811026978560702
deepseek-coder-1.3b,binding-3-outer-answer,binding,binding-3,outer,12,logit,erase,0.75,0.75,0.0,0.07335632641872578
deepseek-coder-1.3b,binding-3-outer-answer,binding,binding-3,outer,12,offtarget,erase,0.75,0.75,0.0,0.005394486724625084
deepseek-coder-1.3b,binding-3-outer-answer,binding,binding-3,outer,12,random,erase,0.75,0.75,0.0,0.007030146419481313
deepseek-coder-1.3b,binding-3-outer-answer,binding,binding-3,outer,16,jlens,erase,0.75,0.75,0.0,0.05055155172101714
deepseek-coder-1.3b,binding-3-outer-answer,binding,binding-3,outer,16,rlens,erase,0.75,0.5,-0.25,0.0594060886470027
deepseek-coder-1.3b,binding-3-outer-answer,binding,binding-3,outer,16,logit,erase,0.75,0.5,-0.25,0.09630264468256183
deepseek-coder-1.3b,binding-3-outer-answer,binding,binding-3,outer,16,offtarget,erase,0.75,0.75,0.0,0.024746972099981394
deepseek-coder-1.3b,binding-3-outer-answer,binding,binding-3,outer,16,random,erase,0.75,0.75,0.0,0.007339899298615632
deepseek-coder-1.3b,binding-3-outer-answer,binding,binding-3,outer,20,jlens,erase,0.75,0.25,-0.5,0.20510212173685533
deepseek-coder-1.3b,binding-3-outer-answer,binding,binding-3,outer,20,rlens,erase,0.75,0.25,-0.5,0.2121467932374781
deepseek-coder-1.3b,binding-3-outer-answer,binding,binding-3,outer,20,logit,erase,0.75,0.125,-0.625,0.22886441778594083
deepseek-coder-1.3b,binding-3-outer-answer,binding,binding-3,outer,20,offtarget,erase,0.75,1.5625,0.8125,0.16171374530494317
deepseek-coder-1.3b,binding-3-outer-answer,binding,binding-3,outer,20,random,erase,0.75,0.75,0.0,0.011614729658162527
deepseek-coder-1.3b,binding-3-inner-answer,binding,binding-3,inner,12,jlens,erase,0.75,0.5,-0.25,0.00700629875197524
deepseek-coder-1.3b,binding-3-inner-answer,binding,binding-3,inner,12,rlens,erase,0.75,0.5,-0.25,0.012368349275445311
deepseek-coder-1.3b,binding-3-inner-answer,binding,binding-3,inner,12,logit,erase,0.75,0.5,-0.25,0.05173574497036541
deepseek-coder-1.3b,binding-3-inner-answer,binding,binding-3,inner,12,offtarget,erase,0.75,0.75,0.0,0.0233464654249603
deepseek-coder-1.3b,binding-3-inner-answer,binding,binding-3,inner,12,random,erase,0.75,0.5,-0.25,0.011392168274282686
deepseek-coder-1.3b,binding-3-inner-answer,binding,binding-3,inner,16,jlens,erase,0.75,0.5,-0.25,0.041819327584830014
deepseek-coder-1.3b,binding-3-inner-answer,binding,binding-3,inner,16,rlens,erase,0.75,0.5,-0.25,0.050739630067225136
deepseek-coder-1.3b,binding-3-inner-answer,binding,binding-3,inner,16,logit,erase,0.75,0.5,-0.25,0.0918844436162741
deepseek-coder-1.3b,binding-3-inner-answer,binding,binding-3,inner,16,offtarget,erase,0.75,0.5,-0.25,0.06945141279263821
deepseek-coder-1.3b,binding-3-inner-answer,binding,binding-3,inner,16,random,erase,0.75,0.5,-0.25,0.031188835979269348
deepseek-coder-1.3b,binding-3-inner-answer,binding,binding-3,inner,20,jlens,erase,0.75,0.25,-0.5,0.25218253583160033
deepseek-coder-1.3b,binding-3-inner-answer,binding,binding-3,inner,20,rlens,erase,0.75,0.125,-0.625,0.2627049337475757
deepseek-coder-1.3b,binding-3-inner-answer,binding,binding-3,inner,20,logit,erase,0.75,-0.1875,-0.9375,0.28514512289279137
deepseek-coder-1.3b,binding-3-inner-answer,binding,binding-3,inner,20,offtarget,erase,0.75,1.5,0.75,0.21684663928299402
deepseek-coder-1.3b,binding-3-inner-answer,binding,binding-3,inner,20,random,erase,0.75,0.5,-0.25,0.021529385474503313
deepseek-coder-1.3b,alias-3-answer,alias,,,12,jlens,erase,8.28125,8.15625,-0.125,0.02172918444590363
deepseek-coder-1.3b,alias-3-answer,alias,,,12,rlens,erase,8.28125,8.09375,-0.1875,0.03361805088426728
deepseek-coder-1.3b,alias-3-answer,alias,,,12,logit,erase,8.28125,8.0,-0.28125,0.10192050072647389
deepseek-coder-1.3b,alias-3-answer,alias,,,12,offtarget,erase,8.28125,8.1875,-0.09375,0.03231856098894705
deepseek-coder-1.3b,alias-3-answer,alias,,,12,random,erase,8.28125,8.25,-0.03125,0.022485325828582283
deepseek-coder-1.3b,alias-3-answer,alias,,,16,jlens,erase,8.28125,8.125,-0.15625,0.05895001125645025
deepseek-coder-1.3b,alias-3-answer,alias,,,16,rlens,erase,8.28125,8.0,-0.28125,0.07435165028682127
deepseek-coder-1.3b,alias-3-answer,alias,,,16,logit,erase,8.28125,7.4375,-0.84375,0.12890970958672904
deepseek-coder-1.3b,alias-3-answer,alias,,,16,offtarget,erase,8.28125,8.0625,-0.21875,0.019619870156866084
deepseek-coder-1.3b,alias-3-answer,alias,,,16,random,erase,8.28125,8.28125,0.0,0.024113209536757167
deepseek-coder-1.3b,alias-3-answer,alias,,,20,jlens,erase,8.28125,7.5,-0.78125,0.22500656241211056
deepseek-coder-1.3b,alias-3-answer,alias,,,20,rlens,erase,8.28125,6.75,-1.53125,0.23606967317402
deepseek-coder-1.3b,alias-3-answer,alias,,,20,logit,erase,8.28125,5.75,-2.53125,0.2538704838774481
deepseek-coder-1.3b,alias-3-answer,alias,,,20,offtarget,erase,8.28125,8.5625,0.28125,0.015422230673249911
deepseek-coder-1.3b,alias-3-answer,alias,,,20,random,erase,8.28125,8.25,-0.03125,0.011358857359053226
deepseek-coder-1.3b,arith-3-answer,arith,,,12,jlens,erase,5.5,5.5,0.0,0.017712861249119565
deepseek-coder-1.3b,arith-3-answer,arith,,,12,rlens,erase,5.5,5.375,-0.125,0.026656150892717664
deepseek-coder-1.3b,arith-3-answer,arith,,,12,logit,erase,5.5,5.375,-0.125,0.0809053956717127
deepseek-coder-1.3b,arith-3-answer,arith,,,12,offtarget,erase,5.5,5.375,-0.125,0.042941537152158274
deepseek-coder-1.3b,arith-3-answer,arith,,,12,random,erase,5.5,5.5,0.0,0.051946475901070426
deepseek-coder-1.3b,arith-3-answer,arith,,,16,jlens,erase,5.5,5.125,-0.375,0.07275597147044272
deepseek-coder-1.3b,arith-3-answer,arith,,,16,rlens,erase,5.5,4.875,-0.625,0.08538288833935873
deepseek-coder-1.3b,arith-3-answer,arith,,,16,logit,erase,5.5,4.625,-0.875,0.14438646676478034
deepseek-coder-1.3b,arith-3-answer,arith,,,16,offtarget,erase,5.5,5.375,-0.125,0.05154426710134969
deepseek-coder-1.3b,arith-3-answer,arith,,,16,random,erase,5.5,5.5,0.0,0.034653907508634806
deepseek-coder-1.3b,arith-3-answer,arith,,,20,jlens,erase,5.5,4.375,-1.125,0.18567875108139112
deepseek-coder-1.3b,arith-3-answer,arith,,,20,rlens,erase,5.5,3.875,-1.625,0.1967150703426075
deepseek-coder-1.3b,arith-3-answer,arith,,,20,logit,erase,5.5,3.25,-2.25,0.21282056967215
deepseek-coder-1.3b,arith-3-answer,arith,,,20,offtarget,erase,5.5,5.984375,0.484375,0.09497881836684023
deepseek-coder-1.3b,arith-3-answer,arith,,,20,random,erase,5.5,5.25,-0.25,0.0030981773381693564
deepseek-coder-1.3b,binding-4-outer,binding,binding-4,outer,12,jlens,erase,0.7421875,0.8343505859375,0.0921630859375,0.038388927856203535
deepseek-coder-1.3b,binding-4-outer,binding,binding-4,outer,12,rlens,erase,0.7421875,0.78515625,0.04296875,0.02219382129306682
deepseek-coder-1.3b,binding-4-outer,binding,binding-4,outer,12,logit,erase,0.7421875,0.5625,-0.1796875,0.05028457090262207
deepseek-coder-1.3b,binding-4-outer,binding,binding-4,outer,12,offtarget,erase,0.7421875,0.6015625,-0.140625,0.048368772304621575
deepseek-coder-1.3b,binding-4-outer,binding,binding-4,outer,12,random,erase,0.7421875,0.7265625,-0.015625,0.011384514446957341
deepseek-coder-1.3b,binding-4-outer,binding,binding-4,outer,16,jlens,erase,0.7421875,1.125,0.3828125,0.06580080313747164
deepseek-coder-1.3b,binding-4-outer,binding,binding-4,outer,16,rlens,erase,0.7421875,0.96875,0.2265625,0.046303981994158645
deepseek-coder-1.3b,binding-4-outer,binding,binding-4,outer,16,logit,erase,0.7421875,0.53125,-0.2109375,0.026341480145777182
deepseek-coder-1.3b,binding-4-outer,binding,binding-4,outer,16,offtarget,erase,0.7421875,0.0625,-0.6796875,0.0827105776446376
deepseek-coder-1.3b,binding-4-outer,binding,binding-4,outer,16,random,erase,0.7421875,0.71875,-0.0234375,0.021643819102239774
deepseek-coder-1.3b,binding-4-outer,binding,binding-4,outer,20,jlens,erase,0.7421875,1.1875,0.4453125,0.03596151368988534
deepseek-coder-1.3b,binding-4-outer,binding,binding-4,outer,20,rlens,erase,0.7421875,1.1875,0.4453125,0.038563888223096
deepseek-coder-1.3b,binding-4-outer,binding,binding-4,outer,20,logit,erase,0.7421875,1.0625,0.3203125,0.023379798872952315
deepseek-coder-1.3b,binding-4-outer,binding,binding-4,outer,20,offtarget,erase,0.7421875,0.0,-0.7421875,0.04314022307650709
deepseek-coder-1.3b,binding-4-outer,binding,binding-4,outer,20,random,erase,0.7421875,0.7578125,0.015625,0.037125549178510284
deepseek-coder-1.3b,binding-4-inner,binding,binding-4,inner,12,jlens,erase,-1.0,-1.0,0.0,0.03891138979559088
deepseek-coder-1.3b,binding-4-inner,binding,binding-4,inner,12,rlens,erase,-1.0,-1.0,0.0,0.04471027064443029
deepseek-coder-1.3b,binding-4-inner,binding,binding-4,inner,12,logit,erase,-1.0,-1.0,0.0,0.00819074371721563
deepseek-coder-1.3b,binding-4-inner,binding,binding-4,inner,12,offtarget,erase,-1.0,-1.25,-0.25,0.02744147705424263
deepseek-coder-1.3b,binding-4-inner,binding,binding-4,inner,12,random,erase,-1.0,-1.25,-0.25,0.019531930332263883
deepseek-coder-1.3b,binding-4-inner,binding,binding-4,inner,16,jlens,erase,-1.0,-0.375,0.625,0.07580212266372187
deepseek-coder-1.3b,binding-4-inner,binding,binding-4,inner,16,rlens,erase,-1.0,-0.5,0.5,0.06544071727715042
deepseek-coder-1.3b,binding-4-inner,binding,binding-4,inner,16,logit,erase,-1.0,-1.0,0.0,0.0072769526129491625
deepseek-coder-1.3b,binding-4-inner,binding,binding-4,inner,16,offtarget,erase,-1.0,-1.5,-0.5,0.0525518327447375
deepseek-coder-1.3b,binding-4-inner,binding,binding-4,inner,16,random,erase,-1.0,-1.25,-0.25,0.024112303741319105
deepseek-coder-1.3b,binding-4-inner,binding,binding-4,inner,20,jlens,erase,-1.0,-0.125,0.875,0.06358581452574259
deepseek-coder-1.3b,binding-4-inner,binding,binding-4,inner,20,rlens,erase,-1.0,0.0,1.0,0.065836878242545
deepseek-coder-1.3b,binding-4-inner,binding,binding-4,inner,20,logit,erase,-1.0,-0.25,0.75,0.053486337432796564
deepseek-coder-1.3b,binding-4-inner,binding,binding-4,inner,20,offtarget,erase,-1.0,-1.75,-0.75,0.0474578320286037
deepseek-coder-1.3b,binding-4-inner,binding,binding-4,inner,20,random,erase,-1.0,-1.25,-0.25,0.015369925955178056
deepseek-coder-1.3b,alias-4,alias,,,12,jlens,erase,-2.4375,-1.78125,0.65625,0.07447340146254795
deepseek-coder-1.3b,alias-4,alias,,,12,rlens,erase,-2.4375,-1.84375,0.59375,0.056099217116573216
deepseek-coder-1.3b,alias-4,alias,,,12,logit,erase,-2.4375,-2.75,-0.3125,0.032429762429464125
deepseek-coder-1.3b,alias-4,alias,,,12,offtarget,erase,-2.4375,-2.75,-0.3125,0.036840117475090736
deepseek-coder-1.3b,alias-4,alias,,,12,random,erase,-2.4375,-2.4375,0.0,0.02583864073669146
deepseek-coder-1.3b,alias-4,alias,,,16,jlens,erase,-2.4375,-0.9375,1.5,0.07669877651112143
deepseek-coder-1.3b,alias-4,alias,,,16,rlens,erase,-2.4375,-1.3203125,1.1171875,0.053035350963348334
deepseek-coder-1.3b,alias-4,alias,,,16,logit,erase,-2.4375,-2.8125,-0.375,0.021937076111287274
deepseek-coder-1.3b,alias-4,alias,,,16,offtarget,erase,-2.4375,-2.875,-0.4375,0.028339711728418055
deepseek-coder-1.3b,alias-4,alias,,,16,random,erase,-2.4375,-2.375,0.0625,0.029436983266144114
deepseek-coder-1.3b,alias-4,alias,,,20,jlens,erase,-2.4375,-0.125,2.3125,0.0632895352705806
deepseek-coder-1.3b,alias-4,alias,,,20,rlens,erase,-2.4375,0.0625,2.5,0.06325882968632875
deepseek-coder-1.3b,alias-4,alias,,,20,logit,erase,-2.4375,-0.880859375,1.556640625,0.037747344672903686
deepseek-coder-1.3b,alias-4,alias,,,20,offtarget,erase,-2.4375,-2.96875,-0.53125,0.01591704023788322
deepseek-coder-1.3b,alias-4,alias,,,20,random,erase,-2.4375,-2.4375,0.0,0.025113623862263405
deepseek-coder-1.3b,call-4,call,,,12,jlens,erase,6.0,6.25,0.25,0.04972771242616038
deepseek-coder-1.3b,call-4,call,,,12,rlens,erase,6.0,6.5,0.5,0.03216851751861314
deepseek-coder-1.3b,call-4,call,,,12,logit,erase,6.0,5.5,-0.5,0.057766919600840384
deepseek-coder-1.3b,call-4,call,,,12,offtarget,erase,6.0,5.75,-0.25,0.03497493994832303
deepseek-coder-1.3b,call-4,call,,,12,random,erase,6.0,6.25,0.25,0.01117455153710608
deepseek-coder-1.3b,call-4,call,,,16,jlens,erase,6.0,7.0,1.0,0.060744373869770496
deepseek-coder-1.3b,call-4,call,,,16,rlens,erase,6.0,6.75,0.75,0.038872808182736966
deepseek-coder-1.3b,call-4,call,,,16,logit,erase,6.0,5.5,-0.5,0.03734535130684623
deepseek-coder-1.3b,call-4,call,,,16,offtarget,erase,6.0,5.0,-1.0,0.06241488779790161
deepseek-coder-1.3b,call-4,call,,,16,random,erase,6.0,6.25,0.25,0.018331596961316327
deepseek-coder-1.3b,call-4,call,,,20,jlens,erase,6.0,7.375,1.375,0.048813722274905956
deepseek-coder-1.3b,call-4,call,,,20,rlens,erase,6.0,7.5,1.5,0.04483142115643888
deepseek-coder-1.3b,call-4,call,,,20,logit,erase,6.0,7.25,1.25,0.030922882538455754
deepseek-coder-1.3b,call-4,call,,,20,offtarget,erase,6.0,4.0,-2.0,0.06434734963106567
deepseek-coder-1.3b,call-4,call,,,20,random,erase,6.0,6.25,0.25,0.005711225341161965
deepseek-coder-1.3b,arith-4,arith,,,12,jlens,erase,-3.0,-2.75,0.25,0.047351551079598084
deepseek-coder-1.3b,arith-4,arith,,,12,rlens,erase,-3.0,-3.0,0.0,0.032751075840818614
deepseek-coder-1.3b,arith-4,arith,,,12,logit,erase,-3.0,-3.25,-0.25,0.021621084353238472
deepseek-coder-1.3b,arith-4,arith,,,12,offtarget,erase,-3.0,-3.0,0.0,0.04254910253388346
deepseek-coder-1.3b,arith-4,arith,,,12,random,erase,-3.0,-3.0,0.0,0.016365372824828264
deepseek-coder-1.3b,arith-4,arith,,,16,jlens,erase,-3.0,-2.0,1.0,0.07621334019330657
deepseek-coder-1.3b,arith-4,arith,,,16,rlens,erase,-3.0,-2.25,0.75,0.059246295922635854
deepseek-coder-1.3b,arith-4,arith,,,16,logit,erase,-3.0,-2.75,0.25,0.0069921849212754815
deepseek-coder-1.3b,arith-4,arith,,,16,offtarget,erase,-3.0,-3.25,-0.25,0.0736049989919278
deepseek-coder-1.3b,arith-4,arith,,,16,random,erase,-3.0,-3.0,0.0,0.002722042677665224
deepseek-coder-1.3b,arith-4,arith,,,20,jlens,erase,-3.0,-1.25,1.75,0.09263062206180203
deepseek-coder-1.3b,arith-4,arith,,,20,rlens,erase,-3.0,-1.25,1.75,0.09002042802460189
deepseek-coder-1.3b,arith-4,arith,,,20,logit,erase,-3.0,-1.5,1.5,0.07351682553839865
deepseek-coder-1.3b,arith-4,arith,,,20,offtarget,erase,-3.0,-3.25,-0.25,0.08673504073991489
deepseek-coder-1.3b,arith-4,arith,,,20,random,erase,-3.0,-3.0,0.0,0.0028341543302999052
deepseek-coder-1.3b,binding-4-outer-answer,binding,binding-4,outer,12,jlens,erase,2.2421875,2.1328125,-0.109375,0.04708099590484938
deepseek-coder-1.3b,binding-4-outer-answer,binding,binding-4,outer,12,rlens,erase,2.2421875,2.09814453125,-0.14404296875,0.06230529838389887
deepseek-coder-1.3b,binding-4-outer-answer,binding,binding-4,outer,12,logit,erase,2.2421875,2.015625,-0.2265625,0.1134929884144014
deepseek-coder-1.3b,binding-4-outer-answer,binding,binding-4,outer,12,offtarget,erase,2.2421875,2.236328125,-0.005859375,0.013486705197006087
deepseek-coder-1.3b,binding-4-outer-answer,binding,binding-4,outer,12,random,erase,2.2421875,2.232421875,-0.009765625,0.024424449230138638
deepseek-coder-1.3b,binding-4-outer-answer,binding,binding-4,outer,16,jlens,erase,2.2421875,2.03125,-0.2109375,0.06776238323505634
deepseek-coder-1.3b,binding-4-outer-answer,binding,binding-4,outer,16,rlens,erase,2.2421875,2.03125,-0.2109375,0.08028763592937448
deepseek-coder-1.3b,binding-4-outer-answer,binding,binding-4,outer,16,logit,erase,2.2421875,1.875,-0.3671875,0.13508992637176317
deepseek-coder-1.3b,binding-4-outer-answer,binding,binding-4,outer,16,offtarget,erase,2.2421875,2.25,0.0078125,0.04370968094570189
deepseek-coder-1.3b,binding-4-outer-answer,binding,binding-4,outer,16,random,erase,2.2421875,2.21484375,-0.02734375,0.0329965130569192
deepseek-coder-1.3b,binding-4-outer-answer,binding,binding-4,outer,20,jlens,erase,2.2421875,2.0,-0.2421875,0.17799617711628055
deepseek-coder-1.3b,binding-4-outer-answer,binding,binding-4,outer,20,rlens,erase,2.2421875,2.0,-0.2421875,0.18911384362143327
deepseek-coder-1.3b,binding-4-outer-answer,binding,binding-4,outer,20,logit,erase,2.2421875,1.5,-0.7421875,0.20890701134603357
deepseek-coder-1.3b,binding-4-outer-answer,binding,binding-4,outer,20,offtarget,erase,2.2421875,3.125,0.8828125,0.11396861516357217
deepseek-coder-1.3b,binding-4-outer-answer,binding,binding-4,outer,20,random,erase,2.2421875,2.236328125,-0.005859375,0.03722857269158247
deepseek-coder-1.3b,binding-4-inner-answer,binding,binding-4,inner,12,jlens,erase,-0.25,-0.25,0.0,0.016853761093189985
deepseek-coder-1.3b,binding-4-inner-answer,binding,binding-4,inner,12,rlens,erase,-0.25,-0.25,0.0,0.02133617966380279
deepseek-coder-1.3b,binding-4-inner-answer,binding,binding-4,inner,12,logit,erase,-0.25,-0.25,0.0,0.07073702916873391
deepseek-coder-1.3b,binding-4-inner-answer,binding,binding-4,inner,12,offtarget,erase,-0.25,-0.25,0.0,0.02288657123771992
deepseek-coder-1.3b,binding-4-inner-answer,binding,binding-4,inner,12,random,erase,-0.25,0.0,0.25,0.005765140389262352
deepseek-coder-1.3b,binding-4-inner-answer,binding,binding-4,inner,16,jlens,erase,-0.25,-0.25,0.0,0.061193988797322
deepseek-coder-1.3b,binding-4-inner-answer,binding,binding-4,inner,16,rlens,erase,-0.25,-0.5,-0.25,0.06710975785276756
deepseek-coder-1.3b,binding-4-inner-answer,binding,binding-4,inner,16,logit,erase,-0.25,-0.25,0.0,0.1109618737975101
deepseek-coder-1.3b,binding-4-inner-answer,binding,binding-4,inner,16,offtarget,erase,-0.25,-0.25,0.0,0.05603689298047756
deepseek-coder-1.3b,binding-4-inner-answer,binding,binding-4,inner,16,random,erase,-0.25,-0.25,0.0,0.017002400495738625
deepseek-coder-1.3b,binding-4-inner-answer,binding,binding-4,inner,20,jlens,erase,-0.25,-0.75,-0.5,0.22053818728119767
deepseek-coder-1.3b,binding-4-inner-answer,binding,binding-4,inner,20,rlens,erase,-0.25,-0.75,-0.5,0.22803434118820742
deepseek-coder-1.3b,binding-4-inner-answer,binding,binding-4,inner,20,logit,erase,-0.25,-0.8125,-0.5625,0.2444028291503015
deepseek-coder-1.3b,binding-4-inner-answer,binding,binding-4,inner,20,offtarget,erase,-0.25,0.5,0.75,0.18963310078264747
deepseek-coder-1.3b,binding-4-inner-answer,binding,binding-4,inner,20,random,erase,-0.25,-0.25,0.0,0.027887283535557496
deepseek-coder-1.3b,alias-4-answer,alias,,,12,jlens,erase,7.625,7.59375,-0.03125,0.02600009389147207
deepseek-coder-1.3b,alias-4-answer,alias,,,12,rlens,erase,7.625,7.625,0.0,0.038436849805725155
deepseek-coder-1.3b,alias-4-answer,alias,,,12,logit,erase,7.625,7.6640625,0.0390625,0.09868252208049069
deepseek-coder-1.3b,alias-4-answer,alias,,,12,offtarget,erase,7.625,7.625,0.0,0.02618144482253041
deepseek-coder-1.3b,alias-4-answer,alias,,,12,random,erase,7.625,7.5625,-0.0625,0.004264879501446441
deepseek-coder-1.3b,alias-4-answer,alias,,,16,jlens,erase,7.625,7.609375,-0.015625,0.05937397640834051
deepseek-coder-1.3b,alias-4-answer,alias,,,16,rlens,erase,7.625,7.52734375,-0.09765625,0.07055188109797131
deepseek-coder-1.3b,alias-4-answer,alias,,,16,logit,erase,7.625,7.3046875,-0.3203125,0.1179911436011941
deepseek-coder-1.3b,alias-4-answer,alias,,,16,offtarget,erase,7.625,7.5,-0.125,0.02318574965826227
deepseek-coder-1.3b,alias-4-answer,alias,,,16,random,erase,7.625,7.6875,0.0625,0.0036917046181009923
deepseek-coder-1.3b,alias-4-answer,alias,,,20,jlens,erase,7.625,6.75,-0.875,0.21163316620732475
deepseek-coder-1.3b,alias-4-answer,alias,,,20,rlens,erase,7.625,6.0,-1.625,0.22212894632743233
deepseek-coder-1.3b,alias-4-answer,alias,,,20,logit,erase,7.625,5.5,-2.125,0.24679165921976678
deepseek-coder-1.3b,alias-4-answer,alias,,,20,offtarget,erase,7.625,7.5,-0.125,0.011367725770176187
deepseek-coder-1.3b,alias-4-answer,alias,,,20,random,erase,7.625,7.625,0.0,0.015748078046394928
deepseek-coder-1.3b,call-4-answer,call,,,12,jlens,erase,12.375,12.125,-0.25,0.06809790228881067
deepseek-coder-1.3b,call-4-answer,call,,,12,rlens,erase,12.375,12.0,-0.375,0.08378456069413516
deepseek-coder-1.3b,call-4-answer,call,,,12,logit,erase,12.375,11.875,-0.5,0.15693310783129127
deepseek-coder-1.3b,call-4-answer,call,,,12,offtarget,erase,12.375,12.25,-0.125,0.050119617702210115
deepseek-coder-1.3b,call-4-answer,call,,,12,random,erase,12.375,12.5,0.125,0.01839484798121157
deepseek-coder-1.3b,call-4-answer,call,,,16,jlens,erase,12.375,12.625,0.25,0.07406688108104997
deepseek-coder-1.3b,call-4-answer,call,,,16,rlens,erase,12.375,12.625,0.25,0.0864195357896103
deepseek-coder-1.3b,call-4-answer,call,,,16,logit,erase,12.375,12.125,-0.25,0.14985747551597223
deepseek-coder-1.3b,call-4-answer,call,,,16,offtarget,erase,12.375,11.625,-0.75,0.05909439824176583
deepseek-coder-1.3b,call-4-answer,call,,,16,random,erase,12.375,12.5,0.125,0.035943739279547214
deepseek-coder-1.3b,call-4-answer,call,,,20,jlens,erase,12.375,12.0,-0.375,0.16977854161692038
deepseek-coder-1.3b,call-4-answer,call,,,20,rlens,erase,12.375,11.25,-1.125,0.1865689418695106
deepseek-coder-1.3b,call-4-answer,call,,,20,logit,erase,12.375,10.25,-2.125,0.21053847361456862
deepseek-coder-1.3b,call-4-answer,call,,,20,offtarget,erase,12.375,11.3125,-1.0625,0.03877194938169486
deepseek-coder-1.3b,call-4-answer,call,,,20,random,erase,12.375,12.375,0.0,0.001282873553262499
deepseek-coder-1.3b,arith-4-answer,arith,,,12,jlens,erase,4.28125,4.26171875,-0.01953125,0.02893446388785738
deepseek-coder-1.3b,arith-4-answer,arith,,,12,rlens,erase,4.28125,4.234375,-0.046875,0.037094564138241345
deepseek-coder-1.3b,arith-4-answer,arith,,,12,logit,erase,4.28125,4.125,-0.15625,0.1046631925333776
deepseek-coder-1.3b,arith-4-answer,arith,,,12,offtarget,erase,4.28125,4.328125,0.046875,0.05256367432414178
deepseek-coder-1.3b,arith-4-answer,arith,,,12,random,erase,4.28125,4.28125,0.0,0.024831373386670814
deepseek-coder-1.3b,arith-4-answer,arith,,,16,jlens,erase,4.28125,3.96875,-0.3125,0.10391352961861003
deepseek-coder-1.3b,arith-4-answer,arith,,,16,rlens,erase,4.28125,3.8125,-0.46875,0.11485375085247715
deepseek-coder-1.3b,arith-4-answer,arith,,,16,logit,erase,4.28125,3.1875,-1.09375,0.1835312844239509
deepseek-coder-1.3b,arith-4-answer,arith,,,16,offtarget,erase,4.28125,4.21875,-0.0625,0.05677332429138718
deepseek-coder-1.3b,arith-4-answer,arith,,,16,random,erase,4.28125,4.28125,0.0,0.004479751444103332
deepseek-coder-1.3b,arith-4-answer,arith,,,20,jlens,erase,4.28125,4.25,-0.03125,0.2343528601466711
deepseek-coder-1.3b,arith-4-answer,arith,,,20,rlens,erase,4.28125,4.0,-0.28125,0.24653159324189824
deepseek-coder-1.3b,arith-4-answer,arith,,,20,logit,erase,4.28125,3.75,-0.53125,0.2588516103192998
deepseek-coder-1.3b,arith-4-answer,arith,,,20,offtarget,erase,4.28125,4.6875,0.40625,0.07257031924503164
deepseek-coder-1.3b,arith-4-answer,arith,,,20,random,erase,4.28125,4.28125,0.0,0.005432819038268629
deepseek-coder-1.3b,binding-5-outer,binding,binding-5,outer,12,jlens,erase,1.125,1.1875,0.0625,0.03421732975242042
deepseek-coder-1.3b,binding-5-outer,binding,binding-5,outer,12,rlens,erase,1.125,1.1875,0.0625,0.014251690962086233
deepseek-coder-1.3b,binding-5-outer,binding,binding-5,outer,12,logit,erase,1.125,1.125,0.0,0.064875946274367
deepseek-coder-1.3b,binding-5-outer,binding,binding-5,outer,12,offtarget,erase,1.125,0.875,-0.25,0.06264480576377517
deepseek-coder-1.3b,binding-5-outer,binding,binding-5,outer,12,random,erase,1.125,1.125,0.0,0.03915508331105765
deepseek-coder-1.3b,binding-5-outer,binding,binding-5,outer,16,jlens,erase,1.125,1.40625,0.28125,0.06738434669496512
deepseek-coder-1.3b,binding-5-outer,binding,binding-5,outer,16,rlens,erase,1.125,1.25,0.125,0.046406138684463256
deepseek-coder-1.3b,binding-5-outer,binding,binding-5,outer,16,logit,erase,1.125,1.0,-0.125,0.04321461245313276
deepseek-coder-1.3b,binding-5-outer,binding,binding-5,outer,16,offtarget,erase,1.125,0.296875,-0.828125,0.07867719398332002
deepseek-coder-1.3b,binding-5-outer,binding,binding-5,outer,16,random,erase,1.125,1.125,0.0,0.03861959685398274
deepseek-coder-1.3b,binding-5-outer,binding,binding-5,outer,20,jlens,erase,1.125,1.71875,0.59375,0.05091276353890212
deepseek-coder-1.3b,binding-5-outer,binding,binding-5,outer,20,rlens,erase,1.125,1.7578125,0.6328125,0.05234581269751973
deepseek-coder-1.3b,binding-5-outer,binding,binding-5,outer,20,logit,erase,1.125,1.4375,0.3125,0.023982464336531704
deepseek-coder-1.3b,binding-5-outer,binding,binding-5,outer,20,offtarget,erase,1.125,0.28125,-0.84375,0.04689042972201667
deepseek-coder-1.3b,binding-5-outer,binding,binding-5,outer,20,random,erase,1.125,1.125,0.0,0.026452810773081727
deepseek-coder-1.3b,binding-5-inner,binding,binding-5,inner,12,jlens,erase,-1.75,-1.5,0.25,0.048727819791677986
deepseek-coder-1.3b,binding-5-inner,binding,binding-5,inner,12,rlens,erase,-1.75,-1.5,0.25,0.04663042870738815
deepseek-coder-1.3b,binding-5-inner,binding,binding-5,inner,12,logit,erase,-1.75,-1.875,-0.125,0.027827331279818786
deepseek-coder-1.3b,binding-5-inner,binding,binding-5,inner,12,offtarget,erase,-1.75,-1.875,-0.125,0.03845990290312514
deepseek-coder-1.3b,binding-5-inner,binding,binding-5,inner,12,random,erase,-1.75,-1.75,0.0,0.009035883847048358
deepseek-coder-1.3b,binding-5-inner,binding,binding-5,inner,16,jlens,erase,-1.75,-1.0625,0.6875,0.06240284368350232
deepseek-coder-1.3b,binding-5-inner,binding,binding-5,inner,16,rlens,erase,-1.75,-1.125,0.625,0.049211250513625376
deepseek-coder-1.3b,binding-5-inner,binding,binding-5,inner,16,logit,erase,-1.75,-1.875,-0.125,0.007804268693912901
deepseek-coder-1.3b,binding-5-inner,binding,binding-5,inner,16,offtarget,erase,-1.75,-2.0,-0.25,0.05914209921727513
deepseek-coder-1.3b,binding-5-inner,binding,binding-5,inner,16,random,erase,-1.75,-1.625,0.125,0.010952931731826597
deepseek-coder-1.3b,binding-5-inner,binding,binding-5,inner,20,jlens,erase,-1.75,-0.796875,0.953125,0.05268576315737537
deepseek-coder-1.3b,binding-5-inner,binding,binding-5,inner,20,rlens,erase,-1.75,-0.71875,1.03125,0.053992523736246426
deepseek-coder-1.3b,binding-5-inner,binding,binding-5,inner,20,logit,erase,-1.75,-0.9375,0.8125,0.04132462671374157
deepseek-coder-1.3b,binding-5-inner,binding,binding-5,inner,20,offtarget,erase,-1.75,-2.421875,-0.671875,0.0499719547896623
deepseek-coder-1.3b,binding-5-inner,binding,binding-5,inner,20,random,erase,-1.75,-1.75,0.0,0.020397182619497495
deepseek-coder-1.3b,alias-5,alias,,,12,jlens,erase,2.75,3.0,0.25,0.06381804265224988
deepseek-coder-1.3b,alias-5,alias,,,12,rlens,erase,2.75,2.75,0.0,0.045925766613530206
deepseek-coder-1.3b,alias-5,alias,,,12,logit,erase,2.75,2.5,-0.25,0.019153701818198
deepseek-coder-1.3b,alias-5,alias,,,12,offtarget,erase,2.75,2.0,-0.75,0.05830580166967378
deepseek-coder-1.3b,alias-5,alias,,,12,random,erase,2.75,2.5,-0.25,0.02386177354831179
deepseek-coder-1.3b,alias-5,alias,,,16,jlens,erase,2.75,3.75,1.0,0.07118597360462622
deepseek-coder-1.3b,alias-5,alias,,,16,rlens,erase,2.75,3.5,0.75,0.05373615642839364
deepseek-coder-1.3b,alias-5,alias,,,16,logit,erase,2.75,2.75,0.0,0.0006710830690203323
deepseek-coder-1.3b,alias-5,alias,,,16,offtarget,erase,2.75,1.25,-1.5,0.06840056863423773
deepseek-coder-1.3b,alias-5,alias,,,16,random,erase,2.75,2.75,0.0,0.0060679868437438006
deepseek-coder-1.3b,alias-5,alias,,,20,jlens,erase,2.75,4.75,2.0,0.0672076778632028
deepseek-coder-1.3b,alias-5,alias,,,20,rlens,erase,2.75,4.75,2.0,0.06326853555494713
deepseek-coder-1.3b,alias-5,alias,,,20,logit,erase,2.75,4.25,1.5,0.04760204947830831
deepseek-coder-1.3b,alias-5,alias,,,20,offtarget,erase,2.75,0.25,-2.5,0.0637133793885406
deepseek-coder-1.3b,alias-5,alias,,,20,random,erase,2.75,2.75,0.0,0.013205543182821832
deepseek-coder-1.3b,call-5,call,,,12,jlens,erase,6.875,7.25,0.375,0.05804944263404029
deepseek-coder-1.3b,call-5,call,,,12,rlens,erase,6.875,7.25,0.375,0.04503376808656383
deepseek-coder-1.3b,call-5,call,,,12,logit,erase,6.875,6.75,-0.125,0.03665911108428562
deepseek-coder-1.3b,call-5,call,,,12,offtarget,erase,6.875,6.75,-0.125,0.013760143842667749
deepseek-coder-1.3b,call-5,call,,,12,random,erase,6.875,6.875,0.0,0.0033901922136029524
deepseek-coder-1.3b,call-5,call,,,16,jlens,erase,6.875,7.75,0.875,0.06075488828704222
deepseek-coder-1.3b,call-5,call,,,16,rlens,erase,6.875,7.5,0.625,0.039884464596863616
deepseek-coder-1.3b,call-5,call,,,16,logit,erase,6.875,6.5,-0.375,0.03775059594410295
deepseek-coder-1.3b,call-5,call,,,16,offtarget,erase,6.875,5.875,-1.0,0.03358662487008998
deepseek-coder-1.3b,call-5,call,,,16,random,erase,6.875,7.0,0.125,0.021828954383714596
deepseek-coder-1.3b,call-5,call,,,20,jlens,erase,6.875,8.1875,1.3125,0.04173295139317242
deepseek-coder-1.3b,call-5,call,,,20,rlens,erase,6.875,8.125,1.25,0.03693622466385272
deepseek-coder-1.3b,call-5,call,,,20,logit,erase,6.875,7.125,0.25,0.005407874271681299
deepseek-coder-1.3b,call-5,call,,,20,offtarget,erase,6.875,4.125,-2.75,0.049395096976079925
deepseek-coder-1.3b,call-5,call,,,20,random,erase,6.875,7.0,0.125,0.0107180059805846
deepseek-coder-1.3b,arith-5,arith,,,12,jlens,erase,-2.75,-2.5,0.25,0.06089045854828131
deepseek-coder-1.3b,arith-5,arith,,,12,rlens,erase,-2.75,-2.75,0.0,0.046719323898465046
deepseek-coder-1.3b,arith-5,arith,,,12,logit,erase,-2.75,-3.0,-0.25,0.006710525897610344
deepseek-coder-1.3b,arith-5,arith,,,12,offtarget,erase,-2.75,-3.0,-0.25,0.04711037047117025
deepseek-coder-1.3b,arith-5,arith,,,12,random,erase,-2.75,-2.75,0.0,0.016717012306185244
deepseek-coder-1.3b,arith-5,arith,,,16,jlens,erase,-2.75,-2.0,0.75,0.07027997075320898
deepseek-coder-1.3b,arith-5,arith,,,16,rlens,erase,-2.75,-2.0,0.75,0.055631238567964356
deepseek-coder-1.3b,arith-5,arith,,,16,logit,erase,-2.75,-2.75,0.0,0.001283998434176501
deepseek-coder-1.3b,arith-5,arith,,,16,offtarget,erase,-2.75,-2.75,0.0,0.08052622801285193
deepseek-coder-1.3b,arith-5,arith,,,16,random,erase,-2.75,-2.75,0.0,0.012423343045558364
deepseek-coder-1.3b,arith-5,arith,,,20,jlens,erase,-2.75,-1.25,1.5,0.08851489189352436
deepseek-coder-1.3b,arith-5,arith,,,20,rlens,erase,-2.75,-1.25,1.5,0.08591365207917152
deepseek-coder-1.3b,arith-5,arith,,,20,logit,erase,-2.75,-1.5,1.25,0.06948378708551002
deepseek-coder-1.3b,arith-5,arith,,,20,offtarget,erase,-2.75,-3.25,-0.5,0.08553556740236198
deepseek-coder-1.3b,arith-5,arith,,,20,random,erase,-2.75,-2.75,0.0,0.0261536311574135
deepseek-coder-1.3b,binding-5-outer-answer,binding,binding-5,outer,12,jlens,erase,0.625,0.625,0.0,0.03277018467977434
deepseek-coder-1.3b,binding-5-outer-answer,binding,binding-5,outer,12,rlens,erase,0.625,0.625,0.0,0.04807666478353239
deepseek-coder-1.3b,binding-5-outer-answer,binding,binding-5,outer,12,logit,erase,0.625,0.625,0.0,0.0979685622667632
deepseek-coder-1.3b,binding-5-outer-answer,binding,binding-5,outer,12,offtarget,erase,0.625,0.6875,0.0625,0.01820344812495524
deepseek-coder-1.3b,binding-5-outer-answer,binding,binding-5,outer,12,random,erase,0.625,0.625,0.0,0.03140154523102875
deepseek-coder-1.3b,binding-5-outer-answer,binding,binding-5,outer,16,jlens,erase,0.625,0.5625,-0.0625,0.03773985033683827
deepseek-coder-1.3b,binding-5-outer-answer,binding,binding-5,outer,16,rlens,erase,0.625,0.5625,-0.0625,0.05374167333700506
deepseek-coder-1.3b,binding-5-outer-answer,binding,binding-5,outer,16,logit,erase,0.625,0.53125,-0.09375,0.09394562342353156
deepseek-coder-1.3b,binding-5-outer-answer,binding,binding-5,outer,16,offtarget,erase,0.625,0.71875,0.09375,0.0574351158997546
deepseek-coder-1.3b,binding-5-outer-answer,binding,binding-5,outer,16,random,erase,0.625,0.625,0.0,0.03140233374941434
deepseek-coder-1.3b,binding-5-outer-answer,binding,binding-5,outer,20,jlens,erase,0.625,-0.125,-0.75,0.14107363765888245
deepseek-coder-1.3b,binding-5-outer-answer,binding,binding-5,outer,20,rlens,erase,0.625,-0.125,-0.75,0.1513551904250502
deepseek-coder-1.3b,binding-5-outer-answer,binding,binding-5,outer,20,logit,erase,0.625,-0.375,-1.0,0.16564339553988494
deepseek-coder-1.3b,binding-5-outer-answer,binding,binding-5,outer,20,offtarget,erase,0.625,1.5,0.875,0.13999223919814088
deepseek-coder-1.3b,binding-5-outer-answer,binding,binding-5,outer,20,random,erase,0.625,0.625,0.0,0.039498712611751134
deepseek-coder-1.3b,binding-5-inner-answer,binding,binding-5,inner,12,jlens,erase,0.4375,0.4375,0.0,0.011218768257723187
deepseek-coder-1.3b,binding-5-inner-answer,binding,binding-5,inner,12,rlens,erase,0.4375,0.5,0.0625,0.01623452064435096
deepseek-coder-1.3b,binding-5-inner-answer,binding,binding-5,inner,12,logit,erase,0.4375,0.5,0.0625,0.07242397555460334
deepseek-coder-1.3b,binding-5-inner-answer,binding,binding-5,inner,12,offtarget,erase,0.4375,0.46875,0.03125,0.022462761077188857
deepseek-coder-1.3b,binding-5-inner-answer,binding,binding-5,inner,12,random,erase,0.4375,0.46875,0.03125,0.029224571139075572
deepseek-coder-1.3b,binding-5-inner-answer,binding,binding-5,inner,16,jlens,erase,0.4375,0.40625,-0.03125,0.056361878146386886
deepseek-coder-1.3b,binding-5-inner-answer,binding,binding-5,inner,16,rlens,erase,0.4375,0.34375,-0.09375,0.06887910732624146
deepseek-coder-1.3b,binding-5-inner-answer,binding,binding-5,inner,16,logit,erase,0.4375,0.34375,-0.09375,0.11418323414535847
deepseek-coder-1.3b,binding-5-inner-answer,binding,binding-5,inner,16,offtarget,erase,0.4375,0.4375,0.0,0.0329981204998995
deepseek-coder-1.3b,binding-5-inner-answer,binding,binding-5,inner,16,random,erase,0.4375,0.4375,0.0,0.04092610879053409
deepseek-coder-1.3b,binding-5-inner-answer,binding,binding-5,inner,20,jlens,erase,0.4375,-0.25,-0.6875,0.19892253529863055
deepseek-coder-1.3b,binding-5-inner-answer,binding,binding-5,inner,20,rlens,erase,0.4375,-0.375,-0.8125,0.20878751535185544
deepseek-coder-1.3b,binding-5-inner-answer,binding,binding-5,inner,20,logit,erase,0.4375,-0.625,-1.0625,0.2270310918710189
deepseek-coder-1.3b,binding-5-inner-answer,binding,binding-5,inner,20,offtarget,erase,0.4375,1.125,0.6875,0.1624413415330192
deepseek-coder-1.3b,binding-5-inner-answer,binding,binding-5,inner,20,random,erase,0.4375,0.4375,0.0,0.05327415514942165
deepseek-coder-1.3b,alias-5-answer,alias,,,12,jlens,erase,10.0,9.90625,-0.09375,0.037592124244747185
deepseek-coder-1.3b,alias-5-answer,alias,,,12,rlens,erase,10.0,9.796875,-0.203125,0.051601774781245786
deepseek-coder-1.3b,alias-5-answer,alias,,,12,logit,erase,10.0,9.578125,-0.421875,0.1271697161507209
deepseek-coder-1.3b,alias-5-answer,alias,,,12,offtarget,erase,10.0,9.8125,-0.1875,0.023723909752977557
deepseek-coder-1.3b,alias-5-answer,alias,,,12,random,erase,10.0,10.03125,0.03125,0.005348909611985445
deepseek-coder-1.3b,alias-5-answer,alias,,,16,jlens,erase,10.0,9.9375,-0.0625,0.08843105805020204
deepseek-coder-1.3b,alias-5-answer,alias,,,16,rlens,erase,10.0,9.5625,-0.4375,0.10316884710601379
deepseek-coder-1.3b,alias-5-answer,alias,,,16,logit,erase,10.0,8.75,-1.25,0.15852915774643014
deepseek-coder-1.3b,alias-5-answer,alias,,,16,offtarget,erase,10.0,9.53125,-0.46875,0.03179851347578534
deepseek-coder-1.3b,alias-5-answer,alias,,,16,random,erase,10.0,9.9375,-0.0625,0.014764215111709363
deepseek-coder-1.3b,alias-5-answer,alias,,,20,jlens,erase,10.0,8.75,-1.25,0.15598794741787433
deepseek-coder-1.3b,alias-5-answer,alias,,,20,rlens,erase,10.0,8.125,-1.875,0.16601173535933958
deepseek-coder-1.3b,alias-5-answer,alias,,,20,logit,erase,10.0,7.375,-2.625,0.1714409378831068
deepseek-coder-1.3b,alias-5-answer,alias,,,20,offtarget,erase,10.0,9.84375,-0.15625,0.008556208713002292
deepseek-coder-1.3b,alias-5-answer,alias,,,20,random,erase,10.0,9.984375,-0.015625,0.005006253771023545
deepseek-coder-1.3b,call-5-answer,call,,,12,jlens,erase,10.75,10.75,0.0,0.04093115050008785
deepseek-coder-1.3b,call-5-answer,call,,,12,rlens,erase,10.75,10.5,-0.25,0.05579864883125589
deepseek-coder-1.3b,call-5-answer,call,,,12,logit,erase,10.75,10.5,-0.25,0.11050735300313294
deepseek-coder-1.3b,call-5-answer,call,,,12,offtarget,erase,10.75,11.0,0.25,0.006393039535167493
deepseek-coder-1.3b,call-5-answer,call,,,12,random,erase,10.75,10.75,0.0,0.019010576524878624
deepseek-coder-1.3b,call-5-answer,call,,,16,jlens,erase,10.75,10.75,0.0,0.01973357845295036
deepseek-coder-1.3b,call-5-answer,call,,,16,rlens,erase,10.75,10.75,0.0,0.04152166639226994
deepseek-coder-1.3b,call-5-answer,call,,,16,logit,erase,10.75,10.5,-0.25,0.11223664009318318
deepseek-coder-1.3b,call-5-answer,call,,,16,offtarget,erase,10.75,10.25,-0.5,0.03574720002298017
deepseek-coder-1.3b,call-5-answer,call,,,16,random,erase,10.75,10.75,0.0,0.046651998632183285
deepseek-coder-1.3b,call-5-answer,call,,,20,jlens,erase,10.75,9.8515625,-0.8984375,0.1375297842977041
deepseek-coder-1.3b,call-5-answer,call,,,20,rlens,erase,10.75,9.296875,-1.453125,0.14972972272276847
deepseek-coder-1.3b,call-5-answer,call,,,20,logit,erase,10.75,8.59375,-2.15625,0.16671076487956502
deepseek-coder-1.3b,call-5-answer,call,,,20,offtarget,erase,10.75,11.5,0.75,0.024047863950119045
deepseek-coder-1.3b,call-5-answer,call,,,20,random,erase,10.75,10.5,-0.25,0.05138865908347548
deepseek-coder-1.3b,arith-5-answer,arith,,,12,jlens,erase,4.21875,4.1875,-0.03125,0.0015396603035037265
deepseek-coder-1.3b,arith-5-answer,arith,,,12,rlens,erase,4.21875,4.1875,-0.03125,0.010349929824855985
deepseek-coder-1.3b,arith-5-answer,arith,,,12,logit,erase,4.21875,4.1875,-0.03125,0.07393598962989908
deepseek-coder-1.3b,arith-5-answer,arith,,,12,offtarget,erase,4.21875,4.1875,-0.03125,0.04615443129568739
deepseek-coder-1.3b,arith-5-answer,arith,,,12,random,erase,4.21875,4.1875,-0.03125,0.010989388854450298
deepseek-coder-1.3b,arith-5-answer,arith,,,16,jlens,erase,4.21875,4.125,-0.09375,0.08014473067239207
deepseek-coder-1.3b,arith-5-answer,arith,,,16,rlens,erase,4.21875,4.0625,-0.15625,0.0962101490020324
deepseek-coder-1.3b,arith-5-answer,arith,,,16,logit,erase,4.21875,3.75,-0.46875,0.16112571790485034
deepseek-coder-1.3b,arith-5-answer,arith,,,16,offtarget,erase,4.21875,4.25,0.03125,0.0323913871362944
deepseek-coder-1.3b,arith-5-answer,arith,,,16,random,erase,4.21875,4.21875,0.0,0.025099651375409253
deepseek-coder-1.3b,arith-5-answer,arith,,,20,jlens,erase,4.21875,4.0,-0.21875,0.2091274646824798
deepseek-coder-1.3b,arith-5-answer,arith,,,20,rlens,erase,4.21875,4.0,-0.21875,0.22581831825870133
deepseek-coder-1.3b,arith-5-answer,arith,,,20,logit,erase,4.21875,3.5,-0.71875,0.23411160753281612
deepseek-coder-1.3b,arith-5-answer,arith,,,20,offtarget,erase,4.21875,4.375,0.15625,0.07300332677540519
deepseek-coder-1.3b,arith-5-answer,arith,,,20,random,erase,4.21875,4.25,0.03125,0.0164387878660793
deepseek-coder-1.3b,binding-6-outer,binding,binding-6,outer,12,jlens,erase,0.5,0.6875,0.1875,0.0482637460719523
deepseek-coder-1.3b,binding-6-outer,binding,binding-6,outer,12,rlens,erase,0.5,0.5625,0.0625,0.030310838716178918
deepseek-coder-1.3b,binding-6-outer,binding,binding-6,outer,12,logit,erase,0.5,0.3125,-0.1875,0.047318593371149624
deepseek-coder-1.3b,binding-6-outer,binding,binding-6,outer,12,offtarget,erase,0.5,0.3125,-0.1875,0.058333583309305395
deepseek-coder-1.3b,binding-6-outer,binding,binding-6,outer,12,random,erase,0.5,0.4375,-0.0625,0.009885854699518028
deepseek-coder-1.3b,binding-6-outer,binding,binding-6,outer,16,jlens,erase,0.5,0.8125,0.3125,0.06587522055249528
deepseek-coder-1.3b,binding-6-outer,binding,binding-6,outer,16,rlens,erase,0.5,0.71875,0.21875,0.044029369503340694
deepseek-coder-1.3b,binding-6-outer,binding,binding-6,outer,16,logit,erase,0.5,0.25,-0.25,0.034218399151807286
deepseek-coder-1.3b,binding-6-outer,binding,binding-6,outer,16,offtarget,erase,0.5,-0.078125,-0.578125,0.0792507498604281
deepseek-coder-1.3b,binding-6-outer,binding,binding-6,outer,16,random,erase,0.5,0.5,0.0,0.013727389758058517
deepseek-coder-1.3b,binding-6-outer,binding,binding-6,outer,20,jlens,erase,0.5,0.859375,0.359375,0.03473548843135323
deepseek-coder-1.3b,binding-6-outer,binding,binding-6,outer,20,rlens,erase,0.5,0.902099609375,0.402099609375,0.03603025037129211
deepseek-coder-1.3b,binding-6-outer,binding,binding-6,outer,20,logit,erase,0.5,0.71875,0.21875,0.015715236934560017
deepseek-coder-1.3b,binding-6-outer,binding,binding-6,outer,20,offtarget,erase,0.5,-0.0625,-0.5625,0.03469892717812305
deepseek-coder-1.3b,binding-6-outer,binding,binding-6,outer,20,random,erase,0.5,0.5,0.0,0.028027389715555098
deepseek-coder-1.3b,binding-6-inner,binding,binding-6,inner,12,jlens,erase,-1.0,-0.78125,0.21875,0.05064684051055814
deepseek-coder-1.3b,binding-6-inner,binding,binding-6,inner,12,rlens,erase,-1.0,-0.75,0.25,0.04865293537213835
deepseek-coder-1.3b,binding-6-inner,binding,binding-6,inner,12,logit,erase,-1.0,-1.0625,-0.0625,0.015124342814529375
deepseek-coder-1.3b,binding-6-inner,binding,binding-6,inner,12,offtarget,erase,-1.0,-1.125,-0.125,0.03119723247939144
deepseek-coder-1.3b,binding-6-inner,binding,binding-6,inner,12,random,erase,-1.0,-1.0,0.0,0.03469873490713798
deepseek-coder-1.3b,binding-6-inner,binding,binding-6,inner,16,jlens,erase,-1.0,-0.3125,0.6875,0.07976770747848473
deepseek-coder-1.3b,binding-6-inner,binding,binding-6,inner,16,rlens,erase,-1.0,-0.375,0.625,0.06524117297789177
deepseek-coder-1.3b,binding-6-inner,binding,binding-6,inner,16,logit,erase,-1.0,-0.96875,0.03125,0.0039341304011478
deepseek-coder-1.3b,binding-6-inner,binding,binding-6,inner,16,offtarget,erase,-1.0,-1.42578125,-0.42578125,0.04827737788475265
deepseek-coder-1.3b,binding-6-inner,binding,binding-6,inner,16,random,erase,-1.0,-1.0,0.0,0.021486811505434744
deepseek-coder-1.3b,binding-6-inner,binding,binding-6,inner,20,jlens,erase,-1.0,-0.3125,0.6875,0.04024938685912626
deepseek-coder-1.3b,binding-6-inner,binding,binding-6,inner,20,rlens,erase,-1.0,-0.25,0.75,0.0422606985407233
deepseek-coder-1.3b,binding-6-inner,binding,binding-6,inner,20,logit,erase,-1.0,-0.1875,0.8125,0.04058836351009164
deepseek-coder-1.3b,binding-6-inner,binding,binding-6,inner,20,offtarget,erase,-1.0,-1.375,-0.375,0.029289564917912247
deepseek-coder-1.3b,binding-6-inner,binding,binding-6,inner,20,random,erase,-1.0,-1.0,0.0,0.008828219946915376
deepseek-coder-1.3b,alias-6,alias,,,12,jlens,erase,1.75,2.5,0.75,0.07356945859851567
deepseek-coder-1.3b,alias-6,alias,,,12,rlens,erase,1.75,2.5,0.75,0.05402347757096701
deepseek-coder-1.3b,alias-6,alias,,,12,logit,erase,1.75,1.5,-0.25,0.024727951779309244
deepseek-coder-1.3b,alias-6,alias,,,12,offtarget,erase,1.75,1.25,-0.5,0.06513110434291794
deepseek-coder-1.3b,alias-6,alias,,,12,random,erase,1.75,1.75,0.0,0.006667247853424245
deepseek-coder-1.3b,alias-6,alias,,,16,jlens,erase,1.75,3.5,1.75,0.09957705405584122
deepseek-coder-1.3b,alias-6,alias,,,16,rlens,erase,1.75,3.25,1.5,0.07498374420223
deepseek-coder-1.3b,alias-6,alias,,,16,logit,erase,1.75,1.75,0.0,0.0013980387372610438
deepseek-coder-1.3b,alias-6,alias,,,16,offtarget,erase,1.75,0.25,-1.5,0.07388616297047348
deepseek-coder-1.3b,alias-6,alias,,,16,random,erase,1.75,2.0,0.25,0.026189699059131745
deepseek-coder-1.3b,alias-6,alias,,,20,jlens,erase,1.75,4.25,2.5,0.06902060720776083
deepseek-coder-1.3b,alias-6,alias,,,20,rlens,erase,1.75,4.25,2.5,0.06441096798689268
deepseek-coder-1.3b,alias-6,alias,,,20,logit,erase,1.75,4.0,2.25,0.05009287606108181
deepseek-coder-1.3b,alias-6,alias,,,20,offtarget,erase,1.75,0.25,-1.5,0.043946376406635575
deepseek-coder-1.3b,alias-6,alias,,,20,random,erase,1.75,1.75,0.0,0.027905568381169792
deepseek-coder-1.3b,arith-6,arith,,,12,jlens,erase,-4.0,-4.0,0.0,0.06683844824872157
deepseek-coder-1.3b,arith-6,arith,,,12,rlens,erase,-4.0,-3.75,0.25,0.05314947175995518
deepseek-coder-1.3b,arith-6,arith,,,12,logit,erase,-4.0,-4.25,-0.25,0.0001603453089949237
deepseek-coder-1.3b,arith-6,arith,,,12,offtarget,erase,-4.0,-4.0,0.0,0.04651926323732933
deepseek-coder-1.3b,arith-6,arith,,,12,random,erase,-4.0,-4.0,0.0,0.01419558774415223
deepseek-coder-1.3b,arith-6,arith,,,16,jlens,erase,-4.0,-3.25,0.75,0.09633653921860556
deepseek-coder-1.3b,arith-6,arith,,,16,rlens,erase,-4.0,-3.25,0.75,0.07986648487688992
deepseek-coder-1.3b,arith-6,arith,,,16,logit,erase,-4.0,-3.5,0.5,0.03051785380437371
deepseek-coder-1.3b,arith-6,arith,,,16,offtarget,erase,-4.0,-4.0,0.0,0.0800938301019051
deepseek-coder-1.3b,arith-6,arith,,,16,random,erase,-4.0,-4.0,0.0,0.001645257824703618
deepseek-coder-1.3b,arith-6,arith,,,20,jlens,erase,-4.0,-2.0,2.0,0.1073861247150402
deepseek-coder-1.3b,arith-6,arith,,,20,rlens,erase,-4.0,-1.75,2.25,0.10532009341293985
deepseek-coder-1.3b,arith-6,arith,,,20,logit,erase,-4.0,-2.0,2.0,0.09182781820934463
deepseek-coder-1.3b,arith-6,arith,,,20,offtarget,erase,-4.0,-4.5,-0.5,0.08805990839412801
deepseek-coder-1.3b,arith-6,arith,,,20,random,erase,-4.0,-4.0,0.0,0.0025119896135354595
deepseek-coder-1.3b,binding-6-outer-answer,binding,binding-6,outer,12,jlens,erase,0.5,0.5,0.0,0.03774684561898749
deepseek-coder-1.3b,binding-6-outer-answer,binding,binding-6,outer,12,rlens,erase,0.5,0.5,0.0,0.05361591932230498
deepseek-coder-1.3b,binding-6-outer-answer,binding,binding-6,outer,12,logit,erase,0.5,0.25,-0.25,0.10733811495052221
deepseek-coder-1.3b,binding-6-outer-answer,binding,binding-6,outer,12,offtarget,erase,0.5,0.5,0.0,0.00700267424576405
deepseek-coder-1.3b,binding-6-outer-answer,binding,binding-6,outer,12,random,erase,0.5,0.5,0.0,0.033542532319315886
deepseek-coder-1.3b,binding-6-outer-answer,binding,binding-6,outer,16,jlens,erase,0.5,0.25,-0.25,0.05202650305028713
deepseek-coder-1.3b,binding-6-outer-answer,binding,binding-6,outer,16,rlens,erase,0.5,0.25,-0.25,0.06681819843711855
deepseek-coder-1.3b,binding-6-outer-answer,binding,binding-6,outer,16,logit,erase,0.5,0.125,-0.375,0.12373793382939843
deepseek-coder-1.3b,binding-6-outer-answer,binding,binding-6,outer,16,offtarget,erase,0.5,0.5,0.0,0.02830185623839815
deepseek-coder-1.3b,binding-6-outer-answer,binding,binding-6,outer,16,random,erase,0.5,0.5,0.0,0.0010038242188862322
deepseek-coder-1.3b,binding-6-outer-answer,binding,binding-6,outer,20,jlens,erase,0.5,-0.375,-0.875,0.1405497374897773
deepseek-coder-1.3b,binding-6-outer-answer,binding,binding-6,outer,20,rlens,erase,0.5,-0.5,-1.0,0.14978086456167958
deepseek-coder-1.3b,binding-6-outer-answer,binding,binding-6,outer,20,logit,erase,0.5,-0.6875,-1.1875,0.1680732870779061
deepseek-coder-1.3b,binding-6-outer-answer,binding,binding-6,outer,20,offtarget,erase,0.5,1.25,0.75,0.14624253172040574
deepseek-coder-1.3b,binding-6-outer-answer,binding,binding-6,outer,20,random,erase,0.5,0.5,0.0,0.000706074862639253
deepseek-coder-1.3b,binding-6-inner-answer,binding,binding-6,inner,12,jlens,erase,0.5,0.5,0.0,0.0007368883589152121
deepseek-coder-1.3b,binding-6-inner-answer,binding,binding-6,inner,12,rlens,erase,0.5,0.75,0.25,0.003934951643067117
deepseek-coder-1.3b,binding-6-inner-answer,binding,binding-6,inner,12,logit,erase,0.5,0.5,0.0,0.0633205737412306
deepseek-coder-1.3b,binding-6-inner-answer,binding,binding-6,inner,12,offtarget,erase,0.5,0.5,0.0,0.03193519065458188
deepseek-coder-1.3b,binding-6-inner-answer,binding,binding-6,inner,12,random,erase,0.5,0.75,0.25,0.011884017042750453
deepseek-coder-1.3b,binding-6-inner-answer,binding,binding-6,inner,16,jlens,erase,0.5,0.5,0.0,0.03841346735461641
deepseek-coder-1.3b,binding-6-inner-answer,binding,binding-6,inner,16,rlens,erase,0.5,0.5,0.0,0.04845698431108533
deepseek-coder-1.3b,binding-6-inner-answer,binding,binding-6,inner,16,logit,erase,0.5,0.5,0.0,0.09804108924890223
deepseek-coder-1.3b,binding-6-inner-answer,binding,binding-6,inner,16,offtarget,erase,0.5,0.75,0.25,0.05791778062964273
deepseek-coder-1.3b,binding-6-inner-answer,binding,binding-6,inner,16,random,erase,0.5,0.75,0.25,0.013347616662935801
deepseek-coder-1.3b,binding-6-inner-answer,binding,binding-6,inner,20,jlens,erase,0.5,0.125,-0.375,0.21682417685793998
deepseek-coder-1.3b,binding-6-inner-answer,binding,binding-6,inner,20,rlens,erase,0.5,0.03125,-0.46875,0.2270346030967816
deepseek-coder-1.3b,binding-6-inner-answer,binding,binding-6,inner,20,logit,erase,0.5,-0.28125,-0.78125,0.2462261119270931
deepseek-coder-1.3b,binding-6-inner-answer,binding,binding-6,inner,20,offtarget,erase,0.5,1.5625,1.0625,0.15613076318136254
deepseek-coder-1.3b,binding-6-inner-answer,binding,binding-6,inner,20,random,erase,0.5,0.75,0.25,0.01897261728927678
deepseek-coder-1.3b,alias-6-answer,alias,,,12,jlens,erase,10.375,10.265625,-0.109375,0.026896544033671595
deepseek-coder-1.3b,alias-6-answer,alias,,,12,rlens,erase,10.375,10.21875,-0.15625,0.03432016854383295
deepseek-coder-1.3b,alias-6-answer,alias,,,12,logit,erase,10.375,10.1328125,-0.2421875,0.10980742073604577
deepseek-coder-1.3b,alias-6-answer,alias,,,12,offtarget,erase,10.375,10.375,0.0,0.019308844292100103
deepseek-coder-1.3b,alias-6-answer,alias,,,12,random,erase,10.375,10.34375,-0.03125,0.0296279472016588
deepseek-coder-1.3b,alias-6-answer,alias,,,16,jlens,erase,10.375,10.265625,-0.109375,0.0546085935886244
deepseek-coder-1.3b,alias-6-answer,alias,,,16,rlens,erase,10.375,10.125,-0.25,0.07138657334038298
deepseek-coder-1.3b,alias-6-answer,alias,,,16,logit,erase,10.375,9.9140625,-0.4609375,0.12399992560080846
deepseek-coder-1.3b,alias-6-answer,alias,,,16,offtarget,erase,10.375,10.125,-0.25,0.03204477694352728
deepseek-coder-1.3b,alias-6-answer,alias,,,16,random,erase,10.375,10.40625,0.03125,0.02609784383835147
deepseek-coder-1.3b,alias-6-answer,alias,,,20,jlens,erase,10.375,9.25,-1.125,0.19924798018524542
deepseek-coder-1.3b,alias-6-answer,alias,,,20,rlens,erase,10.375,8.75,-1.625,0.21742137945286058
deepseek-coder-1.3b,alias-6-answer,alias,,,20,logit,erase,10.375,7.875,-2.5,0.23935125844063423
deepseek-coder-1.3b,alias-6-answer,alias,,,20,offtarget,erase,10.375,10.453125,0.078125,0.005017762179835857
deepseek-coder-1.3b,alias-6-answer,alias,,,20,random,erase,10.375,10.40625,0.03125,0.03178360959773297
deepseek-coder-1.3b,arith-6-answer,arith,,,12,jlens,erase,4.1875,4.2265625,0.0390625,0.01883670713751709
deepseek-coder-1.3b,arith-6-answer,arith,,,12,rlens,erase,4.1875,4.23046875,0.04296875,0.026853084690105028
deepseek-coder-1.3b,arith-6-answer,arith,,,12,logit,erase,4.1875,4.21875,0.03125,0.0873074342121532
deepseek-coder-1.3b,arith-6-answer,arith,,,12,offtarget,erase,4.1875,4.21875,0.03125,0.046071830748179624
deepseek-coder-1.3b,arith-6-answer,arith,,,12,random,erase,4.1875,4.234375,0.046875,0.016519766328282424
deepseek-coder-1.3b,arith-6-answer,arith,,,16,jlens,erase,4.1875,4.046875,-0.140625,0.06618014939309057
deepseek-coder-1.3b,arith-6-answer,arith,,,16,rlens,erase,4.1875,4.03125,-0.15625,0.0798639589169001
deepseek-coder-1.3b,arith-6-answer,arith,,,16,logit,erase,4.1875,3.78125,-0.40625,0.144039477124183
deepseek-coder-1.3b,arith-6-answer,arith,,,16,offtarget,erase,4.1875,4.171875,-0.015625,0.050485107376283846
deepseek-coder-1.3b,arith-6-answer,arith,,,16,random,erase,4.1875,4.1875,0.0,0.019010240429505134
deepseek-coder-1.3b,arith-6-answer,arith,,,20,jlens,erase,4.1875,3.75,-0.4375,0.20103610086124213
deepseek-coder-1.3b,arith-6-answer,arith,,,20,rlens,erase,4.1875,3.5,-0.6875,0.21620179336439402
deepseek-coder-1.3b,arith-6-answer,arith,,,20,logit,erase,4.1875,3.0,-1.1875,0.2391330455873085
deepseek-coder-1.3b,arith-6-answer,arith,,,20,offtarget,erase,4.1875,4.5625,0.375,0.06286789751747249
deepseek-coder-1.3b,arith-6-answer,arith,,,20,random,erase,4.1875,4.171875,-0.015625,0.012286033224520666
deepseek-coder-1.3b,binding-7-outer,binding,binding-7,outer,12,jlens,erase,-0.93017578125,-0.765625,0.16455078125,0.04921288679482255
deepseek-coder-1.3b,binding-7-outer,binding,binding-7,outer,12,rlens,erase,-0.93017578125,-0.8046875,0.12548828125,0.03652697554384531
deepseek-coder-1.3b,binding-7-outer,binding,binding-7,outer,12,logit,erase,-0.93017578125,-1.09375,-0.16357421875,0.03617002303367652
deepseek-coder-1.3b,binding-7-outer,binding,binding-7,outer,12,offtarget,erase,-0.93017578125,-1.03125,-0.10107421875,0.04850680790878906
deepseek-coder-1.3b,binding-7-outer,binding,binding-7,outer,12,random,erase,-0.93017578125,-0.93359375,-0.00341796875,0.015738446969656168
deepseek-coder-1.3b,binding-7-outer,binding,binding-7,outer,16,jlens,erase,-0.93017578125,-0.3125,0.61767578125,0.07329747418469161
deepseek-coder-1.3b,binding-7-outer,binding,binding-7,outer,16,rlens,erase,-0.93017578125,-0.375,0.55517578125,0.05761688793403799
deepseek-coder-1.3b,binding-7-outer,binding,binding-7,outer,16,logit,erase,-0.93017578125,-1.0859375,-0.15576171875,0.016246823083734697
deepseek-coder-1.3b,binding-7-outer,binding,binding-7,outer,16,offtarget,erase,-0.93017578125,-1.3125,-0.38232421875,0.07650801659181644
deepseek-coder-1.3b,binding-7-outer,binding,binding-7,outer,16,random,erase,-0.93017578125,-0.927734375,0.00244140625,0.02816456513320789
deepseek-coder-1.3b,binding-7-outer,binding,binding-7,outer,20,jlens,erase,-0.93017578125,0.125,1.05517578125,0.05798193477522807
deepseek-coder-1.3b,binding-7-outer,binding,binding-7,outer,20,rlens,erase,-0.93017578125,0.125,1.05517578125,0.06181405155583773
deepseek-coder-1.3b,binding-7-outer,binding,binding-7,outer,20,logit,erase,-0.93017578125,-0.25,0.68017578125,0.038592750692984575
deepseek-coder-1.3b,binding-7-outer,binding,binding-7,outer,20,offtarget,erase,-0.93017578125,-1.5,-0.56982421875,0.04543056682110649
deepseek-coder-1.3b,binding-7-outer,binding,binding-7,outer,20,random,erase,-0.93017578125,-0.9453125,-0.01513671875,0.017857027776770604
deepseek-coder-1.3b,binding-7-inner,binding,binding-7,inner,12,jlens,erase,1.25,1.5,0.25,0.02551717493582643
deepseek-coder-1.3b,binding-7-inner,binding,binding-7,inner,12,rlens,erase,1.25,1.5,0.25,0.018699960756893695
deepseek-coder-1.3b,binding-7-inner,binding,binding-7,inner,12,logit,erase,1.25,1.25,0.0,0.038854898739967565
deepseek-coder-1.3b,binding-7-inner,binding,binding-7,inner,12,offtarget,erase,1.25,1.25,0.0,0.04936114987411017
deepseek-coder-1.3b,binding-7-inner,binding,binding-7,inner,12,random,erase,1.25,1.25,0.0,0.020267656326200208
deepseek-coder-1.3b,binding-7-inner,binding,binding-7,inner,16,jlens,erase,1.25,1.75,0.5,0.050092652052981176
deepseek-coder-1.3b,binding-7-inner,binding,binding-7,inner,16,rlens,erase,1.25,1.75,0.5,0.034963774396633916
deepseek-coder-1.3b,binding-7-inner,binding,binding-7,inner,16,logit,erase,1.25,1.0,-0.25,0.023292159294162142
deepseek-coder-1.3b,binding-7-inner,binding,binding-7,inner,16,offtarget,erase,1.25,0.5,-0.75,0.08171964751443903
deepseek-coder-1.3b,binding-7-inner,binding,binding-7,inner,16,random,erase,1.25,1.25,0.0,0.0026216252102818464
deepseek-coder-1.3b,binding-7-inner,binding,binding-7,inner,20,jlens,erase,1.25,2.0,0.75,0.05774465079269544
deepseek-coder-1.3b,binding-7-inner,binding,binding-7,inner,20,rlens,erase,1.25,2.0,0.75,0.05562859850271009
deepseek-coder-1.3b,binding-7-inner,binding,binding-7,inner,20,logit,erase,1.25,1.75,0.5,0.03694095398797865
deepseek-coder-1.3b,binding-7-inner,binding,binding-7,inner,20,offtarget,erase,1.25,-0.125,-1.375,0.07782768441371153
deepseek-coder-1.3b,binding-7-inner,binding,binding-7,inner,20,random,erase,1.25,1.25,0.0,0.007977170967295538
deepseek-coder-1.3b,alias-7,alias,,,12,jlens,erase,3.25,3.75,0.5,0.05806908638157845
deepseek-coder-1.3b,alias-7,alias,,,12,rlens,erase,3.25,3.625,0.375,0.036575560223372154
deepseek-coder-1.3b,alias-7,alias,,,12,logit,erase,3.25,2.75,-0.5,0.03529000798143722
deepseek-coder-1.3b,alias-7,alias,,,12,offtarget,erase,3.25,2.75,-0.5,0.038121495736421845
deepseek-coder-1.3b,alias-7,alias,,,12,random,erase,3.25,3.125,-0.125,0.02303059528416292
deepseek-coder-1.3b,alias-7,alias,,,16,jlens,erase,3.25,4.3125,1.0625,0.05943824213716966
deepseek-coder-1.3b,alias-7,alias,,,16,rlens,erase,3.25,4.0,0.75,0.03957043408941333
deepseek-coder-1.3b,alias-7,alias,,,16,logit,erase,3.25,2.5,-0.75,0.032047772545675327
deepseek-coder-1.3b,alias-7,alias,,,16,offtarget,erase,3.25,2.125,-1.125,0.050687136752532884
deepseek-coder-1.3b,alias-7,alias,,,16,random,erase,3.25,3.25,0.0,0.028784776744746526
deepseek-coder-1.3b,alias-7,alias,,,20,jlens,erase,3.25,4.375,1.125,0.0372698545048449
deepseek-coder-1.3b,alias-7,alias,,,20,rlens,erase,3.25,4.4375,1.1875,0.03657459468712751
deepseek-coder-1.3b,alias-7,alias,,,20,logit,erase,3.25,3.75,0.5,0.01617160552686151
deepseek-coder-1.3b,alias-7,alias,,,20,offtarget,erase,3.25,2.25,-1.0,0.02604497994806164
deepseek-coder-1.3b,alias-7,alias,,,20,random,erase,3.25,3.125,-0.125,0.018871122557397597
deepseek-coder-1.3b,call-7,call,,,12,jlens,erase,2.5,2.75,0.25,0.05554133662022238
deepseek-coder-1.3b,call-7,call,,,12,rlens,erase,2.5,2.5,0.0,0.03907303043489291
deepseek-coder-1.3b,call-7,call,,,12,logit,erase,2.5,2.0,-0.5,0.030039358700216807
deepseek-coder-1.3b,call-7,call,,,12,offtarget,erase,2.5,1.5,-1.0,0.06594095759925714
deepseek-coder-1.3b,call-7,call,,,12,random,erase,2.5,2.25,-0.25,0.0032444093415024394
deepseek-coder-1.3b,call-7,call,,,16,jlens,erase,2.5,3.5,1.0,0.06912233996746862
deepseek-coder-1.3b,call-7,call,,,16,rlens,erase,2.5,3.25,0.75,0.05137941340331199
deepseek-coder-1.3b,call-7,call,,,16,logit,erase,2.5,2.25,-0.25,0.00948425794988405
deepseek-coder-1.3b,call-7,call,,,16,offtarget,erase,2.5,0.75,-1.75,0.07136598297211363
deepseek-coder-1.3b,call-7,call,,,16,random,erase,2.5,2.5,0.0,0.018796036656253942
deepseek-coder-1.3b,call-7,call,,,20,jlens,erase,2.5,4.5,2.0,0.06538191824331974
deepseek-coder-1.3b,call-7,call,,,20,rlens,erase,2.5,4.5,2.0,0.06368270968579999
deepseek-coder-1.3b,call-7,call,,,20,logit,erase,2.5,4.5,2.0,0.06116115103078764
deepseek-coder-1.3b,call-7,call,,,20,offtarget,erase,2.5,0.25,-2.25,0.046423046573189825
deepseek-coder-1.3b,call-7,call,,,20,random,erase,2.5,2.5,0.0,0.016233065929634822
deepseek-coder-1.3b,arith-7,arith,,,12,jlens,erase,-1.5,-1.25,0.25,0.0639342275046621
deepseek-coder-1.3b,arith-7,arith,,,12,rlens,erase,-1.5,-1.0,0.5,0.04996755866939711
deepseek-coder-1.3b,arith-7,arith,,,12,logit,erase,-1.5,-1.5,0.0,0.009103924730021003
deepseek-coder-1.3b,arith-7,arith,,,12,offtarget,erase,-1.5,-1.5,0.0,0.05352750942650612
deepseek-coder-1.3b,arith-7,arith,,,12,random,erase,-1.5,-1.25,0.25,0.046754162185790794
deepseek-coder-1.3b,arith-7,arith,,,16,jlens,erase,-1.5,-0.75,0.75,0.08772109491947352
deepseek-coder-1.3b,arith-7,arith,,,16,rlens,erase,-1.5,-0.75,0.75,0.07517675951877173
deepseek-coder-1.3b,arith-7,arith,,,16,logit,erase,-1.5,-1.0,0.5,0.024752474322009534
deepseek-coder-1.3b,arith-7,arith,,,16,offtarget,erase,-1.5,-1.5,0.0,0.07221779696876504
deepseek-coder-1.3b,arith-7,arith,,,16,random,erase,-1.5,-1.25,0.25,0.039337019319854206
deepseek-coder-1.3b,arith-7,arith,,,20,jlens,erase,-1.5,0.25,1.75,0.10320114180973068
deepseek-coder-1.3b,arith-7,arith,,,20,rlens,erase,-1.5,0.75,2.25,0.10260352746801153
deepseek-coder-1.3b,arith-7,arith,,,20,logit,erase,-1.5,0.25,1.75,0.08773367588557116
deepseek-coder-1.3b,arith-7,arith,,,20,offtarget,erase,-1.5,-2.0,-0.5,0.09382903349202933
deepseek-coder-1.3b,arith-7,arith,,,20,random,erase,-1.5,-1.5,0.0,0.025811712402422467
deepseek-coder-1.3b,binding-7-outer-answer,binding,binding-7,outer,12,jlens,erase,1.75,1.75,0.0,0.022990275880497964
deepseek-coder-1.3b,binding-7-outer-answer,binding,binding-7,outer,12,rlens,erase,1.75,1.75,0.0,0.028556235869578558
deepseek-coder-1.3b,binding-7-outer-answer,binding,binding-7,outer,12,logit,erase,1.75,1.6875,-0.0625,0.08359861675129578
deepseek-coder-1.3b,binding-7-outer-answer,binding,binding-7,outer,12,offtarget,erase,1.75,1.75,0.0,0.025358686611690284
deepseek-coder-1.3b,binding-7-outer-answer,binding,binding-7,outer,12,random,erase,1.75,1.875,0.125,0.0012251561397235164
deepseek-coder-1.3b,binding-7-outer-answer,binding,binding-7,outer,16,jlens,erase,1.75,1.8125,0.0625,0.03502099442514212
deepseek-coder-1.3b,binding-7-outer-answer,binding,binding-7,outer,16,rlens,erase,1.75,1.6875,-0.0625,0.04491127825326719
deepseek-coder-1.3b,binding-7-outer-answer,binding,binding-7,outer,16,logit,erase,1.75,1.6875,-0.0625,0.09666850171705287
deepseek-coder-1.3b,binding-7-outer-answer,binding,binding-7,outer,16,offtarget,erase,1.75,1.875,0.125,0.027460823038994612
deepseek-coder-1.3b,binding-7-outer-answer,binding,binding-7,outer,16,random,erase,1.75,1.75,0.0,0.010128055652837021
deepseek-coder-1.3b,binding-7-outer-answer,binding,binding-7,outer,20,jlens,erase,1.75,1.5,-0.25,0.22008065469112723
deepseek-coder-1.3b,binding-7-outer-answer,binding,binding-7,outer,20,rlens,erase,1.75,1.25,-0.5,0.22784768478876288
deepseek-coder-1.3b,binding-7-outer-answer,binding,binding-7,outer,20,logit,erase,1.75,1.125,-0.625,0.24319059308076127
deepseek-coder-1.3b,binding-7-outer-answer,binding,binding-7,outer,20,offtarget,erase,1.75,3.125,1.375,0.12318528785617572
deepseek-coder-1.3b,binding-7-outer-answer,binding,binding-7,outer,20,random,erase,1.75,1.75,0.0,0.02825679484274558
deepseek-coder-1.3b,binding-7-inner-answer,binding,binding-7,inner,12,jlens,erase,0.75,0.625,-0.125,0.03521561669977201
deepseek-coder-1.3b,binding-7-inner-answer,binding,binding-7,inner,12,rlens,erase,0.75,0.75,0.0,0.04814411298325772
deepseek-coder-1.3b,binding-7-inner-answer,binding,binding-7,inner,12,logit,erase,0.75,0.75,0.0,0.09443210193693012
deepseek-coder-1.3b,binding-7-inner-answer,binding,binding-7,inner,12,offtarget,erase,0.75,0.625,-0.125,0.020520463000766088
deepseek-coder-1.3b,binding-7-inner-answer,binding,binding-7,inner,12,random,erase,0.75,0.625,-0.125,0.033926752327695486
deepseek-coder-1.3b,binding-7-inner-answer,binding,binding-7,inner,16,jlens,erase,0.75,0.625,-0.125,0.04882530868018123
deepseek-coder-1.3b,binding-7-inner-answer,binding,binding-7,inner,16,rlens,erase,0.75,0.625,-0.125,0.06472849481990571
deepseek-coder-1.3b,binding-7-inner-answer,binding,binding-7,inner,16,logit,erase,0.75,0.75,0.0,0.11635836771408042
deepseek-coder-1.3b,binding-7-inner-answer,binding,binding-7,inner,16,offtarget,erase,0.75,0.75,0.0,0.021466369101434395
deepseek-coder-1.3b,binding-7-inner-answer,binding,binding-7,inner,16,random,erase,0.75,0.75,0.0,0.023708590322672213
deepseek-coder-1.3b,binding-7-inner-answer,binding,binding-7,inner,20,jlens,erase,0.75,0.25,-0.5,0.2148096724187028
deepseek-coder-1.3b,binding-7-inner-answer,binding,binding-7,inner,20,rlens,erase,0.75,0.0,-0.75,0.2273640582500312
deepseek-coder-1.3b,binding-7-inner-answer,binding,binding-7,inner,20,logit,erase,0.75,0.0,-0.75,0.24514043567414853
deepseek-coder-1.3b,binding-7-inner-answer,binding,binding-7,inner,20,offtarget,erase,0.75,1.625,0.875,0.18421054920135554
deepseek-coder-1.3b,binding-7-inner-answer,binding,binding-7,inner,20,random,erase,0.75,0.75,0.0,0.0012047454302651576
deepseek-coder-1.3b,alias-7-answer,alias,,,12,jlens,erase,8.53125,8.38623046875,-0.14501953125,0.046631221109624796
deepseek-coder-1.3b,alias-7-answer,alias,,,12,rlens,erase,8.53125,8.328125,-0.203125,0.0665209618551401
deepseek-coder-1.3b,alias-7-answer,alias,,,12,logit,erase,8.53125,8.109375,-0.421875,0.1283490466094798
deepseek-coder-1.3b,alias-7-answer,alias,,,12,offtarget,erase,8.53125,8.40625,-0.125,0.02160988981484427
deepseek-coder-1.3b,alias-7-answer,alias,,,12,random,erase,8.53125,8.5,-0.03125,0.02453217101223299
deepseek-coder-1.3b,alias-7-answer,alias,,,16,jlens,erase,8.53125,8.59375,0.0625,0.08169273298944103
deepseek-coder-1.3b,alias-7-answer,alias,,,16,rlens,erase,8.53125,8.28125,-0.25,0.09571639341633711
deepseek-coder-1.3b,alias-7-answer,alias,,,16,logit,erase,8.53125,7.625,-0.90625,0.15347890602997105
deepseek-coder-1.3b,alias-7-answer,alias,,,16,offtarget,erase,8.53125,8.53125,0.0,0.0034120842420430632
deepseek-coder-1.3b,alias-7-answer,alias,,,16,random,erase,8.53125,8.5,-0.03125,0.019517119538928478
deepseek-coder-1.3b,alias-7-answer,alias,,,20,jlens,erase,8.53125,7.75,-0.78125,0.16663580120601665
deepseek-coder-1.3b,alias-7-answer,alias,,,20,rlens,erase,8.53125,7.0,-1.53125,0.178178350496681
deepseek-coder-1.3b,alias-7-answer,alias,,,20,logit,erase,8.53125,6.25,-2.28125,0.1959851234201851
deepseek-coder-1.3b,alias-7-answer,alias,,,20,offtarget,erase,8.53125,8.65625,0.125,0.004965559304463496
deepseek-coder-1.3b,alias-7-answer,alias,,,20,random,erase,8.53125,8.5625,0.03125,0.013304366836675043
deepseek-coder-1.3b,call-7-answer,call,,,12,jlens,erase,9.46875,9.375,-0.09375,0.03381122229301276
deepseek-coder-1.3b,call-7-answer,call,,,12,rlens,erase,9.46875,9.375,-0.09375,0.05144520812336198
deepseek-coder-1.3b,call-7-answer,call,,,12,logit,erase,9.46875,9.125,-0.34375,0.1141656857403949
deepseek-coder-1.3b,call-7-answer,call,,,12,offtarget,erase,9.46875,9.28125,-0.1875,0.04205951158549525
deepseek-coder-1.3b,call-7-answer,call,,,12,random,erase,9.46875,9.5,0.03125,0.0036112160273372245
deepseek-coder-1.3b,call-7-answer,call,,,16,jlens,erase,9.46875,9.375,-0.09375,0.05416602819009086
deepseek-coder-1.3b,call-7-answer,call,,,16,rlens,erase,9.46875,9.3125,-0.15625,0.06923850614265219
deepseek-coder-1.3b,call-7-answer,call,,,16,logit,erase,9.46875,9.0625,-0.40625,0.12618903827684327
deepseek-coder-1.3b,call-7-answer,call,,,16,offtarget,erase,9.46875,9.015625,-0.453125,0.04597864715076225
deepseek-coder-1.3b,call-7-answer,call,,,16,random,erase,9.46875,9.40625,-0.0625,0.004403313276743805
deepseek-coder-1.3b,call-7-answer,call,,,20,jlens,erase,9.46875,8.5,-0.96875,0.19824139248539896
deepseek-coder-1.3b,call-7-answer,call,,,20,rlens,erase,9.46875,7.75,-1.71875,0.21242284750141988
deepseek-coder-1.3b,call-7-answer,call,,,20,logit,erase,9.46875,7.25,-2.21875,0.23340826631648917
deepseek-coder-1.3b,call-7-answer,call,,,20,offtarget,erase,9.46875,9.9375,0.46875,0.026094764673750992
deepseek-coder-1.3b,call-7-answer,call,,,20,random,erase,9.46875,9.40625,-0.0625,0.006003930588829589
deepseek-coder-1.3b,arith-7-answer,arith,,,12,jlens,erase,4.78125,4.84375,0.0625,0.005335313058064881
deepseek-coder-1.3b,arith-7-answer,arith,,,12,rlens,erase,4.78125,4.8125,0.03125,0.010495932806525879
deepseek-coder-1.3b,arith-7-answer,arith,,,12,logit,erase,4.78125,4.75,-0.03125,0.07214314235175635
deepseek-coder-1.3b,arith-7-answer,arith,,,12,offtarget,erase,4.78125,4.75,-0.03125,0.03240061310634347
deepseek-coder-1.3b,arith-7-answer,arith,,,12,random,erase,4.78125,4.78125,0.0,0.01663132643283754
deepseek-coder-1.3b,arith-7-answer,arith,,,16,jlens,erase,4.78125,4.8125,0.03125,0.056608551133664045
deepseek-coder-1.3b,arith-7-answer,arith,,,16,rlens,erase,4.78125,4.8125,0.03125,0.07136816660363794
deepseek-coder-1.3b,arith-7-answer,arith,,,16,logit,erase,4.78125,4.5,-0.28125,0.14445083608973036
deepseek-coder-1.3b,arith-7-answer,arith,,,16,offtarget,erase,4.78125,4.8125,0.03125,0.044454515338443405
deepseek-coder-1.3b,arith-7-answer,arith,,,16,random,erase,4.78125,4.875,0.09375,0.018491539291134118
deepseek-coder-1.3b,arith-7-answer,arith,,,20,jlens,erase,4.78125,5.0,0.21875,0.19775539203741763
deepseek-coder-1.3b,arith-7-answer,arith,,,20,rlens,erase,4.78125,4.75,-0.03125,0.21580440403706577
deepseek-coder-1.3b,arith-7-answer,arith,,,20,logit,erase,4.78125,4.0,-0.78125,0.2437050122912102
deepseek-coder-1.3b,arith-7-answer,arith,,,20,offtarget,erase,4.78125,5.375,0.59375,0.06022069271936371
deepseek-coder-1.3b,arith-7-answer,arith,,,20,random,erase,4.78125,4.78125,0.0,0.012357355165408987
deepseek-coder-1.3b,binding-8-outer,binding,binding-8,outer,12,jlens,erase,-0.125,0.125,0.25,0.050437568809919224
deepseek-coder-1.3b,binding-8-outer,binding,binding-8,outer,12,rlens,erase,-0.125,0.0,0.125,0.041082659389091385
deepseek-coder-1.3b,binding-8-outer,binding,binding-8,outer,12,logit,erase,-0.125,-0.125,0.0,0.03927892643635624
deepseek-coder-1.3b,binding-8-outer,binding,binding-8,outer,12,offtarget,erase,-0.125,-0.25,-0.125,0.04903817316782729
deepseek-coder-1.3b,binding-8-outer,binding,binding-8,outer,12,random,erase,-0.125,-0.125,0.0,0.014480910166294695
deepseek-coder-1.3b,binding-8-outer,binding,binding-8,outer,16,jlens,erase,-0.125,0.3125,0.4375,0.07798612900572932
deepseek-coder-1.3b,binding-8-outer,binding,binding-8,outer,16,rlens,erase,-0.125,0.25,0.375,0.06569476045578734
deepseek-coder-1.3b,binding-8-outer,binding,binding-8,outer,16,logit,erase,-0.125,-0.125,0.0,0.001116601475049572
deepseek-coder-1.3b,binding-8-outer,binding,binding-8,outer,16,offtarget,erase,-0.125,-0.53125,-0.40625,0.07809561665615834
deepseek-coder-1.3b,binding-8-outer,binding,binding-8,outer,16,random,erase,-0.125,-0.125,0.0,0.008611750367791516
deepseek-coder-1.3b,binding-8-outer,binding,binding-8,outer,20,jlens,erase,-0.125,0.537109375,0.662109375,0.05397742348591148
deepseek-coder-1.3b,binding-8-outer,binding,binding-8,outer,20,rlens,erase,-0.125,0.6328125,0.7578125,0.059750919178376535
deepseek-coder-1.3b,binding-8-outer,binding,binding-8,outer,20,logit,erase,-0.125,0.3125,0.4375,0.034346422813208696
deepseek-coder-1.3b,binding-8-outer,binding,binding-8,outer,20,offtarget,erase,-0.125,-0.6953125,-0.5703125,0.047640914237592244
deepseek-coder-1.3b,binding-8-outer,binding,binding-8,outer,20,random,erase,-0.125,-0.125,0.0,0.02327155575394998
deepseek-coder-1.3b,binding-8-inner,binding,binding-8,inner,12,jlens,erase,0.2265625,0.3125,0.0859375,0.039620632650483774
deepseek-coder-1.3b,binding-8-inner,binding,binding-8,inner,12,rlens,erase,0.2265625,0.34375,0.1171875,0.043686157002134456
deepseek-coder-1.3b,binding-8-inner,binding,binding-8,inner,12,logit,erase,0.2265625,0.203125,-0.0234375,0.006743639145784406
deepseek-coder-1.3b,binding-8-inner,binding,binding-8,inner,12,offtarget,erase,0.2265625,0.09375,-0.1328125,0.056345926329736416
deepseek-coder-1.3b,binding-8-inner,binding,binding-8,inner,12,random,erase,0.2265625,0.22265625,-0.00390625,0.008913649508018632
deepseek-coder-1.3b,binding-8-inner,binding,binding-8,inner,16,jlens,erase,0.2265625,0.625,0.3984375,0.07186723732149893
deepseek-coder-1.3b,binding-8-inner,binding,binding-8,inner,16,rlens,erase,0.2265625,0.625,0.3984375,0.058916181110788626
deepseek-coder-1.3b,binding-8-inner,binding,binding-8,inner,16,logit,erase,0.2265625,0.265625,0.0390625,0.004931168045977757
deepseek-coder-1.3b,binding-8-inner,binding,binding-8,inner,16,offtarget,erase,0.2265625,-0.375,-0.6015625,0.08488821337596658
deepseek-coder-1.3b,binding-8-inner,binding,binding-8,inner,16,random,erase,0.2265625,0.21875,-0.0078125,0.00875936563107536
deepseek-coder-1.3b,binding-8-inner,binding,binding-8,inner,20,jlens,erase,0.2265625,0.625,0.3984375,0.03263247695683952
deepseek-coder-1.3b,binding-8-inner,binding,binding-8,inner,20,rlens,erase,0.2265625,0.6875,0.4609375,0.03355058228078241
deepseek-coder-1.3b,binding-8-inner,binding,binding-8,inner,20,logit,erase,0.2265625,0.625,0.3984375,0.027620088519183152
deepseek-coder-1.3b,binding-8-inner,binding,binding-8,inner,20,offtarget,erase,0.2265625,-0.375,-0.6015625,0.04375954238366994
deepseek-coder-1.3b,binding-8-inner,binding,binding-8,inner,20,random,erase,0.2265625,0.22900390625,0.00244140625,0.01775912246365096
deepseek-coder-1.3b,alias-8,alias,,,12,jlens,erase,0.0,0.5,0.5,0.04907575579951775
deepseek-coder-1.3b,alias-8,alias,,,12,rlens,erase,0.0,0.75,0.75,0.03712548123693244
deepseek-coder-1.3b,alias-8,alias,,,12,logit,erase,0.0,-0.25,-0.25,0.033198121624121675
deepseek-coder-1.3b,alias-8,alias,,,12,offtarget,erase,0.0,-0.25,-0.25,0.041951553656438045
deepseek-coder-1.3b,alias-8,alias,,,12,random,erase,0.0,0.0,0.0,0.0016240646470602749
deepseek-coder-1.3b,alias-8,alias,,,16,jlens,erase,0.0,1.25,1.25,0.06626625550339793
deepseek-coder-1.3b,alias-8,alias,,,16,rlens,erase,0.0,1.25,1.25,0.05013395450996385
deepseek-coder-1.3b,alias-8,alias,,,16,logit,erase,0.0,-0.25,-0.25,0.015537267201321283
deepseek-coder-1.3b,alias-8,alias,,,16,offtarget,erase,0.0,-0.75,-0.75,0.0538296487232224
deepseek-coder-1.3b,alias-8,alias,,,16,random,erase,0.0,0.25,0.25,0.009890419368853131
deepseek-coder-1.3b,alias-8,alias,,,20,jlens,erase,0.0,1.75,1.75,0.051506564576792944
deepseek-coder-1.3b,alias-8,alias,,,20,rlens,erase,0.0,2.0,2.0,0.050478660353213176
deepseek-coder-1.3b,alias-8,alias,,,20,logit,erase,0.0,1.75,1.75,0.04143841433555058
deepseek-coder-1.3b,alias-8,alias,,,20,offtarget,erase,0.0,-1.5,-1.5,0.04469776746990268
deepseek-coder-1.3b,alias-8,alias,,,20,random,erase,0.0,0.0,0.0,0.027640096097535944
deepseek-coder-1.3b,call-8,call,,,12,jlens,erase,4.0,4.25,0.25,0.04885468893063598
deepseek-coder-1.3b,call-8,call,,,12,rlens,erase,4.0,4.0,0.0,0.03826177745476161
deepseek-coder-1.3b,call-8,call,,,12,logit,erase,4.0,3.5,-0.5,0.03595899116511127
deepseek-coder-1.3b,call-8,call,,,12,offtarget,erase,4.0,3.5,-0.5,0.02703281471128551
deepseek-coder-1.3b,call-8,call,,,12,random,erase,4.0,4.0,0.0,0.012687702103339488
deepseek-coder-1.3b,call-8,call,,,16,jlens,erase,4.0,5.0,1.0,0.0687063376905697
deepseek-coder-1.3b,call-8,call,,,16,rlens,erase,4.0,4.75,0.75,0.05417587021547112
deepseek-coder-1.3b,call-8,call,,,16,logit,erase,4.0,4.0,0.0,0.006998964216396027
deepseek-coder-1.3b,call-8,call,,,16,offtarget,erase,4.0,3.0,-1.0,0.05029190265202878
deepseek-coder-1.3b,call-8,call,,,16,random,erase,4.0,4.0,0.0,0.010411076134495508
deepseek-coder-1.3b,call-8,call,,,20,jlens,erase,4.0,6.0,2.0,0.06274918407479373
deepseek-coder-1.3b,call-8,call,,,20,rlens,erase,4.0,6.0,2.0,0.06283884071985636
deepseek-coder-1.3b,call-8,call,,,20,logit,erase,4.0,6.25,2.25,0.06126585052650855
deepseek-coder-1.3b,call-8,call,,,20,offtarget,erase,4.0,1.5,-2.5,0.060889153127215545
deepseek-coder-1.3b,call-8,call,,,20,random,erase,4.0,4.0,0.0,0.0092212664087153
deepseek-coder-1.3b,arith-8,arith,,,12,jlens,erase,-4.25,-3.75,0.5,0.07258335756580352
deepseek-coder-1.3b,arith-8,arith,,,12,rlens,erase,-4.25,-4.0,0.25,0.05821555442050833
deepseek-coder-1.3b,arith-8,arith,,,12,logit,erase,-4.25,-4.25,0.0,0.005881218422698149
deepseek-coder-1.3b,arith-8,arith,,,12,offtarget,erase,-4.25,-4.25,0.0,0.05045031336914972
deepseek-coder-1.3b,arith-8,arith,,,12,random,erase,-4.25,-4.25,0.0,0.01286710193938437
deepseek-coder-1.3b,arith-8,arith,,,16,jlens,erase,-4.25,-3.5,0.75,0.09852146068072501
deepseek-coder-1.3b,arith-8,arith,,,16,rlens,erase,-4.25,-3.5,0.75,0.08252943945161251
deepseek-coder-1.3b,arith-8,arith,,,16,logit,erase,-4.25,-3.75,0.5,0.031190801014122933
deepseek-coder-1.3b,arith-8,arith,,,16,offtarget,erase,-4.25,-4.25,0.0,0.0818762303463545
deepseek-coder-1.3b,arith-8,arith,,,16,random,erase,-4.25,-4.25,0.0,0.0021153843454351545
deepseek-coder-1.3b,arith-8,arith,,,20,jlens,erase,-4.25,-2.375,1.875,0.10258751038715827
deepseek-coder-1.3b,arith-8,arith,,,20,rlens,erase,-4.25,-2.25,2.0,0.10121797871028179
deepseek-coder-1.3b,arith-8,arith,,,20,logit,erase,-4.25,-2.25,2.0,0.08941971345040584
deepseek-coder-1.3b,arith-8,arith,,,20,offtarget,erase,-4.25,-4.5,-0.25,0.08283201826859007
deepseek-coder-1.3b,arith-8,arith,,,20,random,erase,-4.25,-4.0,0.25,0.003768034330828473
deepseek-coder-1.3b,binding-8-outer-answer,binding,binding-8,outer,12,jlens,erase,0.75,0.75,0.0,0.02627757493143794
deepseek-coder-1.3b,binding-8-outer-answer,binding,binding-8,outer,12,rlens,erase,0.75,0.5,-0.25,0.03532025380134041
deepseek-coder-1.3b,binding-8-outer-answer,binding,binding-8,outer,12,logit,erase,0.75,0.5,-0.25,0.0802394398195479
deepseek-coder-1.3b,binding-8-outer-answer,binding,binding-8,outer,12,offtarget,erase,0.75,0.75,0.0,0.03092071142268309
deepseek-coder-1.3b,binding-8-outer-answer,binding,binding-8,outer,12,random,erase,0.75,0.75,0.0,0.004136939789120945
deepseek-coder-1.3b,binding-8-outer-answer,binding,binding-8,outer,16,jlens,erase,0.75,0.625,-0.125,0.057186538684391254
deepseek-coder-1.3b,binding-8-outer-answer,binding,binding-8,outer,16,rlens,erase,0.75,0.625,-0.125,0.06943006643129906
deepseek-coder-1.3b,binding-8-outer-answer,binding,binding-8,outer,16,logit,erase,0.75,0.5,-0.25,0.12197825997409543
deepseek-coder-1.3b,binding-8-outer-answer,binding,binding-8,outer,16,offtarget,erase,0.75,0.75,0.0,0.058194483281162994
deepseek-coder-1.3b,binding-8-outer-answer,binding,binding-8,outer,16,random,erase,0.75,0.75,0.0,0.018019236962599043
deepseek-coder-1.3b,binding-8-outer-answer,binding,binding-8,outer,20,jlens,erase,0.75,0.0,-0.75,0.19253159083486285
deepseek-coder-1.3b,binding-8-outer-answer,binding,binding-8,outer,20,rlens,erase,0.75,-0.125,-0.875,0.1998714614946347
deepseek-coder-1.3b,binding-8-outer-answer,binding,binding-8,outer,20,logit,erase,0.75,-0.25,-1.0,0.21662019209240352
deepseek-coder-1.3b,binding-8-outer-answer,binding,binding-8,outer,20,offtarget,erase,0.75,1.5,0.75,0.18618430977817343
deepseek-coder-1.3b,binding-8-outer-answer,binding,binding-8,outer,20,random,erase,0.75,0.75,0.0,0.01388682698352929
deepseek-coder-1.3b,binding-8-inner-answer,binding,binding-8,inner,12,jlens,erase,0.25,0.25,0.0,0.024335084511266557
deepseek-coder-1.3b,binding-8-inner-answer,binding,binding-8,inner,12,rlens,erase,0.25,0.0,-0.25,0.030290846547279433
deepseek-coder-1.3b,binding-8-inner-answer,binding,binding-8,inner,12,logit,erase,0.25,0.25,0.0,0.07416422187634553
deepseek-coder-1.3b,binding-8-inner-answer,binding,binding-8,inner,12,offtarget,erase,0.25,0.0,-0.25,0.0196535571583627
deepseek-coder-1.3b,binding-8-inner-answer,binding,binding-8,inner,12,random,erase,0.25,0.25,0.0,0.0009759253142939798
deepseek-coder-1.3b,binding-8-inner-answer,binding,binding-8,inner,16,jlens,erase,0.25,0.125,-0.125,0.06192559822243271
deepseek-coder-1.3b,binding-8-inner-answer,binding,binding-8,inner,16,rlens,erase,0.25,0.125,-0.125,0.07017315014395253
deepseek-coder-1.3b,binding-8-inner-answer,binding,binding-8,inner,16,logit,erase,0.25,0.125,-0.125,0.10462816428227197
deepseek-coder-1.3b,binding-8-inner-answer,binding,binding-8,inner,16,offtarget,erase,0.25,0.25,0.0,0.05169898647311428
deepseek-coder-1.3b,binding-8-inner-answer,binding,binding-8,inner,16,random,erase,0.25,0.25,0.0,0.011311709374292564
deepseek-coder-1.3b,binding-8-inner-answer,binding,binding-8,inner,20,jlens,erase,0.25,-0.5,-0.75,0.270798630912874
deepseek-coder-1.3b,binding-8-inner-answer,binding,binding-8,inner,20,rlens,erase,0.25,-0.375,-0.625,0.2829314940644993
deepseek-coder-1.3b,binding-8-inner-answer,binding,binding-8,inner,20,logit,erase,0.25,-0.375,-0.625,0.30448091861580895
deepseek-coder-1.3b,binding-8-inner-answer,binding,binding-8,inner,20,offtarget,erase,0.25,1.25,1.0,0.20663383926364368
deepseek-coder-1.3b,binding-8-inner-answer,binding,binding-8,inner,20,random,erase,0.25,0.25,0.0,0.01678572966563054
deepseek-coder-1.3b,alias-8-answer,alias,,,12,jlens,erase,9.5859375,9.5625,-0.0234375,0.024186675351859623
deepseek-coder-1.3b,alias-8-answer,alias,,,12,rlens,erase,9.5859375,9.5,-0.0859375,0.032240634294154615
deepseek-coder-1.3b,alias-8-answer,alias,,,12,logit,erase,9.5859375,9.16796875,-0.41796875,0.11140639005220045
deepseek-coder-1.3b,alias-8-answer,alias,,,12,offtarget,erase,9.5859375,9.58984375,0.00390625,0.023309416465266054
deepseek-coder-1.3b,alias-8-answer,alias,,,12,random,erase,9.5859375,9.6328125,0.046875,0.003720934862438429
deepseek-coder-1.3b,alias-8-answer,alias,,,16,jlens,erase,9.5859375,9.3359375,-0.25,0.06294012103802961
deepseek-coder-1.3b,alias-8-answer,alias,,,16,rlens,erase,9.5859375,9.140625,-0.4453125,0.07679694822562422
deepseek-coder-1.3b,alias-8-answer,alias,,,16,logit,erase,9.5859375,8.84375,-0.7421875,0.12819014654022534
deepseek-coder-1.3b,alias-8-answer,alias,,,16,offtarget,erase,9.5859375,9.4921875,-0.09375,0.0254666049811733
deepseek-coder-1.3b,alias-8-answer,alias,,,16,random,erase,9.5859375,9.6484375,0.0625,0.0021950406538790096
deepseek-coder-1.3b,alias-8-answer,alias,,,20,jlens,erase,9.5859375,8.75,-0.8359375,0.19800172301402807
deepseek-coder-1.3b,alias-8-answer,alias,,,20,rlens,erase,9.5859375,8.0,-1.5859375,0.2096915031091545
deepseek-coder-1.3b,alias-8-answer,alias,,,20,logit,erase,9.5859375,7.5,-2.0859375,0.23078730816872686
deepseek-coder-1.3b,alias-8-answer,alias,,,20,offtarget,erase,9.5859375,9.9375,0.3515625,0.013243375315679472
deepseek-coder-1.3b,alias-8-answer,alias,,,20,random,erase,9.5859375,9.609375,0.0234375,0.008295662278921518
deepseek-coder-1.3b,call-8-answer,call,,,12,jlens,erase,9.3125,9.25,-0.0625,0.043257038868350604
deepseek-coder-1.3b,call-8-answer,call,,,12,rlens,erase,9.3125,9.25,-0.0625,0.059614030189439594
deepseek-coder-1.3b,call-8-answer,call,,,12,logit,erase,9.3125,9.25,-0.0625,0.1255260299756612
deepseek-coder-1.3b,call-8-answer,call,,,12,offtarget,erase,9.3125,9.5625,0.25,0.04872771145323843
deepseek-coder-1.3b,call-8-answer,call,,,12,random,erase,9.3125,9.3125,0.0,0.0075879194325781055
deepseek-coder-1.3b,call-8-answer,call,,,16,jlens,erase,9.3125,9.25,-0.0625,0.08420529996326859
deepseek-coder-1.3b,call-8-answer,call,,,16,rlens,erase,9.3125,9.125,-0.1875,0.09711497625089852
deepseek-coder-1.3b,call-8-answer,call,,,16,logit,erase,9.3125,9.125,-0.1875,0.14841099225244173
deepseek-coder-1.3b,call-8-answer,call,,,16,offtarget,erase,9.3125,9.75,0.4375,0.052509105056093824
deepseek-coder-1.3b,call-8-answer,call,,,16,random,erase,9.3125,9.3125,0.0,0.0177530713304541
deepseek-coder-1.3b,call-8-answer,call,,,20,jlens,erase,9.3125,8.0,-1.3125,0.17142646974957215
deepseek-coder-1.3b,call-8-answer,call,,,20,rlens,erase,9.3125,7.75,-1.5625,0.18505734607635219
deepseek-coder-1.3b,call-8-answer,call,,,20,logit,erase,9.3125,7.25,-2.0625,0.2032371808654654
deepseek-coder-1.3b,call-8-answer,call,,,20,offtarget,erase,9.3125,10.875,1.5625,0.06915819289380573
deepseek-coder-1.3b,call-8-answer,call,,,20,random,erase,9.3125,9.3125,0.0,6.809131621433698e-05
deepseek-coder-1.3b,arith-8-answer,arith,,,12,jlens,erase,2.875,2.875,0.0,0.0013947320486080944
deepseek-coder-1.3b,arith-8-answer,arith,,,12,rlens,erase,2.875,2.875,0.0,0.006216673145688758
deepseek-coder-1.3b,arith-8-answer,arith,,,12,logit,erase,2.875,2.5,-0.375,0.06445206722397691
deepseek-coder-1.3b,arith-8-answer,arith,,,12,offtarget,erase,2.875,2.875,0.0,0.0377743421880926
deepseek-coder-1.3b,arith-8-answer,arith,,,12,random,erase,2.875,2.875,0.0,0.031008625875907643
deepseek-coder-1.3b,arith-8-answer,arith,,,16,jlens,erase,2.875,2.5625,-0.3125,0.03896885882801408
deepseek-coder-1.3b,arith-8-answer,arith,,,16,rlens,erase,2.875,2.4375,-0.4375,0.05053448769464629
deepseek-coder-1.3b,arith-8-answer,arith,,,16,logit,erase,2.875,2.03125,-0.84375,0.10781721352947833
deepseek-coder-1.3b,arith-8-answer,arith,,,16,offtarget,erase,2.875,2.75,-0.125,0.03522087306223634
deepseek-coder-1.3b,arith-8-answer,arith,,,16,random,erase,2.875,2.75,-0.125,0.03700373632072322
deepseek-coder-1.3b,arith-8-answer,arith,,,20,jlens,erase,2.875,1.875,-1.0,0.15033785090375248
deepseek-coder-1.3b,arith-8-answer,arith,,,20,rlens,erase,2.875,1.625,-1.25,0.160379683595238
deepseek-coder-1.3b,arith-8-answer,arith,,,20,logit,erase,2.875,1.125,-1.75,0.17242262197095765
deepseek-coder-1.3b,arith-8-answer,arith,,,20,offtarget,erase,2.875,3.28125,0.40625,0.07709184649267106
deepseek-coder-1.3b,arith-8-answer,arith,,,20,random,erase,2.875,2.875,0.0,0.04847970404536325
deepseek-coder-1.3b,binding-9-outer,binding,binding-9,outer,12,jlens,erase,0.375,0.4375,0.0625,0.054772756404816755
deepseek-coder-1.3b,binding-9-outer,binding,binding-9,outer,12,rlens,erase,0.375,0.4375,0.0625,0.05065567527817999
deepseek-coder-1.3b,binding-9-outer,binding,binding-9,outer,12,logit,erase,0.375,0.25,-0.125,0.022595951523167745
deepseek-coder-1.3b,binding-9-outer,binding,binding-9,outer,12,offtarget,erase,0.375,0.1875,-0.1875,0.05377108262416827
deepseek-coder-1.3b,binding-9-outer,binding,binding-9,outer,12,random,erase,0.375,0.375,0.0,0.005073749651353853
deepseek-coder-1.3b,binding-9-outer,binding,binding-9,outer,16,jlens,erase,0.375,0.71875,0.34375,0.06491743867227706
deepseek-coder-1.3b,binding-9-outer,binding,binding-9,outer,16,rlens,erase,0.375,0.625,0.25,0.04942917301649505
deepseek-coder-1.3b,binding-9-outer,binding,binding-9,outer,16,logit,erase,0.375,0.25,-0.125,0.012172052811991112
deepseek-coder-1.3b,binding-9-outer,binding,binding-9,outer,16,offtarget,erase,0.375,-0.171875,-0.546875,0.08713634152553917
deepseek-coder-1.3b,binding-9-outer,binding,binding-9,outer,16,random,erase,0.375,0.375,0.0,0.02803044594199909
deepseek-coder-1.3b,binding-9-outer,binding,binding-9,outer,20,jlens,erase,0.375,0.857421875,0.482421875,0.04274023433877164
deepseek-coder-1.3b,binding-9-outer,binding,binding-9,outer,20,rlens,erase,0.375,0.8984375,0.5234375,0.0435029314882529
deepseek-coder-1.3b,binding-9-outer,binding,binding-9,outer,20,logit,erase,0.375,0.6875,0.3125,0.027618498472487527
deepseek-coder-1.3b,binding-9-outer,binding,binding-9,outer,20,offtarget,erase,0.375,-0.359375,-0.734375,0.05177657726952573
deepseek-coder-1.3b,binding-9-outer,binding,binding-9,outer,20,random,erase,0.375,0.375,0.0,0.04377905528428478
deepseek-coder-1.3b,binding-9-inner,binding,binding-9,inner,12,jlens,erase,-0.25,0.0,0.25,0.06025048429728385
deepseek-coder-1.3b,binding-9-inner,binding,binding-9,inner,12,rlens,erase,-0.25,0.0,0.25,0.06088123800065956
deepseek-coder-1.3b,binding-9-inner,binding,binding-9,inner,12,logit,erase,-0.25,-0.25,0.0,0.004990399847215942
deepseek-coder-1.3b,binding-9-inner,binding,binding-9,inner,12,offtarget,erase,-0.25,-0.25,0.0,0.054310602762007804
deepseek-coder-1.3b,binding-9-inner,binding,binding-9,inner,12,random,erase,-0.25,-0.25,0.0,0.00641597182394205
deepseek-coder-1.3b,binding-9-inner,binding,binding-9,inner,16,jlens,erase,-0.25,0.25,0.5,0.08900660862160675
deepseek-coder-1.3b,binding-9-inner,binding,binding-9,inner,16,rlens,erase,-0.25,0.25,0.5,0.07797292490900848
deepseek-coder-1.3b,binding-9-inner,binding,binding-9,inner,16,logit,erase,-0.25,-0.25,0.0,0.02230903300278912
deepseek-coder-1.3b,binding-9-inner,binding,binding-9,inner,16,offtarget,erase,-0.25,-0.625,-0.375,0.06671708848046928
deepseek-coder-1.3b,binding-9-inner,binding,binding-9,inner,16,random,erase,-0.25,-0.25,0.0,0.006858770870558132
deepseek-coder-1.3b,binding-9-inner,binding,binding-9,inner,20,jlens,erase,-0.25,0.8125,1.0625,0.06816656289963513
deepseek-coder-1.3b,binding-9-inner,binding,binding-9,inner,20,rlens,erase,-0.25,0.9375,1.1875,0.0698687718280385
deepseek-coder-1.3b,binding-9-inner,binding,binding-9,inner,20,logit,erase,-0.25,0.75,1.0,0.059423123511016376
deepseek-coder-1.3b,binding-9-inner,binding,binding-9,inner,20,offtarget,erase,-0.25,-1.0,-0.75,0.060761306322402994
deepseek-coder-1.3b,binding-9-inner,binding,binding-9,inner,20,random,erase,-0.25,-0.25,0.0,0.003505203503729332
deepseek-coder-1.3b,alias-9,alias,,,12,jlens,erase,-0.75,0.0,0.75,0.050318260640744385
deepseek-coder-1.3b,alias-9,alias,,,12,rlens,erase,-0.75,-0.25,0.5,0.04060530860351579
deepseek-coder-1.3b,alias-9,alias,,,12,logit,erase,-0.75,-1.0,-0.25,0.02944713253226097
deepseek-coder-1.3b,alias-9,alias,,,12,offtarget,erase,-0.75,-1.25,-0.5,0.055731220521800025
deepseek-coder-1.3b,alias-9,alias,,,12,random,erase,-0.75,-0.5,0.25,0.009294728653194933
deepseek-coder-1.3b,alias-9,alias,,,16,jlens,erase,-0.75,0.75,1.5,0.06304198117680039
deepseek-coder-1.3b,alias-9,alias,,,16,rlens,erase,-0.75,0.5,1.25,0.050856505052087414
deepseek-coder-1.3b,alias-9,alias,,,16,logit,erase,-0.75,-0.75,0.0,0.004340313276828006
deepseek-coder-1.3b,alias-9,alias,,,16,offtarget,erase,-0.75,-1.5,-0.75,0.04998980719206177
deepseek-coder-1.3b,alias-9,alias,,,16,random,erase,-0.75,-0.75,0.0,0.010965161776042676
deepseek-coder-1.3b,alias-9,alias,,,20,jlens,erase,-0.75,1.25,2.0,0.048435215905560734
deepseek-coder-1.3b,alias-9,alias,,,20,rlens,erase,-0.75,1.5,2.25,0.04584570363466915
deepseek-coder-1.3b,alias-9,alias,,,20,logit,erase,-0.75,0.5,1.25,0.02502662162162162
deepseek-coder-1.3b,alias-9,alias,,,20,offtarget,erase,-0.75,-1.5,-0.75,0.022181270580925755
deepseek-coder-1.3b,alias-9,alias,,,20,random,erase,-0.75,-0.75,0.0,0.028291960236098167
deepseek-coder-1.3b,call-9,call,,,12,jlens,erase,3.0,3.375,0.375,0.06878369389633048
deepseek-coder-1.3b,call-9,call,,,12,rlens,erase,3.0,3.375,0.375,0.06058980244598482
deepseek-coder-1.3b,call-9,call,,,12,logit,erase,3.0,2.5,-0.5,0.029199626575495317
deepseek-coder-1.3b,call-9,call,,,12,offtarget,erase,3.0,2.25,-0.75,0.04652709385972424
deepseek-coder-1.3b,call-9,call,,,12,random,erase,3.0,3.0,0.0,0.0016195306731081253
deepseek-coder-1.3b,call-9,call,,,16,jlens,erase,3.0,4.125,1.125,0.06610659142483659
deepseek-coder-1.3b,call-9,call,,,16,rlens,erase,3.0,3.875,0.875,0.04628125369864089
deepseek-coder-1.3b,call-9,call,,,16,logit,erase,3.0,2.375,-0.625,0.024833489750443544
deepseek-coder-1.3b,call-9,call,,,16,offtarget,erase,3.0,1.25,-1.75,0.06781329447538771
deepseek-coder-1.3b,call-9,call,,,16,random,erase,3.0,2.875,-0.125,0.024773119050681195
deepseek-coder-1.3b,call-9,call,,,20,jlens,erase,3.0,4.8671875,1.8671875,0.0560008788169888
deepseek-coder-1.3b,call-9,call,,,20,rlens,erase,3.0,4.859375,1.859375,0.05309399093081095
deepseek-coder-1.3b,call-9,call,,,20,logit,erase,3.0,4.5,1.5,0.04141649121029498
deepseek-coder-1.3b,call-9,call,,,20,offtarget,erase,3.0,0.34375,-2.65625,0.06237585761864436
deepseek-coder-1.3b,call-9,call,,,20,random,erase,3.0,2.875,-0.125,0.0007046794729471875
deepseek-coder-1.3b,arith-9,arith,,,12,jlens,erase,-2.25,-2.0,0.25,0.07166340518127297
deepseek-coder-1.3b,arith-9,arith,,,12,rlens,erase,-2.25,-2.0,0.25,0.06020534007011207
deepseek-coder-1.3b,arith-9,arith,,,12,logit,erase,-2.25,-2.0,0.25,0.023317213180769524
deepseek-coder-1.3b,arith-9,arith,,,12,offtarget,erase,-2.25,-2.25,0.0,0.04795804144025347
deepseek-coder-1.3b,arith-9,arith,,,12,random,erase,-2.25,-2.25,0.0,0.011076053290429332
deepseek-coder-1.3b,arith-9,arith,,,16,jlens,erase,-2.25,-1.75,0.5,0.08446629077160317
deepseek-coder-1.3b,arith-9,arith,,,16,rlens,erase,-2.25,-1.75,0.5,0.07137762930760187
deepseek-coder-1.3b,arith-9,arith,,,16,logit,erase,-2.25,-2.0,0.25,0.025476722952364486
deepseek-coder-1.3b,arith-9,arith,,,16,offtarget,erase,-2.25,-2.5,-0.25,0.07562380922460435
deepseek-coder-1.3b,arith-9,arith,,,16,random,erase,-2.25,-2.25,0.0,0.0011631306355183151
deepseek-coder-1.3b,arith-9,arith,,,20,jlens,erase,-2.25,-0.5,1.75,0.10417502786448736
deepseek-coder-1.3b,arith-9,arith,,,20,rlens,erase,-2.25,-0.5,1.75,0.10379568986675132
deepseek-coder-1.3b,arith-9,arith,,,20,logit,erase,-2.25,-0.75,1.5,0.09272415624925068
deepseek-coder-1.3b,arith-9,arith,,,20,offtarget,erase,-2.25,-3.0,-0.75,0.09363316600290907
deepseek-coder-1.3b,arith-9,arith,,,20,random,erase,-2.25,-2.25,0.0,0.008121350785589216
deepseek-coder-1.3b,binding-9-outer-answer,binding,binding-9,outer,12,jlens,erase,1.25,1.1875,-0.0625,0.02312686087551734
deepseek-coder-1.3b,binding-9-outer-answer,binding,binding-9,outer,12,rlens,erase,1.25,1.125,-0.125,0.032373563478001376
deepseek-coder-1.3b,binding-9-outer-answer,binding,binding-9,outer,12,logit,erase,1.25,1.09375,-0.15625,0.08315428661517117
deepseek-coder-1.3b,binding-9-outer-answer,binding,binding-9,outer,12,offtarget,erase,1.25,1.25,0.0,0.012323077662084521
deepseek-coder-1.3b,binding-9-outer-answer,binding,binding-9,outer,12,random,erase,1.25,1.1875,-0.0625,0.017321552299215795
deepseek-coder-1.3b,binding-9-outer-answer,binding,binding-9,outer,16,jlens,erase,1.25,1.1171875,-0.1328125,0.060876185845923095
deepseek-coder-1.3b,binding-9-outer-answer,binding,binding-9,outer,16,rlens,erase,1.25,1.1015625,-0.1484375,0.07199862244427507
deepseek-coder-1.3b,binding-9-outer-answer,binding,binding-9,outer,16,logit,erase,1.25,1.03125,-0.21875,0.11555829500160861
deepseek-coder-1.3b,binding-9-outer-answer,binding,binding-9,outer,16,offtarget,erase,1.25,1.21875,-0.03125,0.033799896092212664
deepseek-coder-1.3b,binding-9-outer-answer,binding,binding-9,outer,16,random,erase,1.25,1.1875,-0.0625,0.0249912852700633
deepseek-coder-1.3b,binding-9-outer-answer,binding,binding-9,outer,20,jlens,erase,1.25,0.75,-0.5,0.20386262946407674
deepseek-coder-1.3b,binding-9-outer-answer,binding,binding-9,outer,20,rlens,erase,1.25,0.5,-0.75,0.213359645571355
deepseek-coder-1.3b,binding-9-outer-answer,binding,binding-9,outer,20,logit,erase,1.25,0.625,-0.625,0.2265130461763853
deepseek-coder-1.3b,binding-9-outer-answer,binding,binding-9,outer,20,offtarget,erase,1.25,2.25,1.0,0.15398984361767376
deepseek-coder-1.3b,binding-9-outer-answer,binding,binding-9,outer,20,random,erase,1.25,1.1875,-0.0625,0.03789620664162838
deepseek-coder-1.3b,binding-9-inner-answer,binding,binding-9,inner,12,jlens,erase,1.375,1.375,0.0,0.009066783005194456
deepseek-coder-1.3b,binding-9-inner-answer,binding,binding-9,inner,12,rlens,erase,1.375,1.375,0.0,0.01703153887479158
deepseek-coder-1.3b,binding-9-inner-answer,binding,binding-9,inner,12,logit,erase,1.375,1.375,0.0,0.05921752255883578
deepseek-coder-1.3b,binding-9-inner-answer,binding,binding-9,inner,12,offtarget,erase,1.375,1.375,0.0,0.016283175105727746
deepseek-coder-1.3b,binding-9-inner-answer,binding,binding-9,inner,12,random,erase,1.375,1.375,0.0,0.011192254478679662
deepseek-coder-1.3b,binding-9-inner-answer,binding,binding-9,inner,16,jlens,erase,1.375,1.375,0.0,0.05715078993983168
deepseek-coder-1.3b,binding-9-inner-answer,binding,binding-9,inner,16,rlens,erase,1.375,1.25,-0.125,0.06472605379045948
deepseek-coder-1.3b,binding-9-inner-answer,binding,binding-9,inner,16,logit,erase,1.375,1.375,0.0,0.09964466759148437
deepseek-coder-1.3b,binding-9-inner-answer,binding,binding-9,inner,16,offtarget,erase,1.375,1.5,0.125,0.07770228900139343
deepseek-coder-1.3b,binding-9-inner-answer,binding,binding-9,inner,16,random,erase,1.375,1.25,-0.125,0.0030561432468308096
deepseek-coder-1.3b,binding-9-inner-answer,binding,binding-9,inner,20,jlens,erase,1.375,1.25,-0.125,0.2511745780983296
deepseek-coder-1.3b,binding-9-inner-answer,binding,binding-9,inner,20,rlens,erase,1.375,1.125,-0.25,0.26107078300931036
deepseek-coder-1.3b,binding-9-inner-answer,binding,binding-9,inner,20,logit,erase,1.375,0.75,-0.625,0.2767044464064338
deepseek-coder-1.3b,binding-9-inner-answer,binding,binding-9,inner,20,offtarget,erase,1.375,2.75,1.375,0.18840684785031633
deepseek-coder-1.3b,binding-9-inner-answer,binding,binding-9,inner,20,random,erase,1.375,1.375,0.0,0.020981475500969668
deepseek-coder-1.3b,alias-9-answer,alias,,,12,jlens,erase,9.9375,9.875,-0.0625,0.010484985940538354
deepseek-coder-1.3b,alias-9-answer,alias,,,12,rlens,erase,9.9375,9.8125,-0.125,0.02844185295778589
deepseek-coder-1.3b,alias-9-answer,alias,,,12,logit,erase,9.9375,9.8125,-0.125,0.080101193297933
deepseek-coder-1.3b,alias-9-answer,alias,,,12,offtarget,erase,9.9375,9.875,-0.0625,0.03741998671211248
deepseek-coder-1.3b,alias-9-answer,alias,,,12,random,erase,9.9375,10.0,0.0625,0.02728058698477537
deepseek-coder-1.3b,alias-9-answer,alias,,,16,jlens,erase,9.9375,9.6875,-0.25,0.038501856390905816
deepseek-coder-1.3b,alias-9-answer,alias,,,16,rlens,erase,9.9375,9.6875,-0.25,0.05266556403481866
deepseek-coder-1.3b,alias-9-answer,alias,,,16,logit,erase,9.9375,9.25,-0.6875,0.09310133510959671
deepseek-coder-1.3b,alias-9-answer,alias,,,16,offtarget,erase,9.9375,9.875,-0.0625,0.006591396432067801
deepseek-coder-1.3b,alias-9-answer,alias,,,16,random,erase,9.9375,9.9375,0.0,0.02916552756519909
deepseek-coder-1.3b,alias-9-answer,alias,,,20,jlens,erase,9.9375,8.75,-1.1875,0.19305124319126954
deepseek-coder-1.3b,alias-9-answer,alias,,,20,rlens,erase,9.9375,8.0,-1.9375,0.20636510936755703
deepseek-coder-1.3b,alias-9-answer,alias,,,20,logit,erase,9.9375,7.5,-2.4375,0.21978477231634747
deepseek-coder-1.3b,alias-9-answer,alias,,,20,offtarget,erase,9.9375,10.5,0.5625,0.030181341268940582
deepseek-coder-1.3b,alias-9-answer,alias,,,20,random,erase,9.9375,10.0,0.0625,0.00671499405963403
deepseek-coder-1.3b,call-9-answer,call,,,12,jlens,erase,10.75,10.703125,-0.046875,0.04577957958536767
deepseek-coder-1.3b,call-9-answer,call,,,12,rlens,erase,10.75,10.6875,-0.0625,0.05619638830939587
deepseek-coder-1.3b,call-9-answer,call,,,12,logit,erase,10.75,10.546875,-0.203125,0.12271755868991928
deepseek-coder-1.3b,call-9-answer,call,,,12,offtarget,erase,10.75,10.6875,-0.0625,0.0060785360069877375
deepseek-coder-1.3b,call-9-answer,call,,,12,random,erase,10.75,10.8125,0.0625,0.05413968182908907
deepseek-coder-1.3b,call-9-answer,call,,,16,jlens,erase,10.75,10.6640625,-0.0859375,0.06763908056487102
deepseek-coder-1.3b,call-9-answer,call,,,16,rlens,erase,10.75,10.53125,-0.21875,0.08240984778587893
deepseek-coder-1.3b,call-9-answer,call,,,16,logit,erase,10.75,10.390625,-0.359375,0.13508512690944896
deepseek-coder-1.3b,call-9-answer,call,,,16,offtarget,erase,10.75,10.625,-0.125,0.013299586339353821
deepseek-coder-1.3b,call-9-answer,call,,,16,random,erase,10.75,10.6875,-0.0625,0.03452992835758196
deepseek-coder-1.3b,call-9-answer,call,,,20,jlens,erase,10.75,9.625,-1.125,0.15207616559905202
deepseek-coder-1.3b,call-9-answer,call,,,20,rlens,erase,10.75,9.25,-1.5,0.16586206506367004
deepseek-coder-1.3b,call-9-answer,call,,,20,logit,erase,10.75,8.75,-2.0,0.17894320408405268
deepseek-coder-1.3b,call-9-answer,call,,,20,offtarget,erase,10.75,10.625,-0.125,0.0033493122166158565
deepseek-coder-1.3b,call-9-answer,call,,,20,random,erase,10.75,10.75,0.0,0.04820557931269418
deepseek-coder-1.3b,arith-9-answer,arith,,,12,jlens,erase,4.875,4.8515625,-0.0234375,0.006826025515159874
deepseek-coder-1.3b,arith-9-answer,arith,,,12,rlens,erase,4.875,4.859375,-0.015625,0.0016108606245904037
deepseek-coder-1.3b,arith-9-answer,arith,,,12,logit,erase,4.875,4.875,0.0,0.05558615034210202
deepseek-coder-1.3b,arith-9-answer,arith,,,12,offtarget,erase,4.875,4.859375,-0.015625,0.03921756361262089
deepseek-coder-1.3b,arith-9-answer,arith,,,12,random,erase,4.875,4.859375,-0.015625,0.010424905994962964
deepseek-coder-1.3b,arith-9-answer,arith,,,16,jlens,erase,4.875,4.84375,-0.03125,0.061395298009921696
deepseek-coder-1.3b,arith-9-answer,arith,,,16,rlens,erase,4.875,4.9375,0.0625,0.07760466701450158
deepseek-coder-1.3b,arith-9-answer,arith,,,16,logit,erase,4.875,4.8125,-0.0625,0.15639395161028916
deepseek-coder-1.3b,arith-9-answer,arith,,,16,offtarget,erase,4.875,4.9375,0.0625,0.035304075523074956
deepseek-coder-1.3b,arith-9-answer,arith,,,16,random,erase,4.875,4.875,0.0,0.006120922889217942
deepseek-coder-1.3b,arith-9-answer,arith,,,20,jlens,erase,4.875,5.5,0.625,0.2611879921891473
deepseek-coder-1.3b,arith-9-answer,arith,,,20,rlens,erase,4.875,5.5,0.625,0.2812773358834728
deepseek-coder-1.3b,arith-9-answer,arith,,,20,logit,erase,4.875,5.0,0.125,0.30712648153326183
deepseek-coder-1.3b,arith-9-answer,arith,,,20,offtarget,erase,4.875,5.25,0.375,0.045896506679409727
deepseek-coder-1.3b,arith-9-answer,arith,,,20,random,erase,4.875,4.859375,-0.015625,0.028543434188180127
