row,group,source,site,layer,push,dose,logp_o,logp_flip,exact_o,exact_flip
2306,77d8586601239091169c53f8e476e101c1dcdf3d670c983a138aea6f45f02505,mbpp,baseline,-1,none,0.0,-1.5189144611358643,-0.565789520740509,False,True
2306,77d8586601239091169c53f8e476e101c1dcdf3d670c983a138aea6f45f02505,mbpp,if,0,toward,0.5,-1.5100505352020264,-0.5413005948066711,False,True
2306,77d8586601239091169c53f8e476e101c1dcdf3d670c983a138aea6f45f02505,mbpp,if,0,away,0.5,-1.5268504619598389,-0.5581004619598389,False,True
2306,77d8586601239091169c53f8e476e101c1dcdf3d670c983a138aea6f45f02505,mbpp,if,0,random,0.5,-1.5750409364700317,-0.5437909364700317,False,True
2306,77d8586601239091169c53f8e476e101c1dcdf3d670c983a138aea6f45f02505,mbpp,if,0,toward,1.0,-1.4729061126708984,-0.5822811126708984,False,True
2306,77d8586601239091169c53f8e476e101c1dcdf3d670c983a138aea6f45f02505,mbpp,if,0,away,1.0,-1.0644006729125977,-0.7362756729125977,False,True
2306,77d8586601239091169c53f8e476e101c1dcdf3d670c983a138aea6f45f02505,mbpp,if,0,random,1.0,-1.484868049621582,-0.562993049621582,False,True
2306,77d8586601239091169c53f8e476e101c1dcdf3d670c983a138aea6f45f02505,mbpp,if,2,toward,0.5,-1.6198346614837646,-0.5260846018791199,False,True
2306,77d8586601239091169c53f8e476e101c1dcdf3d670c983a138aea6f45f02505,mbpp,if,2,away,0.5,-1.4007298946380615,-0.6038548350334167,False,True
2306,77d8586601239091169c53f8e476e101c1dcdf3d670c983a138aea6f45f02505,mbpp,if,2,random,0.5,-1.344721794128418,-0.6259717345237732,False,True
2306,77d8586601239091169c53f8e476e101c1dcdf3d670c983a138aea6f45f02505,mbpp,if,2,toward,1.0,-1.463812232017517,-0.5419372320175171,False,True
2306,77d8586601239091169c53f8e476e101c1dcdf3d670c983a138aea6f45f02505,mbpp,if,2,away,1.0,-1.6219143867492676,-0.4969143271446228,False,False
2306,77d8586601239091169c53f8e476e101c1dcdf3d670c983a138aea6f45f02505,mbpp,if,2,random,1.0,-1.4157984256744385,-0.6189234256744385,False,True
2306,77d8586601239091169c53f8e476e101c1dcdf3d670c983a138aea6f45f02505,mbpp,if,4,toward,0.5,-1.6031038761138916,-0.5093539357185364,False,True
2306,77d8586601239091169c53f8e476e101c1dcdf3d670c983a138aea6f45f02505,mbpp,if,4,away,0.5,-1.2940382957458496,-0.6846633553504944,False,True
2306,77d8586601239091169c53f8e476e101c1dcdf3d670c983a138aea6f45f02505,mbpp,if,4,random,0.5,-1.7221288681030273,-0.47212889790534973,False,True
2306,77d8586601239091169c53f8e476e101c1dcdf3d670c983a138aea6f45f02505,mbpp,if,4,toward,1.0,-1.4442391395568848,-0.64736407995224,False,True
2306,77d8586601239091169c53f8e476e101c1dcdf3d670c983a138aea6f45f02505,mbpp,if,4,away,1.0,-1.546478033065796,-0.6246030330657959,False,True
2306,77d8586601239091169c53f8e476e101c1dcdf3d670c983a138aea6f45f02505,mbpp,if,4,random,1.0,-2.12200927734375,-0.35638418793678284,False,True
2306,77d8586601239091169c53f8e476e101c1dcdf3d670c983a138aea6f45f02505,mbpp,if,6,toward,0.5,-1.601794719696045,-0.5236697196960449,False,True
2306,77d8586601239091169c53f8e476e101c1dcdf3d670c983a138aea6f45f02505,mbpp,if,6,away,0.5,-1.473362922668457,-0.6452378630638123,False,True
2306,77d8586601239091169c53f8e476e101c1dcdf3d670c983a138aea6f45f02505,mbpp,if,6,random,0.5,-1.3130271434783936,-0.6567772030830383,False,True
2306,77d8586601239091169c53f8e476e101c1dcdf3d670c983a138aea6f45f02505,mbpp,if,6,toward,1.0,-1.6853466033935547,-0.5290966629981995,False,True
2306,77d8586601239091169c53f8e476e101c1dcdf3d670c983a138aea6f45f02505,mbpp,if,6,away,1.0,-1.33406400680542,-0.7871890664100647,False,True
2306,77d8586601239091169c53f8e476e101c1dcdf3d670c983a138aea6f45f02505,mbpp,if,6,random,1.0,-0.9723010063171387,-0.8629260063171387,False,True
2306,77d8586601239091169c53f8e476e101c1dcdf3d670c983a138aea6f45f02505,mbpp,if,8,toward,0.5,-1.6158652305603027,-0.5064902305603027,False,False
2306,77d8586601239091169c53f8e476e101c1dcdf3d670c983a138aea6f45f02505,mbpp,if,8,away,0.5,-1.1916604042053223,-0.7229103446006775,False,True
2306,77d8586601239091169c53f8e476e101c1dcdf3d670c983a138aea6f45f02505,mbpp,if,8,random,0.5,-1.1948745250701904,-0.6792494654655457,False,True
2306,77d8586601239091169c53f8e476e101c1dcdf3d670c983a138aea6f45f02505,mbpp,if,8,toward,1.0,-1.5563268661499023,-0.6032019257545471,False,True
2306,77d8586601239091169c53f8e476e101c1dcdf3d670c983a138aea6f45f02505,mbpp,if,8,away,1.0,-1.1008408069610596,-0.7883408665657043,False,True
2306,77d8586601239091169c53f8e476e101c1dcdf3d670c983a138aea6f45f02505,mbpp,if,8,random,1.0,-1.2537524700164795,-0.6912524104118347,False,True
2306,77d8586601239091169c53f8e476e101c1dcdf3d670c983a138aea6f45f02505,mbpp,if,10,toward,0.5,-1.2719208002090454,-0.8031708002090454,False,True
2306,77d8586601239091169c53f8e476e101c1dcdf3d670c983a138aea6f45f02505,mbpp,if,10,away,0.5,-1.1646263599395752,-0.6958763003349304,False,True
2306,77d8586601239091169c53f8e476e101c1dcdf3d670c983a138aea6f45f02505,mbpp,if,10,random,0.5,-1.4946143627166748,-0.5571143627166748,False,True
2306,77d8586601239091169c53f8e476e101c1dcdf3d670c983a138aea6f45f02505,mbpp,if,10,toward,1.0,-1.280900001525879,-0.9371500611305237,False,True
2306,77d8586601239091169c53f8e476e101c1dcdf3d670c983a138aea6f45f02505,mbpp,if,10,away,1.0,-1.2226719856262207,-0.7226719260215759,False,True
2306,77d8586601239091169c53f8e476e101c1dcdf3d670c983a138aea6f45f02505,mbpp,if,10,random,1.0,-1.636487364768982,-0.5427373647689819,False,True
2306,77d8586601239091169c53f8e476e101c1dcdf3d670c983a138aea6f45f02505,mbpp,if,12,toward,0.5,-1.1824101209640503,-0.9480351209640503,False,True
2306,77d8586601239091169c53f8e476e101c1dcdf3d670c983a138aea6f45f02505,mbpp,if,12,away,0.5,-1.860865592956543,-0.42336565256118774,False,True
2306,77d8586601239091169c53f8e476e101c1dcdf3d670c983a138aea6f45f02505,mbpp,if,12,random,0.5,-1.7508833408355713,-0.4852583706378937,False,True
2306,77d8586601239091169c53f8e476e101c1dcdf3d670c983a138aea6f45f02505,mbpp,if,12,toward,1.0,-1.2630538940429688,-1.1380538940429688,False,True
2306,77d8586601239091169c53f8e476e101c1dcdf3d670c983a138aea6f45f02505,mbpp,if,12,away,1.0,-1.87687349319458,-0.5018734335899353,False,True
2306,77d8586601239091169c53f8e476e101c1dcdf3d670c983a138aea6f45f02505,mbpp,if,12,random,1.0,-1.9211056232452393,-0.48360568284988403,False,True
2306,77d8586601239091169c53f8e476e101c1dcdf3d670c983a138aea6f45f02505,mbpp,if,14,toward,0.5,-1.3519115447998047,-0.6800365447998047,False,True
2306,77d8586601239091169c53f8e476e101c1dcdf3d670c983a138aea6f45f02505,mbpp,if,14,away,0.5,-1.5941851139068604,-0.5473101735115051,False,True
2306,77d8586601239091169c53f8e476e101c1dcdf3d670c983a138aea6f45f02505,mbpp,if,14,random,0.5,-1.3346134424209595,-0.6783634424209595,False,True
2306,77d8586601239091169c53f8e476e101c1dcdf3d670c983a138aea6f45f02505,mbpp,if,14,toward,1.0,-1.4178181886672974,-0.6834431886672974,False,True
2306,77d8586601239091169c53f8e476e101c1dcdf3d670c983a138aea6f45f02505,mbpp,if,14,away,1.0,-1.6365008354187012,-0.5740007758140564,False,True
2306,77d8586601239091169c53f8e476e101c1dcdf3d670c983a138aea6f45f02505,mbpp,if,14,random,1.0,-1.3755817413330078,-0.703706681728363,False,True
2306,77d8586601239091169c53f8e476e101c1dcdf3d670c983a138aea6f45f02505,mbpp,if,16,toward,0.5,-1.4854378700256348,-0.5791878700256348,False,True
2306,77d8586601239091169c53f8e476e101c1dcdf3d670c983a138aea6f45f02505,mbpp,if,16,away,0.5,-1.53645920753479,-0.56770920753479,False,True
2306,77d8586601239091169c53f8e476e101c1dcdf3d670c983a138aea6f45f02505,mbpp,if,16,random,0.5,-1.5515470504760742,-0.5359219908714294,False,True
2306,77d8586601239091169c53f8e476e101c1dcdf3d670c983a138aea6f45f02505,mbpp,if,16,toward,1.0,-1.6482512950897217,-0.5388762950897217,False,True
2306,77d8586601239091169c53f8e476e101c1dcdf3d670c983a138aea6f45f02505,mbpp,if,16,away,1.0,-1.5229533910751343,-0.5698283910751343,False,True
2306,77d8586601239091169c53f8e476e101c1dcdf3d670c983a138aea6f45f02505,mbpp,if,16,random,1.0,-1.696462869644165,-0.49333786964416504,False,True
2306,77d8586601239091169c53f8e476e101c1dcdf3d670c983a138aea6f45f02505,mbpp,if,18,toward,0.5,-1.6183664798736572,-0.540241539478302,False,True
2306,77d8586601239091169c53f8e476e101c1dcdf3d670c983a138aea6f45f02505,mbpp,if,18,away,0.5,-1.5154030323028564,-0.5622779726982117,False,True
2306,77d8586601239091169c53f8e476e101c1dcdf3d670c983a138aea6f45f02505,mbpp,if,18,random,0.5,-1.4895026683807373,-0.5676277279853821,False,True
2306,77d8586601239091169c53f8e476e101c1dcdf3d670c983a138aea6f45f02505,mbpp,if,18,toward,1.0,-1.7788796424865723,-0.49762970209121704,False,True
2306,77d8586601239091169c53f8e476e101c1dcdf3d670c983a138aea6f45f02505,mbpp,if,18,away,1.0,-1.592947244644165,-0.5304471850395203,False,True
2306,77d8586601239091169c53f8e476e101c1dcdf3d670c983a138aea6f45f02505,mbpp,if,18,random,1.0,-1.5425333976745605,-0.5581583976745605,False,True
2306,77d8586601239091169c53f8e476e101c1dcdf3d670c983a138aea6f45f02505,mbpp,if,20,toward,0.5,-1.4984676837921143,-0.5765926837921143,False,True
2306,77d8586601239091169c53f8e476e101c1dcdf3d670c983a138aea6f45f02505,mbpp,if,20,away,0.5,-1.5462546348571777,-0.5462546944618225,False,True
2306,77d8586601239091169c53f8e476e101c1dcdf3d670c983a138aea6f45f02505,mbpp,if,20,random,0.5,-1.5208256244659424,-0.5677005648612976,False,True
2306,77d8586601239091169c53f8e476e101c1dcdf3d670c983a138aea6f45f02505,mbpp,if,20,toward,1.0,-1.5039238929748535,-0.5664238929748535,False,True
2306,77d8586601239091169c53f8e476e101c1dcdf3d670c983a138aea6f45f02505,mbpp,if,20,away,1.0,-1.584770917892456,-0.522270917892456,False,True
2306,77d8586601239091169c53f8e476e101c1dcdf3d670c983a138aea6f45f02505,mbpp,if,20,random,1.0,-1.575516700744629,-0.5442667603492737,False,True
2306,77d8586601239091169c53f8e476e101c1dcdf3d670c983a138aea6f45f02505,mbpp,if,22,toward,0.5,-1.5356717109680176,-0.5669217705726624,False,True
2306,77d8586601239091169c53f8e476e101c1dcdf3d670c983a138aea6f45f02505,mbpp,if,22,away,0.5,-1.545907974243164,-0.5459080338478088,False,True
2306,77d8586601239091169c53f8e476e101c1dcdf3d670c983a138aea6f45f02505,mbpp,if,22,random,0.5,-1.5662829875946045,-0.5506579875946045,False,True
2306,77d8586601239091169c53f8e476e101c1dcdf3d670c983a138aea6f45f02505,mbpp,if,22,toward,1.0,-1.5393335819244385,-0.5549585223197937,False,True
2306,77d8586601239091169c53f8e476e101c1dcdf3d670c983a138aea6f45f02505,mbpp,if,22,away,1.0,-1.593036413192749,-0.530536413192749,False,True
2306,77d8586601239091169c53f8e476e101c1dcdf3d670c983a138aea6f45f02505,mbpp,if,22,random,1.0,-1.589824914932251,-0.5429499745368958,False,True
2306,77d8586601239091169c53f8e476e101c1dcdf3d670c983a138aea6f45f02505,mbpp,if,24,toward,0.5,-1.532780408859253,-0.5640304088592529,False,True
2306,77d8586601239091169c53f8e476e101c1dcdf3d670c983a138aea6f45f02505,mbpp,if,24,away,0.5,-1.5522687435150146,-0.5522688031196594,False,True
2306,77d8586601239091169c53f8e476e101c1dcdf3d670c983a138aea6f45f02505,mbpp,if,24,random,0.5,-1.5706002712249756,-0.5549752712249756,False,True
2306,77d8586601239091169c53f8e476e101c1dcdf3d670c983a138aea6f45f02505,mbpp,if,24,toward,1.0,-1.5866811275482178,-0.5398061871528625,False,True
2306,77d8586601239091169c53f8e476e101c1dcdf3d670c983a138aea6f45f02505,mbpp,if,24,away,1.0,-1.5693442821502686,-0.5380943417549133,False,True
2306,77d8586601239091169c53f8e476e101c1dcdf3d670c983a138aea6f45f02505,mbpp,if,24,random,1.0,-1.5558865070343018,-0.555886447429657,False,True
2306,77d8586601239091169c53f8e476e101c1dcdf3d670c983a138aea6f45f02505,mbpp,if,26,toward,0.5,-1.5190343856811523,-0.5659093856811523,False,True
2306,77d8586601239091169c53f8e476e101c1dcdf3d670c983a138aea6f45f02505,mbpp,if,26,away,0.5,-1.5416542291641235,-0.5572792291641235,False,True
2306,77d8586601239091169c53f8e476e101c1dcdf3d670c983a138aea6f45f02505,mbpp,if,26,random,0.5,-1.529094934463501,-0.560344934463501,False,True
2306,77d8586601239091169c53f8e476e101c1dcdf3d670c983a138aea6f45f02505,mbpp,if,26,toward,1.0,-1.529083013534546,-0.5603330135345459,False,True
2306,77d8586601239091169c53f8e476e101c1dcdf3d670c983a138aea6f45f02505,mbpp,if,26,away,1.0,-1.5736777782440186,-0.5424277782440186,False,True
2306,77d8586601239091169c53f8e476e101c1dcdf3d670c983a138aea6f45f02505,mbpp,if,26,random,1.0,-1.5472407341003418,-0.547240674495697,False,True
2306,77d8586601239091169c53f8e476e101c1dcdf3d670c983a138aea6f45f02505,mbpp,if,28,toward,0.5,-1.5293346643447876,-0.5605846643447876,False,True
2306,77d8586601239091169c53f8e476e101c1dcdf3d670c983a138aea6f45f02505,mbpp,if,28,away,0.5,-1.5165801048278809,-0.5634551048278809,False,True
2306,77d8586601239091169c53f8e476e101c1dcdf3d670c983a138aea6f45f02505,mbpp,if,28,random,0.5,-1.5185000896453857,-0.5653750896453857,False,True
2306,77d8586601239091169c53f8e476e101c1dcdf3d670c983a138aea6f45f02505,mbpp,if,28,toward,1.0,-1.5278903245925903,-0.5591403245925903,False,True
2306,77d8586601239091169c53f8e476e101c1dcdf3d670c983a138aea6f45f02505,mbpp,if,28,away,1.0,-1.5138232707977295,-0.5606982707977295,False,True
2306,77d8586601239091169c53f8e476e101c1dcdf3d670c983a138aea6f45f02505,mbpp,if,28,random,1.0,-1.5279150009155273,-0.5591650009155273,False,True
2306,77d8586601239091169c53f8e476e101c1dcdf3d670c983a138aea6f45f02505,mbpp,if,30,toward,0.5,-1.517334222793579,-0.5642092823982239,False,True
2306,77d8586601239091169c53f8e476e101c1dcdf3d670c983a138aea6f45f02505,mbpp,if,30,away,0.5,-1.5079529285430908,-0.5704529285430908,False,True
2306,77d8586601239091169c53f8e476e101c1dcdf3d670c983a138aea6f45f02505,mbpp,if,30,random,0.5,-1.5186004638671875,-0.5654755234718323,False,True
2306,77d8586601239091169c53f8e476e101c1dcdf3d670c983a138aea6f45f02505,mbpp,if,30,toward,1.0,-1.5258243083953857,-0.5570743083953857,False,True
2306,77d8586601239091169c53f8e476e101c1dcdf3d670c983a138aea6f45f02505,mbpp,if,30,away,1.0,-1.5096697807312012,-0.5721697807312012,False,True
2306,77d8586601239091169c53f8e476e101c1dcdf3d670c983a138aea6f45f02505,mbpp,if,30,random,1.0,-1.5191364288330078,-0.5660114884376526,False,True
2306,77d8586601239091169c53f8e476e101c1dcdf3d670c983a138aea6f45f02505,mbpp,if,31,toward,0.5,-1.5201313495635986,-0.5670063495635986,False,True
2306,77d8586601239091169c53f8e476e101c1dcdf3d670c983a138aea6f45f02505,mbpp,if,31,away,0.5,-1.5201313495635986,-0.5670063495635986,False,True
2306,77d8586601239091169c53f8e476e101c1dcdf3d670c983a138aea6f45f02505,mbpp,if,31,random,0.5,-1.5201313495635986,-0.5670063495635986,False,True
2306,77d8586601239091169c53f8e476e101c1dcdf3d670c983a138aea6f45f02505,mbpp,if,31,toward,1.0,-1.5201313495635986,-0.5670063495635986,False,True
2306,77d8586601239091169c53f8e476e101c1dcdf3d670c983a138aea6f45f02505,mbpp,if,31,away,1.0,-1.5201313495635986,-0.5670063495635986,False,True
2306,77d8586601239091169c53f8e476e101c1dcdf3d670c983a138aea6f45f02505,mbpp,if,31,random,1.0,-1.5201313495635986,-0.5670063495635986,False,True
2306,77d8586601239091169c53f8e476e101c1dcdf3d670c983a138aea6f45f02505,mbpp,body_first,0,toward,0.5,-1.5732661485671997,-0.5420161485671997,False,True
2306,77d8586601239091169c53f8e476e101c1dcdf3d670c983a138aea6f45f02505,mbpp,body_first,0,away,0.5,-1.479081392288208,-0.5884563326835632,False,True
2306,77d8586601239091169c53f8e476e101c1dcdf3d670c983a138aea6f45f02505,mbpp,body_first,0,random,0.5,-1.5317881107330322,-0.5630380511283875,False,True
2306,77d8586601239091169c53f8e476e101c1dcdf3d670c983a138aea6f45f02505,mbpp,body_first,0,toward,1.0,-1.6139748096466064,-0.5202247500419617,False,True
2306,77d8586601239091169c53f8e476e101c1dcdf3d670c983a138aea6f45f02505,mbpp,body_first,0,away,1.0,-1.5041613578796387,-0.5822863578796387,False,True
2306,77d8586601239091169c53f8e476e101c1dcdf3d670c983a138aea6f45f02505,mbpp,body_first,0,random,1.0,-1.5973174571990967,-0.5348174571990967,False,True
2306,77d8586601239091169c53f8e476e101c1dcdf3d670c983a138aea6f45f02505,mbpp,body_first,2,toward,0.5,-1.6057145595550537,-0.5432145595550537,False,True
2306,77d8586601239091169c53f8e476e101c1dcdf3d670c983a138aea6f45f02505,mbpp,body_first,2,away,0.5,-1.4851839542388916,-0.5789338946342468,False,True
2306,77d8586601239091169c53f8e476e101c1dcdf3d670c983a138aea6f45f02505,mbpp,body_first,2,random,0.5,-1.6027203798294067,-0.5402203798294067,False,True
2306,77d8586601239091169c53f8e476e101c1dcdf3d670c983a138aea6f45f02505,mbpp,body_first,2,toward,1.0,-1.6850937604904175,-0.5132187604904175,False,True
2306,77d8586601239091169c53f8e476e101c1dcdf3d670c983a138aea6f45f02505,mbpp,body_first,2,away,1.0,-1.5792832374572754,-0.5324081778526306,False,True
2306,77d8586601239091169c53f8e476e101c1dcdf3d670c983a138aea6f45f02505,mbpp,body_first,2,random,1.0,-1.7957513332366943,-0.48325130343437195,False,True
2306,77d8586601239091169c53f8e476e101c1dcdf3d670c983a138aea6f45f02505,mbpp,body_first,4,toward,0.5,-1.5501093864440918,-0.550109326839447,False,True
2306,77d8586601239091169c53f8e476e101c1dcdf3d670c983a138aea6f45f02505,mbpp,body_first,4,away,0.5,-1.490891695022583,-0.584641695022583,False,True
2306,77d8586601239091169c53f8e476e101c1dcdf3d670c983a138aea6f45f02505,mbpp,body_first,4,random,0.5,-1.5286455154418945,-0.5598955154418945,False,True
2306,77d8586601239091169c53f8e476e101c1dcdf3d670c983a138aea6f45f02505,mbpp,body_first,4,toward,1.0,-1.6757243871688843,-0.5038493871688843,False,True
2306,77d8586601239091169c53f8e476e101c1dcdf3d670c983a138aea6f45f02505,mbpp,body_first,4,away,1.0,-1.550269603729248,-0.565894603729248,False,True
2306,77d8586601239091169c53f8e476e101c1dcdf3d670c983a138aea6f45f02505,mbpp,body_first,4,random,1.0,-1.551200032234192,-0.5512000322341919,False,True
2306,77d8586601239091169c53f8e476e101c1dcdf3d670c983a138aea6f45f02505,mbpp,body_first,6,toward,0.5,-1.4200239181518555,-0.5918988585472107,False,True
2306,77d8586601239091169c53f8e476e101c1dcdf3d670c983a138aea6f45f02505,mbpp,body_first,6,away,0.5,-1.5689826011657715,-0.5533576011657715,False,True
2306,77d8586601239091169c53f8e476e101c1dcdf3d670c983a138aea6f45f02505,mbpp,body_first,6,random,0.5,-1.549170970916748,-0.549170970916748,False,True
2306,77d8586601239091169c53f8e476e101c1dcdf3d670c983a138aea6f45f02505,mbpp,body_first,6,toward,1.0,-1.4154788255691528,-0.5873538255691528,False,True
2306,77d8586601239091169c53f8e476e101c1dcdf3d670c983a138aea6f45f02505,mbpp,body_first,6,away,1.0,-1.6405718326568604,-0.5155717730522156,False,True
2306,77d8586601239091169c53f8e476e101c1dcdf3d670c983a138aea6f45f02505,mbpp,body_first,6,random,1.0,-1.6234345436096191,-0.5140595436096191,False,True
2306,77d8586601239091169c53f8e476e101c1dcdf3d670c983a138aea6f45f02505,mbpp,body_first,8,toward,0.5,-1.5254669189453125,-0.5723418593406677,False,True
2306,77d8586601239091169c53f8e476e101c1dcdf3d670c983a138aea6f45f02505,mbpp,body_first,8,away,0.5,-1.5739511251449585,-0.5270761251449585,False,True
2306,77d8586601239091169c53f8e476e101c1dcdf3d670c983a138aea6f45f02505,mbpp,body_first,8,random,0.5,-1.5382393598556519,-0.5538643598556519,False,True
2306,77d8586601239091169c53f8e476e101c1dcdf3d670c983a138aea6f45f02505,mbpp,body_first,8,toward,1.0,-1.5511598587036133,-0.5511597990989685,False,True
2306,77d8586601239091169c53f8e476e101c1dcdf3d670c983a138aea6f45f02505,mbpp,body_first,8,away,1.0,-1.62325119972229,-0.51387619972229,False,True
2306,77d8586601239091169c53f8e476e101c1dcdf3d670c983a138aea6f45f02505,mbpp,body_first,8,random,1.0,-1.5467933416366577,-0.5467933416366577,False,True
2306,77d8586601239091169c53f8e476e101c1dcdf3d670c983a138aea6f45f02505,mbpp,body_first,10,toward,0.5,-1.5402367115020752,-0.55586177110672,False,True
2306,77d8586601239091169c53f8e476e101c1dcdf3d670c983a138aea6f45f02505,mbpp,body_first,10,away,0.5,-1.513925313949585,-0.5608003735542297,False,True
2306,77d8586601239091169c53f8e476e101c1dcdf3d670c983a138aea6f45f02505,mbpp,body_first,10,random,0.5,-1.5409497022628784,-0.5565747022628784,False,True
2306,77d8586601239091169c53f8e476e101c1dcdf3d670c983a138aea6f45f02505,mbpp,body_first,10,toward,1.0,-1.5697567462921143,-0.5385067462921143,False,True
2306,77d8586601239091169c53f8e476e101c1dcdf3d670c983a138aea6f45f02505,mbpp,body_first,10,away,1.0,-1.5257831811904907,-0.5570331811904907,False,True
2306,77d8586601239091169c53f8e476e101c1dcdf3d670c983a138aea6f45f02505,mbpp,body_first,10,random,1.0,-1.5865797996520996,-0.5397047400474548,False,True
2306,77d8586601239091169c53f8e476e101c1dcdf3d670c983a138aea6f45f02505,mbpp,body_first,12,toward,0.5,-1.55088472366333,-0.5508847236633301,False,True
2306,77d8586601239091169c53f8e476e101c1dcdf3d670c983a138aea6f45f02505,mbpp,body_first,12,away,0.5,-1.5438010692596436,-0.5594260692596436,False,True
2306,77d8586601239091169c53f8e476e101c1dcdf3d670c983a138aea6f45f02505,mbpp,body_first,12,random,0.5,-1.6063001155853271,-0.5438001155853271,False,True
2306,77d8586601239091169c53f8e476e101c1dcdf3d670c983a138aea6f45f02505,mbpp,body_first,12,toward,1.0,-1.5646843910217285,-0.5490594506263733,False,True
2306,77d8586601239091169c53f8e476e101c1dcdf3d670c983a138aea6f45f02505,mbpp,body_first,12,away,1.0,-1.5707356929779053,-0.5551106929779053,False,True
2306,77d8586601239091169c53f8e476e101c1dcdf3d670c983a138aea6f45f02505,mbpp,body_first,12,random,1.0,-1.7201043367385864,-0.5169793367385864,False,True
2306,77d8586601239091169c53f8e476e101c1dcdf3d670c983a138aea6f45f02505,mbpp,body_first,14,toward,0.5,-1.507219672203064,-0.569719672203064,False,True
2306,77d8586601239091169c53f8e476e101c1dcdf3d670c983a138aea6f45f02505,mbpp,body_first,14,away,0.5,-1.5267747640609741,-0.5736497640609741,False,True
2306,77d8586601239091169c53f8e476e101c1dcdf3d670c983a138aea6f45f02505,mbpp,body_first,14,random,0.5,-1.6104952096939087,-0.5479952096939087,False,True
2306,77d8586601239091169c53f8e476e101c1dcdf3d670c983a138aea6f45f02505,mbpp,body_first,14,toward,1.0,-1.5259525775909424,-0.5572025179862976,False,True
2306,77d8586601239091169c53f8e476e101c1dcdf3d670c983a138aea6f45f02505,mbpp,body_first,14,away,1.0,-1.5804364681243896,-0.5804364085197449,False,True
2306,77d8586601239091169c53f8e476e101c1dcdf3d670c983a138aea6f45f02505,mbpp,body_first,14,random,1.0,-1.7256367206573486,-0.5225117802619934,False,True
2306,77d8586601239091169c53f8e476e101c1dcdf3d670c983a138aea6f45f02505,mbpp,body_first,16,toward,0.5,-1.453460454940796,-0.5784603953361511,False,True
2306,77d8586601239091169c53f8e476e101c1dcdf3d670c983a138aea6f45f02505,mbpp,body_first,16,away,0.5,-1.5952863693237305,-0.5640364289283752,False,True
2306,77d8586601239091169c53f8e476e101c1dcdf3d670c983a138aea6f45f02505,mbpp,body_first,16,random,0.5,-1.5026156902313232,-0.565115749835968,False,True
2306,77d8586601239091169c53f8e476e101c1dcdf3d670c983a138aea6f45f02505,mbpp,body_first,16,toward,1.0,-1.4398612976074219,-0.5804862976074219,False,True
2306,77d8586601239091169c53f8e476e101c1dcdf3d670c983a138aea6f45f02505,mbpp,body_first,16,away,1.0,-1.68519926071167,-0.5445742607116699,False,True
2306,77d8586601239091169c53f8e476e101c1dcdf3d670c983a138aea6f45f02505,mbpp,body_first,16,random,1.0,-1.5424273014068604,-0.5580522418022156,False,True
2306,77d8586601239091169c53f8e476e101c1dcdf3d670c983a138aea6f45f02505,mbpp,body_first,18,toward,0.5,-1.4858402013778687,-0.5795902013778687,False,True
2306,77d8586601239091169c53f8e476e101c1dcdf3d670c983a138aea6f45f02505,mbpp,body_first,18,away,0.5,-1.6070442199707031,-0.5445442795753479,False,True
2306,77d8586601239091169c53f8e476e101c1dcdf3d670c983a138aea6f45f02505,mbpp,body_first,18,random,0.5,-1.499671459197998,-0.5777965188026428,False,True
2306,77d8586601239091169c53f8e476e101c1dcdf3d670c983a138aea6f45f02505,mbpp,body_first,18,toward,1.0,-1.5338141918182373,-0.5650642514228821,False,True
2306,77d8586601239091169c53f8e476e101c1dcdf3d670c983a138aea6f45f02505,mbpp,body_first,18,away,1.0,-1.644141435623169,-0.534766435623169,False,True
2306,77d8586601239091169c53f8e476e101c1dcdf3d670c983a138aea6f45f02505,mbpp,body_first,18,random,1.0,-1.5163308382034302,-0.5788308382034302,False,True
2306,77d8586601239091169c53f8e476e101c1dcdf3d670c983a138aea6f45f02505,mbpp,body_first,20,toward,0.5,-1.485344409942627,-0.5790944695472717,False,True
2306,77d8586601239091169c53f8e476e101c1dcdf3d670c983a138aea6f45f02505,mbpp,body_first,20,away,0.5,-1.6162419319152832,-0.5381169319152832,False,True
2306,77d8586601239091169c53f8e476e101c1dcdf3d670c983a138aea6f45f02505,mbpp,body_first,20,random,0.5,-1.5819556713104248,-0.5507056713104248,False,True
2306,77d8586601239091169c53f8e476e101c1dcdf3d670c983a138aea6f45f02505,mbpp,body_first,20,toward,1.0,-1.4885940551757812,-0.5823439955711365,False,True
2306,77d8586601239091169c53f8e476e101c1dcdf3d670c983a138aea6f45f02505,mbpp,body_first,20,away,1.0,-1.668892502784729,-0.528267502784729,False,True
2306,77d8586601239091169c53f8e476e101c1dcdf3d670c983a138aea6f45f02505,mbpp,body_first,20,random,1.0,-1.6451510190963745,-0.5357760190963745,False,True
2306,77d8586601239091169c53f8e476e101c1dcdf3d670c983a138aea6f45f02505,mbpp,body_first,22,toward,0.5,-1.5078858137130737,-0.5703858137130737,False,True
2306,77d8586601239091169c53f8e476e101c1dcdf3d670c983a138aea6f45f02505,mbpp,body_first,22,away,0.5,-1.518003225326538,-0.5648782253265381,False,True
2306,77d8586601239091169c53f8e476e101c1dcdf3d670c983a138aea6f45f02505,mbpp,body_first,22,random,0.5,-1.6161315441131592,-0.538006603717804,False,True
2306,77d8586601239091169c53f8e476e101c1dcdf3d670c983a138aea6f45f02505,mbpp,body_first,22,toward,1.0,-1.531589150428772,-0.562839150428772,False,True
2306,77d8586601239091169c53f8e476e101c1dcdf3d670c983a138aea6f45f02505,mbpp,body_first,22,away,1.0,-1.5581492185592651,-0.5581492185592651,False,True
2306,77d8586601239091169c53f8e476e101c1dcdf3d670c983a138aea6f45f02505,mbpp,body_first,22,random,1.0,-1.6533420085906982,-0.5283420085906982,False,True
2306,77d8586601239091169c53f8e476e101c1dcdf3d670c983a138aea6f45f02505,mbpp,body_first,24,toward,0.5,-1.4832419157028198,-0.5769919157028198,False,True
2306,77d8586601239091169c53f8e476e101c1dcdf3d670c983a138aea6f45f02505,mbpp,body_first,24,away,0.5,-1.6277049779891968,-0.5339549779891968,False,True
2306,77d8586601239091169c53f8e476e101c1dcdf3d670c983a138aea6f45f02505,mbpp,body_first,24,random,0.5,-1.5803616046905518,-0.5491116642951965,False,True
2306,77d8586601239091169c53f8e476e101c1dcdf3d670c983a138aea6f45f02505,mbpp,body_first,24,toward,1.0,-1.506352424621582,-0.568852424621582,False,True
2306,77d8586601239091169c53f8e476e101c1dcdf3d670c983a138aea6f45f02505,mbpp,body_first,24,away,1.0,-1.7014460563659668,-0.5139460563659668,False,True
2306,77d8586601239091169c53f8e476e101c1dcdf3d670c983a138aea6f45f02505,mbpp,body_first,24,random,1.0,-1.5955091714859009,-0.5486341714859009,False,True
2306,77d8586601239091169c53f8e476e101c1dcdf3d670c983a138aea6f45f02505,mbpp,body_first,26,toward,0.5,-1.4952869415283203,-0.5734119415283203,False,True
2306,77d8586601239091169c53f8e476e101c1dcdf3d670c983a138aea6f45f02505,mbpp,body_first,26,away,0.5,-1.578848958015442,-0.5475989580154419,False,True
2306,77d8586601239091169c53f8e476e101c1dcdf3d670c983a138aea6f45f02505,mbpp,body_first,26,random,0.5,-1.5318049192428589,-0.5630549192428589,False,True
2306,77d8586601239091169c53f8e476e101c1dcdf3d670c983a138aea6f45f02505,mbpp,body_first,26,toward,1.0,-1.4853713512420654,-0.5791213512420654,False,True
2306,77d8586601239091169c53f8e476e101c1dcdf3d670c983a138aea6f45f02505,mbpp,body_first,26,away,1.0,-1.6032569408416748,-0.5407569408416748,False,True
2306,77d8586601239091169c53f8e476e101c1dcdf3d670c983a138aea6f45f02505,mbpp,body_first,26,random,1.0,-1.5403012037277222,-0.5559262037277222,False,True
2306,77d8586601239091169c53f8e476e101c1dcdf3d670c983a138aea6f45f02505,mbpp,body_first,28,toward,0.5,-1.5196373462677002,-0.5665123462677002,False,True
2306,77d8586601239091169c53f8e476e101c1dcdf3d670c983a138aea6f45f02505,mbpp,body_first,28,away,0.5,-1.5317089557647705,-0.5629588961601257,False,True
2306,77d8586601239091169c53f8e476e101c1dcdf3d670c983a138aea6f45f02505,mbpp,body_first,28,random,0.5,-1.5201404094696045,-0.5670153498649597,False,True
2306,77d8586601239091169c53f8e476e101c1dcdf3d670c983a138aea6f45f02505,mbpp,body_first,28,toward,1.0,-1.5093002319335938,-0.571800172328949,False,True
2306,77d8586601239091169c53f8e476e101c1dcdf3d670c983a138aea6f45f02505,mbpp,body_first,28,away,1.0,-1.5328729152679443,-0.5641229748725891,False,True
2306,77d8586601239091169c53f8e476e101c1dcdf3d670c983a138aea6f45f02505,mbpp,body_first,28,random,1.0,-1.5206665992736816,-0.5675415396690369,False,True
2306,77d8586601239091169c53f8e476e101c1dcdf3d670c983a138aea6f45f02505,mbpp,body_first,30,toward,0.5,-1.520155906677246,-0.5670308470726013,False,True
2306,77d8586601239091169c53f8e476e101c1dcdf3d670c983a138aea6f45f02505,mbpp,body_first,30,away,0.5,-1.520048975944519,-0.566923975944519,False,True
2306,77d8586601239091169c53f8e476e101c1dcdf3d670c983a138aea6f45f02505,mbpp,body_first,30,random,0.5,-1.5201326608657837,-0.5670076608657837,False,True
2306,77d8586601239091169c53f8e476e101c1dcdf3d670c983a138aea6f45f02505,mbpp,body_first,30,toward,1.0,-1.520157814025879,-0.5670328140258789,False,True
2306,77d8586601239091169c53f8e476e101c1dcdf3d670c983a138aea6f45f02505,mbpp,body_first,30,away,1.0,-1.507946252822876,-0.570446252822876,False,True
2306,77d8586601239091169c53f8e476e101c1dcdf3d670c983a138aea6f45f02505,mbpp,body_first,30,random,1.0,-1.5186033248901367,-0.5654782652854919,False,True
2306,77d8586601239091169c53f8e476e101c1dcdf3d670c983a138aea6f45f02505,mbpp,body_first,31,toward,0.5,-1.5201313495635986,-0.5670063495635986,False,True
2306,77d8586601239091169c53f8e476e101c1dcdf3d670c983a138aea6f45f02505,mbpp,body_first,31,away,0.5,-1.5201313495635986,-0.5670063495635986,False,True
2306,77d8586601239091169c53f8e476e101c1dcdf3d670c983a138aea6f45f02505,mbpp,body_first,31,random,0.5,-1.5201313495635986,-0.5670063495635986,False,True
2306,77d8586601239091169c53f8e476e101c1dcdf3d670c983a138aea6f45f02505,mbpp,body_first,31,toward,1.0,-1.5201313495635986,-0.5670063495635986,False,True
2306,77d8586601239091169c53f8e476e101c1dcdf3d670c983a138aea6f45f02505,mbpp,body_first,31,away,1.0,-1.5201313495635986,-0.5670063495635986,False,True
2306,77d8586601239091169c53f8e476e101c1dcdf3d670c983a138aea6f45f02505,mbpp,body_first,31,random,1.0,-1.5201313495635986,-0.5670063495635986,False,True
2306,77d8586601239091169c53f8e476e101c1dcdf3d670c983a138aea6f45f02505,mbpp,answer,0,toward,0.5,-1.451744556427002,-0.6079944968223572,False,True
2306,77d8586601239091169c53f8e476e101c1dcdf3d670c983a138aea6f45f02505,mbpp,answer,0,away,0.5,-1.582953929901123,-0.5360788702964783,False,True
2306,77d8586601239091169c53f8e476e101c1dcdf3d670c983a138aea6f45f02505,mbpp,answer,0,random,0.5,-1.6287219524383545,-0.5349719524383545,False,True
2306,77d8586601239091169c53f8e476e101c1dcdf3d670c983a138aea6f45f02505,mbpp,answer,0,toward,1.0,-1.1663546562194824,-0.8538545966148376,False,True
2306,77d8586601239091169c53f8e476e101c1dcdf3d670c983a138aea6f45f02505,mbpp,answer,0,away,1.0,-1.7326796054840088,-0.4826796054840088,False,False
2306,77d8586601239091169c53f8e476e101c1dcdf3d670c983a138aea6f45f02505,mbpp,answer,0,random,1.0,-1.9342336654663086,-0.4654836058616638,False,True
2306,77d8586601239091169c53f8e476e101c1dcdf3d670c983a138aea6f45f02505,mbpp,answer,2,toward,0.5,-1.4447267055511475,-0.6166017651557922,False,True
2306,77d8586601239091169c53f8e476e101c1dcdf3d670c983a138aea6f45f02505,mbpp,answer,2,away,0.5,-1.5870227813720703,-0.5401477813720703,False,True
2306,77d8586601239091169c53f8e476e101c1dcdf3d670c983a138aea6f45f02505,mbpp,answer,2,random,0.5,-1.3646862506866455,-0.6303112506866455,False,True
2306,77d8586601239091169c53f8e476e101c1dcdf3d670c983a138aea6f45f02505,mbpp,answer,2,toward,1.0,-1.2990646362304688,-0.7209396362304688,False,True
2306,77d8586601239091169c53f8e476e101c1dcdf3d670c983a138aea6f45f02505,mbpp,answer,2,away,1.0,-1.7943581342697144,-0.5443581342697144,False,True
2306,77d8586601239091169c53f8e476e101c1dcdf3d670c983a138aea6f45f02505,mbpp,answer,2,random,1.0,-1.4418374300003052,-0.6449624300003052,False,True
2306,77d8586601239091169c53f8e476e101c1dcdf3d670c983a138aea6f45f02505,mbpp,answer,4,toward,0.5,-1.1675238609313965,-0.7768988609313965,False,True
2306,77d8586601239091169c53f8e476e101c1dcdf3d670c983a138aea6f45f02505,mbpp,answer,4,away,0.5,-1.8454710245132446,-0.45484602451324463,False,True
2306,77d8586601239091169c53f8e476e101c1dcdf3d670c983a138aea6f45f02505,mbpp,answer,4,random,0.5,-1.5211868286132812,-0.5368118286132812,False,True
2306,77d8586601239091169c53f8e476e101c1dcdf3d670c983a138aea6f45f02505,mbpp,answer,4,toward,1.0,-1.1576353311538696,-0.9076353311538696,False,True
2306,77d8586601239091169c53f8e476e101c1dcdf3d670c983a138aea6f45f02505,mbpp,answer,4,away,1.0,-1.8023794889450073,-0.4430045187473297,False,True
2306,77d8586601239091169c53f8e476e101c1dcdf3d670c983a138aea6f45f02505,mbpp,answer,4,random,1.0,-1.4206480979919434,-0.6237730979919434,False,True
2306,77d8586601239091169c53f8e476e101c1dcdf3d670c983a138aea6f45f02505,mbpp,answer,6,toward,0.5,-1.2323987483978271,-0.7636486887931824,False,True
2306,77d8586601239091169c53f8e476e101c1dcdf3d670c983a138aea6f45f02505,mbpp,answer,6,away,0.5,-1.990522861480713,-0.3811478316783905,False,True
2306,77d8586601239091169c53f8e476e101c1dcdf3d670c983a138aea6f45f02505,mbpp,answer,6,random,0.5,-1.5876164436340332,-0.587616503238678,False,True
2306,77d8586601239091169c53f8e476e101c1dcdf3d670c983a138aea6f45f02505,mbpp,answer,6,toward,1.0,-1.0420732498168945,-1.0420732498168945,False,True
2306,77d8586601239091169c53f8e476e101c1dcdf3d670c983a138aea6f45f02505,mbpp,answer,6,away,1.0,-2.6041529178619385,-0.21352791786193848,False,False
2306,77d8586601239091169c53f8e476e101c1dcdf3d670c983a138aea6f45f02505,mbpp,answer,6,random,1.0,-1.7079870700836182,-0.6454871296882629,False,True
2306,77d8586601239091169c53f8e476e101c1dcdf3d670c983a138aea6f45f02505,mbpp,answer,8,toward,0.5,-1.0912535190582275,-0.8412535786628723,False,True
2306,77d8586601239091169c53f8e476e101c1dcdf3d670c983a138aea6f45f02505,mbpp,answer,8,away,0.5,-2.1017942428588867,-0.3986693024635315,False,True
2306,77d8586601239091169c53f8e476e101c1dcdf3d670c983a138aea6f45f02505,mbpp,answer,8,random,0.5,-1.853809118270874,-0.5413091778755188,False,True
2306,77d8586601239091169c53f8e476e101c1dcdf3d670c983a138aea6f45f02505,mbpp,answer,8,toward,1.0,-1.0395740270614624,-0.9458240270614624,False,True
2306,77d8586601239091169c53f8e476e101c1dcdf3d670c983a138aea6f45f02505,mbpp,answer,8,away,1.0,-2.3552653789520264,-0.3552653193473816,False,False
2306,77d8586601239091169c53f8e476e101c1dcdf3d670c983a138aea6f45f02505,mbpp,answer,8,random,1.0,-2.270331859588623,-0.48908188939094543,False,True
2306,77d8586601239091169c53f8e476e101c1dcdf3d670c983a138aea6f45f02505,mbpp,answer,10,toward,0.5,-0.9667821526527405,-0.8261571526527405,False,True
2306,77d8586601239091169c53f8e476e101c1dcdf3d670c983a138aea6f45f02505,mbpp,answer,10,away,0.5,-2.0561766624450684,-0.4624266028404236,False,False
2306,77d8586601239091169c53f8e476e101c1dcdf3d670c983a138aea6f45f02505,mbpp,answer,10,random,0.5,-1.4389514923095703,-0.6420764923095703,False,True
2306,77d8586601239091169c53f8e476e101c1dcdf3d670c983a138aea6f45f02505,mbpp,answer,10,toward,1.0,-1.1729693412780762,-0.610469400882721,False,True
2306,77d8586601239091169c53f8e476e101c1dcdf3d670c983a138aea6f45f02505,mbpp,answer,10,away,1.0,-2.5904033184051514,-0.41852834820747375,False,False
2306,77d8586601239091169c53f8e476e101c1dcdf3d670c983a138aea6f45f02505,mbpp,answer,10,random,1.0,-1.752143144607544,-0.580268144607544,False,True
2306,77d8586601239091169c53f8e476e101c1dcdf3d670c983a138aea6f45f02505,mbpp,answer,12,toward,0.5,-0.684685230255127,-1.106560230255127,False,False
2306,77d8586601239091169c53f8e476e101c1dcdf3d670c983a138aea6f45f02505,mbpp,answer,12,away,0.5,-2.5683326721191406,-0.3495827913284302,False,True
2306,77d8586601239091169c53f8e476e101c1dcdf3d670c983a138aea6f45f02505,mbpp,answer,12,random,0.5,-1.7213542461395264,-0.48697927594184875,False,False
2306,77d8586601239091169c53f8e476e101c1dcdf3d670c983a138aea6f45f02505,mbpp,answer,12,toward,1.0,-0.5847468972206116,-1.1941218376159668,True,False
2306,77d8586601239091169c53f8e476e101c1dcdf3d670c983a138aea6f45f02505,mbpp,answer,12,away,1.0,-3.1417107582092285,-0.23546075820922852,False,True
2306,77d8586601239091169c53f8e476e101c1dcdf3d670c983a138aea6f45f02505,mbpp,answer,12,random,1.0,-2.1937854290008545,-0.3656604588031769,False,False
2306,77d8586601239091169c53f8e476e101c1dcdf3d670c983a138aea6f45f02505,mbpp,answer,14,toward,0.5,-0.7372039556503296,-1.1278289556503296,False,False
2306,77d8586601239091169c53f8e476e101c1dcdf3d670c983a138aea6f45f02505,mbpp,answer,14,away,0.5,-2.3311054706573486,-0.40923044085502625,False,True
2306,77d8586601239091169c53f8e476e101c1dcdf3d670c983a138aea6f45f02505,mbpp,answer,14,random,0.5,-1.963252067565918,-0.525752067565918,False,True
2306,77d8586601239091169c53f8e476e101c1dcdf3d670c983a138aea6f45f02505,mbpp,answer,14,toward,1.0,-0.7408067584037781,-1.6470568180084229,False,False
2306,77d8586601239091169c53f8e476e101c1dcdf3d670c983a138aea6f45f02505,mbpp,answer,14,away,1.0,-1.659794807434082,-0.566044807434082,False,False
2306,77d8586601239091169c53f8e476e101c1dcdf3d670c983a138aea6f45f02505,mbpp,answer,14,random,1.0,-2.331912040710449,-0.5506619811058044,False,True
2306,77d8586601239091169c53f8e476e101c1dcdf3d670c983a138aea6f45f02505,mbpp,answer,16,toward,0.5,-1.2539148330688477,-0.7695398926734924,False,True
2306,77d8586601239091169c53f8e476e101c1dcdf3d670c983a138aea6f45f02505,mbpp,answer,16,away,0.5,-1.807734727859497,-0.5264846682548523,False,True
2306,77d8586601239091169c53f8e476e101c1dcdf3d670c983a138aea6f45f02505,mbpp,answer,16,random,0.5,-2.489060401916504,-0.5203105211257935,False,True
2306,77d8586601239091169c53f8e476e101c1dcdf3d670c983a138aea6f45f02505,mbpp,answer,16,toward,1.0,-1.1927627325057983,-0.8802627325057983,False,True
2306,77d8586601239091169c53f8e476e101c1dcdf3d670c983a138aea6f45f02505,mbpp,answer,16,away,1.0,-1.023123025894165,-1.069998025894165,False,False
2306,77d8586601239091169c53f8e476e101c1dcdf3d670c983a138aea6f45f02505,mbpp,answer,16,random,1.0,-3.241771697998047,-0.4761466681957245,False,True
2306,77d8586601239091169c53f8e476e101c1dcdf3d670c983a138aea6f45f02505,mbpp,answer,18,toward,0.5,-1.7924405336380005,-0.4799405634403229,False,True
2306,77d8586601239091169c53f8e476e101c1dcdf3d670c983a138aea6f45f02505,mbpp,answer,18,away,0.5,-2.4411487579345703,-0.5505237579345703,False,False
2306,77d8586601239091169c53f8e476e101c1dcdf3d670c983a138aea6f45f02505,mbpp,answer,18,random,0.5,-1.4326789379119873,-0.7608038783073425,False,True
2306,77d8586601239091169c53f8e476e101c1dcdf3d670c983a138aea6f45f02505,mbpp,answer,18,toward,1.0,-2.2872586250305176,-0.42788371443748474,False,True
2306,77d8586601239091169c53f8e476e101c1dcdf3d670c983a138aea6f45f02505,mbpp,answer,18,away,1.0,-2.161811351776123,-0.8024364113807678,False,False
2306,77d8586601239091169c53f8e476e101c1dcdf3d670c983a138aea6f45f02505,mbpp,answer,18,random,1.0,-1.606032371520996,-0.6529074311256409,False,False
2306,77d8586601239091169c53f8e476e101c1dcdf3d670c983a138aea6f45f02505,mbpp,answer,20,toward,0.5,-2.6010026931762695,-0.3510028123855591,False,True
2306,77d8586601239091169c53f8e476e101c1dcdf3d670c983a138aea6f45f02505,mbpp,answer,20,away,0.5,-1.5729835033416748,-0.7292335033416748,False,True
2306,77d8586601239091169c53f8e476e101c1dcdf3d670c983a138aea6f45f02505,mbpp,answer,20,random,0.5,-2.3523337841033936,-0.3992086946964264,False,True
2306,77d8586601239091169c53f8e476e101c1dcdf3d670c983a138aea6f45f02505,mbpp,answer,20,toward,1.0,-3.5954041481018066,-0.31415408849716187,False,True
2306,77d8586601239091169c53f8e476e101c1dcdf3d670c983a138aea6f45f02505,mbpp,answer,20,away,1.0,-0.9773226976394653,-1.3679476976394653,True,False
2306,77d8586601239091169c53f8e476e101c1dcdf3d670c983a138aea6f45f02505,mbpp,answer,20,random,1.0,-2.7076170444488525,-0.5513670444488525,False,True
2306,77d8586601239091169c53f8e476e101c1dcdf3d670c983a138aea6f45f02505,mbpp,answer,22,toward,0.5,-2.8886163234710693,-0.35736632347106934,False,True
2306,77d8586601239091169c53f8e476e101c1dcdf3d670c983a138aea6f45f02505,mbpp,answer,22,away,0.5,-0.7131332755088806,-1.0725083351135254,False,False
2306,77d8586601239091169c53f8e476e101c1dcdf3d670c983a138aea6f45f02505,mbpp,answer,22,random,0.5,-1.98343825340271,-0.37406328320503235,False,True
2306,77d8586601239091169c53f8e476e101c1dcdf3d670c983a138aea6f45f02505,mbpp,answer,22,toward,1.0,-3.6236422061920166,-0.342392235994339,False,True
2306,77d8586601239091169c53f8e476e101c1dcdf3d670c983a138aea6f45f02505,mbpp,answer,22,away,1.0,-0.32892081141471863,-1.703920841217041,False,False
2306,77d8586601239091169c53f8e476e101c1dcdf3d670c983a138aea6f45f02505,mbpp,answer,22,random,1.0,-2.7531485557556152,-0.2062736451625824,False,True
2306,77d8586601239091169c53f8e476e101c1dcdf3d670c983a138aea6f45f02505,mbpp,answer,24,toward,0.5,-2.2758634090423584,-0.4321134090423584,False,True
2306,77d8586601239091169c53f8e476e101c1dcdf3d670c983a138aea6f45f02505,mbpp,answer,24,away,0.5,-0.7155295610427856,-1.0436545610427856,False,False
2306,77d8586601239091169c53f8e476e101c1dcdf3d670c983a138aea6f45f02505,mbpp,answer,24,random,0.5,-1.2399365901947021,-0.6930615901947021,False,True
2306,77d8586601239091169c53f8e476e101c1dcdf3d670c983a138aea6f45f02505,mbpp,answer,24,toward,1.0,-2.8037071228027344,-0.428707093000412,False,True
2306,77d8586601239091169c53f8e476e101c1dcdf3d670c983a138aea6f45f02505,mbpp,answer,24,away,1.0,-0.257895290851593,-1.7422702312469482,False,False
2306,77d8586601239091169c53f8e476e101c1dcdf3d670c983a138aea6f45f02505,mbpp,answer,24,random,1.0,-1.2522079944610596,-0.7522079944610596,False,True
2306,77d8586601239091169c53f8e476e101c1dcdf3d670c983a138aea6f45f02505,mbpp,answer,26,toward,0.5,-2.011091947555542,-0.4642169773578644,False,True
2306,77d8586601239091169c53f8e476e101c1dcdf3d670c983a138aea6f45f02505,mbpp,answer,26,away,0.5,-1.222968339920044,-0.8479683995246887,False,True
2306,77d8586601239091169c53f8e476e101c1dcdf3d670c983a138aea6f45f02505,mbpp,answer,26,random,0.5,-1.4572265148162842,-0.6291014552116394,False,True
2306,77d8586601239091169c53f8e476e101c1dcdf3d670c983a138aea6f45f02505,mbpp,answer,26,toward,1.0,-2.1720070838928223,-0.5157569646835327,False,True
2306,77d8586601239091169c53f8e476e101c1dcdf3d670c983a138aea6f45f02505,mbpp,answer,26,away,1.0,-1.5427601337432861,-1.0583851337432861,False,True
2306,77d8586601239091169c53f8e476e101c1dcdf3d670c983a138aea6f45f02505,mbpp,answer,26,random,1.0,-1.775597095489502,-0.5724720358848572,False,True
2306,77d8586601239091169c53f8e476e101c1dcdf3d670c983a138aea6f45f02505,mbpp,answer,28,toward,0.5,-1.8564285039901733,-0.5283035039901733,False,True
2306,77d8586601239091169c53f8e476e101c1dcdf3d670c983a138aea6f45f02505,mbpp,answer,28,away,0.5,-1.2764623165130615,-0.6670872569084167,False,True
2306,77d8586601239091169c53f8e476e101c1dcdf3d670c983a138aea6f45f02505,mbpp,answer,28,random,0.5,-1.6708542108535767,-0.37397921085357666,False,True
2306,77d8586601239091169c53f8e476e101c1dcdf3d670c983a138aea6f45f02505,mbpp,answer,28,toward,1.0,-2.070664167404175,-0.6331642270088196,False,True
2306,77d8586601239091169c53f8e476e101c1dcdf3d670c983a138aea6f45f02505,mbpp,answer,28,away,1.0,-1.399920105934143,-0.6967951059341431,False,True
2306,77d8586601239091169c53f8e476e101c1dcdf3d670c983a138aea6f45f02505,mbpp,answer,28,random,1.0,-1.9689375162124634,-0.23456254601478577,False,True
2306,77d8586601239091169c53f8e476e101c1dcdf3d670c983a138aea6f45f02505,mbpp,answer,30,toward,0.5,-1.8454113006591797,-0.5329113006591797,False,True
2306,77d8586601239091169c53f8e476e101c1dcdf3d670c983a138aea6f45f02505,mbpp,answer,30,away,0.5,-1.3894009590148926,-0.6550259590148926,False,True
2306,77d8586601239091169c53f8e476e101c1dcdf3d670c983a138aea6f45f02505,mbpp,answer,30,random,0.5,-1.3727664947509766,-0.5915165543556213,False,True
2306,77d8586601239091169c53f8e476e101c1dcdf3d670c983a138aea6f45f02505,mbpp,answer,30,toward,1.0,-2.1669814586639404,-0.7138563990592957,False,True
2306,77d8586601239091169c53f8e476e101c1dcdf3d670c983a138aea6f45f02505,mbpp,answer,30,away,1.0,-1.5640974044799805,-0.8609724044799805,False,True
2306,77d8586601239091169c53f8e476e101c1dcdf3d670c983a138aea6f45f02505,mbpp,answer,30,random,1.0,-1.152036190032959,-0.7145361304283142,False,True
2306,77d8586601239091169c53f8e476e101c1dcdf3d670c983a138aea6f45f02505,mbpp,answer,31,toward,0.5,-2.0132675170898438,-1.2788925170898438,False,True
2306,77d8586601239091169c53f8e476e101c1dcdf3d670c983a138aea6f45f02505,mbpp,answer,31,away,0.5,-1.5579822063446045,-0.5111071467399597,False,True
2306,77d8586601239091169c53f8e476e101c1dcdf3d670c983a138aea6f45f02505,mbpp,answer,31,random,0.5,-1.1099754571914673,-1.0631004571914673,False,True
2306,77d8586601239091169c53f8e476e101c1dcdf3d670c983a138aea6f45f02505,mbpp,answer,31,toward,1.0,-5.0441508293151855,-4.4816508293151855,False,False
2306,77d8586601239091169c53f8e476e101c1dcdf3d670c983a138aea6f45f02505,mbpp,answer,31,away,1.0,-1.6074594259262085,-0.7168344259262085,False,True
2306,77d8586601239091169c53f8e476e101c1dcdf3d670c983a138aea6f45f02505,mbpp,answer,31,random,1.0,-1.0486379861831665,-1.6580129861831665,False,False
2307,77d8586601239091169c53f8e476e101c1dcdf3d670c983a138aea6f45f02505,mbpp,baseline,-1,none,0.0,-1.6525108814239502,-0.49626094102859497,False,True
2307,77d8586601239091169c53f8e476e101c1dcdf3d670c983a138aea6f45f02505,mbpp,if,0,toward,0.5,-1.5635566711425781,-0.5010567307472229,False,True
2307,77d8586601239091169c53f8e476e101c1dcdf3d670c983a138aea6f45f02505,mbpp,if,0,away,0.5,-1.6598466634750366,-0.5035966634750366,False,True
2307,77d8586601239091169c53f8e476e101c1dcdf3d670c983a138aea6f45f02505,mbpp,if,0,random,0.5,-1.8572660684585571,-0.4197660982608795,False,True
2307,77d8586601239091169c53f8e476e101c1dcdf3d670c983a138aea6f45f02505,mbpp,if,0,toward,1.0,-1.6232645511627197,-0.5295146107673645,False,True
2307,77d8586601239091169c53f8e476e101c1dcdf3d670c983a138aea6f45f02505,mbpp,if,0,away,1.0,-1.3014774322509766,-0.6139773726463318,False,True
2307,77d8586601239091169c53f8e476e101c1dcdf3d670c983a138aea6f45f02505,mbpp,if,0,random,1.0,-1.585591435432434,-0.49184146523475647,False,True
2307,77d8586601239091169c53f8e476e101c1dcdf3d670c983a138aea6f45f02505,mbpp,if,2,toward,0.5,-1.7593797445297241,-0.4625047445297241,False,True
2307,77d8586601239091169c53f8e476e101c1dcdf3d670c983a138aea6f45f02505,mbpp,if,2,away,0.5,-1.5287907123565674,-0.5444157719612122,False,True
2307,77d8586601239091169c53f8e476e101c1dcdf3d670c983a138aea6f45f02505,mbpp,if,2,random,0.5,-1.5998361110687256,-0.49046117067337036,False,True
2307,77d8586601239091169c53f8e476e101c1dcdf3d670c983a138aea6f45f02505,mbpp,if,2,toward,1.0,-1.7649208307266235,-0.4211708605289459,False,True
2307,77d8586601239091169c53f8e476e101c1dcdf3d670c983a138aea6f45f02505,mbpp,if,2,away,1.0,-1.8946237564086914,-0.4258737862110138,False,True
2307,77d8586601239091169c53f8e476e101c1dcdf3d670c983a138aea6f45f02505,mbpp,if,2,random,1.0,-1.889127492904663,-0.38912755250930786,False,True
2307,77d8586601239091169c53f8e476e101c1dcdf3d670c983a138aea6f45f02505,mbpp,if,4,toward,0.5,-1.8179373741149902,-0.42731237411499023,False,True
2307,77d8586601239091169c53f8e476e101c1dcdf3d670c983a138aea6f45f02505,mbpp,if,4,away,0.5,-1.4384751319885254,-0.6103501915931702,False,True
2307,77d8586601239091169c53f8e476e101c1dcdf3d670c983a138aea6f45f02505,mbpp,if,4,random,0.5,-1.368786096572876,-0.618786096572876,False,True
2307,77d8586601239091169c53f8e476e101c1dcdf3d670c983a138aea6f45f02505,mbpp,if,4,toward,1.0,-1.7410062551498413,-0.5535062551498413,False,True
2307,77d8586601239091169c53f8e476e101c1dcdf3d670c983a138aea6f45f02505,mbpp,if,4,away,1.0,-1.877982258796692,-0.5498572587966919,False,True
2307,77d8586601239091169c53f8e476e101c1dcdf3d670c983a138aea6f45f02505,mbpp,if,4,random,1.0,-1.542832612991333,-0.527207612991333,False,True
2307,77d8586601239091169c53f8e476e101c1dcdf3d670c983a138aea6f45f02505,mbpp,if,6,toward,0.5,-1.735345721244812,-0.454095721244812,False,True
2307,77d8586601239091169c53f8e476e101c1dcdf3d670c983a138aea6f45f02505,mbpp,if,6,away,0.5,-1.678612470626831,-0.5536125302314758,False,True
2307,77d8586601239091169c53f8e476e101c1dcdf3d670c983a138aea6f45f02505,mbpp,if,6,random,0.5,-1.4817205667495728,-0.5598455667495728,False,True
2307,77d8586601239091169c53f8e476e101c1dcdf3d670c983a138aea6f45f02505,mbpp,if,6,toward,1.0,-1.8881266117095947,-0.4662516713142395,False,True
2307,77d8586601239091169c53f8e476e101c1dcdf3d670c983a138aea6f45f02505,mbpp,if,6,away,1.0,-1.4938502311706543,-0.7126001715660095,False,True
2307,77d8586601239091169c53f8e476e101c1dcdf3d670c983a138aea6f45f02505,mbpp,if,6,random,1.0,-1.2808423042297363,-0.6558423042297363,False,True
2307,77d8586601239091169c53f8e476e101c1dcdf3d670c983a138aea6f45f02505,mbpp,if,8,toward,0.5,-1.843482255935669,-0.42160728573799133,False,True
2307,77d8586601239091169c53f8e476e101c1dcdf3d670c983a138aea6f45f02505,mbpp,if,8,away,0.5,-1.3529088497161865,-0.6185339093208313,False,True
2307,77d8586601239091169c53f8e476e101c1dcdf3d670c983a138aea6f45f02505,mbpp,if,8,random,0.5,-1.6335408687591553,-0.5241658091545105,False,True
2307,77d8586601239091169c53f8e476e101c1dcdf3d670c983a138aea6f45f02505,mbpp,if,8,toward,1.0,-1.9043186902999878,-0.4824436604976654,False,True
2307,77d8586601239091169c53f8e476e101c1dcdf3d670c983a138aea6f45f02505,mbpp,if,8,away,1.0,-1.3477481603622437,-0.6289981603622437,False,True
2307,77d8586601239091169c53f8e476e101c1dcdf3d670c983a138aea6f45f02505,mbpp,if,8,random,1.0,-1.8049187660217285,-0.47679370641708374,False,True
2307,77d8586601239091169c53f8e476e101c1dcdf3d670c983a138aea6f45f02505,mbpp,if,10,toward,0.5,-1.453143835067749,-0.718768835067749,False,True
2307,77d8586601239091169c53f8e476e101c1dcdf3d670c983a138aea6f45f02505,mbpp,if,10,away,0.5,-1.4255876541137695,-0.5662126541137695,False,True
2307,77d8586601239091169c53f8e476e101c1dcdf3d670c983a138aea6f45f02505,mbpp,if,10,random,0.5,-1.528484582901001,-0.512859582901001,False,True
2307,77d8586601239091169c53f8e476e101c1dcdf3d670c983a138aea6f45f02505,mbpp,if,10,toward,1.0,-1.581524133682251,-0.8315241932868958,False,True
2307,77d8586601239091169c53f8e476e101c1dcdf3d670c983a138aea6f45f02505,mbpp,if,10,away,1.0,-1.6158602237701416,-0.5689852833747864,False,True
2307,77d8586601239091169c53f8e476e101c1dcdf3d670c983a138aea6f45f02505,mbpp,if,10,random,1.0,-1.8140321969985962,-0.4702821969985962,False,True
2307,77d8586601239091169c53f8e476e101c1dcdf3d670c983a138aea6f45f02505,mbpp,if,12,toward,0.5,-1.405197262763977,-0.842697262763977,False,True
2307,77d8586601239091169c53f8e476e101c1dcdf3d670c983a138aea6f45f02505,mbpp,if,12,away,0.5,-2.1424098014831543,-0.3611597418785095,False,True
2307,77d8586601239091169c53f8e476e101c1dcdf3d670c983a138aea6f45f02505,mbpp,if,12,random,0.5,-1.6693525314331055,-0.5599775910377502,False,True
2307,77d8586601239091169c53f8e476e101c1dcdf3d670c983a138aea6f45f02505,mbpp,if,12,toward,1.0,-1.5493359565734863,-1.0337109565734863,False,True
2307,77d8586601239091169c53f8e476e101c1dcdf3d670c983a138aea6f45f02505,mbpp,if,12,away,1.0,-2.2435719966888428,-0.4310719966888428,False,True
2307,77d8586601239091169c53f8e476e101c1dcdf3d670c983a138aea6f45f02505,mbpp,if,12,random,1.0,-1.9769532680511475,-0.5550782084465027,False,True
2307,77d8586601239091169c53f8e476e101c1dcdf3d670c983a138aea6f45f02505,mbpp,if,14,toward,0.5,-1.6189943552017212,-0.5564943552017212,False,True
2307,77d8586601239091169c53f8e476e101c1dcdf3d670c983a138aea6f45f02505,mbpp,if,14,away,0.5,-1.7473219633102417,-0.4816969633102417,False,True
2307,77d8586601239091169c53f8e476e101c1dcdf3d670c983a138aea6f45f02505,mbpp,if,14,random,0.5,-1.4975234270095825,-0.5756484270095825,False,True
2307,77d8586601239091169c53f8e476e101c1dcdf3d670c983a138aea6f45f02505,mbpp,if,14,toward,1.0,-1.8067927360534668,-0.5411677360534668,False,True
2307,77d8586601239091169c53f8e476e101c1dcdf3d670c983a138aea6f45f02505,mbpp,if,14,away,1.0,-1.8948073387145996,-0.48855727910995483,False,True
2307,77d8586601239091169c53f8e476e101c1dcdf3d670c983a138aea6f45f02505,mbpp,if,14,random,1.0,-1.5036100149154663,-0.5973600149154663,False,True
2307,77d8586601239091169c53f8e476e101c1dcdf3d670c983a138aea6f45f02505,mbpp,if,16,toward,0.5,-1.6349070072174072,-0.5099069476127625,False,True
2307,77d8586601239091169c53f8e476e101c1dcdf3d670c983a138aea6f45f02505,mbpp,if,16,away,0.5,-1.717390775680542,-0.4830157160758972,False,True
2307,77d8586601239091169c53f8e476e101c1dcdf3d670c983a138aea6f45f02505,mbpp,if,16,random,0.5,-1.8190451860427856,-0.45967018604278564,False,True
2307,77d8586601239091169c53f8e476e101c1dcdf3d670c983a138aea6f45f02505,mbpp,if,16,toward,1.0,-1.8899106979370117,-0.46803563833236694,False,True
2307,77d8586601239091169c53f8e476e101c1dcdf3d670c983a138aea6f45f02505,mbpp,if,16,away,1.0,-1.7048797607421875,-0.4861297905445099,False,True
2307,77d8586601239091169c53f8e476e101c1dcdf3d670c983a138aea6f45f02505,mbpp,if,16,random,1.0,-1.9397082328796387,-0.43970826268196106,False,True
2307,77d8586601239091169c53f8e476e101c1dcdf3d670c983a138aea6f45f02505,mbpp,if,18,toward,0.5,-1.79124116897583,-0.46311622858047485,False,True
2307,77d8586601239091169c53f8e476e101c1dcdf3d670c983a138aea6f45f02505,mbpp,if,18,away,0.5,-1.673241138458252,-0.4857410788536072,False,True
2307,77d8586601239091169c53f8e476e101c1dcdf3d670c983a138aea6f45f02505,mbpp,if,18,random,0.5,-1.697807788848877,-0.4946827292442322,False,True
2307,77d8586601239091169c53f8e476e101c1dcdf3d670c983a138aea6f45f02505,mbpp,if,18,toward,1.0,-2.0013444423675537,-0.42321935296058655,False,True
2307,77d8586601239091169c53f8e476e101c1dcdf3d670c983a138aea6f45f02505,mbpp,if,18,away,1.0,-1.7835108041763306,-0.45538580417633057,False,True
2307,77d8586601239091169c53f8e476e101c1dcdf3d670c983a138aea6f45f02505,mbpp,if,18,random,1.0,-1.804307460784912,-0.4761824309825897,False,True
2307,77d8586601239091169c53f8e476e101c1dcdf3d670c983a138aea6f45f02505,mbpp,if,20,toward,0.5,-1.6552660465240479,-0.49901607632637024,False,True
2307,77d8586601239091169c53f8e476e101c1dcdf3d670c983a138aea6f45f02505,mbpp,if,20,away,0.5,-1.7196221351623535,-0.4696221947669983,False,True
2307,77d8586601239091169c53f8e476e101c1dcdf3d670c983a138aea6f45f02505,mbpp,if,20,random,0.5,-1.6088922023773193,-0.49951714277267456,False,True
2307,77d8586601239091169c53f8e476e101c1dcdf3d670c983a138aea6f45f02505,mbpp,if,20,toward,1.0,-1.6516658067703247,-0.4954158067703247,False,True
2307,77d8586601239091169c53f8e476e101c1dcdf3d670c983a138aea6f45f02505,mbpp,if,20,away,1.0,-1.7900724411010742,-0.446322500705719,False,True
2307,77d8586601239091169c53f8e476e101c1dcdf3d670c983a138aea6f45f02505,mbpp,if,20,random,1.0,-1.7320679426193237,-0.46644294261932373,False,True
2307,77d8586601239091169c53f8e476e101c1dcdf3d670c983a138aea6f45f02505,mbpp,if,22,toward,0.5,-1.6832150220870972,-0.49571502208709717,False,True
2307,77d8586601239091169c53f8e476e101c1dcdf3d670c983a138aea6f45f02505,mbpp,if,22,away,0.5,-1.7084321975708008,-0.47405725717544556,False,True
2307,77d8586601239091169c53f8e476e101c1dcdf3d670c983a138aea6f45f02505,mbpp,if,22,random,0.5,-1.570189118385315,-0.5076891183853149,False,True
2307,77d8586601239091169c53f8e476e101c1dcdf3d670c983a138aea6f45f02505,mbpp,if,22,toward,1.0,-1.6771503686904907,-0.4896503686904907,False,True
2307,77d8586601239091169c53f8e476e101c1dcdf3d670c983a138aea6f45f02505,mbpp,if,22,away,1.0,-1.7709705829620361,-0.45847052335739136,False,True
2307,77d8586601239091169c53f8e476e101c1dcdf3d670c983a138aea6f45f02505,mbpp,if,22,random,1.0,-1.666879415512085,-0.47937947511672974,False,True
2307,77d8586601239091169c53f8e476e101c1dcdf3d670c983a138aea6f45f02505,mbpp,if,24,toward,0.5,-1.6680244207382202,-0.4961493909358978,False,True
2307,77d8586601239091169c53f8e476e101c1dcdf3d670c983a138aea6f45f02505,mbpp,if,24,away,0.5,-1.699608325958252,-0.4808582663536072,False,True
2307,77d8586601239091169c53f8e476e101c1dcdf3d670c983a138aea6f45f02505,mbpp,if,24,random,0.5,-1.6916950941085815,-0.48857006430625916,False,True
2307,77d8586601239091169c53f8e476e101c1dcdf3d670c983a138aea6f45f02505,mbpp,if,24,toward,1.0,-1.7367874383926392,-0.47116243839263916,False,True
2307,77d8586601239091169c53f8e476e101c1dcdf3d670c983a138aea6f45f02505,mbpp,if,24,away,1.0,-1.7080796957015991,-0.4737046957015991,False,True
2307,77d8586601239091169c53f8e476e101c1dcdf3d670c983a138aea6f45f02505,mbpp,if,24,random,1.0,-1.7050131559371948,-0.4862631559371948,False,True
2307,77d8586601239091169c53f8e476e101c1dcdf3d670c983a138aea6f45f02505,mbpp,if,26,toward,0.5,-1.6426515579223633,-0.5020264983177185,False,True
2307,77d8586601239091169c53f8e476e101c1dcdf3d670c983a138aea6f45f02505,mbpp,if,26,away,0.5,-1.687888503074646,-0.4847635328769684,False,True
2307,77d8586601239091169c53f8e476e101c1dcdf3d670c983a138aea6f45f02505,mbpp,if,26,random,0.5,-1.6398072242736816,-0.49918216466903687,False,True
2307,77d8586601239091169c53f8e476e101c1dcdf3d670c983a138aea6f45f02505,mbpp,if,26,toward,1.0,-1.6640872955322266,-0.4922122359275818,False,True
2307,77d8586601239091169c53f8e476e101c1dcdf3d670c983a138aea6f45f02505,mbpp,if,26,away,1.0,-1.7229810953140259,-0.4729810953140259,False,True
2307,77d8586601239091169c53f8e476e101c1dcdf3d670c983a138aea6f45f02505,mbpp,if,26,random,1.0,-1.6626431941986084,-0.4907682240009308,False,True
2307,77d8586601239091169c53f8e476e101c1dcdf3d670c983a138aea6f45f02505,mbpp,if,28,toward,0.5,-1.6517333984375,-0.4954833388328552,False,True
2307,77d8586601239091169c53f8e476e101c1dcdf3d670c983a138aea6f45f02505,mbpp,if,28,away,0.5,-1.651292085647583,-0.495042085647583,False,True
2307,77d8586601239091169c53f8e476e101c1dcdf3d670c983a138aea6f45f02505,mbpp,if,28,random,0.5,-1.6395074129104614,-0.4988824129104614,False,True
2307,77d8586601239091169c53f8e476e101c1dcdf3d670c983a138aea6f45f02505,mbpp,if,28,toward,1.0,-1.6631031036376953,-0.4912280738353729,False,True
2307,77d8586601239091169c53f8e476e101c1dcdf3d670c983a138aea6f45f02505,mbpp,if,28,away,1.0,-1.6498229503631592,-0.49357300996780396,False,True
2307,77d8586601239091169c53f8e476e101c1dcdf3d670c983a138aea6f45f02505,mbpp,if,28,random,1.0,-1.6254534721374512,-0.5004534721374512,False,True
2307,77d8586601239091169c53f8e476e101c1dcdf3d670c983a138aea6f45f02505,mbpp,if,30,toward,0.5,-1.663183331489563,-0.4913083016872406,False,True
2307,77d8586601239091169c53f8e476e101c1dcdf3d670c983a138aea6f45f02505,mbpp,if,30,away,0.5,-1.6524848937988281,-0.4962348937988281,False,True
2307,77d8586601239091169c53f8e476e101c1dcdf3d670c983a138aea6f45f02505,mbpp,if,30,random,0.5,-1.6530492305755615,-0.49679917097091675,False,True
2307,77d8586601239091169c53f8e476e101c1dcdf3d670c983a138aea6f45f02505,mbpp,if,30,toward,1.0,-1.662445068359375,-0.490570068359375,False,True
2307,77d8586601239091169c53f8e476e101c1dcdf3d670c983a138aea6f45f02505,mbpp,if,30,away,1.0,-1.6431570053100586,-0.5025320053100586,False,True
2307,77d8586601239091169c53f8e476e101c1dcdf3d670c983a138aea6f45f02505,mbpp,if,30,random,1.0,-1.6509376764297485,-0.49468767642974854,False,True
2307,77d8586601239091169c53f8e476e101c1dcdf3d670c983a138aea6f45f02505,mbpp,if,31,toward,0.5,-1.6525108814239502,-0.49626094102859497,False,True
2307,77d8586601239091169c53f8e476e101c1dcdf3d670c983a138aea6f45f02505,mbpp,if,31,away,0.5,-1.6525108814239502,-0.49626094102859497,False,True
2307,77d8586601239091169c53f8e476e101c1dcdf3d670c983a138aea6f45f02505,mbpp,if,31,random,0.5,-1.6525108814239502,-0.49626094102859497,False,True
2307,77d8586601239091169c53f8e476e101c1dcdf3d670c983a138aea6f45f02505,mbpp,if,31,toward,1.0,-1.6525108814239502,-0.49626094102859497,False,True
2307,77d8586601239091169c53f8e476e101c1dcdf3d670c983a138aea6f45f02505,mbpp,if,31,away,1.0,-1.6525108814239502,-0.49626094102859497,False,True
2307,77d8586601239091169c53f8e476e101c1dcdf3d670c983a138aea6f45f02505,mbpp,if,31,random,1.0,-1.6525108814239502,-0.49626094102859497,False,True
2307,77d8586601239091169c53f8e476e101c1dcdf3d670c983a138aea6f45f02505,mbpp,body_first,0,toward,0.5,-1.723541498184204,-0.4735414683818817,False,True
2307,77d8586601239091169c53f8e476e101c1dcdf3d670c983a138aea6f45f02505,mbpp,body_first,0,away,0.5,-1.6368117332458496,-0.5118117928504944,False,True
2307,77d8586601239091169c53f8e476e101c1dcdf3d670c983a138aea6f45f02505,mbpp,body_first,0,random,0.5,-1.6935880184173584,-0.4748379588127136,False,True
2307,77d8586601239091169c53f8e476e101c1dcdf3d670c983a138aea6f45f02505,mbpp,body_first,0,toward,1.0,-1.7684326171875,-0.4559325873851776,False,True
2307,77d8586601239091169c53f8e476e101c1dcdf3d670c983a138aea6f45f02505,mbpp,body_first,0,away,1.0,-1.665163516998291,-0.5089134573936462,False,True
2307,77d8586601239091169c53f8e476e101c1dcdf3d670c983a138aea6f45f02505,mbpp,body_first,0,random,1.0,-1.8696774244308472,-0.41655242443084717,False,True
2307,77d8586601239091169c53f8e476e101c1dcdf3d670c983a138aea6f45f02505,mbpp,body_first,2,toward,0.5,-1.7697077989578247,-0.4728327989578247,False,True
2307,77d8586601239091169c53f8e476e101c1dcdf3d670c983a138aea6f45f02505,mbpp,body_first,2,away,0.5,-1.628286361694336,-0.5032864212989807,False,True
2307,77d8586601239091169c53f8e476e101c1dcdf3d670c983a138aea6f45f02505,mbpp,body_first,2,random,0.5,-1.7546517848968506,-0.4734017252922058,False,True
2307,77d8586601239091169c53f8e476e101c1dcdf3d670c983a138aea6f45f02505,mbpp,body_first,2,toward,1.0,-1.8643248081207275,-0.4424498677253723,False,True
2307,77d8586601239091169c53f8e476e101c1dcdf3d670c983a138aea6f45f02505,mbpp,body_first,2,away,1.0,-1.7677624225616455,-0.45526236295700073,False,True
2307,77d8586601239091169c53f8e476e101c1dcdf3d670c983a138aea6f45f02505,mbpp,body_first,2,random,1.0,-1.9013688564300537,-0.4326189160346985,False,True
2307,77d8586601239091169c53f8e476e101c1dcdf3d670c983a138aea6f45f02505,mbpp,body_first,4,toward,0.5,-1.6715024709701538,-0.4840024411678314,False,True
2307,77d8586601239091169c53f8e476e101c1dcdf3d670c983a138aea6f45f02505,mbpp,body_first,4,away,0.5,-1.6127009391784668,-0.5189509391784668,False,True
2307,77d8586601239091169c53f8e476e101c1dcdf3d670c983a138aea6f45f02505,mbpp,body_first,4,random,0.5,-1.6579184532165527,-0.5016685128211975,False,True
2307,77d8586601239091169c53f8e476e101c1dcdf3d670c983a138aea6f45f02505,mbpp,body_first,4,toward,1.0,-1.825987458229065,-0.43536245822906494,False,True
2307,77d8586601239091169c53f8e476e101c1dcdf3d670c983a138aea6f45f02505,mbpp,body_first,4,away,1.0,-1.6981985569000244,-0.4950736165046692,False,True
2307,77d8586601239091169c53f8e476e101c1dcdf3d670c983a138aea6f45f02505,mbpp,body_first,4,random,1.0,-1.7092797756195068,-0.49052977561950684,False,True
2307,77d8586601239091169c53f8e476e101c1dcdf3d670c983a138aea6f45f02505,mbpp,body_first,6,toward,0.5,-1.5520771741867065,-0.5208271741867065,False,True
2307,77d8586601239091169c53f8e476e101c1dcdf3d670c983a138aea6f45f02505,mbpp,body_first,6,away,0.5,-1.71681547164917,-0.4824405014514923,False,True
2307,77d8586601239091169c53f8e476e101c1dcdf3d670c983a138aea6f45f02505,mbpp,body_first,6,random,0.5,-1.6609954833984375,-0.4891204833984375,False,True
2307,77d8586601239091169c53f8e476e101c1dcdf3d670c983a138aea6f45f02505,mbpp,body_first,6,toward,1.0,-1.5484216213226318,-0.5171716809272766,False,True
2307,77d8586601239091169c53f8e476e101c1dcdf3d670c983a138aea6f45f02505,mbpp,body_first,6,away,1.0,-1.792083740234375,-0.4483337998390198,False,True
2307,77d8586601239091169c53f8e476e101c1dcdf3d670c983a138aea6f45f02505,mbpp,body_first,6,random,1.0,-1.7494512796401978,-0.46820127964019775,False,True
2307,77d8586601239091169c53f8e476e101c1dcdf3d670c983a138aea6f45f02505,mbpp,body_first,8,toward,0.5,-1.658128261566162,-0.5018782615661621,False,True
2307,77d8586601239091169c53f8e476e101c1dcdf3d670c983a138aea6f45f02505,mbpp,body_first,8,away,0.5,-1.7262706756591797,-0.46064573526382446,False,True
2307,77d8586601239091169c53f8e476e101c1dcdf3d670c983a138aea6f45f02505,mbpp,body_first,8,random,0.5,-1.6626794338226318,-0.49080440402030945,False,True
2307,77d8586601239091169c53f8e476e101c1dcdf3d670c983a138aea6f45f02505,mbpp,body_first,8,toward,1.0,-1.686601996421814,-0.48347699642181396,False,True
2307,77d8586601239091169c53f8e476e101c1dcdf3d670c983a138aea6f45f02505,mbpp,body_first,8,away,1.0,-1.7889782190322876,-0.4452281892299652,False,True
2307,77d8586601239091169c53f8e476e101c1dcdf3d670c983a138aea6f45f02505,mbpp,body_first,8,random,1.0,-1.6208497285842896,-0.49584972858428955,False,True
2307,77d8586601239091169c53f8e476e101c1dcdf3d670c983a138aea6f45f02505,mbpp,body_first,10,toward,0.5,-1.7380013465881348,-0.47237628698349,False,True
2307,77d8586601239091169c53f8e476e101c1dcdf3d670c983a138aea6f45f02505,mbpp,body_first,10,away,0.5,-1.6350535154342651,-0.49442848563194275,False,True
2307,77d8586601239091169c53f8e476e101c1dcdf3d670c983a138aea6f45f02505,mbpp,body_first,10,random,0.5,-1.791431188583374,-0.4633062183856964,False,True
2307,77d8586601239091169c53f8e476e101c1dcdf3d670c983a138aea6f45f02505,mbpp,body_first,10,toward,1.0,-1.7681584358215332,-0.455658495426178,False,True
2307,77d8586601239091169c53f8e476e101c1dcdf3d670c983a138aea6f45f02505,mbpp,body_first,10,away,1.0,-1.6359679698944092,-0.4953429698944092,False,True
2307,77d8586601239091169c53f8e476e101c1dcdf3d670c983a138aea6f45f02505,mbpp,body_first,10,random,1.0,-1.8397682905197144,-0.44914329051971436,False,True
2307,77d8586601239091169c53f8e476e101c1dcdf3d670c983a138aea6f45f02505,mbpp,body_first,12,toward,0.5,-1.7278363704681396,-0.47783637046813965,False,True
2307,77d8586601239091169c53f8e476e101c1dcdf3d670c983a138aea6f45f02505,mbpp,body_first,12,away,0.5,-1.6787325143814087,-0.4912325143814087,False,True
2307,77d8586601239091169c53f8e476e101c1dcdf3d670c983a138aea6f45f02505,mbpp,body_first,12,random,0.5,-1.5548317432403564,-0.5235816836357117,False,True
2307,77d8586601239091169c53f8e476e101c1dcdf3d670c983a138aea6f45f02505,mbpp,body_first,12,toward,1.0,-1.7635586261749268,-0.46668368577957153,False,True
2307,77d8586601239091169c53f8e476e101c1dcdf3d670c983a138aea6f45f02505,mbpp,body_first,12,away,1.0,-1.755286455154419,-0.47403639554977417,False,True
2307,77d8586601239091169c53f8e476e101c1dcdf3d670c983a138aea6f45f02505,mbpp,body_first,12,random,1.0,-1.6350607872009277,-0.5100608468055725,False,True
2307,77d8586601239091169c53f8e476e101c1dcdf3d670c983a138aea6f45f02505,mbpp,body_first,14,toward,0.5,-1.677590012550354,-0.4900899827480316,False,True
2307,77d8586601239091169c53f8e476e101c1dcdf3d670c983a138aea6f45f02505,mbpp,body_first,14,away,0.5,-1.6366941928863525,-0.5116941928863525,False,True
2307,77d8586601239091169c53f8e476e101c1dcdf3d670c983a138aea6f45f02505,mbpp,body_first,14,random,0.5,-1.5337976217269897,-0.5337976217269897,False,True
2307,77d8586601239091169c53f8e476e101c1dcdf3d670c983a138aea6f45f02505,mbpp,body_first,14,toward,1.0,-1.6886283159255981,-0.48550334572792053,False,True
2307,77d8586601239091169c53f8e476e101c1dcdf3d670c983a138aea6f45f02505,mbpp,body_first,14,away,1.0,-1.7979613542556763,-0.48546138405799866,False,True
2307,77d8586601239091169c53f8e476e101c1dcdf3d670c983a138aea6f45f02505,mbpp,body_first,14,random,1.0,-1.428487777709961,-0.5691128373146057,False,True
2307,77d8586601239091169c53f8e476e101c1dcdf3d670c983a138aea6f45f02505,mbpp,body_first,16,toward,0.5,-1.5727869272232056,-0.5102869272232056,False,True
2307,77d8586601239091169c53f8e476e101c1dcdf3d670c983a138aea6f45f02505,mbpp,body_first,16,away,0.5,-1.7769148349761963,-0.4800398647785187,False,True
2307,77d8586601239091169c53f8e476e101c1dcdf3d670c983a138aea6f45f02505,mbpp,body_first,16,random,0.5,-1.7497577667236328,-0.4685077965259552,False,True
2307,77d8586601239091169c53f8e476e101c1dcdf3d670c983a138aea6f45f02505,mbpp,body_first,16,toward,1.0,-1.5594053268432617,-0.5125302672386169,False,True
2307,77d8586601239091169c53f8e476e101c1dcdf3d670c983a138aea6f45f02505,mbpp,body_first,16,away,1.0,-1.908900260925293,-0.4557752013206482,False,True
2307,77d8586601239091169c53f8e476e101c1dcdf3d670c983a138aea6f45f02505,mbpp,body_first,16,random,1.0,-1.856740117073059,-0.45049014687538147,False,True
2307,77d8586601239091169c53f8e476e101c1dcdf3d670c983a138aea6f45f02505,mbpp,body_first,18,toward,0.5,-1.643383264541626,-0.5027583241462708,False,True
2307,77d8586601239091169c53f8e476e101c1dcdf3d670c983a138aea6f45f02505,mbpp,body_first,18,away,0.5,-1.8186848163604736,-0.459309846162796,False,True
2307,77d8586601239091169c53f8e476e101c1dcdf3d670c983a138aea6f45f02505,mbpp,body_first,18,random,0.5,-1.7577989101409912,-0.4765489101409912,False,True
2307,77d8586601239091169c53f8e476e101c1dcdf3d670c983a138aea6f45f02505,mbpp,body_first,18,toward,1.0,-1.7333881855010986,-0.48338812589645386,False,True
2307,77d8586601239091169c53f8e476e101c1dcdf3d670c983a138aea6f45f02505,mbpp,body_first,18,away,1.0,-1.8860673904418945,-0.44856736063957214,False,True
2307,77d8586601239091169c53f8e476e101c1dcdf3d670c983a138aea6f45f02505,mbpp,body_first,18,random,1.0,-1.7720932960510254,-0.4752183258533478,False,True
2307,77d8586601239091169c53f8e476e101c1dcdf3d670c983a138aea6f45f02505,mbpp,body_first,20,toward,0.5,-1.6538910865783691,-0.49764102697372437,False,True
2307,77d8586601239091169c53f8e476e101c1dcdf3d670c983a138aea6f45f02505,mbpp,body_first,20,away,0.5,-1.8317933082580566,-0.45679324865341187,False,True
2307,77d8586601239091169c53f8e476e101c1dcdf3d670c983a138aea6f45f02505,mbpp,body_first,20,random,0.5,-1.7160532474517822,-0.4816782474517822,False,True
2307,77d8586601239091169c53f8e476e101c1dcdf3d670c983a138aea6f45f02505,mbpp,body_first,20,toward,1.0,-1.6828842163085938,-0.4953842759132385,False,True
2307,77d8586601239091169c53f8e476e101c1dcdf3d670c983a138aea6f45f02505,mbpp,body_first,20,away,1.0,-1.925378441810608,-0.4410034716129303,False,True
2307,77d8586601239091169c53f8e476e101c1dcdf3d670c983a138aea6f45f02505,mbpp,body_first,20,random,1.0,-1.8423271179199219,-0.4517021179199219,False,True
2307,77d8586601239091169c53f8e476e101c1dcdf3d670c983a138aea6f45f02505,mbpp,body_first,22,toward,0.5,-1.678158164024353,-0.490658164024353,False,True
2307,77d8586601239091169c53f8e476e101c1dcdf3d670c983a138aea6f45f02505,mbpp,body_first,22,away,0.5,-1.6923308372497559,-0.48920583724975586,False,True
2307,77d8586601239091169c53f8e476e101c1dcdf3d670c983a138aea6f45f02505,mbpp,body_first,22,random,0.5,-1.858047366142273,-0.45179733633995056,False,True
2307,77d8586601239091169c53f8e476e101c1dcdf3d670c983a138aea6f45f02505,mbpp,body_first,22,toward,1.0,-1.7313870191574097,-0.48138701915740967,False,True
2307,77d8586601239091169c53f8e476e101c1dcdf3d670c983a138aea6f45f02505,mbpp,body_first,22,away,1.0,-1.7820768356323242,-0.46957677602767944,False,True
2307,77d8586601239091169c53f8e476e101c1dcdf3d670c983a138aea6f45f02505,mbpp,body_first,22,random,1.0,-1.9224486351013184,-0.43807360529899597,False,True
2307,77d8586601239091169c53f8e476e101c1dcdf3d670c983a138aea6f45f02505,mbpp,body_first,24,toward,0.5,-1.6635193824768066,-0.49164438247680664,False,True
2307,77d8586601239091169c53f8e476e101c1dcdf3d670c983a138aea6f45f02505,mbpp,body_first,24,away,0.5,-1.8177977800369263,-0.45842278003692627,False,True
2307,77d8586601239091169c53f8e476e101c1dcdf3d670c983a138aea6f45f02505,mbpp,body_first,24,random,0.5,-1.6290448904037476,-0.5040448904037476,False,True
2307,77d8586601239091169c53f8e476e101c1dcdf3d670c983a138aea6f45f02505,mbpp,body_first,24,toward,1.0,-1.7043216228485107,-0.48557156324386597,False,True
2307,77d8586601239091169c53f8e476e101c1dcdf3d670c983a138aea6f45f02505,mbpp,body_first,24,away,1.0,-1.9237489700317383,-0.43937399983406067,False,True
2307,77d8586601239091169c53f8e476e101c1dcdf3d670c983a138aea6f45f02505,mbpp,body_first,24,random,1.0,-1.7439817190170288,-0.4783567488193512,False,True
2307,77d8586601239091169c53f8e476e101c1dcdf3d670c983a138aea6f45f02505,mbpp,body_first,26,toward,0.5,-1.6414074897766113,-0.5007824301719666,False,True
2307,77d8586601239091169c53f8e476e101c1dcdf3d670c983a138aea6f45f02505,mbpp,body_first,26,away,0.5,-1.7161996364593506,-0.4818245768547058,False,True
2307,77d8586601239091169c53f8e476e101c1dcdf3d670c983a138aea6f45f02505,mbpp,body_first,26,random,0.5,-1.6672139167785645,-0.49533897638320923,False,True
2307,77d8586601239091169c53f8e476e101c1dcdf3d670c983a138aea6f45f02505,mbpp,body_first,26,toward,1.0,-1.6315767765045166,-0.5065767765045166,False,True
2307,77d8586601239091169c53f8e476e101c1dcdf3d670c983a138aea6f45f02505,mbpp,body_first,26,away,1.0,-1.7643150091171265,-0.46744003891944885,False,True
2307,77d8586601239091169c53f8e476e101c1dcdf3d670c983a138aea6f45f02505,mbpp,body_first,26,random,1.0,-1.6891703605651855,-0.48604533076286316,False,True
2307,77d8586601239091169c53f8e476e101c1dcdf3d670c983a138aea6f45f02505,mbpp,body_first,28,toward,0.5,-1.6540448665618896,-0.4977948069572449,False,True
2307,77d8586601239091169c53f8e476e101c1dcdf3d670c983a138aea6f45f02505,mbpp,body_first,28,away,0.5,-1.664595127105713,-0.49272018671035767,False,True
2307,77d8586601239091169c53f8e476e101c1dcdf3d670c983a138aea6f45f02505,mbpp,body_first,28,random,0.5,-1.665076732635498,-0.49320173263549805,False,True
2307,77d8586601239091169c53f8e476e101c1dcdf3d670c983a138aea6f45f02505,mbpp,body_first,28,toward,1.0,-1.6431505680084229,-0.5025256276130676,False,True
2307,77d8586601239091169c53f8e476e101c1dcdf3d670c983a138aea6f45f02505,mbpp,body_first,28,away,1.0,-1.6657304763793945,-0.49385547637939453,False,True
2307,77d8586601239091169c53f8e476e101c1dcdf3d670c983a138aea6f45f02505,mbpp,body_first,28,random,1.0,-1.6657328605651855,-0.49385780096054077,False,True
2307,77d8586601239091169c53f8e476e101c1dcdf3d670c983a138aea6f45f02505,mbpp,body_first,30,toward,0.5,-1.6545348167419434,-0.49828487634658813,False,True
2307,77d8586601239091169c53f8e476e101c1dcdf3d670c983a138aea6f45f02505,mbpp,body_first,30,away,0.5,-1.6545299291610718,-0.4982798993587494,False,True
2307,77d8586601239091169c53f8e476e101c1dcdf3d670c983a138aea6f45f02505,mbpp,body_first,30,random,0.5,-1.6524817943572998,-0.4962318539619446,False,True
2307,77d8586601239091169c53f8e476e101c1dcdf3d670c983a138aea6f45f02505,mbpp,body_first,30,toward,1.0,-1.643061637878418,-0.502436637878418,False,True
2307,77d8586601239091169c53f8e476e101c1dcdf3d670c983a138aea6f45f02505,mbpp,body_first,30,away,1.0,-1.653106689453125,-0.496856689453125,False,True
2307,77d8586601239091169c53f8e476e101c1dcdf3d670c983a138aea6f45f02505,mbpp,body_first,30,random,1.0,-1.653066635131836,-0.49681663513183594,False,True
2307,77d8586601239091169c53f8e476e101c1dcdf3d670c983a138aea6f45f02505,mbpp,body_first,31,toward,0.5,-1.6525108814239502,-0.49626094102859497,False,True
2307,77d8586601239091169c53f8e476e101c1dcdf3d670c983a138aea6f45f02505,mbpp,body_first,31,away,0.5,-1.6525108814239502,-0.49626094102859497,False,True
2307,77d8586601239091169c53f8e476e101c1dcdf3d670c983a138aea6f45f02505,mbpp,body_first,31,random,0.5,-1.6525108814239502,-0.49626094102859497,False,True
2307,77d8586601239091169c53f8e476e101c1dcdf3d670c983a138aea6f45f02505,mbpp,body_first,31,toward,1.0,-1.6525108814239502,-0.49626094102859497,False,True
2307,77d8586601239091169c53f8e476e101c1dcdf3d670c983a138aea6f45f02505,mbpp,body_first,31,away,1.0,-1.6525108814239502,-0.49626094102859497,False,True
2307,77d8586601239091169c53f8e476e101c1dcdf3d670c983a138aea6f45f02505,mbpp,body_first,31,random,1.0,-1.6525108814239502,-0.49626094102859497,False,True
2307,77d8586601239091169c53f8e476e101c1dcdf3d670c983a138aea6f45f02505,mbpp,answer,0,toward,0.5,-1.5773210525512695,-0.5460710525512695,False,True
2307,77d8586601239091169c53f8e476e101c1dcdf3d670c983a138aea6f45f02505,mbpp,answer,0,away,0.5,-1.7521471977233887,-0.45527225732803345,False,True
2307,77d8586601239091169c53f8e476e101c1dcdf3d670c983a138aea6f45f02505,mbpp,answer,0,random,0.5,-1.7670552730560303,-0.4545552134513855,False,True
2307,77d8586601239091169c53f8e476e101c1dcdf3d670c983a138aea6f45f02505,mbpp,answer,0,toward,1.0,-1.229282021522522,-0.791782021522522,False,True
2307,77d8586601239091169c53f8e476e101c1dcdf3d670c983a138aea6f45f02505,mbpp,answer,0,away,1.0,-1.9465463161468506,-0.41529637575149536,False,True
2307,77d8586601239091169c53f8e476e101c1dcdf3d670c983a138aea6f45f02505,mbpp,answer,0,random,1.0,-1.7625377178192139,-0.4812876582145691,False,True
2307,77d8586601239091169c53f8e476e101c1dcdf3d670c983a138aea6f45f02505,mbpp,answer,2,toward,0.5,-1.5763776302337646,-0.5451275706291199,False,True
2307,77d8586601239091169c53f8e476e101c1dcdf3d670c983a138aea6f45f02505,mbpp,answer,2,away,0.5,-1.6769708395004272,-0.48947083950042725,False,True
2307,77d8586601239091169c53f8e476e101c1dcdf3d670c983a138aea6f45f02505,mbpp,answer,2,random,0.5,-1.6561403274536133,-0.4998902678489685,False,True
2307,77d8586601239091169c53f8e476e101c1dcdf3d670c983a138aea6f45f02505,mbpp,answer,2,toward,1.0,-1.399133324623108,-0.6491333246231079,False,True
2307,77d8586601239091169c53f8e476e101c1dcdf3d670c983a138aea6f45f02505,mbpp,answer,2,away,1.0,-1.8724836111068726,-0.49748358130455017,False,True
2307,77d8586601239091169c53f8e476e101c1dcdf3d670c983a138aea6f45f02505,mbpp,answer,2,random,1.0,-1.6302502155303955,-0.5208751559257507,False,True
2307,77d8586601239091169c53f8e476e101c1dcdf3d670c983a138aea6f45f02505,mbpp,answer,4,toward,0.5,-1.2377550601959229,-0.7065050601959229,False,True
2307,77d8586601239091169c53f8e476e101c1dcdf3d670c983a138aea6f45f02505,mbpp,answer,4,away,0.5,-2.006228446960449,-0.39685356616973877,False,True
2307,77d8586601239091169c53f8e476e101c1dcdf3d670c983a138aea6f45f02505,mbpp,answer,4,random,0.5,-1.672931432723999,-0.5010563731193542,False,True
2307,77d8586601239091169c53f8e476e101c1dcdf3d670c983a138aea6f45f02505,mbpp,answer,4,toward,1.0,-1.191979169845581,-0.816979169845581,False,True
2307,77d8586601239091169c53f8e476e101c1dcdf3d670c983a138aea6f45f02505,mbpp,answer,4,away,1.0,-1.8209424018859863,-0.41469237208366394,False,True
2307,77d8586601239091169c53f8e476e101c1dcdf3d670c983a138aea6f45f02505,mbpp,answer,4,random,1.0,-1.6846693754196167,-0.5284193754196167,False,True
2307,77d8586601239091169c53f8e476e101c1dcdf3d670c983a138aea6f45f02505,mbpp,answer,6,toward,0.5,-1.3549636602401733,-0.6674636602401733,False,True
2307,77d8586601239091169c53f8e476e101c1dcdf3d670c983a138aea6f45f02505,mbpp,answer,6,away,0.5,-2.183825731277466,-0.32445070147514343,False,True
2307,77d8586601239091169c53f8e476e101c1dcdf3d670c983a138aea6f45f02505,mbpp,answer,6,random,0.5,-1.2614871263504028,-0.6677371263504028,False,True
2307,77d8586601239091169c53f8e476e101c1dcdf3d670c983a138aea6f45f02505,mbpp,answer,6,toward,1.0,-1.1111392974853516,-0.9392642378807068,False,True
2307,77d8586601239091169c53f8e476e101c1dcdf3d670c983a138aea6f45f02505,mbpp,answer,6,away,1.0,-2.7319087982177734,-0.18503370881080627,False,False
2307,77d8586601239091169c53f8e476e101c1dcdf3d670c983a138aea6f45f02505,mbpp,answer,6,random,1.0,-1.037113904953003,-0.8183639645576477,False,True
2307,77d8586601239091169c53f8e476e101c1dcdf3d670c983a138aea6f45f02505,mbpp,answer,8,toward,0.5,-1.132802963256836,-0.7734279036521912,False,True
2307,77d8586601239091169c53f8e476e101c1dcdf3d670c983a138aea6f45f02505,mbpp,answer,8,away,0.5,-2.3409130573272705,-0.3409131169319153,False,True
2307,77d8586601239091169c53f8e476e101c1dcdf3d670c983a138aea6f45f02505,mbpp,answer,8,random,0.5,-1.6173522472381592,-0.5548521876335144,False,True
2307,77d8586601239091169c53f8e476e101c1dcdf3d670c983a138aea6f45f02505,mbpp,answer,8,toward,1.0,-1.0650619268417358,-0.8931869268417358,False,True
2307,77d8586601239091169c53f8e476e101c1dcdf3d670c983a138aea6f45f02505,mbpp,answer,8,away,1.0,-2.544268846511841,-0.3098938465118408,False,True
2307,77d8586601239091169c53f8e476e101c1dcdf3d670c983a138aea6f45f02505,mbpp,answer,8,random,1.0,-1.6754837036132812,-0.581733763217926,False,True
2307,77d8586601239091169c53f8e476e101c1dcdf3d670c983a138aea6f45f02505,mbpp,answer,10,toward,0.5,-1.008007526397705,-0.7736325263977051,False,True
2307,77d8586601239091169c53f8e476e101c1dcdf3d670c983a138aea6f45f02505,mbpp,answer,10,away,0.5,-2.325392723083496,-0.38789284229278564,False,True
2307,77d8586601239091169c53f8e476e101c1dcdf3d670c983a138aea6f45f02505,mbpp,answer,10,random,0.5,-1.530367136001587,-0.5459921360015869,False,True
2307,77d8586601239091169c53f8e476e101c1dcdf3d670c983a138aea6f45f02505,mbpp,answer,10,toward,1.0,-1.290503740310669,-0.5405036807060242,False,True
2307,77d8586601239091169c53f8e476e101c1dcdf3d670c983a138aea6f45f02505,mbpp,answer,10,away,1.0,-2.893864870071411,-0.36261478066444397,False,False
2307,77d8586601239091169c53f8e476e101c1dcdf3d670c983a138aea6f45f02505,mbpp,answer,10,random,1.0,-1.9392704963684082,-0.4392704367637634,False,True
2307,77d8586601239091169c53f8e476e101c1dcdf3d670c983a138aea6f45f02505,mbpp,answer,12,toward,0.5,-0.7486632466316223,-0.9986632466316223,False,False
2307,77d8586601239091169c53f8e476e101c1dcdf3d670c983a138aea6f45f02505,mbpp,answer,12,away,0.5,-2.9179673194885254,-0.27734220027923584,False,True
2307,77d8586601239091169c53f8e476e101c1dcdf3d670c983a138aea6f45f02505,mbpp,answer,12,random,0.5,-1.4305624961853027,-0.5555625557899475,False,True
2307,77d8586601239091169c53f8e476e101c1dcdf3d670c983a138aea6f45f02505,mbpp,answer,12,toward,1.0,-0.6730829477310181,-1.110582947731018,True,False
2307,77d8586601239091169c53f8e476e101c1dcdf3d670c983a138aea6f45f02505,mbpp,answer,12,away,1.0,-3.4981303215026855,-0.1856304407119751,False,True
2307,77d8586601239091169c53f8e476e101c1dcdf3d670c983a138aea6f45f02505,mbpp,answer,12,random,1.0,-1.4678364992141724,-0.5303364992141724,False,True
2307,77d8586601239091169c53f8e476e101c1dcdf3d670c983a138aea6f45f02505,mbpp,answer,14,toward,0.5,-0.8815407752990723,-0.9752907752990723,False,False
2307,77d8586601239091169c53f8e476e101c1dcdf3d670c983a138aea6f45f02505,mbpp,answer,14,away,0.5,-2.386564016342163,-0.3865640461444855,False,True
2307,77d8586601239091169c53f8e476e101c1dcdf3d670c983a138aea6f45f02505,mbpp,answer,14,random,0.5,-1.7956461906433105,-0.38939619064331055,False,True
2307,77d8586601239091169c53f8e476e101c1dcdf3d670c983a138aea6f45f02505,mbpp,answer,14,toward,1.0,-0.7992253303527832,-1.6273503303527832,False,False
2307,77d8586601239091169c53f8e476e101c1dcdf3d670c983a138aea6f45f02505,mbpp,answer,14,away,1.0,-1.8816196918487549,-0.5847447514533997,False,False
2307,77d8586601239091169c53f8e476e101c1dcdf3d670c983a138aea6f45f02505,mbpp,answer,14,random,1.0,-2.934399366378784,-0.3718993663787842,False,False
2307,77d8586601239091169c53f8e476e101c1dcdf3d670c983a138aea6f45f02505,mbpp,answer,16,toward,0.5,-1.4675979614257812,-0.6550979614257812,False,True
2307,77d8586601239091169c53f8e476e101c1dcdf3d670c983a138aea6f45f02505,mbpp,answer,16,away,0.5,-2.37117600440979,-0.4024259150028229,False,True
2307,77d8586601239091169c53f8e476e101c1dcdf3d670c983a138aea6f45f02505,mbpp,answer,16,random,0.5,-1.808311939239502,-0.5583119988441467,False,True
2307,77d8586601239091169c53f8e476e101c1dcdf3d670c983a138aea6f45f02505,mbpp,answer,16,toward,1.0,-1.4416306018829346,-0.7385056018829346,False,True
2307,77d8586601239091169c53f8e476e101c1dcdf3d670c983a138aea6f45f02505,mbpp,answer,16,away,1.0,-1.7785269021987915,-0.7629019021987915,False,True
2307,77d8586601239091169c53f8e476e101c1dcdf3d670c983a138aea6f45f02505,mbpp,answer,16,random,1.0,-1.535604476928711,-0.6137295365333557,False,True
2307,77d8586601239091169c53f8e476e101c1dcdf3d670c983a138aea6f45f02505,mbpp,answer,18,toward,0.5,-2.012096643447876,-0.4339715838432312,False,True
2307,77d8586601239091169c53f8e476e101c1dcdf3d670c983a138aea6f45f02505,mbpp,answer,18,away,0.5,-2.736584186553955,-0.3615841567516327,False,False
2307,77d8586601239091169c53f8e476e101c1dcdf3d670c983a138aea6f45f02505,mbpp,answer,18,random,0.5,-2.9187192916870117,-0.2937193810939789,False,True
2307,77d8586601239091169c53f8e476e101c1dcdf3d670c983a138aea6f45f02505,mbpp,answer,18,toward,1.0,-2.5025739669799805,-0.39319905638694763,False,True
2307,77d8586601239091169c53f8e476e101c1dcdf3d670c983a138aea6f45f02505,mbpp,answer,18,away,1.0,-2.4450783729553223,-0.5075782537460327,False,False
2307,77d8586601239091169c53f8e476e101c1dcdf3d670c983a138aea6f45f02505,mbpp,answer,18,random,1.0,-4.12227201461792,-0.21602196991443634,False,True
2307,77d8586601239091169c53f8e476e101c1dcdf3d670c983a138aea6f45f02505,mbpp,answer,20,toward,0.5,-2.8906497955322266,-0.3281497359275818,False,True
2307,77d8586601239091169c53f8e476e101c1dcdf3d670c983a138aea6f45f02505,mbpp,answer,20,away,0.5,-1.718269944190979,-0.546394944190979,False,True
2307,77d8586601239091169c53f8e476e101c1dcdf3d670c983a138aea6f45f02505,mbpp,answer,20,random,0.5,-2.2951548099517822,-0.35765472054481506,False,True
2307,77d8586601239091169c53f8e476e101c1dcdf3d670c983a138aea6f45f02505,mbpp,answer,20,toward,1.0,-3.898362159729004,-0.3046121299266815,False,True
2307,77d8586601239091169c53f8e476e101c1dcdf3d670c983a138aea6f45f02505,mbpp,answer,20,away,1.0,-1.065727710723877,-1.081352710723877,True,False
2307,77d8586601239091169c53f8e476e101c1dcdf3d670c983a138aea6f45f02505,mbpp,answer,20,random,1.0,-3.116825580596924,-0.25745055079460144,False,True
2307,77d8586601239091169c53f8e476e101c1dcdf3d670c983a138aea6f45f02505,mbpp,answer,22,toward,0.5,-3.132389783859253,-0.3198898732662201,False,True
2307,77d8586601239091169c53f8e476e101c1dcdf3d670c983a138aea6f45f02505,mbpp,answer,22,away,0.5,-0.8757383823394775,-0.8757383823394775,False,True
2307,77d8586601239091169c53f8e476e101c1dcdf3d670c983a138aea6f45f02505,mbpp,answer,22,random,0.5,-1.5049293041229248,-0.56742924451828,False,True
2307,77d8586601239091169c53f8e476e101c1dcdf3d670c983a138aea6f45f02505,mbpp,answer,22,toward,1.0,-3.847459554672241,-0.3162096440792084,False,True
2307,77d8586601239091169c53f8e476e101c1dcdf3d670c983a138aea6f45f02505,mbpp,answer,22,away,1.0,-0.4575907588005066,-1.4107158184051514,False,False
2307,77d8586601239091169c53f8e476e101c1dcdf3d670c983a138aea6f45f02505,mbpp,answer,22,random,1.0,-2.243469715118408,-0.4465947449207306,False,True
2307,77d8586601239091169c53f8e476e101c1dcdf3d670c983a138aea6f45f02505,mbpp,answer,24,toward,0.5,-2.513439655303955,-0.38843968510627747,False,True
2307,77d8586601239091169c53f8e476e101c1dcdf3d670c983a138aea6f45f02505,mbpp,answer,24,away,0.5,-0.8275187015533447,-0.8587687015533447,False,False
2307,77d8586601239091169c53f8e476e101c1dcdf3d670c983a138aea6f45f02505,mbpp,answer,24,random,0.5,-1.9515466690063477,-0.38904666900634766,False,True
2307,77d8586601239091169c53f8e476e101c1dcdf3d670c983a138aea6f45f02505,mbpp,answer,24,toward,1.0,-3.065537214279175,-0.3936622738838196,False,True
2307,77d8586601239091169c53f8e476e101c1dcdf3d670c983a138aea6f45f02505,mbpp,answer,24,away,1.0,-0.3307710886001587,-1.4870210886001587,False,False
2307,77d8586601239091169c53f8e476e101c1dcdf3d670c983a138aea6f45f02505,mbpp,answer,24,random,1.0,-2.0484213829040527,-0.36092129349708557,False,False
2307,77d8586601239091169c53f8e476e101c1dcdf3d670c983a138aea6f45f02505,mbpp,answer,26,toward,0.5,-2.144955635070801,-0.4418306350708008,False,True
2307,77d8586601239091169c53f8e476e101c1dcdf3d670c983a138aea6f45f02505,mbpp,answer,26,away,0.5,-1.3825488090515137,-0.6637988686561584,False,True
2307,77d8586601239091169c53f8e476e101c1dcdf3d670c983a138aea6f45f02505,mbpp,answer,26,random,0.5,-1.8297799825668335,-0.4391550123691559,False,True
2307,77d8586601239091169c53f8e476e101c1dcdf3d670c983a138aea6f45f02505,mbpp,answer,26,toward,1.0,-2.358482837677002,-0.4991077780723572,False,True
2307,77d8586601239091169c53f8e476e101c1dcdf3d670c983a138aea6f45f02505,mbpp,answer,26,away,1.0,-1.745194911956787,-0.8545699119567871,False,True
2307,77d8586601239091169c53f8e476e101c1dcdf3d670c983a138aea6f45f02505,mbpp,answer,26,random,1.0,-1.9917136430740356,-0.39796364307403564,False,True
2307,77d8586601239091169c53f8e476e101c1dcdf3d670c983a138aea6f45f02505,mbpp,answer,28,toward,0.5,-2.0065414905548096,-0.49091649055480957,False,True
2307,77d8586601239091169c53f8e476e101c1dcdf3d670c983a138aea6f45f02505,mbpp,answer,28,away,0.5,-1.4154345989227295,-0.5560595393180847,False,True
2307,77d8586601239091169c53f8e476e101c1dcdf3d670c983a138aea6f45f02505,mbpp,answer,28,random,0.5,-1.9371017217636108,-0.4058517515659332,False,True
2307,77d8586601239091169c53f8e476e101c1dcdf3d670c983a138aea6f45f02505,mbpp,answer,28,toward,1.0,-2.2423267364501953,-0.6173267364501953,False,True
2307,77d8586601239091169c53f8e476e101c1dcdf3d670c983a138aea6f45f02505,mbpp,answer,28,away,1.0,-1.5645318031311035,-0.5645318031311035,False,True
2307,77d8586601239091169c53f8e476e101c1dcdf3d670c983a138aea6f45f02505,mbpp,answer,28,random,1.0,-2.454263210296631,-0.28238818049430847,False,True
2307,77d8586601239091169c53f8e476e101c1dcdf3d670c983a138aea6f45f02505,mbpp,answer,30,toward,0.5,-2.0037841796875,-0.4881591796875,False,True
2307,77d8586601239091169c53f8e476e101c1dcdf3d670c983a138aea6f45f02505,mbpp,answer,30,away,0.5,-1.5425539016723633,-0.5425539612770081,False,True
2307,77d8586601239091169c53f8e476e101c1dcdf3d670c983a138aea6f45f02505,mbpp,answer,30,random,0.5,-1.3324426412582397,-0.5824426412582397,False,True
2307,77d8586601239091169c53f8e476e101c1dcdf3d670c983a138aea6f45f02505,mbpp,answer,30,toward,1.0,-2.3511953353881836,-0.6793204545974731,False,True
2307,77d8586601239091169c53f8e476e101c1dcdf3d670c983a138aea6f45f02505,mbpp,answer,30,away,1.0,-1.6926941871643066,-0.7239442467689514,False,True
2307,77d8586601239091169c53f8e476e101c1dcdf3d670c983a138aea6f45f02505,mbpp,answer,30,random,1.0,-1.0644481182098389,-0.6894480586051941,False,True
2307,77d8586601239091169c53f8e476e101c1dcdf3d670c983a138aea6f45f02505,mbpp,answer,31,toward,0.5,-2.139683723449707,-1.2490588426589966,False,True
2307,77d8586601239091169c53f8e476e101c1dcdf3d670c983a138aea6f45f02505,mbpp,answer,31,away,0.5,-1.7051860094070435,-0.42393603920936584,False,True
2307,77d8586601239091169c53f8e476e101c1dcdf3d670c983a138aea6f45f02505,mbpp,answer,31,random,0.5,-1.514958143234253,-0.9680830836296082,False,True
2307,77d8586601239091169c53f8e476e101c1dcdf3d670c983a138aea6f45f02505,mbpp,answer,31,toward,1.0,-5.112519264221191,-4.425019264221191,False,False
2307,77d8586601239091169c53f8e476e101c1dcdf3d670c983a138aea6f45f02505,mbpp,answer,31,away,1.0,-1.7070281505584717,-0.6132781505584717,False,True
2307,77d8586601239091169c53f8e476e101c1dcdf3d670c983a138aea6f45f02505,mbpp,answer,31,random,1.0,-2.1958351135253906,-2.1333351135253906,False,False
2308,77d8586601239091169c53f8e476e101c1dcdf3d670c983a138aea6f45f02505,mbpp,baseline,-1,none,0.0,-1.8503469228744507,-0.4909719228744507,False,True
2308,77d8586601239091169c53f8e476e101c1dcdf3d670c983a138aea6f45f02505,mbpp,if,0,toward,0.5,-1.758653163909912,-0.4930282235145569,False,True
2308,77d8586601239091169c53f8e476e101c1dcdf3d670c983a138aea6f45f02505,mbpp,if,0,away,0.5,-1.8974294662475586,-0.491179496049881,False,True
2308,77d8586601239091169c53f8e476e101c1dcdf3d670c983a138aea6f45f02505,mbpp,if,0,random,0.5,-1.8258347511291504,-0.49770981073379517,False,True
2308,77d8586601239091169c53f8e476e101c1dcdf3d670c983a138aea6f45f02505,mbpp,if,0,toward,1.0,-1.7463796138763428,-0.5120046138763428,False,True
2308,77d8586601239091169c53f8e476e101c1dcdf3d670c983a138aea6f45f02505,mbpp,if,0,away,1.0,-1.875549077987671,-0.4849240779876709,False,True
2308,77d8586601239091169c53f8e476e101c1dcdf3d670c983a138aea6f45f02505,mbpp,if,0,random,1.0,-2.0026540756225586,-0.4714040458202362,False,True
2308,77d8586601239091169c53f8e476e101c1dcdf3d670c983a138aea6f45f02505,mbpp,if,2,toward,0.5,-2.0396125316619873,-0.4302375316619873,False,True
2308,77d8586601239091169c53f8e476e101c1dcdf3d670c983a138aea6f45f02505,mbpp,if,2,away,0.5,-1.8150478601455688,-0.5025478601455688,False,True
2308,77d8586601239091169c53f8e476e101c1dcdf3d670c983a138aea6f45f02505,mbpp,if,2,random,0.5,-1.9657251834869385,-0.45010024309158325,False,True
2308,77d8586601239091169c53f8e476e101c1dcdf3d670c983a138aea6f45f02505,mbpp,if,2,toward,1.0,-2.1345577239990234,-0.3533078134059906,False,True
2308,77d8586601239091169c53f8e476e101c1dcdf3d670c983a138aea6f45f02505,mbpp,if,2,away,1.0,-1.9326410293579102,-0.47951608896255493,False,True
2308,77d8586601239091169c53f8e476e101c1dcdf3d670c983a138aea6f45f02505,mbpp,if,2,random,1.0,-2.234860897064209,-0.3598608076572418,False,True
2308,77d8586601239091169c53f8e476e101c1dcdf3d670c983a138aea6f45f02505,mbpp,if,4,toward,0.5,-2.038677215576172,-0.4136770963668823,False,True
2308,77d8586601239091169c53f8e476e101c1dcdf3d670c983a138aea6f45f02505,mbpp,if,4,away,0.5,-1.8081800937652588,-0.5269301533699036,False,True
2308,77d8586601239091169c53f8e476e101c1dcdf3d670c983a138aea6f45f02505,mbpp,if,4,random,0.5,-1.8774492740631104,-0.48682427406311035,False,True
2308,77d8586601239091169c53f8e476e101c1dcdf3d670c983a138aea6f45f02505,mbpp,if,4,toward,1.0,-1.8720405101776123,-0.4814155101776123,False,True
2308,77d8586601239091169c53f8e476e101c1dcdf3d670c983a138aea6f45f02505,mbpp,if,4,away,1.0,-1.9531491994857788,-0.5312741994857788,False,True
2308,77d8586601239091169c53f8e476e101c1dcdf3d670c983a138aea6f45f02505,mbpp,if,4,random,1.0,-2.1298270225524902,-0.37982696294784546,False,True
2308,77d8586601239091169c53f8e476e101c1dcdf3d670c983a138aea6f45f02505,mbpp,if,6,toward,0.5,-1.883521318435669,-0.4772713780403137,False,True
2308,77d8586601239091169c53f8e476e101c1dcdf3d670c983a138aea6f45f02505,mbpp,if,6,away,0.5,-1.8704055547714233,-0.49540555477142334,False,True
2308,77d8586601239091169c53f8e476e101c1dcdf3d670c983a138aea6f45f02505,mbpp,if,6,random,0.5,-1.9869662523269653,-0.45571625232696533,False,True
2308,77d8586601239091169c53f8e476e101c1dcdf3d670c983a138aea6f45f02505,mbpp,if,6,toward,1.0,-2.0031533241271973,-0.5031532049179077,False,True
2308,77d8586601239091169c53f8e476e101c1dcdf3d670c983a138aea6f45f02505,mbpp,if,6,away,1.0,-1.739273190498352,-0.598648190498352,False,True
2308,77d8586601239091169c53f8e476e101c1dcdf3d670c983a138aea6f45f02505,mbpp,if,6,random,1.0,-2.1167469024658203,-0.4292469024658203,False,True
2308,77d8586601239091169c53f8e476e101c1dcdf3d670c983a138aea6f45f02505,mbpp,if,8,toward,0.5,-2.0212936401367188,-0.44316861033439636,False,True
2308,77d8586601239091169c53f8e476e101c1dcdf3d670c983a138aea6f45f02505,mbpp,if,8,away,0.5,-1.5803428888320923,-0.5490928888320923,False,True
2308,77d8586601239091169c53f8e476e101c1dcdf3d670c983a138aea6f45f02505,mbpp,if,8,random,0.5,-1.9615590572357178,-0.461558997631073,False,True
2308,77d8586601239091169c53f8e476e101c1dcdf3d670c983a138aea6f45f02505,mbpp,if,8,toward,1.0,-1.9497263431549072,-0.5591013431549072,False,True
2308,77d8586601239091169c53f8e476e101c1dcdf3d670c983a138aea6f45f02505,mbpp,if,8,away,1.0,-1.472684383392334,-0.5820594429969788,False,True
2308,77d8586601239091169c53f8e476e101c1dcdf3d670c983a138aea6f45f02505,mbpp,if,8,random,1.0,-1.9302880764007568,-0.5084130167961121,False,True
2308,77d8586601239091169c53f8e476e101c1dcdf3d670c983a138aea6f45f02505,mbpp,if,10,toward,0.5,-1.6935794353485107,-0.6467044353485107,False,True
2308,77d8586601239091169c53f8e476e101c1dcdf3d670c983a138aea6f45f02505,mbpp,if,10,away,0.5,-1.7118061780929565,-0.5243061780929565,False,True
2308,77d8586601239091169c53f8e476e101c1dcdf3d670c983a138aea6f45f02505,mbpp,if,10,random,0.5,-1.6370983123779297,-0.5745983123779297,False,True
2308,77d8586601239091169c53f8e476e101c1dcdf3d670c983a138aea6f45f02505,mbpp,if,10,toward,1.0,-1.6274073123931885,-0.8617823123931885,False,True
2308,77d8586601239091169c53f8e476e101c1dcdf3d670c983a138aea6f45f02505,mbpp,if,10,away,1.0,-1.76548171043396,-0.56235671043396,False,True
2308,77d8586601239091169c53f8e476e101c1dcdf3d670c983a138aea6f45f02505,mbpp,if,10,random,1.0,-1.5556279420852661,-0.6650029420852661,False,True
2308,77d8586601239091169c53f8e476e101c1dcdf3d670c983a138aea6f45f02505,mbpp,if,12,toward,0.5,-1.5922707319259644,-0.7953957319259644,False,True
2308,77d8586601239091169c53f8e476e101c1dcdf3d670c983a138aea6f45f02505,mbpp,if,12,away,0.5,-2.2098848819732666,-0.3817598223686218,False,True
2308,77d8586601239091169c53f8e476e101c1dcdf3d670c983a138aea6f45f02505,mbpp,if,12,random,0.5,-1.8671109676361084,-0.5077359676361084,False,True
2308,77d8586601239091169c53f8e476e101c1dcdf3d670c983a138aea6f45f02505,mbpp,if,12,toward,1.0,-1.5809712409973145,-1.0340962409973145,False,True
2308,77d8586601239091169c53f8e476e101c1dcdf3d670c983a138aea6f45f02505,mbpp,if,12,away,1.0,-2.1864027976989746,-0.46765267848968506,False,True
2308,77d8586601239091169c53f8e476e101c1dcdf3d670c983a138aea6f45f02505,mbpp,if,12,random,1.0,-1.992462396621704,-0.5080873966217041,False,True
2308,77d8586601239091169c53f8e476e101c1dcdf3d670c983a138aea6f45f02505,mbpp,if,14,toward,0.5,-1.8355600833892822,-0.5386850833892822,False,True
2308,77d8586601239091169c53f8e476e101c1dcdf3d670c983a138aea6f45f02505,mbpp,if,14,away,0.5,-1.875425934791565,-0.5004259347915649,False,True
2308,77d8586601239091169c53f8e476e101c1dcdf3d670c983a138aea6f45f02505,mbpp,if,14,random,0.5,-1.870041012763977,-0.510666012763977,False,True
2308,77d8586601239091169c53f8e476e101c1dcdf3d670c983a138aea6f45f02505,mbpp,if,14,toward,1.0,-1.932627558708191,-0.5420025587081909,False,True
2308,77d8586601239091169c53f8e476e101c1dcdf3d670c983a138aea6f45f02505,mbpp,if,14,away,1.0,-1.8957760334014893,-0.536401093006134,False,True
2308,77d8586601239091169c53f8e476e101c1dcdf3d670c983a138aea6f45f02505,mbpp,if,14,random,1.0,-1.88981294631958,-0.5460629463195801,False,True
2308,77d8586601239091169c53f8e476e101c1dcdf3d670c983a138aea6f45f02505,mbpp,if,16,toward,0.5,-1.8559578657150269,-0.49658283591270447,False,True
2308,77d8586601239091169c53f8e476e101c1dcdf3d670c983a138aea6f45f02505,mbpp,if,16,away,0.5,-1.8644822835922241,-0.4894823133945465,False,True
2308,77d8586601239091169c53f8e476e101c1dcdf3d670c983a138aea6f45f02505,mbpp,if,16,random,0.5,-1.9722031354904175,-0.4565781354904175,False,True
2308,77d8586601239091169c53f8e476e101c1dcdf3d670c983a138aea6f45f02505,mbpp,if,16,toward,1.0,-2.022061347961426,-0.47518622875213623,False,True
2308,77d8586601239091169c53f8e476e101c1dcdf3d670c983a138aea6f45f02505,mbpp,if,16,away,1.0,-1.8620600700378418,-0.4870600700378418,False,True
2308,77d8586601239091169c53f8e476e101c1dcdf3d670c983a138aea6f45f02505,mbpp,if,16,random,1.0,-2.104454278945923,-0.4325792193412781,False,True
2308,77d8586601239091169c53f8e476e101c1dcdf3d670c983a138aea6f45f02505,mbpp,if,18,toward,0.5,-1.9375007152557373,-0.4687507152557373,False,True
2308,77d8586601239091169c53f8e476e101c1dcdf3d670c983a138aea6f45f02505,mbpp,if,18,away,0.5,-1.8739279508590698,-0.4833029806613922,False,True
2308,77d8586601239091169c53f8e476e101c1dcdf3d670c983a138aea6f45f02505,mbpp,if,18,random,0.5,-1.8742151260375977,-0.48359018564224243,False,True
2308,77d8586601239091169c53f8e476e101c1dcdf3d670c983a138aea6f45f02505,mbpp,if,18,toward,1.0,-2.082430124282837,-0.44180503487586975,False,True
2308,77d8586601239091169c53f8e476e101c1dcdf3d670c983a138aea6f45f02505,mbpp,if,18,away,1.0,-1.9821747541427612,-0.45092475414276123,False,True
2308,77d8586601239091169c53f8e476e101c1dcdf3d670c983a138aea6f45f02505,mbpp,if,18,random,1.0,-1.9126636981964111,-0.4751637578010559,False,True
2308,77d8586601239091169c53f8e476e101c1dcdf3d670c983a138aea6f45f02505,mbpp,if,20,toward,0.5,-1.8916606903076172,-0.4854106307029724,False,True
2308,77d8586601239091169c53f8e476e101c1dcdf3d670c983a138aea6f45f02505,mbpp,if,20,away,0.5,-1.8885772228240967,-0.4667022228240967,False,True
2308,77d8586601239091169c53f8e476e101c1dcdf3d670c983a138aea6f45f02505,mbpp,if,20,random,0.5,-1.9526910781860352,-0.46831607818603516,False,True
2308,77d8586601239091169c53f8e476e101c1dcdf3d670c983a138aea6f45f02505,mbpp,if,20,toward,1.0,-1.899782657623291,-0.4779077172279358,False,True
2308,77d8586601239091169c53f8e476e101c1dcdf3d670c983a138aea6f45f02505,mbpp,if,20,away,1.0,-1.9446502923965454,-0.4446503221988678,False,True
2308,77d8586601239091169c53f8e476e101c1dcdf3d670c983a138aea6f45f02505,mbpp,if,20,random,1.0,-2.037234306335449,-0.44348424673080444,False,True
2308,77d8586601239091169c53f8e476e101c1dcdf3d670c983a138aea6f45f02505,mbpp,if,22,toward,0.5,-1.9158456325531006,-0.4783455729484558,False,True
2308,77d8586601239091169c53f8e476e101c1dcdf3d670c983a138aea6f45f02505,mbpp,if,22,away,0.5,-1.8820148706436157,-0.4757648706436157,False,True
2308,77d8586601239091169c53f8e476e101c1dcdf3d670c983a138aea6f45f02505,mbpp,if,22,random,0.5,-1.7955873012542725,-0.4987122714519501,False,True
2308,77d8586601239091169c53f8e476e101c1dcdf3d670c983a138aea6f45f02505,mbpp,if,22,toward,1.0,-1.8973530530929565,-0.47547805309295654,False,True
2308,77d8586601239091169c53f8e476e101c1dcdf3d670c983a138aea6f45f02505,mbpp,if,22,away,1.0,-1.9388195276260376,-0.4544445276260376,False,True
2308,77d8586601239091169c53f8e476e101c1dcdf3d670c983a138aea6f45f02505,mbpp,if,22,random,1.0,-1.8383402824401855,-0.47896522283554077,False,True
2308,77d8586601239091169c53f8e476e101c1dcdf3d670c983a138aea6f45f02505,mbpp,if,24,toward,0.5,-1.898522138595581,-0.47664710879325867,False,True
2308,77d8586601239091169c53f8e476e101c1dcdf3d670c983a138aea6f45f02505,mbpp,if,24,away,0.5,-1.860377311706543,-0.48537731170654297,False,True
2308,77d8586601239091169c53f8e476e101c1dcdf3d670c983a138aea6f45f02505,mbpp,if,24,random,0.5,-1.8726885318756104,-0.48206353187561035,False,True
2308,77d8586601239091169c53f8e476e101c1dcdf3d670c983a138aea6f45f02505,mbpp,if,24,toward,1.0,-1.9362223148345947,-0.4674723148345947,False,True
2308,77d8586601239091169c53f8e476e101c1dcdf3d670c983a138aea6f45f02505,mbpp,if,24,away,1.0,-1.8668605089187622,-0.4762355089187622,False,True
2308,77d8586601239091169c53f8e476e101c1dcdf3d670c983a138aea6f45f02505,mbpp,if,24,random,1.0,-1.9158124923706055,-0.46268752217292786,False,True
2308,77d8586601239091169c53f8e476e101c1dcdf3d670c983a138aea6f45f02505,mbpp,if,26,toward,0.5,-1.8364243507385254,-0.492674320936203,False,True
2308,77d8586601239091169c53f8e476e101c1dcdf3d670c983a138aea6f45f02505,mbpp,if,26,away,0.5,-1.8749594688415527,-0.48433440923690796,False,True
2308,77d8586601239091169c53f8e476e101c1dcdf3d670c983a138aea6f45f02505,mbpp,if,26,random,0.5,-1.861675500869751,-0.48667553067207336,False,True
2308,77d8586601239091169c53f8e476e101c1dcdf3d670c983a138aea6f45f02505,mbpp,if,26,toward,1.0,-1.846526861190796,-0.4871519207954407,False,True
2308,77d8586601239091169c53f8e476e101c1dcdf3d670c983a138aea6f45f02505,mbpp,if,26,away,1.0,-1.8983266353607178,-0.476451575756073,False,True
2308,77d8586601239091169c53f8e476e101c1dcdf3d670c983a138aea6f45f02505,mbpp,if,26,random,1.0,-1.8635528087615967,-0.4885527491569519,False,True
2308,77d8586601239091169c53f8e476e101c1dcdf3d670c983a138aea6f45f02505,mbpp,if,28,toward,0.5,-1.8624651432037354,-0.4874652028083801,False,True
2308,77d8586601239091169c53f8e476e101c1dcdf3d670c983a138aea6f45f02505,mbpp,if,28,away,0.5,-1.8484845161437988,-0.48910945653915405,False,True
2308,77d8586601239091169c53f8e476e101c1dcdf3d670c983a138aea6f45f02505,mbpp,if,28,random,0.5,-1.823973536491394,-0.49584853649139404,False,True
2308,77d8586601239091169c53f8e476e101c1dcdf3d670c983a138aea6f45f02505,mbpp,if,28,toward,1.0,-1.8608366250991821,-0.48583662509918213,False,True
2308,77d8586601239091169c53f8e476e101c1dcdf3d670c983a138aea6f45f02505,mbpp,if,28,away,1.0,-1.8338404893875122,-0.4900904893875122,False,True
2308,77d8586601239091169c53f8e476e101c1dcdf3d670c983a138aea6f45f02505,mbpp,if,28,random,1.0,-1.7883052825927734,-0.5070552825927734,False,True
2308,77d8586601239091169c53f8e476e101c1dcdf3d670c983a138aea6f45f02505,mbpp,if,30,toward,0.5,-1.8491711616516113,-0.48979616165161133,False,True
2308,77d8586601239091169c53f8e476e101c1dcdf3d670c983a138aea6f45f02505,mbpp,if,30,away,0.5,-1.8491621017456055,-0.48978716135025024,False,True
2308,77d8586601239091169c53f8e476e101c1dcdf3d670c983a138aea6f45f02505,mbpp,if,30,random,0.5,-1.8391058444976807,-0.4953558146953583,False,True
2308,77d8586601239091169c53f8e476e101c1dcdf3d670c983a138aea6f45f02505,mbpp,if,30,toward,1.0,-1.856345772743225,-0.4813457727432251,False,True
2308,77d8586601239091169c53f8e476e101c1dcdf3d670c983a138aea6f45f02505,mbpp,if,30,away,1.0,-1.8410000801086426,-0.4972500205039978,False,True
2308,77d8586601239091169c53f8e476e101c1dcdf3d670c983a138aea6f45f02505,mbpp,if,30,random,1.0,-1.8396737575531006,-0.4959236979484558,False,True
2308,77d8586601239091169c53f8e476e101c1dcdf3d670c983a138aea6f45f02505,mbpp,if,31,toward,0.5,-1.8508491516113281,-0.49147409200668335,False,True
2308,77d8586601239091169c53f8e476e101c1dcdf3d670c983a138aea6f45f02505,mbpp,if,31,away,0.5,-1.8508491516113281,-0.49147409200668335,False,True
2308,77d8586601239091169c53f8e476e101c1dcdf3d670c983a138aea6f45f02505,mbpp,if,31,random,0.5,-1.8508491516113281,-0.49147409200668335,False,True
2308,77d8586601239091169c53f8e476e101c1dcdf3d670c983a138aea6f45f02505,mbpp,if,31,toward,1.0,-1.8508491516113281,-0.49147409200668335,False,True
2308,77d8586601239091169c53f8e476e101c1dcdf3d670c983a138aea6f45f02505,mbpp,if,31,away,1.0,-1.8508491516113281,-0.49147409200668335,False,True
2308,77d8586601239091169c53f8e476e101c1dcdf3d670c983a138aea6f45f02505,mbpp,if,31,random,1.0,-1.8508491516113281,-0.49147409200668335,False,True
2308,77d8586601239091169c53f8e476e101c1dcdf3d670c983a138aea6f45f02505,mbpp,body_first,0,toward,0.5,-1.9138826131820679,-0.47638261318206787,False,True
2308,77d8586601239091169c53f8e476e101c1dcdf3d670c983a138aea6f45f02505,mbpp,body_first,0,away,0.5,-1.8180162906646729,-0.5055163502693176,False,True
2308,77d8586601239091169c53f8e476e101c1dcdf3d670c983a138aea6f45f02505,mbpp,body_first,0,random,0.5,-1.8160500526428223,-0.5035499930381775,False,True
2308,77d8586601239091169c53f8e476e101c1dcdf3d670c983a138aea6f45f02505,mbpp,body_first,0,toward,1.0,-1.9099440574645996,-0.4880690574645996,False,True
2308,77d8586601239091169c53f8e476e101c1dcdf3d670c983a138aea6f45f02505,mbpp,body_first,0,away,1.0,-1.8404736518859863,-0.5123486518859863,False,True
2308,77d8586601239091169c53f8e476e101c1dcdf3d670c983a138aea6f45f02505,mbpp,body_first,0,random,1.0,-1.7447025775909424,-0.5259526371955872,False,True
2308,77d8586601239091169c53f8e476e101c1dcdf3d670c983a138aea6f45f02505,mbpp,body_first,2,toward,0.5,-1.956800937652588,-0.4724258780479431,False,True
2308,77d8586601239091169c53f8e476e101c1dcdf3d670c983a138aea6f45f02505,mbpp,body_first,2,away,0.5,-1.8728123903274536,-0.4821873903274536,False,True
2308,77d8586601239091169c53f8e476e101c1dcdf3d670c983a138aea6f45f02505,mbpp,body_first,2,random,0.5,-1.8452389240264893,-0.501488983631134,False,True
2308,77d8586601239091169c53f8e476e101c1dcdf3d670c983a138aea6f45f02505,mbpp,body_first,2,toward,1.0,-2.0146358013153076,-0.46776074171066284,False,True
2308,77d8586601239091169c53f8e476e101c1dcdf3d670c983a138aea6f45f02505,mbpp,body_first,2,away,1.0,-2.028981924057007,-0.43523186445236206,False,True
2308,77d8586601239091169c53f8e476e101c1dcdf3d670c983a138aea6f45f02505,mbpp,body_first,2,random,1.0,-1.872931957244873,-0.4979320168495178,False,True
2308,77d8586601239091169c53f8e476e101c1dcdf3d670c983a138aea6f45f02505,mbpp,body_first,4,toward,0.5,-1.8970855474472046,-0.4752105474472046,False,True
2308,77d8586601239091169c53f8e476e101c1dcdf3d670c983a138aea6f45f02505,mbpp,body_first,4,away,0.5,-1.870542049407959,-0.495542049407959,False,True
2308,77d8586601239091169c53f8e476e101c1dcdf3d670c983a138aea6f45f02505,mbpp,body_first,4,random,0.5,-1.8917038440704346,-0.48545390367507935,False,True
2308,77d8586601239091169c53f8e476e101c1dcdf3d670c983a138aea6f45f02505,mbpp,body_first,4,toward,1.0,-2.0056488513946533,-0.44314879179000854,False,True
2308,77d8586601239091169c53f8e476e101c1dcdf3d670c983a138aea6f45f02505,mbpp,body_first,4,away,1.0,-1.9384444952011108,-0.48531949520111084,False,True
2308,77d8586601239091169c53f8e476e101c1dcdf3d670c983a138aea6f45f02505,mbpp,body_first,4,random,1.0,-1.9542484283447266,-0.46987348794937134,False,True
2308,77d8586601239091169c53f8e476e101c1dcdf3d670c983a138aea6f45f02505,mbpp,body_first,6,toward,0.5,-1.7634656429290771,-0.5134657025337219,False,True
2308,77d8586601239091169c53f8e476e101c1dcdf3d670c983a138aea6f45f02505,mbpp,body_first,6,away,0.5,-1.9515355825424194,-0.46716058254241943,False,True
2308,77d8586601239091169c53f8e476e101c1dcdf3d670c983a138aea6f45f02505,mbpp,body_first,6,random,0.5,-1.8256562948226929,-0.5131562948226929,False,True
2308,77d8586601239091169c53f8e476e101c1dcdf3d670c983a138aea6f45f02505,mbpp,body_first,6,toward,1.0,-1.7136847972869873,-0.5261847376823425,False,True
2308,77d8586601239091169c53f8e476e101c1dcdf3d670c983a138aea6f45f02505,mbpp,body_first,6,away,1.0,-2.0346951484680176,-0.44094517827033997,False,True
2308,77d8586601239091169c53f8e476e101c1dcdf3d670c983a138aea6f45f02505,mbpp,body_first,6,random,1.0,-1.8891648054122925,-0.4985398054122925,False,True
2308,77d8586601239091169c53f8e476e101c1dcdf3d670c983a138aea6f45f02505,mbpp,body_first,8,toward,0.5,-1.8116416931152344,-0.4991416335105896,False,True
2308,77d8586601239091169c53f8e476e101c1dcdf3d670c983a138aea6f45f02505,mbpp,body_first,8,away,0.5,-1.9707818031311035,-0.4551568627357483,False,True
2308,77d8586601239091169c53f8e476e101c1dcdf3d670c983a138aea6f45f02505,mbpp,body_first,8,random,0.5,-1.9407285451889038,-0.4563535451889038,False,True
2308,77d8586601239091169c53f8e476e101c1dcdf3d670c983a138aea6f45f02505,mbpp,body_first,8,toward,1.0,-1.8191297054290771,-0.49100470542907715,False,True
2308,77d8586601239091169c53f8e476e101c1dcdf3d670c983a138aea6f45f02505,mbpp,body_first,8,away,1.0,-2.0503478050231934,-0.4409727156162262,False,True
2308,77d8586601239091169c53f8e476e101c1dcdf3d670c983a138aea6f45f02505,mbpp,body_first,8,random,1.0,-2.0091564655303955,-0.4310314655303955,False,True
2308,77d8586601239091169c53f8e476e101c1dcdf3d670c983a138aea6f45f02505,mbpp,body_first,10,toward,0.5,-1.9037907123565674,-0.46629077196121216,False,True
2308,77d8586601239091169c53f8e476e101c1dcdf3d670c983a138aea6f45f02505,mbpp,body_first,10,away,0.5,-1.8754384517669678,-0.48481351137161255,False,True
2308,77d8586601239091169c53f8e476e101c1dcdf3d670c983a138aea6f45f02505,mbpp,body_first,10,random,0.5,-1.938570499420166,-0.4698205590248108,False,True
2308,77d8586601239091169c53f8e476e101c1dcdf3d670c983a138aea6f45f02505,mbpp,body_first,10,toward,1.0,-1.9339797496795654,-0.44960474967956543,False,True
2308,77d8586601239091169c53f8e476e101c1dcdf3d670c983a138aea6f45f02505,mbpp,body_first,10,away,1.0,-1.931395411491394,-0.47827044129371643,False,True
2308,77d8586601239091169c53f8e476e101c1dcdf3d670c983a138aea6f45f02505,mbpp,body_first,10,random,1.0,-2.0339584350585938,-0.4558335244655609,False,True
2308,77d8586601239091169c53f8e476e101c1dcdf3d670c983a138aea6f45f02505,mbpp,body_first,12,toward,0.5,-1.90711510181427,-0.46961510181427,False,True
2308,77d8586601239091169c53f8e476e101c1dcdf3d670c983a138aea6f45f02505,mbpp,body_first,12,away,0.5,-1.8932063579559326,-0.48695629835128784,False,True
2308,77d8586601239091169c53f8e476e101c1dcdf3d670c983a138aea6f45f02505,mbpp,body_first,12,random,0.5,-1.8778818845748901,-0.48725688457489014,False,True
2308,77d8586601239091169c53f8e476e101c1dcdf3d670c983a138aea6f45f02505,mbpp,body_first,12,toward,1.0,-1.953253984451294,-0.4532540440559387,False,True
2308,77d8586601239091169c53f8e476e101c1dcdf3d670c983a138aea6f45f02505,mbpp,body_first,12,away,1.0,-1.9444429874420166,-0.475693017244339,False,True
2308,77d8586601239091169c53f8e476e101c1dcdf3d670c983a138aea6f45f02505,mbpp,body_first,12,random,1.0,-1.9967048168182373,-0.4654548764228821,False,True
2308,77d8586601239091169c53f8e476e101c1dcdf3d670c983a138aea6f45f02505,mbpp,body_first,14,toward,0.5,-1.8847465515136719,-0.4784965515136719,False,True
2308,77d8586601239091169c53f8e476e101c1dcdf3d670c983a138aea6f45f02505,mbpp,body_first,14,away,0.5,-1.8845057487487793,-0.4938806891441345,False,True
2308,77d8586601239091169c53f8e476e101c1dcdf3d670c983a138aea6f45f02505,mbpp,body_first,14,random,0.5,-1.914151668548584,-0.4922766387462616,False,True
2308,77d8586601239091169c53f8e476e101c1dcdf3d670c983a138aea6f45f02505,mbpp,body_first,14,toward,1.0,-1.8960511684417725,-0.4741761088371277,False,True
2308,77d8586601239091169c53f8e476e101c1dcdf3d670c983a138aea6f45f02505,mbpp,body_first,14,away,1.0,-1.998657464981079,-0.4830325245857239,False,True
2308,77d8586601239091169c53f8e476e101c1dcdf3d670c983a138aea6f45f02505,mbpp,body_first,14,random,1.0,-1.978209137916565,-0.49383413791656494,False,True
2308,77d8586601239091169c53f8e476e101c1dcdf3d670c983a138aea6f45f02505,mbpp,body_first,16,toward,0.5,-1.7177257537841797,-0.5146007537841797,False,True
2308,77d8586601239091169c53f8e476e101c1dcdf3d670c983a138aea6f45f02505,mbpp,body_first,16,away,0.5,-1.9662916660308838,-0.481916606426239,False,True
2308,77d8586601239091169c53f8e476e101c1dcdf3d670c983a138aea6f45f02505,mbpp,body_first,16,random,0.5,-1.8754045963287354,-0.48477959632873535,False,True
2308,77d8586601239091169c53f8e476e101c1dcdf3d670c983a138aea6f45f02505,mbpp,body_first,16,toward,1.0,-1.6665844917297363,-0.5259594917297363,False,True
2308,77d8586601239091169c53f8e476e101c1dcdf3d670c983a138aea6f45f02505,mbpp,body_first,16,away,1.0,-2.0703320503234863,-0.4609571695327759,False,True
2308,77d8586601239091169c53f8e476e101c1dcdf3d670c983a138aea6f45f02505,mbpp,body_first,16,random,1.0,-1.97665274143219,-0.46102777123451233,False,True
2308,77d8586601239091169c53f8e476e101c1dcdf3d670c983a138aea6f45f02505,mbpp,body_first,18,toward,0.5,-1.827970266342163,-0.4998452067375183,False,True
2308,77d8586601239091169c53f8e476e101c1dcdf3d670c983a138aea6f45f02505,mbpp,body_first,18,away,0.5,-2.0138449668884277,-0.4513450860977173,False,True
2308,77d8586601239091169c53f8e476e101c1dcdf3d670c983a138aea6f45f02505,mbpp,body_first,18,random,0.5,-1.9243581295013428,-0.47123318910598755,False,True
2308,77d8586601239091169c53f8e476e101c1dcdf3d670c983a138aea6f45f02505,mbpp,body_first,18,toward,1.0,-1.8932545185089111,-0.4870045483112335,False,True
2308,77d8586601239091169c53f8e476e101c1dcdf3d670c983a138aea6f45f02505,mbpp,body_first,18,away,1.0,-2.065335512161255,-0.44033560156822205,False,True
2308,77d8586601239091169c53f8e476e101c1dcdf3d670c983a138aea6f45f02505,mbpp,body_first,18,random,1.0,-1.9875948429107666,-0.4563448429107666,False,True
2308,77d8586601239091169c53f8e476e101c1dcdf3d670c983a138aea6f45f02505,mbpp,body_first,20,toward,0.5,-1.8525171279907227,-0.49314218759536743,False,True
2308,77d8586601239091169c53f8e476e101c1dcdf3d670c983a138aea6f45f02505,mbpp,body_first,20,away,0.5,-2.027430295944214,-0.4493052363395691,False,True
2308,77d8586601239091169c53f8e476e101c1dcdf3d670c983a138aea6f45f02505,mbpp,body_first,20,random,0.5,-1.999424934387207,-0.45254987478256226,False,True
2308,77d8586601239091169c53f8e476e101c1dcdf3d670c983a138aea6f45f02505,mbpp,body_first,20,toward,1.0,-1.8525640964508057,-0.49318915605545044,False,True
2308,77d8586601239091169c53f8e476e101c1dcdf3d670c983a138aea6f45f02505,mbpp,body_first,20,away,1.0,-2.078143835067749,-0.43751877546310425,False,True
2308,77d8586601239091169c53f8e476e101c1dcdf3d670c983a138aea6f45f02505,mbpp,body_first,20,random,1.0,-2.0520572662353516,-0.44268229603767395,False,True
2308,77d8586601239091169c53f8e476e101c1dcdf3d670c983a138aea6f45f02505,mbpp,body_first,22,toward,0.5,-1.8489742279052734,-0.48959922790527344,False,True
2308,77d8586601239091169c53f8e476e101c1dcdf3d670c983a138aea6f45f02505,mbpp,body_first,22,away,0.5,-1.8761131763458252,-0.4854881763458252,False,True
2308,77d8586601239091169c53f8e476e101c1dcdf3d670c983a138aea6f45f02505,mbpp,body_first,22,random,0.5,-1.902897596359253,-0.4810226261615753,False,True
2308,77d8586601239091169c53f8e476e101c1dcdf3d670c983a138aea6f45f02505,mbpp,body_first,22,toward,1.0,-1.8761920928955078,-0.4855670928955078,False,True
2308,77d8586601239091169c53f8e476e101c1dcdf3d670c983a138aea6f45f02505,mbpp,body_first,22,away,1.0,-1.9656212329864502,-0.4656212329864502,False,True
2308,77d8586601239091169c53f8e476e101c1dcdf3d670c983a138aea6f45f02505,mbpp,body_first,22,random,1.0,-2.0025110244750977,-0.4556359052658081,False,True
2308,77d8586601239091169c53f8e476e101c1dcdf3d670c983a138aea6f45f02505,mbpp,body_first,24,toward,0.5,-1.7996923923492432,-0.5028173923492432,False,True
2308,77d8586601239091169c53f8e476e101c1dcdf3d670c983a138aea6f45f02505,mbpp,body_first,24,away,0.5,-2.01619291305542,-0.45369285345077515,False,True
2308,77d8586601239091169c53f8e476e101c1dcdf3d670c983a138aea6f45f02505,mbpp,body_first,24,random,0.5,-1.9272059202194214,-0.4740809202194214,False,True
2308,77d8586601239091169c53f8e476e101c1dcdf3d670c983a138aea6f45f02505,mbpp,body_first,24,toward,1.0,-1.84904146194458,-0.48966649174690247,False,True
2308,77d8586601239091169c53f8e476e101c1dcdf3d670c983a138aea6f45f02505,mbpp,body_first,24,away,1.0,-2.081925630569458,-0.441300630569458,False,True
2308,77d8586601239091169c53f8e476e101c1dcdf3d670c983a138aea6f45f02505,mbpp,body_first,24,random,1.0,-2.015894651412964,-0.45339474081993103,False,True
2308,77d8586601239091169c53f8e476e101c1dcdf3d670c983a138aea6f45f02505,mbpp,body_first,26,toward,0.5,-1.8276329040527344,-0.4995079040527344,False,True
2308,77d8586601239091169c53f8e476e101c1dcdf3d670c983a138aea6f45f02505,mbpp,body_first,26,away,0.5,-1.924425482749939,-0.47130048274993896,False,True
2308,77d8586601239091169c53f8e476e101c1dcdf3d670c983a138aea6f45f02505,mbpp,body_first,26,random,0.5,-1.8508996963500977,-0.49152475595474243,False,True
2308,77d8586601239091169c53f8e476e101c1dcdf3d670c983a138aea6f45f02505,mbpp,body_first,26,toward,1.0,-1.826887845993042,-0.4987627863883972,False,True
2308,77d8586601239091169c53f8e476e101c1dcdf3d670c983a138aea6f45f02505,mbpp,body_first,26,away,1.0,-1.9592375755310059,-0.45923763513565063,False,True
2308,77d8586601239091169c53f8e476e101c1dcdf3d670c983a138aea6f45f02505,mbpp,body_first,26,random,1.0,-1.8897619247436523,-0.48351192474365234,False,True
2308,77d8586601239091169c53f8e476e101c1dcdf3d670c983a138aea6f45f02505,mbpp,body_first,28,toward,0.5,-1.8391220569610596,-0.49537208676338196,False,True
2308,77d8586601239091169c53f8e476e101c1dcdf3d670c983a138aea6f45f02505,mbpp,body_first,28,away,0.5,-1.864035725593567,-0.4890357553958893,False,True
2308,77d8586601239091169c53f8e476e101c1dcdf3d670c983a138aea6f45f02505,mbpp,body_first,28,random,0.5,-1.8508632183074951,-0.49148815870285034,False,True
2308,77d8586601239091169c53f8e476e101c1dcdf3d670c983a138aea6f45f02505,mbpp,body_first,28,toward,1.0,-1.8408817052841187,-0.49713167548179626,False,True
2308,77d8586601239091169c53f8e476e101c1dcdf3d670c983a138aea6f45f02505,mbpp,body_first,28,away,1.0,-1.8741847276687622,-0.4835596978664398,False,True
2308,77d8586601239091169c53f8e476e101c1dcdf3d670c983a138aea6f45f02505,mbpp,body_first,28,random,1.0,-1.8610726594924927,-0.4860726594924927,False,True
2308,77d8586601239091169c53f8e476e101c1dcdf3d670c983a138aea6f45f02505,mbpp,body_first,30,toward,0.5,-1.8391194343566895,-0.49536946415901184,False,True
2308,77d8586601239091169c53f8e476e101c1dcdf3d670c983a138aea6f45f02505,mbpp,body_first,30,away,0.5,-1.8507940769195557,-0.4914190173149109,False,True
2308,77d8586601239091169c53f8e476e101c1dcdf3d670c983a138aea6f45f02505,mbpp,body_first,30,random,0.5,-1.8508472442626953,-0.4914722442626953,False,True
2308,77d8586601239091169c53f8e476e101c1dcdf3d670c983a138aea6f45f02505,mbpp,body_first,30,toward,1.0,-1.850853443145752,-0.4914783835411072,False,True
2308,77d8586601239091169c53f8e476e101c1dcdf3d670c983a138aea6f45f02505,mbpp,body_first,30,away,1.0,-1.850843906402588,-0.49146896600723267,False,True
2308,77d8586601239091169c53f8e476e101c1dcdf3d670c983a138aea6f45f02505,mbpp,body_first,30,random,1.0,-1.839104175567627,-0.49535420536994934,False,True
2308,77d8586601239091169c53f8e476e101c1dcdf3d670c983a138aea6f45f02505,mbpp,body_first,31,toward,0.5,-1.8508491516113281,-0.49147409200668335,False,True
2308,77d8586601239091169c53f8e476e101c1dcdf3d670c983a138aea6f45f02505,mbpp,body_first,31,away,0.5,-1.8508491516113281,-0.49147409200668335,False,True
2308,77d8586601239091169c53f8e476e101c1dcdf3d670c983a138aea6f45f02505,mbpp,body_first,31,random,0.5,-1.8508491516113281,-0.49147409200668335,False,True
2308,77d8586601239091169c53f8e476e101c1dcdf3d670c983a138aea6f45f02505,mbpp,body_first,31,toward,1.0,-1.8508491516113281,-0.49147409200668335,False,True
2308,77d8586601239091169c53f8e476e101c1dcdf3d670c983a138aea6f45f02505,mbpp,body_first,31,away,1.0,-1.8508491516113281,-0.49147409200668335,False,True
2308,77d8586601239091169c53f8e476e101c1dcdf3d670c983a138aea6f45f02505,mbpp,body_first,31,random,1.0,-1.8508491516113281,-0.49147409200668335,False,True
2308,77d8586601239091169c53f8e476e101c1dcdf3d670c983a138aea6f45f02505,mbpp,answer,0,toward,0.5,-1.8154447078704834,-0.5029447674751282,False,True
2308,77d8586601239091169c53f8e476e101c1dcdf3d670c983a138aea6f45f02505,mbpp,answer,0,away,0.5,-1.848510980606079,-0.4891359806060791,False,True
2308,77d8586601239091169c53f8e476e101c1dcdf3d670c983a138aea6f45f02505,mbpp,answer,0,random,0.5,-1.8934369087219238,-0.48718684911727905,False,True
2308,77d8586601239091169c53f8e476e101c1dcdf3d670c983a138aea6f45f02505,mbpp,answer,0,toward,1.0,-1.4659152030944824,-0.6690402030944824,False,True
2308,77d8586601239091169c53f8e476e101c1dcdf3d670c983a138aea6f45f02505,mbpp,answer,0,away,1.0,-1.9153149127960205,-0.44656485319137573,False,True
2308,77d8586601239091169c53f8e476e101c1dcdf3d670c983a138aea6f45f02505,mbpp,answer,0,random,1.0,-2.0492801666259766,-0.471155047416687,False,True
2308,77d8586601239091169c53f8e476e101c1dcdf3d670c983a138aea6f45f02505,mbpp,answer,2,toward,0.5,-1.7989674806594849,-0.5177174806594849,False,True
2308,77d8586601239091169c53f8e476e101c1dcdf3d670c983a138aea6f45f02505,mbpp,answer,2,away,0.5,-1.920041799545288,-0.45129185914993286,False,True
2308,77d8586601239091169c53f8e476e101c1dcdf3d670c983a138aea6f45f02505,mbpp,answer,2,random,0.5,-1.8107447624206543,-0.4669948220252991,False,True
2308,77d8586601239091169c53f8e476e101c1dcdf3d670c983a138aea6f45f02505,mbpp,answer,2,toward,1.0,-1.5531370639801025,-0.6156370639801025,False,True
2308,77d8586601239091169c53f8e476e101c1dcdf3d670c983a138aea6f45f02505,mbpp,answer,2,away,1.0,-2.1169214248657227,-0.4294215142726898,False,True
2308,77d8586601239091169c53f8e476e101c1dcdf3d670c983a138aea6f45f02505,mbpp,answer,2,random,1.0,-1.8167973756790161,-0.4730474054813385,False,True
2308,77d8586601239091169c53f8e476e101c1dcdf3d670c983a138aea6f45f02505,mbpp,answer,4,toward,0.5,-1.5446228981018066,-0.6383729577064514,False,True
2308,77d8586601239091169c53f8e476e101c1dcdf3d670c983a138aea6f45f02505,mbpp,answer,4,away,0.5,-2.0600056648254395,-0.40375569462776184,False,True
2308,77d8586601239091169c53f8e476e101c1dcdf3d670c983a138aea6f45f02505,mbpp,answer,4,random,0.5,-1.761802315711975,-0.5118023157119751,False,True
2308,77d8586601239091169c53f8e476e101c1dcdf3d670c983a138aea6f45f02505,mbpp,answer,4,toward,1.0,-1.4246525764465332,-0.7215275168418884,False,True
2308,77d8586601239091169c53f8e476e101c1dcdf3d670c983a138aea6f45f02505,mbpp,answer,4,away,1.0,-1.9565702676773071,-0.37844526767730713,False,True
2308,77d8586601239091169c53f8e476e101c1dcdf3d670c983a138aea6f45f02505,mbpp,answer,4,random,1.0,-1.5976465940475464,-0.5976465940475464,False,True
2308,77d8586601239091169c53f8e476e101c1dcdf3d670c983a138aea6f45f02505,mbpp,answer,6,toward,0.5,-1.6226253509521484,-0.5757503509521484,False,True
2308,77d8586601239091169c53f8e476e101c1dcdf3d670c983a138aea6f45f02505,mbpp,answer,6,away,0.5,-2.1380152702331543,-0.3723902404308319,False,True
2308,77d8586601239091169c53f8e476e101c1dcdf3d670c983a138aea6f45f02505,mbpp,answer,6,random,0.5,-1.8566515445709229,-0.4972766041755676,False,True
2308,77d8586601239091169c53f8e476e101c1dcdf3d670c983a138aea6f45f02505,mbpp,answer,6,toward,1.0,-1.3898673057556152,-0.7179922461509705,False,True
2308,77d8586601239091169c53f8e476e101c1dcdf3d670c983a138aea6f45f02505,mbpp,answer,6,away,1.0,-2.4098072052001953,-0.23793214559555054,False,False
2308,77d8586601239091169c53f8e476e101c1dcdf3d670c983a138aea6f45f02505,mbpp,answer,6,random,1.0,-1.90711510181427,-0.50086510181427,False,True
2308,77d8586601239091169c53f8e476e101c1dcdf3d670c983a138aea6f45f02505,mbpp,answer,8,toward,0.5,-1.4404518604278564,-0.6592018604278564,False,True
2308,77d8586601239091169c53f8e476e101c1dcdf3d670c983a138aea6f45f02505,mbpp,answer,8,away,0.5,-2.287442445755005,-0.3811923563480377,False,True
2308,77d8586601239091169c53f8e476e101c1dcdf3d670c983a138aea6f45f02505,mbpp,answer,8,random,0.5,-1.8949780464172363,-0.47310304641723633,False,True
2308,77d8586601239091169c53f8e476e101c1dcdf3d670c983a138aea6f45f02505,mbpp,answer,8,toward,1.0,-1.2815816402435303,-0.765956699848175,False,True
2308,77d8586601239091169c53f8e476e101c1dcdf3d670c983a138aea6f45f02505,mbpp,answer,8,away,1.0,-2.41672682762146,-0.3542267382144928,False,True
2308,77d8586601239091169c53f8e476e101c1dcdf3d670c983a138aea6f45f02505,mbpp,answer,8,random,1.0,-2.0269289016723633,-0.41755402088165283,False,True
2308,77d8586601239091169c53f8e476e101c1dcdf3d670c983a138aea6f45f02505,mbpp,answer,10,toward,0.5,-1.3169265985488892,-0.6138015985488892,False,True
2308,77d8586601239091169c53f8e476e101c1dcdf3d670c983a138aea6f45f02505,mbpp,answer,10,away,0.5,-2.339059591293335,-0.43280962109565735,False,True
2308,77d8586601239091169c53f8e476e101c1dcdf3d670c983a138aea6f45f02505,mbpp,answer,10,random,0.5,-1.8077692985534668,-0.5890192985534668,False,True
2308,77d8586601239091169c53f8e476e101c1dcdf3d670c983a138aea6f45f02505,mbpp,answer,10,toward,1.0,-1.6214942932128906,-0.3871192932128906,False,True
2308,77d8586601239091169c53f8e476e101c1dcdf3d670c983a138aea6f45f02505,mbpp,answer,10,away,1.0,-2.8538942337036133,-0.3851441740989685,False,False
2308,77d8586601239091169c53f8e476e101c1dcdf3d670c983a138aea6f45f02505,mbpp,answer,10,random,1.0,-1.9633527994155884,-0.7133527994155884,False,True
2308,77d8586601239091169c53f8e476e101c1dcdf3d670c983a138aea6f45f02505,mbpp,answer,12,toward,0.5,-1.1186628341674805,-0.7436627745628357,False,True
2308,77d8586601239091169c53f8e476e101c1dcdf3d670c983a138aea6f45f02505,mbpp,answer,12,away,0.5,-2.735067129135132,-0.2975671887397766,False,True
2308,77d8586601239091169c53f8e476e101c1dcdf3d670c983a138aea6f45f02505,mbpp,answer,12,random,0.5,-2.0870580673217773,-0.4620579481124878,False,True
2308,77d8586601239091169c53f8e476e101c1dcdf3d670c983a138aea6f45f02505,mbpp,answer,12,toward,1.0,-0.8205845355987549,-0.8987095355987549,True,False
2308,77d8586601239091169c53f8e476e101c1dcdf3d670c983a138aea6f45f02505,mbpp,answer,12,away,1.0,-3.410731554031372,-0.17635658383369446,False,True
2308,77d8586601239091169c53f8e476e101c1dcdf3d670c983a138aea6f45f02505,mbpp,answer,12,random,1.0,-2.6096034049987793,-0.31272849440574646,False,False
2308,77d8586601239091169c53f8e476e101c1dcdf3d670c983a138aea6f45f02505,mbpp,answer,14,toward,0.5,-1.1026270389556885,-0.8682519793510437,False,True
2308,77d8586601239091169c53f8e476e101c1dcdf3d670c983a138aea6f45f02505,mbpp,answer,14,away,0.5,-2.4785022735595703,-0.44725221395492554,False,True
2308,77d8586601239091169c53f8e476e101c1dcdf3d670c983a138aea6f45f02505,mbpp,answer,14,random,0.5,-1.7526922225952148,-0.42456725239753723,False,True
2308,77d8586601239091169c53f8e476e101c1dcdf3d670c983a138aea6f45f02505,mbpp,answer,14,toward,1.0,-0.9333847165107727,-1.480259656906128,True,False
2308,77d8586601239091169c53f8e476e101c1dcdf3d670c983a138aea6f45f02505,mbpp,answer,14,away,1.0,-2.2413864135742188,-0.8038862943649292,False,False
2308,77d8586601239091169c53f8e476e101c1dcdf3d670c983a138aea6f45f02505,mbpp,answer,14,random,1.0,-1.9582539796829224,-0.33325400948524475,False,False
2308,77d8586601239091169c53f8e476e101c1dcdf3d670c983a138aea6f45f02505,mbpp,answer,16,toward,0.5,-1.5175564289093018,-0.6738064885139465,False,True
2308,77d8586601239091169c53f8e476e101c1dcdf3d670c983a138aea6f45f02505,mbpp,answer,16,away,0.5,-2.6044909954071045,-0.4013659358024597,False,True
2308,77d8586601239091169c53f8e476e101c1dcdf3d670c983a138aea6f45f02505,mbpp,answer,16,random,0.5,-1.746929407119751,-0.4344293475151062,False,True
2308,77d8586601239091169c53f8e476e101c1dcdf3d670c983a138aea6f45f02505,mbpp,answer,16,toward,1.0,-1.3636322021484375,-0.8011322021484375,False,True
2308,77d8586601239091169c53f8e476e101c1dcdf3d670c983a138aea6f45f02505,mbpp,answer,16,away,1.0,-2.612760305404663,-0.45651039481163025,False,True
2308,77d8586601239091169c53f8e476e101c1dcdf3d670c983a138aea6f45f02505,mbpp,answer,16,random,1.0,-2.071991205215454,-0.2907412052154541,False,False
2308,77d8586601239091169c53f8e476e101c1dcdf3d670c983a138aea6f45f02505,mbpp,answer,18,toward,0.5,-1.9223616123199463,-0.4692366123199463,False,True
2308,77d8586601239091169c53f8e476e101c1dcdf3d670c983a138aea6f45f02505,mbpp,answer,18,away,0.5,-2.4959020614624023,-0.48027706146240234,False,False
2308,77d8586601239091169c53f8e476e101c1dcdf3d670c983a138aea6f45f02505,mbpp,answer,18,random,0.5,-2.6770119667053223,-0.3020120859146118,False,True
2308,77d8586601239091169c53f8e476e101c1dcdf3d670c983a138aea6f45f02505,mbpp,answer,18,toward,1.0,-2.273622512817383,-0.42987260222435,False,True
2308,77d8586601239091169c53f8e476e101c1dcdf3d670c983a138aea6f45f02505,mbpp,answer,18,away,1.0,-2.395336151123047,-0.5828361511230469,False,True
2308,77d8586601239091169c53f8e476e101c1dcdf3d670c983a138aea6f45f02505,mbpp,answer,18,random,1.0,-3.0324394702911377,-0.21993951499462128,False,True
2308,77d8586601239091169c53f8e476e101c1dcdf3d670c983a138aea6f45f02505,mbpp,answer,20,toward,0.5,-2.625868558883667,-0.37586861848831177,False,True
2308,77d8586601239091169c53f8e476e101c1dcdf3d670c983a138aea6f45f02505,mbpp,answer,20,away,0.5,-1.942314863204956,-0.5985649228096008,False,True
2308,77d8586601239091169c53f8e476e101c1dcdf3d670c983a138aea6f45f02505,mbpp,answer,20,random,0.5,-2.3796849250793457,-0.3796849250793457,False,True
2308,77d8586601239091169c53f8e476e101c1dcdf3d670c983a138aea6f45f02505,mbpp,answer,20,toward,1.0,-3.524268388748169,-0.35239335894584656,False,True
2308,77d8586601239091169c53f8e476e101c1dcdf3d670c983a138aea6f45f02505,mbpp,answer,20,away,1.0,-1.3885681629180908,-0.9510681629180908,False,True
2308,77d8586601239091169c53f8e476e101c1dcdf3d670c983a138aea6f45f02505,mbpp,answer,20,random,1.0,-2.787320137023926,-0.30294516682624817,False,True
2308,77d8586601239091169c53f8e476e101c1dcdf3d670c983a138aea6f45f02505,mbpp,answer,22,toward,0.5,-2.93471622467041,-0.35659125447273254,False,True
2308,77d8586601239091169c53f8e476e101c1dcdf3d670c983a138aea6f45f02505,mbpp,answer,22,away,0.5,-1.1369596719741821,-0.7775846719741821,False,True
2308,77d8586601239091169c53f8e476e101c1dcdf3d670c983a138aea6f45f02505,mbpp,answer,22,random,0.5,-2.0544843673706055,-0.3513593375682831,False,True
2308,77d8586601239091169c53f8e476e101c1dcdf3d670c983a138aea6f45f02505,mbpp,answer,22,toward,1.0,-3.5603506565093994,-0.3416007161140442,False,True
2308,77d8586601239091169c53f8e476e101c1dcdf3d670c983a138aea6f45f02505,mbpp,answer,22,away,1.0,-0.6921036243438721,-1.082728624343872,True,False
2308,77d8586601239091169c53f8e476e101c1dcdf3d670c983a138aea6f45f02505,mbpp,answer,22,random,1.0,-2.976787805557251,-0.2111627757549286,False,True
2308,77d8586601239091169c53f8e476e101c1dcdf3d670c983a138aea6f45f02505,mbpp,answer,24,toward,0.5,-2.516155481338501,-0.40678054094314575,False,True
2308,77d8586601239091169c53f8e476e101c1dcdf3d670c983a138aea6f45f02505,mbpp,answer,24,away,0.5,-0.8965935707092285,-0.8497185707092285,False,True
2308,77d8586601239091169c53f8e476e101c1dcdf3d670c983a138aea6f45f02505,mbpp,answer,24,random,0.5,-2.1944985389709473,-0.4913735091686249,False,True
2308,77d8586601239091169c53f8e476e101c1dcdf3d670c983a138aea6f45f02505,mbpp,answer,24,toward,1.0,-2.899142265319824,-0.39914217591285706,False,True
2308,77d8586601239091169c53f8e476e101c1dcdf3d670c983a138aea6f45f02505,mbpp,answer,24,away,1.0,-0.3580932915210724,-1.40496826171875,False,False
2308,77d8586601239091169c53f8e476e101c1dcdf3d670c983a138aea6f45f02505,mbpp,answer,24,random,1.0,-2.4405834674835205,-0.5499585270881653,False,True
2308,77d8586601239091169c53f8e476e101c1dcdf3d670c983a138aea6f45f02505,mbpp,answer,26,toward,0.5,-2.238499402999878,-0.4416244626045227,False,True
2308,77d8586601239091169c53f8e476e101c1dcdf3d670c983a138aea6f45f02505,mbpp,answer,26,away,0.5,-1.5119835138320923,-0.6994835138320923,False,True
2308,77d8586601239091169c53f8e476e101c1dcdf3d670c983a138aea6f45f02505,mbpp,answer,26,random,0.5,-1.459890365600586,-0.5223903059959412,False,True
2308,77d8586601239091169c53f8e476e101c1dcdf3d670c983a138aea6f45f02505,mbpp,answer,26,toward,1.0,-2.3395349979400635,-0.49578502774238586,False,True
2308,77d8586601239091169c53f8e476e101c1dcdf3d670c983a138aea6f45f02505,mbpp,answer,26,away,1.0,-1.7401456832885742,-0.9588956236839294,False,True
2308,77d8586601239091169c53f8e476e101c1dcdf3d670c983a138aea6f45f02505,mbpp,answer,26,random,1.0,-1.404158115386963,-0.4666581153869629,False,True
2308,77d8586601239091169c53f8e476e101c1dcdf3d670c983a138aea6f45f02505,mbpp,answer,28,toward,0.5,-2.1088461875915527,-0.4838463068008423,False,True
2308,77d8586601239091169c53f8e476e101c1dcdf3d670c983a138aea6f45f02505,mbpp,answer,28,away,0.5,-1.624759316444397,-0.562259316444397,False,True
2308,77d8586601239091169c53f8e476e101c1dcdf3d670c983a138aea6f45f02505,mbpp,answer,28,random,0.5,-2.331874132156372,-0.3318740725517273,False,True
2308,77d8586601239091169c53f8e476e101c1dcdf3d670c983a138aea6f45f02505,mbpp,answer,28,toward,1.0,-2.2508585453033447,-0.5946085453033447,False,True
2308,77d8586601239091169c53f8e476e101c1dcdf3d670c983a138aea6f45f02505,mbpp,answer,28,away,1.0,-1.7611682415008545,-0.6049182415008545,False,True
2308,77d8586601239091169c53f8e476e101c1dcdf3d670c983a138aea6f45f02505,mbpp,answer,28,random,1.0,-2.8427178859710693,-0.23334288597106934,False,True
2308,77d8586601239091169c53f8e476e101c1dcdf3d670c983a138aea6f45f02505,mbpp,answer,30,toward,0.5,-2.175924301147461,-0.4571743607521057,False,True
2308,77d8586601239091169c53f8e476e101c1dcdf3d670c983a138aea6f45f02505,mbpp,answer,30,away,0.5,-1.7403827905654907,-0.5685077905654907,False,True
2308,77d8586601239091169c53f8e476e101c1dcdf3d670c983a138aea6f45f02505,mbpp,answer,30,random,0.5,-2.0343775749206543,-0.4250025451183319,False,True
2308,77d8586601239091169c53f8e476e101c1dcdf3d670c983a138aea6f45f02505,mbpp,answer,30,toward,1.0,-2.439606189727783,-0.611481249332428,False,True
2308,77d8586601239091169c53f8e476e101c1dcdf3d670c983a138aea6f45f02505,mbpp,answer,30,away,1.0,-1.9185724258422852,-0.8248224258422852,False,True
2308,77d8586601239091169c53f8e476e101c1dcdf3d670c983a138aea6f45f02505,mbpp,answer,30,random,1.0,-2.2165260314941406,-0.3415259122848511,False,True
2308,77d8586601239091169c53f8e476e101c1dcdf3d670c983a138aea6f45f02505,mbpp,answer,31,toward,0.5,-2.2238078117370605,-1.161307692527771,False,True
2308,77d8586601239091169c53f8e476e101c1dcdf3d670c983a138aea6f45f02505,mbpp,answer,31,away,0.5,-1.9464043378829956,-0.446404367685318,False,True
2308,77d8586601239091169c53f8e476e101c1dcdf3d670c983a138aea6f45f02505,mbpp,answer,31,random,0.5,-2.1171348094940186,-0.4921348989009857,False,True
2308,77d8586601239091169c53f8e476e101c1dcdf3d670c983a138aea6f45f02505,mbpp,answer,31,toward,1.0,-5.362390041351318,-4.557702541351318,False,False
2308,77d8586601239091169c53f8e476e101c1dcdf3d670c983a138aea6f45f02505,mbpp,answer,31,away,1.0,-1.9524306058883667,-0.6711806058883667,False,True
2308,77d8586601239091169c53f8e476e101c1dcdf3d670c983a138aea6f45f02505,mbpp,answer,31,random,1.0,-2.2490057945251465,-0.6552556753158569,False,True
2313,c1022f89032529dbb1b58f5318cafa58c23a3b1cdcfb10c68993717d4365ddb2,mbpp,baseline,-1,none,0.0,-1.7402364015579224,-0.22461141645908356,False,True
2313,c1022f89032529dbb1b58f5318cafa58c23a3b1cdcfb10c68993717d4365ddb2,mbpp,if,0,toward,0.5,-1.8429738283157349,-0.20234882831573486,False,True
2313,c1022f89032529dbb1b58f5318cafa58c23a3b1cdcfb10c68993717d4365ddb2,mbpp,if,0,away,0.5,-1.4350757598876953,-0.3100758194923401,False,True
2313,c1022f89032529dbb1b58f5318cafa58c23a3b1cdcfb10c68993717d4365ddb2,mbpp,if,0,random,0.5,-1.752356767654419,-0.22110672295093536,False,True
2313,c1022f89032529dbb1b58f5318cafa58c23a3b1cdcfb10c68993717d4365ddb2,mbpp,if,0,toward,1.0,-1.5301786661148071,-0.31142863631248474,False,True
2313,c1022f89032529dbb1b58f5318cafa58c23a3b1cdcfb10c68993717d4365ddb2,mbpp,if,0,away,1.0,-1.6164494752883911,-0.2726994454860687,False,True
2313,c1022f89032529dbb1b58f5318cafa58c23a3b1cdcfb10c68993717d4365ddb2,mbpp,if,0,random,1.0,-1.6548454761505127,-0.2642205059528351,False,True
2313,c1022f89032529dbb1b58f5318cafa58c23a3b1cdcfb10c68993717d4365ddb2,mbpp,if,2,toward,0.5,-1.82026207447052,-0.2108870893716812,False,True
2313,c1022f89032529dbb1b58f5318cafa58c23a3b1cdcfb10c68993717d4365ddb2,mbpp,if,2,away,0.5,-1.7712960243225098,-0.24004606902599335,False,True
2313,c1022f89032529dbb1b58f5318cafa58c23a3b1cdcfb10c68993717d4365ddb2,mbpp,if,2,random,0.5,-1.6045383214950562,-0.26078832149505615,False,True
2313,c1022f89032529dbb1b58f5318cafa58c23a3b1cdcfb10c68993717d4365ddb2,mbpp,if,2,toward,1.0,-1.5803735256195068,-0.2678735554218292,False,True
2313,c1022f89032529dbb1b58f5318cafa58c23a3b1cdcfb10c68993717d4365ddb2,mbpp,if,2,away,1.0,-1.7456926107406616,-0.24569261074066162,False,True
2313,c1022f89032529dbb1b58f5318cafa58c23a3b1cdcfb10c68993717d4365ddb2,mbpp,if,2,random,1.0,-1.5666166543960571,-0.28536665439605713,False,True
2313,c1022f89032529dbb1b58f5318cafa58c23a3b1cdcfb10c68993717d4365ddb2,mbpp,if,4,toward,0.5,-1.1158596277236938,-0.44398465752601624,False,True
2313,c1022f89032529dbb1b58f5318cafa58c23a3b1cdcfb10c68993717d4365ddb2,mbpp,if,4,away,0.5,-1.8756221532821655,-0.2193721979856491,False,True
2313,c1022f89032529dbb1b58f5318cafa58c23a3b1cdcfb10c68993717d4365ddb2,mbpp,if,4,random,0.5,-1.7035874128341675,-0.23483744263648987,False,True
2313,c1022f89032529dbb1b58f5318cafa58c23a3b1cdcfb10c68993717d4365ddb2,mbpp,if,4,toward,1.0,-1.739869236946106,-0.25549420714378357,False,True
2313,c1022f89032529dbb1b58f5318cafa58c23a3b1cdcfb10c68993717d4365ddb2,mbpp,if,4,away,1.0,-1.9067589044570923,-0.2036338895559311,False,True
2313,c1022f89032529dbb1b58f5318cafa58c23a3b1cdcfb10c68993717d4365ddb2,mbpp,if,4,random,1.0,-1.4763789176940918,-0.3045039772987366,False,True
2313,c1022f89032529dbb1b58f5318cafa58c23a3b1cdcfb10c68993717d4365ddb2,mbpp,if,6,toward,0.5,-1.0252552032470703,-0.4940052330493927,False,True
2313,c1022f89032529dbb1b58f5318cafa58c23a3b1cdcfb10c68993717d4365ddb2,mbpp,if,6,away,0.5,-2.13836407661438,-0.15398909151554108,False,True
2313,c1022f89032529dbb1b58f5318cafa58c23a3b1cdcfb10c68993717d4365ddb2,mbpp,if,6,random,0.5,-1.4556102752685547,-0.2993603050708771,False,True
2313,c1022f89032529dbb1b58f5318cafa58c23a3b1cdcfb10c68993717d4365ddb2,mbpp,if,6,toward,1.0,-0.9389386177062988,-0.5483136177062988,False,True
2313,c1022f89032529dbb1b58f5318cafa58c23a3b1cdcfb10c68993717d4365ddb2,mbpp,if,6,away,1.0,-2.3403055667877197,-0.13718046247959137,False,True
2313,c1022f89032529dbb1b58f5318cafa58c23a3b1cdcfb10c68993717d4365ddb2,mbpp,if,6,random,1.0,-1.3268977403640747,-0.3425227403640747,False,True
2313,c1022f89032529dbb1b58f5318cafa58c23a3b1cdcfb10c68993717d4365ddb2,mbpp,if,8,toward,0.5,-1.3651832342147827,-0.3339332342147827,False,True
2313,c1022f89032529dbb1b58f5318cafa58c23a3b1cdcfb10c68993717d4365ddb2,mbpp,if,8,away,0.5,-2.1102843284606934,-0.15715928375720978,False,True
2313,c1022f89032529dbb1b58f5318cafa58c23a3b1cdcfb10c68993717d4365ddb2,mbpp,if,8,random,0.5,-1.6000359058380127,-0.2562859356403351,False,True
2313,c1022f89032529dbb1b58f5318cafa58c23a3b1cdcfb10c68993717d4365ddb2,mbpp,if,8,toward,1.0,-1.1894702911376953,-0.4082202911376953,False,True
2313,c1022f89032529dbb1b58f5318cafa58c23a3b1cdcfb10c68993717d4365ddb2,mbpp,if,8,away,1.0,-2.442690849304199,-0.11456578224897385,False,True
2313,c1022f89032529dbb1b58f5318cafa58c23a3b1cdcfb10c68993717d4365ddb2,mbpp,if,8,random,1.0,-1.4779322147369385,-0.2904321551322937,False,True
2313,c1022f89032529dbb1b58f5318cafa58c23a3b1cdcfb10c68993717d4365ddb2,mbpp,if,10,toward,0.5,-1.5106616020202637,-0.2919115722179413,False,True
2313,c1022f89032529dbb1b58f5318cafa58c23a3b1cdcfb10c68993717d4365ddb2,mbpp,if,10,away,0.5,-2.0377297401428223,-0.16272971034049988,False,True
2313,c1022f89032529dbb1b58f5318cafa58c23a3b1cdcfb10c68993717d4365ddb2,mbpp,if,10,random,0.5,-2.094984769821167,-0.15748471021652222,False,True
2313,c1022f89032529dbb1b58f5318cafa58c23a3b1cdcfb10c68993717d4365ddb2,mbpp,if,10,toward,1.0,-1.452201008796692,-0.3115759789943695,False,True
2313,c1022f89032529dbb1b58f5318cafa58c23a3b1cdcfb10c68993717d4365ddb2,mbpp,if,10,away,1.0,-2.382068634033203,-0.11644360423088074,False,True
2313,c1022f89032529dbb1b58f5318cafa58c23a3b1cdcfb10c68993717d4365ddb2,mbpp,if,10,random,1.0,-2.5126941204071045,-0.10644401609897614,False,True
2313,c1022f89032529dbb1b58f5318cafa58c23a3b1cdcfb10c68993717d4365ddb2,mbpp,if,12,toward,0.5,-1.3519636392593384,-0.336338609457016,False,True
2313,c1022f89032529dbb1b58f5318cafa58c23a3b1cdcfb10c68993717d4365ddb2,mbpp,if,12,away,0.5,-2.3571279048919678,-0.12275287508964539,False,True
2313,c1022f89032529dbb1b58f5318cafa58c23a3b1cdcfb10c68993717d4365ddb2,mbpp,if,12,random,0.5,-1.7411397695541382,-0.2255147248506546,False,True
2313,c1022f89032529dbb1b58f5318cafa58c23a3b1cdcfb10c68993717d4365ddb2,mbpp,if,12,toward,1.0,-1.306203842163086,-0.3530789017677307,False,True
2313,c1022f89032529dbb1b58f5318cafa58c23a3b1cdcfb10c68993717d4365ddb2,mbpp,if,12,away,1.0,-2.5415468215942383,-0.10404670238494873,False,True
2313,c1022f89032529dbb1b58f5318cafa58c23a3b1cdcfb10c68993717d4365ddb2,mbpp,if,12,random,1.0,-1.9360922574996948,-0.18609222769737244,False,True
2313,c1022f89032529dbb1b58f5318cafa58c23a3b1cdcfb10c68993717d4365ddb2,mbpp,if,14,toward,0.5,-1.5413947105407715,-0.2757696509361267,False,True
2313,c1022f89032529dbb1b58f5318cafa58c23a3b1cdcfb10c68993717d4365ddb2,mbpp,if,14,away,0.5,-2.055227279663086,-0.16460232436656952,False,True
2313,c1022f89032529dbb1b58f5318cafa58c23a3b1cdcfb10c68993717d4365ddb2,mbpp,if,14,random,0.5,-1.7660155296325684,-0.21914051473140717,False,True
2313,c1022f89032529dbb1b58f5318cafa58c23a3b1cdcfb10c68993717d4365ddb2,mbpp,if,14,toward,1.0,-1.6038011312484741,-0.26005110144615173,False,True
2313,c1022f89032529dbb1b58f5318cafa58c23a3b1cdcfb10c68993717d4365ddb2,mbpp,if,14,away,1.0,-2.015814781188965,-0.1720648556947708,False,True
2313,c1022f89032529dbb1b58f5318cafa58c23a3b1cdcfb10c68993717d4365ddb2,mbpp,if,14,random,1.0,-1.872159481048584,-0.2002844661474228,False,True
2313,c1022f89032529dbb1b58f5318cafa58c23a3b1cdcfb10c68993717d4365ddb2,mbpp,if,16,toward,0.5,-1.6903365850448608,-0.23721154034137726,False,True
2313,c1022f89032529dbb1b58f5318cafa58c23a3b1cdcfb10c68993717d4365ddb2,mbpp,if,16,away,0.5,-1.7777206897735596,-0.21522068977355957,False,True
2313,c1022f89032529dbb1b58f5318cafa58c23a3b1cdcfb10c68993717d4365ddb2,mbpp,if,16,random,0.5,-1.7658607959747314,-0.21898576617240906,False,True
2313,c1022f89032529dbb1b58f5318cafa58c23a3b1cdcfb10c68993717d4365ddb2,mbpp,if,16,toward,1.0,-1.6536457538604736,-0.24739569425582886,False,True
2313,c1022f89032529dbb1b58f5318cafa58c23a3b1cdcfb10c68993717d4365ddb2,mbpp,if,16,away,1.0,-1.7906500101089478,-0.21252505481243134,False,True
2313,c1022f89032529dbb1b58f5318cafa58c23a3b1cdcfb10c68993717d4365ddb2,mbpp,if,16,random,1.0,-1.791642665863037,-0.2135177105665207,False,True
2313,c1022f89032529dbb1b58f5318cafa58c23a3b1cdcfb10c68993717d4365ddb2,mbpp,if,18,toward,0.5,-1.7414090633392334,-0.22578412294387817,False,True
2313,c1022f89032529dbb1b58f5318cafa58c23a3b1cdcfb10c68993717d4365ddb2,mbpp,if,18,away,0.5,-1.714517593383789,-0.23014262318611145,False,True
2313,c1022f89032529dbb1b58f5318cafa58c23a3b1cdcfb10c68993717d4365ddb2,mbpp,if,18,random,0.5,-1.7397010326385498,-0.22407600283622742,False,True
2313,c1022f89032529dbb1b58f5318cafa58c23a3b1cdcfb10c68993717d4365ddb2,mbpp,if,18,toward,1.0,-1.7679388523101807,-0.22106391191482544,False,True
2313,c1022f89032529dbb1b58f5318cafa58c23a3b1cdcfb10c68993717d4365ddb2,mbpp,if,18,away,1.0,-1.701331377029419,-0.23258136212825775,False,True
2313,c1022f89032529dbb1b58f5318cafa58c23a3b1cdcfb10c68993717d4365ddb2,mbpp,if,18,random,1.0,-1.7269947528839111,-0.22699469327926636,False,True
2313,c1022f89032529dbb1b58f5318cafa58c23a3b1cdcfb10c68993717d4365ddb2,mbpp,if,20,toward,0.5,-1.7407312393188477,-0.22510619461536407,False,True
2313,c1022f89032529dbb1b58f5318cafa58c23a3b1cdcfb10c68993717d4365ddb2,mbpp,if,20,away,0.5,-1.7273859977722168,-0.227386012673378,False,True
2313,c1022f89032529dbb1b58f5318cafa58c23a3b1cdcfb10c68993717d4365ddb2,mbpp,if,20,random,0.5,-1.7533819675445557,-0.22213195264339447,False,True
2313,c1022f89032529dbb1b58f5318cafa58c23a3b1cdcfb10c68993717d4365ddb2,mbpp,if,20,toward,1.0,-1.7280598878860474,-0.22805984318256378,False,True
2313,c1022f89032529dbb1b58f5318cafa58c23a3b1cdcfb10c68993717d4365ddb2,mbpp,if,20,away,1.0,-1.7394143342971802,-0.22378936409950256,False,True
2313,c1022f89032529dbb1b58f5318cafa58c23a3b1cdcfb10c68993717d4365ddb2,mbpp,if,20,random,1.0,-1.7666008472442627,-0.2197258472442627,False,True
2313,c1022f89032529dbb1b58f5318cafa58c23a3b1cdcfb10c68993717d4365ddb2,mbpp,if,22,toward,0.5,-1.740544319152832,-0.22491933405399323,False,True
2313,c1022f89032529dbb1b58f5318cafa58c23a3b1cdcfb10c68993717d4365ddb2,mbpp,if,22,away,0.5,-1.7276005744934082,-0.22760061919689178,False,True
2313,c1022f89032529dbb1b58f5318cafa58c23a3b1cdcfb10c68993717d4365ddb2,mbpp,if,22,random,0.5,-1.7290165424346924,-0.22901654243469238,False,True
2313,c1022f89032529dbb1b58f5318cafa58c23a3b1cdcfb10c68993717d4365ddb2,mbpp,if,22,toward,1.0,-1.7401922941207886,-0.22456732392311096,False,True
2313,c1022f89032529dbb1b58f5318cafa58c23a3b1cdcfb10c68993717d4365ddb2,mbpp,if,22,away,1.0,-1.7277790307998657,-0.22777900099754333,False,True
2313,c1022f89032529dbb1b58f5318cafa58c23a3b1cdcfb10c68993717d4365ddb2,mbpp,if,22,random,1.0,-1.7421283721923828,-0.22650332748889923,False,True
2313,c1022f89032529dbb1b58f5318cafa58c23a3b1cdcfb10c68993717d4365ddb2,mbpp,if,24,toward,0.5,-1.7401971817016602,-0.22457218170166016,False,True
2313,c1022f89032529dbb1b58f5318cafa58c23a3b1cdcfb10c68993717d4365ddb2,mbpp,if,24,away,0.5,-1.7401213645935059,-0.22449637949466705,False,True
2313,c1022f89032529dbb1b58f5318cafa58c23a3b1cdcfb10c68993717d4365ddb2,mbpp,if,24,random,0.5,-1.7654459476470947,-0.21857093274593353,False,True
2313,c1022f89032529dbb1b58f5318cafa58c23a3b1cdcfb10c68993717d4365ddb2,mbpp,if,24,toward,1.0,-1.7402842044830322,-0.22465921938419342,False,True
2313,c1022f89032529dbb1b58f5318cafa58c23a3b1cdcfb10c68993717d4365ddb2,mbpp,if,24,away,1.0,-1.7399598360061646,-0.22433483600616455,False,True
2313,c1022f89032529dbb1b58f5318cafa58c23a3b1cdcfb10c68993717d4365ddb2,mbpp,if,24,random,1.0,-1.7665505409240723,-0.21967551112174988,False,True
2313,c1022f89032529dbb1b58f5318cafa58c23a3b1cdcfb10c68993717d4365ddb2,mbpp,if,26,toward,0.5,-1.7401354312896729,-0.22451047599315643,False,True
2313,c1022f89032529dbb1b58f5318cafa58c23a3b1cdcfb10c68993717d4365ddb2,mbpp,if,26,away,0.5,-1.753174066543579,-0.22192411124706268,False,True
2313,c1022f89032529dbb1b58f5318cafa58c23a3b1cdcfb10c68993717d4365ddb2,mbpp,if,26,random,0.5,-1.7652475833892822,-0.21837259829044342,False,True
2313,c1022f89032529dbb1b58f5318cafa58c23a3b1cdcfb10c68993717d4365ddb2,mbpp,if,26,toward,1.0,-1.7653785943984985,-0.21850357949733734,False,True
2313,c1022f89032529dbb1b58f5318cafa58c23a3b1cdcfb10c68993717d4365ddb2,mbpp,if,26,away,1.0,-1.7529802322387695,-0.22173026204109192,False,True
2313,c1022f89032529dbb1b58f5318cafa58c23a3b1cdcfb10c68993717d4365ddb2,mbpp,if,26,random,1.0,-1.7775814533233643,-0.21508139371871948,False,True
2313,c1022f89032529dbb1b58f5318cafa58c23a3b1cdcfb10c68993717d4365ddb2,mbpp,if,28,toward,0.5,-1.752691388130188,-0.22144141793251038,False,True
2313,c1022f89032529dbb1b58f5318cafa58c23a3b1cdcfb10c68993717d4365ddb2,mbpp,if,28,away,0.5,-1.7653473615646362,-0.21847234666347504,False,True
2313,c1022f89032529dbb1b58f5318cafa58c23a3b1cdcfb10c68993717d4365ddb2,mbpp,if,28,random,0.5,-1.7654097080230713,-0.2185347080230713,False,True
2313,c1022f89032529dbb1b58f5318cafa58c23a3b1cdcfb10c68993717d4365ddb2,mbpp,if,28,toward,1.0,-1.7523384094238281,-0.22108837962150574,False,True
2313,c1022f89032529dbb1b58f5318cafa58c23a3b1cdcfb10c68993717d4365ddb2,mbpp,if,28,away,1.0,-1.7777293920516968,-0.21522943675518036,False,True
2313,c1022f89032529dbb1b58f5318cafa58c23a3b1cdcfb10c68993717d4365ddb2,mbpp,if,28,random,1.0,-1.764931321144104,-0.218056321144104,False,True
2313,c1022f89032529dbb1b58f5318cafa58c23a3b1cdcfb10c68993717d4365ddb2,mbpp,if,30,toward,0.5,-1.740119457244873,-0.22449447214603424,False,True
2313,c1022f89032529dbb1b58f5318cafa58c23a3b1cdcfb10c68993717d4365ddb2,mbpp,if,30,away,0.5,-1.7404249906539917,-0.22479994595050812,False,True
2313,c1022f89032529dbb1b58f5318cafa58c23a3b1cdcfb10c68993717d4365ddb2,mbpp,if,30,random,0.5,-1.7402276992797852,-0.22460265457630157,False,True
2313,c1022f89032529dbb1b58f5318cafa58c23a3b1cdcfb10c68993717d4365ddb2,mbpp,if,30,toward,1.0,-1.7402520179748535,-0.2246270328760147,False,True
2313,c1022f89032529dbb1b58f5318cafa58c23a3b1cdcfb10c68993717d4365ddb2,mbpp,if,30,away,1.0,-1.7404776811599731,-0.22485269606113434,False,True
2313,c1022f89032529dbb1b58f5318cafa58c23a3b1cdcfb10c68993717d4365ddb2,mbpp,if,30,random,1.0,-1.7529569864273071,-0.22170695662498474,False,True
2313,c1022f89032529dbb1b58f5318cafa58c23a3b1cdcfb10c68993717d4365ddb2,mbpp,if,31,toward,0.5,-1.7402364015579224,-0.22461141645908356,False,True
2313,c1022f89032529dbb1b58f5318cafa58c23a3b1cdcfb10c68993717d4365ddb2,mbpp,if,31,away,0.5,-1.7402364015579224,-0.22461141645908356,False,True
2313,c1022f89032529dbb1b58f5318cafa58c23a3b1cdcfb10c68993717d4365ddb2,mbpp,if,31,random,0.5,-1.7402364015579224,-0.22461141645908356,False,True
2313,c1022f89032529dbb1b58f5318cafa58c23a3b1cdcfb10c68993717d4365ddb2,mbpp,if,31,toward,1.0,-1.7402364015579224,-0.22461141645908356,False,True
2313,c1022f89032529dbb1b58f5318cafa58c23a3b1cdcfb10c68993717d4365ddb2,mbpp,if,31,away,1.0,-1.7402364015579224,-0.22461141645908356,False,True
2313,c1022f89032529dbb1b58f5318cafa58c23a3b1cdcfb10c68993717d4365ddb2,mbpp,if,31,random,1.0,-1.7402364015579224,-0.22461141645908356,False,True
2313,c1022f89032529dbb1b58f5318cafa58c23a3b1cdcfb10c68993717d4365ddb2,mbpp,body_first,0,toward,0.5,-1.7654765844345093,-0.21860158443450928,False,True
2313,c1022f89032529dbb1b58f5318cafa58c23a3b1cdcfb10c68993717d4365ddb2,mbpp,body_first,0,away,0.5,-1.7400401830673218,-0.22441522777080536,False,True
2313,c1022f89032529dbb1b58f5318cafa58c23a3b1cdcfb10c68993717d4365ddb2,mbpp,body_first,0,random,0.5,-1.7526257038116455,-0.22137568891048431,False,True
2313,c1022f89032529dbb1b58f5318cafa58c23a3b1cdcfb10c68993717d4365ddb2,mbpp,body_first,0,toward,1.0,-1.7652963399887085,-0.21842136979103088,False,True
2313,c1022f89032529dbb1b58f5318cafa58c23a3b1cdcfb10c68993717d4365ddb2,mbpp,body_first,0,away,1.0,-1.740404725074768,-0.22477976977825165,False,True
2313,c1022f89032529dbb1b58f5318cafa58c23a3b1cdcfb10c68993717d4365ddb2,mbpp,body_first,0,random,1.0,-1.701993703842163,-0.2332436591386795,False,True
2313,c1022f89032529dbb1b58f5318cafa58c23a3b1cdcfb10c68993717d4365ddb2,mbpp,body_first,2,toward,0.5,-1.7019178867340088,-0.23316794633865356,False,True
2313,c1022f89032529dbb1b58f5318cafa58c23a3b1cdcfb10c68993717d4365ddb2,mbpp,body_first,2,away,0.5,-1.7910791635513306,-0.21295416355133057,False,True
2313,c1022f89032529dbb1b58f5318cafa58c23a3b1cdcfb10c68993717d4365ddb2,mbpp,body_first,2,random,0.5,-1.752734661102295,-0.22148460149765015,False,True
2313,c1022f89032529dbb1b58f5318cafa58c23a3b1cdcfb10c68993717d4365ddb2,mbpp,body_first,2,toward,1.0,-1.7154152393341064,-0.23104028403759003,False,True
2313,c1022f89032529dbb1b58f5318cafa58c23a3b1cdcfb10c68993717d4365ddb2,mbpp,body_first,2,away,1.0,-1.7522528171539307,-0.22100283205509186,False,True
2313,c1022f89032529dbb1b58f5318cafa58c23a3b1cdcfb10c68993717d4365ddb2,mbpp,body_first,2,random,1.0,-1.7665507793426514,-0.21967580914497375,False,True
2313,c1022f89032529dbb1b58f5318cafa58c23a3b1cdcfb10c68993717d4365ddb2,mbpp,body_first,4,toward,0.5,-1.7530293464660645,-0.22177934646606445,False,True
2313,c1022f89032529dbb1b58f5318cafa58c23a3b1cdcfb10c68993717d4365ddb2,mbpp,body_first,4,away,0.5,-1.7146868705749512,-0.23031193017959595,False,True
2313,c1022f89032529dbb1b58f5318cafa58c23a3b1cdcfb10c68993717d4365ddb2,mbpp,body_first,4,random,0.5,-1.7661151885986328,-0.2192401885986328,False,True
2313,c1022f89032529dbb1b58f5318cafa58c23a3b1cdcfb10c68993717d4365ddb2,mbpp,body_first,4,toward,1.0,-1.7404389381408691,-0.22481395304203033,False,True
2313,c1022f89032529dbb1b58f5318cafa58c23a3b1cdcfb10c68993717d4365ddb2,mbpp,body_first,4,away,1.0,-1.6897428035736084,-0.2366178035736084,False,True
2313,c1022f89032529dbb1b58f5318cafa58c23a3b1cdcfb10c68993717d4365ddb2,mbpp,body_first,4,random,1.0,-1.7676645517349243,-0.2207895964384079,False,True
2313,c1022f89032529dbb1b58f5318cafa58c23a3b1cdcfb10c68993717d4365ddb2,mbpp,body_first,6,toward,0.5,-1.7281873226165771,-0.22818738222122192,False,True
2313,c1022f89032529dbb1b58f5318cafa58c23a3b1cdcfb10c68993717d4365ddb2,mbpp,body_first,6,away,0.5,-1.7522424459457397,-0.22099241614341736,False,True
2313,c1022f89032529dbb1b58f5318cafa58c23a3b1cdcfb10c68993717d4365ddb2,mbpp,body_first,6,random,0.5,-1.7022418975830078,-0.23349183797836304,False,True
2313,c1022f89032529dbb1b58f5318cafa58c23a3b1cdcfb10c68993717d4365ddb2,mbpp,body_first,6,toward,1.0,-1.7025351524353027,-0.23378513753414154,False,True
2313,c1022f89032529dbb1b58f5318cafa58c23a3b1cdcfb10c68993717d4365ddb2,mbpp,body_first,6,away,1.0,-1.7651584148406982,-0.21828347444534302,False,True
2313,c1022f89032529dbb1b58f5318cafa58c23a3b1cdcfb10c68993717d4365ddb2,mbpp,body_first,6,random,1.0,-1.6526646614074707,-0.2464146912097931,False,True
2313,c1022f89032529dbb1b58f5318cafa58c23a3b1cdcfb10c68993717d4365ddb2,mbpp,body_first,8,toward,0.5,-1.7150459289550781,-0.23067091405391693,False,True
2313,c1022f89032529dbb1b58f5318cafa58c23a3b1cdcfb10c68993717d4365ddb2,mbpp,body_first,8,away,0.5,-1.8042693138122559,-0.21051937341690063,False,True
2313,c1022f89032529dbb1b58f5318cafa58c23a3b1cdcfb10c68993717d4365ddb2,mbpp,body_first,8,random,0.5,-1.689205288887024,-0.2360803186893463,False,True
2313,c1022f89032529dbb1b58f5318cafa58c23a3b1cdcfb10c68993717d4365ddb2,mbpp,body_first,8,toward,1.0,-1.7019392251968384,-0.233189195394516,False,True
2313,c1022f89032529dbb1b58f5318cafa58c23a3b1cdcfb10c68993717d4365ddb2,mbpp,body_first,8,away,1.0,-1.8686909675598145,-0.19681599736213684,False,True
2313,c1022f89032529dbb1b58f5318cafa58c23a3b1cdcfb10c68993717d4365ddb2,mbpp,body_first,8,random,1.0,-1.6642221212387085,-0.2423471361398697,False,True
2313,c1022f89032529dbb1b58f5318cafa58c23a3b1cdcfb10c68993717d4365ddb2,mbpp,body_first,10,toward,0.5,-1.7278110980987549,-0.2278110831975937,False,True
2313,c1022f89032529dbb1b58f5318cafa58c23a3b1cdcfb10c68993717d4365ddb2,mbpp,body_first,10,away,0.5,-1.7647746801376343,-0.21789968013763428,False,True
2313,c1022f89032529dbb1b58f5318cafa58c23a3b1cdcfb10c68993717d4365ddb2,mbpp,body_first,10,random,0.5,-1.7660313844680786,-0.219156414270401,False,True
2313,c1022f89032529dbb1b58f5318cafa58c23a3b1cdcfb10c68993717d4365ddb2,mbpp,body_first,10,toward,1.0,-1.7154583930969238,-0.23108342289924622,False,True
2313,c1022f89032529dbb1b58f5318cafa58c23a3b1cdcfb10c68993717d4365ddb2,mbpp,body_first,10,away,1.0,-1.7643673419952393,-0.21749235689640045,False,True
2313,c1022f89032529dbb1b58f5318cafa58c23a3b1cdcfb10c68993717d4365ddb2,mbpp,body_first,10,random,1.0,-1.8046784400939941,-0.21092841029167175,False,True
2313,c1022f89032529dbb1b58f5318cafa58c23a3b1cdcfb10c68993717d4365ddb2,mbpp,body_first,12,toward,0.5,-1.7282886505126953,-0.22828862071037292,False,True
2313,c1022f89032529dbb1b58f5318cafa58c23a3b1cdcfb10c68993717d4365ddb2,mbpp,body_first,12,away,0.5,-1.7650130987167358,-0.21813808381557465,False,True
2313,c1022f89032529dbb1b58f5318cafa58c23a3b1cdcfb10c68993717d4365ddb2,mbpp,body_first,12,random,0.5,-1.740325689315796,-0.22470064461231232,False,True
2313,c1022f89032529dbb1b58f5318cafa58c23a3b1cdcfb10c68993717d4365ddb2,mbpp,body_first,12,toward,1.0,-1.7035592794418335,-0.2348092496395111,False,True
2313,c1022f89032529dbb1b58f5318cafa58c23a3b1cdcfb10c68993717d4365ddb2,mbpp,body_first,12,away,1.0,-1.7009472846984863,-0.2321973443031311,False,True
2313,c1022f89032529dbb1b58f5318cafa58c23a3b1cdcfb10c68993717d4365ddb2,mbpp,body_first,12,random,1.0,-1.714859962463379,-0.2304850071668625,False,True
2313,c1022f89032529dbb1b58f5318cafa58c23a3b1cdcfb10c68993717d4365ddb2,mbpp,body_first,14,toward,0.5,-1.72773015499115,-0.22773019969463348,False,True
2313,c1022f89032529dbb1b58f5318cafa58c23a3b1cdcfb10c68993717d4365ddb2,mbpp,body_first,14,away,0.5,-1.714847445487976,-0.2304724156856537,False,True
2313,c1022f89032529dbb1b58f5318cafa58c23a3b1cdcfb10c68993717d4365ddb2,mbpp,body_first,14,random,0.5,-1.7408416271209717,-0.2252165973186493,False,True
2313,c1022f89032529dbb1b58f5318cafa58c23a3b1cdcfb10c68993717d4365ddb2,mbpp,body_first,14,toward,1.0,-1.6897786855697632,-0.2366536557674408,False,True
2313,c1022f89032529dbb1b58f5318cafa58c23a3b1cdcfb10c68993717d4365ddb2,mbpp,body_first,14,away,1.0,-1.6026915311813354,-0.25894156098365784,False,True
2313,c1022f89032529dbb1b58f5318cafa58c23a3b1cdcfb10c68993717d4365ddb2,mbpp,body_first,14,random,1.0,-1.7158458232879639,-0.23147079348564148,False,True
2313,c1022f89032529dbb1b58f5318cafa58c23a3b1cdcfb10c68993717d4365ddb2,mbpp,body_first,16,toward,0.5,-1.727121353149414,-0.22712141275405884,False,True
2313,c1022f89032529dbb1b58f5318cafa58c23a3b1cdcfb10c68993717d4365ddb2,mbpp,body_first,16,away,0.5,-1.7789965867996216,-0.21649661660194397,False,True
2313,c1022f89032529dbb1b58f5318cafa58c23a3b1cdcfb10c68993717d4365ddb2,mbpp,body_first,16,random,0.5,-1.7530121803283691,-0.22176215052604675,False,True
2313,c1022f89032529dbb1b58f5318cafa58c23a3b1cdcfb10c68993717d4365ddb2,mbpp,body_first,16,toward,1.0,-1.7400949001312256,-0.22446990013122559,False,True
2313,c1022f89032529dbb1b58f5318cafa58c23a3b1cdcfb10c68993717d4365ddb2,mbpp,body_first,16,away,1.0,-1.7786287069320679,-0.2161286622285843,False,True
2313,c1022f89032529dbb1b58f5318cafa58c23a3b1cdcfb10c68993717d4365ddb2,mbpp,body_first,16,random,1.0,-1.7657365798950195,-0.21886155009269714,False,True
2313,c1022f89032529dbb1b58f5318cafa58c23a3b1cdcfb10c68993717d4365ddb2,mbpp,body_first,18,toward,0.5,-1.7401679754257202,-0.22454294562339783,False,True
2313,c1022f89032529dbb1b58f5318cafa58c23a3b1cdcfb10c68993717d4365ddb2,mbpp,body_first,18,away,0.5,-1.7526721954345703,-0.2214222103357315,False,True
2313,c1022f89032529dbb1b58f5318cafa58c23a3b1cdcfb10c68993717d4365ddb2,mbpp,body_first,18,random,0.5,-1.7524670362472534,-0.221217080950737,False,True
2313,c1022f89032529dbb1b58f5318cafa58c23a3b1cdcfb10c68993717d4365ddb2,mbpp,body_first,18,toward,1.0,-1.752739429473877,-0.22148936986923218,False,True
2313,c1022f89032529dbb1b58f5318cafa58c23a3b1cdcfb10c68993717d4365ddb2,mbpp,body_first,18,away,1.0,-1.7526806592941284,-0.22143061459064484,False,True
2313,c1022f89032529dbb1b58f5318cafa58c23a3b1cdcfb10c68993717d4365ddb2,mbpp,body_first,18,random,1.0,-1.7396446466445923,-0.22401969134807587,False,True
2313,c1022f89032529dbb1b58f5318cafa58c23a3b1cdcfb10c68993717d4365ddb2,mbpp,body_first,20,toward,0.5,-1.739965796470642,-0.2243407517671585,False,True
2313,c1022f89032529dbb1b58f5318cafa58c23a3b1cdcfb10c68993717d4365ddb2,mbpp,body_first,20,away,0.5,-1.752915620803833,-0.22166560590267181,False,True
2313,c1022f89032529dbb1b58f5318cafa58c23a3b1cdcfb10c68993717d4365ddb2,mbpp,body_first,20,random,0.5,-1.7404065132141113,-0.22478148341178894,False,True
2313,c1022f89032529dbb1b58f5318cafa58c23a3b1cdcfb10c68993717d4365ddb2,mbpp,body_first,20,toward,1.0,-1.752367615699768,-0.22111761569976807,False,True
2313,c1022f89032529dbb1b58f5318cafa58c23a3b1cdcfb10c68993717d4365ddb2,mbpp,body_first,20,away,1.0,-1.752747654914856,-0.22149768471717834,False,True
2313,c1022f89032529dbb1b58f5318cafa58c23a3b1cdcfb10c68993717d4365ddb2,mbpp,body_first,20,random,1.0,-1.7531265020370483,-0.22187645733356476,False,True
2313,c1022f89032529dbb1b58f5318cafa58c23a3b1cdcfb10c68993717d4365ddb2,mbpp,body_first,22,toward,0.5,-1.7527954578399658,-0.22154544293880463,False,True
2313,c1022f89032529dbb1b58f5318cafa58c23a3b1cdcfb10c68993717d4365ddb2,mbpp,body_first,22,away,0.5,-1.7530076503753662,-0.2217576652765274,False,True
2313,c1022f89032529dbb1b58f5318cafa58c23a3b1cdcfb10c68993717d4365ddb2,mbpp,body_first,22,random,0.5,-1.7652850151062012,-0.2184099704027176,False,True
2313,c1022f89032529dbb1b58f5318cafa58c23a3b1cdcfb10c68993717d4365ddb2,mbpp,body_first,22,toward,1.0,-1.752827763557434,-0.2215777337551117,False,True
2313,c1022f89032529dbb1b58f5318cafa58c23a3b1cdcfb10c68993717d4365ddb2,mbpp,body_first,22,away,1.0,-1.752835750579834,-0.22158575057983398,False,True
2313,c1022f89032529dbb1b58f5318cafa58c23a3b1cdcfb10c68993717d4365ddb2,mbpp,body_first,22,random,1.0,-1.7526254653930664,-0.22137540578842163,False,True
2313,c1022f89032529dbb1b58f5318cafa58c23a3b1cdcfb10c68993717d4365ddb2,mbpp,body_first,24,toward,0.5,-1.7400848865509033,-0.22445990145206451,False,True
2313,c1022f89032529dbb1b58f5318cafa58c23a3b1cdcfb10c68993717d4365ddb2,mbpp,body_first,24,away,0.5,-1.7530195713043213,-0.22176960110664368,False,True
2313,c1022f89032529dbb1b58f5318cafa58c23a3b1cdcfb10c68993717d4365ddb2,mbpp,body_first,24,random,0.5,-1.7528417110443115,-0.2215917706489563,False,True
2313,c1022f89032529dbb1b58f5318cafa58c23a3b1cdcfb10c68993717d4365ddb2,mbpp,body_first,24,toward,1.0,-1.7401164770126343,-0.22449152171611786,False,True
2313,c1022f89032529dbb1b58f5318cafa58c23a3b1cdcfb10c68993717d4365ddb2,mbpp,body_first,24,away,1.0,-1.7529656887054443,-0.2217157483100891,False,True
2313,c1022f89032529dbb1b58f5318cafa58c23a3b1cdcfb10c68993717d4365ddb2,mbpp,body_first,24,random,1.0,-1.7658228874206543,-0.21894784271717072,False,True
2313,c1022f89032529dbb1b58f5318cafa58c23a3b1cdcfb10c68993717d4365ddb2,mbpp,body_first,26,toward,0.5,-1.7526932954788208,-0.2214433252811432,False,True
2313,c1022f89032529dbb1b58f5318cafa58c23a3b1cdcfb10c68993717d4365ddb2,mbpp,body_first,26,away,0.5,-1.7528364658355713,-0.22158651053905487,False,True
2313,c1022f89032529dbb1b58f5318cafa58c23a3b1cdcfb10c68993717d4365ddb2,mbpp,body_first,26,random,0.5,-1.7528953552246094,-0.22164535522460938,False,True
2313,c1022f89032529dbb1b58f5318cafa58c23a3b1cdcfb10c68993717d4365ddb2,mbpp,body_first,26,toward,1.0,-1.7526817321777344,-0.2214316725730896,False,True
2313,c1022f89032529dbb1b58f5318cafa58c23a3b1cdcfb10c68993717d4365ddb2,mbpp,body_first,26,away,1.0,-1.7528178691864014,-0.22156788408756256,False,True
2313,c1022f89032529dbb1b58f5318cafa58c23a3b1cdcfb10c68993717d4365ddb2,mbpp,body_first,26,random,1.0,-1.752841591835022,-0.22159157693386078,False,True
2313,c1022f89032529dbb1b58f5318cafa58c23a3b1cdcfb10c68993717d4365ddb2,mbpp,body_first,28,toward,0.5,-1.7401516437530518,-0.22452665865421295,False,True
2313,c1022f89032529dbb1b58f5318cafa58c23a3b1cdcfb10c68993717d4365ddb2,mbpp,body_first,28,away,0.5,-1.7529630661010742,-0.22171306610107422,False,True
2313,c1022f89032529dbb1b58f5318cafa58c23a3b1cdcfb10c68993717d4365ddb2,mbpp,body_first,28,random,0.5,-1.7529183626174927,-0.22166837751865387,False,True
2313,c1022f89032529dbb1b58f5318cafa58c23a3b1cdcfb10c68993717d4365ddb2,mbpp,body_first,28,toward,1.0,-1.7528955936431885,-0.2216455489397049,False,True
2313,c1022f89032529dbb1b58f5318cafa58c23a3b1cdcfb10c68993717d4365ddb2,mbpp,body_first,28,away,1.0,-1.739906668663025,-0.2242816835641861,False,True
2313,c1022f89032529dbb1b58f5318cafa58c23a3b1cdcfb10c68993717d4365ddb2,mbpp,body_first,28,random,1.0,-1.7528454065322876,-0.2215954065322876,False,True
2313,c1022f89032529dbb1b58f5318cafa58c23a3b1cdcfb10c68993717d4365ddb2,mbpp,body_first,30,toward,0.5,-1.7531280517578125,-0.2218780815601349,False,True
2313,c1022f89032529dbb1b58f5318cafa58c23a3b1cdcfb10c68993717d4365ddb2,mbpp,body_first,30,away,0.5,-1.7530815601348877,-0.2218315750360489,False,True
2313,c1022f89032529dbb1b58f5318cafa58c23a3b1cdcfb10c68993717d4365ddb2,mbpp,body_first,30,random,0.5,-1.740329384803772,-0.22470435500144958,False,True
2313,c1022f89032529dbb1b58f5318cafa58c23a3b1cdcfb10c68993717d4365ddb2,mbpp,body_first,30,toward,1.0,-1.740641474723816,-0.22501643002033234,False,True
2313,c1022f89032529dbb1b58f5318cafa58c23a3b1cdcfb10c68993717d4365ddb2,mbpp,body_first,30,away,1.0,-1.7530665397644043,-0.22181658446788788,False,True
2313,c1022f89032529dbb1b58f5318cafa58c23a3b1cdcfb10c68993717d4365ddb2,mbpp,body_first,30,random,1.0,-1.740289330482483,-0.2246643602848053,False,True
2313,c1022f89032529dbb1b58f5318cafa58c23a3b1cdcfb10c68993717d4365ddb2,mbpp,body_first,31,toward,0.5,-1.7402364015579224,-0.22461141645908356,False,True
2313,c1022f89032529dbb1b58f5318cafa58c23a3b1cdcfb10c68993717d4365ddb2,mbpp,body_first,31,away,0.5,-1.7402364015579224,-0.22461141645908356,False,True
2313,c1022f89032529dbb1b58f5318cafa58c23a3b1cdcfb10c68993717d4365ddb2,mbpp,body_first,31,random,0.5,-1.7402364015579224,-0.22461141645908356,False,True
2313,c1022f89032529dbb1b58f5318cafa58c23a3b1cdcfb10c68993717d4365ddb2,mbpp,body_first,31,toward,1.0,-1.7402364015579224,-0.22461141645908356,False,True
2313,c1022f89032529dbb1b58f5318cafa58c23a3b1cdcfb10c68993717d4365ddb2,mbpp,body_first,31,away,1.0,-1.7402364015579224,-0.22461141645908356,False,True
2313,c1022f89032529dbb1b58f5318cafa58c23a3b1cdcfb10c68993717d4365ddb2,mbpp,body_first,31,random,1.0,-1.7402364015579224,-0.22461141645908356,False,True
2313,c1022f89032529dbb1b58f5318cafa58c23a3b1cdcfb10c68993717d4365ddb2,mbpp,answer,0,toward,0.5,-1.7119770050048828,-0.22760194540023804,False,True
2313,c1022f89032529dbb1b58f5318cafa58c23a3b1cdcfb10c68993717d4365ddb2,mbpp,answer,0,away,0.5,-1.7552905082702637,-0.2240404635667801,False,True
2313,c1022f89032529dbb1b58f5318cafa58c23a3b1cdcfb10c68993717d4365ddb2,mbpp,answer,0,random,0.5,-1.7391746044158936,-0.22354963421821594,False,True
2313,c1022f89032529dbb1b58f5318cafa58c23a3b1cdcfb10c68993717d4365ddb2,mbpp,answer,0,toward,1.0,-1.695594072341919,-0.22684410214424133,False,True
2313,c1022f89032529dbb1b58f5318cafa58c23a3b1cdcfb10c68993717d4365ddb2,mbpp,answer,0,away,1.0,-1.6707966327667236,-0.24892164766788483,False,True
2313,c1022f89032529dbb1b58f5318cafa58c23a3b1cdcfb10c68993717d4365ddb2,mbpp,answer,0,random,1.0,-1.7388354539871216,-0.22321049869060516,False,True
2313,c1022f89032529dbb1b58f5318cafa58c23a3b1cdcfb10c68993717d4365ddb2,mbpp,answer,2,toward,0.5,-1.7134613990783691,-0.22908641397953033,False,True
2313,c1022f89032529dbb1b58f5318cafa58c23a3b1cdcfb10c68993717d4365ddb2,mbpp,answer,2,away,0.5,-1.7817994356155396,-0.21929945051670074,False,True
2313,c1022f89032529dbb1b58f5318cafa58c23a3b1cdcfb10c68993717d4365ddb2,mbpp,answer,2,random,0.5,-1.6637916564941406,-0.241916686296463,False,True
2313,c1022f89032529dbb1b58f5318cafa58c23a3b1cdcfb10c68993717d4365ddb2,mbpp,answer,2,toward,1.0,-1.4806658029556274,-0.29316583275794983,False,True
2313,c1022f89032529dbb1b58f5318cafa58c23a3b1cdcfb10c68993717d4365ddb2,mbpp,answer,2,away,1.0,-1.6930313110351562,-0.23990634083747864,False,True
2313,c1022f89032529dbb1b58f5318cafa58c23a3b1cdcfb10c68993717d4365ddb2,mbpp,answer,2,random,1.0,-1.5373635292053223,-0.27173858880996704,False,True
2313,c1022f89032529dbb1b58f5318cafa58c23a3b1cdcfb10c68993717d4365ddb2,mbpp,answer,4,toward,0.5,-1.5759387016296387,-0.26343873143196106,False,True
2313,c1022f89032529dbb1b58f5318cafa58c23a3b1cdcfb10c68993717d4365ddb2,mbpp,answer,4,away,0.5,-1.766521692276001,-0.21964670717716217,False,True
2313,c1022f89032529dbb1b58f5318cafa58c23a3b1cdcfb10c68993717d4365ddb2,mbpp,answer,4,random,0.5,-1.7374496459960938,-0.22182470560073853,False,True
2313,c1022f89032529dbb1b58f5318cafa58c23a3b1cdcfb10c68993717d4365ddb2,mbpp,answer,4,toward,1.0,-1.3386459350585938,-0.33864593505859375,False,True
2313,c1022f89032529dbb1b58f5318cafa58c23a3b1cdcfb10c68993717d4365ddb2,mbpp,answer,4,away,1.0,-1.7527062892913818,-0.22145631909370422,False,True
2313,c1022f89032529dbb1b58f5318cafa58c23a3b1cdcfb10c68993717d4365ddb2,mbpp,answer,4,random,1.0,-1.6852041482925415,-0.23207911849021912,False,True
2313,c1022f89032529dbb1b58f5318cafa58c23a3b1cdcfb10c68993717d4365ddb2,mbpp,answer,6,toward,0.5,-1.7892529964447021,-0.21112802624702454,False,True
2313,c1022f89032529dbb1b58f5318cafa58c23a3b1cdcfb10c68993717d4365ddb2,mbpp,answer,6,away,0.5,-1.601644515991211,-0.2578945457935333,False,True
2313,c1022f89032529dbb1b58f5318cafa58c23a3b1cdcfb10c68993717d4365ddb2,mbpp,answer,6,random,0.5,-1.6623154878616333,-0.2404404729604721,False,True
2313,c1022f89032529dbb1b58f5318cafa58c23a3b1cdcfb10c68993717d4365ddb2,mbpp,answer,6,toward,1.0,-1.7123640775680542,-0.2279890477657318,False,True
2313,c1022f89032529dbb1b58f5318cafa58c23a3b1cdcfb10c68993717d4365ddb2,mbpp,answer,6,away,1.0,-1.3841522932052612,-0.32165226340293884,False,True
2313,c1022f89032529dbb1b58f5318cafa58c23a3b1cdcfb10c68993717d4365ddb2,mbpp,answer,6,random,1.0,-1.6015440225601196,-0.257794052362442,False,True
2313,c1022f89032529dbb1b58f5318cafa58c23a3b1cdcfb10c68993717d4365ddb2,mbpp,answer,8,toward,0.5,-1.7207223176956177,-0.23634736239910126,False,True
2313,c1022f89032529dbb1b58f5318cafa58c23a3b1cdcfb10c68993717d4365ddb2,mbpp,answer,8,away,0.5,-1.723273754119873,-0.22327381372451782,False,True
2313,c1022f89032529dbb1b58f5318cafa58c23a3b1cdcfb10c68993717d4365ddb2,mbpp,answer,8,random,0.5,-1.6995575428009033,-0.2308075875043869,False,True
2313,c1022f89032529dbb1b58f5318cafa58c23a3b1cdcfb10c68993717d4365ddb2,mbpp,answer,8,toward,1.0,-1.617680311203003,-0.3051803410053253,False,True
2313,c1022f89032529dbb1b58f5318cafa58c23a3b1cdcfb10c68993717d4365ddb2,mbpp,answer,8,away,1.0,-1.7452281713485718,-0.21397815644741058,False,True
2313,c1022f89032529dbb1b58f5318cafa58c23a3b1cdcfb10c68993717d4365ddb2,mbpp,answer,8,random,1.0,-1.6380133628845215,-0.2473883479833603,False,True
2313,c1022f89032529dbb1b58f5318cafa58c23a3b1cdcfb10c68993717d4365ddb2,mbpp,answer,10,toward,0.5,-1.5570942163467407,-0.2758442163467407,False,True
2313,c1022f89032529dbb1b58f5318cafa58c23a3b1cdcfb10c68993717d4365ddb2,mbpp,answer,10,away,0.5,-1.780137538909912,-0.2176375538110733,False,True
2313,c1022f89032529dbb1b58f5318cafa58c23a3b1cdcfb10c68993717d4365ddb2,mbpp,answer,10,random,0.5,-1.656619668006897,-0.2503696382045746,False,True
2313,c1022f89032529dbb1b58f5318cafa58c23a3b1cdcfb10c68993717d4365ddb2,mbpp,answer,10,toward,1.0,-1.416673183441162,-0.35417312383651733,False,True
2313,c1022f89032529dbb1b58f5318cafa58c23a3b1cdcfb10c68993717d4365ddb2,mbpp,answer,10,away,1.0,-1.6196773052215576,-0.26030233502388,False,True
2313,c1022f89032529dbb1b58f5318cafa58c23a3b1cdcfb10c68993717d4365ddb2,mbpp,answer,10,random,1.0,-1.5908985137939453,-0.2783984839916229,False,True
2313,c1022f89032529dbb1b58f5318cafa58c23a3b1cdcfb10c68993717d4365ddb2,mbpp,answer,12,toward,0.5,-1.8530418872833252,-0.2124169021844864,False,True
2313,c1022f89032529dbb1b58f5318cafa58c23a3b1cdcfb10c68993717d4365ddb2,mbpp,answer,12,away,0.5,-1.4928001165390015,-0.28967514634132385,False,True
2313,c1022f89032529dbb1b58f5318cafa58c23a3b1cdcfb10c68993717d4365ddb2,mbpp,answer,12,random,0.5,-1.8375266790390015,-0.21252669394016266,False,True
2313,c1022f89032529dbb1b58f5318cafa58c23a3b1cdcfb10c68993717d4365ddb2,mbpp,answer,12,toward,1.0,-1.7032626867294312,-0.29701265692710876,False,True
2313,c1022f89032529dbb1b58f5318cafa58c23a3b1cdcfb10c68993717d4365ddb2,mbpp,answer,12,away,1.0,-1.157231092453003,-0.4228561520576477,False,True
2313,c1022f89032529dbb1b58f5318cafa58c23a3b1cdcfb10c68993717d4365ddb2,mbpp,answer,12,random,1.0,-1.8783243894577026,-0.22207438945770264,False,True
2313,c1022f89032529dbb1b58f5318cafa58c23a3b1cdcfb10c68993717d4365ddb2,mbpp,answer,14,toward,0.5,-1.2823832035064697,-0.3917582035064697,False,True
2313,c1022f89032529dbb1b58f5318cafa58c23a3b1cdcfb10c68993717d4365ddb2,mbpp,answer,14,away,0.5,-1.916839361190796,-0.1824643462896347,False,True
2313,c1022f89032529dbb1b58f5318cafa58c23a3b1cdcfb10c68993717d4365ddb2,mbpp,answer,14,random,0.5,-1.6416679620742798,-0.2510429918766022,False,True
2313,c1022f89032529dbb1b58f5318cafa58c23a3b1cdcfb10c68993717d4365ddb2,mbpp,answer,14,toward,1.0,-1.002037763595581,-0.6270377039909363,False,True
2313,c1022f89032529dbb1b58f5318cafa58c23a3b1cdcfb10c68993717d4365ddb2,mbpp,answer,14,away,1.0,-1.908240795135498,-0.18949081003665924,False,True
2313,c1022f89032529dbb1b58f5318cafa58c23a3b1cdcfb10c68993717d4365ddb2,mbpp,answer,14,random,1.0,-1.3283065557479858,-0.35955655574798584,False,True
2313,c1022f89032529dbb1b58f5318cafa58c23a3b1cdcfb10c68993717d4365ddb2,mbpp,answer,16,toward,0.5,-0.6426442861557007,-0.8301442861557007,True,False
2313,c1022f89032529dbb1b58f5318cafa58c23a3b1cdcfb10c68993717d4365ddb2,mbpp,answer,16,away,0.5,-2.6576225757598877,-0.09512259066104889,False,True
2313,c1022f89032529dbb1b58f5318cafa58c23a3b1cdcfb10c68993717d4365ddb2,mbpp,answer,16,random,0.5,-1.7488516569137573,-0.23322667181491852,False,True
2313,c1022f89032529dbb1b58f5318cafa58c23a3b1cdcfb10c68993717d4365ddb2,mbpp,answer,16,toward,1.0,-0.28437456488609314,-1.6593745946884155,True,False
2313,c1022f89032529dbb1b58f5318cafa58c23a3b1cdcfb10c68993717d4365ddb2,mbpp,answer,16,away,1.0,-3.5823826789855957,-0.05113261565566063,False,True
2313,c1022f89032529dbb1b58f5318cafa58c23a3b1cdcfb10c68993717d4365ddb2,mbpp,answer,16,random,1.0,-1.7953859567642212,-0.23288597166538239,False,True
2313,c1022f89032529dbb1b58f5318cafa58c23a3b1cdcfb10c68993717d4365ddb2,mbpp,answer,18,toward,0.5,-1.0730342864990234,-0.4792843461036682,False,True
2313,c1022f89032529dbb1b58f5318cafa58c23a3b1cdcfb10c68993717d4365ddb2,mbpp,answer,18,away,0.5,-2.7690443992614746,-0.0971694365143776,False,True
2313,c1022f89032529dbb1b58f5318cafa58c23a3b1cdcfb10c68993717d4365ddb2,mbpp,answer,18,random,0.5,-1.5301331281661987,-0.28013312816619873,False,True
2313,c1022f89032529dbb1b58f5318cafa58c23a3b1cdcfb10c68993717d4365ddb2,mbpp,answer,18,toward,1.0,-0.9285821914672852,-0.6160821914672852,False,True
2313,c1022f89032529dbb1b58f5318cafa58c23a3b1cdcfb10c68993717d4365ddb2,mbpp,answer,18,away,1.0,-3.741976022720337,-0.0857260525226593,False,True
2313,c1022f89032529dbb1b58f5318cafa58c23a3b1cdcfb10c68993717d4365ddb2,mbpp,answer,18,random,1.0,-1.3350566625595093,-0.3663066327571869,False,True
2313,c1022f89032529dbb1b58f5318cafa58c23a3b1cdcfb10c68993717d4365ddb2,mbpp,answer,20,toward,0.5,-1.1564123630523682,-0.4376623034477234,False,True
2313,c1022f89032529dbb1b58f5318cafa58c23a3b1cdcfb10c68993717d4365ddb2,mbpp,answer,20,away,0.5,-2.377490282058716,-0.12749037146568298,False,True
2313,c1022f89032529dbb1b58f5318cafa58c23a3b1cdcfb10c68993717d4365ddb2,mbpp,answer,20,random,0.5,-1.9714113473892212,-0.19016137719154358,False,True
2313,c1022f89032529dbb1b58f5318cafa58c23a3b1cdcfb10c68993717d4365ddb2,mbpp,answer,20,toward,1.0,-0.9496392011642456,-0.5902642011642456,False,True
2313,c1022f89032529dbb1b58f5318cafa58c23a3b1cdcfb10c68993717d4365ddb2,mbpp,answer,20,away,1.0,-2.59812331199646,-0.12937332689762115,False,True
2313,c1022f89032529dbb1b58f5318cafa58c23a3b1cdcfb10c68993717d4365ddb2,mbpp,answer,20,random,1.0,-2.0910017490386963,-0.20037676393985748,False,True
2313,c1022f89032529dbb1b58f5318cafa58c23a3b1cdcfb10c68993717d4365ddb2,mbpp,answer,22,toward,0.5,-1.2690893411636353,-0.37846431136131287,False,True
2313,c1022f89032529dbb1b58f5318cafa58c23a3b1cdcfb10c68993717d4365ddb2,mbpp,answer,22,away,0.5,-2.217379570007324,-0.1392545849084854,False,True
2313,c1022f89032529dbb1b58f5318cafa58c23a3b1cdcfb10c68993717d4365ddb2,mbpp,answer,22,random,0.5,-1.8914231061935425,-0.2039230614900589,False,True
2313,c1022f89032529dbb1b58f5318cafa58c23a3b1cdcfb10c68993717d4365ddb2,mbpp,answer,22,toward,1.0,-1.0507007837295532,-0.5038257837295532,False,True
2313,c1022f89032529dbb1b58f5318cafa58c23a3b1cdcfb10c68993717d4365ddb2,mbpp,answer,22,away,1.0,-2.421919345855713,-0.12504437565803528,False,True
2313,c1022f89032529dbb1b58f5318cafa58c23a3b1cdcfb10c68993717d4365ddb2,mbpp,answer,22,random,1.0,-1.9721810817718506,-0.2065560519695282,False,True
2313,c1022f89032529dbb1b58f5318cafa58c23a3b1cdcfb10c68993717d4365ddb2,mbpp,answer,24,toward,0.5,-1.3379137516021729,-0.3535388112068176,False,True
2313,c1022f89032529dbb1b58f5318cafa58c23a3b1cdcfb10c68993717d4365ddb2,mbpp,answer,24,away,0.5,-2.3197710514068604,-0.13227102160453796,False,True
2313,c1022f89032529dbb1b58f5318cafa58c23a3b1cdcfb10c68993717d4365ddb2,mbpp,answer,24,random,0.5,-1.8081486225128174,-0.21439866721630096,False,True
2313,c1022f89032529dbb1b58f5318cafa58c23a3b1cdcfb10c68993717d4365ddb2,mbpp,answer,24,toward,1.0,-1.1764812469482422,-0.4577312469482422,False,True
2313,c1022f89032529dbb1b58f5318cafa58c23a3b1cdcfb10c68993717d4365ddb2,mbpp,answer,24,away,1.0,-2.7927215099334717,-0.12084651738405228,False,True
2313,c1022f89032529dbb1b58f5318cafa58c23a3b1cdcfb10c68993717d4365ddb2,mbpp,answer,24,random,1.0,-1.9165104627609253,-0.21338550746440887,False,True
2313,c1022f89032529dbb1b58f5318cafa58c23a3b1cdcfb10c68993717d4365ddb2,mbpp,answer,26,toward,0.5,-1.3054676055908203,-0.36796754598617554,False,True
2313,c1022f89032529dbb1b58f5318cafa58c23a3b1cdcfb10c68993717d4365ddb2,mbpp,answer,26,away,0.5,-2.389836549758911,-0.12421149760484695,False,True
2313,c1022f89032529dbb1b58f5318cafa58c23a3b1cdcfb10c68993717d4365ddb2,mbpp,answer,26,random,0.5,-1.6090450286865234,-0.2652950584888458,False,True
2313,c1022f89032529dbb1b58f5318cafa58c23a3b1cdcfb10c68993717d4365ddb2,mbpp,answer,26,toward,1.0,-1.114896535873413,-0.5211465358734131,False,True
2313,c1022f89032529dbb1b58f5318cafa58c23a3b1cdcfb10c68993717d4365ddb2,mbpp,answer,26,away,1.0,-2.9190778732299805,-0.09095294028520584,False,True
2313,c1022f89032529dbb1b58f5318cafa58c23a3b1cdcfb10c68993717d4365ddb2,mbpp,answer,26,random,1.0,-1.5578334331512451,-0.3078334331512451,False,True
2313,c1022f89032529dbb1b58f5318cafa58c23a3b1cdcfb10c68993717d4365ddb2,mbpp,answer,28,toward,0.5,-1.2808326482772827,-0.3745826780796051,False,True
2313,c1022f89032529dbb1b58f5318cafa58c23a3b1cdcfb10c68993717d4365ddb2,mbpp,answer,28,away,0.5,-2.5593783855438232,-0.10625334084033966,False,True
2313,c1022f89032529dbb1b58f5318cafa58c23a3b1cdcfb10c68993717d4365ddb2,mbpp,answer,28,random,0.5,-1.5043896436691284,-0.3012646734714508,False,True
2313,c1022f89032529dbb1b58f5318cafa58c23a3b1cdcfb10c68993717d4365ddb2,mbpp,answer,28,toward,1.0,-1.1247565746307373,-0.4997565746307373,False,True
2313,c1022f89032529dbb1b58f5318cafa58c23a3b1cdcfb10c68993717d4365ddb2,mbpp,answer,28,away,1.0,-3.3473520278930664,-0.06610197573900223,False,True
2313,c1022f89032529dbb1b58f5318cafa58c23a3b1cdcfb10c68993717d4365ddb2,mbpp,answer,28,random,1.0,-1.3898558616638184,-0.35860589146614075,False,True
2313,c1022f89032529dbb1b58f5318cafa58c23a3b1cdcfb10c68993717d4365ddb2,mbpp,answer,30,toward,0.5,-1.3868106603622437,-0.33993563055992126,False,True
2313,c1022f89032529dbb1b58f5318cafa58c23a3b1cdcfb10c68993717d4365ddb2,mbpp,answer,30,away,0.5,-2.902850389480591,-0.07472539693117142,False,True
2313,c1022f89032529dbb1b58f5318cafa58c23a3b1cdcfb10c68993717d4365ddb2,mbpp,answer,30,random,0.5,-1.6736271381378174,-0.2361270934343338,False,True
2313,c1022f89032529dbb1b58f5318cafa58c23a3b1cdcfb10c68993717d4365ddb2,mbpp,answer,30,toward,1.0,-1.3981646299362183,-0.41378962993621826,False,True
2313,c1022f89032529dbb1b58f5318cafa58c23a3b1cdcfb10c68993717d4365ddb2,mbpp,answer,30,away,1.0,-4.017516613006592,-0.0643915981054306,False,True
2313,c1022f89032529dbb1b58f5318cafa58c23a3b1cdcfb10c68993717d4365ddb2,mbpp,answer,30,random,1.0,-1.5944591760635376,-0.2663341760635376,False,True
2313,c1022f89032529dbb1b58f5318cafa58c23a3b1cdcfb10c68993717d4365ddb2,mbpp,answer,31,toward,0.5,-1.0878887176513672,-0.6347637176513672,False,True
2313,c1022f89032529dbb1b58f5318cafa58c23a3b1cdcfb10c68993717d4365ddb2,mbpp,answer,31,away,0.5,-3.0982491970062256,-0.34824928641319275,False,True
2313,c1022f89032529dbb1b58f5318cafa58c23a3b1cdcfb10c68993717d4365ddb2,mbpp,answer,31,random,0.5,-1.9844202995300293,-0.15629523992538452,False,True
2313,c1022f89032529dbb1b58f5318cafa58c23a3b1cdcfb10c68993717d4365ddb2,mbpp,answer,31,toward,1.0,-1.8230998516082764,-1.9949748516082764,False,False
2313,c1022f89032529dbb1b58f5318cafa58c23a3b1cdcfb10c68993717d4365ddb2,mbpp,answer,31,away,1.0,-7.094911575317383,-3.8605363368988037,False,False
2313,c1022f89032529dbb1b58f5318cafa58c23a3b1cdcfb10c68993717d4365ddb2,mbpp,answer,31,random,1.0,-1.9668560028076172,-0.16998101770877838,False,True
2314,c1022f89032529dbb1b58f5318cafa58c23a3b1cdcfb10c68993717d4365ddb2,mbpp,baseline,-1,none,0.0,-1.7402364015579224,-0.22461141645908356,False,True
2314,c1022f89032529dbb1b58f5318cafa58c23a3b1cdcfb10c68993717d4365ddb2,mbpp,if,0,toward,0.5,-1.8429738283157349,-0.20234882831573486,False,True
2314,c1022f89032529dbb1b58f5318cafa58c23a3b1cdcfb10c68993717d4365ddb2,mbpp,if,0,away,0.5,-1.4350757598876953,-0.3100758194923401,False,True
2314,c1022f89032529dbb1b58f5318cafa58c23a3b1cdcfb10c68993717d4365ddb2,mbpp,if,0,random,0.5,-1.6138923168182373,-0.25451725721359253,False,True
2314,c1022f89032529dbb1b58f5318cafa58c23a3b1cdcfb10c68993717d4365ddb2,mbpp,if,0,toward,1.0,-1.5301786661148071,-0.31142863631248474,False,True
2314,c1022f89032529dbb1b58f5318cafa58c23a3b1cdcfb10c68993717d4365ddb2,mbpp,if,0,away,1.0,-1.6164494752883911,-0.2726994454860687,False,True
2314,c1022f89032529dbb1b58f5318cafa58c23a3b1cdcfb10c68993717d4365ddb2,mbpp,if,0,random,1.0,-1.5081276893615723,-0.30500268936157227,False,True
2314,c1022f89032529dbb1b58f5318cafa58c23a3b1cdcfb10c68993717d4365ddb2,mbpp,if,2,toward,0.5,-1.82026207447052,-0.2108870893716812,False,True
2314,c1022f89032529dbb1b58f5318cafa58c23a3b1cdcfb10c68993717d4365ddb2,mbpp,if,2,away,0.5,-1.7712960243225098,-0.24004606902599335,False,True
2314,c1022f89032529dbb1b58f5318cafa58c23a3b1cdcfb10c68993717d4365ddb2,mbpp,if,2,random,0.5,-1.494516372680664,-0.2913913130760193,False,True
2314,c1022f89032529dbb1b58f5318cafa58c23a3b1cdcfb10c68993717d4365ddb2,mbpp,if,2,toward,1.0,-1.5803735256195068,-0.2678735554218292,False,True
2314,c1022f89032529dbb1b58f5318cafa58c23a3b1cdcfb10c68993717d4365ddb2,mbpp,if,2,away,1.0,-1.7456926107406616,-0.24569261074066162,False,True
2314,c1022f89032529dbb1b58f5318cafa58c23a3b1cdcfb10c68993717d4365ddb2,mbpp,if,2,random,1.0,-1.6221044063568115,-0.27835434675216675,False,True
2314,c1022f89032529dbb1b58f5318cafa58c23a3b1cdcfb10c68993717d4365ddb2,mbpp,if,4,toward,0.5,-1.1158596277236938,-0.44398465752601624,False,True
2314,c1022f89032529dbb1b58f5318cafa58c23a3b1cdcfb10c68993717d4365ddb2,mbpp,if,4,away,0.5,-1.8756221532821655,-0.2193721979856491,False,True
2314,c1022f89032529dbb1b58f5318cafa58c23a3b1cdcfb10c68993717d4365ddb2,mbpp,if,4,random,0.5,-1.6404834985733032,-0.24985851347446442,False,True
2314,c1022f89032529dbb1b58f5318cafa58c23a3b1cdcfb10c68993717d4365ddb2,mbpp,if,4,toward,1.0,-1.739869236946106,-0.25549420714378357,False,True
2314,c1022f89032529dbb1b58f5318cafa58c23a3b1cdcfb10c68993717d4365ddb2,mbpp,if,4,away,1.0,-1.9067589044570923,-0.2036338895559311,False,True
2314,c1022f89032529dbb1b58f5318cafa58c23a3b1cdcfb10c68993717d4365ddb2,mbpp,if,4,random,1.0,-0.9849176406860352,-0.5161676406860352,False,True
2314,c1022f89032529dbb1b58f5318cafa58c23a3b1cdcfb10c68993717d4365ddb2,mbpp,if,6,toward,0.5,-1.0252552032470703,-0.4940052330493927,False,True
2314,c1022f89032529dbb1b58f5318cafa58c23a3b1cdcfb10c68993717d4365ddb2,mbpp,if,6,away,0.5,-2.13836407661438,-0.15398909151554108,False,True
2314,c1022f89032529dbb1b58f5318cafa58c23a3b1cdcfb10c68993717d4365ddb2,mbpp,if,6,random,0.5,-1.5528663396835327,-0.2716163098812103,False,True
2314,c1022f89032529dbb1b58f5318cafa58c23a3b1cdcfb10c68993717d4365ddb2,mbpp,if,6,toward,1.0,-0.9389386177062988,-0.5483136177062988,False,True
2314,c1022f89032529dbb1b58f5318cafa58c23a3b1cdcfb10c68993717d4365ddb2,mbpp,if,6,away,1.0,-2.3403055667877197,-0.13718046247959137,False,True
2314,c1022f89032529dbb1b58f5318cafa58c23a3b1cdcfb10c68993717d4365ddb2,mbpp,if,6,random,1.0,-1.2746264934539795,-0.3683765232563019,False,True
2314,c1022f89032529dbb1b58f5318cafa58c23a3b1cdcfb10c68993717d4365ddb2,mbpp,if,8,toward,0.5,-1.3651832342147827,-0.3339332342147827,False,True
2314,c1022f89032529dbb1b58f5318cafa58c23a3b1cdcfb10c68993717d4365ddb2,mbpp,if,8,away,0.5,-2.1102843284606934,-0.15715928375720978,False,True
2314,c1022f89032529dbb1b58f5318cafa58c23a3b1cdcfb10c68993717d4365ddb2,mbpp,if,8,random,0.5,-1.6871294975280762,-0.23400449752807617,False,True
2314,c1022f89032529dbb1b58f5318cafa58c23a3b1cdcfb10c68993717d4365ddb2,mbpp,if,8,toward,1.0,-1.1894702911376953,-0.4082202911376953,False,True
2314,c1022f89032529dbb1b58f5318cafa58c23a3b1cdcfb10c68993717d4365ddb2,mbpp,if,8,away,1.0,-2.442690849304199,-0.11456578224897385,False,True
2314,c1022f89032529dbb1b58f5318cafa58c23a3b1cdcfb10c68993717d4365ddb2,mbpp,if,8,random,1.0,-1.7757817506790161,-0.2132817804813385,False,True
2314,c1022f89032529dbb1b58f5318cafa58c23a3b1cdcfb10c68993717d4365ddb2,mbpp,if,10,toward,0.5,-1.5106616020202637,-0.2919115722179413,False,True
2314,c1022f89032529dbb1b58f5318cafa58c23a3b1cdcfb10c68993717d4365ddb2,mbpp,if,10,away,0.5,-2.0377297401428223,-0.16272971034049988,False,True
2314,c1022f89032529dbb1b58f5318cafa58c23a3b1cdcfb10c68993717d4365ddb2,mbpp,if,10,random,0.5,-1.7397408485412598,-0.22411583364009857,False,True
2314,c1022f89032529dbb1b58f5318cafa58c23a3b1cdcfb10c68993717d4365ddb2,mbpp,if,10,toward,1.0,-1.452201008796692,-0.3115759789943695,False,True
2314,c1022f89032529dbb1b58f5318cafa58c23a3b1cdcfb10c68993717d4365ddb2,mbpp,if,10,away,1.0,-2.382068634033203,-0.11644360423088074,False,True
2314,c1022f89032529dbb1b58f5318cafa58c23a3b1cdcfb10c68993717d4365ddb2,mbpp,if,10,random,1.0,-2.0138938426971436,-0.17014382779598236,False,True
2314,c1022f89032529dbb1b58f5318cafa58c23a3b1cdcfb10c68993717d4365ddb2,mbpp,if,12,toward,0.5,-1.3519636392593384,-0.336338609457016,False,True
2314,c1022f89032529dbb1b58f5318cafa58c23a3b1cdcfb10c68993717d4365ddb2,mbpp,if,12,away,0.5,-2.3571279048919678,-0.12275287508964539,False,True
2314,c1022f89032529dbb1b58f5318cafa58c23a3b1cdcfb10c68993717d4365ddb2,mbpp,if,12,random,0.5,-2.013035297393799,-0.16928520798683167,False,True
2314,c1022f89032529dbb1b58f5318cafa58c23a3b1cdcfb10c68993717d4365ddb2,mbpp,if,12,toward,1.0,-1.306203842163086,-0.3530789017677307,False,True
2314,c1022f89032529dbb1b58f5318cafa58c23a3b1cdcfb10c68993717d4365ddb2,mbpp,if,12,away,1.0,-2.5415468215942383,-0.10404670238494873,False,True
2314,c1022f89032529dbb1b58f5318cafa58c23a3b1cdcfb10c68993717d4365ddb2,mbpp,if,12,random,1.0,-2.2721939086914062,-0.13156893849372864,False,True
2314,c1022f89032529dbb1b58f5318cafa58c23a3b1cdcfb10c68993717d4365ddb2,mbpp,if,14,toward,0.5,-1.5413947105407715,-0.2757696509361267,False,True
2314,c1022f89032529dbb1b58f5318cafa58c23a3b1cdcfb10c68993717d4365ddb2,mbpp,if,14,away,0.5,-2.055227279663086,-0.16460232436656952,False,True
2314,c1022f89032529dbb1b58f5318cafa58c23a3b1cdcfb10c68993717d4365ddb2,mbpp,if,14,random,0.5,-1.7665866613388062,-0.21971169114112854,False,True
2314,c1022f89032529dbb1b58f5318cafa58c23a3b1cdcfb10c68993717d4365ddb2,mbpp,if,14,toward,1.0,-1.6038011312484741,-0.26005110144615173,False,True
2314,c1022f89032529dbb1b58f5318cafa58c23a3b1cdcfb10c68993717d4365ddb2,mbpp,if,14,away,1.0,-2.015814781188965,-0.1720648556947708,False,True
2314,c1022f89032529dbb1b58f5318cafa58c23a3b1cdcfb10c68993717d4365ddb2,mbpp,if,14,random,1.0,-1.8316529989242554,-0.20665299892425537,False,True
2314,c1022f89032529dbb1b58f5318cafa58c23a3b1cdcfb10c68993717d4365ddb2,mbpp,if,16,toward,0.5,-1.6903365850448608,-0.23721154034137726,False,True
2314,c1022f89032529dbb1b58f5318cafa58c23a3b1cdcfb10c68993717d4365ddb2,mbpp,if,16,away,0.5,-1.7777206897735596,-0.21522068977355957,False,True
2314,c1022f89032529dbb1b58f5318cafa58c23a3b1cdcfb10c68993717d4365ddb2,mbpp,if,16,random,0.5,-1.7163325548171997,-0.2319575548171997,False,True
2314,c1022f89032529dbb1b58f5318cafa58c23a3b1cdcfb10c68993717d4365ddb2,mbpp,if,16,toward,1.0,-1.6536457538604736,-0.24739569425582886,False,True
2314,c1022f89032529dbb1b58f5318cafa58c23a3b1cdcfb10c68993717d4365ddb2,mbpp,if,16,away,1.0,-1.7906500101089478,-0.21252505481243134,False,True
2314,c1022f89032529dbb1b58f5318cafa58c23a3b1cdcfb10c68993717d4365ddb2,mbpp,if,16,random,1.0,-1.6795176267623901,-0.24201758205890656,False,True
2314,c1022f89032529dbb1b58f5318cafa58c23a3b1cdcfb10c68993717d4365ddb2,mbpp,if,18,toward,0.5,-1.7414090633392334,-0.22578412294387817,False,True
2314,c1022f89032529dbb1b58f5318cafa58c23a3b1cdcfb10c68993717d4365ddb2,mbpp,if,18,away,0.5,-1.714517593383789,-0.23014262318611145,False,True
2314,c1022f89032529dbb1b58f5318cafa58c23a3b1cdcfb10c68993717d4365ddb2,mbpp,if,18,random,0.5,-1.7654656171798706,-0.2185906618833542,False,True
2314,c1022f89032529dbb1b58f5318cafa58c23a3b1cdcfb10c68993717d4365ddb2,mbpp,if,18,toward,1.0,-1.7679388523101807,-0.22106391191482544,False,True
2314,c1022f89032529dbb1b58f5318cafa58c23a3b1cdcfb10c68993717d4365ddb2,mbpp,if,18,away,1.0,-1.701331377029419,-0.23258136212825775,False,True
2314,c1022f89032529dbb1b58f5318cafa58c23a3b1cdcfb10c68993717d4365ddb2,mbpp,if,18,random,1.0,-1.7916338443756104,-0.21350885927677155,False,True
2314,c1022f89032529dbb1b58f5318cafa58c23a3b1cdcfb10c68993717d4365ddb2,mbpp,if,20,toward,0.5,-1.7407312393188477,-0.22510619461536407,False,True
2314,c1022f89032529dbb1b58f5318cafa58c23a3b1cdcfb10c68993717d4365ddb2,mbpp,if,20,away,0.5,-1.7273859977722168,-0.227386012673378,False,True
2314,c1022f89032529dbb1b58f5318cafa58c23a3b1cdcfb10c68993717d4365ddb2,mbpp,if,20,random,0.5,-1.7406857013702393,-0.22506070137023926,False,True
2314,c1022f89032529dbb1b58f5318cafa58c23a3b1cdcfb10c68993717d4365ddb2,mbpp,if,20,toward,1.0,-1.7280598878860474,-0.22805984318256378,False,True
2314,c1022f89032529dbb1b58f5318cafa58c23a3b1cdcfb10c68993717d4365ddb2,mbpp,if,20,away,1.0,-1.7394143342971802,-0.22378936409950256,False,True
2314,c1022f89032529dbb1b58f5318cafa58c23a3b1cdcfb10c68993717d4365ddb2,mbpp,if,20,random,1.0,-1.7540522813796997,-0.2228022664785385,False,True
2314,c1022f89032529dbb1b58f5318cafa58c23a3b1cdcfb10c68993717d4365ddb2,mbpp,if,22,toward,0.5,-1.740544319152832,-0.22491933405399323,False,True
2314,c1022f89032529dbb1b58f5318cafa58c23a3b1cdcfb10c68993717d4365ddb2,mbpp,if,22,away,0.5,-1.7276005744934082,-0.22760061919689178,False,True
2314,c1022f89032529dbb1b58f5318cafa58c23a3b1cdcfb10c68993717d4365ddb2,mbpp,if,22,random,0.5,-1.7287232875823975,-0.22872334718704224,False,True
2314,c1022f89032529dbb1b58f5318cafa58c23a3b1cdcfb10c68993717d4365ddb2,mbpp,if,22,toward,1.0,-1.7401922941207886,-0.22456732392311096,False,True
2314,c1022f89032529dbb1b58f5318cafa58c23a3b1cdcfb10c68993717d4365ddb2,mbpp,if,22,away,1.0,-1.7277790307998657,-0.22777900099754333,False,True
2314,c1022f89032529dbb1b58f5318cafa58c23a3b1cdcfb10c68993717d4365ddb2,mbpp,if,22,random,1.0,-1.7424653768539429,-0.22684040665626526,False,True
2314,c1022f89032529dbb1b58f5318cafa58c23a3b1cdcfb10c68993717d4365ddb2,mbpp,if,24,toward,0.5,-1.7401971817016602,-0.22457218170166016,False,True
2314,c1022f89032529dbb1b58f5318cafa58c23a3b1cdcfb10c68993717d4365ddb2,mbpp,if,24,away,0.5,-1.7401213645935059,-0.22449637949466705,False,True
2314,c1022f89032529dbb1b58f5318cafa58c23a3b1cdcfb10c68993717d4365ddb2,mbpp,if,24,random,0.5,-1.7524933815002441,-0.22124336659908295,False,True
2314,c1022f89032529dbb1b58f5318cafa58c23a3b1cdcfb10c68993717d4365ddb2,mbpp,if,24,toward,1.0,-1.7402842044830322,-0.22465921938419342,False,True
2314,c1022f89032529dbb1b58f5318cafa58c23a3b1cdcfb10c68993717d4365ddb2,mbpp,if,24,away,1.0,-1.7399598360061646,-0.22433483600616455,False,True
2314,c1022f89032529dbb1b58f5318cafa58c23a3b1cdcfb10c68993717d4365ddb2,mbpp,if,24,random,1.0,-1.7519869804382324,-0.220737025141716,False,True
2314,c1022f89032529dbb1b58f5318cafa58c23a3b1cdcfb10c68993717d4365ddb2,mbpp,if,26,toward,0.5,-1.7401354312896729,-0.22451047599315643,False,True
2314,c1022f89032529dbb1b58f5318cafa58c23a3b1cdcfb10c68993717d4365ddb2,mbpp,if,26,away,0.5,-1.753174066543579,-0.22192411124706268,False,True
2314,c1022f89032529dbb1b58f5318cafa58c23a3b1cdcfb10c68993717d4365ddb2,mbpp,if,26,random,0.5,-1.7526662349700928,-0.2214161902666092,False,True
2314,c1022f89032529dbb1b58f5318cafa58c23a3b1cdcfb10c68993717d4365ddb2,mbpp,if,26,toward,1.0,-1.7653785943984985,-0.21850357949733734,False,True
2314,c1022f89032529dbb1b58f5318cafa58c23a3b1cdcfb10c68993717d4365ddb2,mbpp,if,26,away,1.0,-1.7529802322387695,-0.22173026204109192,False,True
2314,c1022f89032529dbb1b58f5318cafa58c23a3b1cdcfb10c68993717d4365ddb2,mbpp,if,26,random,1.0,-1.7783383131027222,-0.21583829820156097,False,True
2314,c1022f89032529dbb1b58f5318cafa58c23a3b1cdcfb10c68993717d4365ddb2,mbpp,if,28,toward,0.5,-1.752691388130188,-0.22144141793251038,False,True
2314,c1022f89032529dbb1b58f5318cafa58c23a3b1cdcfb10c68993717d4365ddb2,mbpp,if,28,away,0.5,-1.7653473615646362,-0.21847234666347504,False,True
2314,c1022f89032529dbb1b58f5318cafa58c23a3b1cdcfb10c68993717d4365ddb2,mbpp,if,28,random,0.5,-1.7654304504394531,-0.21855540573596954,False,True
2314,c1022f89032529dbb1b58f5318cafa58c23a3b1cdcfb10c68993717d4365ddb2,mbpp,if,28,toward,1.0,-1.7523384094238281,-0.22108837962150574,False,True
2314,c1022f89032529dbb1b58f5318cafa58c23a3b1cdcfb10c68993717d4365ddb2,mbpp,if,28,away,1.0,-1.7777293920516968,-0.21522943675518036,False,True
2314,c1022f89032529dbb1b58f5318cafa58c23a3b1cdcfb10c68993717d4365ddb2,mbpp,if,28,random,1.0,-1.7905573844909668,-0.21243232488632202,False,True
2314,c1022f89032529dbb1b58f5318cafa58c23a3b1cdcfb10c68993717d4365ddb2,mbpp,if,30,toward,0.5,-1.740119457244873,-0.22449447214603424,False,True
2314,c1022f89032529dbb1b58f5318cafa58c23a3b1cdcfb10c68993717d4365ddb2,mbpp,if,30,away,0.5,-1.7404249906539917,-0.22479994595050812,False,True
2314,c1022f89032529dbb1b58f5318cafa58c23a3b1cdcfb10c68993717d4365ddb2,mbpp,if,30,random,0.5,-1.7404251098632812,-0.22480013966560364,False,True
2314,c1022f89032529dbb1b58f5318cafa58c23a3b1cdcfb10c68993717d4365ddb2,mbpp,if,30,toward,1.0,-1.7402520179748535,-0.2246270328760147,False,True
2314,c1022f89032529dbb1b58f5318cafa58c23a3b1cdcfb10c68993717d4365ddb2,mbpp,if,30,away,1.0,-1.7404776811599731,-0.22485269606113434,False,True
2314,c1022f89032529dbb1b58f5318cafa58c23a3b1cdcfb10c68993717d4365ddb2,mbpp,if,30,random,1.0,-1.7404125928878784,-0.22478757798671722,False,True
2314,c1022f89032529dbb1b58f5318cafa58c23a3b1cdcfb10c68993717d4365ddb2,mbpp,if,31,toward,0.5,-1.7402364015579224,-0.22461141645908356,False,True
2314,c1022f89032529dbb1b58f5318cafa58c23a3b1cdcfb10c68993717d4365ddb2,mbpp,if,31,away,0.5,-1.7402364015579224,-0.22461141645908356,False,True
2314,c1022f89032529dbb1b58f5318cafa58c23a3b1cdcfb10c68993717d4365ddb2,mbpp,if,31,random,0.5,-1.7402364015579224,-0.22461141645908356,False,True
2314,c1022f89032529dbb1b58f5318cafa58c23a3b1cdcfb10c68993717d4365ddb2,mbpp,if,31,toward,1.0,-1.7402364015579224,-0.22461141645908356,False,True
2314,c1022f89032529dbb1b58f5318cafa58c23a3b1cdcfb10c68993717d4365ddb2,mbpp,if,31,away,1.0,-1.7402364015579224,-0.22461141645908356,False,True
2314,c1022f89032529dbb1b58f5318cafa58c23a3b1cdcfb10c68993717d4365ddb2,mbpp,if,31,random,1.0,-1.7402364015579224,-0.22461141645908356,False,True
2314,c1022f89032529dbb1b58f5318cafa58c23a3b1cdcfb10c68993717d4365ddb2,mbpp,body_first,0,toward,0.5,-1.7654765844345093,-0.21860158443450928,False,True
2314,c1022f89032529dbb1b58f5318cafa58c23a3b1cdcfb10c68993717d4365ddb2,mbpp,body_first,0,away,0.5,-1.7400401830673218,-0.22441522777080536,False,True
2314,c1022f89032529dbb1b58f5318cafa58c23a3b1cdcfb10c68993717d4365ddb2,mbpp,body_first,0,random,0.5,-1.7652404308319092,-0.2183654010295868,False,True
2314,c1022f89032529dbb1b58f5318cafa58c23a3b1cdcfb10c68993717d4365ddb2,mbpp,body_first,0,toward,1.0,-1.7652963399887085,-0.21842136979103088,False,True
2314,c1022f89032529dbb1b58f5318cafa58c23a3b1cdcfb10c68993717d4365ddb2,mbpp,body_first,0,away,1.0,-1.740404725074768,-0.22477976977825165,False,True
2314,c1022f89032529dbb1b58f5318cafa58c23a3b1cdcfb10c68993717d4365ddb2,mbpp,body_first,0,random,1.0,-1.7386747598648071,-0.2230498045682907,False,True
2314,c1022f89032529dbb1b58f5318cafa58c23a3b1cdcfb10c68993717d4365ddb2,mbpp,body_first,2,toward,0.5,-1.7019178867340088,-0.23316794633865356,False,True
2314,c1022f89032529dbb1b58f5318cafa58c23a3b1cdcfb10c68993717d4365ddb2,mbpp,body_first,2,away,0.5,-1.7910791635513306,-0.21295416355133057,False,True
2314,c1022f89032529dbb1b58f5318cafa58c23a3b1cdcfb10c68993717d4365ddb2,mbpp,body_first,2,random,0.5,-1.7405858039855957,-0.22496084868907928,False,True
2314,c1022f89032529dbb1b58f5318cafa58c23a3b1cdcfb10c68993717d4365ddb2,mbpp,body_first,2,toward,1.0,-1.7154152393341064,-0.23104028403759003,False,True
2314,c1022f89032529dbb1b58f5318cafa58c23a3b1cdcfb10c68993717d4365ddb2,mbpp,body_first,2,away,1.0,-1.7522528171539307,-0.22100283205509186,False,True
2314,c1022f89032529dbb1b58f5318cafa58c23a3b1cdcfb10c68993717d4365ddb2,mbpp,body_first,2,random,1.0,-1.6906373500823975,-0.23751240968704224,False,True
2314,c1022f89032529dbb1b58f5318cafa58c23a3b1cdcfb10c68993717d4365ddb2,mbpp,body_first,4,toward,0.5,-1.7530293464660645,-0.22177934646606445,False,True
2314,c1022f89032529dbb1b58f5318cafa58c23a3b1cdcfb10c68993717d4365ddb2,mbpp,body_first,4,away,0.5,-1.7146868705749512,-0.23031193017959595,False,True
2314,c1022f89032529dbb1b58f5318cafa58c23a3b1cdcfb10c68993717d4365ddb2,mbpp,body_first,4,random,0.5,-1.7528589963912964,-0.221608966588974,False,True
2314,c1022f89032529dbb1b58f5318cafa58c23a3b1cdcfb10c68993717d4365ddb2,mbpp,body_first,4,toward,1.0,-1.7404389381408691,-0.22481395304203033,False,True
2314,c1022f89032529dbb1b58f5318cafa58c23a3b1cdcfb10c68993717d4365ddb2,mbpp,body_first,4,away,1.0,-1.6897428035736084,-0.2366178035736084,False,True
2314,c1022f89032529dbb1b58f5318cafa58c23a3b1cdcfb10c68993717d4365ddb2,mbpp,body_first,4,random,1.0,-1.7027924060821533,-0.23404242098331451,False,True
2314,c1022f89032529dbb1b58f5318cafa58c23a3b1cdcfb10c68993717d4365ddb2,mbpp,body_first,6,toward,0.5,-1.7281873226165771,-0.22818738222122192,False,True
2314,c1022f89032529dbb1b58f5318cafa58c23a3b1cdcfb10c68993717d4365ddb2,mbpp,body_first,6,away,0.5,-1.7522424459457397,-0.22099241614341736,False,True
2314,c1022f89032529dbb1b58f5318cafa58c23a3b1cdcfb10c68993717d4365ddb2,mbpp,body_first,6,random,0.5,-1.7276690006256104,-0.22766906023025513,False,True
2314,c1022f89032529dbb1b58f5318cafa58c23a3b1cdcfb10c68993717d4365ddb2,mbpp,body_first,6,toward,1.0,-1.7025351524353027,-0.23378513753414154,False,True
2314,c1022f89032529dbb1b58f5318cafa58c23a3b1cdcfb10c68993717d4365ddb2,mbpp,body_first,6,away,1.0,-1.7651584148406982,-0.21828347444534302,False,True
2314,c1022f89032529dbb1b58f5318cafa58c23a3b1cdcfb10c68993717d4365ddb2,mbpp,body_first,6,random,1.0,-1.702917456626892,-0.2341674119234085,False,True
2314,c1022f89032529dbb1b58f5318cafa58c23a3b1cdcfb10c68993717d4365ddb2,mbpp,body_first,8,toward,0.5,-1.7150459289550781,-0.23067091405391693,False,True
2314,c1022f89032529dbb1b58f5318cafa58c23a3b1cdcfb10c68993717d4365ddb2,mbpp,body_first,8,away,0.5,-1.8042693138122559,-0.21051937341690063,False,True
2314,c1022f89032529dbb1b58f5318cafa58c23a3b1cdcfb10c68993717d4365ddb2,mbpp,body_first,8,random,0.5,-1.7274656295776367,-0.2274656891822815,False,True
2314,c1022f89032529dbb1b58f5318cafa58c23a3b1cdcfb10c68993717d4365ddb2,mbpp,body_first,8,toward,1.0,-1.7019392251968384,-0.233189195394516,False,True
2314,c1022f89032529dbb1b58f5318cafa58c23a3b1cdcfb10c68993717d4365ddb2,mbpp,body_first,8,away,1.0,-1.8686909675598145,-0.19681599736213684,False,True
2314,c1022f89032529dbb1b58f5318cafa58c23a3b1cdcfb10c68993717d4365ddb2,mbpp,body_first,8,random,1.0,-1.739916205406189,-0.22429120540618896,False,True
2314,c1022f89032529dbb1b58f5318cafa58c23a3b1cdcfb10c68993717d4365ddb2,mbpp,body_first,10,toward,0.5,-1.7278110980987549,-0.2278110831975937,False,True
2314,c1022f89032529dbb1b58f5318cafa58c23a3b1cdcfb10c68993717d4365ddb2,mbpp,body_first,10,away,0.5,-1.7647746801376343,-0.21789968013763428,False,True
2314,c1022f89032529dbb1b58f5318cafa58c23a3b1cdcfb10c68993717d4365ddb2,mbpp,body_first,10,random,0.5,-1.778606653213501,-0.21610666811466217,False,True
2314,c1022f89032529dbb1b58f5318cafa58c23a3b1cdcfb10c68993717d4365ddb2,mbpp,body_first,10,toward,1.0,-1.7154583930969238,-0.23108342289924622,False,True
2314,c1022f89032529dbb1b58f5318cafa58c23a3b1cdcfb10c68993717d4365ddb2,mbpp,body_first,10,away,1.0,-1.7643673419952393,-0.21749235689640045,False,True
2314,c1022f89032529dbb1b58f5318cafa58c23a3b1cdcfb10c68993717d4365ddb2,mbpp,body_first,10,random,1.0,-1.7657533884048462,-0.21887841820716858,False,True
2314,c1022f89032529dbb1b58f5318cafa58c23a3b1cdcfb10c68993717d4365ddb2,mbpp,body_first,12,toward,0.5,-1.7282886505126953,-0.22828862071037292,False,True
2314,c1022f89032529dbb1b58f5318cafa58c23a3b1cdcfb10c68993717d4365ddb2,mbpp,body_first,12,away,0.5,-1.7650130987167358,-0.21813808381557465,False,True
2314,c1022f89032529dbb1b58f5318cafa58c23a3b1cdcfb10c68993717d4365ddb2,mbpp,body_first,12,random,0.5,-1.7395758628845215,-0.2239508032798767,False,True
2314,c1022f89032529dbb1b58f5318cafa58c23a3b1cdcfb10c68993717d4365ddb2,mbpp,body_first,12,toward,1.0,-1.7035592794418335,-0.2348092496395111,False,True
2314,c1022f89032529dbb1b58f5318cafa58c23a3b1cdcfb10c68993717d4365ddb2,mbpp,body_first,12,away,1.0,-1.7009472846984863,-0.2321973443031311,False,True
2314,c1022f89032529dbb1b58f5318cafa58c23a3b1cdcfb10c68993717d4365ddb2,mbpp,body_first,12,random,1.0,-1.6504931449890137,-0.24424315989017487,False,True
2314,c1022f89032529dbb1b58f5318cafa58c23a3b1cdcfb10c68993717d4365ddb2,mbpp,body_first,14,toward,0.5,-1.72773015499115,-0.22773019969463348,False,True
2314,c1022f89032529dbb1b58f5318cafa58c23a3b1cdcfb10c68993717d4365ddb2,mbpp,body_first,14,away,0.5,-1.714847445487976,-0.2304724156856537,False,True
2314,c1022f89032529dbb1b58f5318cafa58c23a3b1cdcfb10c68993717d4365ddb2,mbpp,body_first,14,random,0.5,-1.663883924484253,-0.2420089691877365,False,True
2314,c1022f89032529dbb1b58f5318cafa58c23a3b1cdcfb10c68993717d4365ddb2,mbpp,body_first,14,toward,1.0,-1.6897786855697632,-0.2366536557674408,False,True
2314,c1022f89032529dbb1b58f5318cafa58c23a3b1cdcfb10c68993717d4365ddb2,mbpp,body_first,14,away,1.0,-1.6026915311813354,-0.25894156098365784,False,True
2314,c1022f89032529dbb1b58f5318cafa58c23a3b1cdcfb10c68993717d4365ddb2,mbpp,body_first,14,random,1.0,-1.5896310806274414,-0.2615061104297638,False,True
2314,c1022f89032529dbb1b58f5318cafa58c23a3b1cdcfb10c68993717d4365ddb2,mbpp,body_first,16,toward,0.5,-1.727121353149414,-0.22712141275405884,False,True
2314,c1022f89032529dbb1b58f5318cafa58c23a3b1cdcfb10c68993717d4365ddb2,mbpp,body_first,16,away,0.5,-1.7789965867996216,-0.21649661660194397,False,True
2314,c1022f89032529dbb1b58f5318cafa58c23a3b1cdcfb10c68993717d4365ddb2,mbpp,body_first,16,random,0.5,-1.7273575067520142,-0.22735753655433655,False,True
2314,c1022f89032529dbb1b58f5318cafa58c23a3b1cdcfb10c68993717d4365ddb2,mbpp,body_first,16,toward,1.0,-1.7400949001312256,-0.22446990013122559,False,True
2314,c1022f89032529dbb1b58f5318cafa58c23a3b1cdcfb10c68993717d4365ddb2,mbpp,body_first,16,away,1.0,-1.7786287069320679,-0.2161286622285843,False,True
2314,c1022f89032529dbb1b58f5318cafa58c23a3b1cdcfb10c68993717d4365ddb2,mbpp,body_first,16,random,1.0,-1.727523684501648,-0.22752371430397034,False,True
2314,c1022f89032529dbb1b58f5318cafa58c23a3b1cdcfb10c68993717d4365ddb2,mbpp,body_first,18,toward,0.5,-1.7401679754257202,-0.22454294562339783,False,True
2314,c1022f89032529dbb1b58f5318cafa58c23a3b1cdcfb10c68993717d4365ddb2,mbpp,body_first,18,away,0.5,-1.7526721954345703,-0.2214222103357315,False,True
2314,c1022f89032529dbb1b58f5318cafa58c23a3b1cdcfb10c68993717d4365ddb2,mbpp,body_first,18,random,0.5,-1.7525750398635864,-0.22132505476474762,False,True
2314,c1022f89032529dbb1b58f5318cafa58c23a3b1cdcfb10c68993717d4365ddb2,mbpp,body_first,18,toward,1.0,-1.752739429473877,-0.22148936986923218,False,True
2314,c1022f89032529dbb1b58f5318cafa58c23a3b1cdcfb10c68993717d4365ddb2,mbpp,body_first,18,away,1.0,-1.7526806592941284,-0.22143061459064484,False,True
2314,c1022f89032529dbb1b58f5318cafa58c23a3b1cdcfb10c68993717d4365ddb2,mbpp,body_first,18,random,1.0,-1.7652804851531982,-0.21840545535087585,False,True
2314,c1022f89032529dbb1b58f5318cafa58c23a3b1cdcfb10c68993717d4365ddb2,mbpp,body_first,20,toward,0.5,-1.739965796470642,-0.2243407517671585,False,True
2314,c1022f89032529dbb1b58f5318cafa58c23a3b1cdcfb10c68993717d4365ddb2,mbpp,body_first,20,away,0.5,-1.752915620803833,-0.22166560590267181,False,True
2314,c1022f89032529dbb1b58f5318cafa58c23a3b1cdcfb10c68993717d4365ddb2,mbpp,body_first,20,random,0.5,-1.7533562183380127,-0.2221061736345291,False,True
2314,c1022f89032529dbb1b58f5318cafa58c23a3b1cdcfb10c68993717d4365ddb2,mbpp,body_first,20,toward,1.0,-1.752367615699768,-0.22111761569976807,False,True
2314,c1022f89032529dbb1b58f5318cafa58c23a3b1cdcfb10c68993717d4365ddb2,mbpp,body_first,20,away,1.0,-1.752747654914856,-0.22149768471717834,False,True
2314,c1022f89032529dbb1b58f5318cafa58c23a3b1cdcfb10c68993717d4365ddb2,mbpp,body_first,20,random,1.0,-1.7531285285949707,-0.2218785583972931,False,True
2314,c1022f89032529dbb1b58f5318cafa58c23a3b1cdcfb10c68993717d4365ddb2,mbpp,body_first,22,toward,0.5,-1.7527954578399658,-0.22154544293880463,False,True
2314,c1022f89032529dbb1b58f5318cafa58c23a3b1cdcfb10c68993717d4365ddb2,mbpp,body_first,22,away,0.5,-1.7530076503753662,-0.2217576652765274,False,True
2314,c1022f89032529dbb1b58f5318cafa58c23a3b1cdcfb10c68993717d4365ddb2,mbpp,body_first,22,random,0.5,-1.7530202865600586,-0.2217702716588974,False,True
2314,c1022f89032529dbb1b58f5318cafa58c23a3b1cdcfb10c68993717d4365ddb2,mbpp,body_first,22,toward,1.0,-1.752827763557434,-0.2215777337551117,False,True
2314,c1022f89032529dbb1b58f5318cafa58c23a3b1cdcfb10c68993717d4365ddb2,mbpp,body_first,22,away,1.0,-1.752835750579834,-0.22158575057983398,False,True
2314,c1022f89032529dbb1b58f5318cafa58c23a3b1cdcfb10c68993717d4365ddb2,mbpp,body_first,22,random,1.0,-1.7531847953796387,-0.22193481028079987,False,True
2314,c1022f89032529dbb1b58f5318cafa58c23a3b1cdcfb10c68993717d4365ddb2,mbpp,body_first,24,toward,0.5,-1.7400848865509033,-0.22445990145206451,False,True
2314,c1022f89032529dbb1b58f5318cafa58c23a3b1cdcfb10c68993717d4365ddb2,mbpp,body_first,24,away,0.5,-1.7530195713043213,-0.22176960110664368,False,True
2314,c1022f89032529dbb1b58f5318cafa58c23a3b1cdcfb10c68993717d4365ddb2,mbpp,body_first,24,random,0.5,-1.7654529809951782,-0.2185780107975006,False,True
2314,c1022f89032529dbb1b58f5318cafa58c23a3b1cdcfb10c68993717d4365ddb2,mbpp,body_first,24,toward,1.0,-1.7401164770126343,-0.22449152171611786,False,True
2314,c1022f89032529dbb1b58f5318cafa58c23a3b1cdcfb10c68993717d4365ddb2,mbpp,body_first,24,away,1.0,-1.7529656887054443,-0.2217157483100891,False,True
2314,c1022f89032529dbb1b58f5318cafa58c23a3b1cdcfb10c68993717d4365ddb2,mbpp,body_first,24,random,1.0,-1.7656142711639404,-0.2187393307685852,False,True
2314,c1022f89032529dbb1b58f5318cafa58c23a3b1cdcfb10c68993717d4365ddb2,mbpp,body_first,26,toward,0.5,-1.7526932954788208,-0.2214433252811432,False,True
2314,c1022f89032529dbb1b58f5318cafa58c23a3b1cdcfb10c68993717d4365ddb2,mbpp,body_first,26,away,0.5,-1.7528364658355713,-0.22158651053905487,False,True
2314,c1022f89032529dbb1b58f5318cafa58c23a3b1cdcfb10c68993717d4365ddb2,mbpp,body_first,26,random,0.5,-1.7401288747787476,-0.22450390458106995,False,True
2314,c1022f89032529dbb1b58f5318cafa58c23a3b1cdcfb10c68993717d4365ddb2,mbpp,body_first,26,toward,1.0,-1.7526817321777344,-0.2214316725730896,False,True
2314,c1022f89032529dbb1b58f5318cafa58c23a3b1cdcfb10c68993717d4365ddb2,mbpp,body_first,26,away,1.0,-1.7528178691864014,-0.22156788408756256,False,True
2314,c1022f89032529dbb1b58f5318cafa58c23a3b1cdcfb10c68993717d4365ddb2,mbpp,body_first,26,random,1.0,-1.740156888961792,-0.22453190386295319,False,True
2314,c1022f89032529dbb1b58f5318cafa58c23a3b1cdcfb10c68993717d4365ddb2,mbpp,body_first,28,toward,0.5,-1.7401516437530518,-0.22452665865421295,False,True
2314,c1022f89032529dbb1b58f5318cafa58c23a3b1cdcfb10c68993717d4365ddb2,mbpp,body_first,28,away,0.5,-1.7529630661010742,-0.22171306610107422,False,True
2314,c1022f89032529dbb1b58f5318cafa58c23a3b1cdcfb10c68993717d4365ddb2,mbpp,body_first,28,random,0.5,-1.7527624368667603,-0.22151239216327667,False,True
2314,c1022f89032529dbb1b58f5318cafa58c23a3b1cdcfb10c68993717d4365ddb2,mbpp,body_first,28,toward,1.0,-1.7528955936431885,-0.2216455489397049,False,True
2314,c1022f89032529dbb1b58f5318cafa58c23a3b1cdcfb10c68993717d4365ddb2,mbpp,body_first,28,away,1.0,-1.739906668663025,-0.2242816835641861,False,True
2314,c1022f89032529dbb1b58f5318cafa58c23a3b1cdcfb10c68993717d4365ddb2,mbpp,body_first,28,random,1.0,-1.7527989149093628,-0.2215488851070404,False,True
2314,c1022f89032529dbb1b58f5318cafa58c23a3b1cdcfb10c68993717d4365ddb2,mbpp,body_first,30,toward,0.5,-1.7531280517578125,-0.2218780815601349,False,True
2314,c1022f89032529dbb1b58f5318cafa58c23a3b1cdcfb10c68993717d4365ddb2,mbpp,body_first,30,away,0.5,-1.7530815601348877,-0.2218315750360489,False,True
2314,c1022f89032529dbb1b58f5318cafa58c23a3b1cdcfb10c68993717d4365ddb2,mbpp,body_first,30,random,0.5,-1.7529946565628052,-0.22174467146396637,False,True
2314,c1022f89032529dbb1b58f5318cafa58c23a3b1cdcfb10c68993717d4365ddb2,mbpp,body_first,30,toward,1.0,-1.740641474723816,-0.22501643002033234,False,True
2314,c1022f89032529dbb1b58f5318cafa58c23a3b1cdcfb10c68993717d4365ddb2,mbpp,body_first,30,away,1.0,-1.7530665397644043,-0.22181658446788788,False,True
2314,c1022f89032529dbb1b58f5318cafa58c23a3b1cdcfb10c68993717d4365ddb2,mbpp,body_first,30,random,1.0,-1.7529927492141724,-0.22174276411533356,False,True
2314,c1022f89032529dbb1b58f5318cafa58c23a3b1cdcfb10c68993717d4365ddb2,mbpp,body_first,31,toward,0.5,-1.7402364015579224,-0.22461141645908356,False,True
2314,c1022f89032529dbb1b58f5318cafa58c23a3b1cdcfb10c68993717d4365ddb2,mbpp,body_first,31,away,0.5,-1.7402364015579224,-0.22461141645908356,False,True
2314,c1022f89032529dbb1b58f5318cafa58c23a3b1cdcfb10c68993717d4365ddb2,mbpp,body_first,31,random,0.5,-1.7402364015579224,-0.22461141645908356,False,True
2314,c1022f89032529dbb1b58f5318cafa58c23a3b1cdcfb10c68993717d4365ddb2,mbpp,body_first,31,toward,1.0,-1.7402364015579224,-0.22461141645908356,False,True
2314,c1022f89032529dbb1b58f5318cafa58c23a3b1cdcfb10c68993717d4365ddb2,mbpp,body_first,31,away,1.0,-1.7402364015579224,-0.22461141645908356,False,True
2314,c1022f89032529dbb1b58f5318cafa58c23a3b1cdcfb10c68993717d4365ddb2,mbpp,body_first,31,random,1.0,-1.7402364015579224,-0.22461141645908356,False,True
2314,c1022f89032529dbb1b58f5318cafa58c23a3b1cdcfb10c68993717d4365ddb2,mbpp,answer,0,toward,0.5,-1.7119770050048828,-0.22760194540023804,False,True
2314,c1022f89032529dbb1b58f5318cafa58c23a3b1cdcfb10c68993717d4365ddb2,mbpp,answer,0,away,0.5,-1.7552905082702637,-0.2240404635667801,False,True
2314,c1022f89032529dbb1b58f5318cafa58c23a3b1cdcfb10c68993717d4365ddb2,mbpp,answer,0,random,0.5,-1.675559163093567,-0.23805919289588928,False,True
2314,c1022f89032529dbb1b58f5318cafa58c23a3b1cdcfb10c68993717d4365ddb2,mbpp,answer,0,toward,1.0,-1.695594072341919,-0.22684410214424133,False,True
2314,c1022f89032529dbb1b58f5318cafa58c23a3b1cdcfb10c68993717d4365ddb2,mbpp,answer,0,away,1.0,-1.6707966327667236,-0.24892164766788483,False,True
2314,c1022f89032529dbb1b58f5318cafa58c23a3b1cdcfb10c68993717d4365ddb2,mbpp,answer,0,random,1.0,-1.635329246520996,-0.2447042316198349,False,True
2314,c1022f89032529dbb1b58f5318cafa58c23a3b1cdcfb10c68993717d4365ddb2,mbpp,answer,2,toward,0.5,-1.7134613990783691,-0.22908641397953033,False,True
2314,c1022f89032529dbb1b58f5318cafa58c23a3b1cdcfb10c68993717d4365ddb2,mbpp,answer,2,away,0.5,-1.7817994356155396,-0.21929945051670074,False,True
2314,c1022f89032529dbb1b58f5318cafa58c23a3b1cdcfb10c68993717d4365ddb2,mbpp,answer,2,random,0.5,-1.6296298503875732,-0.25462982058525085,False,True
2314,c1022f89032529dbb1b58f5318cafa58c23a3b1cdcfb10c68993717d4365ddb2,mbpp,answer,2,toward,1.0,-1.4806658029556274,-0.29316583275794983,False,True
2314,c1022f89032529dbb1b58f5318cafa58c23a3b1cdcfb10c68993717d4365ddb2,mbpp,answer,2,away,1.0,-1.6930313110351562,-0.23990634083747864,False,True
2314,c1022f89032529dbb1b58f5318cafa58c23a3b1cdcfb10c68993717d4365ddb2,mbpp,answer,2,random,1.0,-1.4243881702423096,-0.31501320004463196,False,True
2314,c1022f89032529dbb1b58f5318cafa58c23a3b1cdcfb10c68993717d4365ddb2,mbpp,answer,4,toward,0.5,-1.5759387016296387,-0.26343873143196106,False,True
2314,c1022f89032529dbb1b58f5318cafa58c23a3b1cdcfb10c68993717d4365ddb2,mbpp,answer,4,away,0.5,-1.766521692276001,-0.21964670717716217,False,True
2314,c1022f89032529dbb1b58f5318cafa58c23a3b1cdcfb10c68993717d4365ddb2,mbpp,answer,4,random,0.5,-1.6610026359558105,-0.23912763595581055,False,True
2314,c1022f89032529dbb1b58f5318cafa58c23a3b1cdcfb10c68993717d4365ddb2,mbpp,answer,4,toward,1.0,-1.3386459350585938,-0.33864593505859375,False,True
2314,c1022f89032529dbb1b58f5318cafa58c23a3b1cdcfb10c68993717d4365ddb2,mbpp,answer,4,away,1.0,-1.7527062892913818,-0.22145631909370422,False,True
2314,c1022f89032529dbb1b58f5318cafa58c23a3b1cdcfb10c68993717d4365ddb2,mbpp,answer,4,random,1.0,-1.595038890838623,-0.25128892064094543,False,True
2314,c1022f89032529dbb1b58f5318cafa58c23a3b1cdcfb10c68993717d4365ddb2,mbpp,answer,6,toward,0.5,-1.7892529964447021,-0.21112802624702454,False,True
2314,c1022f89032529dbb1b58f5318cafa58c23a3b1cdcfb10c68993717d4365ddb2,mbpp,answer,6,away,0.5,-1.601644515991211,-0.2578945457935333,False,True
2314,c1022f89032529dbb1b58f5318cafa58c23a3b1cdcfb10c68993717d4365ddb2,mbpp,answer,6,random,0.5,-1.7790120840072632,-0.21651208400726318,False,True
2314,c1022f89032529dbb1b58f5318cafa58c23a3b1cdcfb10c68993717d4365ddb2,mbpp,answer,6,toward,1.0,-1.7123640775680542,-0.2279890477657318,False,True
2314,c1022f89032529dbb1b58f5318cafa58c23a3b1cdcfb10c68993717d4365ddb2,mbpp,answer,6,away,1.0,-1.3841522932052612,-0.32165226340293884,False,True
2314,c1022f89032529dbb1b58f5318cafa58c23a3b1cdcfb10c68993717d4365ddb2,mbpp,answer,6,random,1.0,-1.6651564836502075,-0.24328148365020752,False,True
2314,c1022f89032529dbb1b58f5318cafa58c23a3b1cdcfb10c68993717d4365ddb2,mbpp,answer,8,toward,0.5,-1.7207223176956177,-0.23634736239910126,False,True
2314,c1022f89032529dbb1b58f5318cafa58c23a3b1cdcfb10c68993717d4365ddb2,mbpp,answer,8,away,0.5,-1.723273754119873,-0.22327381372451782,False,True
2314,c1022f89032529dbb1b58f5318cafa58c23a3b1cdcfb10c68993717d4365ddb2,mbpp,answer,8,random,0.5,-1.7690845727920532,-0.22220955789089203,False,True
2314,c1022f89032529dbb1b58f5318cafa58c23a3b1cdcfb10c68993717d4365ddb2,mbpp,answer,8,toward,1.0,-1.617680311203003,-0.3051803410053253,False,True
2314,c1022f89032529dbb1b58f5318cafa58c23a3b1cdcfb10c68993717d4365ddb2,mbpp,answer,8,away,1.0,-1.7452281713485718,-0.21397815644741058,False,True
2314,c1022f89032529dbb1b58f5318cafa58c23a3b1cdcfb10c68993717d4365ddb2,mbpp,answer,8,random,1.0,-1.725071668624878,-0.24069669842720032,False,True
2314,c1022f89032529dbb1b58f5318cafa58c23a3b1cdcfb10c68993717d4365ddb2,mbpp,answer,10,toward,0.5,-1.5570942163467407,-0.2758442163467407,False,True
2314,c1022f89032529dbb1b58f5318cafa58c23a3b1cdcfb10c68993717d4365ddb2,mbpp,answer,10,away,0.5,-1.780137538909912,-0.2176375538110733,False,True
2314,c1022f89032529dbb1b58f5318cafa58c23a3b1cdcfb10c68993717d4365ddb2,mbpp,answer,10,random,0.5,-1.8565585613250732,-0.20030857622623444,False,True
2314,c1022f89032529dbb1b58f5318cafa58c23a3b1cdcfb10c68993717d4365ddb2,mbpp,answer,10,toward,1.0,-1.416673183441162,-0.35417312383651733,False,True
2314,c1022f89032529dbb1b58f5318cafa58c23a3b1cdcfb10c68993717d4365ddb2,mbpp,answer,10,away,1.0,-1.6196773052215576,-0.26030233502388,False,True
2314,c1022f89032529dbb1b58f5318cafa58c23a3b1cdcfb10c68993717d4365ddb2,mbpp,answer,10,random,1.0,-1.8026418685913086,-0.2245168536901474,False,True
2314,c1022f89032529dbb1b58f5318cafa58c23a3b1cdcfb10c68993717d4365ddb2,mbpp,answer,12,toward,0.5,-1.8530418872833252,-0.2124169021844864,False,True
2314,c1022f89032529dbb1b58f5318cafa58c23a3b1cdcfb10c68993717d4365ddb2,mbpp,answer,12,away,0.5,-1.4928001165390015,-0.28967514634132385,False,True
2314,c1022f89032529dbb1b58f5318cafa58c23a3b1cdcfb10c68993717d4365ddb2,mbpp,answer,12,random,0.5,-2.0533883571624756,-0.1627633422613144,False,True
2314,c1022f89032529dbb1b58f5318cafa58c23a3b1cdcfb10c68993717d4365ddb2,mbpp,answer,12,toward,1.0,-1.7032626867294312,-0.29701265692710876,False,True
2314,c1022f89032529dbb1b58f5318cafa58c23a3b1cdcfb10c68993717d4365ddb2,mbpp,answer,12,away,1.0,-1.157231092453003,-0.4228561520576477,False,True
2314,c1022f89032529dbb1b58f5318cafa58c23a3b1cdcfb10c68993717d4365ddb2,mbpp,answer,12,random,1.0,-2.2501027584075928,-0.14072777330875397,False,True
2314,c1022f89032529dbb1b58f5318cafa58c23a3b1cdcfb10c68993717d4365ddb2,mbpp,answer,14,toward,0.5,-1.2823832035064697,-0.3917582035064697,False,True
2314,c1022f89032529dbb1b58f5318cafa58c23a3b1cdcfb10c68993717d4365ddb2,mbpp,answer,14,away,0.5,-1.916839361190796,-0.1824643462896347,False,True
2314,c1022f89032529dbb1b58f5318cafa58c23a3b1cdcfb10c68993717d4365ddb2,mbpp,answer,14,random,0.5,-1.724534273147583,-0.2245342880487442,False,True
2314,c1022f89032529dbb1b58f5318cafa58c23a3b1cdcfb10c68993717d4365ddb2,mbpp,answer,14,toward,1.0,-1.002037763595581,-0.6270377039909363,False,True
2314,c1022f89032529dbb1b58f5318cafa58c23a3b1cdcfb10c68993717d4365ddb2,mbpp,answer,14,away,1.0,-1.908240795135498,-0.18949081003665924,False,True
2314,c1022f89032529dbb1b58f5318cafa58c23a3b1cdcfb10c68993717d4365ddb2,mbpp,answer,14,random,1.0,-1.8149974346160889,-0.20562244951725006,False,True
2314,c1022f89032529dbb1b58f5318cafa58c23a3b1cdcfb10c68993717d4365ddb2,mbpp,answer,16,toward,0.5,-0.6426442861557007,-0.8301442861557007,True,False
2314,c1022f89032529dbb1b58f5318cafa58c23a3b1cdcfb10c68993717d4365ddb2,mbpp,answer,16,away,0.5,-2.6576225757598877,-0.09512259066104889,False,True
2314,c1022f89032529dbb1b58f5318cafa58c23a3b1cdcfb10c68993717d4365ddb2,mbpp,answer,16,random,0.5,-1.8578158617019653,-0.20156584680080414,False,True
2314,c1022f89032529dbb1b58f5318cafa58c23a3b1cdcfb10c68993717d4365ddb2,mbpp,answer,16,toward,1.0,-0.28437456488609314,-1.6593745946884155,True,False
2314,c1022f89032529dbb1b58f5318cafa58c23a3b1cdcfb10c68993717d4365ddb2,mbpp,answer,16,away,1.0,-3.5823826789855957,-0.05113261565566063,False,True
2314,c1022f89032529dbb1b58f5318cafa58c23a3b1cdcfb10c68993717d4365ddb2,mbpp,answer,16,random,1.0,-1.7327252626419067,-0.23272521793842316,False,True
2314,c1022f89032529dbb1b58f5318cafa58c23a3b1cdcfb10c68993717d4365ddb2,mbpp,answer,18,toward,0.5,-1.0730342864990234,-0.4792843461036682,False,True
2314,c1022f89032529dbb1b58f5318cafa58c23a3b1cdcfb10c68993717d4365ddb2,mbpp,answer,18,away,0.5,-2.7690443992614746,-0.0971694365143776,False,True
2314,c1022f89032529dbb1b58f5318cafa58c23a3b1cdcfb10c68993717d4365ddb2,mbpp,answer,18,random,0.5,-1.7050997018814087,-0.2519747316837311,False,True
2314,c1022f89032529dbb1b58f5318cafa58c23a3b1cdcfb10c68993717d4365ddb2,mbpp,answer,18,toward,1.0,-0.9285821914672852,-0.6160821914672852,False,True
2314,c1022f89032529dbb1b58f5318cafa58c23a3b1cdcfb10c68993717d4365ddb2,mbpp,answer,18,away,1.0,-3.741976022720337,-0.0857260525226593,False,True
2314,c1022f89032529dbb1b58f5318cafa58c23a3b1cdcfb10c68993717d4365ddb2,mbpp,answer,18,random,1.0,-1.6993401050567627,-0.29309016466140747,False,True
2314,c1022f89032529dbb1b58f5318cafa58c23a3b1cdcfb10c68993717d4365ddb2,mbpp,answer,20,toward,0.5,-1.1564123630523682,-0.4376623034477234,False,True
2314,c1022f89032529dbb1b58f5318cafa58c23a3b1cdcfb10c68993717d4365ddb2,mbpp,answer,20,away,0.5,-2.377490282058716,-0.12749037146568298,False,True
2314,c1022f89032529dbb1b58f5318cafa58c23a3b1cdcfb10c68993717d4365ddb2,mbpp,answer,20,random,0.5,-1.6034294366836548,-0.2596794366836548,False,True
2314,c1022f89032529dbb1b58f5318cafa58c23a3b1cdcfb10c68993717d4365ddb2,mbpp,answer,20,toward,1.0,-0.9496392011642456,-0.5902642011642456,False,True
2314,c1022f89032529dbb1b58f5318cafa58c23a3b1cdcfb10c68993717d4365ddb2,mbpp,answer,20,away,1.0,-2.59812331199646,-0.12937332689762115,False,True
2314,c1022f89032529dbb1b58f5318cafa58c23a3b1cdcfb10c68993717d4365ddb2,mbpp,answer,20,random,1.0,-1.4136073589324951,-0.3354823887348175,False,True
2314,c1022f89032529dbb1b58f5318cafa58c23a3b1cdcfb10c68993717d4365ddb2,mbpp,answer,22,toward,0.5,-1.2690893411636353,-0.37846431136131287,False,True
2314,c1022f89032529dbb1b58f5318cafa58c23a3b1cdcfb10c68993717d4365ddb2,mbpp,answer,22,away,0.5,-2.217379570007324,-0.1392545849084854,False,True
2314,c1022f89032529dbb1b58f5318cafa58c23a3b1cdcfb10c68993717d4365ddb2,mbpp,answer,22,random,0.5,-1.6381688117980957,-0.24754378199577332,False,True
2314,c1022f89032529dbb1b58f5318cafa58c23a3b1cdcfb10c68993717d4365ddb2,mbpp,answer,22,toward,1.0,-1.0507007837295532,-0.5038257837295532,False,True
2314,c1022f89032529dbb1b58f5318cafa58c23a3b1cdcfb10c68993717d4365ddb2,mbpp,answer,22,away,1.0,-2.421919345855713,-0.12504437565803528,False,True
2314,c1022f89032529dbb1b58f5318cafa58c23a3b1cdcfb10c68993717d4365ddb2,mbpp,answer,22,random,1.0,-1.5822346210479736,-0.26973459124565125,False,True
2314,c1022f89032529dbb1b58f5318cafa58c23a3b1cdcfb10c68993717d4365ddb2,mbpp,answer,24,toward,0.5,-1.3379137516021729,-0.3535388112068176,False,True
2314,c1022f89032529dbb1b58f5318cafa58c23a3b1cdcfb10c68993717d4365ddb2,mbpp,answer,24,away,0.5,-2.3197710514068604,-0.13227102160453796,False,True
2314,c1022f89032529dbb1b58f5318cafa58c23a3b1cdcfb10c68993717d4365ddb2,mbpp,answer,24,random,0.5,-1.8530526161193848,-0.21242760121822357,False,True
2314,c1022f89032529dbb1b58f5318cafa58c23a3b1cdcfb10c68993717d4365ddb2,mbpp,answer,24,toward,1.0,-1.1764812469482422,-0.4577312469482422,False,True
2314,c1022f89032529dbb1b58f5318cafa58c23a3b1cdcfb10c68993717d4365ddb2,mbpp,answer,24,away,1.0,-2.7927215099334717,-0.12084651738405228,False,True
2314,c1022f89032529dbb1b58f5318cafa58c23a3b1cdcfb10c68993717d4365ddb2,mbpp,answer,24,random,1.0,-2.0534095764160156,-0.19403468072414398,False,True
2314,c1022f89032529dbb1b58f5318cafa58c23a3b1cdcfb10c68993717d4365ddb2,mbpp,answer,26,toward,0.5,-1.3054676055908203,-0.36796754598617554,False,True
2314,c1022f89032529dbb1b58f5318cafa58c23a3b1cdcfb10c68993717d4365ddb2,mbpp,answer,26,away,0.5,-2.389836549758911,-0.12421149760484695,False,True
2314,c1022f89032529dbb1b58f5318cafa58c23a3b1cdcfb10c68993717d4365ddb2,mbpp,answer,26,random,0.5,-1.629734992980957,-0.25473496317863464,False,True
2314,c1022f89032529dbb1b58f5318cafa58c23a3b1cdcfb10c68993717d4365ddb2,mbpp,answer,26,toward,1.0,-1.114896535873413,-0.5211465358734131,False,True
2314,c1022f89032529dbb1b58f5318cafa58c23a3b1cdcfb10c68993717d4365ddb2,mbpp,answer,26,away,1.0,-2.9190778732299805,-0.09095294028520584,False,True
2314,c1022f89032529dbb1b58f5318cafa58c23a3b1cdcfb10c68993717d4365ddb2,mbpp,answer,26,random,1.0,-1.4902446269989014,-0.3027445673942566,False,True
2314,c1022f89032529dbb1b58f5318cafa58c23a3b1cdcfb10c68993717d4365ddb2,mbpp,answer,28,toward,0.5,-1.2808326482772827,-0.3745826780796051,False,True
2314,c1022f89032529dbb1b58f5318cafa58c23a3b1cdcfb10c68993717d4365ddb2,mbpp,answer,28,away,0.5,-2.5593783855438232,-0.10625334084033966,False,True
2314,c1022f89032529dbb1b58f5318cafa58c23a3b1cdcfb10c68993717d4365ddb2,mbpp,answer,28,random,0.5,-1.6156175136566162,-0.2562424838542938,False,True
2314,c1022f89032529dbb1b58f5318cafa58c23a3b1cdcfb10c68993717d4365ddb2,mbpp,answer,28,toward,1.0,-1.1247565746307373,-0.4997565746307373,False,True
2314,c1022f89032529dbb1b58f5318cafa58c23a3b1cdcfb10c68993717d4365ddb2,mbpp,answer,28,away,1.0,-3.3473520278930664,-0.06610197573900223,False,True
2314,c1022f89032529dbb1b58f5318cafa58c23a3b1cdcfb10c68993717d4365ddb2,mbpp,answer,28,random,1.0,-1.4648199081420898,-0.3085699677467346,False,True
2314,c1022f89032529dbb1b58f5318cafa58c23a3b1cdcfb10c68993717d4365ddb2,mbpp,answer,30,toward,0.5,-1.3868106603622437,-0.33993563055992126,False,True
2314,c1022f89032529dbb1b58f5318cafa58c23a3b1cdcfb10c68993717d4365ddb2,mbpp,answer,30,away,0.5,-2.902850389480591,-0.07472539693117142,False,True
2314,c1022f89032529dbb1b58f5318cafa58c23a3b1cdcfb10c68993717d4365ddb2,mbpp,answer,30,random,0.5,-1.9938149452209473,-0.16568996012210846,False,True
2314,c1022f89032529dbb1b58f5318cafa58c23a3b1cdcfb10c68993717d4365ddb2,mbpp,answer,30,toward,1.0,-1.3981646299362183,-0.41378962993621826,False,True
2314,c1022f89032529dbb1b58f5318cafa58c23a3b1cdcfb10c68993717d4365ddb2,mbpp,answer,30,away,1.0,-4.017516613006592,-0.0643915981054306,False,True
2314,c1022f89032529dbb1b58f5318cafa58c23a3b1cdcfb10c68993717d4365ddb2,mbpp,answer,30,random,1.0,-2.390434503555298,-0.10918451100587845,False,True
2314,c1022f89032529dbb1b58f5318cafa58c23a3b1cdcfb10c68993717d4365ddb2,mbpp,answer,31,toward,0.5,-1.0878887176513672,-0.6347637176513672,False,True
2314,c1022f89032529dbb1b58f5318cafa58c23a3b1cdcfb10c68993717d4365ddb2,mbpp,answer,31,away,0.5,-3.0982491970062256,-0.34824928641319275,False,True
2314,c1022f89032529dbb1b58f5318cafa58c23a3b1cdcfb10c68993717d4365ddb2,mbpp,answer,31,random,0.5,-2.0758838653564453,-0.2008838802576065,False,True
2314,c1022f89032529dbb1b58f5318cafa58c23a3b1cdcfb10c68993717d4365ddb2,mbpp,answer,31,toward,1.0,-1.8230998516082764,-1.9949748516082764,False,False
2314,c1022f89032529dbb1b58f5318cafa58c23a3b1cdcfb10c68993717d4365ddb2,mbpp,answer,31,away,1.0,-7.094911575317383,-3.8605363368988037,False,False
2314,c1022f89032529dbb1b58f5318cafa58c23a3b1cdcfb10c68993717d4365ddb2,mbpp,answer,31,random,1.0,-2.657078504562378,-0.7664534449577332,False,True
2316,c1022f89032529dbb1b58f5318cafa58c23a3b1cdcfb10c68993717d4365ddb2,mbpp,baseline,-1,none,0.0,-1.5024333000183105,-0.2836833596229553,False,True
2316,c1022f89032529dbb1b58f5318cafa58c23a3b1cdcfb10c68993717d4365ddb2,mbpp,if,0,toward,0.5,-1.6118841171264648,-0.25250911712646484,False,True
2316,c1022f89032529dbb1b58f5318cafa58c23a3b1cdcfb10c68993717d4365ddb2,mbpp,if,0,away,0.5,-1.361098051071167,-0.3298479914665222,False,True
2316,c1022f89032529dbb1b58f5318cafa58c23a3b1cdcfb10c68993717d4365ddb2,mbpp,if,0,random,0.5,-1.2604893445968628,-0.3698643743991852,False,True
2316,c1022f89032529dbb1b58f5318cafa58c23a3b1cdcfb10c68993717d4365ddb2,mbpp,if,0,toward,1.0,-1.3929920196533203,-0.3461170196533203,False,True
2316,c1022f89032529dbb1b58f5318cafa58c23a3b1cdcfb10c68993717d4365ddb2,mbpp,if,0,away,1.0,-1.5161229372024536,-0.2973729372024536,False,True
2316,c1022f89032529dbb1b58f5318cafa58c23a3b1cdcfb10c68993717d4365ddb2,mbpp,if,0,random,1.0,-1.210524082183838,-0.4136490225791931,False,True
2316,c1022f89032529dbb1b58f5318cafa58c23a3b1cdcfb10c68993717d4365ddb2,mbpp,if,2,toward,0.5,-1.5513237714767456,-0.2700737714767456,False,True
2316,c1022f89032529dbb1b58f5318cafa58c23a3b1cdcfb10c68993717d4365ddb2,mbpp,if,2,away,0.5,-1.6904547214508057,-0.2529546618461609,False,True
2316,c1022f89032529dbb1b58f5318cafa58c23a3b1cdcfb10c68993717d4365ddb2,mbpp,if,2,random,0.5,-1.2277069091796875,-0.3839569091796875,False,True
2316,c1022f89032529dbb1b58f5318cafa58c23a3b1cdcfb10c68993717d4365ddb2,mbpp,if,2,toward,1.0,-1.2514172792434692,-0.37641724944114685,False,True
2316,c1022f89032529dbb1b58f5318cafa58c23a3b1cdcfb10c68993717d4365ddb2,mbpp,if,2,away,1.0,-1.777247667312622,-0.23037272691726685,False,True
2316,c1022f89032529dbb1b58f5318cafa58c23a3b1cdcfb10c68993717d4365ddb2,mbpp,if,2,random,1.0,-1.267580509185791,-0.36133044958114624,False,True
2316,c1022f89032529dbb1b58f5318cafa58c23a3b1cdcfb10c68993717d4365ddb2,mbpp,if,4,toward,0.5,-0.9638223648071289,-0.5263223648071289,False,True
2316,c1022f89032529dbb1b58f5318cafa58c23a3b1cdcfb10c68993717d4365ddb2,mbpp,if,4,away,0.5,-1.7153955698013306,-0.24664555490016937,False,True
2316,c1022f89032529dbb1b58f5318cafa58c23a3b1cdcfb10c68993717d4365ddb2,mbpp,if,4,random,0.5,-1.3752245903015137,-0.3283495306968689,False,True
2316,c1022f89032529dbb1b58f5318cafa58c23a3b1cdcfb10c68993717d4365ddb2,mbpp,if,4,toward,1.0,-1.499683141708374,-0.31218311190605164,False,True
2316,c1022f89032529dbb1b58f5318cafa58c23a3b1cdcfb10c68993717d4365ddb2,mbpp,if,4,away,1.0,-1.8629398345947266,-0.20668984949588776,False,True
2316,c1022f89032529dbb1b58f5318cafa58c23a3b1cdcfb10c68993717d4365ddb2,mbpp,if,4,random,1.0,-1.104102373123169,-0.4478524327278137,False,True
2316,c1022f89032529dbb1b58f5318cafa58c23a3b1cdcfb10c68993717d4365ddb2,mbpp,if,6,toward,0.5,-0.9822628498077393,-0.5135128498077393,False,True
2316,c1022f89032529dbb1b58f5318cafa58c23a3b1cdcfb10c68993717d4365ddb2,mbpp,if,6,away,0.5,-1.8283593654632568,-0.20335932075977325,False,True
2316,c1022f89032529dbb1b58f5318cafa58c23a3b1cdcfb10c68993717d4365ddb2,mbpp,if,6,random,0.5,-1.500733494758606,-0.28198346495628357,False,True
2316,c1022f89032529dbb1b58f5318cafa58c23a3b1cdcfb10c68993717d4365ddb2,mbpp,if,6,toward,1.0,-1.1308603286743164,-0.4277353286743164,False,True
2316,c1022f89032529dbb1b58f5318cafa58c23a3b1cdcfb10c68993717d4365ddb2,mbpp,if,6,away,1.0,-1.9527873992919922,-0.1871623694896698,False,True
2316,c1022f89032529dbb1b58f5318cafa58c23a3b1cdcfb10c68993717d4365ddb2,mbpp,if,6,random,1.0,-1.5116084814071655,-0.2772335112094879,False,True
2316,c1022f89032529dbb1b58f5318cafa58c23a3b1cdcfb10c68993717d4365ddb2,mbpp,if,8,toward,0.5,-1.2272907495498657,-0.3835407495498657,False,True
2316,c1022f89032529dbb1b58f5318cafa58c23a3b1cdcfb10c68993717d4365ddb2,mbpp,if,8,away,0.5,-1.750034213066101,-0.2187841683626175,False,True
2316,c1022f89032529dbb1b58f5318cafa58c23a3b1cdcfb10c68993717d4365ddb2,mbpp,if,8,random,0.5,-1.4096769094467163,-0.3159269392490387,False,True
2316,c1022f89032529dbb1b58f5318cafa58c23a3b1cdcfb10c68993717d4365ddb2,mbpp,if,8,toward,1.0,-1.270440697669983,-0.3641907274723053,False,True
2316,c1022f89032529dbb1b58f5318cafa58c23a3b1cdcfb10c68993717d4365ddb2,mbpp,if,8,away,1.0,-2.0509331226348877,-0.16030818223953247,False,True
2316,c1022f89032529dbb1b58f5318cafa58c23a3b1cdcfb10c68993717d4365ddb2,mbpp,if,8,random,1.0,-1.650391936302185,-0.24414193630218506,False,True
2316,c1022f89032529dbb1b58f5318cafa58c23a3b1cdcfb10c68993717d4365ddb2,mbpp,if,10,toward,0.5,-1.4000697135925293,-0.3219447433948517,False,True
2316,c1022f89032529dbb1b58f5318cafa58c23a3b1cdcfb10c68993717d4365ddb2,mbpp,if,10,away,0.5,-1.7978599071502686,-0.20410989224910736,False,True
2316,c1022f89032529dbb1b58f5318cafa58c23a3b1cdcfb10c68993717d4365ddb2,mbpp,if,10,random,0.5,-1.361354947090149,-0.3301049470901489,False,True
2316,c1022f89032529dbb1b58f5318cafa58c23a3b1cdcfb10c68993717d4365ddb2,mbpp,if,10,toward,1.0,-1.423994779586792,-0.3146197199821472,False,True
2316,c1022f89032529dbb1b58f5318cafa58c23a3b1cdcfb10c68993717d4365ddb2,mbpp,if,10,away,1.0,-2.1166186332702637,-0.1478685885667801,False,True
2316,c1022f89032529dbb1b58f5318cafa58c23a3b1cdcfb10c68993717d4365ddb2,mbpp,if,10,random,1.0,-1.5473499298095703,-0.26609987020492554,False,True
2316,c1022f89032529dbb1b58f5318cafa58c23a3b1cdcfb10c68993717d4365ddb2,mbpp,if,12,toward,0.5,-1.1628339290618896,-0.4128338694572449,False,True
2316,c1022f89032529dbb1b58f5318cafa58c23a3b1cdcfb10c68993717d4365ddb2,mbpp,if,12,away,0.5,-1.8922598361968994,-0.1891348958015442,False,True
2316,c1022f89032529dbb1b58f5318cafa58c23a3b1cdcfb10c68993717d4365ddb2,mbpp,if,12,random,0.5,-1.6862294673919678,-0.233104407787323,False,True
2316,c1022f89032529dbb1b58f5318cafa58c23a3b1cdcfb10c68993717d4365ddb2,mbpp,if,12,toward,1.0,-1.0796730518341064,-0.4546731114387512,False,True
2316,c1022f89032529dbb1b58f5318cafa58c23a3b1cdcfb10c68993717d4365ddb2,mbpp,if,12,away,1.0,-1.972390055656433,-0.1755150854587555,False,True
2316,c1022f89032529dbb1b58f5318cafa58c23a3b1cdcfb10c68993717d4365ddb2,mbpp,if,12,random,1.0,-1.8533868789672852,-0.19713690876960754,False,True
2316,c1022f89032529dbb1b58f5318cafa58c23a3b1cdcfb10c68993717d4365ddb2,mbpp,if,14,toward,0.5,-1.3616427183151245,-0.3303927481174469,False,True
2316,c1022f89032529dbb1b58f5318cafa58c23a3b1cdcfb10c68993717d4365ddb2,mbpp,if,14,away,0.5,-1.7508882284164429,-0.21963819861412048,False,True
2316,c1022f89032529dbb1b58f5318cafa58c23a3b1cdcfb10c68993717d4365ddb2,mbpp,if,14,random,0.5,-1.5623070001602173,-0.2654320001602173,False,True
2316,c1022f89032529dbb1b58f5318cafa58c23a3b1cdcfb10c68993717d4365ddb2,mbpp,if,14,toward,1.0,-1.3625277280807495,-0.3312777280807495,False,True
2316,c1022f89032529dbb1b58f5318cafa58c23a3b1cdcfb10c68993717d4365ddb2,mbpp,if,14,away,1.0,-1.7387841939926147,-0.22315919399261475,False,True
2316,c1022f89032529dbb1b58f5318cafa58c23a3b1cdcfb10c68993717d4365ddb2,mbpp,if,14,random,1.0,-1.6485968828201294,-0.242346853017807,False,True
2316,c1022f89032529dbb1b58f5318cafa58c23a3b1cdcfb10c68993717d4365ddb2,mbpp,if,16,toward,0.5,-1.4193634986877441,-0.30998846888542175,False,True
2316,c1022f89032529dbb1b58f5318cafa58c23a3b1cdcfb10c68993717d4365ddb2,mbpp,if,16,away,0.5,-1.5381211042404175,-0.27249613404273987,False,True
2316,c1022f89032529dbb1b58f5318cafa58c23a3b1cdcfb10c68993717d4365ddb2,mbpp,if,16,random,0.5,-1.503600001335144,-0.28484997153282166,False,True
2316,c1022f89032529dbb1b58f5318cafa58c23a3b1cdcfb10c68993717d4365ddb2,mbpp,if,16,toward,1.0,-1.3627477884292603,-0.33149778842926025,False,True
2316,c1022f89032529dbb1b58f5318cafa58c23a3b1cdcfb10c68993717d4365ddb2,mbpp,if,16,away,1.0,-1.5022828578948975,-0.28353288769721985,False,True
2316,c1022f89032529dbb1b58f5318cafa58c23a3b1cdcfb10c68993717d4365ddb2,mbpp,if,16,random,1.0,-1.4581706523895264,-0.30192068219184875,False,True
2316,c1022f89032529dbb1b58f5318cafa58c23a3b1cdcfb10c68993717d4365ddb2,mbpp,if,18,toward,0.5,-1.5033936500549316,-0.28464365005493164,False,True
2316,c1022f89032529dbb1b58f5318cafa58c23a3b1cdcfb10c68993717d4365ddb2,mbpp,if,18,away,0.5,-1.4783847332000732,-0.290884792804718,False,True
2316,c1022f89032529dbb1b58f5318cafa58c23a3b1cdcfb10c68993717d4365ddb2,mbpp,if,18,random,0.5,-1.4905147552490234,-0.2873897850513458,False,True
2316,c1022f89032529dbb1b58f5318cafa58c23a3b1cdcfb10c68993717d4365ddb2,mbpp,if,18,toward,1.0,-1.516811728477478,-0.282436728477478,False,True
2316,c1022f89032529dbb1b58f5318cafa58c23a3b1cdcfb10c68993717d4365ddb2,mbpp,if,18,away,1.0,-1.4545440673828125,-0.2982940673828125,False,True
2316,c1022f89032529dbb1b58f5318cafa58c23a3b1cdcfb10c68993717d4365ddb2,mbpp,if,18,random,1.0,-1.4681880474090576,-0.29631301760673523,False,True
2316,c1022f89032529dbb1b58f5318cafa58c23a3b1cdcfb10c68993717d4365ddb2,mbpp,if,20,toward,0.5,-1.4912441968917847,-0.28811919689178467,False,True
2316,c1022f89032529dbb1b58f5318cafa58c23a3b1cdcfb10c68993717d4365ddb2,mbpp,if,20,away,0.5,-1.4900528192520142,-0.28692784905433655,False,True
2316,c1022f89032529dbb1b58f5318cafa58c23a3b1cdcfb10c68993717d4365ddb2,mbpp,if,20,random,0.5,-1.5144150257110596,-0.2800399661064148,False,True
2316,c1022f89032529dbb1b58f5318cafa58c23a3b1cdcfb10c68993717d4365ddb2,mbpp,if,20,toward,1.0,-1.4681422710418701,-0.2962672710418701,False,True
2316,c1022f89032529dbb1b58f5318cafa58c23a3b1cdcfb10c68993717d4365ddb2,mbpp,if,20,away,1.0,-1.5021611452102661,-0.2834111452102661,False,True
2316,c1022f89032529dbb1b58f5318cafa58c23a3b1cdcfb10c68993717d4365ddb2,mbpp,if,20,random,1.0,-1.5153112411499023,-0.28093627095222473,False,True
2316,c1022f89032529dbb1b58f5318cafa58c23a3b1cdcfb10c68993717d4365ddb2,mbpp,if,22,toward,0.5,-1.5028916597366333,-0.2841416597366333,False,True
2316,c1022f89032529dbb1b58f5318cafa58c23a3b1cdcfb10c68993717d4365ddb2,mbpp,if,22,away,0.5,-1.4786579608917236,-0.2911580204963684,False,True
2316,c1022f89032529dbb1b58f5318cafa58c23a3b1cdcfb10c68993717d4365ddb2,mbpp,if,22,random,0.5,-1.526322603225708,-0.276322603225708,False,True
2316,c1022f89032529dbb1b58f5318cafa58c23a3b1cdcfb10c68993717d4365ddb2,mbpp,if,22,toward,1.0,-1.4911220073699951,-0.28799694776535034,False,True
2316,c1022f89032529dbb1b58f5318cafa58c23a3b1cdcfb10c68993717d4365ddb2,mbpp,if,22,away,1.0,-1.491493582725525,-0.2883686125278473,False,True
2316,c1022f89032529dbb1b58f5318cafa58c23a3b1cdcfb10c68993717d4365ddb2,mbpp,if,22,random,1.0,-1.515160083770752,-0.2807850241661072,False,True
2316,c1022f89032529dbb1b58f5318cafa58c23a3b1cdcfb10c68993717d4365ddb2,mbpp,if,24,toward,0.5,-1.4908581972122192,-0.28773316740989685,False,True
2316,c1022f89032529dbb1b58f5318cafa58c23a3b1cdcfb10c68993717d4365ddb2,mbpp,if,24,away,0.5,-1.5021997690200806,-0.2834497392177582,False,True
2316,c1022f89032529dbb1b58f5318cafa58c23a3b1cdcfb10c68993717d4365ddb2,mbpp,if,24,random,0.5,-1.4790219068527222,-0.29152190685272217,False,True
2316,c1022f89032529dbb1b58f5318cafa58c23a3b1cdcfb10c68993717d4365ddb2,mbpp,if,24,toward,1.0,-1.491239309310913,-0.28811436891555786,False,True
2316,c1022f89032529dbb1b58f5318cafa58c23a3b1cdcfb10c68993717d4365ddb2,mbpp,if,24,away,1.0,-1.4904956817626953,-0.2873706519603729,False,True
2316,c1022f89032529dbb1b58f5318cafa58c23a3b1cdcfb10c68993717d4365ddb2,mbpp,if,24,random,1.0,-1.4783272743225098,-0.29082730412483215,False,True
2316,c1022f89032529dbb1b58f5318cafa58c23a3b1cdcfb10c68993717d4365ddb2,mbpp,if,26,toward,0.5,-1.5025838613510132,-0.2838338613510132,False,True
2316,c1022f89032529dbb1b58f5318cafa58c23a3b1cdcfb10c68993717d4365ddb2,mbpp,if,26,away,0.5,-1.4908068180084229,-0.2876817584037781,False,True
2316,c1022f89032529dbb1b58f5318cafa58c23a3b1cdcfb10c68993717d4365ddb2,mbpp,if,26,random,0.5,-1.490556240081787,-0.2874312698841095,False,True
2316,c1022f89032529dbb1b58f5318cafa58c23a3b1cdcfb10c68993717d4365ddb2,mbpp,if,26,toward,1.0,-1.5145437717437744,-0.2801688015460968,False,True
2316,c1022f89032529dbb1b58f5318cafa58c23a3b1cdcfb10c68993717d4365ddb2,mbpp,if,26,away,1.0,-1.4912360906600952,-0.2881110906600952,False,True
2316,c1022f89032529dbb1b58f5318cafa58c23a3b1cdcfb10c68993717d4365ddb2,mbpp,if,26,random,1.0,-1.490458607673645,-0.287333607673645,False,True
2316,c1022f89032529dbb1b58f5318cafa58c23a3b1cdcfb10c68993717d4365ddb2,mbpp,if,28,toward,0.5,-1.4904005527496338,-0.2872755825519562,False,True
2316,c1022f89032529dbb1b58f5318cafa58c23a3b1cdcfb10c68993717d4365ddb2,mbpp,if,28,away,0.5,-1.5020397901535034,-0.2832898199558258,False,True
2316,c1022f89032529dbb1b58f5318cafa58c23a3b1cdcfb10c68993717d4365ddb2,mbpp,if,28,random,0.5,-1.5139856338500977,-0.27961066365242004,False,True
2316,c1022f89032529dbb1b58f5318cafa58c23a3b1cdcfb10c68993717d4365ddb2,mbpp,if,28,toward,1.0,-1.5019211769104004,-0.2831711173057556,False,True
2316,c1022f89032529dbb1b58f5318cafa58c23a3b1cdcfb10c68993717d4365ddb2,mbpp,if,28,away,1.0,-1.5020420551300049,-0.28329208493232727,False,True
2316,c1022f89032529dbb1b58f5318cafa58c23a3b1cdcfb10c68993717d4365ddb2,mbpp,if,28,random,1.0,-1.5137110948562622,-0.2793360948562622,False,True
2316,c1022f89032529dbb1b58f5318cafa58c23a3b1cdcfb10c68993717d4365ddb2,mbpp,if,30,toward,0.5,-1.4904130697250366,-0.287288099527359,False,True
2316,c1022f89032529dbb1b58f5318cafa58c23a3b1cdcfb10c68993717d4365ddb2,mbpp,if,30,away,0.5,-1.5024003982543945,-0.28365039825439453,False,True
2316,c1022f89032529dbb1b58f5318cafa58c23a3b1cdcfb10c68993717d4365ddb2,mbpp,if,30,random,0.5,-1.5025557279586792,-0.2838056981563568,False,True
2316,c1022f89032529dbb1b58f5318cafa58c23a3b1cdcfb10c68993717d4365ddb2,mbpp,if,30,toward,1.0,-1.490256428718567,-0.2871314585208893,False,True
2316,c1022f89032529dbb1b58f5318cafa58c23a3b1cdcfb10c68993717d4365ddb2,mbpp,if,30,away,1.0,-1.502519965171814,-0.28376996517181396,False,True
2316,c1022f89032529dbb1b58f5318cafa58c23a3b1cdcfb10c68993717d4365ddb2,mbpp,if,30,random,1.0,-1.502579927444458,-0.283829927444458,False,True
2316,c1022f89032529dbb1b58f5318cafa58c23a3b1cdcfb10c68993717d4365ddb2,mbpp,if,31,toward,0.5,-1.5024333000183105,-0.2836833596229553,False,True
2316,c1022f89032529dbb1b58f5318cafa58c23a3b1cdcfb10c68993717d4365ddb2,mbpp,if,31,away,0.5,-1.5024333000183105,-0.2836833596229553,False,True
2316,c1022f89032529dbb1b58f5318cafa58c23a3b1cdcfb10c68993717d4365ddb2,mbpp,if,31,random,0.5,-1.5024333000183105,-0.2836833596229553,False,True
2316,c1022f89032529dbb1b58f5318cafa58c23a3b1cdcfb10c68993717d4365ddb2,mbpp,if,31,toward,1.0,-1.5024333000183105,-0.2836833596229553,False,True
2316,c1022f89032529dbb1b58f5318cafa58c23a3b1cdcfb10c68993717d4365ddb2,mbpp,if,31,away,1.0,-1.5024333000183105,-0.2836833596229553,False,True
2316,c1022f89032529dbb1b58f5318cafa58c23a3b1cdcfb10c68993717d4365ddb2,mbpp,if,31,random,1.0,-1.5024333000183105,-0.2836833596229553,False,True
2316,c1022f89032529dbb1b58f5318cafa58c23a3b1cdcfb10c68993717d4365ddb2,mbpp,body_first,0,toward,0.5,-1.5261893272399902,-0.276189386844635,False,True
2316,c1022f89032529dbb1b58f5318cafa58c23a3b1cdcfb10c68993717d4365ddb2,mbpp,body_first,0,away,0.5,-1.4662582874298096,-0.2943832576274872,False,True
2316,c1022f89032529dbb1b58f5318cafa58c23a3b1cdcfb10c68993717d4365ddb2,mbpp,body_first,0,random,0.5,-1.4423798322677612,-0.3017548620700836,False,True
2316,c1022f89032529dbb1b58f5318cafa58c23a3b1cdcfb10c68993717d4365ddb2,mbpp,body_first,0,toward,1.0,-1.5014338493347168,-0.2826838493347168,False,True
2316,c1022f89032529dbb1b58f5318cafa58c23a3b1cdcfb10c68993717d4365ddb2,mbpp,body_first,0,away,1.0,-1.4425456523895264,-0.30192068219184875,False,True
2316,c1022f89032529dbb1b58f5318cafa58c23a3b1cdcfb10c68993717d4365ddb2,mbpp,body_first,0,random,1.0,-1.4314910173416138,-0.30649101734161377,False,True
2316,c1022f89032529dbb1b58f5318cafa58c23a3b1cdcfb10c68993717d4365ddb2,mbpp,body_first,2,toward,0.5,-1.4785114526748657,-0.29101142287254333,False,True
2316,c1022f89032529dbb1b58f5318cafa58c23a3b1cdcfb10c68993717d4365ddb2,mbpp,body_first,2,away,0.5,-1.5261973142623901,-0.2761973440647125,False,True
2316,c1022f89032529dbb1b58f5318cafa58c23a3b1cdcfb10c68993717d4365ddb2,mbpp,body_first,2,random,0.5,-1.5872999429702759,-0.25917497277259827,False,True
2316,c1022f89032529dbb1b58f5318cafa58c23a3b1cdcfb10c68993717d4365ddb2,mbpp,body_first,2,toward,1.0,-1.5147439241409302,-0.2803689241409302,False,True
2316,c1022f89032529dbb1b58f5318cafa58c23a3b1cdcfb10c68993717d4365ddb2,mbpp,body_first,2,away,1.0,-1.5142019987106323,-0.27982696890830994,False,True
2316,c1022f89032529dbb1b58f5318cafa58c23a3b1cdcfb10c68993717d4365ddb2,mbpp,body_first,2,random,1.0,-1.6122255325317383,-0.2528505027294159,False,True
2316,c1022f89032529dbb1b58f5318cafa58c23a3b1cdcfb10c68993717d4365ddb2,mbpp,body_first,4,toward,0.5,-1.4907124042510986,-0.28758740425109863,False,True
2316,c1022f89032529dbb1b58f5318cafa58c23a3b1cdcfb10c68993717d4365ddb2,mbpp,body_first,4,away,0.5,-1.4781825542449951,-0.2906825542449951,False,True
2316,c1022f89032529dbb1b58f5318cafa58c23a3b1cdcfb10c68993717d4365ddb2,mbpp,body_first,4,random,0.5,-1.4784953594207764,-0.2909952998161316,False,True
2316,c1022f89032529dbb1b58f5318cafa58c23a3b1cdcfb10c68993717d4365ddb2,mbpp,body_first,4,toward,1.0,-1.4907156229019165,-0.2875906229019165,False,True
2316,c1022f89032529dbb1b58f5318cafa58c23a3b1cdcfb10c68993717d4365ddb2,mbpp,body_first,4,away,1.0,-1.4428811073303223,-0.3022560775279999,False,True
2316,c1022f89032529dbb1b58f5318cafa58c23a3b1cdcfb10c68993717d4365ddb2,mbpp,body_first,4,random,1.0,-1.4672255516052246,-0.2953505516052246,False,True
2316,c1022f89032529dbb1b58f5318cafa58c23a3b1cdcfb10c68993717d4365ddb2,mbpp,body_first,6,toward,0.5,-1.4675171375274658,-0.2956421673297882,False,True
2316,c1022f89032529dbb1b58f5318cafa58c23a3b1cdcfb10c68993717d4365ddb2,mbpp,body_first,6,away,0.5,-1.5136213302612305,-0.2792463004589081,False,True
2316,c1022f89032529dbb1b58f5318cafa58c23a3b1cdcfb10c68993717d4365ddb2,mbpp,body_first,6,random,0.5,-1.5021250247955322,-0.28337496519088745,False,True
2316,c1022f89032529dbb1b58f5318cafa58c23a3b1cdcfb10c68993717d4365ddb2,mbpp,body_first,6,toward,1.0,-1.4318459033966064,-0.30684593319892883,False,True
2316,c1022f89032529dbb1b58f5318cafa58c23a3b1cdcfb10c68993717d4365ddb2,mbpp,body_first,6,away,1.0,-1.5497212409973145,-0.26847124099731445,False,True
2316,c1022f89032529dbb1b58f5318cafa58c23a3b1cdcfb10c68993717d4365ddb2,mbpp,body_first,6,random,1.0,-1.5382460355758667,-0.2726210355758667,False,True
2316,c1022f89032529dbb1b58f5318cafa58c23a3b1cdcfb10c68993717d4365ddb2,mbpp,body_first,8,toward,0.5,-1.478587031364441,-0.29108700156211853,False,True
2316,c1022f89032529dbb1b58f5318cafa58c23a3b1cdcfb10c68993717d4365ddb2,mbpp,body_first,8,away,0.5,-1.538350224494934,-0.2727252244949341,False,True
2316,c1022f89032529dbb1b58f5318cafa58c23a3b1cdcfb10c68993717d4365ddb2,mbpp,body_first,8,random,0.5,-1.5513999462127686,-0.27014994621276855,False,True
2316,c1022f89032529dbb1b58f5318cafa58c23a3b1cdcfb10c68993717d4365ddb2,mbpp,body_first,8,toward,1.0,-1.4779376983642578,-0.2904377579689026,False,True
2316,c1022f89032529dbb1b58f5318cafa58c23a3b1cdcfb10c68993717d4365ddb2,mbpp,body_first,8,away,1.0,-1.58685302734375,-0.2587279677391052,False,True
2316,c1022f89032529dbb1b58f5318cafa58c23a3b1cdcfb10c68993717d4365ddb2,mbpp,body_first,8,random,1.0,-1.6257401704788208,-0.2507401406764984,False,True
2316,c1022f89032529dbb1b58f5318cafa58c23a3b1cdcfb10c68993717d4365ddb2,mbpp,body_first,10,toward,0.5,-1.4788450002670288,-0.2913450002670288,False,True
2316,c1022f89032529dbb1b58f5318cafa58c23a3b1cdcfb10c68993717d4365ddb2,mbpp,body_first,10,away,0.5,-1.5133016109466553,-0.2789266109466553,False,True
2316,c1022f89032529dbb1b58f5318cafa58c23a3b1cdcfb10c68993717d4365ddb2,mbpp,body_first,10,random,0.5,-1.5023707151412964,-0.283620685338974,False,True
2316,c1022f89032529dbb1b58f5318cafa58c23a3b1cdcfb10c68993717d4365ddb2,mbpp,body_first,10,toward,1.0,-1.4789921045303345,-0.2914920747280121,False,True
2316,c1022f89032529dbb1b58f5318cafa58c23a3b1cdcfb10c68993717d4365ddb2,mbpp,body_first,10,away,1.0,-1.50084388256073,-0.2820938527584076,False,True
2316,c1022f89032529dbb1b58f5318cafa58c23a3b1cdcfb10c68993717d4365ddb2,mbpp,body_first,10,random,1.0,-1.5623334646224976,-0.26545849442481995,False,True
2316,c1022f89032529dbb1b58f5318cafa58c23a3b1cdcfb10c68993717d4365ddb2,mbpp,body_first,12,toward,0.5,-1.4912151098251343,-0.2880900800228119,False,True
2316,c1022f89032529dbb1b58f5318cafa58c23a3b1cdcfb10c68993717d4365ddb2,mbpp,body_first,12,away,0.5,-1.5013902187347412,-0.2826401889324188,False,True
2316,c1022f89032529dbb1b58f5318cafa58c23a3b1cdcfb10c68993717d4365ddb2,mbpp,body_first,12,random,0.5,-1.5378576517105103,-0.27223268151283264,False,True
2316,c1022f89032529dbb1b58f5318cafa58c23a3b1cdcfb10c68993717d4365ddb2,mbpp,body_first,12,toward,1.0,-1.4678778648376465,-0.2960028350353241,False,True
2316,c1022f89032529dbb1b58f5318cafa58c23a3b1cdcfb10c68993717d4365ddb2,mbpp,body_first,12,away,1.0,-1.4653313159942627,-0.2934562861919403,False,True
2316,c1022f89032529dbb1b58f5318cafa58c23a3b1cdcfb10c68993717d4365ddb2,mbpp,body_first,12,random,1.0,-1.549350380897522,-0.26810041069984436,False,True
2316,c1022f89032529dbb1b58f5318cafa58c23a3b1cdcfb10c68993717d4365ddb2,mbpp,body_first,14,toward,0.5,-1.4667701721191406,-0.294895201921463,False,True
2316,c1022f89032529dbb1b58f5318cafa58c23a3b1cdcfb10c68993717d4365ddb2,mbpp,body_first,14,away,0.5,-1.4784023761749268,-0.29090243577957153,False,True
2316,c1022f89032529dbb1b58f5318cafa58c23a3b1cdcfb10c68993717d4365ddb2,mbpp,body_first,14,random,0.5,-1.4901461601257324,-0.2870211601257324,False,True
2316,c1022f89032529dbb1b58f5318cafa58c23a3b1cdcfb10c68993717d4365ddb2,mbpp,body_first,14,toward,1.0,-1.4430804252624512,-0.3024553954601288,False,True
2316,c1022f89032529dbb1b58f5318cafa58c23a3b1cdcfb10c68993717d4365ddb2,mbpp,body_first,14,away,1.0,-1.3962602615356445,-0.3181353211402893,False,True
2316,c1022f89032529dbb1b58f5318cafa58c23a3b1cdcfb10c68993717d4365ddb2,mbpp,body_first,14,random,1.0,-1.466318130493164,-0.29444313049316406,False,True
2316,c1022f89032529dbb1b58f5318cafa58c23a3b1cdcfb10c68993717d4365ddb2,mbpp,body_first,16,toward,0.5,-1.466292142868042,-0.29441720247268677,False,True
2316,c1022f89032529dbb1b58f5318cafa58c23a3b1cdcfb10c68993717d4365ddb2,mbpp,body_first,16,away,0.5,-1.538461685180664,-0.2728366553783417,False,True
2316,c1022f89032529dbb1b58f5318cafa58c23a3b1cdcfb10c68993717d4365ddb2,mbpp,body_first,16,random,0.5,-1.5023810863494873,-0.2836311161518097,False,True
2316,c1022f89032529dbb1b58f5318cafa58c23a3b1cdcfb10c68993717d4365ddb2,mbpp,body_first,16,toward,1.0,-1.4663686752319336,-0.29449373483657837,False,True
2316,c1022f89032529dbb1b58f5318cafa58c23a3b1cdcfb10c68993717d4365ddb2,mbpp,body_first,16,away,1.0,-1.5383586883544922,-0.27273374795913696,False,True
2316,c1022f89032529dbb1b58f5318cafa58c23a3b1cdcfb10c68993717d4365ddb2,mbpp,body_first,16,random,1.0,-1.5145201683044434,-0.2801451086997986,False,True
2316,c1022f89032529dbb1b58f5318cafa58c23a3b1cdcfb10c68993717d4365ddb2,mbpp,body_first,18,toward,0.5,-1.5140570402145386,-0.27968207001686096,False,True
2316,c1022f89032529dbb1b58f5318cafa58c23a3b1cdcfb10c68993717d4365ddb2,mbpp,body_first,18,away,0.5,-1.502287745475769,-0.28353774547576904,False,True
2316,c1022f89032529dbb1b58f5318cafa58c23a3b1cdcfb10c68993717d4365ddb2,mbpp,body_first,18,random,0.5,-1.5142276287078857,-0.27985265851020813,False,True
2316,c1022f89032529dbb1b58f5318cafa58c23a3b1cdcfb10c68993717d4365ddb2,mbpp,body_first,18,toward,1.0,-1.501673936843872,-0.2829239070415497,False,True
2316,c1022f89032529dbb1b58f5318cafa58c23a3b1cdcfb10c68993717d4365ddb2,mbpp,body_first,18,away,1.0,-1.501741886138916,-0.28299182653427124,False,True
2316,c1022f89032529dbb1b58f5318cafa58c23a3b1cdcfb10c68993717d4365ddb2,mbpp,body_first,18,random,1.0,-1.5140249729156494,-0.2796499729156494,False,True
2316,c1022f89032529dbb1b58f5318cafa58c23a3b1cdcfb10c68993717d4365ddb2,mbpp,body_first,20,toward,0.5,-1.5020309686660767,-0.2832809388637543,False,True
2316,c1022f89032529dbb1b58f5318cafa58c23a3b1cdcfb10c68993717d4365ddb2,mbpp,body_first,20,away,0.5,-1.5143887996673584,-0.2800138294696808,False,True
2316,c1022f89032529dbb1b58f5318cafa58c23a3b1cdcfb10c68993717d4365ddb2,mbpp,body_first,20,random,0.5,-1.502349615097046,-0.2835996747016907,False,True
2316,c1022f89032529dbb1b58f5318cafa58c23a3b1cdcfb10c68993717d4365ddb2,mbpp,body_first,20,toward,1.0,-1.5015690326690674,-0.2828189730644226,False,True
2316,c1022f89032529dbb1b58f5318cafa58c23a3b1cdcfb10c68993717d4365ddb2,mbpp,body_first,20,away,1.0,-1.5139870643615723,-0.27961212396621704,False,True
2316,c1022f89032529dbb1b58f5318cafa58c23a3b1cdcfb10c68993717d4365ddb2,mbpp,body_first,20,random,1.0,-1.5145727396011353,-0.28019770979881287,False,True
2316,c1022f89032529dbb1b58f5318cafa58c23a3b1cdcfb10c68993717d4365ddb2,mbpp,body_first,22,toward,0.5,-1.5140314102172852,-0.27965638041496277,False,True
2316,c1022f89032529dbb1b58f5318cafa58c23a3b1cdcfb10c68993717d4365ddb2,mbpp,body_first,22,away,0.5,-1.502400517463684,-0.2836504876613617,False,True
2316,c1022f89032529dbb1b58f5318cafa58c23a3b1cdcfb10c68993717d4365ddb2,mbpp,body_first,22,random,0.5,-1.5142626762390137,-0.27988770604133606,False,True
2316,c1022f89032529dbb1b58f5318cafa58c23a3b1cdcfb10c68993717d4365ddb2,mbpp,body_first,22,toward,1.0,-1.5020726919174194,-0.28332269191741943,False,True
2316,c1022f89032529dbb1b58f5318cafa58c23a3b1cdcfb10c68993717d4365ddb2,mbpp,body_first,22,away,1.0,-1.5022337436676025,-0.2834837734699249,False,True
2316,c1022f89032529dbb1b58f5318cafa58c23a3b1cdcfb10c68993717d4365ddb2,mbpp,body_first,22,random,1.0,-1.5142016410827637,-0.27982670068740845,False,True
2316,c1022f89032529dbb1b58f5318cafa58c23a3b1cdcfb10c68993717d4365ddb2,mbpp,body_first,24,toward,0.5,-1.5020809173583984,-0.2833309471607208,False,True
2316,c1022f89032529dbb1b58f5318cafa58c23a3b1cdcfb10c68993717d4365ddb2,mbpp,body_first,24,away,0.5,-1.5145193338394165,-0.2801443040370941,False,True
2316,c1022f89032529dbb1b58f5318cafa58c23a3b1cdcfb10c68993717d4365ddb2,mbpp,body_first,24,random,0.5,-1.502353549003601,-0.2836035490036011,False,True
2316,c1022f89032529dbb1b58f5318cafa58c23a3b1cdcfb10c68993717d4365ddb2,mbpp,body_first,24,toward,1.0,-1.5018835067749023,-0.28313347697257996,False,True
2316,c1022f89032529dbb1b58f5318cafa58c23a3b1cdcfb10c68993717d4365ddb2,mbpp,body_first,24,away,1.0,-1.5144332647323608,-0.28005826473236084,False,True
2316,c1022f89032529dbb1b58f5318cafa58c23a3b1cdcfb10c68993717d4365ddb2,mbpp,body_first,24,random,1.0,-1.4904943704605103,-0.28736940026283264,False,True
2316,c1022f89032529dbb1b58f5318cafa58c23a3b1cdcfb10c68993717d4365ddb2,mbpp,body_first,26,toward,0.5,-1.5022732019424438,-0.28352320194244385,False,True
2316,c1022f89032529dbb1b58f5318cafa58c23a3b1cdcfb10c68993717d4365ddb2,mbpp,body_first,26,away,0.5,-1.5022602081298828,-0.2835101783275604,False,True
2316,c1022f89032529dbb1b58f5318cafa58c23a3b1cdcfb10c68993717d4365ddb2,mbpp,body_first,26,random,0.5,-1.5021642446517944,-0.2834142744541168,False,True
2316,c1022f89032529dbb1b58f5318cafa58c23a3b1cdcfb10c68993717d4365ddb2,mbpp,body_first,26,toward,1.0,-1.5141398906707764,-0.27976489067077637,False,True
2316,c1022f89032529dbb1b58f5318cafa58c23a3b1cdcfb10c68993717d4365ddb2,mbpp,body_first,26,away,1.0,-1.5022239685058594,-0.28347399830818176,False,True
2316,c1022f89032529dbb1b58f5318cafa58c23a3b1cdcfb10c68993717d4365ddb2,mbpp,body_first,26,random,1.0,-1.5140026807785034,-0.2796277105808258,False,True
2316,c1022f89032529dbb1b58f5318cafa58c23a3b1cdcfb10c68993717d4365ddb2,mbpp,body_first,28,toward,0.5,-1.5022112131118774,-0.28346124291419983,False,True
2316,c1022f89032529dbb1b58f5318cafa58c23a3b1cdcfb10c68993717d4365ddb2,mbpp,body_first,28,away,0.5,-1.5141221284866333,-0.2797471284866333,False,True
2316,c1022f89032529dbb1b58f5318cafa58c23a3b1cdcfb10c68993717d4365ddb2,mbpp,body_first,28,random,0.5,-1.5022884607315063,-0.28353846073150635,False,True
2316,c1022f89032529dbb1b58f5318cafa58c23a3b1cdcfb10c68993717d4365ddb2,mbpp,body_first,28,toward,1.0,-1.5020947456359863,-0.2833447754383087,False,True
2316,c1022f89032529dbb1b58f5318cafa58c23a3b1cdcfb10c68993717d4365ddb2,mbpp,body_first,28,away,1.0,-1.5021363496780396,-0.28338634967803955,False,True
2316,c1022f89032529dbb1b58f5318cafa58c23a3b1cdcfb10c68993717d4365ddb2,mbpp,body_first,28,random,1.0,-1.5022233724594116,-0.2834733724594116,False,True
2316,c1022f89032529dbb1b58f5318cafa58c23a3b1cdcfb10c68993717d4365ddb2,mbpp,body_first,30,toward,0.5,-1.490525484085083,-0.28740042448043823,False,True
2316,c1022f89032529dbb1b58f5318cafa58c23a3b1cdcfb10c68993717d4365ddb2,mbpp,body_first,30,away,0.5,-1.5144809484481812,-0.28010591864585876,False,True
2316,c1022f89032529dbb1b58f5318cafa58c23a3b1cdcfb10c68993717d4365ddb2,mbpp,body_first,30,random,0.5,-1.502251148223877,-0.28350120782852173,False,True
2316,c1022f89032529dbb1b58f5318cafa58c23a3b1cdcfb10c68993717d4365ddb2,mbpp,body_first,30,toward,1.0,-1.5026483535766602,-0.28389832377433777,False,True
2316,c1022f89032529dbb1b58f5318cafa58c23a3b1cdcfb10c68993717d4365ddb2,mbpp,body_first,30,away,1.0,-1.502601146697998,-0.28385111689567566,False,True
2316,c1022f89032529dbb1b58f5318cafa58c23a3b1cdcfb10c68993717d4365ddb2,mbpp,body_first,30,random,1.0,-1.5026350021362305,-0.28388503193855286,False,True
2316,c1022f89032529dbb1b58f5318cafa58c23a3b1cdcfb10c68993717d4365ddb2,mbpp,body_first,31,toward,0.5,-1.5024333000183105,-0.2836833596229553,False,True
2316,c1022f89032529dbb1b58f5318cafa58c23a3b1cdcfb10c68993717d4365ddb2,mbpp,body_first,31,away,0.5,-1.5024333000183105,-0.2836833596229553,False,True
2316,c1022f89032529dbb1b58f5318cafa58c23a3b1cdcfb10c68993717d4365ddb2,mbpp,body_first,31,random,0.5,-1.5024333000183105,-0.2836833596229553,False,True
2316,c1022f89032529dbb1b58f5318cafa58c23a3b1cdcfb10c68993717d4365ddb2,mbpp,body_first,31,toward,1.0,-1.5024333000183105,-0.2836833596229553,False,True
2316,c1022f89032529dbb1b58f5318cafa58c23a3b1cdcfb10c68993717d4365ddb2,mbpp,body_first,31,away,1.0,-1.5024333000183105,-0.2836833596229553,False,True
2316,c1022f89032529dbb1b58f5318cafa58c23a3b1cdcfb10c68993717d4365ddb2,mbpp,body_first,31,random,1.0,-1.5024333000183105,-0.2836833596229553,False,True
2316,c1022f89032529dbb1b58f5318cafa58c23a3b1cdcfb10c68993717d4365ddb2,mbpp,answer,0,toward,0.5,-1.4879100322723389,-0.2847849726676941,False,True
2316,c1022f89032529dbb1b58f5318cafa58c23a3b1cdcfb10c68993717d4365ddb2,mbpp,answer,0,away,0.5,-1.5158685445785522,-0.28149354457855225,False,True
2316,c1022f89032529dbb1b58f5318cafa58c23a3b1cdcfb10c68993717d4365ddb2,mbpp,answer,0,random,0.5,-1.4899152517318726,-0.28679022192955017,False,True
2316,c1022f89032529dbb1b58f5318cafa58c23a3b1cdcfb10c68993717d4365ddb2,mbpp,answer,0,toward,1.0,-1.5084896087646484,-0.27411460876464844,False,True
2316,c1022f89032529dbb1b58f5318cafa58c23a3b1cdcfb10c68993717d4365ddb2,mbpp,answer,0,away,1.0,-1.4235248565673828,-0.3141498267650604,False,True
2316,c1022f89032529dbb1b58f5318cafa58c23a3b1cdcfb10c68993717d4365ddb2,mbpp,answer,0,random,1.0,-1.4192979335784912,-0.309922993183136,False,True
2316,c1022f89032529dbb1b58f5318cafa58c23a3b1cdcfb10c68993717d4365ddb2,mbpp,answer,2,toward,0.5,-1.4886994361877441,-0.28557443618774414,False,True
2316,c1022f89032529dbb1b58f5318cafa58c23a3b1cdcfb10c68993717d4365ddb2,mbpp,answer,2,away,0.5,-1.5419892072677612,-0.27636420726776123,False,True
2316,c1022f89032529dbb1b58f5318cafa58c23a3b1cdcfb10c68993717d4365ddb2,mbpp,answer,2,random,0.5,-1.5607613325119019,-0.26388630270957947,False,True
2316,c1022f89032529dbb1b58f5318cafa58c23a3b1cdcfb10c68993717d4365ddb2,mbpp,answer,2,toward,1.0,-1.292410969734192,-0.3549109399318695,False,True
2316,c1022f89032529dbb1b58f5318cafa58c23a3b1cdcfb10c68993717d4365ddb2,mbpp,answer,2,away,1.0,-1.4934630393981934,-0.2903379797935486,False,True
2316,c1022f89032529dbb1b58f5318cafa58c23a3b1cdcfb10c68993717d4365ddb2,mbpp,answer,2,random,1.0,-1.5090349912643433,-0.2746599614620209,False,True
2316,c1022f89032529dbb1b58f5318cafa58c23a3b1cdcfb10c68993717d4365ddb2,mbpp,answer,4,toward,0.5,-1.3599028587341309,-0.32865285873413086,False,True
2316,c1022f89032529dbb1b58f5318cafa58c23a3b1cdcfb10c68993717d4365ddb2,mbpp,answer,4,away,0.5,-1.5510704517364502,-0.2698204219341278,False,True
2316,c1022f89032529dbb1b58f5318cafa58c23a3b1cdcfb10c68993717d4365ddb2,mbpp,answer,4,random,0.5,-1.4311121702194214,-0.3061121702194214,False,True
2316,c1022f89032529dbb1b58f5318cafa58c23a3b1cdcfb10c68993717d4365ddb2,mbpp,answer,4,toward,1.0,-1.1712374687194824,-0.4056125283241272,False,True
2316,c1022f89032529dbb1b58f5318cafa58c23a3b1cdcfb10c68993717d4365ddb2,mbpp,answer,4,away,1.0,-1.5497843027114868,-0.2685343027114868,False,True
2316,c1022f89032529dbb1b58f5318cafa58c23a3b1cdcfb10c68993717d4365ddb2,mbpp,answer,4,random,1.0,-1.2695176601409912,-0.3632676601409912,False,True
2316,c1022f89032529dbb1b58f5318cafa58c23a3b1cdcfb10c68993717d4365ddb2,mbpp,answer,6,toward,0.5,-1.585617184638977,-0.25749221444129944,False,True
2316,c1022f89032529dbb1b58f5318cafa58c23a3b1cdcfb10c68993717d4365ddb2,mbpp,answer,6,away,0.5,-1.3605492115020752,-0.3292991816997528,False,True
2316,c1022f89032529dbb1b58f5318cafa58c23a3b1cdcfb10c68993717d4365ddb2,mbpp,answer,6,random,0.5,-1.5151329040527344,-0.28075793385505676,False,True
2316,c1022f89032529dbb1b58f5318cafa58c23a3b1cdcfb10c68993717d4365ddb2,mbpp,answer,6,toward,1.0,-1.5853219032287598,-0.25719693303108215,False,True
2316,c1022f89032529dbb1b58f5318cafa58c23a3b1cdcfb10c68993717d4365ddb2,mbpp,answer,6,away,1.0,-1.213155746459961,-0.38503071665763855,False,True
2316,c1022f89032529dbb1b58f5318cafa58c23a3b1cdcfb10c68993717d4365ddb2,mbpp,answer,6,random,1.0,-1.291495680809021,-0.353995680809021,False,True
2316,c1022f89032529dbb1b58f5318cafa58c23a3b1cdcfb10c68993717d4365ddb2,mbpp,answer,8,toward,0.5,-1.5687203407287598,-0.27184534072875977,False,True
2316,c1022f89032529dbb1b58f5318cafa58c23a3b1cdcfb10c68993717d4365ddb2,mbpp,answer,8,away,0.5,-1.4382662773132324,-0.2976412773132324,False,True
2316,c1022f89032529dbb1b58f5318cafa58c23a3b1cdcfb10c68993717d4365ddb2,mbpp,answer,8,random,0.5,-1.5908441543579102,-0.26271912455558777,False,True
2316,c1022f89032529dbb1b58f5318cafa58c23a3b1cdcfb10c68993717d4365ddb2,mbpp,answer,8,toward,1.0,-1.5957304239273071,-0.29885539412498474,False,True
2316,c1022f89032529dbb1b58f5318cafa58c23a3b1cdcfb10c68993717d4365ddb2,mbpp,answer,8,away,1.0,-1.4462711811065674,-0.29002121090888977,False,True
2316,c1022f89032529dbb1b58f5318cafa58c23a3b1cdcfb10c68993717d4365ddb2,mbpp,answer,8,random,1.0,-1.6833750009536743,-0.24587497115135193,False,True
2316,c1022f89032529dbb1b58f5318cafa58c23a3b1cdcfb10c68993717d4365ddb2,mbpp,answer,10,toward,0.5,-1.4594720602035522,-0.30322206020355225,False,True
2316,c1022f89032529dbb1b58f5318cafa58c23a3b1cdcfb10c68993717d4365ddb2,mbpp,answer,10,away,0.5,-1.5146667957305908,-0.28029173612594604,False,True
2316,c1022f89032529dbb1b58f5318cafa58c23a3b1cdcfb10c68993717d4365ddb2,mbpp,answer,10,random,0.5,-1.526435375213623,-0.2764354348182678,False,True
2316,c1022f89032529dbb1b58f5318cafa58c23a3b1cdcfb10c68993717d4365ddb2,mbpp,answer,10,toward,1.0,-1.4247965812683105,-0.34667161107063293,False,True
2316,c1022f89032529dbb1b58f5318cafa58c23a3b1cdcfb10c68993717d4365ddb2,mbpp,answer,10,away,1.0,-1.4104074239730835,-0.3166573941707611,False,True
2316,c1022f89032529dbb1b58f5318cafa58c23a3b1cdcfb10c68993717d4365ddb2,mbpp,answer,10,random,1.0,-1.541395902633667,-0.2757709324359894,False,True
2316,c1022f89032529dbb1b58f5318cafa58c23a3b1cdcfb10c68993717d4365ddb2,mbpp,answer,12,toward,0.5,-1.5857722759246826,-0.2732723355293274,False,True
2316,c1022f89032529dbb1b58f5318cafa58c23a3b1cdcfb10c68993717d4365ddb2,mbpp,answer,12,away,0.5,-1.383534550666809,-0.3210345208644867,False,True
2316,c1022f89032529dbb1b58f5318cafa58c23a3b1cdcfb10c68993717d4365ddb2,mbpp,answer,12,random,0.5,-1.7178142070770264,-0.23343926668167114,False,True
2316,c1022f89032529dbb1b58f5318cafa58c23a3b1cdcfb10c68993717d4365ddb2,mbpp,answer,12,toward,1.0,-1.5999308824539185,-0.31868085265159607,False,True
2316,c1022f89032529dbb1b58f5318cafa58c23a3b1cdcfb10c68993717d4365ddb2,mbpp,answer,12,away,1.0,-1.1316403150558472,-0.4285152852535248,False,True
2316,c1022f89032529dbb1b58f5318cafa58c23a3b1cdcfb10c68993717d4365ddb2,mbpp,answer,12,random,1.0,-1.8175185918807983,-0.22376859188079834,False,True
2316,c1022f89032529dbb1b58f5318cafa58c23a3b1cdcfb10c68993717d4365ddb2,mbpp,answer,14,toward,0.5,-1.1160478591918945,-0.45979785919189453,False,True
2316,c1022f89032529dbb1b58f5318cafa58c23a3b1cdcfb10c68993717d4365ddb2,mbpp,answer,14,away,0.5,-1.8883349895477295,-0.18521003425121307,False,True
2316,c1022f89032529dbb1b58f5318cafa58c23a3b1cdcfb10c68993717d4365ddb2,mbpp,answer,14,random,0.5,-1.2391548156738281,-0.37977975606918335,False,True
2316,c1022f89032529dbb1b58f5318cafa58c23a3b1cdcfb10c68993717d4365ddb2,mbpp,answer,14,toward,1.0,-0.9303786754608154,-0.6491286754608154,False,True
2316,c1022f89032529dbb1b58f5318cafa58c23a3b1cdcfb10c68993717d4365ddb2,mbpp,answer,14,away,1.0,-2.00982666015625,-0.16607654094696045,False,True
2316,c1022f89032529dbb1b58f5318cafa58c23a3b1cdcfb10c68993717d4365ddb2,mbpp,answer,14,random,1.0,-1.1303606033325195,-0.4428606629371643,False,True
2316,c1022f89032529dbb1b58f5318cafa58c23a3b1cdcfb10c68993717d4365ddb2,mbpp,answer,16,toward,0.5,-0.558315098285675,-0.933315098285675,True,False
2316,c1022f89032529dbb1b58f5318cafa58c23a3b1cdcfb10c68993717d4365ddb2,mbpp,answer,16,away,0.5,-2.5984585285186768,-0.098458431661129,False,True
2316,c1022f89032529dbb1b58f5318cafa58c23a3b1cdcfb10c68993717d4365ddb2,mbpp,answer,16,random,0.5,-1.4144951105117798,-0.3207451105117798,False,True
2316,c1022f89032529dbb1b58f5318cafa58c23a3b1cdcfb10c68993717d4365ddb2,mbpp,answer,16,toward,1.0,-0.28337424993515015,-1.642749309539795,True,False
2316,c1022f89032529dbb1b58f5318cafa58c23a3b1cdcfb10c68993717d4365ddb2,mbpp,answer,16,away,1.0,-3.580599784851074,-0.04934990406036377,False,True
2316,c1022f89032529dbb1b58f5318cafa58c23a3b1cdcfb10c68993717d4365ddb2,mbpp,answer,16,random,1.0,-1.3326984643936157,-0.36394843459129333,False,True
2316,c1022f89032529dbb1b58f5318cafa58c23a3b1cdcfb10c68993717d4365ddb2,mbpp,answer,18,toward,0.5,-0.9620073437690735,-0.5401323437690735,False,True
2316,c1022f89032529dbb1b58f5318cafa58c23a3b1cdcfb10c68993717d4365ddb2,mbpp,answer,18,away,0.5,-2.4642155170440674,-0.12046540528535843,False,True
2316,c1022f89032529dbb1b58f5318cafa58c23a3b1cdcfb10c68993717d4365ddb2,mbpp,answer,18,random,0.5,-1.5756969451904297,-0.2631968855857849,False,True
2316,c1022f89032529dbb1b58f5318cafa58c23a3b1cdcfb10c68993717d4365ddb2,mbpp,answer,18,toward,1.0,-0.8617004156112671,-0.6585754156112671,False,True
2316,c1022f89032529dbb1b58f5318cafa58c23a3b1cdcfb10c68993717d4365ddb2,mbpp,answer,18,away,1.0,-3.4135661125183105,-0.08544120192527771,False,True
2316,c1022f89032529dbb1b58f5318cafa58c23a3b1cdcfb10c68993717d4365ddb2,mbpp,answer,18,random,1.0,-1.6095900535583496,-0.26583999395370483,False,True
2316,c1022f89032529dbb1b58f5318cafa58c23a3b1cdcfb10c68993717d4365ddb2,mbpp,answer,20,toward,0.5,-1.051590085029602,-0.48909008502960205,False,True
2316,c1022f89032529dbb1b58f5318cafa58c23a3b1cdcfb10c68993717d4365ddb2,mbpp,answer,20,away,0.5,-2.0836801528930664,-0.16180527210235596,False,True
2316,c1022f89032529dbb1b58f5318cafa58c23a3b1cdcfb10c68993717d4365ddb2,mbpp,answer,20,random,0.5,-1.443574070930481,-0.31857407093048096,False,True
2316,c1022f89032529dbb1b58f5318cafa58c23a3b1cdcfb10c68993717d4365ddb2,mbpp,answer,20,toward,1.0,-0.8925068974494934,-0.6268818974494934,False,True
2316,c1022f89032529dbb1b58f5318cafa58c23a3b1cdcfb10c68993717d4365ddb2,mbpp,answer,20,away,1.0,-2.305982828140259,-0.1497327834367752,False,True
2316,c1022f89032529dbb1b58f5318cafa58c23a3b1cdcfb10c68993717d4365ddb2,mbpp,answer,20,random,1.0,-1.375929594039917,-0.375929594039917,False,True
2316,c1022f89032529dbb1b58f5318cafa58c23a3b1cdcfb10c68993717d4365ddb2,mbpp,answer,22,toward,0.5,-1.1056537628173828,-0.4494037330150604,False,True
2316,c1022f89032529dbb1b58f5318cafa58c23a3b1cdcfb10c68993717d4365ddb2,mbpp,answer,22,away,0.5,-1.9044108390808105,-0.18566083908081055,False,True
2316,c1022f89032529dbb1b58f5318cafa58c23a3b1cdcfb10c68993717d4365ddb2,mbpp,answer,22,random,0.5,-1.4236773252487183,-0.31430235505104065,False,True
2316,c1022f89032529dbb1b58f5318cafa58c23a3b1cdcfb10c68993717d4365ddb2,mbpp,answer,22,toward,1.0,-0.9306391477584839,-0.5712641477584839,False,True
2316,c1022f89032529dbb1b58f5318cafa58c23a3b1cdcfb10c68993717d4365ddb2,mbpp,answer,22,away,1.0,-2.1126456260681152,-0.15952074527740479,False,True
2316,c1022f89032529dbb1b58f5318cafa58c23a3b1cdcfb10c68993717d4365ddb2,mbpp,answer,22,random,1.0,-1.3614729642868042,-0.3458479642868042,False,True
2316,c1022f89032529dbb1b58f5318cafa58c23a3b1cdcfb10c68993717d4365ddb2,mbpp,answer,24,toward,0.5,-1.148015022277832,-0.42926499247550964,False,True
2316,c1022f89032529dbb1b58f5318cafa58c23a3b1cdcfb10c68993717d4365ddb2,mbpp,answer,24,away,0.5,-2.0035972595214844,-0.17547236382961273,False,True
2316,c1022f89032529dbb1b58f5318cafa58c23a3b1cdcfb10c68993717d4365ddb2,mbpp,answer,24,random,0.5,-1.3697872161865234,-0.33853718638420105,False,True
2316,c1022f89032529dbb1b58f5318cafa58c23a3b1cdcfb10c68993717d4365ddb2,mbpp,answer,24,toward,1.0,-1.0374985933303833,-0.5218735933303833,False,True
2316,c1022f89032529dbb1b58f5318cafa58c23a3b1cdcfb10c68993717d4365ddb2,mbpp,answer,24,away,1.0,-2.448371648788452,-0.15149669349193573,False,True
2316,c1022f89032529dbb1b58f5318cafa58c23a3b1cdcfb10c68993717d4365ddb2,mbpp,answer,24,random,1.0,-1.3219367265701294,-0.3688117563724518,False,True
2316,c1022f89032529dbb1b58f5318cafa58c23a3b1cdcfb10c68993717d4365ddb2,mbpp,answer,26,toward,0.5,-1.1186983585357666,-0.4468232989311218,False,True
2316,c1022f89032529dbb1b58f5318cafa58c23a3b1cdcfb10c68993717d4365ddb2,mbpp,answer,26,away,0.5,-2.1112844944000244,-0.15815947949886322,False,True
2316,c1022f89032529dbb1b58f5318cafa58c23a3b1cdcfb10c68993717d4365ddb2,mbpp,answer,26,random,0.5,-1.508342981338501,-0.28959304094314575,False,True
2316,c1022f89032529dbb1b58f5318cafa58c23a3b1cdcfb10c68993717d4365ddb2,mbpp,answer,26,toward,1.0,-0.9717962741851807,-0.5967962741851807,False,True
2316,c1022f89032529dbb1b58f5318cafa58c23a3b1cdcfb10c68993717d4365ddb2,mbpp,answer,26,away,1.0,-2.6413424015045166,-0.11009246110916138,False,True
2316,c1022f89032529dbb1b58f5318cafa58c23a3b1cdcfb10c68993717d4365ddb2,mbpp,answer,26,random,1.0,-1.4286998510360718,-0.3193248510360718,False,True
2316,c1022f89032529dbb1b58f5318cafa58c23a3b1cdcfb10c68993717d4365ddb2,mbpp,answer,28,toward,0.5,-1.0765986442565918,-0.4672236442565918,False,True
2316,c1022f89032529dbb1b58f5318cafa58c23a3b1cdcfb10c68993717d4365ddb2,mbpp,answer,28,away,0.5,-2.2748007774353027,-0.13417574763298035,False,True
2316,c1022f89032529dbb1b58f5318cafa58c23a3b1cdcfb10c68993717d4365ddb2,mbpp,answer,28,random,0.5,-1.4341706037521362,-0.3091706335544586,False,True
2316,c1022f89032529dbb1b58f5318cafa58c23a3b1cdcfb10c68993717d4365ddb2,mbpp,answer,28,toward,1.0,-0.9548066258430481,-0.5954316258430481,False,True
2316,c1022f89032529dbb1b58f5318cafa58c23a3b1cdcfb10c68993717d4365ddb2,mbpp,answer,28,away,1.0,-3.047149419784546,-0.07839949429035187,False,True
2316,c1022f89032529dbb1b58f5318cafa58c23a3b1cdcfb10c68993717d4365ddb2,mbpp,answer,28,random,1.0,-1.4736509323120117,-0.3017759323120117,False,True
2316,c1022f89032529dbb1b58f5318cafa58c23a3b1cdcfb10c68993717d4365ddb2,mbpp,answer,30,toward,0.5,-1.1616926193237305,-0.4273175597190857,False,True
2316,c1022f89032529dbb1b58f5318cafa58c23a3b1cdcfb10c68993717d4365ddb2,mbpp,answer,30,away,0.5,-2.5821542739868164,-0.09777933359146118,False,True
2316,c1022f89032529dbb1b58f5318cafa58c23a3b1cdcfb10c68993717d4365ddb2,mbpp,answer,30,random,0.5,-1.929951548576355,-0.17995159327983856,False,True
2316,c1022f89032529dbb1b58f5318cafa58c23a3b1cdcfb10c68993717d4365ddb2,mbpp,answer,30,toward,1.0,-1.180790901184082,-0.4932909607887268,False,True
2316,c1022f89032529dbb1b58f5318cafa58c23a3b1cdcfb10c68993717d4365ddb2,mbpp,answer,30,away,1.0,-3.669002056121826,-0.07525205612182617,False,True
2316,c1022f89032529dbb1b58f5318cafa58c23a3b1cdcfb10c68993717d4365ddb2,mbpp,answer,30,random,1.0,-2.36279034614563,-0.12841540575027466,False,True
2316,c1022f89032529dbb1b58f5318cafa58c23a3b1cdcfb10c68993717d4365ddb2,mbpp,answer,31,toward,0.5,-0.9303892850875854,-0.7116392850875854,False,True
2316,c1022f89032529dbb1b58f5318cafa58c23a3b1cdcfb10c68993717d4365ddb2,mbpp,answer,31,away,0.5,-2.8062238693237305,-0.3999738097190857,False,True
2316,c1022f89032529dbb1b58f5318cafa58c23a3b1cdcfb10c68993717d4365ddb2,mbpp,answer,31,random,0.5,-0.9968937635421753,-0.6531437635421753,False,True
2316,c1022f89032529dbb1b58f5318cafa58c23a3b1cdcfb10c68993717d4365ddb2,mbpp,answer,31,toward,1.0,-1.5824406147003174,-1.9418156147003174,False,False
2316,c1022f89032529dbb1b58f5318cafa58c23a3b1cdcfb10c68993717d4365ddb2,mbpp,answer,31,away,1.0,-6.843430519104004,-3.898118019104004,False,False
2316,c1022f89032529dbb1b58f5318cafa58c23a3b1cdcfb10c68993717d4365ddb2,mbpp,answer,31,random,1.0,-1.503037929534912,-1.815537929534912,True,False
2319,dce9d83ace41dac1186275f53bf04642f2e66020d49abfc497d0405f1eb67410,mbpp,baseline,-1,none,0.0,-1.488694190979004,-0.3324442207813263,False,True
2319,dce9d83ace41dac1186275f53bf04642f2e66020d49abfc497d0405f1eb67410,mbpp,if,0,toward,0.5,-1.4994362592697144,-0.32756125926971436,False,True
2319,dce9d83ace41dac1186275f53bf04642f2e66020d49abfc497d0405f1eb67410,mbpp,if,0,away,0.5,-1.5495271682739258,-0.315152108669281,False,True
2319,dce9d83ace41dac1186275f53bf04642f2e66020d49abfc497d0405f1eb67410,mbpp,if,0,random,0.5,-1.4630440473556519,-0.33804404735565186,False,True
2319,dce9d83ace41dac1186275f53bf04642f2e66020d49abfc497d0405f1eb67410,mbpp,if,0,toward,1.0,-1.254169225692749,-0.47291919589042664,False,False
2319,dce9d83ace41dac1186275f53bf04642f2e66020d49abfc497d0405f1eb67410,mbpp,if,0,away,1.0,-1.3270792961120605,-0.42082929611206055,False,True
2319,dce9d83ace41dac1186275f53bf04642f2e66020d49abfc497d0405f1eb67410,mbpp,if,0,random,1.0,-1.2079241275787354,-0.47354912757873535,False,False
2319,dce9d83ace41dac1186275f53bf04642f2e66020d49abfc497d0405f1eb67410,mbpp,if,2,toward,0.5,-1.4625871181488037,-0.33758705854415894,False,True
2319,dce9d83ace41dac1186275f53bf04642f2e66020d49abfc497d0405f1eb67410,mbpp,if,2,away,0.5,-1.4296566247940063,-0.35153165459632874,False,True
2319,dce9d83ace41dac1186275f53bf04642f2e66020d49abfc497d0405f1eb67410,mbpp,if,2,random,0.5,-1.474951982498169,-0.33432695269584656,False,True
2319,dce9d83ace41dac1186275f53bf04642f2e66020d49abfc497d0405f1eb67410,mbpp,if,2,toward,1.0,-1.3268961906433105,-0.38939619064331055,False,True
2319,dce9d83ace41dac1186275f53bf04642f2e66020d49abfc497d0405f1eb67410,mbpp,if,2,away,1.0,-1.2040092945098877,-0.4540092945098877,False,False
2319,dce9d83ace41dac1186275f53bf04642f2e66020d49abfc497d0405f1eb67410,mbpp,if,2,random,1.0,-1.3906619548797607,-0.37503689527511597,False,True
2319,dce9d83ace41dac1186275f53bf04642f2e66020d49abfc497d0405f1eb67410,mbpp,if,4,toward,0.5,-1.4863355159759521,-0.33008548617362976,False,True
2319,dce9d83ace41dac1186275f53bf04642f2e66020d49abfc497d0405f1eb67410,mbpp,if,4,away,0.5,-1.4288684129714966,-0.3507433831691742,False,True
2319,dce9d83ace41dac1186275f53bf04642f2e66020d49abfc497d0405f1eb67410,mbpp,if,4,random,0.5,-1.4644505977630615,-0.33945056796073914,False,True
2319,dce9d83ace41dac1186275f53bf04642f2e66020d49abfc497d0405f1eb67410,mbpp,if,4,toward,1.0,-1.265183925628662,-0.4214339852333069,False,True
2319,dce9d83ace41dac1186275f53bf04642f2e66020d49abfc497d0405f1eb67410,mbpp,if,4,away,1.0,-1.3348468542099,-0.3817218840122223,False,True
2319,dce9d83ace41dac1186275f53bf04642f2e66020d49abfc497d0405f1eb67410,mbpp,if,4,random,1.0,-1.4265714883804321,-0.3484465181827545,False,True
2319,dce9d83ace41dac1186275f53bf04642f2e66020d49abfc497d0405f1eb67410,mbpp,if,6,toward,0.5,-1.462383508682251,-0.337383508682251,False,True
2319,dce9d83ace41dac1186275f53bf04642f2e66020d49abfc497d0405f1eb67410,mbpp,if,6,away,0.5,-1.4772133827209473,-0.3365883529186249,False,True
2319,dce9d83ace41dac1186275f53bf04642f2e66020d49abfc497d0405f1eb67410,mbpp,if,6,random,0.5,-1.4640470743179321,-0.33904704451560974,False,True
2319,dce9d83ace41dac1186275f53bf04642f2e66020d49abfc497d0405f1eb67410,mbpp,if,6,toward,1.0,-1.3890193700790405,-0.35776934027671814,False,True
2319,dce9d83ace41dac1186275f53bf04642f2e66020d49abfc497d0405f1eb67410,mbpp,if,6,away,1.0,-1.4200913906097412,-0.3575913906097412,False,True
2319,dce9d83ace41dac1186275f53bf04642f2e66020d49abfc497d0405f1eb67410,mbpp,if,6,random,1.0,-1.4140597581863403,-0.35155972838401794,False,True
2319,dce9d83ace41dac1186275f53bf04642f2e66020d49abfc497d0405f1eb67410,mbpp,if,8,toward,0.5,-1.440274715423584,-0.34652477502822876,False,True
2319,dce9d83ace41dac1186275f53bf04642f2e66020d49abfc497d0405f1eb67410,mbpp,if,8,away,0.5,-1.4888033866882324,-0.3325533866882324,False,True
2319,dce9d83ace41dac1186275f53bf04642f2e66020d49abfc497d0405f1eb67410,mbpp,if,8,random,0.5,-1.463948369026184,-0.3389483690261841,False,True
2319,dce9d83ace41dac1186275f53bf04642f2e66020d49abfc497d0405f1eb67410,mbpp,if,8,toward,1.0,-1.4157633781433105,-0.35326337814331055,False,True
2319,dce9d83ace41dac1186275f53bf04642f2e66020d49abfc497d0405f1eb67410,mbpp,if,8,away,1.0,-1.4537321329116821,-0.34435713291168213,False,True
2319,dce9d83ace41dac1186275f53bf04642f2e66020d49abfc497d0405f1eb67410,mbpp,if,8,random,1.0,-1.4488255977630615,-0.33945056796073914,False,True
2319,dce9d83ace41dac1186275f53bf04642f2e66020d49abfc497d0405f1eb67410,mbpp,if,10,toward,0.5,-1.4994170665740967,-0.3275420069694519,False,True
2319,dce9d83ace41dac1186275f53bf04642f2e66020d49abfc497d0405f1eb67410,mbpp,if,10,away,0.5,-1.4398107528686523,-0.34606075286865234,False,True
2319,dce9d83ace41dac1186275f53bf04642f2e66020d49abfc497d0405f1eb67410,mbpp,if,10,random,0.5,-1.4524551630020142,-0.34308016300201416,False,True
2319,dce9d83ace41dac1186275f53bf04642f2e66020d49abfc497d0405f1eb67410,mbpp,if,10,toward,1.0,-1.4860292673110962,-0.3297792673110962,False,True
2319,dce9d83ace41dac1186275f53bf04642f2e66020d49abfc497d0405f1eb67410,mbpp,if,10,away,1.0,-1.4172766208648682,-0.3547765910625458,False,True
2319,dce9d83ace41dac1186275f53bf04642f2e66020d49abfc497d0405f1eb67410,mbpp,if,10,random,1.0,-1.4165000915527344,-0.35400012135505676,False,True
2319,dce9d83ace41dac1186275f53bf04642f2e66020d49abfc497d0405f1eb67410,mbpp,if,12,toward,0.5,-1.5135390758514404,-0.3260391056537628,False,True
2319,dce9d83ace41dac1186275f53bf04642f2e66020d49abfc497d0405f1eb67410,mbpp,if,12,away,0.5,-1.4520199298858643,-0.34264492988586426,False,True
2319,dce9d83ace41dac1186275f53bf04642f2e66020d49abfc497d0405f1eb67410,mbpp,if,12,random,0.5,-1.4889087677001953,-0.3326587677001953,False,True
2319,dce9d83ace41dac1186275f53bf04642f2e66020d49abfc497d0405f1eb67410,mbpp,if,12,toward,1.0,-1.526149034500122,-0.32302403450012207,False,True
2319,dce9d83ace41dac1186275f53bf04642f2e66020d49abfc497d0405f1eb67410,mbpp,if,12,away,1.0,-1.4388117790222168,-0.3450618088245392,False,True
2319,dce9d83ace41dac1186275f53bf04642f2e66020d49abfc497d0405f1eb67410,mbpp,if,12,random,1.0,-1.4755501747131348,-0.33492511510849,False,True
2319,dce9d83ace41dac1186275f53bf04642f2e66020d49abfc497d0405f1eb67410,mbpp,if,14,toward,0.5,-1.5013642311096191,-0.32948923110961914,False,True
2319,dce9d83ace41dac1186275f53bf04642f2e66020d49abfc497d0405f1eb67410,mbpp,if,14,away,0.5,-1.4648381471633911,-0.3398381173610687,False,True
2319,dce9d83ace41dac1186275f53bf04642f2e66020d49abfc497d0405f1eb67410,mbpp,if,14,random,0.5,-1.4780488014221191,-0.33742383122444153,False,True
2319,dce9d83ace41dac1186275f53bf04642f2e66020d49abfc497d0405f1eb67410,mbpp,if,14,toward,1.0,-1.489983081817627,-0.33373305201530457,False,True
2319,dce9d83ace41dac1186275f53bf04642f2e66020d49abfc497d0405f1eb67410,mbpp,if,14,away,1.0,-1.453061819076538,-0.3436868190765381,False,True
2319,dce9d83ace41dac1186275f53bf04642f2e66020d49abfc497d0405f1eb67410,mbpp,if,14,random,1.0,-1.454248070716858,-0.3448731005191803,False,True
2319,dce9d83ace41dac1186275f53bf04642f2e66020d49abfc497d0405f1eb67410,mbpp,if,16,toward,0.5,-1.4882450103759766,-0.33199501037597656,False,True
2319,dce9d83ace41dac1186275f53bf04642f2e66020d49abfc497d0405f1eb67410,mbpp,if,16,away,0.5,-1.4897464513778687,-0.33349642157554626,False,True
2319,dce9d83ace41dac1186275f53bf04642f2e66020d49abfc497d0405f1eb67410,mbpp,if,16,random,0.5,-1.4642614126205444,-0.33926138281822205,False,True
2319,dce9d83ace41dac1186275f53bf04642f2e66020d49abfc497d0405f1eb67410,mbpp,if,16,toward,1.0,-1.46444571018219,-0.33944573998451233,False,True
2319,dce9d83ace41dac1186275f53bf04642f2e66020d49abfc497d0405f1eb67410,mbpp,if,16,away,1.0,-1.4886674880981445,-0.3324175179004669,False,True
2319,dce9d83ace41dac1186275f53bf04642f2e66020d49abfc497d0405f1eb67410,mbpp,if,16,random,1.0,-1.4515349864959717,-0.3421599268913269,False,True
2319,dce9d83ace41dac1186275f53bf04642f2e66020d49abfc497d0405f1eb67410,mbpp,if,18,toward,0.5,-1.488250494003296,-0.3320004940032959,False,True
2319,dce9d83ace41dac1186275f53bf04642f2e66020d49abfc497d0405f1eb67410,mbpp,if,18,away,0.5,-1.4884973764419556,-0.33224737644195557,False,True
2319,dce9d83ace41dac1186275f53bf04642f2e66020d49abfc497d0405f1eb67410,mbpp,if,18,random,0.5,-1.4877760410308838,-0.33152610063552856,False,True
2319,dce9d83ace41dac1186275f53bf04642f2e66020d49abfc497d0405f1eb67410,mbpp,if,18,toward,1.0,-1.4641045331954956,-0.339104562997818,False,True
2319,dce9d83ace41dac1186275f53bf04642f2e66020d49abfc497d0405f1eb67410,mbpp,if,18,away,1.0,-1.5002738237380981,-0.32839879393577576,False,True
2319,dce9d83ace41dac1186275f53bf04642f2e66020d49abfc497d0405f1eb67410,mbpp,if,18,random,1.0,-1.4868828058242798,-0.3306327760219574,False,True
2319,dce9d83ace41dac1186275f53bf04642f2e66020d49abfc497d0405f1eb67410,mbpp,if,20,toward,0.5,-1.4998960494995117,-0.32802101969718933,False,True
2319,dce9d83ace41dac1186275f53bf04642f2e66020d49abfc497d0405f1eb67410,mbpp,if,20,away,0.5,-1.476470708847046,-0.3358457386493683,False,True
2319,dce9d83ace41dac1186275f53bf04642f2e66020d49abfc497d0405f1eb67410,mbpp,if,20,random,0.5,-1.4765644073486328,-0.3359394669532776,False,True
2319,dce9d83ace41dac1186275f53bf04642f2e66020d49abfc497d0405f1eb67410,mbpp,if,20,toward,1.0,-1.4630180597305298,-0.3380180299282074,False,True
2319,dce9d83ace41dac1186275f53bf04642f2e66020d49abfc497d0405f1eb67410,mbpp,if,20,away,1.0,-1.488215446472168,-0.3319654166698456,False,True
2319,dce9d83ace41dac1186275f53bf04642f2e66020d49abfc497d0405f1eb67410,mbpp,if,20,random,1.0,-1.4767190217971802,-0.3360939919948578,False,True
2319,dce9d83ace41dac1186275f53bf04642f2e66020d49abfc497d0405f1eb67410,mbpp,if,22,toward,0.5,-1.4767200946807861,-0.33609503507614136,False,True
2319,dce9d83ace41dac1186275f53bf04642f2e66020d49abfc497d0405f1eb67410,mbpp,if,22,away,0.5,-1.4766430854797363,-0.33601802587509155,False,True
2319,dce9d83ace41dac1186275f53bf04642f2e66020d49abfc497d0405f1eb67410,mbpp,if,22,random,0.5,-1.4889612197875977,-0.33271124958992004,False,True
2319,dce9d83ace41dac1186275f53bf04642f2e66020d49abfc497d0405f1eb67410,mbpp,if,22,toward,1.0,-1.4519908428192139,-0.34261590242385864,False,True
2319,dce9d83ace41dac1186275f53bf04642f2e66020d49abfc497d0405f1eb67410,mbpp,if,22,away,1.0,-1.4878599643707275,-0.33160996437072754,False,True
2319,dce9d83ace41dac1186275f53bf04642f2e66020d49abfc497d0405f1eb67410,mbpp,if,22,random,1.0,-1.50017249584198,-0.32829749584198,False,True
2319,dce9d83ace41dac1186275f53bf04642f2e66020d49abfc497d0405f1eb67410,mbpp,if,24,toward,0.5,-1.488602876663208,-0.3323529064655304,False,True
2319,dce9d83ace41dac1186275f53bf04642f2e66020d49abfc497d0405f1eb67410,mbpp,if,24,away,0.5,-1.4883184432983398,-0.33206847310066223,False,True
2319,dce9d83ace41dac1186275f53bf04642f2e66020d49abfc497d0405f1eb67410,mbpp,if,24,random,0.5,-1.4880568981170654,-0.3318069279193878,False,True
2319,dce9d83ace41dac1186275f53bf04642f2e66020d49abfc497d0405f1eb67410,mbpp,if,24,toward,1.0,-1.4760371446609497,-0.3354121446609497,False,True
2319,dce9d83ace41dac1186275f53bf04642f2e66020d49abfc497d0405f1eb67410,mbpp,if,24,away,1.0,-1.476372480392456,-0.33574751019477844,False,True
2319,dce9d83ace41dac1186275f53bf04642f2e66020d49abfc497d0405f1eb67410,mbpp,if,24,random,1.0,-1.4992507696151733,-0.32737573981285095,False,True
2319,dce9d83ace41dac1186275f53bf04642f2e66020d49abfc497d0405f1eb67410,mbpp,if,26,toward,0.5,-1.4770770072937012,-0.33645203709602356,False,True
2319,dce9d83ace41dac1186275f53bf04642f2e66020d49abfc497d0405f1eb67410,mbpp,if,26,away,0.5,-1.5007753372192383,-0.32890039682388306,False,True
2319,dce9d83ace41dac1186275f53bf04642f2e66020d49abfc497d0405f1eb67410,mbpp,if,26,random,0.5,-1.4886374473571777,-0.33238744735717773,False,True
2319,dce9d83ace41dac1186275f53bf04642f2e66020d49abfc497d0405f1eb67410,mbpp,if,26,toward,1.0,-1.4760520458221436,-0.33542704582214355,False,True
2319,dce9d83ace41dac1186275f53bf04642f2e66020d49abfc497d0405f1eb67410,mbpp,if,26,away,1.0,-1.5004253387451172,-0.3285503685474396,False,True
2319,dce9d83ace41dac1186275f53bf04642f2e66020d49abfc497d0405f1eb67410,mbpp,if,26,random,1.0,-1.500488519668579,-0.3286135494709015,False,True
2319,dce9d83ace41dac1186275f53bf04642f2e66020d49abfc497d0405f1eb67410,mbpp,if,28,toward,0.5,-1.4884161949157715,-0.33216622471809387,False,True
2319,dce9d83ace41dac1186275f53bf04642f2e66020d49abfc497d0405f1eb67410,mbpp,if,28,away,0.5,-1.4887022972106934,-0.3324522376060486,False,True
2319,dce9d83ace41dac1186275f53bf04642f2e66020d49abfc497d0405f1eb67410,mbpp,if,28,random,0.5,-1.4880156517028809,-0.3317655920982361,False,True
2319,dce9d83ace41dac1186275f53bf04642f2e66020d49abfc497d0405f1eb67410,mbpp,if,28,toward,1.0,-1.4878909587860107,-0.33164092898368835,False,True
2319,dce9d83ace41dac1186275f53bf04642f2e66020d49abfc497d0405f1eb67410,mbpp,if,28,away,1.0,-1.500575304031372,-0.32870030403137207,False,True
2319,dce9d83ace41dac1186275f53bf04642f2e66020d49abfc497d0405f1eb67410,mbpp,if,28,random,1.0,-1.4877643585205078,-0.3315143883228302,False,True
2319,dce9d83ace41dac1186275f53bf04642f2e66020d49abfc497d0405f1eb67410,mbpp,if,30,toward,0.5,-1.5004737377166748,-0.3285987973213196,False,True
2319,dce9d83ace41dac1186275f53bf04642f2e66020d49abfc497d0405f1eb67410,mbpp,if,30,away,0.5,-1.4888616800308228,-0.33261168003082275,False,True
2319,dce9d83ace41dac1186275f53bf04642f2e66020d49abfc497d0405f1eb67410,mbpp,if,30,random,0.5,-1.4885849952697754,-0.3323350250720978,False,True
2319,dce9d83ace41dac1186275f53bf04642f2e66020d49abfc497d0405f1eb67410,mbpp,if,30,toward,1.0,-1.5002715587615967,-0.3283965587615967,False,True
2319,dce9d83ace41dac1186275f53bf04642f2e66020d49abfc497d0405f1eb67410,mbpp,if,30,away,1.0,-1.4890035390853882,-0.33275356888771057,False,True
2319,dce9d83ace41dac1186275f53bf04642f2e66020d49abfc497d0405f1eb67410,mbpp,if,30,random,1.0,-1.4890488386154175,-0.33279886841773987,False,True
2319,dce9d83ace41dac1186275f53bf04642f2e66020d49abfc497d0405f1eb67410,mbpp,if,31,toward,0.5,-1.488809585571289,-0.3325595259666443,False,True
2319,dce9d83ace41dac1186275f53bf04642f2e66020d49abfc497d0405f1eb67410,mbpp,if,31,away,0.5,-1.488809585571289,-0.3325595259666443,False,True
2319,dce9d83ace41dac1186275f53bf04642f2e66020d49abfc497d0405f1eb67410,mbpp,if,31,random,0.5,-1.488809585571289,-0.3325595259666443,False,True
2319,dce9d83ace41dac1186275f53bf04642f2e66020d49abfc497d0405f1eb67410,mbpp,if,31,toward,1.0,-1.488809585571289,-0.3325595259666443,False,True
2319,dce9d83ace41dac1186275f53bf04642f2e66020d49abfc497d0405f1eb67410,mbpp,if,31,away,1.0,-1.488809585571289,-0.3325595259666443,False,True
2319,dce9d83ace41dac1186275f53bf04642f2e66020d49abfc497d0405f1eb67410,mbpp,if,31,random,1.0,-1.488809585571289,-0.3325595259666443,False,True
2319,dce9d83ace41dac1186275f53bf04642f2e66020d49abfc497d0405f1eb67410,mbpp,body_first,0,toward,0.5,-1.4886367321014404,-0.33238667249679565,False,True
2319,dce9d83ace41dac1186275f53bf04642f2e66020d49abfc497d0405f1eb67410,mbpp,body_first,0,away,0.5,-1.4894942045211792,-0.3332441747188568,False,True
2319,dce9d83ace41dac1186275f53bf04642f2e66020d49abfc497d0405f1eb67410,mbpp,body_first,0,random,0.5,-1.4886388778686523,-0.33238887786865234,False,True
2319,dce9d83ace41dac1186275f53bf04642f2e66020d49abfc497d0405f1eb67410,mbpp,body_first,0,toward,1.0,-1.421828269958496,-0.3593282103538513,False,True
2319,dce9d83ace41dac1186275f53bf04642f2e66020d49abfc497d0405f1eb67410,mbpp,body_first,0,away,1.0,-1.4183671474456787,-0.3558671176433563,False,True
2319,dce9d83ace41dac1186275f53bf04642f2e66020d49abfc497d0405f1eb67410,mbpp,body_first,0,random,1.0,-1.442922830581665,-0.34917277097702026,False,True
2319,dce9d83ace41dac1186275f53bf04642f2e66020d49abfc497d0405f1eb67410,mbpp,body_first,2,toward,0.5,-1.4886689186096191,-0.3324189782142639,False,True
2319,dce9d83ace41dac1186275f53bf04642f2e66020d49abfc497d0405f1eb67410,mbpp,body_first,2,away,0.5,-1.4771664142608643,-0.33654144406318665,False,True
2319,dce9d83ace41dac1186275f53bf04642f2e66020d49abfc497d0405f1eb67410,mbpp,body_first,2,random,0.5,-1.5007686614990234,-0.32889363169670105,False,True
2319,dce9d83ace41dac1186275f53bf04642f2e66020d49abfc497d0405f1eb67410,mbpp,body_first,2,toward,1.0,-1.42915678024292,-0.3510317802429199,False,True
2319,dce9d83ace41dac1186275f53bf04642f2e66020d49abfc497d0405f1eb67410,mbpp,body_first,2,away,1.0,-1.4315482378005981,-0.35342320799827576,False,True
2319,dce9d83ace41dac1186275f53bf04642f2e66020d49abfc497d0405f1eb67410,mbpp,body_first,2,random,1.0,-1.4644229412078857,-0.33942297101020813,False,True
2319,dce9d83ace41dac1186275f53bf04642f2e66020d49abfc497d0405f1eb67410,mbpp,body_first,4,toward,0.5,-1.4890475273132324,-0.33279749751091003,False,True
2319,dce9d83ace41dac1186275f53bf04642f2e66020d49abfc497d0405f1eb67410,mbpp,body_first,4,away,0.5,-1.4886565208435059,-0.33240658044815063,False,True
2319,dce9d83ace41dac1186275f53bf04642f2e66020d49abfc497d0405f1eb67410,mbpp,body_first,4,random,0.5,-1.4888112545013428,-0.3325612246990204,False,True
2319,dce9d83ace41dac1186275f53bf04642f2e66020d49abfc497d0405f1eb67410,mbpp,body_first,4,toward,1.0,-1.45301353931427,-0.34363853931427,False,True
2319,dce9d83ace41dac1186275f53bf04642f2e66020d49abfc497d0405f1eb67410,mbpp,body_first,4,away,1.0,-1.4523133039474487,-0.34293830394744873,False,True
2319,dce9d83ace41dac1186275f53bf04642f2e66020d49abfc497d0405f1eb67410,mbpp,body_first,4,random,1.0,-1.4645098447799683,-0.3395098149776459,False,True
2319,dce9d83ace41dac1186275f53bf04642f2e66020d49abfc497d0405f1eb67410,mbpp,body_first,6,toward,0.5,-1.4886752367019653,-0.33242523670196533,False,True
2319,dce9d83ace41dac1186275f53bf04642f2e66020d49abfc497d0405f1eb67410,mbpp,body_first,6,away,0.5,-1.4885047674179077,-0.3322547376155853,False,True
2319,dce9d83ace41dac1186275f53bf04642f2e66020d49abfc497d0405f1eb67410,mbpp,body_first,6,random,0.5,-1.500532865524292,-0.3286578357219696,False,True
2319,dce9d83ace41dac1186275f53bf04642f2e66020d49abfc497d0405f1eb67410,mbpp,body_first,6,toward,1.0,-1.477047324180603,-0.336422324180603,False,True
2319,dce9d83ace41dac1186275f53bf04642f2e66020d49abfc497d0405f1eb67410,mbpp,body_first,6,away,1.0,-1.4882851839065552,-0.33203521370887756,False,True
2319,dce9d83ace41dac1186275f53bf04642f2e66020d49abfc497d0405f1eb67410,mbpp,body_first,6,random,1.0,-1.4886388778686523,-0.33238881826400757,False,True
2319,dce9d83ace41dac1186275f53bf04642f2e66020d49abfc497d0405f1eb67410,mbpp,body_first,8,toward,0.5,-1.4887619018554688,-0.332511842250824,False,True
2319,dce9d83ace41dac1186275f53bf04642f2e66020d49abfc497d0405f1eb67410,mbpp,body_first,8,away,0.5,-1.4886908531188965,-0.3324407935142517,False,True
2319,dce9d83ace41dac1186275f53bf04642f2e66020d49abfc497d0405f1eb67410,mbpp,body_first,8,random,0.5,-1.4891189336776733,-0.33286893367767334,False,True
2319,dce9d83ace41dac1186275f53bf04642f2e66020d49abfc497d0405f1eb67410,mbpp,body_first,8,toward,1.0,-1.4883818626403809,-0.33213186264038086,False,True
2319,dce9d83ace41dac1186275f53bf04642f2e66020d49abfc497d0405f1eb67410,mbpp,body_first,8,away,1.0,-1.5009684562683105,-0.3290935158729553,False,True
2319,dce9d83ace41dac1186275f53bf04642f2e66020d49abfc497d0405f1eb67410,mbpp,body_first,8,random,1.0,-1.4890400171279907,-0.3327900469303131,False,True
2319,dce9d83ace41dac1186275f53bf04642f2e66020d49abfc497d0405f1eb67410,mbpp,body_first,10,toward,0.5,-1.48879075050354,-0.33254072070121765,False,True
2319,dce9d83ace41dac1186275f53bf04642f2e66020d49abfc497d0405f1eb67410,mbpp,body_first,10,away,0.5,-1.48899507522583,-0.3327450156211853,False,True
2319,dce9d83ace41dac1186275f53bf04642f2e66020d49abfc497d0405f1eb67410,mbpp,body_first,10,random,0.5,-1.4887559413909912,-0.3325059413909912,False,True
2319,dce9d83ace41dac1186275f53bf04642f2e66020d49abfc497d0405f1eb67410,mbpp,body_first,10,toward,1.0,-1.489283561706543,-0.33303359150886536,False,True
2319,dce9d83ace41dac1186275f53bf04642f2e66020d49abfc497d0405f1eb67410,mbpp,body_first,10,away,1.0,-1.5002022981643677,-0.3283272981643677,False,True
2319,dce9d83ace41dac1186275f53bf04642f2e66020d49abfc497d0405f1eb67410,mbpp,body_first,10,random,1.0,-1.4769160747528076,-0.3362910747528076,False,True
2319,dce9d83ace41dac1186275f53bf04642f2e66020d49abfc497d0405f1eb67410,mbpp,body_first,12,toward,0.5,-1.488821029663086,-0.3325710892677307,False,True
2319,dce9d83ace41dac1186275f53bf04642f2e66020d49abfc497d0405f1eb67410,mbpp,body_first,12,away,0.5,-1.500429630279541,-0.32855457067489624,False,True
2319,dce9d83ace41dac1186275f53bf04642f2e66020d49abfc497d0405f1eb67410,mbpp,body_first,12,random,0.5,-1.4999916553497314,-0.32811659574508667,False,True
2319,dce9d83ace41dac1186275f53bf04642f2e66020d49abfc497d0405f1eb67410,mbpp,body_first,12,toward,1.0,-1.4886677265167236,-0.3324177861213684,False,True
2319,dce9d83ace41dac1186275f53bf04642f2e66020d49abfc497d0405f1eb67410,mbpp,body_first,12,away,1.0,-1.4884746074676514,-0.3322245478630066,False,True
2319,dce9d83ace41dac1186275f53bf04642f2e66020d49abfc497d0405f1eb67410,mbpp,body_first,12,random,1.0,-1.488608479499817,-0.3323584496974945,False,True
2319,dce9d83ace41dac1186275f53bf04642f2e66020d49abfc497d0405f1eb67410,mbpp,body_first,14,toward,0.5,-1.4884624481201172,-0.3322124183177948,False,True
2319,dce9d83ace41dac1186275f53bf04642f2e66020d49abfc497d0405f1eb67410,mbpp,body_first,14,away,0.5,-1.4886651039123535,-0.33241504430770874,False,True
2319,dce9d83ace41dac1186275f53bf04642f2e66020d49abfc497d0405f1eb67410,mbpp,body_first,14,random,0.5,-1.488452672958374,-0.332202672958374,False,True
2319,dce9d83ace41dac1186275f53bf04642f2e66020d49abfc497d0405f1eb67410,mbpp,body_first,14,toward,1.0,-1.4884827136993408,-0.3322327733039856,False,True
2319,dce9d83ace41dac1186275f53bf04642f2e66020d49abfc497d0405f1eb67410,mbpp,body_first,14,away,1.0,-1.488673448562622,-0.3324234187602997,False,True
2319,dce9d83ace41dac1186275f53bf04642f2e66020d49abfc497d0405f1eb67410,mbpp,body_first,14,random,1.0,-1.4883625507354736,-0.33211252093315125,False,True
2319,dce9d83ace41dac1186275f53bf04642f2e66020d49abfc497d0405f1eb67410,mbpp,body_first,16,toward,0.5,-1.488700270652771,-0.332450270652771,False,True
2319,dce9d83ace41dac1186275f53bf04642f2e66020d49abfc497d0405f1eb67410,mbpp,body_first,16,away,0.5,-1.4885026216506958,-0.3322525918483734,False,True
2319,dce9d83ace41dac1186275f53bf04642f2e66020d49abfc497d0405f1eb67410,mbpp,body_first,16,random,0.5,-1.4766775369644165,-0.3360525071620941,False,True
2319,dce9d83ace41dac1186275f53bf04642f2e66020d49abfc497d0405f1eb67410,mbpp,body_first,16,toward,1.0,-1.4772647619247437,-0.33663979172706604,False,True
2319,dce9d83ace41dac1186275f53bf04642f2e66020d49abfc497d0405f1eb67410,mbpp,body_first,16,away,1.0,-1.4885048866271973,-0.33225491642951965,False,True
2319,dce9d83ace41dac1186275f53bf04642f2e66020d49abfc497d0405f1eb67410,mbpp,body_first,16,random,1.0,-1.4765821695327759,-0.33595719933509827,False,True
2319,dce9d83ace41dac1186275f53bf04642f2e66020d49abfc497d0405f1eb67410,mbpp,body_first,18,toward,0.5,-1.4891340732574463,-0.3328840434551239,False,True
2319,dce9d83ace41dac1186275f53bf04642f2e66020d49abfc497d0405f1eb67410,mbpp,body_first,18,away,0.5,-1.4887235164642334,-0.3324735462665558,False,True
2319,dce9d83ace41dac1186275f53bf04642f2e66020d49abfc497d0405f1eb67410,mbpp,body_first,18,random,0.5,-1.4883784055709839,-0.3321284353733063,False,True
2319,dce9d83ace41dac1186275f53bf04642f2e66020d49abfc497d0405f1eb67410,mbpp,body_first,18,toward,1.0,-1.4883192777633667,-0.3320692479610443,False,True
2319,dce9d83ace41dac1186275f53bf04642f2e66020d49abfc497d0405f1eb67410,mbpp,body_first,18,away,1.0,-1.4885756969451904,-0.33232563734054565,False,True
2319,dce9d83ace41dac1186275f53bf04642f2e66020d49abfc497d0405f1eb67410,mbpp,body_first,18,random,1.0,-1.4885618686676025,-0.3323119282722473,False,True
2319,dce9d83ace41dac1186275f53bf04642f2e66020d49abfc497d0405f1eb67410,mbpp,body_first,20,toward,0.5,-1.488694667816162,-0.3324446380138397,False,True
2319,dce9d83ace41dac1186275f53bf04642f2e66020d49abfc497d0405f1eb67410,mbpp,body_first,20,away,0.5,-1.4891595840454102,-0.33290961384773254,False,True
2319,dce9d83ace41dac1186275f53bf04642f2e66020d49abfc497d0405f1eb67410,mbpp,body_first,20,random,0.5,-1.4888139963150024,-0.33256396651268005,False,True
2319,dce9d83ace41dac1186275f53bf04642f2e66020d49abfc497d0405f1eb67410,mbpp,body_first,20,toward,1.0,-1.488488793373108,-0.3322388231754303,False,True
2319,dce9d83ace41dac1186275f53bf04642f2e66020d49abfc497d0405f1eb67410,mbpp,body_first,20,away,1.0,-1.5006543397903442,-0.32877933979034424,False,True
2319,dce9d83ace41dac1186275f53bf04642f2e66020d49abfc497d0405f1eb67410,mbpp,body_first,20,random,1.0,-1.4893189668655396,-0.33306896686553955,False,True
2319,dce9d83ace41dac1186275f53bf04642f2e66020d49abfc497d0405f1eb67410,mbpp,body_first,22,toward,0.5,-1.4884841442108154,-0.33223414421081543,False,True
2319,dce9d83ace41dac1186275f53bf04642f2e66020d49abfc497d0405f1eb67410,mbpp,body_first,22,away,0.5,-1.4893176555633545,-0.3330675959587097,False,True
2319,dce9d83ace41dac1186275f53bf04642f2e66020d49abfc497d0405f1eb67410,mbpp,body_first,22,random,0.5,-1.4884998798370361,-0.3322499394416809,False,True
2319,dce9d83ace41dac1186275f53bf04642f2e66020d49abfc497d0405f1eb67410,mbpp,body_first,22,toward,1.0,-1.4885648488998413,-0.3323148488998413,False,True
2319,dce9d83ace41dac1186275f53bf04642f2e66020d49abfc497d0405f1eb67410,mbpp,body_first,22,away,1.0,-1.4884105920791626,-0.3321605920791626,False,True
2319,dce9d83ace41dac1186275f53bf04642f2e66020d49abfc497d0405f1eb67410,mbpp,body_first,22,random,1.0,-1.4885045289993286,-0.332254558801651,False,True
2319,dce9d83ace41dac1186275f53bf04642f2e66020d49abfc497d0405f1eb67410,mbpp,body_first,24,toward,0.5,-1.4885685443878174,-0.33231860399246216,False,True
2319,dce9d83ace41dac1186275f53bf04642f2e66020d49abfc497d0405f1eb67410,mbpp,body_first,24,away,0.5,-1.488600730895996,-0.3323506712913513,False,True
2319,dce9d83ace41dac1186275f53bf04642f2e66020d49abfc497d0405f1eb67410,mbpp,body_first,24,random,0.5,-1.4885746240615845,-0.3323245942592621,False,True
2319,dce9d83ace41dac1186275f53bf04642f2e66020d49abfc497d0405f1eb67410,mbpp,body_first,24,toward,1.0,-1.4884155988693237,-0.3321656286716461,False,True
2319,dce9d83ace41dac1186275f53bf04642f2e66020d49abfc497d0405f1eb67410,mbpp,body_first,24,away,1.0,-1.4888076782226562,-0.33255764842033386,False,True
2319,dce9d83ace41dac1186275f53bf04642f2e66020d49abfc497d0405f1eb67410,mbpp,body_first,24,random,1.0,-1.4887486696243286,-0.3324986696243286,False,True
2319,dce9d83ace41dac1186275f53bf04642f2e66020d49abfc497d0405f1eb67410,mbpp,body_first,26,toward,0.5,-1.500295877456665,-0.32842084765434265,False,True
2319,dce9d83ace41dac1186275f53bf04642f2e66020d49abfc497d0405f1eb67410,mbpp,body_first,26,away,0.5,-1.488721489906311,-0.33247148990631104,False,True
2319,dce9d83ace41dac1186275f53bf04642f2e66020d49abfc497d0405f1eb67410,mbpp,body_first,26,random,0.5,-1.4887456893920898,-0.3324957489967346,False,True
2319,dce9d83ace41dac1186275f53bf04642f2e66020d49abfc497d0405f1eb67410,mbpp,body_first,26,toward,1.0,-1.488490343093872,-0.3322402834892273,False,True
2319,dce9d83ace41dac1186275f53bf04642f2e66020d49abfc497d0405f1eb67410,mbpp,body_first,26,away,1.0,-1.4887179136276245,-0.3324678838253021,False,True
2319,dce9d83ace41dac1186275f53bf04642f2e66020d49abfc497d0405f1eb67410,mbpp,body_first,26,random,1.0,-1.4891496896743774,-0.33289968967437744,False,True
2319,dce9d83ace41dac1186275f53bf04642f2e66020d49abfc497d0405f1eb67410,mbpp,body_first,28,toward,0.5,-1.4886105060577393,-0.33236050605773926,False,True
2319,dce9d83ace41dac1186275f53bf04642f2e66020d49abfc497d0405f1eb67410,mbpp,body_first,28,away,0.5,-1.4888198375701904,-0.33256977796554565,False,True
2319,dce9d83ace41dac1186275f53bf04642f2e66020d49abfc497d0405f1eb67410,mbpp,body_first,28,random,0.5,-1.4886723756790161,-0.3324224054813385,False,True
2319,dce9d83ace41dac1186275f53bf04642f2e66020d49abfc497d0405f1eb67410,mbpp,body_first,28,toward,1.0,-1.4888195991516113,-0.3325696289539337,False,True
2319,dce9d83ace41dac1186275f53bf04642f2e66020d49abfc497d0405f1eb67410,mbpp,body_first,28,away,1.0,-1.48917555809021,-0.3329254984855652,False,True
2319,dce9d83ace41dac1186275f53bf04642f2e66020d49abfc497d0405f1eb67410,mbpp,body_first,28,random,1.0,-1.4886705875396729,-0.33242061734199524,False,True
2319,dce9d83ace41dac1186275f53bf04642f2e66020d49abfc497d0405f1eb67410,mbpp,body_first,30,toward,0.5,-1.4888097047805786,-0.3325597047805786,False,True
2319,dce9d83ace41dac1186275f53bf04642f2e66020d49abfc497d0405f1eb67410,mbpp,body_first,30,away,0.5,-1.4888081550598145,-0.3325580954551697,False,True
2319,dce9d83ace41dac1186275f53bf04642f2e66020d49abfc497d0405f1eb67410,mbpp,body_first,30,random,0.5,-1.4888097047805786,-0.3325597047805786,False,True
2319,dce9d83ace41dac1186275f53bf04642f2e66020d49abfc497d0405f1eb67410,mbpp,body_first,30,toward,1.0,-1.4888073205947876,-0.3325573205947876,False,True
2319,dce9d83ace41dac1186275f53bf04642f2e66020d49abfc497d0405f1eb67410,mbpp,body_first,30,away,1.0,-1.488813042640686,-0.33256304264068604,False,True
2319,dce9d83ace41dac1186275f53bf04642f2e66020d49abfc497d0405f1eb67410,mbpp,body_first,30,random,1.0,-1.488808035850525,-0.3325580060482025,False,True
2319,dce9d83ace41dac1186275f53bf04642f2e66020d49abfc497d0405f1eb67410,mbpp,body_first,31,toward,0.5,-1.488809585571289,-0.3325595259666443,False,True
2319,dce9d83ace41dac1186275f53bf04642f2e66020d49abfc497d0405f1eb67410,mbpp,body_first,31,away,0.5,-1.488809585571289,-0.3325595259666443,False,True
2319,dce9d83ace41dac1186275f53bf04642f2e66020d49abfc497d0405f1eb67410,mbpp,body_first,31,random,0.5,-1.488809585571289,-0.3325595259666443,False,True
2319,dce9d83ace41dac1186275f53bf04642f2e66020d49abfc497d0405f1eb67410,mbpp,body_first,31,toward,1.0,-1.488809585571289,-0.3325595259666443,False,True
2319,dce9d83ace41dac1186275f53bf04642f2e66020d49abfc497d0405f1eb67410,mbpp,body_first,31,away,1.0,-1.488809585571289,-0.3325595259666443,False,True
2319,dce9d83ace41dac1186275f53bf04642f2e66020d49abfc497d0405f1eb67410,mbpp,body_first,31,random,1.0,-1.488809585571289,-0.3325595259666443,False,True
2319,dce9d83ace41dac1186275f53bf04642f2e66020d49abfc497d0405f1eb67410,mbpp,answer,0,toward,0.5,-1.503801703453064,-0.3319266736507416,False,True
2319,dce9d83ace41dac1186275f53bf04642f2e66020d49abfc497d0405f1eb67410,mbpp,answer,0,away,0.5,-1.461080551147461,-0.33608055114746094,False,True
2319,dce9d83ace41dac1186275f53bf04642f2e66020d49abfc497d0405f1eb67410,mbpp,answer,0,random,0.5,-1.473636269569397,-0.33301129937171936,False,True
2319,dce9d83ace41dac1186275f53bf04642f2e66020d49abfc497d0405f1eb67410,mbpp,answer,0,toward,1.0,-1.504202127456665,-0.3479521870613098,False,True
2319,dce9d83ace41dac1186275f53bf04642f2e66020d49abfc497d0405f1eb67410,mbpp,answer,0,away,1.0,-1.4092814922332764,-0.34678149223327637,False,True
2319,dce9d83ace41dac1186275f53bf04642f2e66020d49abfc497d0405f1eb67410,mbpp,answer,0,random,1.0,-1.4250056743621826,-0.346880704164505,False,True
2319,dce9d83ace41dac1186275f53bf04642f2e66020d49abfc497d0405f1eb67410,mbpp,answer,2,toward,0.5,-1.4813121557235718,-0.3406871557235718,False,True
2319,dce9d83ace41dac1186275f53bf04642f2e66020d49abfc497d0405f1eb67410,mbpp,answer,2,away,0.5,-1.5842543840408325,-0.3030044138431549,False,True
2319,dce9d83ace41dac1186275f53bf04642f2e66020d49abfc497d0405f1eb67410,mbpp,answer,2,random,0.5,-1.4673337936401367,-0.3423338234424591,False,True
2319,dce9d83ace41dac1186275f53bf04642f2e66020d49abfc497d0405f1eb67410,mbpp,answer,2,toward,1.0,-1.3930025100708008,-0.37737756967544556,False,True
2319,dce9d83ace41dac1186275f53bf04642f2e66020d49abfc497d0405f1eb67410,mbpp,answer,2,away,1.0,-1.5631425380706787,-0.3131425976753235,False,True
2319,dce9d83ace41dac1186275f53bf04642f2e66020d49abfc497d0405f1eb67410,mbpp,answer,2,random,1.0,-1.4527134895324707,-0.3589635491371155,False,True
2319,dce9d83ace41dac1186275f53bf04642f2e66020d49abfc497d0405f1eb67410,mbpp,answer,4,toward,0.5,-1.50565767288208,-0.33378273248672485,False,True
2319,dce9d83ace41dac1186275f53bf04642f2e66020d49abfc497d0405f1eb67410,mbpp,answer,4,away,0.5,-1.437235713005066,-0.34348568320274353,False,True
2319,dce9d83ace41dac1186275f53bf04642f2e66020d49abfc497d0405f1eb67410,mbpp,answer,4,random,0.5,-1.4911963939666748,-0.3349464535713196,False,True
2319,dce9d83ace41dac1186275f53bf04642f2e66020d49abfc497d0405f1eb67410,mbpp,answer,4,toward,1.0,-1.558347225189209,-0.32397228479385376,False,True
2319,dce9d83ace41dac1186275f53bf04642f2e66020d49abfc497d0405f1eb67410,mbpp,answer,4,away,1.0,-1.3802398443222046,-0.3646148443222046,False,True
2319,dce9d83ace41dac1186275f53bf04642f2e66020d49abfc497d0405f1eb67410,mbpp,answer,4,random,1.0,-1.4348260164260864,-0.3567010164260864,False,True
2319,dce9d83ace41dac1186275f53bf04642f2e66020d49abfc497d0405f1eb67410,mbpp,answer,6,toward,0.5,-1.4938464164733887,-0.33759641647338867,False,True
2319,dce9d83ace41dac1186275f53bf04642f2e66020d49abfc497d0405f1eb67410,mbpp,answer,6,away,0.5,-1.4836609363555908,-0.3274109661579132,False,True
2319,dce9d83ace41dac1186275f53bf04642f2e66020d49abfc497d0405f1eb67410,mbpp,answer,6,random,0.5,-1.4770134687423706,-0.336388498544693,False,True
2319,dce9d83ace41dac1186275f53bf04642f2e66020d49abfc497d0405f1eb67410,mbpp,answer,6,toward,1.0,-1.4194012880325317,-0.37252625823020935,False,True
2319,dce9d83ace41dac1186275f53bf04642f2e66020d49abfc497d0405f1eb67410,mbpp,answer,6,away,1.0,-1.3632981777191162,-0.363298237323761,False,True
2319,dce9d83ace41dac1186275f53bf04642f2e66020d49abfc497d0405f1eb67410,mbpp,answer,6,random,1.0,-1.3951947689056396,-0.3639447093009949,False,True
2319,dce9d83ace41dac1186275f53bf04642f2e66020d49abfc497d0405f1eb67410,mbpp,answer,8,toward,0.5,-1.39264714717865,-0.3613971471786499,False,True
2319,dce9d83ace41dac1186275f53bf04642f2e66020d49abfc497d0405f1eb67410,mbpp,answer,8,away,0.5,-1.4694100618362427,-0.3444100320339203,False,True
2319,dce9d83ace41dac1186275f53bf04642f2e66020d49abfc497d0405f1eb67410,mbpp,answer,8,random,0.5,-1.568560242652893,-0.3029352128505707,False,True
2319,dce9d83ace41dac1186275f53bf04642f2e66020d49abfc497d0405f1eb67410,mbpp,answer,8,toward,1.0,-1.286151647567749,-0.3955266773700714,False,True
2319,dce9d83ace41dac1186275f53bf04642f2e66020d49abfc497d0405f1eb67410,mbpp,answer,8,away,1.0,-1.3679405450820923,-0.4148155152797699,False,True
2319,dce9d83ace41dac1186275f53bf04642f2e66020d49abfc497d0405f1eb67410,mbpp,answer,8,random,1.0,-1.4701974391937256,-0.3295723795890808,False,True
2319,dce9d83ace41dac1186275f53bf04642f2e66020d49abfc497d0405f1eb67410,mbpp,answer,10,toward,0.5,-1.5177619457244873,-0.3302620053291321,False,True
2319,dce9d83ace41dac1186275f53bf04642f2e66020d49abfc497d0405f1eb67410,mbpp,answer,10,away,0.5,-1.3292268514633179,-0.39172688126564026,False,True
2319,dce9d83ace41dac1186275f53bf04642f2e66020d49abfc497d0405f1eb67410,mbpp,answer,10,random,0.5,-1.3135665655136108,-0.40731653571128845,False,True
2319,dce9d83ace41dac1186275f53bf04642f2e66020d49abfc497d0405f1eb67410,mbpp,answer,10,toward,1.0,-1.405745506286621,-0.3744955360889435,False,True
2319,dce9d83ace41dac1186275f53bf04642f2e66020d49abfc497d0405f1eb67410,mbpp,answer,10,away,1.0,-1.198343276977539,-0.5108433365821838,False,True
2319,dce9d83ace41dac1186275f53bf04642f2e66020d49abfc497d0405f1eb67410,mbpp,answer,10,random,1.0,-1.2065895795822144,-0.48783954977989197,False,True
2319,dce9d83ace41dac1186275f53bf04642f2e66020d49abfc497d0405f1eb67410,mbpp,answer,12,toward,0.5,-1.5461618900299072,-0.311786949634552,False,True
2319,dce9d83ace41dac1186275f53bf04642f2e66020d49abfc497d0405f1eb67410,mbpp,answer,12,away,0.5,-1.2349886894226074,-0.4537387490272522,False,True
2319,dce9d83ace41dac1186275f53bf04642f2e66020d49abfc497d0405f1eb67410,mbpp,answer,12,random,0.5,-1.3967864513397217,-0.34991151094436646,False,True
2319,dce9d83ace41dac1186275f53bf04642f2e66020d49abfc497d0405f1eb67410,mbpp,answer,12,toward,1.0,-1.4851465225219727,-0.32889655232429504,False,True
2319,dce9d83ace41dac1186275f53bf04642f2e66020d49abfc497d0405f1eb67410,mbpp,answer,12,away,1.0,-1.2308759689331055,-0.5590010285377502,False,True
2319,dce9d83ace41dac1186275f53bf04642f2e66020d49abfc497d0405f1eb67410,mbpp,answer,12,random,1.0,-1.2416374683380127,-0.4135124981403351,False,True
2319,dce9d83ace41dac1186275f53bf04642f2e66020d49abfc497d0405f1eb67410,mbpp,answer,14,toward,0.5,-1.55393648147583,-0.28831151127815247,False,True
2319,dce9d83ace41dac1186275f53bf04642f2e66020d49abfc497d0405f1eb67410,mbpp,answer,14,away,0.5,-1.282972812652588,-0.4548477530479431,False,True
2319,dce9d83ace41dac1186275f53bf04642f2e66020d49abfc497d0405f1eb67410,mbpp,answer,14,random,0.5,-1.5437963008880615,-0.3094213008880615,False,True
2319,dce9d83ace41dac1186275f53bf04642f2e66020d49abfc497d0405f1eb67410,mbpp,answer,14,toward,1.0,-1.7509520053863525,-0.23532699048519135,False,True
2319,dce9d83ace41dac1186275f53bf04642f2e66020d49abfc497d0405f1eb67410,mbpp,answer,14,away,1.0,-1.0840204954147339,-0.6777704954147339,False,True
2319,dce9d83ace41dac1186275f53bf04642f2e66020d49abfc497d0405f1eb67410,mbpp,answer,14,random,1.0,-1.4245545864105225,-0.34642958641052246,False,True
2319,dce9d83ace41dac1186275f53bf04642f2e66020d49abfc497d0405f1eb67410,mbpp,answer,16,toward,0.5,-1.8589158058166504,-0.2182907611131668,False,True
2319,dce9d83ace41dac1186275f53bf04642f2e66020d49abfc497d0405f1eb67410,mbpp,answer,16,away,0.5,-1.004967212677002,-0.5987172722816467,False,True
2319,dce9d83ace41dac1186275f53bf04642f2e66020d49abfc497d0405f1eb67410,mbpp,answer,16,random,0.5,-1.6000304222106934,-0.2875303626060486,False,True
2319,dce9d83ace41dac1186275f53bf04642f2e66020d49abfc497d0405f1eb67410,mbpp,answer,16,toward,1.0,-2.6513750553131104,-0.10450006276369095,False,True
2319,dce9d83ace41dac1186275f53bf04642f2e66020d49abfc497d0405f1eb67410,mbpp,answer,16,away,1.0,-0.6784048080444336,-1.0065298080444336,True,False
2319,dce9d83ace41dac1186275f53bf04642f2e66020d49abfc497d0405f1eb67410,mbpp,answer,16,random,1.0,-1.8499953746795654,-0.22499540448188782,False,True
2319,dce9d83ace41dac1186275f53bf04642f2e66020d49abfc497d0405f1eb67410,mbpp,answer,18,toward,0.5,-1.9904584884643555,-0.19358351826667786,False,True
2319,dce9d83ace41dac1186275f53bf04642f2e66020d49abfc497d0405f1eb67410,mbpp,answer,18,away,0.5,-1.214783787727356,-0.49603375792503357,False,True
2319,dce9d83ace41dac1186275f53bf04642f2e66020d49abfc497d0405f1eb67410,mbpp,answer,18,random,0.5,-1.671132206916809,-0.2805071771144867,False,True
2319,dce9d83ace41dac1186275f53bf04642f2e66020d49abfc497d0405f1eb67410,mbpp,answer,18,toward,1.0,-2.6176655292510986,-0.1176656186580658,False,True
2319,dce9d83ace41dac1186275f53bf04642f2e66020d49abfc497d0405f1eb67410,mbpp,answer,18,away,1.0,-1.0639638900756836,-0.6264638900756836,False,True
2319,dce9d83ace41dac1186275f53bf04642f2e66020d49abfc497d0405f1eb67410,mbpp,answer,18,random,1.0,-1.9723834991455078,-0.2223835587501526,False,True
2319,dce9d83ace41dac1186275f53bf04642f2e66020d49abfc497d0405f1eb67410,mbpp,answer,20,toward,0.5,-1.8223588466644287,-0.2286088764667511,False,True
2319,dce9d83ace41dac1186275f53bf04642f2e66020d49abfc497d0405f1eb67410,mbpp,answer,20,away,0.5,-1.18498694896698,-0.51311194896698,False,True
2319,dce9d83ace41dac1186275f53bf04642f2e66020d49abfc497d0405f1eb67410,mbpp,answer,20,random,0.5,-1.5068914890289307,-0.3193914294242859,False,True
2319,dce9d83ace41dac1186275f53bf04642f2e66020d49abfc497d0405f1eb67410,mbpp,answer,20,toward,1.0,-2.1851329803466797,-0.16950801014900208,False,True
2319,dce9d83ace41dac1186275f53bf04642f2e66020d49abfc497d0405f1eb67410,mbpp,answer,20,away,1.0,-1.0092734098434448,-0.6498984098434448,False,True
2319,dce9d83ace41dac1186275f53bf04642f2e66020d49abfc497d0405f1eb67410,mbpp,answer,20,random,1.0,-1.463804841041565,-0.32317987084388733,False,True
2319,dce9d83ace41dac1186275f53bf04642f2e66020d49abfc497d0405f1eb67410,mbpp,answer,22,toward,0.5,-1.6295785903930664,-0.27020353078842163,False,True
2319,dce9d83ace41dac1186275f53bf04642f2e66020d49abfc497d0405f1eb67410,mbpp,answer,22,away,0.5,-1.1967837810516357,-0.47803381085395813,False,True
2319,dce9d83ace41dac1186275f53bf04642f2e66020d49abfc497d0405f1eb67410,mbpp,answer,22,random,0.5,-1.448843002319336,-0.35509300231933594,False,True
2319,dce9d83ace41dac1186275f53bf04642f2e66020d49abfc497d0405f1eb67410,mbpp,answer,22,toward,1.0,-1.8174394369125366,-0.2236894816160202,False,True
2319,dce9d83ace41dac1186275f53bf04642f2e66020d49abfc497d0405f1eb67410,mbpp,answer,22,away,1.0,-1.0221383571624756,-0.5846382975578308,False,True
2319,dce9d83ace41dac1186275f53bf04642f2e66020d49abfc497d0405f1eb67410,mbpp,answer,22,random,1.0,-1.5787577629089355,-0.3131328225135803,False,True
2319,dce9d83ace41dac1186275f53bf04642f2e66020d49abfc497d0405f1eb67410,mbpp,answer,24,toward,0.5,-1.8691293001174927,-0.22850434482097626,False,True
2319,dce9d83ace41dac1186275f53bf04642f2e66020d49abfc497d0405f1eb67410,mbpp,answer,24,away,0.5,-1.1946320533752441,-0.46025705337524414,False,True
2319,dce9d83ace41dac1186275f53bf04642f2e66020d49abfc497d0405f1eb67410,mbpp,answer,24,random,0.5,-1.6013636589050293,-0.3201136589050293,False,True
2319,dce9d83ace41dac1186275f53bf04642f2e66020d49abfc497d0405f1eb67410,mbpp,answer,24,toward,1.0,-2.2373080253601074,-0.20605802536010742,False,True
2319,dce9d83ace41dac1186275f53bf04642f2e66020d49abfc497d0405f1eb67410,mbpp,answer,24,away,1.0,-1.093287467956543,-0.5307875275611877,False,True
2319,dce9d83ace41dac1186275f53bf04642f2e66020d49abfc497d0405f1eb67410,mbpp,answer,24,random,1.0,-1.9986481666564941,-0.3423982262611389,False,True
2319,dce9d83ace41dac1186275f53bf04642f2e66020d49abfc497d0405f1eb67410,mbpp,answer,26,toward,0.5,-2.0842278003692627,-0.1936027705669403,False,True
2319,dce9d83ace41dac1186275f53bf04642f2e66020d49abfc497d0405f1eb67410,mbpp,answer,26,away,0.5,-1.1031955480575562,-0.5094455480575562,False,True
2319,dce9d83ace41dac1186275f53bf04642f2e66020d49abfc497d0405f1eb67410,mbpp,answer,26,random,0.5,-1.5660271644592285,-0.3160271644592285,False,True
2319,dce9d83ace41dac1186275f53bf04642f2e66020d49abfc497d0405f1eb67410,mbpp,answer,26,toward,1.0,-2.7367992401123047,-0.14304928481578827,False,True
2319,dce9d83ace41dac1186275f53bf04642f2e66020d49abfc497d0405f1eb67410,mbpp,answer,26,away,1.0,-0.9582655429840088,-0.6301405429840088,False,True
2319,dce9d83ace41dac1186275f53bf04642f2e66020d49abfc497d0405f1eb67410,mbpp,answer,26,random,1.0,-1.8395204544067383,-0.26139551401138306,False,True
2319,dce9d83ace41dac1186275f53bf04642f2e66020d49abfc497d0405f1eb67410,mbpp,answer,28,toward,0.5,-2.162344217300415,-0.17796924710273743,False,True
2319,dce9d83ace41dac1186275f53bf04642f2e66020d49abfc497d0405f1eb67410,mbpp,answer,28,away,0.5,-1.0881502628326416,-0.5100252628326416,False,True
2319,dce9d83ace41dac1186275f53bf04642f2e66020d49abfc497d0405f1eb67410,mbpp,answer,28,random,0.5,-1.2444546222686768,-0.43195462226867676,False,True
2319,dce9d83ace41dac1186275f53bf04642f2e66020d49abfc497d0405f1eb67410,mbpp,answer,28,toward,1.0,-3.088956117630005,-0.08895613998174667,False,True
2319,dce9d83ace41dac1186275f53bf04642f2e66020d49abfc497d0405f1eb67410,mbpp,answer,28,away,1.0,-0.9440472722053528,-0.6315472722053528,False,True
2319,dce9d83ace41dac1186275f53bf04642f2e66020d49abfc497d0405f1eb67410,mbpp,answer,28,random,1.0,-1.1497766971588135,-0.4779016375541687,False,True
2319,dce9d83ace41dac1186275f53bf04642f2e66020d49abfc497d0405f1eb67410,mbpp,answer,30,toward,0.5,-2.432199001312256,-0.15094904601573944,False,True
2319,dce9d83ace41dac1186275f53bf04642f2e66020d49abfc497d0405f1eb67410,mbpp,answer,30,away,0.5,-1.143477201461792,-0.4716022312641144,False,True
2319,dce9d83ace41dac1186275f53bf04642f2e66020d49abfc497d0405f1eb67410,mbpp,answer,30,random,0.5,-1.3072782754898071,-0.40102824568748474,False,True
2319,dce9d83ace41dac1186275f53bf04642f2e66020d49abfc497d0405f1eb67410,mbpp,answer,30,toward,1.0,-3.41672682762146,-0.13547687232494354,False,True
2319,dce9d83ace41dac1186275f53bf04642f2e66020d49abfc497d0405f1eb67410,mbpp,answer,30,away,1.0,-1.105989694595337,-0.5434897541999817,False,True
2319,dce9d83ace41dac1186275f53bf04642f2e66020d49abfc497d0405f1eb67410,mbpp,answer,30,random,1.0,-1.1441760063171387,-0.5660510063171387,False,True
2319,dce9d83ace41dac1186275f53bf04642f2e66020d49abfc497d0405f1eb67410,mbpp,answer,31,toward,0.5,-3.6233720779418945,-1.2952470779418945,False,False
2319,dce9d83ace41dac1186275f53bf04642f2e66020d49abfc497d0405f1eb67410,mbpp,answer,31,away,0.5,-0.9414173364639282,-0.7539173364639282,False,True
2319,dce9d83ace41dac1186275f53bf04642f2e66020d49abfc497d0405f1eb67410,mbpp,answer,31,random,0.5,-2.0378758907318115,-0.25662583112716675,False,True
2319,dce9d83ace41dac1186275f53bf04642f2e66020d49abfc497d0405f1eb67410,mbpp,answer,31,toward,1.0,-8.111483573913574,-5.252108573913574,False,False
2319,dce9d83ace41dac1186275f53bf04642f2e66020d49abfc497d0405f1eb67410,mbpp,answer,31,away,1.0,-1.4883297681808472,-1.8789547681808472,False,False
2319,dce9d83ace41dac1186275f53bf04642f2e66020d49abfc497d0405f1eb67410,mbpp,answer,31,random,1.0,-2.5254855155944824,-0.5254855751991272,False,True
2320,dce9d83ace41dac1186275f53bf04642f2e66020d49abfc497d0405f1eb67410,mbpp,baseline,-1,none,0.0,-1.8208457231521606,-0.24272070825099945,False,True
2320,dce9d83ace41dac1186275f53bf04642f2e66020d49abfc497d0405f1eb67410,mbpp,if,0,toward,0.5,-1.8332984447479248,-0.2395484894514084,False,True
2320,dce9d83ace41dac1186275f53bf04642f2e66020d49abfc497d0405f1eb67410,mbpp,if,0,away,0.5,-1.8872402906417847,-0.23099032044410706,False,True
2320,dce9d83ace41dac1186275f53bf04642f2e66020d49abfc497d0405f1eb67410,mbpp,if,0,random,0.5,-1.8193845748901367,-0.2412596344947815,False,True
2320,dce9d83ace41dac1186275f53bf04642f2e66020d49abfc497d0405f1eb67410,mbpp,if,0,toward,1.0,-1.5069934129714966,-0.3663683831691742,False,True
2320,dce9d83ace41dac1186275f53bf04642f2e66020d49abfc497d0405f1eb67410,mbpp,if,0,away,1.0,-1.6261600255966187,-0.31366002559661865,False,True
2320,dce9d83ace41dac1186275f53bf04642f2e66020d49abfc497d0405f1eb67410,mbpp,if,0,random,1.0,-1.4871970415115356,-0.36219704151153564,False,True
2320,dce9d83ace41dac1186275f53bf04642f2e66020d49abfc497d0405f1eb67410,mbpp,if,2,toward,0.5,-1.805742621421814,-0.24324259161949158,False,True
2320,dce9d83ace41dac1186275f53bf04642f2e66020d49abfc497d0405f1eb67410,mbpp,if,2,away,0.5,-1.7443768978118896,-0.26000192761421204,False,True
2320,dce9d83ace41dac1186275f53bf04642f2e66020d49abfc497d0405f1eb67410,mbpp,if,2,random,0.5,-1.7831618785858154,-0.25191181898117065,False,True
2320,dce9d83ace41dac1186275f53bf04642f2e66020d49abfc497d0405f1eb67410,mbpp,if,2,toward,1.0,-1.642640471458435,-0.28326550126075745,False,True
2320,dce9d83ace41dac1186275f53bf04642f2e66020d49abfc497d0405f1eb67410,mbpp,if,2,away,1.0,-1.4585909843444824,-0.3492159843444824,False,True
2320,dce9d83ace41dac1186275f53bf04642f2e66020d49abfc497d0405f1eb67410,mbpp,if,2,random,1.0,-1.5857772827148438,-0.3201523423194885,False,True
2320,dce9d83ace41dac1186275f53bf04642f2e66020d49abfc497d0405f1eb67410,mbpp,if,4,toward,0.5,-1.8191395998001099,-0.24101459980010986,False,True
2320,dce9d83ace41dac1186275f53bf04642f2e66020d49abfc497d0405f1eb67410,mbpp,if,4,away,0.5,-1.7430589199066162,-0.258683979511261,False,True
2320,dce9d83ace41dac1186275f53bf04642f2e66020d49abfc497d0405f1eb67410,mbpp,if,4,random,0.5,-1.7821369171142578,-0.2508869767189026,False,True
2320,dce9d83ace41dac1186275f53bf04642f2e66020d49abfc497d0405f1eb67410,mbpp,if,4,toward,1.0,-1.5252848863601685,-0.32215985655784607,False,True
2320,dce9d83ace41dac1186275f53bf04642f2e66020d49abfc497d0405f1eb67410,mbpp,if,4,away,1.0,-1.6528139114379883,-0.2778139114379883,False,True
2320,dce9d83ace41dac1186275f53bf04642f2e66020d49abfc497d0405f1eb67410,mbpp,if,4,random,1.0,-1.6588482856750488,-0.28384822607040405,False,True
2320,dce9d83ace41dac1186275f53bf04642f2e66020d49abfc497d0405f1eb67410,mbpp,if,6,toward,0.5,-1.8066438436508179,-0.2441437989473343,False,True
2320,dce9d83ace41dac1186275f53bf04642f2e66020d49abfc497d0405f1eb67410,mbpp,if,6,away,0.5,-1.8079206943511963,-0.2454206943511963,False,True
2320,dce9d83ace41dac1186275f53bf04642f2e66020d49abfc497d0405f1eb67410,mbpp,if,6,random,0.5,-1.7961820363998413,-0.24930699169635773,False,True
2320,dce9d83ace41dac1186275f53bf04642f2e66020d49abfc497d0405f1eb67410,mbpp,if,6,toward,1.0,-1.7138171195983887,-0.26069214940071106,False,True
2320,dce9d83ace41dac1186275f53bf04642f2e66020d49abfc497d0405f1eb67410,mbpp,if,6,away,1.0,-1.7453906536102295,-0.2610156238079071,False,True
2320,dce9d83ace41dac1186275f53bf04642f2e66020d49abfc497d0405f1eb67410,mbpp,if,6,random,1.0,-1.719459056854248,-0.26633408665657043,False,True
2320,dce9d83ace41dac1186275f53bf04642f2e66020d49abfc497d0405f1eb67410,mbpp,if,8,toward,0.5,-1.7805976867675781,-0.24934768676757812,False,True
2320,dce9d83ace41dac1186275f53bf04642f2e66020d49abfc497d0405f1eb67410,mbpp,if,8,away,0.5,-1.7958269119262695,-0.24895185232162476,False,True
2320,dce9d83ace41dac1186275f53bf04642f2e66020d49abfc497d0405f1eb67410,mbpp,if,8,random,0.5,-1.7838976383209229,-0.25264763832092285,False,True
2320,dce9d83ace41dac1186275f53bf04642f2e66020d49abfc497d0405f1eb67410,mbpp,if,8,toward,1.0,-1.7402019500732422,-0.25582700967788696,False,True
2320,dce9d83ace41dac1186275f53bf04642f2e66020d49abfc497d0405f1eb67410,mbpp,if,8,away,1.0,-1.7571245431900024,-0.25712457299232483,False,True
2320,dce9d83ace41dac1186275f53bf04642f2e66020d49abfc497d0405f1eb67410,mbpp,if,8,random,1.0,-1.732600450515747,-0.26385048031806946,False,True
2320,dce9d83ace41dac1186275f53bf04642f2e66020d49abfc497d0405f1eb67410,mbpp,if,10,toward,0.5,-1.8325178623199463,-0.23876792192459106,False,True
2320,dce9d83ace41dac1186275f53bf04642f2e66020d49abfc497d0405f1eb67410,mbpp,if,10,away,0.5,-1.7684824466705322,-0.2528574466705322,False,True
2320,dce9d83ace41dac1186275f53bf04642f2e66020d49abfc497d0405f1eb67410,mbpp,if,10,random,0.5,-1.7939966917037964,-0.24712172150611877,False,True
2320,dce9d83ace41dac1186275f53bf04642f2e66020d49abfc497d0405f1eb67410,mbpp,if,10,toward,1.0,-1.8176554441452026,-0.23953047394752502,False,True
2320,dce9d83ace41dac1186275f53bf04642f2e66020d49abfc497d0405f1eb67410,mbpp,if,10,away,1.0,-1.7305412292480469,-0.2617912292480469,False,True
2320,dce9d83ace41dac1186275f53bf04642f2e66020d49abfc497d0405f1eb67410,mbpp,if,10,random,1.0,-1.7793186902999878,-0.24806873500347137,False,True
2320,dce9d83ace41dac1186275f53bf04642f2e66020d49abfc497d0405f1eb67410,mbpp,if,12,toward,0.5,-1.8352665901184082,-0.2415165901184082,False,True
2320,dce9d83ace41dac1186275f53bf04642f2e66020d49abfc497d0405f1eb67410,mbpp,if,12,away,0.5,-1.793420672416687,-0.2465456873178482,False,True
2320,dce9d83ace41dac1186275f53bf04642f2e66020d49abfc497d0405f1eb67410,mbpp,if,12,random,0.5,-1.8065541982650757,-0.24405424296855927,False,True
2320,dce9d83ace41dac1186275f53bf04642f2e66020d49abfc497d0405f1eb67410,mbpp,if,12,toward,1.0,-1.835108757019043,-0.24135881662368774,False,True
2320,dce9d83ace41dac1186275f53bf04642f2e66020d49abfc497d0405f1eb67410,mbpp,if,12,away,1.0,-1.7663767337799072,-0.2507517337799072,False,True
2320,dce9d83ace41dac1186275f53bf04642f2e66020d49abfc497d0405f1eb67410,mbpp,if,12,random,1.0,-1.7927348613739014,-0.24585987627506256,False,True
2320,dce9d83ace41dac1186275f53bf04642f2e66020d49abfc497d0405f1eb67410,mbpp,if,14,toward,0.5,-1.8342708349227905,-0.24052079021930695,False,True
2320,dce9d83ace41dac1186275f53bf04642f2e66020d49abfc497d0405f1eb67410,mbpp,if,14,away,0.5,-1.7947031259536743,-0.2478281706571579,False,True
2320,dce9d83ace41dac1186275f53bf04642f2e66020d49abfc497d0405f1eb67410,mbpp,if,14,random,0.5,-1.8218014240264893,-0.24367648363113403,False,True
2320,dce9d83ace41dac1186275f53bf04642f2e66020d49abfc497d0405f1eb67410,mbpp,if,14,toward,1.0,-1.8088253736495972,-0.2463253289461136,False,True
2320,dce9d83ace41dac1186275f53bf04642f2e66020d49abfc497d0405f1eb67410,mbpp,if,14,away,1.0,-1.7693949937820435,-0.25377002358436584,False,True
2320,dce9d83ace41dac1186275f53bf04642f2e66020d49abfc497d0405f1eb67410,mbpp,if,14,random,1.0,-1.8090330362319946,-0.24653302133083344,False,True
2320,dce9d83ace41dac1186275f53bf04642f2e66020d49abfc497d0405f1eb67410,mbpp,if,16,toward,0.5,-1.8076231479644775,-0.24512311816215515,False,True
2320,dce9d83ace41dac1186275f53bf04642f2e66020d49abfc497d0405f1eb67410,mbpp,if,16,away,0.5,-1.8094563484191895,-0.24695634841918945,False,True
2320,dce9d83ace41dac1186275f53bf04642f2e66020d49abfc497d0405f1eb67410,mbpp,if,16,random,0.5,-1.8082032203674316,-0.24570325016975403,False,True
2320,dce9d83ace41dac1186275f53bf04642f2e66020d49abfc497d0405f1eb67410,mbpp,if,16,toward,1.0,-1.7948272228240967,-0.2479521781206131,False,True
2320,dce9d83ace41dac1186275f53bf04642f2e66020d49abfc497d0405f1eb67410,mbpp,if,16,away,1.0,-1.821786880493164,-0.2436618208885193,False,True
2320,dce9d83ace41dac1186275f53bf04642f2e66020d49abfc497d0405f1eb67410,mbpp,if,16,random,1.0,-1.832741379737854,-0.23899134993553162,False,True
2320,dce9d83ace41dac1186275f53bf04642f2e66020d49abfc497d0405f1eb67410,mbpp,if,18,toward,0.5,-1.807749629020691,-0.24524962902069092,False,True
2320,dce9d83ace41dac1186275f53bf04642f2e66020d49abfc497d0405f1eb67410,mbpp,if,18,away,0.5,-1.8209459781646729,-0.24282096326351166,False,True
2320,dce9d83ace41dac1186275f53bf04642f2e66020d49abfc497d0405f1eb67410,mbpp,if,18,random,0.5,-1.7960633039474487,-0.24918825924396515,False,True
2320,dce9d83ace41dac1186275f53bf04642f2e66020d49abfc497d0405f1eb67410,mbpp,if,18,toward,1.0,-1.7936983108520508,-0.2468232661485672,False,True
2320,dce9d83ace41dac1186275f53bf04642f2e66020d49abfc497d0405f1eb67410,mbpp,if,18,away,1.0,-1.8467546701431274,-0.23737965524196625,False,True
2320,dce9d83ace41dac1186275f53bf04642f2e66020d49abfc497d0405f1eb67410,mbpp,if,18,random,1.0,-1.8089828491210938,-0.24648280441761017,False,True
2320,dce9d83ace41dac1186275f53bf04642f2e66020d49abfc497d0405f1eb67410,mbpp,if,20,toward,0.5,-1.820656418800354,-0.242531418800354,False,True
2320,dce9d83ace41dac1186275f53bf04642f2e66020d49abfc497d0405f1eb67410,mbpp,if,20,away,0.5,-1.8084218502044678,-0.24592186510562897,False,True
2320,dce9d83ace41dac1186275f53bf04642f2e66020d49abfc497d0405f1eb67410,mbpp,if,20,random,0.5,-1.8199098110198975,-0.24178481101989746,False,True
2320,dce9d83ace41dac1186275f53bf04642f2e66020d49abfc497d0405f1eb67410,mbpp,if,20,toward,1.0,-1.7931584119796753,-0.2462833970785141,False,True
2320,dce9d83ace41dac1186275f53bf04642f2e66020d49abfc497d0405f1eb67410,mbpp,if,20,away,1.0,-1.8207927942276,-0.2426677793264389,False,True
2320,dce9d83ace41dac1186275f53bf04642f2e66020d49abfc497d0405f1eb67410,mbpp,if,20,random,1.0,-1.818716287612915,-0.24059127271175385,False,True
2320,dce9d83ace41dac1186275f53bf04642f2e66020d49abfc497d0405f1eb67410,mbpp,if,22,toward,0.5,-1.8074954748153687,-0.24499548971652985,False,True
2320,dce9d83ace41dac1186275f53bf04642f2e66020d49abfc497d0405f1eb67410,mbpp,if,22,away,0.5,-1.8079466819763184,-0.24544671177864075,False,True
2320,dce9d83ace41dac1186275f53bf04642f2e66020d49abfc497d0405f1eb67410,mbpp,if,22,random,0.5,-1.8082072734832764,-0.24570725858211517,False,True
2320,dce9d83ace41dac1186275f53bf04642f2e66020d49abfc497d0405f1eb67410,mbpp,if,22,toward,1.0,-1.7810697555541992,-0.24981969594955444,False,True
2320,dce9d83ace41dac1186275f53bf04642f2e66020d49abfc497d0405f1eb67410,mbpp,if,22,away,1.0,-1.82066810131073,-0.24254310131072998,False,True
2320,dce9d83ace41dac1186275f53bf04642f2e66020d49abfc497d0405f1eb67410,mbpp,if,22,random,1.0,-1.7955780029296875,-0.2487030327320099,False,True
2320,dce9d83ace41dac1186275f53bf04642f2e66020d49abfc497d0405f1eb67410,mbpp,if,24,toward,0.5,-1.8087317943572998,-0.2462317794561386,False,True
2320,dce9d83ace41dac1186275f53bf04642f2e66020d49abfc497d0405f1eb67410,mbpp,if,24,away,0.5,-1.808786392211914,-0.24628637731075287,False,True
2320,dce9d83ace41dac1186275f53bf04642f2e66020d49abfc497d0405f1eb67410,mbpp,if,24,random,0.5,-1.833747148513794,-0.23999711871147156,False,True
2320,dce9d83ace41dac1186275f53bf04642f2e66020d49abfc497d0405f1eb67410,mbpp,if,24,toward,1.0,-1.8072847127914429,-0.24478468298912048,False,True
2320,dce9d83ace41dac1186275f53bf04642f2e66020d49abfc497d0405f1eb67410,mbpp,if,24,away,1.0,-1.795540452003479,-0.2486654669046402,False,True
2320,dce9d83ace41dac1186275f53bf04642f2e66020d49abfc497d0405f1eb67410,mbpp,if,24,random,1.0,-1.833680510520935,-0.23993052542209625,False,True
2320,dce9d83ace41dac1186275f53bf04642f2e66020d49abfc497d0405f1eb67410,mbpp,if,26,toward,0.5,-1.808286190032959,-0.24578621983528137,False,True
2320,dce9d83ace41dac1186275f53bf04642f2e66020d49abfc497d0405f1eb67410,mbpp,if,26,away,0.5,-1.8215240240097046,-0.24339905381202698,False,True
2320,dce9d83ace41dac1186275f53bf04642f2e66020d49abfc497d0405f1eb67410,mbpp,if,26,random,0.5,-1.808371901512146,-0.245871901512146,False,True
2320,dce9d83ace41dac1186275f53bf04642f2e66020d49abfc497d0405f1eb67410,mbpp,if,26,toward,1.0,-1.8073301315307617,-0.24483013153076172,False,True
2320,dce9d83ace41dac1186275f53bf04642f2e66020d49abfc497d0405f1eb67410,mbpp,if,26,away,1.0,-1.8212767839431763,-0.2431517392396927,False,True
2320,dce9d83ace41dac1186275f53bf04642f2e66020d49abfc497d0405f1eb67410,mbpp,if,26,random,1.0,-1.8076493740081787,-0.2451494336128235,False,True
2320,dce9d83ace41dac1186275f53bf04642f2e66020d49abfc497d0405f1eb67410,mbpp,if,28,toward,0.5,-1.8084540367126465,-0.2459540218114853,False,True
2320,dce9d83ace41dac1186275f53bf04642f2e66020d49abfc497d0405f1eb67410,mbpp,if,28,away,0.5,-1.821122169494629,-0.24299710988998413,False,True
2320,dce9d83ace41dac1186275f53bf04642f2e66020d49abfc497d0405f1eb67410,mbpp,if,28,random,0.5,-1.8083522319793701,-0.24585223197937012,False,True
2320,dce9d83ace41dac1186275f53bf04642f2e66020d49abfc497d0405f1eb67410,mbpp,if,28,toward,1.0,-1.8208662271499634,-0.242741197347641,False,True
2320,dce9d83ace41dac1186275f53bf04642f2e66020d49abfc497d0405f1eb67410,mbpp,if,28,away,1.0,-1.8209452629089355,-0.24282030761241913,False,True
2320,dce9d83ace41dac1186275f53bf04642f2e66020d49abfc497d0405f1eb67410,mbpp,if,28,random,1.0,-1.8081995248794556,-0.24569950997829437,False,True
2320,dce9d83ace41dac1186275f53bf04642f2e66020d49abfc497d0405f1eb67410,mbpp,if,30,toward,0.5,-1.8215571641921997,-0.24343213438987732,False,True
2320,dce9d83ace41dac1186275f53bf04642f2e66020d49abfc497d0405f1eb67410,mbpp,if,30,away,0.5,-1.8084297180175781,-0.24592970311641693,False,True
2320,dce9d83ace41dac1186275f53bf04642f2e66020d49abfc497d0405f1eb67410,mbpp,if,30,random,0.5,-1.8207863569259644,-0.24266132712364197,False,True
2320,dce9d83ace41dac1186275f53bf04642f2e66020d49abfc497d0405f1eb67410,mbpp,if,30,toward,1.0,-1.8211150169372559,-0.24299000203609467,False,True
2320,dce9d83ace41dac1186275f53bf04642f2e66020d49abfc497d0405f1eb67410,mbpp,if,30,away,1.0,-1.8210523128509521,-0.24292737245559692,False,True
2320,dce9d83ace41dac1186275f53bf04642f2e66020d49abfc497d0405f1eb67410,mbpp,if,30,random,1.0,-1.8084920644760132,-0.24599206447601318,False,True
2320,dce9d83ace41dac1186275f53bf04642f2e66020d49abfc497d0405f1eb67410,mbpp,if,31,toward,0.5,-1.8208457231521606,-0.24272070825099945,False,True
2320,dce9d83ace41dac1186275f53bf04642f2e66020d49abfc497d0405f1eb67410,mbpp,if,31,away,0.5,-1.8208457231521606,-0.24272070825099945,False,True
2320,dce9d83ace41dac1186275f53bf04642f2e66020d49abfc497d0405f1eb67410,mbpp,if,31,random,0.5,-1.8208457231521606,-0.24272070825099945,False,True
2320,dce9d83ace41dac1186275f53bf04642f2e66020d49abfc497d0405f1eb67410,mbpp,if,31,toward,1.0,-1.8208457231521606,-0.24272070825099945,False,True
2320,dce9d83ace41dac1186275f53bf04642f2e66020d49abfc497d0405f1eb67410,mbpp,if,31,away,1.0,-1.8208457231521606,-0.24272070825099945,False,True
2320,dce9d83ace41dac1186275f53bf04642f2e66020d49abfc497d0405f1eb67410,mbpp,if,31,random,1.0,-1.8208457231521606,-0.24272070825099945,False,True
2320,dce9d83ace41dac1186275f53bf04642f2e66020d49abfc497d0405f1eb67410,mbpp,body_first,0,toward,0.5,-1.8083276748657227,-0.24582761526107788,False,True
2320,dce9d83ace41dac1186275f53bf04642f2e66020d49abfc497d0405f1eb67410,mbpp,body_first,0,away,0.5,-1.8209201097488403,-0.2427951544523239,False,True
2320,dce9d83ace41dac1186275f53bf04642f2e66020d49abfc497d0405f1eb67410,mbpp,body_first,0,random,0.5,-1.8081715106964111,-0.24567154049873352,False,True
2320,dce9d83ace41dac1186275f53bf04642f2e66020d49abfc497d0405f1eb67410,mbpp,body_first,0,toward,1.0,-1.7219778299331665,-0.2688528001308441,False,True
2320,dce9d83ace41dac1186275f53bf04642f2e66020d49abfc497d0405f1eb67410,mbpp,body_first,0,away,1.0,-1.7312939167022705,-0.2625439465045929,False,True
2320,dce9d83ace41dac1186275f53bf04642f2e66020d49abfc497d0405f1eb67410,mbpp,body_first,0,random,1.0,-1.7690644264221191,-0.25343939661979675,False,True
2320,dce9d83ace41dac1186275f53bf04642f2e66020d49abfc497d0405f1eb67410,mbpp,body_first,2,toward,0.5,-1.820845127105713,-0.24272015690803528,False,True
2320,dce9d83ace41dac1186275f53bf04642f2e66020d49abfc497d0405f1eb67410,mbpp,body_first,2,away,0.5,-1.8213505744934082,-0.2432255893945694,False,True
2320,dce9d83ace41dac1186275f53bf04642f2e66020d49abfc497d0405f1eb67410,mbpp,body_first,2,random,0.5,-1.82124924659729,-0.24312426149845123,False,True
2320,dce9d83ace41dac1186275f53bf04642f2e66020d49abfc497d0405f1eb67410,mbpp,body_first,2,toward,1.0,-1.7564505338668823,-0.25645050406455994,False,True
2320,dce9d83ace41dac1186275f53bf04642f2e66020d49abfc497d0405f1eb67410,mbpp,body_first,2,away,1.0,-1.7456245422363281,-0.2612495422363281,False,True
2320,dce9d83ace41dac1186275f53bf04642f2e66020d49abfc497d0405f1eb67410,mbpp,body_first,2,random,1.0,-1.7845700979232788,-0.2533201277256012,False,True
2320,dce9d83ace41dac1186275f53bf04642f2e66020d49abfc497d0405f1eb67410,mbpp,body_first,4,toward,0.5,-1.8215835094451904,-0.24345849454402924,False,True
2320,dce9d83ace41dac1186275f53bf04642f2e66020d49abfc497d0405f1eb67410,mbpp,body_first,4,away,0.5,-1.8078773021697998,-0.245377317070961,False,True
2320,dce9d83ace41dac1186275f53bf04642f2e66020d49abfc497d0405f1eb67410,mbpp,body_first,4,random,0.5,-1.8208836317062378,-0.24275867640972137,False,True
2320,dce9d83ace41dac1186275f53bf04642f2e66020d49abfc497d0405f1eb67410,mbpp,body_first,4,toward,1.0,-1.7691433429718018,-0.25351840257644653,False,True
2320,dce9d83ace41dac1186275f53bf04642f2e66020d49abfc497d0405f1eb67410,mbpp,body_first,4,away,1.0,-1.769299030303955,-0.2536740005016327,False,True
2320,dce9d83ace41dac1186275f53bf04642f2e66020d49abfc497d0405f1eb67410,mbpp,body_first,4,random,1.0,-1.7952102422714233,-0.24833521246910095,False,True
2320,dce9d83ace41dac1186275f53bf04642f2e66020d49abfc497d0405f1eb67410,mbpp,body_first,6,toward,0.5,-1.8084990978240967,-0.2459990531206131,False,True
2320,dce9d83ace41dac1186275f53bf04642f2e66020d49abfc497d0405f1eb67410,mbpp,body_first,6,away,0.5,-1.8211185932159424,-0.24299356341362,False,True
2320,dce9d83ace41dac1186275f53bf04642f2e66020d49abfc497d0405f1eb67410,mbpp,body_first,6,random,0.5,-1.8215773105621338,-0.24345232546329498,False,True
2320,dce9d83ace41dac1186275f53bf04642f2e66020d49abfc497d0405f1eb67410,mbpp,body_first,6,toward,1.0,-1.8079510927200317,-0.24545109272003174,False,True
2320,dce9d83ace41dac1186275f53bf04642f2e66020d49abfc497d0405f1eb67410,mbpp,body_first,6,away,1.0,-1.8084254264831543,-0.2459254115819931,False,True
2320,dce9d83ace41dac1186275f53bf04642f2e66020d49abfc497d0405f1eb67410,mbpp,body_first,6,random,1.0,-1.808314561843872,-0.24581456184387207,False,True
2320,dce9d83ace41dac1186275f53bf04642f2e66020d49abfc497d0405f1eb67410,mbpp,body_first,8,toward,0.5,-1.8083343505859375,-0.2458343356847763,False,True
2320,dce9d83ace41dac1186275f53bf04642f2e66020d49abfc497d0405f1eb67410,mbpp,body_first,8,away,0.5,-1.8212701082229614,-0.24314510822296143,False,True
2320,dce9d83ace41dac1186275f53bf04642f2e66020d49abfc497d0405f1eb67410,mbpp,body_first,8,random,0.5,-1.808609962463379,-0.2461099624633789,False,True
2320,dce9d83ace41dac1186275f53bf04642f2e66020d49abfc497d0405f1eb67410,mbpp,body_first,8,toward,1.0,-1.8088724613189697,-0.24637247622013092,False,True
2320,dce9d83ace41dac1186275f53bf04642f2e66020d49abfc497d0405f1eb67410,mbpp,body_first,8,away,1.0,-1.8342174291610718,-0.24046745896339417,False,True
2320,dce9d83ace41dac1186275f53bf04642f2e66020d49abfc497d0405f1eb67410,mbpp,body_first,8,random,1.0,-1.8086612224578857,-0.24616122245788574,False,True
2320,dce9d83ace41dac1186275f53bf04642f2e66020d49abfc497d0405f1eb67410,mbpp,body_first,10,toward,0.5,-1.8086141347885132,-0.24611416459083557,False,True
2320,dce9d83ace41dac1186275f53bf04642f2e66020d49abfc497d0405f1eb67410,mbpp,body_first,10,away,0.5,-1.808214783668518,-0.24571479856967926,False,True
2320,dce9d83ace41dac1186275f53bf04642f2e66020d49abfc497d0405f1eb67410,mbpp,body_first,10,random,0.5,-1.808272361755371,-0.24577242136001587,False,True
2320,dce9d83ace41dac1186275f53bf04642f2e66020d49abfc497d0405f1eb67410,mbpp,body_first,10,toward,1.0,-1.8086049556732178,-0.24610492587089539,False,True
2320,dce9d83ace41dac1186275f53bf04642f2e66020d49abfc497d0405f1eb67410,mbpp,body_first,10,away,1.0,-1.8339821100234985,-0.24023208022117615,False,True
2320,dce9d83ace41dac1186275f53bf04642f2e66020d49abfc497d0405f1eb67410,mbpp,body_first,10,random,1.0,-1.821289300918579,-0.24316436052322388,False,True
2320,dce9d83ace41dac1186275f53bf04642f2e66020d49abfc497d0405f1eb67410,mbpp,body_first,12,toward,0.5,-1.8208647966384888,-0.24273978173732758,False,True
2320,dce9d83ace41dac1186275f53bf04642f2e66020d49abfc497d0405f1eb67410,mbpp,body_first,12,away,0.5,-1.8205318450927734,-0.24240681529045105,False,True
2320,dce9d83ace41dac1186275f53bf04642f2e66020d49abfc497d0405f1eb67410,mbpp,body_first,12,random,0.5,-1.820773720741272,-0.24264870584011078,False,True
2320,dce9d83ace41dac1186275f53bf04642f2e66020d49abfc497d0405f1eb67410,mbpp,body_first,12,toward,1.0,-1.820859432220459,-0.2427343726158142,False,True
2320,dce9d83ace41dac1186275f53bf04642f2e66020d49abfc497d0405f1eb67410,mbpp,body_first,12,away,1.0,-1.8339040279388428,-0.2401539832353592,False,True
2320,dce9d83ace41dac1186275f53bf04642f2e66020d49abfc497d0405f1eb67410,mbpp,body_first,12,random,1.0,-1.8207688331604004,-0.2426438331604004,False,True
2320,dce9d83ace41dac1186275f53bf04642f2e66020d49abfc497d0405f1eb67410,mbpp,body_first,14,toward,0.5,-1.8084484338760376,-0.2459484338760376,False,True
2320,dce9d83ace41dac1186275f53bf04642f2e66020d49abfc497d0405f1eb67410,mbpp,body_first,14,away,0.5,-1.8215479850769043,-0.2434229701757431,False,True
2320,dce9d83ace41dac1186275f53bf04642f2e66020d49abfc497d0405f1eb67410,mbpp,body_first,14,random,0.5,-1.8206455707550049,-0.2425205558538437,False,True
2320,dce9d83ace41dac1186275f53bf04642f2e66020d49abfc497d0405f1eb67410,mbpp,body_first,14,toward,1.0,-1.8083786964416504,-0.24587871134281158,False,True
2320,dce9d83ace41dac1186275f53bf04642f2e66020d49abfc497d0405f1eb67410,mbpp,body_first,14,away,1.0,-1.821275234222412,-0.2431502491235733,False,True
2320,dce9d83ace41dac1186275f53bf04642f2e66020d49abfc497d0405f1eb67410,mbpp,body_first,14,random,1.0,-1.8083274364471436,-0.24582743644714355,False,True
2320,dce9d83ace41dac1186275f53bf04642f2e66020d49abfc497d0405f1eb67410,mbpp,body_first,16,toward,0.5,-1.8085623979568481,-0.24606242775917053,False,True
2320,dce9d83ace41dac1186275f53bf04642f2e66020d49abfc497d0405f1eb67410,mbpp,body_first,16,away,0.5,-1.8207786083221436,-0.24265356361865997,False,True
2320,dce9d83ace41dac1186275f53bf04642f2e66020d49abfc497d0405f1eb67410,mbpp,body_first,16,random,0.5,-1.821387767791748,-0.24326278269290924,False,True
2320,dce9d83ace41dac1186275f53bf04642f2e66020d49abfc497d0405f1eb67410,mbpp,body_first,16,toward,1.0,-1.808395504951477,-0.24589549005031586,False,True
2320,dce9d83ace41dac1186275f53bf04642f2e66020d49abfc497d0405f1eb67410,mbpp,body_first,16,away,1.0,-1.8216179609298706,-0.2434929758310318,False,True
2320,dce9d83ace41dac1186275f53bf04642f2e66020d49abfc497d0405f1eb67410,mbpp,body_first,16,random,1.0,-1.8085695505142212,-0.2460695207118988,False,True
2320,dce9d83ace41dac1186275f53bf04642f2e66020d49abfc497d0405f1eb67410,mbpp,body_first,18,toward,0.5,-1.8209450244903564,-0.24282002449035645,False,True
2320,dce9d83ace41dac1186275f53bf04642f2e66020d49abfc497d0405f1eb67410,mbpp,body_first,18,away,0.5,-1.8208637237548828,-0.2427387684583664,False,True
2320,dce9d83ace41dac1186275f53bf04642f2e66020d49abfc497d0405f1eb67410,mbpp,body_first,18,random,0.5,-1.820845365524292,-0.2427203357219696,False,True
2320,dce9d83ace41dac1186275f53bf04642f2e66020d49abfc497d0405f1eb67410,mbpp,body_first,18,toward,1.0,-1.8212523460388184,-0.24312734603881836,False,True
2320,dce9d83ace41dac1186275f53bf04642f2e66020d49abfc497d0405f1eb67410,mbpp,body_first,18,away,1.0,-1.8209117650985718,-0.2427867352962494,False,True
2320,dce9d83ace41dac1186275f53bf04642f2e66020d49abfc497d0405f1eb67410,mbpp,body_first,18,random,1.0,-1.8212897777557373,-0.24316473305225372,False,True
2320,dce9d83ace41dac1186275f53bf04642f2e66020d49abfc497d0405f1eb67410,mbpp,body_first,20,toward,0.5,-1.8215110301971436,-0.24338597059249878,False,True
2320,dce9d83ace41dac1186275f53bf04642f2e66020d49abfc497d0405f1eb67410,mbpp,body_first,20,away,0.5,-1.821451187133789,-0.24332624673843384,False,True
2320,dce9d83ace41dac1186275f53bf04642f2e66020d49abfc497d0405f1eb67410,mbpp,body_first,20,random,0.5,-1.8207978010177612,-0.24267283082008362,False,True
2320,dce9d83ace41dac1186275f53bf04642f2e66020d49abfc497d0405f1eb67410,mbpp,body_first,20,toward,1.0,-1.808509349822998,-0.24600930511951447,False,True
2320,dce9d83ace41dac1186275f53bf04642f2e66020d49abfc497d0405f1eb67410,mbpp,body_first,20,away,1.0,-1.821542501449585,-0.24341756105422974,False,True
2320,dce9d83ace41dac1186275f53bf04642f2e66020d49abfc497d0405f1eb67410,mbpp,body_first,20,random,1.0,-1.8208584785461426,-0.242733433842659,False,True
2320,dce9d83ace41dac1186275f53bf04642f2e66020d49abfc497d0405f1eb67410,mbpp,body_first,22,toward,0.5,-1.820837140083313,-0.2427121102809906,False,True
2320,dce9d83ace41dac1186275f53bf04642f2e66020d49abfc497d0405f1eb67410,mbpp,body_first,22,away,0.5,-1.8084629774093628,-0.2459629774093628,False,True
2320,dce9d83ace41dac1186275f53bf04642f2e66020d49abfc497d0405f1eb67410,mbpp,body_first,22,random,0.5,-1.8212971687316895,-0.24317212402820587,False,True
2320,dce9d83ace41dac1186275f53bf04642f2e66020d49abfc497d0405f1eb67410,mbpp,body_first,22,toward,1.0,-1.8085275888442993,-0.24602757394313812,False,True
2320,dce9d83ace41dac1186275f53bf04642f2e66020d49abfc497d0405f1eb67410,mbpp,body_first,22,away,1.0,-1.8212871551513672,-0.24316221475601196,False,True
2320,dce9d83ace41dac1186275f53bf04642f2e66020d49abfc497d0405f1eb67410,mbpp,body_first,22,random,1.0,-1.808525562286377,-0.24602560698986053,False,True
2320,dce9d83ace41dac1186275f53bf04642f2e66020d49abfc497d0405f1eb67410,mbpp,body_first,24,toward,0.5,-1.8085297346115112,-0.24602971971035004,False,True
2320,dce9d83ace41dac1186275f53bf04642f2e66020d49abfc497d0405f1eb67410,mbpp,body_first,24,away,0.5,-1.8085321187973022,-0.24603213369846344,False,True
2320,dce9d83ace41dac1186275f53bf04642f2e66020d49abfc497d0405f1eb67410,mbpp,body_first,24,random,0.5,-1.8085267543792725,-0.24602673947811127,False,True
2320,dce9d83ace41dac1186275f53bf04642f2e66020d49abfc497d0405f1eb67410,mbpp,body_first,24,toward,1.0,-1.8206937313079834,-0.2425687313079834,False,True
2320,dce9d83ace41dac1186275f53bf04642f2e66020d49abfc497d0405f1eb67410,mbpp,body_first,24,away,1.0,-1.8084416389465332,-0.245941624045372,False,True
2320,dce9d83ace41dac1186275f53bf04642f2e66020d49abfc497d0405f1eb67410,mbpp,body_first,24,random,1.0,-1.8207651376724243,-0.24264009296894073,False,True
2320,dce9d83ace41dac1186275f53bf04642f2e66020d49abfc497d0405f1eb67410,mbpp,body_first,26,toward,0.5,-1.8085335493087769,-0.24603353440761566,False,True
2320,dce9d83ace41dac1186275f53bf04642f2e66020d49abfc497d0405f1eb67410,mbpp,body_first,26,away,0.5,-1.8085273504257202,-0.2460273802280426,False,True
2320,dce9d83ace41dac1186275f53bf04642f2e66020d49abfc497d0405f1eb67410,mbpp,body_first,26,random,0.5,-1.8213554620742798,-0.2432304471731186,False,True
2320,dce9d83ace41dac1186275f53bf04642f2e66020d49abfc497d0405f1eb67410,mbpp,body_first,26,toward,1.0,-1.8084828853607178,-0.24598293006420135,False,True
2320,dce9d83ace41dac1186275f53bf04642f2e66020d49abfc497d0405f1eb67410,mbpp,body_first,26,away,1.0,-1.8207405805587769,-0.24261559545993805,False,True
2320,dce9d83ace41dac1186275f53bf04642f2e66020d49abfc497d0405f1eb67410,mbpp,body_first,26,random,1.0,-1.8207718133926392,-0.24264682829380035,False,True
2320,dce9d83ace41dac1186275f53bf04642f2e66020d49abfc497d0405f1eb67410,mbpp,body_first,28,toward,0.5,-1.808398962020874,-0.2458990216255188,False,True
2320,dce9d83ace41dac1186275f53bf04642f2e66020d49abfc497d0405f1eb67410,mbpp,body_first,28,away,0.5,-1.8214800357818604,-0.24335503578186035,False,True
2320,dce9d83ace41dac1186275f53bf04642f2e66020d49abfc497d0405f1eb67410,mbpp,body_first,28,random,0.5,-1.8213602304458618,-0.24323521554470062,False,True
2320,dce9d83ace41dac1186275f53bf04642f2e66020d49abfc497d0405f1eb67410,mbpp,body_first,28,toward,1.0,-1.8213586807250977,-0.24323371052742004,False,True
2320,dce9d83ace41dac1186275f53bf04642f2e66020d49abfc497d0405f1eb67410,mbpp,body_first,28,away,1.0,-1.8084311485290527,-0.24593119323253632,False,True
2320,dce9d83ace41dac1186275f53bf04642f2e66020d49abfc497d0405f1eb67410,mbpp,body_first,28,random,1.0,-1.821493148803711,-0.2433682084083557,False,True
2320,dce9d83ace41dac1186275f53bf04642f2e66020d49abfc497d0405f1eb67410,mbpp,body_first,30,toward,0.5,-1.8208436965942383,-0.24271875619888306,False,True
2320,dce9d83ace41dac1186275f53bf04642f2e66020d49abfc497d0405f1eb67410,mbpp,body_first,30,away,0.5,-1.820784330368042,-0.24265927076339722,False,True
2320,dce9d83ace41dac1186275f53bf04642f2e66020d49abfc497d0405f1eb67410,mbpp,body_first,30,random,0.5,-1.8208436965942383,-0.2427186518907547,False,True
2320,dce9d83ace41dac1186275f53bf04642f2e66020d49abfc497d0405f1eb67410,mbpp,body_first,30,toward,1.0,-1.8208439350128174,-0.24271893501281738,False,True
2320,dce9d83ace41dac1186275f53bf04642f2e66020d49abfc497d0405f1eb67410,mbpp,body_first,30,away,1.0,-1.8207812309265137,-0.24265627562999725,False,True
2320,dce9d83ace41dac1186275f53bf04642f2e66020d49abfc497d0405f1eb67410,mbpp,body_first,30,random,1.0,-1.808529019355774,-0.2460290640592575,False,True
2320,dce9d83ace41dac1186275f53bf04642f2e66020d49abfc497d0405f1eb67410,mbpp,body_first,31,toward,0.5,-1.8208457231521606,-0.24272070825099945,False,True
2320,dce9d83ace41dac1186275f53bf04642f2e66020d49abfc497d0405f1eb67410,mbpp,body_first,31,away,0.5,-1.8208457231521606,-0.24272070825099945,False,True
2320,dce9d83ace41dac1186275f53bf04642f2e66020d49abfc497d0405f1eb67410,mbpp,body_first,31,random,0.5,-1.8208457231521606,-0.24272070825099945,False,True
2320,dce9d83ace41dac1186275f53bf04642f2e66020d49abfc497d0405f1eb67410,mbpp,body_first,31,toward,1.0,-1.8208457231521606,-0.24272070825099945,False,True
2320,dce9d83ace41dac1186275f53bf04642f2e66020d49abfc497d0405f1eb67410,mbpp,body_first,31,away,1.0,-1.8208457231521606,-0.24272070825099945,False,True
2320,dce9d83ace41dac1186275f53bf04642f2e66020d49abfc497d0405f1eb67410,mbpp,body_first,31,random,1.0,-1.8208457231521606,-0.24272070825099945,False,True
2320,dce9d83ace41dac1186275f53bf04642f2e66020d49abfc497d0405f1eb67410,mbpp,answer,0,toward,0.5,-1.8110746145248413,-0.2485746443271637,False,True
2320,dce9d83ace41dac1186275f53bf04642f2e66020d49abfc497d0405f1eb67410,mbpp,answer,0,away,0.5,-1.8180654048919678,-0.23994037508964539,False,True
2320,dce9d83ace41dac1186275f53bf04642f2e66020d49abfc497d0405f1eb67410,mbpp,answer,0,random,0.5,-1.8316891193389893,-0.23793910443782806,False,True
2320,dce9d83ace41dac1186275f53bf04642f2e66020d49abfc497d0405f1eb67410,mbpp,answer,0,toward,1.0,-1.7965552806854248,-0.2653052806854248,False,True
2320,dce9d83ace41dac1186275f53bf04642f2e66020d49abfc497d0405f1eb67410,mbpp,answer,0,away,1.0,-1.7748037576675415,-0.24355380237102509,False,True
2320,dce9d83ace41dac1186275f53bf04642f2e66020d49abfc497d0405f1eb67410,mbpp,answer,0,random,1.0,-1.8422545194625854,-0.23287956416606903,False,True
2320,dce9d83ace41dac1186275f53bf04642f2e66020d49abfc497d0405f1eb67410,mbpp,answer,2,toward,0.5,-1.774329662322998,-0.25870460271835327,False,True
2320,dce9d83ace41dac1186275f53bf04642f2e66020d49abfc497d0405f1eb67410,mbpp,answer,2,away,0.5,-1.9514187574386597,-0.21704378724098206,False,True
2320,dce9d83ace41dac1186275f53bf04642f2e66020d49abfc497d0405f1eb67410,mbpp,answer,2,random,0.5,-1.8606131076812744,-0.23561307787895203,False,True
2320,dce9d83ace41dac1186275f53bf04642f2e66020d49abfc497d0405f1eb67410,mbpp,answer,2,toward,1.0,-1.6899360418319702,-0.2836860418319702,False,True
2320,dce9d83ace41dac1186275f53bf04642f2e66020d49abfc497d0405f1eb67410,mbpp,answer,2,away,1.0,-1.9799758195877075,-0.2143508493900299,False,True
2320,dce9d83ace41dac1186275f53bf04642f2e66020d49abfc497d0405f1eb67410,mbpp,answer,2,random,1.0,-1.9039289951324463,-0.2320539653301239,False,True
2320,dce9d83ace41dac1186275f53bf04642f2e66020d49abfc497d0405f1eb67410,mbpp,answer,4,toward,0.5,-1.8140089511871338,-0.2515089213848114,False,True
2320,dce9d83ace41dac1186275f53bf04642f2e66020d49abfc497d0405f1eb67410,mbpp,answer,4,away,0.5,-1.7647888660430908,-0.2491639107465744,False,True
2320,dce9d83ace41dac1186275f53bf04642f2e66020d49abfc497d0405f1eb67410,mbpp,answer,4,random,0.5,-1.7676794528961182,-0.25205448269844055,False,True
2320,dce9d83ace41dac1186275f53bf04642f2e66020d49abfc497d0405f1eb67410,mbpp,answer,4,toward,1.0,-1.8836593627929688,-0.24303442239761353,False,True
2320,dce9d83ace41dac1186275f53bf04642f2e66020d49abfc497d0405f1eb67410,mbpp,answer,4,away,1.0,-1.7126100063323975,-0.25948503613471985,False,True
2320,dce9d83ace41dac1186275f53bf04642f2e66020d49abfc497d0405f1eb67410,mbpp,answer,4,random,1.0,-1.6052356958389282,-0.2927357256412506,False,True
2320,dce9d83ace41dac1186275f53bf04642f2e66020d49abfc497d0405f1eb67410,mbpp,answer,6,toward,0.5,-1.8656983375549316,-0.24069838225841522,False,True
2320,dce9d83ace41dac1186275f53bf04642f2e66020d49abfc497d0405f1eb67410,mbpp,answer,6,away,0.5,-1.7776737213134766,-0.24642372131347656,False,True
2320,dce9d83ace41dac1186275f53bf04642f2e66020d49abfc497d0405f1eb67410,mbpp,answer,6,random,0.5,-1.9523375034332275,-0.21796247363090515,False,True
2320,dce9d83ace41dac1186275f53bf04642f2e66020d49abfc497d0405f1eb67410,mbpp,answer,6,toward,1.0,-1.8730804920196533,-0.2480805516242981,False,True
2320,dce9d83ace41dac1186275f53bf04642f2e66020d49abfc497d0405f1eb67410,mbpp,answer,6,away,1.0,-1.6592438220977783,-0.26861879229545593,False,True
2320,dce9d83ace41dac1186275f53bf04642f2e66020d49abfc497d0405f1eb67410,mbpp,answer,6,random,1.0,-1.8965768814086914,-0.2247018814086914,False,True
2320,dce9d83ace41dac1186275f53bf04642f2e66020d49abfc497d0405f1eb67410,mbpp,answer,8,toward,0.5,-1.7426458597183228,-0.25827082991600037,False,True
2320,dce9d83ace41dac1186275f53bf04642f2e66020d49abfc497d0405f1eb67410,mbpp,answer,8,away,0.5,-1.7731581926345825,-0.2575332224369049,False,True
2320,dce9d83ace41dac1186275f53bf04642f2e66020d49abfc497d0405f1eb67410,mbpp,answer,8,random,0.5,-1.8251581192016602,-0.24703317880630493,False,True
2320,dce9d83ace41dac1186275f53bf04642f2e66020d49abfc497d0405f1eb67410,mbpp,answer,8,toward,1.0,-1.6379510164260864,-0.27857598662376404,False,True
2320,dce9d83ace41dac1186275f53bf04642f2e66020d49abfc497d0405f1eb67410,mbpp,answer,8,away,1.0,-1.608323335647583,-0.327073335647583,False,True
2320,dce9d83ace41dac1186275f53bf04642f2e66020d49abfc497d0405f1eb67410,mbpp,answer,8,random,1.0,-1.6715929508209229,-0.29659298062324524,False,True
2320,dce9d83ace41dac1186275f53bf04642f2e66020d49abfc497d0405f1eb67410,mbpp,answer,10,toward,0.5,-1.9170795679092407,-0.22957955300807953,False,True
2320,dce9d83ace41dac1186275f53bf04642f2e66020d49abfc497d0405f1eb67410,mbpp,answer,10,away,0.5,-1.5597071647644043,-0.3097071647644043,False,True
2320,dce9d83ace41dac1186275f53bf04642f2e66020d49abfc497d0405f1eb67410,mbpp,answer,10,random,0.5,-1.9015671014785767,-0.22969211637973785,False,True
2320,dce9d83ace41dac1186275f53bf04642f2e66020d49abfc497d0405f1eb67410,mbpp,answer,10,toward,1.0,-1.7674981355667114,-0.26749810576438904,False,True
2320,dce9d83ace41dac1186275f53bf04642f2e66020d49abfc497d0405f1eb67410,mbpp,answer,10,away,1.0,-1.365100622177124,-0.42760056257247925,False,True
2320,dce9d83ace41dac1186275f53bf04642f2e66020d49abfc497d0405f1eb67410,mbpp,answer,10,random,1.0,-1.9243412017822266,-0.23684124648571014,False,True
2320,dce9d83ace41dac1186275f53bf04642f2e66020d49abfc497d0405f1eb67410,mbpp,answer,12,toward,0.5,-1.9105627536773682,-0.22306276857852936,False,True
2320,dce9d83ace41dac1186275f53bf04642f2e66020d49abfc497d0405f1eb67410,mbpp,answer,12,away,0.5,-1.4785429239273071,-0.35354292392730713,False,True
2320,dce9d83ace41dac1186275f53bf04642f2e66020d49abfc497d0405f1eb67410,mbpp,answer,12,random,0.5,-1.895912528038025,-0.2240375131368637,False,True
2320,dce9d83ace41dac1186275f53bf04642f2e66020d49abfc497d0405f1eb67410,mbpp,answer,12,toward,1.0,-1.8438080549240112,-0.23443308472633362,False,True
2320,dce9d83ace41dac1186275f53bf04642f2e66020d49abfc497d0405f1eb67410,mbpp,answer,12,away,1.0,-1.4383227825164795,-0.4539478123188019,False,True
2320,dce9d83ace41dac1186275f53bf04642f2e66020d49abfc497d0405f1eb67410,mbpp,answer,12,random,1.0,-1.7541110515594482,-0.25411105155944824,False,True
2320,dce9d83ace41dac1186275f53bf04642f2e66020d49abfc497d0405f1eb67410,mbpp,answer,14,toward,0.5,-1.89491605758667,-0.2074161171913147,False,True
2320,dce9d83ace41dac1186275f53bf04642f2e66020d49abfc497d0405f1eb67410,mbpp,answer,14,away,0.5,-1.5044912099838257,-0.3638661801815033,False,True
2320,dce9d83ace41dac1186275f53bf04642f2e66020d49abfc497d0405f1eb67410,mbpp,answer,14,random,0.5,-2.1447701454162598,-0.20727020502090454,False,True
2320,dce9d83ace41dac1186275f53bf04642f2e66020d49abfc497d0405f1eb67410,mbpp,answer,14,toward,1.0,-2.0689175128936768,-0.17829246819019318,False,True
2320,dce9d83ace41dac1186275f53bf04642f2e66020d49abfc497d0405f1eb67410,mbpp,answer,14,away,1.0,-1.2148449420928955,-0.5742198824882507,False,True
2320,dce9d83ace41dac1186275f53bf04642f2e66020d49abfc497d0405f1eb67410,mbpp,answer,14,random,1.0,-2.2970666885375977,-0.2345665991306305,False,True
2320,dce9d83ace41dac1186275f53bf04642f2e66020d49abfc497d0405f1eb67410,mbpp,answer,16,toward,0.5,-2.262408971786499,-0.1530340164899826,False,True
2320,dce9d83ace41dac1186275f53bf04642f2e66020d49abfc497d0405f1eb67410,mbpp,answer,16,away,0.5,-1.1892727613449097,-0.48614776134490967,False,True
2320,dce9d83ace41dac1186275f53bf04642f2e66020d49abfc497d0405f1eb67410,mbpp,answer,16,random,0.5,-1.6810939311981201,-0.27484390139579773,False,True
2320,dce9d83ace41dac1186275f53bf04642f2e66020d49abfc497d0405f1eb67410,mbpp,answer,16,toward,1.0,-3.047940492630005,-0.0791904553771019,False,True
2320,dce9d83ace41dac1186275f53bf04642f2e66020d49abfc497d0405f1eb67410,mbpp,answer,16,away,1.0,-0.7670015692710876,-0.8763765692710876,True,False
2320,dce9d83ace41dac1186275f53bf04642f2e66020d49abfc497d0405f1eb67410,mbpp,answer,16,random,1.0,-1.4554063081741333,-0.3460313379764557,False,True
2320,dce9d83ace41dac1186275f53bf04642f2e66020d49abfc497d0405f1eb67410,mbpp,answer,18,toward,0.5,-2.4021670818328857,-0.13654203712940216,False,True
2320,dce9d83ace41dac1186275f53bf04642f2e66020d49abfc497d0405f1eb67410,mbpp,answer,18,away,0.5,-1.4748690128326416,-0.3811189830303192,False,True
2320,dce9d83ace41dac1186275f53bf04642f2e66020d49abfc497d0405f1eb67410,mbpp,answer,18,random,0.5,-1.5959068536758423,-0.2990318536758423,False,True
2320,dce9d83ace41dac1186275f53bf04642f2e66020d49abfc497d0405f1eb67410,mbpp,answer,18,toward,1.0,-3.0988292694091797,-0.0832042321562767,False,True
2320,dce9d83ace41dac1186275f53bf04642f2e66020d49abfc497d0405f1eb67410,mbpp,answer,18,away,1.0,-1.2582480907440186,-0.5082481503486633,False,True
2320,dce9d83ace41dac1186275f53bf04642f2e66020d49abfc497d0405f1eb67410,mbpp,answer,18,random,1.0,-1.5022187232971191,-0.33034375309944153,False,True
2320,dce9d83ace41dac1186275f53bf04642f2e66020d49abfc497d0405f1eb67410,mbpp,answer,20,toward,0.5,-2.2235450744628906,-0.16104508936405182,False,True
2320,dce9d83ace41dac1186275f53bf04642f2e66020d49abfc497d0405f1eb67410,mbpp,answer,20,away,0.5,-1.44009268283844,-0.39321771264076233,False,True
2320,dce9d83ace41dac1186275f53bf04642f2e66020d49abfc497d0405f1eb67410,mbpp,answer,20,random,0.5,-2.0526788234710693,-0.20892871916294098,False,True
2320,dce9d83ace41dac1186275f53bf04642f2e66020d49abfc497d0405f1eb67410,mbpp,answer,20,toward,1.0,-2.619210720062256,-0.11921083182096481,False,True
2320,dce9d83ace41dac1186275f53bf04642f2e66020d49abfc497d0405f1eb67410,mbpp,answer,20,away,1.0,-1.184432864189148,-0.528182864189148,False,True
2320,dce9d83ace41dac1186275f53bf04642f2e66020d49abfc497d0405f1eb67410,mbpp,answer,20,random,1.0,-2.3302581310272217,-0.18963302671909332,False,True
2320,dce9d83ace41dac1186275f53bf04642f2e66020d49abfc497d0405f1eb67410,mbpp,answer,22,toward,0.5,-2.0293500423431396,-0.18560004234313965,False,True
2320,dce9d83ace41dac1186275f53bf04642f2e66020d49abfc497d0405f1eb67410,mbpp,answer,22,away,0.5,-1.458082675933838,-0.3643326759338379,False,True
2320,dce9d83ace41dac1186275f53bf04642f2e66020d49abfc497d0405f1eb67410,mbpp,answer,22,random,0.5,-1.8490463495254517,-0.22404636442661285,False,True
2320,dce9d83ace41dac1186275f53bf04642f2e66020d49abfc497d0405f1eb67410,mbpp,answer,22,toward,1.0,-2.3140833377838135,-0.14220841228961945,False,True
2320,dce9d83ace41dac1186275f53bf04642f2e66020d49abfc497d0405f1eb67410,mbpp,answer,22,away,1.0,-1.1954684257507324,-0.47671836614608765,False,True
2320,dce9d83ace41dac1186275f53bf04642f2e66020d49abfc497d0405f1eb67410,mbpp,answer,22,random,1.0,-1.934368371963501,-0.19999337196350098,False,True
2320,dce9d83ace41dac1186275f53bf04642f2e66020d49abfc497d0405f1eb67410,mbpp,answer,24,toward,0.5,-2.2995758056640625,-0.1589508354663849,False,True
2320,dce9d83ace41dac1186275f53bf04642f2e66020d49abfc497d0405f1eb67410,mbpp,answer,24,away,0.5,-1.4104318618774414,-0.3635569214820862,False,True
2320,dce9d83ace41dac1186275f53bf04642f2e66020d49abfc497d0405f1eb67410,mbpp,answer,24,random,0.5,-1.3683688640594482,-0.352743923664093,False,True
2320,dce9d83ace41dac1186275f53bf04642f2e66020d49abfc497d0405f1eb67410,mbpp,answer,24,toward,1.0,-2.7314445972442627,-0.15331968665122986,False,True
2320,dce9d83ace41dac1186275f53bf04642f2e66020d49abfc497d0405f1eb67410,mbpp,answer,24,away,1.0,-1.2607325315475464,-0.4326075315475464,False,True
2320,dce9d83ace41dac1186275f53bf04642f2e66020d49abfc497d0405f1eb67410,mbpp,answer,24,random,1.0,-1.1629403829574585,-0.4285653829574585,False,True
2320,dce9d83ace41dac1186275f53bf04642f2e66020d49abfc497d0405f1eb67410,mbpp,answer,26,toward,0.5,-2.528125047683716,-0.1375000923871994,False,True
2320,dce9d83ace41dac1186275f53bf04642f2e66020d49abfc497d0405f1eb67410,mbpp,answer,26,away,0.5,-1.3088111877441406,-0.4025612473487854,False,True
2320,dce9d83ace41dac1186275f53bf04642f2e66020d49abfc497d0405f1eb67410,mbpp,answer,26,random,0.5,-1.6896264553070068,-0.2677515149116516,False,True
2320,dce9d83ace41dac1186275f53bf04642f2e66020d49abfc497d0405f1eb67410,mbpp,answer,26,toward,1.0,-3.2812561988830566,-0.10938114672899246,False,True
2320,dce9d83ace41dac1186275f53bf04642f2e66020d49abfc497d0405f1eb67410,mbpp,answer,26,away,1.0,-1.1101073026657104,-0.5163573026657104,False,True
2320,dce9d83ace41dac1186275f53bf04642f2e66020d49abfc497d0405f1eb67410,mbpp,answer,26,random,1.0,-1.7212048768997192,-0.2680799067020416,False,True
2320,dce9d83ace41dac1186275f53bf04642f2e66020d49abfc497d0405f1eb67410,mbpp,answer,28,toward,0.5,-2.622539758682251,-0.12253965437412262,False,True
2320,dce9d83ace41dac1186275f53bf04642f2e66020d49abfc497d0405f1eb67410,mbpp,answer,28,away,0.5,-1.3162763118743896,-0.39440128207206726,False,True
2320,dce9d83ace41dac1186275f53bf04642f2e66020d49abfc497d0405f1eb67410,mbpp,answer,28,random,0.5,-1.8944627046585083,-0.2225876897573471,False,True
2320,dce9d83ace41dac1186275f53bf04642f2e66020d49abfc497d0405f1eb67410,mbpp,answer,28,toward,1.0,-3.717731475830078,-0.06148143857717514,False,True
2320,dce9d83ace41dac1186275f53bf04642f2e66020d49abfc497d0405f1eb67410,mbpp,answer,28,away,1.0,-1.1367477178573608,-0.4961227476596832,False,True
2320,dce9d83ace41dac1186275f53bf04642f2e66020d49abfc497d0405f1eb67410,mbpp,answer,28,random,1.0,-2.186314344406128,-0.18631428480148315,False,True
2320,dce9d83ace41dac1186275f53bf04642f2e66020d49abfc497d0405f1eb67410,mbpp,answer,30,toward,0.5,-2.9247233867645264,-0.11222337186336517,False,True
2320,dce9d83ace41dac1186275f53bf04642f2e66020d49abfc497d0405f1eb67410,mbpp,answer,30,away,0.5,-1.3774360418319702,-0.3618110716342926,False,True
2320,dce9d83ace41dac1186275f53bf04642f2e66020d49abfc497d0405f1eb67410,mbpp,answer,30,random,0.5,-1.717232346534729,-0.2641073763370514,False,True
2320,dce9d83ace41dac1186275f53bf04642f2e66020d49abfc497d0405f1eb67410,mbpp,answer,30,toward,1.0,-4.02740478515625,-0.12115462124347687,False,True
2320,dce9d83ace41dac1186275f53bf04642f2e66020d49abfc497d0405f1eb67410,mbpp,answer,30,away,1.0,-1.33746337890625,-0.4155884385108948,False,True
2320,dce9d83ace41dac1186275f53bf04642f2e66020d49abfc497d0405f1eb67410,mbpp,answer,30,random,1.0,-1.5932567119598389,-0.31200677156448364,False,True
2320,dce9d83ace41dac1186275f53bf04642f2e66020d49abfc497d0405f1eb67410,mbpp,answer,31,toward,0.5,-4.128592491149902,-1.3473424911499023,False,False
2320,dce9d83ace41dac1186275f53bf04642f2e66020d49abfc497d0405f1eb67410,mbpp,answer,31,away,0.5,-1.1068501472473145,-0.6068500876426697,False,True
2320,dce9d83ace41dac1186275f53bf04642f2e66020d49abfc497d0405f1eb67410,mbpp,answer,31,random,0.5,-2.675884485244751,-0.12900938093662262,False,True
2320,dce9d83ace41dac1186275f53bf04642f2e66020d49abfc497d0405f1eb67410,mbpp,answer,31,toward,1.0,-8.512447357177734,-5.270259857177734,False,False
2320,dce9d83ace41dac1186275f53bf04642f2e66020d49abfc497d0405f1eb67410,mbpp,answer,31,away,1.0,-1.4895914793014526,-1.6458414793014526,True,False
2320,dce9d83ace41dac1186275f53bf04642f2e66020d49abfc497d0405f1eb67410,mbpp,answer,31,random,1.0,-3.1139233112335205,-0.18423575162887573,False,True
2322,dce9d83ace41dac1186275f53bf04642f2e66020d49abfc497d0405f1eb67410,mbpp,baseline,-1,none,0.0,-1.4253042936325073,-0.3628043234348297,False,True
2322,dce9d83ace41dac1186275f53bf04642f2e66020d49abfc497d0405f1eb67410,mbpp,if,0,toward,0.5,-1.4248725175857544,-0.3623725473880768,False,True
2322,dce9d83ace41dac1186275f53bf04642f2e66020d49abfc497d0405f1eb67410,mbpp,if,0,away,0.5,-1.4362701177597046,-0.358145147562027,False,True
2322,dce9d83ace41dac1186275f53bf04642f2e66020d49abfc497d0405f1eb67410,mbpp,if,0,random,0.5,-1.459147572517395,-0.34977254271507263,False,True
2322,dce9d83ace41dac1186275f53bf04642f2e66020d49abfc497d0405f1eb67410,mbpp,if,0,toward,1.0,-1.2752203941345215,-0.49397045373916626,False,True
2322,dce9d83ace41dac1186275f53bf04642f2e66020d49abfc497d0405f1eb67410,mbpp,if,0,away,1.0,-1.3939940929412842,-0.3939940333366394,False,True
2322,dce9d83ace41dac1186275f53bf04642f2e66020d49abfc497d0405f1eb67410,mbpp,if,0,random,1.0,-1.2679264545440674,-0.455426424741745,False,True
2322,dce9d83ace41dac1186275f53bf04642f2e66020d49abfc497d0405f1eb67410,mbpp,if,2,toward,0.5,-1.3654165267944336,-0.3810414671897888,False,True
2322,dce9d83ace41dac1186275f53bf04642f2e66020d49abfc497d0405f1eb67410,mbpp,if,2,away,0.5,-1.4374984502792358,-0.3593734800815582,False,True
2322,dce9d83ace41dac1186275f53bf04642f2e66020d49abfc497d0405f1eb67410,mbpp,if,2,random,0.5,-1.4489599466323853,-0.35520991683006287,False,True
2322,dce9d83ace41dac1186275f53bf04642f2e66020d49abfc497d0405f1eb67410,mbpp,if,2,toward,1.0,-1.3446930646896362,-0.39156806468963623,False,True
2322,dce9d83ace41dac1186275f53bf04642f2e66020d49abfc497d0405f1eb67410,mbpp,if,2,away,1.0,-1.3022202253341675,-0.4272202253341675,False,True
2322,dce9d83ace41dac1186275f53bf04642f2e66020d49abfc497d0405f1eb67410,mbpp,if,2,random,1.0,-1.4378151893615723,-0.35969018936157227,False,True
2322,dce9d83ace41dac1186275f53bf04642f2e66020d49abfc497d0405f1eb67410,mbpp,if,4,toward,0.5,-1.4225839376449585,-0.3600839376449585,False,True
2322,dce9d83ace41dac1186275f53bf04642f2e66020d49abfc497d0405f1eb67410,mbpp,if,4,away,0.5,-1.4137647151947021,-0.36688971519470215,False,True
2322,dce9d83ace41dac1186275f53bf04642f2e66020d49abfc497d0405f1eb67410,mbpp,if,4,random,0.5,-1.3890352249145508,-0.37341028451919556,False,True
2322,dce9d83ace41dac1186275f53bf04642f2e66020d49abfc497d0405f1eb67410,mbpp,if,4,toward,1.0,-1.2877485752105713,-0.42837363481521606,False,True
2322,dce9d83ace41dac1186275f53bf04642f2e66020d49abfc497d0405f1eb67410,mbpp,if,4,away,1.0,-1.325501799583435,-0.40362679958343506,False,True
2322,dce9d83ace41dac1186275f53bf04642f2e66020d49abfc497d0405f1eb67410,mbpp,if,4,random,1.0,-1.3348844051361084,-0.3973844051361084,False,True
2322,dce9d83ace41dac1186275f53bf04642f2e66020d49abfc497d0405f1eb67410,mbpp,if,6,toward,0.5,-1.400123119354248,-0.36887314915657043,False,True
2322,dce9d83ace41dac1186275f53bf04642f2e66020d49abfc497d0405f1eb67410,mbpp,if,6,away,0.5,-1.4378647804260254,-0.359739750623703,False,True
2322,dce9d83ace41dac1186275f53bf04642f2e66020d49abfc497d0405f1eb67410,mbpp,if,6,random,0.5,-1.4370431900024414,-0.3589182496070862,False,True
2322,dce9d83ace41dac1186275f53bf04642f2e66020d49abfc497d0405f1eb67410,mbpp,if,6,toward,1.0,-1.4102734327316284,-0.3633984625339508,False,True
2322,dce9d83ace41dac1186275f53bf04642f2e66020d49abfc497d0405f1eb67410,mbpp,if,6,away,1.0,-1.3919544219970703,-0.3763294517993927,False,True
2322,dce9d83ace41dac1186275f53bf04642f2e66020d49abfc497d0405f1eb67410,mbpp,if,6,random,1.0,-1.4499773979187012,-0.35622742772102356,False,True
2322,dce9d83ace41dac1186275f53bf04642f2e66020d49abfc497d0405f1eb67410,mbpp,if,8,toward,0.5,-1.4032418727874756,-0.371991902589798,False,True
2322,dce9d83ace41dac1186275f53bf04642f2e66020d49abfc497d0405f1eb67410,mbpp,if,8,away,0.5,-1.4136382341384888,-0.36676323413848877,False,True
2322,dce9d83ace41dac1186275f53bf04642f2e66020d49abfc497d0405f1eb67410,mbpp,if,8,random,0.5,-1.3793776035308838,-0.379377543926239,False,True
2322,dce9d83ace41dac1186275f53bf04642f2e66020d49abfc497d0405f1eb67410,mbpp,if,8,toward,1.0,-1.3926061391830444,-0.37698113918304443,False,True
2322,dce9d83ace41dac1186275f53bf04642f2e66020d49abfc497d0405f1eb67410,mbpp,if,8,away,1.0,-1.3915661573410034,-0.3759411573410034,False,True
2322,dce9d83ace41dac1186275f53bf04642f2e66020d49abfc497d0405f1eb67410,mbpp,if,8,random,1.0,-1.346830129623413,-0.3937051296234131,False,True
2322,dce9d83ace41dac1186275f53bf04642f2e66020d49abfc497d0405f1eb67410,mbpp,if,10,toward,0.5,-1.4483542442321777,-0.3546042740345001,False,True
2322,dce9d83ace41dac1186275f53bf04642f2e66020d49abfc497d0405f1eb67410,mbpp,if,10,away,0.5,-1.4138410091400146,-0.36696603894233704,False,True
2322,dce9d83ace41dac1186275f53bf04642f2e66020d49abfc497d0405f1eb67410,mbpp,if,10,random,0.5,-1.4366956949234009,-0.3585706651210785,False,True
2322,dce9d83ace41dac1186275f53bf04642f2e66020d49abfc497d0405f1eb67410,mbpp,if,10,toward,1.0,-1.4471347332000732,-0.35338476300239563,False,True
2322,dce9d83ace41dac1186275f53bf04642f2e66020d49abfc497d0405f1eb67410,mbpp,if,10,away,1.0,-1.39199960231781,-0.37637463212013245,False,True
2322,dce9d83ace41dac1186275f53bf04642f2e66020d49abfc497d0405f1eb67410,mbpp,if,10,random,1.0,-1.4600549936294556,-0.35068002343177795,False,True
2322,dce9d83ace41dac1186275f53bf04642f2e66020d49abfc497d0405f1eb67410,mbpp,if,12,toward,0.5,-1.4259437322616577,-0.3634437322616577,False,True
2322,dce9d83ace41dac1186275f53bf04642f2e66020d49abfc497d0405f1eb67410,mbpp,if,12,away,0.5,-1.4120385646820068,-0.36516356468200684,False,True
2322,dce9d83ace41dac1186275f53bf04642f2e66020d49abfc497d0405f1eb67410,mbpp,if,12,random,0.5,-1.4017305374145508,-0.3704805076122284,False,True
2322,dce9d83ace41dac1186275f53bf04642f2e66020d49abfc497d0405f1eb67410,mbpp,if,12,toward,1.0,-1.4050540924072266,-0.37380409240722656,False,True
2322,dce9d83ace41dac1186275f53bf04642f2e66020d49abfc497d0405f1eb67410,mbpp,if,12,away,1.0,-1.4340044260025024,-0.35587939620018005,False,True
2322,dce9d83ace41dac1186275f53bf04642f2e66020d49abfc497d0405f1eb67410,mbpp,if,12,random,1.0,-1.3669514656066895,-0.38257652521133423,False,True
2322,dce9d83ace41dac1186275f53bf04642f2e66020d49abfc497d0405f1eb67410,mbpp,if,14,toward,0.5,-1.4370746612548828,-0.3589497208595276,False,True
2322,dce9d83ace41dac1186275f53bf04642f2e66020d49abfc497d0405f1eb67410,mbpp,if,14,away,0.5,-1.413670301437378,-0.36679530143737793,False,True
2322,dce9d83ace41dac1186275f53bf04642f2e66020d49abfc497d0405f1eb67410,mbpp,if,14,random,0.5,-1.4255372285842896,-0.36303725838661194,False,True
2322,dce9d83ace41dac1186275f53bf04642f2e66020d49abfc497d0405f1eb67410,mbpp,if,14,toward,1.0,-1.427255392074585,-0.36475539207458496,False,True
2322,dce9d83ace41dac1186275f53bf04642f2e66020d49abfc497d0405f1eb67410,mbpp,if,14,away,1.0,-1.390824794769287,-0.3751998543739319,False,True
2322,dce9d83ace41dac1186275f53bf04642f2e66020d49abfc497d0405f1eb67410,mbpp,if,14,random,1.0,-1.424999713897705,-0.3624996542930603,False,True
2322,dce9d83ace41dac1186275f53bf04642f2e66020d49abfc497d0405f1eb67410,mbpp,if,16,toward,0.5,-1.412587285041809,-0.36571231484413147,False,True
2322,dce9d83ace41dac1186275f53bf04642f2e66020d49abfc497d0405f1eb67410,mbpp,if,16,away,0.5,-1.4253506660461426,-0.3628506064414978,False,True
2322,dce9d83ace41dac1186275f53bf04642f2e66020d49abfc497d0405f1eb67410,mbpp,if,16,random,0.5,-1.4146901369094849,-0.36781513690948486,False,True
2322,dce9d83ace41dac1186275f53bf04642f2e66020d49abfc497d0405f1eb67410,mbpp,if,16,toward,1.0,-1.3562822341918945,-0.3875322639942169,False,True
2322,dce9d83ace41dac1186275f53bf04642f2e66020d49abfc497d0405f1eb67410,mbpp,if,16,away,1.0,-1.425508975982666,-0.363008975982666,False,True
2322,dce9d83ace41dac1186275f53bf04642f2e66020d49abfc497d0405f1eb67410,mbpp,if,16,random,1.0,-1.3907543420791626,-0.3751293122768402,False,True
2322,dce9d83ace41dac1186275f53bf04642f2e66020d49abfc497d0405f1eb67410,mbpp,if,18,toward,0.5,-1.4021985530853271,-0.3709486126899719,False,True
2322,dce9d83ace41dac1186275f53bf04642f2e66020d49abfc497d0405f1eb67410,mbpp,if,18,away,0.5,-1.4129672050476074,-0.36609214544296265,False,True
2322,dce9d83ace41dac1186275f53bf04642f2e66020d49abfc497d0405f1eb67410,mbpp,if,18,random,0.5,-1.4140968322753906,-0.367221862077713,False,True
2322,dce9d83ace41dac1186275f53bf04642f2e66020d49abfc497d0405f1eb67410,mbpp,if,18,toward,1.0,-1.3659123182296753,-0.3815372884273529,False,True
2322,dce9d83ace41dac1186275f53bf04642f2e66020d49abfc497d0405f1eb67410,mbpp,if,18,away,1.0,-1.412725806236267,-0.3658508360385895,False,True
2322,dce9d83ace41dac1186275f53bf04642f2e66020d49abfc497d0405f1eb67410,mbpp,if,18,random,1.0,-1.4140913486480713,-0.36721640825271606,False,True
2322,dce9d83ace41dac1186275f53bf04642f2e66020d49abfc497d0405f1eb67410,mbpp,if,20,toward,0.5,-1.4011098146438599,-0.36985984444618225,False,True
2322,dce9d83ace41dac1186275f53bf04642f2e66020d49abfc497d0405f1eb67410,mbpp,if,20,away,0.5,-1.4140284061431885,-0.3671533465385437,False,True
2322,dce9d83ace41dac1186275f53bf04642f2e66020d49abfc497d0405f1eb67410,mbpp,if,20,random,0.5,-1.4240998029708862,-0.36159977316856384,False,True
2322,dce9d83ace41dac1186275f53bf04642f2e66020d49abfc497d0405f1eb67410,mbpp,if,20,toward,1.0,-1.3871045112609863,-0.3714795708656311,False,True
2322,dce9d83ace41dac1186275f53bf04642f2e66020d49abfc497d0405f1eb67410,mbpp,if,20,away,1.0,-1.4020922183990479,-0.3708421587944031,False,True
2322,dce9d83ace41dac1186275f53bf04642f2e66020d49abfc497d0405f1eb67410,mbpp,if,20,random,1.0,-1.4224916696548462,-0.3599916398525238,False,True
2322,dce9d83ace41dac1186275f53bf04642f2e66020d49abfc497d0405f1eb67410,mbpp,if,22,toward,0.5,-1.4118404388427734,-0.3649654686450958,False,True
2322,dce9d83ace41dac1186275f53bf04642f2e66020d49abfc497d0405f1eb67410,mbpp,if,22,away,0.5,-1.4143943786621094,-0.36751940846443176,False,True
2322,dce9d83ace41dac1186275f53bf04642f2e66020d49abfc497d0405f1eb67410,mbpp,if,22,random,0.5,-1.4147180318832397,-0.36784303188323975,False,True
2322,dce9d83ace41dac1186275f53bf04642f2e66020d49abfc497d0405f1eb67410,mbpp,if,22,toward,1.0,-1.399396538734436,-0.3681465685367584,False,True
2322,dce9d83ace41dac1186275f53bf04642f2e66020d49abfc497d0405f1eb67410,mbpp,if,22,away,1.0,-1.414219617843628,-0.3673446476459503,False,True
2322,dce9d83ace41dac1186275f53bf04642f2e66020d49abfc497d0405f1eb67410,mbpp,if,22,random,1.0,-1.4143484830856323,-0.3674735128879547,False,True
2322,dce9d83ace41dac1186275f53bf04642f2e66020d49abfc497d0405f1eb67410,mbpp,if,24,toward,0.5,-1.4130074977874756,-0.3661324977874756,False,True
2322,dce9d83ace41dac1186275f53bf04642f2e66020d49abfc497d0405f1eb67410,mbpp,if,24,away,0.5,-1.4256571531295776,-0.36315715312957764,False,True
2322,dce9d83ace41dac1186275f53bf04642f2e66020d49abfc497d0405f1eb67410,mbpp,if,24,random,0.5,-1.424665927886963,-0.3621659278869629,False,True
2322,dce9d83ace41dac1186275f53bf04642f2e66020d49abfc497d0405f1eb67410,mbpp,if,24,toward,1.0,-1.4117412567138672,-0.36486631631851196,False,True
2322,dce9d83ace41dac1186275f53bf04642f2e66020d49abfc497d0405f1eb67410,mbpp,if,24,away,1.0,-1.426087737083435,-0.36358776688575745,False,True
2322,dce9d83ace41dac1186275f53bf04642f2e66020d49abfc497d0405f1eb67410,mbpp,if,24,random,1.0,-1.4238662719726562,-0.36136624217033386,False,True
2322,dce9d83ace41dac1186275f53bf04642f2e66020d49abfc497d0405f1eb67410,mbpp,if,26,toward,0.5,-1.4244961738586426,-0.3619961142539978,False,True
2322,dce9d83ace41dac1186275f53bf04642f2e66020d49abfc497d0405f1eb67410,mbpp,if,26,away,0.5,-1.4253509044647217,-0.3628508448600769,False,True
2322,dce9d83ace41dac1186275f53bf04642f2e66020d49abfc497d0405f1eb67410,mbpp,if,26,random,0.5,-1.414747714996338,-0.3678726553916931,False,True
2322,dce9d83ace41dac1186275f53bf04642f2e66020d49abfc497d0405f1eb67410,mbpp,if,26,toward,1.0,-1.4239274263381958,-0.3614274561405182,False,True
2322,dce9d83ace41dac1186275f53bf04642f2e66020d49abfc497d0405f1eb67410,mbpp,if,26,away,1.0,-1.4368997812271118,-0.3587747812271118,False,True
2322,dce9d83ace41dac1186275f53bf04642f2e66020d49abfc497d0405f1eb67410,mbpp,if,26,random,1.0,-1.4130257368087769,-0.36615076661109924,False,True
2322,dce9d83ace41dac1186275f53bf04642f2e66020d49abfc497d0405f1eb67410,mbpp,if,28,toward,0.5,-1.42486572265625,-0.3623656630516052,False,True
2322,dce9d83ace41dac1186275f53bf04642f2e66020d49abfc497d0405f1eb67410,mbpp,if,28,away,0.5,-1.4365153312683105,-0.35839033126831055,False,True
2322,dce9d83ace41dac1186275f53bf04642f2e66020d49abfc497d0405f1eb67410,mbpp,if,28,random,0.5,-1.4243450164794922,-0.3618450164794922,False,True
2322,dce9d83ace41dac1186275f53bf04642f2e66020d49abfc497d0405f1eb67410,mbpp,if,28,toward,1.0,-1.4236605167388916,-0.3611605763435364,False,True
2322,dce9d83ace41dac1186275f53bf04642f2e66020d49abfc497d0405f1eb67410,mbpp,if,28,away,1.0,-1.4248716831207275,-0.36237162351608276,False,True
2322,dce9d83ace41dac1186275f53bf04642f2e66020d49abfc497d0405f1eb67410,mbpp,if,28,random,1.0,-1.41298246383667,-0.36610743403434753,False,True
2322,dce9d83ace41dac1186275f53bf04642f2e66020d49abfc497d0405f1eb67410,mbpp,if,30,toward,0.5,-1.4256291389465332,-0.3631291389465332,False,True
2322,dce9d83ace41dac1186275f53bf04642f2e66020d49abfc497d0405f1eb67410,mbpp,if,30,away,0.5,-1.4366679191589355,-0.35854291915893555,False,True
2322,dce9d83ace41dac1186275f53bf04642f2e66020d49abfc497d0405f1eb67410,mbpp,if,30,random,0.5,-1.4252922534942627,-0.3627921938896179,False,True
2322,dce9d83ace41dac1186275f53bf04642f2e66020d49abfc497d0405f1eb67410,mbpp,if,30,toward,1.0,-1.425524115562439,-0.36302414536476135,False,True
2322,dce9d83ace41dac1186275f53bf04642f2e66020d49abfc497d0405f1eb67410,mbpp,if,30,away,1.0,-1.425398349761963,-0.3628983497619629,False,True
2322,dce9d83ace41dac1186275f53bf04642f2e66020d49abfc497d0405f1eb67410,mbpp,if,30,random,1.0,-1.4252943992614746,-0.3627944588661194,False,True
2322,dce9d83ace41dac1186275f53bf04642f2e66020d49abfc497d0405f1eb67410,mbpp,if,31,toward,0.5,-1.4253042936325073,-0.3628043234348297,False,True
2322,dce9d83ace41dac1186275f53bf04642f2e66020d49abfc497d0405f1eb67410,mbpp,if,31,away,0.5,-1.4253042936325073,-0.3628043234348297,False,True
2322,dce9d83ace41dac1186275f53bf04642f2e66020d49abfc497d0405f1eb67410,mbpp,if,31,random,0.5,-1.4253042936325073,-0.3628043234348297,False,True
2322,dce9d83ace41dac1186275f53bf04642f2e66020d49abfc497d0405f1eb67410,mbpp,if,31,toward,1.0,-1.4253042936325073,-0.3628043234348297,False,True
2322,dce9d83ace41dac1186275f53bf04642f2e66020d49abfc497d0405f1eb67410,mbpp,if,31,away,1.0,-1.4253042936325073,-0.3628043234348297,False,True
2322,dce9d83ace41dac1186275f53bf04642f2e66020d49abfc497d0405f1eb67410,mbpp,if,31,random,1.0,-1.4253042936325073,-0.3628043234348297,False,True
2322,dce9d83ace41dac1186275f53bf04642f2e66020d49abfc497d0405f1eb67410,mbpp,body_first,0,toward,0.5,-1.4248096942901611,-0.36230963468551636,False,True
2322,dce9d83ace41dac1186275f53bf04642f2e66020d49abfc497d0405f1eb67410,mbpp,body_first,0,away,0.5,-1.401890516281128,-0.3706405758857727,False,True
2322,dce9d83ace41dac1186275f53bf04642f2e66020d49abfc497d0405f1eb67410,mbpp,body_first,0,random,0.5,-1.4369847774505615,-0.35885971784591675,False,True
2322,dce9d83ace41dac1186275f53bf04642f2e66020d49abfc497d0405f1eb67410,mbpp,body_first,0,toward,1.0,-1.4279232025146484,-0.36542317271232605,False,True
2322,dce9d83ace41dac1186275f53bf04642f2e66020d49abfc497d0405f1eb67410,mbpp,body_first,0,away,1.0,-1.3442587852478027,-0.3911338448524475,False,True
2322,dce9d83ace41dac1186275f53bf04642f2e66020d49abfc497d0405f1eb67410,mbpp,body_first,0,random,1.0,-1.4617054462432861,-0.35233041644096375,False,True
2322,dce9d83ace41dac1186275f53bf04642f2e66020d49abfc497d0405f1eb67410,mbpp,body_first,2,toward,0.5,-1.4016449451446533,-0.37039491534233093,False,True
2322,dce9d83ace41dac1186275f53bf04642f2e66020d49abfc497d0405f1eb67410,mbpp,body_first,2,away,0.5,-1.4017651081085205,-0.3705151677131653,False,True
2322,dce9d83ace41dac1186275f53bf04642f2e66020d49abfc497d0405f1eb67410,mbpp,body_first,2,random,0.5,-1.4127862453460693,-0.3659112751483917,False,True
2322,dce9d83ace41dac1186275f53bf04642f2e66020d49abfc497d0405f1eb67410,mbpp,body_first,2,toward,1.0,-1.3438966274261475,-0.3907715678215027,False,True
2322,dce9d83ace41dac1186275f53bf04642f2e66020d49abfc497d0405f1eb67410,mbpp,body_first,2,away,1.0,-1.3573036193847656,-0.388553649187088,False,True
2322,dce9d83ace41dac1186275f53bf04642f2e66020d49abfc497d0405f1eb67410,mbpp,body_first,2,random,1.0,-1.377973198890686,-0.3779732286930084,False,True
2322,dce9d83ace41dac1186275f53bf04642f2e66020d49abfc497d0405f1eb67410,mbpp,body_first,4,toward,0.5,-1.3904144763946533,-0.3747895359992981,False,True
2322,dce9d83ace41dac1186275f53bf04642f2e66020d49abfc497d0405f1eb67410,mbpp,body_first,4,away,0.5,-1.4138106107711792,-0.3669356405735016,False,True
2322,dce9d83ace41dac1186275f53bf04642f2e66020d49abfc497d0405f1eb67410,mbpp,body_first,4,random,0.5,-1.4008336067199707,-0.3695835769176483,False,True
2322,dce9d83ace41dac1186275f53bf04642f2e66020d49abfc497d0405f1eb67410,mbpp,body_first,4,toward,1.0,-1.3451820611953735,-0.3920570909976959,False,True
2322,dce9d83ace41dac1186275f53bf04642f2e66020d49abfc497d0405f1eb67410,mbpp,body_first,4,away,1.0,-1.3788810968399048,-0.3788811266422272,False,True
2322,dce9d83ace41dac1186275f53bf04642f2e66020d49abfc497d0405f1eb67410,mbpp,body_first,4,random,1.0,-1.3323942422866821,-0.39489421248435974,False,True
2322,dce9d83ace41dac1186275f53bf04642f2e66020d49abfc497d0405f1eb67410,mbpp,body_first,6,toward,0.5,-1.4254374504089355,-0.3629375100135803,False,True
2322,dce9d83ace41dac1186275f53bf04642f2e66020d49abfc497d0405f1eb67410,mbpp,body_first,6,away,0.5,-1.4016153812408447,-0.3703654408454895,False,True
2322,dce9d83ace41dac1186275f53bf04642f2e66020d49abfc497d0405f1eb67410,mbpp,body_first,6,random,0.5,-1.4256393909454346,-0.3631393313407898,False,True
2322,dce9d83ace41dac1186275f53bf04642f2e66020d49abfc497d0405f1eb67410,mbpp,body_first,6,toward,1.0,-1.403029203414917,-0.3717791438102722,False,True
2322,dce9d83ace41dac1186275f53bf04642f2e66020d49abfc497d0405f1eb67410,mbpp,body_first,6,away,1.0,-1.402055025100708,-0.37080496549606323,False,True
2322,dce9d83ace41dac1186275f53bf04642f2e66020d49abfc497d0405f1eb67410,mbpp,body_first,6,random,1.0,-1.4607982635498047,-0.3514232635498047,False,True
2322,dce9d83ace41dac1186275f53bf04642f2e66020d49abfc497d0405f1eb67410,mbpp,body_first,8,toward,0.5,-1.437629222869873,-0.35950422286987305,False,True
2322,dce9d83ace41dac1186275f53bf04642f2e66020d49abfc497d0405f1eb67410,mbpp,body_first,8,away,0.5,-1.4370743036270142,-0.35894930362701416,False,True
2322,dce9d83ace41dac1186275f53bf04642f2e66020d49abfc497d0405f1eb67410,mbpp,body_first,8,random,0.5,-1.4252161979675293,-0.3627162277698517,False,True
2322,dce9d83ace41dac1186275f53bf04642f2e66020d49abfc497d0405f1eb67410,mbpp,body_first,8,toward,1.0,-1.46083402633667,-0.35145899653434753,False,True
2322,dce9d83ace41dac1186275f53bf04642f2e66020d49abfc497d0405f1eb67410,mbpp,body_first,8,away,1.0,-1.4491944313049316,-0.35544446110725403,False,True
2322,dce9d83ace41dac1186275f53bf04642f2e66020d49abfc497d0405f1eb67410,mbpp,body_first,8,random,1.0,-1.4255434274673462,-0.3630433976650238,False,True
2322,dce9d83ace41dac1186275f53bf04642f2e66020d49abfc497d0405f1eb67410,mbpp,body_first,10,toward,0.5,-1.4485769271850586,-0.3548269271850586,False,True
2322,dce9d83ace41dac1186275f53bf04642f2e66020d49abfc497d0405f1eb67410,mbpp,body_first,10,away,0.5,-1.4604243040084839,-0.3510493040084839,False,True
2322,dce9d83ace41dac1186275f53bf04642f2e66020d49abfc497d0405f1eb67410,mbpp,body_first,10,random,0.5,-1.4372376203536987,-0.3591126501560211,False,True
2322,dce9d83ace41dac1186275f53bf04642f2e66020d49abfc497d0405f1eb67410,mbpp,body_first,10,toward,1.0,-1.4713797569274902,-0.34637975692749023,False,True
2322,dce9d83ace41dac1186275f53bf04642f2e66020d49abfc497d0405f1eb67410,mbpp,body_first,10,away,1.0,-1.5546951293945312,-0.32032015919685364,False,True
2322,dce9d83ace41dac1186275f53bf04642f2e66020d49abfc497d0405f1eb67410,mbpp,body_first,10,random,1.0,-1.4603084325790405,-0.35093340277671814,False,True
2322,dce9d83ace41dac1186275f53bf04642f2e66020d49abfc497d0405f1eb67410,mbpp,body_first,12,toward,0.5,-1.436829924583435,-0.35870492458343506,False,True
2322,dce9d83ace41dac1186275f53bf04642f2e66020d49abfc497d0405f1eb67410,mbpp,body_first,12,away,0.5,-1.4254872798919678,-0.36298733949661255,False,True
2322,dce9d83ace41dac1186275f53bf04642f2e66020d49abfc497d0405f1eb67410,mbpp,body_first,12,random,0.5,-1.4248168468475342,-0.36231687664985657,False,True
2322,dce9d83ace41dac1186275f53bf04642f2e66020d49abfc497d0405f1eb67410,mbpp,body_first,12,toward,1.0,-1.4602469205856323,-0.35087189078330994,False,True
2322,dce9d83ace41dac1186275f53bf04642f2e66020d49abfc497d0405f1eb67410,mbpp,body_first,12,away,1.0,-1.437129020690918,-0.3590039908885956,False,True
2322,dce9d83ace41dac1186275f53bf04642f2e66020d49abfc497d0405f1eb67410,mbpp,body_first,12,random,1.0,-1.447879433631897,-0.35412946343421936,False,True
2322,dce9d83ace41dac1186275f53bf04642f2e66020d49abfc497d0405f1eb67410,mbpp,body_first,14,toward,0.5,-1.413726806640625,-0.3668518662452698,False,True
2322,dce9d83ace41dac1186275f53bf04642f2e66020d49abfc497d0405f1eb67410,mbpp,body_first,14,away,0.5,-1.425717830657959,-0.363217830657959,False,True
2322,dce9d83ace41dac1186275f53bf04642f2e66020d49abfc497d0405f1eb67410,mbpp,body_first,14,random,0.5,-1.4366230964660645,-0.3584980368614197,False,True
2322,dce9d83ace41dac1186275f53bf04642f2e66020d49abfc497d0405f1eb67410,mbpp,body_first,14,toward,1.0,-1.4022088050842285,-0.37095874547958374,False,True
2322,dce9d83ace41dac1186275f53bf04642f2e66020d49abfc497d0405f1eb67410,mbpp,body_first,14,away,1.0,-1.4262895584106445,-0.3637896180152893,False,True
2322,dce9d83ace41dac1186275f53bf04642f2e66020d49abfc497d0405f1eb67410,mbpp,body_first,14,random,1.0,-1.4370170831680298,-0.3588921129703522,False,True
2322,dce9d83ace41dac1186275f53bf04642f2e66020d49abfc497d0405f1eb67410,mbpp,body_first,16,toward,0.5,-1.4256774187088013,-0.36317744851112366,False,True
2322,dce9d83ace41dac1186275f53bf04642f2e66020d49abfc497d0405f1eb67410,mbpp,body_first,16,away,0.5,-1.4256542921066284,-0.3631543219089508,False,True
2322,dce9d83ace41dac1186275f53bf04642f2e66020d49abfc497d0405f1eb67410,mbpp,body_first,16,random,0.5,-1.4251363277435303,-0.3626362681388855,False,True
2322,dce9d83ace41dac1186275f53bf04642f2e66020d49abfc497d0405f1eb67410,mbpp,body_first,16,toward,1.0,-1.4260876178741455,-0.3635876774787903,False,True
2322,dce9d83ace41dac1186275f53bf04642f2e66020d49abfc497d0405f1eb67410,mbpp,body_first,16,away,1.0,-1.4375890493392944,-0.35946401953697205,False,True
2322,dce9d83ace41dac1186275f53bf04642f2e66020d49abfc497d0405f1eb67410,mbpp,body_first,16,random,1.0,-1.4251632690429688,-0.3626633286476135,False,True
2322,dce9d83ace41dac1186275f53bf04642f2e66020d49abfc497d0405f1eb67410,mbpp,body_first,18,toward,0.5,-1.4366079568862915,-0.3584829568862915,False,True
2322,dce9d83ace41dac1186275f53bf04642f2e66020d49abfc497d0405f1eb67410,mbpp,body_first,18,away,0.5,-1.4251279830932617,-0.3626279830932617,False,True
2322,dce9d83ace41dac1186275f53bf04642f2e66020d49abfc497d0405f1eb67410,mbpp,body_first,18,random,0.5,-1.4254647493362427,-0.3629647195339203,False,True
2322,dce9d83ace41dac1186275f53bf04642f2e66020d49abfc497d0405f1eb67410,mbpp,body_first,18,toward,1.0,-1.4259566068649292,-0.3634565770626068,False,True
2322,dce9d83ace41dac1186275f53bf04642f2e66020d49abfc497d0405f1eb67410,mbpp,body_first,18,away,1.0,-1.426271677017212,-0.3637717068195343,False,True
2322,dce9d83ace41dac1186275f53bf04642f2e66020d49abfc497d0405f1eb67410,mbpp,body_first,18,random,1.0,-1.4255658388137817,-0.3630658686161041,False,True
2322,dce9d83ace41dac1186275f53bf04642f2e66020d49abfc497d0405f1eb67410,mbpp,body_first,20,toward,0.5,-1.425668478012085,-0.3631684184074402,False,True
2322,dce9d83ace41dac1186275f53bf04642f2e66020d49abfc497d0405f1eb67410,mbpp,body_first,20,away,0.5,-1.425961971282959,-0.36346203088760376,False,True
2322,dce9d83ace41dac1186275f53bf04642f2e66020d49abfc497d0405f1eb67410,mbpp,body_first,20,random,0.5,-1.424903392791748,-0.36240339279174805,False,True
2322,dce9d83ace41dac1186275f53bf04642f2e66020d49abfc497d0405f1eb67410,mbpp,body_first,20,toward,1.0,-1.4257090091705322,-0.36320897936820984,False,True
2322,dce9d83ace41dac1186275f53bf04642f2e66020d49abfc497d0405f1eb67410,mbpp,body_first,20,away,1.0,-1.4262627363204956,-0.363762766122818,False,True
2322,dce9d83ace41dac1186275f53bf04642f2e66020d49abfc497d0405f1eb67410,mbpp,body_first,20,random,1.0,-1.425483226776123,-0.3629832863807678,False,True
2322,dce9d83ace41dac1186275f53bf04642f2e66020d49abfc497d0405f1eb67410,mbpp,body_first,22,toward,0.5,-1.4364936351776123,-0.3583686649799347,False,True
2322,dce9d83ace41dac1186275f53bf04642f2e66020d49abfc497d0405f1eb67410,mbpp,body_first,22,away,0.5,-1.4259008169174194,-0.36340078711509705,False,True
2322,dce9d83ace41dac1186275f53bf04642f2e66020d49abfc497d0405f1eb67410,mbpp,body_first,22,random,0.5,-1.4256041049957275,-0.3631041646003723,False,True
2322,dce9d83ace41dac1186275f53bf04642f2e66020d49abfc497d0405f1eb67410,mbpp,body_first,22,toward,1.0,-1.4250831604003906,-0.36258310079574585,False,True
2322,dce9d83ace41dac1186275f53bf04642f2e66020d49abfc497d0405f1eb67410,mbpp,body_first,22,away,1.0,-1.4146441221237183,-0.36776915192604065,False,True
2322,dce9d83ace41dac1186275f53bf04642f2e66020d49abfc497d0405f1eb67410,mbpp,body_first,22,random,1.0,-1.4258089065551758,-0.36330893635749817,False,True
2322,dce9d83ace41dac1186275f53bf04642f2e66020d49abfc497d0405f1eb67410,mbpp,body_first,24,toward,0.5,-1.425123929977417,-0.3626239001750946,False,True
2322,dce9d83ace41dac1186275f53bf04642f2e66020d49abfc497d0405f1eb67410,mbpp,body_first,24,away,0.5,-1.4256324768066406,-0.36313244700431824,False,True
2322,dce9d83ace41dac1186275f53bf04642f2e66020d49abfc497d0405f1eb67410,mbpp,body_first,24,random,0.5,-1.4367576837539673,-0.3586327135562897,False,True
2322,dce9d83ace41dac1186275f53bf04642f2e66020d49abfc497d0405f1eb67410,mbpp,body_first,24,toward,1.0,-1.4249035120010376,-0.3624034821987152,False,True
2322,dce9d83ace41dac1186275f53bf04642f2e66020d49abfc497d0405f1eb67410,mbpp,body_first,24,away,1.0,-1.4250119924545288,-0.3625120222568512,False,True
2322,dce9d83ace41dac1186275f53bf04642f2e66020d49abfc497d0405f1eb67410,mbpp,body_first,24,random,1.0,-1.42489492893219,-0.36239492893218994,False,True
2322,dce9d83ace41dac1186275f53bf04642f2e66020d49abfc497d0405f1eb67410,mbpp,body_first,26,toward,0.5,-1.4249956607818604,-0.36249566078186035,False,True
2322,dce9d83ace41dac1186275f53bf04642f2e66020d49abfc497d0405f1eb67410,mbpp,body_first,26,away,0.5,-1.4256272315979004,-0.3631272315979004,False,True
2322,dce9d83ace41dac1186275f53bf04642f2e66020d49abfc497d0405f1eb67410,mbpp,body_first,26,random,0.5,-1.4365934133529663,-0.3584683835506439,False,True
2322,dce9d83ace41dac1186275f53bf04642f2e66020d49abfc497d0405f1eb67410,mbpp,body_first,26,toward,1.0,-1.4249615669250488,-0.36246156692504883,False,True
2322,dce9d83ace41dac1186275f53bf04642f2e66020d49abfc497d0405f1eb67410,mbpp,body_first,26,away,1.0,-1.4253344535827637,-0.36283451318740845,False,True
2322,dce9d83ace41dac1186275f53bf04642f2e66020d49abfc497d0405f1eb67410,mbpp,body_first,26,random,1.0,-1.425553798675537,-0.3630537688732147,False,True
2322,dce9d83ace41dac1186275f53bf04642f2e66020d49abfc497d0405f1eb67410,mbpp,body_first,28,toward,0.5,-1.4251856803894043,-0.3626856207847595,False,True
2322,dce9d83ace41dac1186275f53bf04642f2e66020d49abfc497d0405f1eb67410,mbpp,body_first,28,away,0.5,-1.4368253946304321,-0.3587004244327545,False,True
2322,dce9d83ace41dac1186275f53bf04642f2e66020d49abfc497d0405f1eb67410,mbpp,body_first,28,random,0.5,-1.4254834651947021,-0.3629835247993469,False,True
2322,dce9d83ace41dac1186275f53bf04642f2e66020d49abfc497d0405f1eb67410,mbpp,body_first,28,toward,1.0,-1.4247803688049316,-0.36228033900260925,False,True
2322,dce9d83ace41dac1186275f53bf04642f2e66020d49abfc497d0405f1eb67410,mbpp,body_first,28,away,1.0,-1.4256106615066528,-0.36311063170433044,False,True
2322,dce9d83ace41dac1186275f53bf04642f2e66020d49abfc497d0405f1eb67410,mbpp,body_first,28,random,1.0,-1.4252111911773682,-0.36271125078201294,False,True
2322,dce9d83ace41dac1186275f53bf04642f2e66020d49abfc497d0405f1eb67410,mbpp,body_first,30,toward,0.5,-1.4254826307296753,-0.3629826009273529,False,True
2322,dce9d83ace41dac1186275f53bf04642f2e66020d49abfc497d0405f1eb67410,mbpp,body_first,30,away,0.5,-1.4253215789794922,-0.3628215789794922,False,True
2322,dce9d83ace41dac1186275f53bf04642f2e66020d49abfc497d0405f1eb67410,mbpp,body_first,30,random,0.5,-1.4254847764968872,-0.3629847764968872,False,True
2322,dce9d83ace41dac1186275f53bf04642f2e66020d49abfc497d0405f1eb67410,mbpp,body_first,30,toward,1.0,-1.4255692958831787,-0.3630693554878235,False,True
2322,dce9d83ace41dac1186275f53bf04642f2e66020d49abfc497d0405f1eb67410,mbpp,body_first,30,away,1.0,-1.4249751567840576,-0.36247509717941284,False,True
2322,dce9d83ace41dac1186275f53bf04642f2e66020d49abfc497d0405f1eb67410,mbpp,body_first,30,random,1.0,-1.4254828691482544,-0.3629828691482544,False,True
2322,dce9d83ace41dac1186275f53bf04642f2e66020d49abfc497d0405f1eb67410,mbpp,body_first,31,toward,0.5,-1.4253042936325073,-0.3628043234348297,False,True
2322,dce9d83ace41dac1186275f53bf04642f2e66020d49abfc497d0405f1eb67410,mbpp,body_first,31,away,0.5,-1.4253042936325073,-0.3628043234348297,False,True
2322,dce9d83ace41dac1186275f53bf04642f2e66020d49abfc497d0405f1eb67410,mbpp,body_first,31,random,0.5,-1.4253042936325073,-0.3628043234348297,False,True
2322,dce9d83ace41dac1186275f53bf04642f2e66020d49abfc497d0405f1eb67410,mbpp,body_first,31,toward,1.0,-1.4253042936325073,-0.3628043234348297,False,True
2322,dce9d83ace41dac1186275f53bf04642f2e66020d49abfc497d0405f1eb67410,mbpp,body_first,31,away,1.0,-1.4253042936325073,-0.3628043234348297,False,True
2322,dce9d83ace41dac1186275f53bf04642f2e66020d49abfc497d0405f1eb67410,mbpp,body_first,31,random,1.0,-1.4253042936325073,-0.3628043234348297,False,True
2322,dce9d83ace41dac1186275f53bf04642f2e66020d49abfc497d0405f1eb67410,mbpp,answer,0,toward,0.5,-1.4168223142623901,-0.36994728446006775,False,True
2322,dce9d83ace41dac1186275f53bf04642f2e66020d49abfc497d0405f1eb67410,mbpp,answer,0,away,0.5,-1.4447994232177734,-0.3510494828224182,False,True
2322,dce9d83ace41dac1186275f53bf04642f2e66020d49abfc497d0405f1eb67410,mbpp,answer,0,random,0.5,-1.4244771003723145,-0.36197710037231445,False,True
2322,dce9d83ace41dac1186275f53bf04642f2e66020d49abfc497d0405f1eb67410,mbpp,answer,0,toward,1.0,-1.4423726797103882,-0.3798726499080658,False,True
2322,dce9d83ace41dac1186275f53bf04642f2e66020d49abfc497d0405f1eb67410,mbpp,answer,0,away,1.0,-1.4048457145690918,-0.3579707145690918,False,True
2322,dce9d83ace41dac1186275f53bf04642f2e66020d49abfc497d0405f1eb67410,mbpp,answer,0,random,1.0,-1.3894060850143433,-0.3737810552120209,False,True
2322,dce9d83ace41dac1186275f53bf04642f2e66020d49abfc497d0405f1eb67410,mbpp,answer,2,toward,0.5,-1.3952033519744873,-0.3795783519744873,False,True
2322,dce9d83ace41dac1186275f53bf04642f2e66020d49abfc497d0405f1eb67410,mbpp,answer,2,away,0.5,-1.554091215133667,-0.319716215133667,False,True
2322,dce9d83ace41dac1186275f53bf04642f2e66020d49abfc497d0405f1eb67410,mbpp,answer,2,random,0.5,-1.474469542503357,-0.34946951270103455,False,True
2322,dce9d83ace41dac1186275f53bf04642f2e66020d49abfc497d0405f1eb67410,mbpp,answer,2,toward,1.0,-1.3221588134765625,-0.4159087538719177,False,True
2322,dce9d83ace41dac1186275f53bf04642f2e66020d49abfc497d0405f1eb67410,mbpp,answer,2,away,1.0,-1.580322265625,-0.314697265625,False,True
2322,dce9d83ace41dac1186275f53bf04642f2e66020d49abfc497d0405f1eb67410,mbpp,answer,2,random,1.0,-1.387255311012268,-0.3872552812099457,False,True
2322,dce9d83ace41dac1186275f53bf04642f2e66020d49abfc497d0405f1eb67410,mbpp,answer,4,toward,0.5,-1.4073032140731812,-0.37605318427085876,False,True
2322,dce9d83ace41dac1186275f53bf04642f2e66020d49abfc497d0405f1eb67410,mbpp,answer,4,away,0.5,-1.3962291479110718,-0.3649791181087494,False,True
2322,dce9d83ace41dac1186275f53bf04642f2e66020d49abfc497d0405f1eb67410,mbpp,answer,4,random,0.5,-1.3588448762893677,-0.3900948464870453,False,True
2322,dce9d83ace41dac1186275f53bf04642f2e66020d49abfc497d0405f1eb67410,mbpp,answer,4,toward,1.0,-1.4697306156158447,-0.3603556752204895,False,True
2322,dce9d83ace41dac1186275f53bf04642f2e66020d49abfc497d0405f1eb67410,mbpp,answer,4,away,1.0,-1.2941148281097412,-0.40348976850509644,False,True
2322,dce9d83ace41dac1186275f53bf04642f2e66020d49abfc497d0405f1eb67410,mbpp,answer,4,random,1.0,-1.3644858598709106,-0.39573583006858826,False,True
2322,dce9d83ace41dac1186275f53bf04642f2e66020d49abfc497d0405f1eb67410,mbpp,answer,6,toward,0.5,-1.4769853353500366,-0.35198530554771423,False,True
2322,dce9d83ace41dac1186275f53bf04642f2e66020d49abfc497d0405f1eb67410,mbpp,answer,6,away,0.5,-1.4083510637283325,-0.36147603392601013,False,True
2322,dce9d83ace41dac1186275f53bf04642f2e66020d49abfc497d0405f1eb67410,mbpp,answer,6,random,0.5,-1.566076397895813,-0.3160764276981354,False,True
2322,dce9d83ace41dac1186275f53bf04642f2e66020d49abfc497d0405f1eb67410,mbpp,answer,6,toward,1.0,-1.5558619499206543,-0.3371119201183319,False,True
2322,dce9d83ace41dac1186275f53bf04642f2e66020d49abfc497d0405f1eb67410,mbpp,answer,6,away,1.0,-1.2684191465377808,-0.4090441167354584,False,True
2322,dce9d83ace41dac1186275f53bf04642f2e66020d49abfc497d0405f1eb67410,mbpp,answer,6,random,1.0,-1.6221727132797241,-0.29404768347740173,False,True
2322,dce9d83ace41dac1186275f53bf04642f2e66020d49abfc497d0405f1eb67410,mbpp,answer,8,toward,0.5,-1.3068897724151611,-0.4006398022174835,False,True
2322,dce9d83ace41dac1186275f53bf04642f2e66020d49abfc497d0405f1eb67410,mbpp,answer,8,away,0.5,-1.4195306301116943,-0.37265560030937195,False,True
2322,dce9d83ace41dac1186275f53bf04642f2e66020d49abfc497d0405f1eb67410,mbpp,answer,8,random,0.5,-1.3219952583312988,-0.40012019872665405,False,True
2322,dce9d83ace41dac1186275f53bf04642f2e66020d49abfc497d0405f1eb67410,mbpp,answer,8,toward,1.0,-1.1824697256088257,-0.4480947256088257,False,True
2322,dce9d83ace41dac1186275f53bf04642f2e66020d49abfc497d0405f1eb67410,mbpp,answer,8,away,1.0,-1.2779126167297363,-0.46541255712509155,False,True
2322,dce9d83ace41dac1186275f53bf04642f2e66020d49abfc497d0405f1eb67410,mbpp,answer,8,random,1.0,-1.175163745880127,-0.47203871607780457,False,True
2322,dce9d83ace41dac1186275f53bf04642f2e66020d49abfc497d0405f1eb67410,mbpp,answer,10,toward,0.5,-1.4426648616790771,-0.36453983187675476,False,True
2322,dce9d83ace41dac1186275f53bf04642f2e66020d49abfc497d0405f1eb67410,mbpp,answer,10,away,0.5,-1.2488672733306885,-0.43636730313301086,False,True
2322,dce9d83ace41dac1186275f53bf04642f2e66020d49abfc497d0405f1eb67410,mbpp,answer,10,random,0.5,-1.4831087589263916,-0.3581087291240692,False,True
2322,dce9d83ace41dac1186275f53bf04642f2e66020d49abfc497d0405f1eb67410,mbpp,answer,10,toward,1.0,-1.2513039112091064,-0.4544289708137512,False,True
2322,dce9d83ace41dac1186275f53bf04642f2e66020d49abfc497d0405f1eb67410,mbpp,answer,10,away,1.0,-1.1339360475540161,-0.5558110475540161,False,True
2322,dce9d83ace41dac1186275f53bf04642f2e66020d49abfc497d0405f1eb67410,mbpp,answer,10,random,1.0,-1.5745569467544556,-0.3558069169521332,False,True
2322,dce9d83ace41dac1186275f53bf04642f2e66020d49abfc497d0405f1eb67410,mbpp,answer,12,toward,0.5,-1.4819072484970093,-0.3412822186946869,False,True
2322,dce9d83ace41dac1186275f53bf04642f2e66020d49abfc497d0405f1eb67410,mbpp,answer,12,away,0.5,-1.178192138671875,-0.4906921684741974,False,True
2322,dce9d83ace41dac1186275f53bf04642f2e66020d49abfc497d0405f1eb67410,mbpp,answer,12,random,0.5,-1.6579277515411377,-0.3141776919364929,False,True
2322,dce9d83ace41dac1186275f53bf04642f2e66020d49abfc497d0405f1eb67410,mbpp,answer,12,toward,1.0,-1.4003515243530273,-0.36910155415534973,False,True
2322,dce9d83ace41dac1186275f53bf04642f2e66020d49abfc497d0405f1eb67410,mbpp,answer,12,away,1.0,-1.1727044582366943,-0.5945795178413391,False,True
2322,dce9d83ace41dac1186275f53bf04642f2e66020d49abfc497d0405f1eb67410,mbpp,answer,12,random,1.0,-1.8130614757537842,-0.2974364161491394,False,True
2322,dce9d83ace41dac1186275f53bf04642f2e66020d49abfc497d0405f1eb67410,mbpp,answer,14,toward,0.5,-1.464832067489624,-0.3242071270942688,False,True
2322,dce9d83ace41dac1186275f53bf04642f2e66020d49abfc497d0405f1eb67410,mbpp,answer,14,away,0.5,-1.2362215518951416,-0.4862214922904968,False,True
2322,dce9d83ace41dac1186275f53bf04642f2e66020d49abfc497d0405f1eb67410,mbpp,answer,14,random,0.5,-1.4696954488754272,-0.34469541907310486,False,True
2322,dce9d83ace41dac1186275f53bf04642f2e66020d49abfc497d0405f1eb67410,mbpp,answer,14,toward,1.0,-1.5948714017868042,-0.2823713719844818,False,True
2322,dce9d83ace41dac1186275f53bf04642f2e66020d49abfc497d0405f1eb67410,mbpp,answer,14,away,1.0,-1.0470863580703735,-0.7345863580703735,False,True
2322,dce9d83ace41dac1186275f53bf04642f2e66020d49abfc497d0405f1eb67410,mbpp,answer,14,random,1.0,-1.5401519536972046,-0.337026983499527,False,True
2322,dce9d83ace41dac1186275f53bf04642f2e66020d49abfc497d0405f1eb67410,mbpp,answer,16,toward,0.5,-1.8131599426269531,-0.23503488302230835,False,True
2322,dce9d83ace41dac1186275f53bf04642f2e66020d49abfc497d0405f1eb67410,mbpp,answer,16,away,0.5,-0.9337285757064819,-0.6681035757064819,False,True
2322,dce9d83ace41dac1186275f53bf04642f2e66020d49abfc497d0405f1eb67410,mbpp,answer,16,random,0.5,-1.4315186738967896,-0.36901864409446716,False,True
2322,dce9d83ace41dac1186275f53bf04642f2e66020d49abfc497d0405f1eb67410,mbpp,answer,16,toward,1.0,-2.614041805267334,-0.1140417754650116,False,True
2322,dce9d83ace41dac1186275f53bf04642f2e66020d49abfc497d0405f1eb67410,mbpp,answer,16,away,1.0,-0.6266979575157166,-1.1110730171203613,True,False
2322,dce9d83ace41dac1186275f53bf04642f2e66020d49abfc497d0405f1eb67410,mbpp,answer,16,random,1.0,-1.4676878452301025,-0.35831284523010254,False,True
2322,dce9d83ace41dac1186275f53bf04642f2e66020d49abfc497d0405f1eb67410,mbpp,answer,18,toward,0.5,-1.9305380582809448,-0.2117881029844284,False,True
2322,dce9d83ace41dac1186275f53bf04642f2e66020d49abfc497d0405f1eb67410,mbpp,answer,18,away,0.5,-1.1288487911224365,-0.5507237911224365,False,True
2322,dce9d83ace41dac1186275f53bf04642f2e66020d49abfc497d0405f1eb67410,mbpp,answer,18,random,0.5,-1.1525983810424805,-0.4963483214378357,False,True
2322,dce9d83ace41dac1186275f53bf04642f2e66020d49abfc497d0405f1eb67410,mbpp,answer,18,toward,1.0,-2.5667884349823,-0.12928837537765503,False,True
2322,dce9d83ace41dac1186275f53bf04642f2e66020d49abfc497d0405f1eb67410,mbpp,answer,18,away,1.0,-0.987845242023468,-0.690970242023468,False,True
2322,dce9d83ace41dac1186275f53bf04642f2e66020d49abfc497d0405f1eb67410,mbpp,answer,18,random,1.0,-0.8954321146011353,-0.6923071146011353,False,True
2322,dce9d83ace41dac1186275f53bf04642f2e66020d49abfc497d0405f1eb67410,mbpp,answer,20,toward,0.5,-1.7776927947998047,-0.24644282460212708,False,True
2322,dce9d83ace41dac1186275f53bf04642f2e66020d49abfc497d0405f1eb67410,mbpp,answer,20,away,0.5,-1.1198493242263794,-0.5573493242263794,False,True
2322,dce9d83ace41dac1186275f53bf04642f2e66020d49abfc497d0405f1eb67410,mbpp,answer,20,random,0.5,-1.531460165977478,-0.3283351957798004,False,True
2322,dce9d83ace41dac1186275f53bf04642f2e66020d49abfc497d0405f1eb67410,mbpp,answer,20,toward,1.0,-2.1361284255981445,-0.18300354480743408,False,True
2322,dce9d83ace41dac1186275f53bf04642f2e66020d49abfc497d0405f1eb67410,mbpp,answer,20,away,1.0,-0.9412199854850769,-0.7068449854850769,False,True
2322,dce9d83ace41dac1186275f53bf04642f2e66020d49abfc497d0405f1eb67410,mbpp,answer,20,random,1.0,-1.5122904777526855,-0.3404155373573303,False,True
2322,dce9d83ace41dac1186275f53bf04642f2e66020d49abfc497d0405f1eb67410,mbpp,answer,22,toward,0.5,-1.5608179569244385,-0.29519298672676086,False,True
2322,dce9d83ace41dac1186275f53bf04642f2e66020d49abfc497d0405f1eb67410,mbpp,answer,22,away,0.5,-1.1412079334259033,-0.5162079334259033,False,True
2322,dce9d83ace41dac1186275f53bf04642f2e66020d49abfc497d0405f1eb67410,mbpp,answer,22,random,0.5,-1.5226926803588867,-0.33519262075424194,False,True
2322,dce9d83ace41dac1186275f53bf04642f2e66020d49abfc497d0405f1eb67410,mbpp,answer,22,toward,1.0,-1.7171019315719604,-0.24835194647312164,False,True
2322,dce9d83ace41dac1186275f53bf04642f2e66020d49abfc497d0405f1eb67410,mbpp,answer,22,away,1.0,-0.9731703400611877,-0.6294203400611877,False,True
2322,dce9d83ace41dac1186275f53bf04642f2e66020d49abfc497d0405f1eb67410,mbpp,answer,22,random,1.0,-1.6695103645324707,-0.2945104241371155,False,True
2322,dce9d83ace41dac1186275f53bf04642f2e66020d49abfc497d0405f1eb67410,mbpp,answer,24,toward,0.5,-1.7833364009857178,-0.2520863711833954,False,True
2322,dce9d83ace41dac1186275f53bf04642f2e66020d49abfc497d0405f1eb67410,mbpp,answer,24,away,0.5,-1.1390117406845093,-0.4983867406845093,False,True
2322,dce9d83ace41dac1186275f53bf04642f2e66020d49abfc497d0405f1eb67410,mbpp,answer,24,random,0.5,-1.2546718120574951,-0.4265468716621399,False,True
2322,dce9d83ace41dac1186275f53bf04642f2e66020d49abfc497d0405f1eb67410,mbpp,answer,24,toward,1.0,-2.0637896060943604,-0.235664501786232,False,True
2322,dce9d83ace41dac1186275f53bf04642f2e66020d49abfc497d0405f1eb67410,mbpp,answer,24,away,1.0,-1.0411674976348877,-0.5724175572395325,False,True
2322,dce9d83ace41dac1186275f53bf04642f2e66020d49abfc497d0405f1eb67410,mbpp,answer,24,random,1.0,-1.1643779277801514,-0.47687792778015137,False,True
2322,dce9d83ace41dac1186275f53bf04642f2e66020d49abfc497d0405f1eb67410,mbpp,answer,26,toward,0.5,-1.9839885234832764,-0.21836358308792114,False,True
2322,dce9d83ace41dac1186275f53bf04642f2e66020d49abfc497d0405f1eb67410,mbpp,answer,26,away,0.5,-1.049527645111084,-0.549527645111084,False,True
2322,dce9d83ace41dac1186275f53bf04642f2e66020d49abfc497d0405f1eb67410,mbpp,answer,26,random,0.5,-1.5288478136062622,-0.3413478136062622,False,True
2322,dce9d83ace41dac1186275f53bf04642f2e66020d49abfc497d0405f1eb67410,mbpp,answer,26,toward,1.0,-2.599510669708252,-0.16201068460941315,False,True
2322,dce9d83ace41dac1186275f53bf04642f2e66020d49abfc497d0405f1eb67410,mbpp,answer,26,away,1.0,-0.9096071720123291,-0.6752321720123291,False,True
2322,dce9d83ace41dac1186275f53bf04642f2e66020d49abfc497d0405f1eb67410,mbpp,answer,26,random,1.0,-1.8604620695114136,-0.2823370397090912,False,True
2322,dce9d83ace41dac1186275f53bf04642f2e66020d49abfc497d0405f1eb67410,mbpp,answer,28,toward,0.5,-2.0999503135681152,-0.19370031356811523,False,True
2322,dce9d83ace41dac1186275f53bf04642f2e66020d49abfc497d0405f1eb67410,mbpp,answer,28,away,0.5,-1.0459157228469849,-0.5459157228469849,False,True
2322,dce9d83ace41dac1186275f53bf04642f2e66020d49abfc497d0405f1eb67410,mbpp,answer,28,random,0.5,-1.5514273643493652,-0.33267733454704285,False,True
2322,dce9d83ace41dac1186275f53bf04642f2e66020d49abfc497d0405f1eb67410,mbpp,answer,28,toward,1.0,-3.006068229675293,-0.0998181626200676,False,True
2322,dce9d83ace41dac1186275f53bf04642f2e66020d49abfc497d0405f1eb67410,mbpp,answer,28,away,1.0,-0.916778564453125,-0.666778564453125,False,True
2322,dce9d83ace41dac1186275f53bf04642f2e66020d49abfc497d0405f1eb67410,mbpp,answer,28,random,1.0,-1.907792329788208,-0.2671673595905304,False,True
2322,dce9d83ace41dac1186275f53bf04642f2e66020d49abfc497d0405f1eb67410,mbpp,answer,30,toward,0.5,-2.3408043384552,-0.1689293533563614,False,True
2322,dce9d83ace41dac1186275f53bf04642f2e66020d49abfc497d0405f1eb67410,mbpp,answer,30,away,0.5,-1.08761465549469,-0.5094896554946899,False,True
2322,dce9d83ace41dac1186275f53bf04642f2e66020d49abfc497d0405f1eb67410,mbpp,answer,30,random,0.5,-1.6082392930984497,-0.2957392930984497,False,True
2322,dce9d83ace41dac1186275f53bf04642f2e66020d49abfc497d0405f1eb67410,mbpp,answer,30,toward,1.0,-3.3256828784942627,-0.15380777418613434,False,True
2322,dce9d83ace41dac1186275f53bf04642f2e66020d49abfc497d0405f1eb67410,mbpp,answer,30,away,1.0,-1.0587793588638306,-0.5744043588638306,False,True
2322,dce9d83ace41dac1186275f53bf04642f2e66020d49abfc497d0405f1eb67410,mbpp,answer,30,random,1.0,-2.02583909034729,-0.2133391797542572,False,True
2322,dce9d83ace41dac1186275f53bf04642f2e66020d49abfc497d0405f1eb67410,mbpp,answer,31,toward,0.5,-3.673192024230957,-1.4544421434402466,False,False
2322,dce9d83ace41dac1186275f53bf04642f2e66020d49abfc497d0405f1eb67410,mbpp,answer,31,away,0.5,-0.9129334688186646,-0.7879334688186646,False,True
2322,dce9d83ace41dac1186275f53bf04642f2e66020d49abfc497d0405f1eb67410,mbpp,answer,31,random,0.5,-1.8721823692321777,-0.3096823990345001,False,True
2322,dce9d83ace41dac1186275f53bf04642f2e66020d49abfc497d0405f1eb67410,mbpp,answer,31,toward,1.0,-8.172542572021484,-5.406917572021484,False,False
2322,dce9d83ace41dac1186275f53bf04642f2e66020d49abfc497d0405f1eb67410,mbpp,answer,31,away,1.0,-1.4579778909683228,-1.9111028909683228,False,False
2322,dce9d83ace41dac1186275f53bf04642f2e66020d49abfc497d0405f1eb67410,mbpp,answer,31,random,1.0,-2.453315258026123,-0.7267528176307678,False,True
2323,dce9d83ace41dac1186275f53bf04642f2e66020d49abfc497d0405f1eb67410,mbpp,baseline,-1,none,0.0,-1.4581010341644287,-0.3799760043621063,False,True
2323,dce9d83ace41dac1186275f53bf04642f2e66020d49abfc497d0405f1eb67410,mbpp,if,0,toward,0.5,-1.4348042011260986,-0.38792914152145386,False,True
2323,dce9d83ace41dac1186275f53bf04642f2e66020d49abfc497d0405f1eb67410,mbpp,if,0,away,0.5,-1.4590853452682495,-0.3809603452682495,False,True
2323,dce9d83ace41dac1186275f53bf04642f2e66020d49abfc497d0405f1eb67410,mbpp,if,0,random,0.5,-1.4576184749603271,-0.37949344515800476,False,True
2323,dce9d83ace41dac1186275f53bf04642f2e66020d49abfc497d0405f1eb67410,mbpp,if,0,toward,1.0,-1.376516342163086,-0.5171412825584412,False,True
2323,dce9d83ace41dac1186275f53bf04642f2e66020d49abfc497d0405f1eb67410,mbpp,if,0,away,1.0,-1.3621611595153809,-0.5027862191200256,False,True
2323,dce9d83ace41dac1186275f53bf04642f2e66020d49abfc497d0405f1eb67410,mbpp,if,0,random,1.0,-1.3545893430709839,-0.4952143728733063,False,True
2323,dce9d83ace41dac1186275f53bf04642f2e66020d49abfc497d0405f1eb67410,mbpp,if,2,toward,0.5,-1.447839617729187,-0.385339617729187,False,True
2323,dce9d83ace41dac1186275f53bf04642f2e66020d49abfc497d0405f1eb67410,mbpp,if,2,away,0.5,-1.4361650943756104,-0.3892901539802551,False,True
2323,dce9d83ace41dac1186275f53bf04642f2e66020d49abfc497d0405f1eb67410,mbpp,if,2,random,0.5,-1.4364705085754395,-0.38959547877311707,False,True
2323,dce9d83ace41dac1186275f53bf04642f2e66020d49abfc497d0405f1eb67410,mbpp,if,2,toward,1.0,-1.3114182949066162,-0.467668354511261,False,True
2323,dce9d83ace41dac1186275f53bf04642f2e66020d49abfc497d0405f1eb67410,mbpp,if,2,away,1.0,-1.3606961965560913,-0.4700712263584137,False,True
2323,dce9d83ace41dac1186275f53bf04642f2e66020d49abfc497d0405f1eb67410,mbpp,if,2,random,1.0,-1.36562180519104,-0.4749968349933624,False,True
2323,dce9d83ace41dac1186275f53bf04642f2e66020d49abfc497d0405f1eb67410,mbpp,if,4,toward,0.5,-1.4570478200912476,-0.37892282009124756,False,True
2323,dce9d83ace41dac1186275f53bf04642f2e66020d49abfc497d0405f1eb67410,mbpp,if,4,away,0.5,-1.3893684148788452,-0.4049934148788452,False,True
2323,dce9d83ace41dac1186275f53bf04642f2e66020d49abfc497d0405f1eb67410,mbpp,if,4,random,0.5,-1.4460911750793457,-0.3835911154747009,False,True
2323,dce9d83ace41dac1186275f53bf04642f2e66020d49abfc497d0405f1eb67410,mbpp,if,4,toward,1.0,-1.3270258903503418,-0.4676508903503418,False,True
2323,dce9d83ace41dac1186275f53bf04642f2e66020d49abfc497d0405f1eb67410,mbpp,if,4,away,1.0,-1.391281008720398,-0.40690603852272034,False,True
2323,dce9d83ace41dac1186275f53bf04642f2e66020d49abfc497d0405f1eb67410,mbpp,if,4,random,1.0,-1.41120445728302,-0.39557942748069763,False,True
2323,dce9d83ace41dac1186275f53bf04642f2e66020d49abfc497d0405f1eb67410,mbpp,if,6,toward,0.5,-1.4566813707351685,-0.37855640053749084,False,True
2323,dce9d83ace41dac1186275f53bf04642f2e66020d49abfc497d0405f1eb67410,mbpp,if,6,away,0.5,-1.4131394624710083,-0.3975144326686859,False,True
2323,dce9d83ace41dac1186275f53bf04642f2e66020d49abfc497d0405f1eb67410,mbpp,if,6,random,0.5,-1.4464802742004395,-0.3839802145957947,False,True
2323,dce9d83ace41dac1186275f53bf04642f2e66020d49abfc497d0405f1eb67410,mbpp,if,6,toward,1.0,-1.4562820196151733,-0.37815701961517334,False,True
2323,dce9d83ace41dac1186275f53bf04642f2e66020d49abfc497d0405f1eb67410,mbpp,if,6,away,1.0,-1.3828984498977661,-0.4141484200954437,False,True
2323,dce9d83ace41dac1186275f53bf04642f2e66020d49abfc497d0405f1eb67410,mbpp,if,6,random,1.0,-1.43408203125,-0.3872069716453552,False,True
2323,dce9d83ace41dac1186275f53bf04642f2e66020d49abfc497d0405f1eb67410,mbpp,if,8,toward,0.5,-1.4475098848342896,-0.38500985503196716,False,True
2323,dce9d83ace41dac1186275f53bf04642f2e66020d49abfc497d0405f1eb67410,mbpp,if,8,away,0.5,-1.436362624168396,-0.3894875943660736,False,True
2323,dce9d83ace41dac1186275f53bf04642f2e66020d49abfc497d0405f1eb67410,mbpp,if,8,random,0.5,-1.4247996807098389,-0.39354968070983887,False,True
2323,dce9d83ace41dac1186275f53bf04642f2e66020d49abfc497d0405f1eb67410,mbpp,if,8,toward,1.0,-1.4373316764831543,-0.3904566466808319,False,True
2323,dce9d83ace41dac1186275f53bf04642f2e66020d49abfc497d0405f1eb67410,mbpp,if,8,away,1.0,-1.4131741523742676,-0.39754921197891235,False,True
2323,dce9d83ace41dac1186275f53bf04642f2e66020d49abfc497d0405f1eb67410,mbpp,if,8,random,1.0,-1.4245940446853638,-0.3933440148830414,False,True
2323,dce9d83ace41dac1186275f53bf04642f2e66020d49abfc497d0405f1eb67410,mbpp,if,10,toward,0.5,-1.4471070766448975,-0.3846070468425751,False,True
2323,dce9d83ace41dac1186275f53bf04642f2e66020d49abfc497d0405f1eb67410,mbpp,if,10,away,0.5,-1.4247593879699707,-0.3935093879699707,False,True
2323,dce9d83ace41dac1186275f53bf04642f2e66020d49abfc497d0405f1eb67410,mbpp,if,10,random,0.5,-1.4343547821044922,-0.38747984170913696,False,True
2323,dce9d83ace41dac1186275f53bf04642f2e66020d49abfc497d0405f1eb67410,mbpp,if,10,toward,1.0,-1.4476429224014282,-0.3851429522037506,False,True
2323,dce9d83ace41dac1186275f53bf04642f2e66020d49abfc497d0405f1eb67410,mbpp,if,10,away,1.0,-1.3923622369766235,-0.4079872667789459,False,True
2323,dce9d83ace41dac1186275f53bf04642f2e66020d49abfc497d0405f1eb67410,mbpp,if,10,random,1.0,-1.4233676195144653,-0.3921176493167877,False,True
2323,dce9d83ace41dac1186275f53bf04642f2e66020d49abfc497d0405f1eb67410,mbpp,if,12,toward,0.5,-1.4805576801300049,-0.3711826205253601,False,True
2323,dce9d83ace41dac1186275f53bf04642f2e66020d49abfc497d0405f1eb67410,mbpp,if,12,away,0.5,-1.4226493835449219,-0.39139944314956665,False,True
2323,dce9d83ace41dac1186275f53bf04642f2e66020d49abfc497d0405f1eb67410,mbpp,if,12,random,0.5,-1.435471534729004,-0.3885965049266815,False,True
2323,dce9d83ace41dac1186275f53bf04642f2e66020d49abfc497d0405f1eb67410,mbpp,if,12,toward,1.0,-1.503739595413208,-0.36311453580856323,False,True
2323,dce9d83ace41dac1186275f53bf04642f2e66020d49abfc497d0405f1eb67410,mbpp,if,12,away,1.0,-1.3958232402801514,-0.39582329988479614,False,True
2323,dce9d83ace41dac1186275f53bf04642f2e66020d49abfc497d0405f1eb67410,mbpp,if,12,random,1.0,-1.4481654167175293,-0.3856653869152069,False,True
2323,dce9d83ace41dac1186275f53bf04642f2e66020d49abfc497d0405f1eb67410,mbpp,if,14,toward,0.5,-1.446251392364502,-0.38375145196914673,False,True
2323,dce9d83ace41dac1186275f53bf04642f2e66020d49abfc497d0405f1eb67410,mbpp,if,14,away,0.5,-1.4229135513305664,-0.3916635513305664,False,True
2323,dce9d83ace41dac1186275f53bf04642f2e66020d49abfc497d0405f1eb67410,mbpp,if,14,random,0.5,-1.4696636199951172,-0.3759135603904724,False,True
2323,dce9d83ace41dac1186275f53bf04642f2e66020d49abfc497d0405f1eb67410,mbpp,if,14,toward,1.0,-1.4327354431152344,-0.38586047291755676,False,True
2323,dce9d83ace41dac1186275f53bf04642f2e66020d49abfc497d0405f1eb67410,mbpp,if,14,away,1.0,-1.399107575416565,-0.39910760521888733,False,True
2323,dce9d83ace41dac1186275f53bf04642f2e66020d49abfc497d0405f1eb67410,mbpp,if,14,random,1.0,-1.4810817241668701,-0.3717067837715149,False,True
2323,dce9d83ace41dac1186275f53bf04642f2e66020d49abfc497d0405f1eb67410,mbpp,if,16,toward,0.5,-1.4352986812591553,-0.3884236812591553,False,True
2323,dce9d83ace41dac1186275f53bf04642f2e66020d49abfc497d0405f1eb67410,mbpp,if,16,away,0.5,-1.4815715551376343,-0.37219658493995667,False,True
2323,dce9d83ace41dac1186275f53bf04642f2e66020d49abfc497d0405f1eb67410,mbpp,if,16,random,0.5,-1.445841670036316,-0.3833416998386383,False,True
2323,dce9d83ace41dac1186275f53bf04642f2e66020d49abfc497d0405f1eb67410,mbpp,if,16,toward,1.0,-1.3994512557983398,-0.39945122599601746,False,True
2323,dce9d83ace41dac1186275f53bf04642f2e66020d49abfc497d0405f1eb67410,mbpp,if,16,away,1.0,-1.5176808834075928,-0.3614308536052704,False,True
2323,dce9d83ace41dac1186275f53bf04642f2e66020d49abfc497d0405f1eb67410,mbpp,if,16,random,1.0,-1.444528341293335,-0.38202840089797974,False,True
2323,dce9d83ace41dac1186275f53bf04642f2e66020d49abfc497d0405f1eb67410,mbpp,if,18,toward,0.5,-1.4118032455444336,-0.39617830514907837,False,True
2323,dce9d83ace41dac1186275f53bf04642f2e66020d49abfc497d0405f1eb67410,mbpp,if,18,away,0.5,-1.4934077262878418,-0.3684077858924866,False,True
2323,dce9d83ace41dac1186275f53bf04642f2e66020d49abfc497d0405f1eb67410,mbpp,if,18,random,0.5,-1.4357073307037354,-0.38883233070373535,False,True
2323,dce9d83ace41dac1186275f53bf04642f2e66020d49abfc497d0405f1eb67410,mbpp,if,18,toward,1.0,-1.375183343887329,-0.4064334034919739,False,True
2323,dce9d83ace41dac1186275f53bf04642f2e66020d49abfc497d0405f1eb67410,mbpp,if,18,away,1.0,-1.5530900955200195,-0.34996509552001953,False,True
2323,dce9d83ace41dac1186275f53bf04642f2e66020d49abfc497d0405f1eb67410,mbpp,if,18,random,1.0,-1.4241727590560913,-0.3929227292537689,False,True
2323,dce9d83ace41dac1186275f53bf04642f2e66020d49abfc497d0405f1eb67410,mbpp,if,20,toward,0.5,-1.4232571125030518,-0.39200714230537415,False,True
2323,dce9d83ace41dac1186275f53bf04642f2e66020d49abfc497d0405f1eb67410,mbpp,if,20,away,0.5,-1.4705556631088257,-0.3768056333065033,False,True
2323,dce9d83ace41dac1186275f53bf04642f2e66020d49abfc497d0405f1eb67410,mbpp,if,20,random,0.5,-1.4595351219177246,-0.38141006231307983,False,True
2323,dce9d83ace41dac1186275f53bf04642f2e66020d49abfc497d0405f1eb67410,mbpp,if,20,toward,1.0,-1.4096715450286865,-0.3940466046333313,False,True
2323,dce9d83ace41dac1186275f53bf04642f2e66020d49abfc497d0405f1eb67410,mbpp,if,20,away,1.0,-1.4706010818481445,-0.37685102224349976,False,True
2323,dce9d83ace41dac1186275f53bf04642f2e66020d49abfc497d0405f1eb67410,mbpp,if,20,random,1.0,-1.4480575323104858,-0.3855575621128082,False,True
2323,dce9d83ace41dac1186275f53bf04642f2e66020d49abfc497d0405f1eb67410,mbpp,if,22,toward,0.5,-1.4358704090118408,-0.38899537920951843,False,True
2323,dce9d83ace41dac1186275f53bf04642f2e66020d49abfc497d0405f1eb67410,mbpp,if,22,away,0.5,-1.4692875146865845,-0.3755375146865845,False,True
2323,dce9d83ace41dac1186275f53bf04642f2e66020d49abfc497d0405f1eb67410,mbpp,if,22,random,0.5,-1.4458714723587036,-0.3833714425563812,False,True
2323,dce9d83ace41dac1186275f53bf04642f2e66020d49abfc497d0405f1eb67410,mbpp,if,22,toward,1.0,-1.4228852987289429,-0.39163532853126526,False,True
2323,dce9d83ace41dac1186275f53bf04642f2e66020d49abfc497d0405f1eb67410,mbpp,if,22,away,1.0,-1.4813482761383057,-0.3719732463359833,False,True
2323,dce9d83ace41dac1186275f53bf04642f2e66020d49abfc497d0405f1eb67410,mbpp,if,22,random,1.0,-1.446836233139038,-0.3843362033367157,False,True
2323,dce9d83ace41dac1186275f53bf04642f2e66020d49abfc497d0405f1eb67410,mbpp,if,24,toward,0.5,-1.4347503185272217,-0.3878752887248993,False,True
2323,dce9d83ace41dac1186275f53bf04642f2e66020d49abfc497d0405f1eb67410,mbpp,if,24,away,0.5,-1.4583619832992554,-0.38023701310157776,False,True
2323,dce9d83ace41dac1186275f53bf04642f2e66020d49abfc497d0405f1eb67410,mbpp,if,24,random,0.5,-1.4467055797576904,-0.38420552015304565,False,True
2323,dce9d83ace41dac1186275f53bf04642f2e66020d49abfc497d0405f1eb67410,mbpp,if,24,toward,1.0,-1.422489881515503,-0.39123985171318054,False,True
2323,dce9d83ace41dac1186275f53bf04642f2e66020d49abfc497d0405f1eb67410,mbpp,if,24,away,1.0,-1.4697160720825195,-0.3759661018848419,False,True
2323,dce9d83ace41dac1186275f53bf04642f2e66020d49abfc497d0405f1eb67410,mbpp,if,24,random,1.0,-1.4443202018737793,-0.3818202018737793,False,True
2323,dce9d83ace41dac1186275f53bf04642f2e66020d49abfc497d0405f1eb67410,mbpp,if,26,toward,0.5,-1.4470798969268799,-0.3845798671245575,False,True
2323,dce9d83ace41dac1186275f53bf04642f2e66020d49abfc497d0405f1eb67410,mbpp,if,26,away,0.5,-1.4693326950073242,-0.3755827248096466,False,True
2323,dce9d83ace41dac1186275f53bf04642f2e66020d49abfc497d0405f1eb67410,mbpp,if,26,random,0.5,-1.4465556144714355,-0.38405564427375793,False,True
2323,dce9d83ace41dac1186275f53bf04642f2e66020d49abfc497d0405f1eb67410,mbpp,if,26,toward,1.0,-1.434019923210144,-0.38714489340782166,False,True
2323,dce9d83ace41dac1186275f53bf04642f2e66020d49abfc497d0405f1eb67410,mbpp,if,26,away,1.0,-1.469390630722046,-0.3756406903266907,False,True
2323,dce9d83ace41dac1186275f53bf04642f2e66020d49abfc497d0405f1eb67410,mbpp,if,26,random,1.0,-1.4571483135223389,-0.3790232837200165,False,True
2323,dce9d83ace41dac1186275f53bf04642f2e66020d49abfc497d0405f1eb67410,mbpp,if,28,toward,0.5,-1.4459949731826782,-0.38349494338035583,False,True
2323,dce9d83ace41dac1186275f53bf04642f2e66020d49abfc497d0405f1eb67410,mbpp,if,28,away,0.5,-1.446879267692566,-0.38437923789024353,False,True
2323,dce9d83ace41dac1186275f53bf04642f2e66020d49abfc497d0405f1eb67410,mbpp,if,28,random,0.5,-1.4585418701171875,-0.3804168105125427,False,True
2323,dce9d83ace41dac1186275f53bf04642f2e66020d49abfc497d0405f1eb67410,mbpp,if,28,toward,1.0,-1.4447557926177979,-0.38225579261779785,False,True
2323,dce9d83ace41dac1186275f53bf04642f2e66020d49abfc497d0405f1eb67410,mbpp,if,28,away,1.0,-1.4593253135681152,-0.3812003433704376,False,True
2323,dce9d83ace41dac1186275f53bf04642f2e66020d49abfc497d0405f1eb67410,mbpp,if,28,random,1.0,-1.4466872215270996,-0.384187251329422,False,True
2323,dce9d83ace41dac1186275f53bf04642f2e66020d49abfc497d0405f1eb67410,mbpp,if,30,toward,0.5,-1.4580177068710327,-0.3798927068710327,False,True
2323,dce9d83ace41dac1186275f53bf04642f2e66020d49abfc497d0405f1eb67410,mbpp,if,30,away,0.5,-1.4581184387207031,-0.3799934685230255,False,True
2323,dce9d83ace41dac1186275f53bf04642f2e66020d49abfc497d0405f1eb67410,mbpp,if,30,random,0.5,-1.4471994638442993,-0.3846994638442993,False,True
2323,dce9d83ace41dac1186275f53bf04642f2e66020d49abfc497d0405f1eb67410,mbpp,if,30,toward,1.0,-1.4575462341308594,-0.3794211745262146,False,True
2323,dce9d83ace41dac1186275f53bf04642f2e66020d49abfc497d0405f1eb67410,mbpp,if,30,away,1.0,-1.4466949701309204,-0.3841949701309204,False,True
2323,dce9d83ace41dac1186275f53bf04642f2e66020d49abfc497d0405f1eb67410,mbpp,if,30,random,1.0,-1.4464324712753296,-0.3839324712753296,False,True
2323,dce9d83ace41dac1186275f53bf04642f2e66020d49abfc497d0405f1eb67410,mbpp,if,31,toward,0.5,-1.4581010341644287,-0.3799760043621063,False,True
2323,dce9d83ace41dac1186275f53bf04642f2e66020d49abfc497d0405f1eb67410,mbpp,if,31,away,0.5,-1.4581010341644287,-0.3799760043621063,False,True
2323,dce9d83ace41dac1186275f53bf04642f2e66020d49abfc497d0405f1eb67410,mbpp,if,31,random,0.5,-1.4581010341644287,-0.3799760043621063,False,True
2323,dce9d83ace41dac1186275f53bf04642f2e66020d49abfc497d0405f1eb67410,mbpp,if,31,toward,1.0,-1.4581010341644287,-0.3799760043621063,False,True
2323,dce9d83ace41dac1186275f53bf04642f2e66020d49abfc497d0405f1eb67410,mbpp,if,31,away,1.0,-1.4581010341644287,-0.3799760043621063,False,True
2323,dce9d83ace41dac1186275f53bf04642f2e66020d49abfc497d0405f1eb67410,mbpp,if,31,random,1.0,-1.4581010341644287,-0.3799760043621063,False,True
2323,dce9d83ace41dac1186275f53bf04642f2e66020d49abfc497d0405f1eb67410,mbpp,body_first,0,toward,0.5,-1.458290934562683,-0.3801659643650055,False,True
2323,dce9d83ace41dac1186275f53bf04642f2e66020d49abfc497d0405f1eb67410,mbpp,body_first,0,away,0.5,-1.4462757110595703,-0.3837757408618927,False,True
2323,dce9d83ace41dac1186275f53bf04642f2e66020d49abfc497d0405f1eb67410,mbpp,body_first,0,random,0.5,-1.4464739561080933,-0.38397395610809326,False,True
2323,dce9d83ace41dac1186275f53bf04642f2e66020d49abfc497d0405f1eb67410,mbpp,body_first,0,toward,1.0,-1.4008866548538208,-0.4165116250514984,False,True
2323,dce9d83ace41dac1186275f53bf04642f2e66020d49abfc497d0405f1eb67410,mbpp,body_first,0,away,1.0,-1.384261131286621,-0.4155111014842987,False,True
2323,dce9d83ace41dac1186275f53bf04642f2e66020d49abfc497d0405f1eb67410,mbpp,body_first,0,random,1.0,-1.4350595474243164,-0.3881845474243164,False,True
2323,dce9d83ace41dac1186275f53bf04642f2e66020d49abfc497d0405f1eb67410,mbpp,body_first,2,toward,0.5,-1.4577159881591797,-0.3795909881591797,False,True
2323,dce9d83ace41dac1186275f53bf04642f2e66020d49abfc497d0405f1eb67410,mbpp,body_first,2,away,0.5,-1.4467370510101318,-0.3842371106147766,False,True
2323,dce9d83ace41dac1186275f53bf04642f2e66020d49abfc497d0405f1eb67410,mbpp,body_first,2,random,0.5,-1.4462130069732666,-0.3837129473686218,False,True
2323,dce9d83ace41dac1186275f53bf04642f2e66020d49abfc497d0405f1eb67410,mbpp,body_first,2,toward,1.0,-1.4010276794433594,-0.4010276198387146,False,True
2323,dce9d83ace41dac1186275f53bf04642f2e66020d49abfc497d0405f1eb67410,mbpp,body_first,2,away,1.0,-1.3815330266952515,-0.42840802669525146,False,True
2323,dce9d83ace41dac1186275f53bf04642f2e66020d49abfc497d0405f1eb67410,mbpp,body_first,2,random,1.0,-1.4002243280410767,-0.4158492982387543,False,True
2323,dce9d83ace41dac1186275f53bf04642f2e66020d49abfc497d0405f1eb67410,mbpp,body_first,4,toward,0.5,-1.4460947513580322,-0.38359469175338745,False,True
2323,dce9d83ace41dac1186275f53bf04642f2e66020d49abfc497d0405f1eb67410,mbpp,body_first,4,away,0.5,-1.4472283124923706,-0.3847282826900482,False,True
2323,dce9d83ace41dac1186275f53bf04642f2e66020d49abfc497d0405f1eb67410,mbpp,body_first,4,random,0.5,-1.4581300020217896,-0.38000503182411194,False,True
2323,dce9d83ace41dac1186275f53bf04642f2e66020d49abfc497d0405f1eb67410,mbpp,body_first,4,toward,1.0,-1.4345958232879639,-0.3877207934856415,False,True
2323,dce9d83ace41dac1186275f53bf04642f2e66020d49abfc497d0405f1eb67410,mbpp,body_first,4,away,1.0,-1.4468348026275635,-0.3843347430229187,False,True
2323,dce9d83ace41dac1186275f53bf04642f2e66020d49abfc497d0405f1eb67410,mbpp,body_first,4,random,1.0,-1.446519374847412,-0.3840193748474121,False,True
2323,dce9d83ace41dac1186275f53bf04642f2e66020d49abfc497d0405f1eb67410,mbpp,body_first,6,toward,0.5,-1.4463849067687988,-0.38388487696647644,False,True
2323,dce9d83ace41dac1186275f53bf04642f2e66020d49abfc497d0405f1eb67410,mbpp,body_first,6,away,0.5,-1.4577898979187012,-0.3796648681163788,False,True
2323,dce9d83ace41dac1186275f53bf04642f2e66020d49abfc497d0405f1eb67410,mbpp,body_first,6,random,0.5,-1.4581230878829956,-0.379998117685318,False,True
2323,dce9d83ace41dac1186275f53bf04642f2e66020d49abfc497d0405f1eb67410,mbpp,body_first,6,toward,1.0,-1.446104884147644,-0.38360485434532166,False,True
2323,dce9d83ace41dac1186275f53bf04642f2e66020d49abfc497d0405f1eb67410,mbpp,body_first,6,away,1.0,-1.458329677581787,-0.3802047371864319,False,True
2323,dce9d83ace41dac1186275f53bf04642f2e66020d49abfc497d0405f1eb67410,mbpp,body_first,6,random,1.0,-1.4469122886657715,-0.38441234827041626,False,True
2323,dce9d83ace41dac1186275f53bf04642f2e66020d49abfc497d0405f1eb67410,mbpp,body_first,8,toward,0.5,-1.447202205657959,-0.3847021460533142,False,True
2323,dce9d83ace41dac1186275f53bf04642f2e66020d49abfc497d0405f1eb67410,mbpp,body_first,8,away,0.5,-1.4581111669540405,-0.37998613715171814,False,True
2323,dce9d83ace41dac1186275f53bf04642f2e66020d49abfc497d0405f1eb67410,mbpp,body_first,8,random,0.5,-1.4473803043365479,-0.38488030433654785,False,True
2323,dce9d83ace41dac1186275f53bf04642f2e66020d49abfc497d0405f1eb67410,mbpp,body_first,8,toward,1.0,-1.4586255550384521,-0.38050058484077454,False,True
2323,dce9d83ace41dac1186275f53bf04642f2e66020d49abfc497d0405f1eb67410,mbpp,body_first,8,away,1.0,-1.4695165157318115,-0.3757665455341339,False,True
2323,dce9d83ace41dac1186275f53bf04642f2e66020d49abfc497d0405f1eb67410,mbpp,body_first,8,random,1.0,-1.4588416814804077,-0.3807166516780853,False,True
2323,dce9d83ace41dac1186275f53bf04642f2e66020d49abfc497d0405f1eb67410,mbpp,body_first,10,toward,0.5,-1.4581024646759033,-0.3799774944782257,False,True
2323,dce9d83ace41dac1186275f53bf04642f2e66020d49abfc497d0405f1eb67410,mbpp,body_first,10,away,0.5,-1.4580802917480469,-0.3799552321434021,False,True
2323,dce9d83ace41dac1186275f53bf04642f2e66020d49abfc497d0405f1eb67410,mbpp,body_first,10,random,0.5,-1.447209358215332,-0.38470929861068726,False,True
2323,dce9d83ace41dac1186275f53bf04642f2e66020d49abfc497d0405f1eb67410,mbpp,body_first,10,toward,1.0,-1.4468138217926025,-0.38431382179260254,False,True
2323,dce9d83ace41dac1186275f53bf04642f2e66020d49abfc497d0405f1eb67410,mbpp,body_first,10,away,1.0,-1.4589791297912598,-0.380854070186615,False,True
2323,dce9d83ace41dac1186275f53bf04642f2e66020d49abfc497d0405f1eb67410,mbpp,body_first,10,random,1.0,-1.4467159509658813,-0.38421592116355896,False,True
2323,dce9d83ace41dac1186275f53bf04642f2e66020d49abfc497d0405f1eb67410,mbpp,body_first,12,toward,0.5,-1.447142481803894,-0.38464251160621643,False,True
2323,dce9d83ace41dac1186275f53bf04642f2e66020d49abfc497d0405f1eb67410,mbpp,body_first,12,away,0.5,-1.4461584091186523,-0.3836584687232971,False,True
2323,dce9d83ace41dac1186275f53bf04642f2e66020d49abfc497d0405f1eb67410,mbpp,body_first,12,random,0.5,-1.4578684568405151,-0.3797434866428375,False,True
2323,dce9d83ace41dac1186275f53bf04642f2e66020d49abfc497d0405f1eb67410,mbpp,body_first,12,toward,1.0,-1.4468410015106201,-0.3843410015106201,False,True
2323,dce9d83ace41dac1186275f53bf04642f2e66020d49abfc497d0405f1eb67410,mbpp,body_first,12,away,1.0,-1.4578831195831299,-0.37975814938545227,False,True
2323,dce9d83ace41dac1186275f53bf04642f2e66020d49abfc497d0405f1eb67410,mbpp,body_first,12,random,1.0,-1.4578604698181152,-0.37973541021347046,False,True
2323,dce9d83ace41dac1186275f53bf04642f2e66020d49abfc497d0405f1eb67410,mbpp,body_first,14,toward,0.5,-1.4462504386901855,-0.38375046849250793,False,True
2323,dce9d83ace41dac1186275f53bf04642f2e66020d49abfc497d0405f1eb67410,mbpp,body_first,14,away,0.5,-1.458046317100525,-0.3799213171005249,False,True
2323,dce9d83ace41dac1186275f53bf04642f2e66020d49abfc497d0405f1eb67410,mbpp,body_first,14,random,0.5,-1.446333885192871,-0.3838338255882263,False,True
2323,dce9d83ace41dac1186275f53bf04642f2e66020d49abfc497d0405f1eb67410,mbpp,body_first,14,toward,1.0,-1.4463324546813965,-0.3838324248790741,False,True
2323,dce9d83ace41dac1186275f53bf04642f2e66020d49abfc497d0405f1eb67410,mbpp,body_first,14,away,1.0,-1.4581475257873535,-0.38002249598503113,False,True
2323,dce9d83ace41dac1186275f53bf04642f2e66020d49abfc497d0405f1eb67410,mbpp,body_first,14,random,1.0,-1.4462641477584839,-0.3837641179561615,False,True
2323,dce9d83ace41dac1186275f53bf04642f2e66020d49abfc497d0405f1eb67410,mbpp,body_first,16,toward,0.5,-1.4579085111618042,-0.3797835111618042,False,True
2323,dce9d83ace41dac1186275f53bf04642f2e66020d49abfc497d0405f1eb67410,mbpp,body_first,16,away,0.5,-1.4472628831863403,-0.3847629129886627,False,True
2323,dce9d83ace41dac1186275f53bf04642f2e66020d49abfc497d0405f1eb67410,mbpp,body_first,16,random,0.5,-1.4579218626022339,-0.3797968924045563,False,True
2323,dce9d83ace41dac1186275f53bf04642f2e66020d49abfc497d0405f1eb67410,mbpp,body_first,16,toward,1.0,-1.447394609451294,-0.3848946690559387,False,True
2323,dce9d83ace41dac1186275f53bf04642f2e66020d49abfc497d0405f1eb67410,mbpp,body_first,16,away,1.0,-1.457871675491333,-0.3797467350959778,False,True
2323,dce9d83ace41dac1186275f53bf04642f2e66020d49abfc497d0405f1eb67410,mbpp,body_first,16,random,1.0,-1.4459171295166016,-0.38341718912124634,False,True
2323,dce9d83ace41dac1186275f53bf04642f2e66020d49abfc497d0405f1eb67410,mbpp,body_first,18,toward,0.5,-1.4463263750076294,-0.383826345205307,False,True
2323,dce9d83ace41dac1186275f53bf04642f2e66020d49abfc497d0405f1eb67410,mbpp,body_first,18,away,0.5,-1.4580751657485962,-0.3799501657485962,False,True
2323,dce9d83ace41dac1186275f53bf04642f2e66020d49abfc497d0405f1eb67410,mbpp,body_first,18,random,0.5,-1.44626784324646,-0.3837677836418152,False,True
2323,dce9d83ace41dac1186275f53bf04642f2e66020d49abfc497d0405f1eb67410,mbpp,body_first,18,toward,1.0,-1.4463293552398682,-0.38382941484451294,False,True
2323,dce9d83ace41dac1186275f53bf04642f2e66020d49abfc497d0405f1eb67410,mbpp,body_first,18,away,1.0,-1.458083152770996,-0.3799580931663513,False,True
2323,dce9d83ace41dac1186275f53bf04642f2e66020d49abfc497d0405f1eb67410,mbpp,body_first,18,random,1.0,-1.4460103511810303,-0.38351038098335266,False,True
2323,dce9d83ace41dac1186275f53bf04642f2e66020d49abfc497d0405f1eb67410,mbpp,body_first,20,toward,0.5,-1.4579296112060547,-0.3798045516014099,False,True
2323,dce9d83ace41dac1186275f53bf04642f2e66020d49abfc497d0405f1eb67410,mbpp,body_first,20,away,0.5,-1.4461277723312378,-0.3836277425289154,False,True
2323,dce9d83ace41dac1186275f53bf04642f2e66020d49abfc497d0405f1eb67410,mbpp,body_first,20,random,0.5,-1.4461653232574463,-0.3836653530597687,False,True
2323,dce9d83ace41dac1186275f53bf04642f2e66020d49abfc497d0405f1eb67410,mbpp,body_first,20,toward,1.0,-1.4580830335617065,-0.37995800375938416,False,True
2323,dce9d83ace41dac1186275f53bf04642f2e66020d49abfc497d0405f1eb67410,mbpp,body_first,20,away,1.0,-1.447236180305481,-0.38473621010780334,False,True
2323,dce9d83ace41dac1186275f53bf04642f2e66020d49abfc497d0405f1eb67410,mbpp,body_first,20,random,1.0,-1.4461930990219116,-0.383693128824234,False,True
2323,dce9d83ace41dac1186275f53bf04642f2e66020d49abfc497d0405f1eb67410,mbpp,body_first,22,toward,0.5,-1.4472100734710693,-0.38471001386642456,False,True
2323,dce9d83ace41dac1186275f53bf04642f2e66020d49abfc497d0405f1eb67410,mbpp,body_first,22,away,0.5,-1.4463289976119995,-0.3838290274143219,False,True
2323,dce9d83ace41dac1186275f53bf04642f2e66020d49abfc497d0405f1eb67410,mbpp,body_first,22,random,0.5,-1.446189284324646,-0.3836893141269684,False,True
2323,dce9d83ace41dac1186275f53bf04642f2e66020d49abfc497d0405f1eb67410,mbpp,body_first,22,toward,1.0,-1.4579445123672485,-0.37981948256492615,False,True
2323,dce9d83ace41dac1186275f53bf04642f2e66020d49abfc497d0405f1eb67410,mbpp,body_first,22,away,1.0,-1.4579229354858398,-0.37979793548583984,False,True
2323,dce9d83ace41dac1186275f53bf04642f2e66020d49abfc497d0405f1eb67410,mbpp,body_first,22,random,1.0,-1.4462499618530273,-0.38374999165534973,False,True
2323,dce9d83ace41dac1186275f53bf04642f2e66020d49abfc497d0405f1eb67410,mbpp,body_first,24,toward,0.5,-1.4461411237716675,-0.3836410939693451,False,True
2323,dce9d83ace41dac1186275f53bf04642f2e66020d49abfc497d0405f1eb67410,mbpp,body_first,24,away,0.5,-1.4461874961853027,-0.3836875259876251,False,True
2323,dce9d83ace41dac1186275f53bf04642f2e66020d49abfc497d0405f1eb67410,mbpp,body_first,24,random,0.5,-1.4462023973464966,-0.3837023973464966,False,True
2323,dce9d83ace41dac1186275f53bf04642f2e66020d49abfc497d0405f1eb67410,mbpp,body_first,24,toward,1.0,-1.4580719470977783,-0.3799470067024231,False,True
2323,dce9d83ace41dac1186275f53bf04642f2e66020d49abfc497d0405f1eb67410,mbpp,body_first,24,away,1.0,-1.446258544921875,-0.3837586045265198,False,True
2323,dce9d83ace41dac1186275f53bf04642f2e66020d49abfc497d0405f1eb67410,mbpp,body_first,24,random,1.0,-1.4580771923065186,-0.3799521327018738,False,True
2323,dce9d83ace41dac1186275f53bf04642f2e66020d49abfc497d0405f1eb67410,mbpp,body_first,26,toward,0.5,-1.4461244344711304,-0.38362443447113037,False,True
2323,dce9d83ace41dac1186275f53bf04642f2e66020d49abfc497d0405f1eb67410,mbpp,body_first,26,away,0.5,-1.4462491273880005,-0.3837490975856781,False,True
2323,dce9d83ace41dac1186275f53bf04642f2e66020d49abfc497d0405f1eb67410,mbpp,body_first,26,random,0.5,-1.4459278583526611,-0.3834279179573059,False,True
2323,dce9d83ace41dac1186275f53bf04642f2e66020d49abfc497d0405f1eb67410,mbpp,body_first,26,toward,1.0,-1.4580390453338623,-0.3799140453338623,False,True
2323,dce9d83ace41dac1186275f53bf04642f2e66020d49abfc497d0405f1eb67410,mbpp,body_first,26,away,1.0,-1.4579088687896729,-0.37978383898735046,False,True
2323,dce9d83ace41dac1186275f53bf04642f2e66020d49abfc497d0405f1eb67410,mbpp,body_first,26,random,1.0,-1.4471923112869263,-0.38469231128692627,False,True
2323,dce9d83ace41dac1186275f53bf04642f2e66020d49abfc497d0405f1eb67410,mbpp,body_first,28,toward,0.5,-1.4463422298431396,-0.38384225964546204,False,True
2323,dce9d83ace41dac1186275f53bf04642f2e66020d49abfc497d0405f1eb67410,mbpp,body_first,28,away,0.5,-1.4463186264038086,-0.3838186264038086,False,True
2323,dce9d83ace41dac1186275f53bf04642f2e66020d49abfc497d0405f1eb67410,mbpp,body_first,28,random,0.5,-1.4463279247283936,-0.38382789492607117,False,True
2323,dce9d83ace41dac1186275f53bf04642f2e66020d49abfc497d0405f1eb67410,mbpp,body_first,28,toward,1.0,-1.4462603330612183,-0.3837603032588959,False,True
2323,dce9d83ace41dac1186275f53bf04642f2e66020d49abfc497d0405f1eb67410,mbpp,body_first,28,away,1.0,-1.4461796283721924,-0.3836795687675476,False,True
2323,dce9d83ace41dac1186275f53bf04642f2e66020d49abfc497d0405f1eb67410,mbpp,body_first,28,random,1.0,-1.4463324546813965,-0.38383251428604126,False,True
2323,dce9d83ace41dac1186275f53bf04642f2e66020d49abfc497d0405f1eb67410,mbpp,body_first,30,toward,0.5,-1.4581024646759033,-0.3799774944782257,False,True
2323,dce9d83ace41dac1186275f53bf04642f2e66020d49abfc497d0405f1eb67410,mbpp,body_first,30,away,0.5,-1.4461390972137451,-0.3836391270160675,False,True
2323,dce9d83ace41dac1186275f53bf04642f2e66020d49abfc497d0405f1eb67410,mbpp,body_first,30,random,0.5,-1.446134090423584,-0.383634090423584,False,True
2323,dce9d83ace41dac1186275f53bf04642f2e66020d49abfc497d0405f1eb67410,mbpp,body_first,30,toward,1.0,-1.4580861330032349,-0.3799611032009125,False,True
2323,dce9d83ace41dac1186275f53bf04642f2e66020d49abfc497d0405f1eb67410,mbpp,body_first,30,away,1.0,-1.4581094980239868,-0.3799844980239868,False,True
2323,dce9d83ace41dac1186275f53bf04642f2e66020d49abfc497d0405f1eb67410,mbpp,body_first,30,random,1.0,-1.45809805393219,-0.37997308373451233,False,True
2323,dce9d83ace41dac1186275f53bf04642f2e66020d49abfc497d0405f1eb67410,mbpp,body_first,31,toward,0.5,-1.4581010341644287,-0.3799760043621063,False,True
2323,dce9d83ace41dac1186275f53bf04642f2e66020d49abfc497d0405f1eb67410,mbpp,body_first,31,away,0.5,-1.4581010341644287,-0.3799760043621063,False,True
2323,dce9d83ace41dac1186275f53bf04642f2e66020d49abfc497d0405f1eb67410,mbpp,body_first,31,random,0.5,-1.4581010341644287,-0.3799760043621063,False,True
2323,dce9d83ace41dac1186275f53bf04642f2e66020d49abfc497d0405f1eb67410,mbpp,body_first,31,toward,1.0,-1.4581010341644287,-0.3799760043621063,False,True
2323,dce9d83ace41dac1186275f53bf04642f2e66020d49abfc497d0405f1eb67410,mbpp,body_first,31,away,1.0,-1.4581010341644287,-0.3799760043621063,False,True
2323,dce9d83ace41dac1186275f53bf04642f2e66020d49abfc497d0405f1eb67410,mbpp,body_first,31,random,1.0,-1.4581010341644287,-0.3799760043621063,False,True
2323,dce9d83ace41dac1186275f53bf04642f2e66020d49abfc497d0405f1eb67410,mbpp,answer,0,toward,0.5,-1.449562907218933,-0.3870628774166107,False,True
2323,dce9d83ace41dac1186275f53bf04642f2e66020d49abfc497d0405f1eb67410,mbpp,answer,0,away,0.5,-1.4531402587890625,-0.3750151991844177,False,True
2323,dce9d83ace41dac1186275f53bf04642f2e66020d49abfc497d0405f1eb67410,mbpp,answer,0,random,0.5,-1.4913296699523926,-0.36632969975471497,False,True
2323,dce9d83ace41dac1186275f53bf04642f2e66020d49abfc497d0405f1eb67410,mbpp,answer,0,toward,1.0,-1.4915679693222046,-0.397817999124527,False,True
2323,dce9d83ace41dac1186275f53bf04642f2e66020d49abfc497d0405f1eb67410,mbpp,answer,0,away,1.0,-1.4352500438690186,-0.37275004386901855,False,True
2323,dce9d83ace41dac1186275f53bf04642f2e66020d49abfc497d0405f1eb67410,mbpp,answer,0,random,1.0,-1.5130670070648193,-0.35681697726249695,False,True
2323,dce9d83ace41dac1186275f53bf04642f2e66020d49abfc497d0405f1eb67410,mbpp,answer,2,toward,0.5,-1.4424645900726318,-0.39558953046798706,False,True
2323,dce9d83ace41dac1186275f53bf04642f2e66020d49abfc497d0405f1eb67410,mbpp,answer,2,away,0.5,-1.5385372638702393,-0.35103723406791687,False,True
2323,dce9d83ace41dac1186275f53bf04642f2e66020d49abfc497d0405f1eb67410,mbpp,answer,2,random,0.5,-1.4260802268981934,-0.39483019709587097,False,True
2323,dce9d83ace41dac1186275f53bf04642f2e66020d49abfc497d0405f1eb67410,mbpp,answer,2,toward,1.0,-1.405382513999939,-0.42100754380226135,False,True
2323,dce9d83ace41dac1186275f53bf04642f2e66020d49abfc497d0405f1eb67410,mbpp,answer,2,away,1.0,-1.5428507328033447,-0.3553507924079895,False,True
2323,dce9d83ace41dac1186275f53bf04642f2e66020d49abfc497d0405f1eb67410,mbpp,answer,2,random,1.0,-1.4094804525375366,-0.40948042273521423,False,True
2323,dce9d83ace41dac1186275f53bf04642f2e66020d49abfc497d0405f1eb67410,mbpp,answer,4,toward,0.5,-1.454232096672058,-0.3917320966720581,False,True
2323,dce9d83ace41dac1186275f53bf04642f2e66020d49abfc497d0405f1eb67410,mbpp,answer,4,away,0.5,-1.4045512676239014,-0.38892629742622375,False,True
2323,dce9d83ace41dac1186275f53bf04642f2e66020d49abfc497d0405f1eb67410,mbpp,answer,4,random,0.5,-1.3720991611480713,-0.4189741313457489,False,True
2323,dce9d83ace41dac1186275f53bf04642f2e66020d49abfc497d0405f1eb67410,mbpp,answer,4,toward,1.0,-1.5211279392242432,-0.38050299882888794,False,True
2323,dce9d83ace41dac1186275f53bf04642f2e66020d49abfc497d0405f1eb67410,mbpp,answer,4,away,1.0,-1.347991943359375,-0.4104919731616974,False,True
2323,dce9d83ace41dac1186275f53bf04642f2e66020d49abfc497d0405f1eb67410,mbpp,answer,4,random,1.0,-1.2740429639816284,-0.4771679639816284,False,True
2323,dce9d83ace41dac1186275f53bf04642f2e66020d49abfc497d0405f1eb67410,mbpp,answer,6,toward,0.5,-1.4649770259857178,-0.3868519961833954,False,True
2323,dce9d83ace41dac1186275f53bf04642f2e66020d49abfc497d0405f1eb67410,mbpp,answer,6,away,0.5,-1.4520344734191895,-0.37390950322151184,False,True
2323,dce9d83ace41dac1186275f53bf04642f2e66020d49abfc497d0405f1eb67410,mbpp,answer,6,random,0.5,-1.4471096992492676,-0.3846096396446228,False,True
2323,dce9d83ace41dac1186275f53bf04642f2e66020d49abfc497d0405f1eb67410,mbpp,answer,6,toward,1.0,-1.4802966117858887,-0.4021715819835663,False,True
2323,dce9d83ace41dac1186275f53bf04642f2e66020d49abfc497d0405f1eb67410,mbpp,answer,6,away,1.0,-1.321394443511963,-0.4151444137096405,False,True
2323,dce9d83ace41dac1186275f53bf04642f2e66020d49abfc497d0405f1eb67410,mbpp,answer,6,random,1.0,-1.2871648073196411,-0.4434148073196411,False,True
2323,dce9d83ace41dac1186275f53bf04642f2e66020d49abfc497d0405f1eb67410,mbpp,answer,8,toward,0.5,-1.3389456272125244,-0.41707056760787964,False,True
2323,dce9d83ace41dac1186275f53bf04642f2e66020d49abfc497d0405f1eb67410,mbpp,answer,8,away,0.5,-1.4431241750717163,-0.3962491452693939,False,True
2323,dce9d83ace41dac1186275f53bf04642f2e66020d49abfc497d0405f1eb67410,mbpp,answer,8,random,0.5,-1.5082746744155884,-0.3676496744155884,False,True
2323,dce9d83ace41dac1186275f53bf04642f2e66020d49abfc497d0405f1eb67410,mbpp,answer,8,toward,1.0,-1.2447843551635742,-0.44790932536125183,False,True
2323,dce9d83ace41dac1186275f53bf04642f2e66020d49abfc497d0405f1eb67410,mbpp,answer,8,away,1.0,-1.3623065948486328,-0.4716815948486328,False,True
2323,dce9d83ace41dac1186275f53bf04642f2e66020d49abfc497d0405f1eb67410,mbpp,answer,8,random,1.0,-1.4559383392333984,-0.39343827962875366,False,True
2323,dce9d83ace41dac1186275f53bf04642f2e66020d49abfc497d0405f1eb67410,mbpp,answer,10,toward,0.5,-1.5013835430145264,-0.37638354301452637,False,True
2323,dce9d83ace41dac1186275f53bf04642f2e66020d49abfc497d0405f1eb67410,mbpp,answer,10,away,0.5,-1.304358720779419,-0.4449837803840637,False,True
2323,dce9d83ace41dac1186275f53bf04642f2e66020d49abfc497d0405f1eb67410,mbpp,answer,10,random,0.5,-1.4404884576797485,-0.39361345767974854,False,True
2323,dce9d83ace41dac1186275f53bf04642f2e66020d49abfc497d0405f1eb67410,mbpp,answer,10,toward,1.0,-1.3863424062728882,-0.43321743607521057,False,True
2323,dce9d83ace41dac1186275f53bf04642f2e66020d49abfc497d0405f1eb67410,mbpp,answer,10,away,1.0,-1.2406094074249268,-0.5531094074249268,False,True
2323,dce9d83ace41dac1186275f53bf04642f2e66020d49abfc497d0405f1eb67410,mbpp,answer,10,random,1.0,-1.3411654233932495,-0.4661654233932495,False,True
2323,dce9d83ace41dac1186275f53bf04642f2e66020d49abfc497d0405f1eb67410,mbpp,answer,12,toward,0.5,-1.536190390586853,-0.348690390586853,False,True
2323,dce9d83ace41dac1186275f53bf04642f2e66020d49abfc497d0405f1eb67410,mbpp,answer,12,away,0.5,-1.2466671466827393,-0.49666714668273926,False,True
2323,dce9d83ace41dac1186275f53bf04642f2e66020d49abfc497d0405f1eb67410,mbpp,answer,12,random,0.5,-1.3270317316055298,-0.4364067614078522,False,True
2323,dce9d83ace41dac1186275f53bf04642f2e66020d49abfc497d0405f1eb67410,mbpp,answer,12,toward,1.0,-1.5453931093215942,-0.34226810932159424,False,True
2323,dce9d83ace41dac1186275f53bf04642f2e66020d49abfc497d0405f1eb67410,mbpp,answer,12,away,1.0,-1.3159904479980469,-0.5816155076026917,False,True
2323,dce9d83ace41dac1186275f53bf04642f2e66020d49abfc497d0405f1eb67410,mbpp,answer,12,random,1.0,-1.3682780265808105,-0.43077805638313293,False,True
2323,dce9d83ace41dac1186275f53bf04642f2e66020d49abfc497d0405f1eb67410,mbpp,answer,14,toward,0.5,-1.4333992004394531,-0.35527417063713074,False,True
2323,dce9d83ace41dac1186275f53bf04642f2e66020d49abfc497d0405f1eb67410,mbpp,answer,14,away,0.5,-1.3027215003967285,-0.4902215600013733,False,True
2323,dce9d83ace41dac1186275f53bf04642f2e66020d49abfc497d0405f1eb67410,mbpp,answer,14,random,0.5,-1.3573765754699707,-0.4042515456676483,False,True
2323,dce9d83ace41dac1186275f53bf04642f2e66020d49abfc497d0405f1eb67410,mbpp,answer,14,toward,1.0,-1.572588324546814,-0.3069632947444916,False,True
2323,dce9d83ace41dac1186275f53bf04642f2e66020d49abfc497d0405f1eb67410,mbpp,answer,14,away,1.0,-1.1258690357208252,-0.71961909532547,False,True
2323,dce9d83ace41dac1186275f53bf04642f2e66020d49abfc497d0405f1eb67410,mbpp,answer,14,random,1.0,-1.3861011266708374,-0.4017261564731598,False,True
2323,dce9d83ace41dac1186275f53bf04642f2e66020d49abfc497d0405f1eb67410,mbpp,answer,16,toward,0.5,-1.8062409162521362,-0.2593659460544586,False,True
2323,dce9d83ace41dac1186275f53bf04642f2e66020d49abfc497d0405f1eb67410,mbpp,answer,16,away,0.5,-1.0096864700317383,-0.6503114104270935,False,True
2323,dce9d83ace41dac1186275f53bf04642f2e66020d49abfc497d0405f1eb67410,mbpp,answer,16,random,0.5,-1.403302550315857,-0.3876775801181793,False,True
2323,dce9d83ace41dac1186275f53bf04642f2e66020d49abfc497d0405f1eb67410,mbpp,answer,16,toward,1.0,-2.585042715072632,-0.13191764056682587,False,True
2323,dce9d83ace41dac1186275f53bf04642f2e66020d49abfc497d0405f1eb67410,mbpp,answer,16,away,1.0,-0.6985247731208801,-1.0735247135162354,True,False
2323,dce9d83ace41dac1186275f53bf04642f2e66020d49abfc497d0405f1eb67410,mbpp,answer,16,random,1.0,-1.2066775560379028,-0.47230255603790283,False,True
2323,dce9d83ace41dac1186275f53bf04642f2e66020d49abfc497d0405f1eb67410,mbpp,answer,18,toward,0.5,-1.931869387626648,-0.22874440252780914,False,True
2323,dce9d83ace41dac1186275f53bf04642f2e66020d49abfc497d0405f1eb67410,mbpp,answer,18,away,0.5,-1.1966338157653809,-0.5560088157653809,False,True
2323,dce9d83ace41dac1186275f53bf04642f2e66020d49abfc497d0405f1eb67410,mbpp,answer,18,random,0.5,-1.388063907623291,-0.41931387782096863,False,True
2323,dce9d83ace41dac1186275f53bf04642f2e66020d49abfc497d0405f1eb67410,mbpp,answer,18,toward,1.0,-2.579401969909668,-0.14190198481082916,False,True
2323,dce9d83ace41dac1186275f53bf04642f2e66020d49abfc497d0405f1eb67410,mbpp,answer,18,away,1.0,-1.0580780506134033,-0.6987031102180481,False,True
2323,dce9d83ace41dac1186275f53bf04642f2e66020d49abfc497d0405f1eb67410,mbpp,answer,18,random,1.0,-1.2658488750457764,-0.5002239346504211,False,True
2323,dce9d83ace41dac1186275f53bf04642f2e66020d49abfc497d0405f1eb67410,mbpp,answer,20,toward,0.5,-1.7675336599349976,-0.26753368973731995,False,True
2323,dce9d83ace41dac1186275f53bf04642f2e66020d49abfc497d0405f1eb67410,mbpp,answer,20,away,0.5,-1.1673147678375244,-0.5735647678375244,False,True
2323,dce9d83ace41dac1186275f53bf04642f2e66020d49abfc497d0405f1eb67410,mbpp,answer,20,random,0.5,-1.441368579864502,-0.37886863946914673,False,True
2323,dce9d83ace41dac1186275f53bf04642f2e66020d49abfc497d0405f1eb67410,mbpp,answer,20,toward,1.0,-2.1094040870666504,-0.20315416157245636,False,True
2323,dce9d83ace41dac1186275f53bf04642f2e66020d49abfc497d0405f1eb67410,mbpp,answer,20,away,1.0,-1.0052497386932373,-0.7083747982978821,False,True
2323,dce9d83ace41dac1186275f53bf04642f2e66020d49abfc497d0405f1eb67410,mbpp,answer,20,random,1.0,-1.4991358518600464,-0.3585108518600464,False,True
2323,dce9d83ace41dac1186275f53bf04642f2e66020d49abfc497d0405f1eb67410,mbpp,answer,22,toward,0.5,-1.6152050495147705,-0.3027050197124481,False,True
2323,dce9d83ace41dac1186275f53bf04642f2e66020d49abfc497d0405f1eb67410,mbpp,answer,22,away,0.5,-1.174659252166748,-0.5340343117713928,False,True
2323,dce9d83ace41dac1186275f53bf04642f2e66020d49abfc497d0405f1eb67410,mbpp,answer,22,random,0.5,-1.1912858486175537,-0.48816078901290894,False,True
2323,dce9d83ace41dac1186275f53bf04642f2e66020d49abfc497d0405f1eb67410,mbpp,answer,22,toward,1.0,-1.860855221748352,-0.23585519194602966,False,True
2323,dce9d83ace41dac1186275f53bf04642f2e66020d49abfc497d0405f1eb67410,mbpp,answer,22,away,1.0,-1.006481647491455,-0.6471067070960999,False,True
2323,dce9d83ace41dac1186275f53bf04642f2e66020d49abfc497d0405f1eb67410,mbpp,answer,22,random,1.0,-0.9120895862579346,-0.6464645862579346,False,True
2323,dce9d83ace41dac1186275f53bf04642f2e66020d49abfc497d0405f1eb67410,mbpp,answer,24,toward,0.5,-1.8565828800201416,-0.2628328800201416,False,True
2323,dce9d83ace41dac1186275f53bf04642f2e66020d49abfc497d0405f1eb67410,mbpp,answer,24,away,0.5,-1.1671104431152344,-0.5108604431152344,False,True
2323,dce9d83ace41dac1186275f53bf04642f2e66020d49abfc497d0405f1eb67410,mbpp,answer,24,random,0.5,-1.8149292469024658,-0.25242918729782104,False,True
2323,dce9d83ace41dac1186275f53bf04642f2e66020d49abfc497d0405f1eb67410,mbpp,answer,24,toward,1.0,-2.236963987350464,-0.23696400225162506,False,True
2323,dce9d83ace41dac1186275f53bf04642f2e66020d49abfc497d0405f1eb67410,mbpp,answer,24,away,1.0,-1.0660737752914429,-0.5816987752914429,False,True
2323,dce9d83ace41dac1186275f53bf04642f2e66020d49abfc497d0405f1eb67410,mbpp,answer,24,random,1.0,-2.216127395629883,-0.1692523956298828,False,True
2323,dce9d83ace41dac1186275f53bf04642f2e66020d49abfc497d0405f1eb67410,mbpp,answer,26,toward,0.5,-1.9930033683776855,-0.24300338327884674,False,True
2323,dce9d83ace41dac1186275f53bf04642f2e66020d49abfc497d0405f1eb67410,mbpp,answer,26,away,0.5,-1.0878156423568726,-0.5565656423568726,False,True
2323,dce9d83ace41dac1186275f53bf04642f2e66020d49abfc497d0405f1eb67410,mbpp,answer,26,random,0.5,-1.2630727291107178,-0.45057278871536255,False,True
2323,dce9d83ace41dac1186275f53bf04642f2e66020d49abfc497d0405f1eb67410,mbpp,answer,26,toward,1.0,-2.6505565643310547,-0.18180647492408752,False,True
2323,dce9d83ace41dac1186275f53bf04642f2e66020d49abfc497d0405f1eb67410,mbpp,answer,26,away,1.0,-0.9459748864173889,-0.6803498864173889,False,True
2323,dce9d83ace41dac1186275f53bf04642f2e66020d49abfc497d0405f1eb67410,mbpp,answer,26,random,1.0,-1.0942565202713013,-0.5317565202713013,False,True
2323,dce9d83ace41dac1186275f53bf04642f2e66020d49abfc497d0405f1eb67410,mbpp,answer,28,toward,0.5,-2.1041574478149414,-0.21353234350681305,False,True
2323,dce9d83ace41dac1186275f53bf04642f2e66020d49abfc497d0405f1eb67410,mbpp,answer,28,away,0.5,-1.0755752325057983,-0.5599502325057983,False,True
2323,dce9d83ace41dac1186275f53bf04642f2e66020d49abfc497d0405f1eb67410,mbpp,answer,28,random,0.5,-1.1934850215911865,-0.5059850215911865,False,True
2323,dce9d83ace41dac1186275f53bf04642f2e66020d49abfc497d0405f1eb67410,mbpp,answer,28,toward,1.0,-3.0476653575897217,-0.11016528308391571,False,True
2323,dce9d83ace41dac1186275f53bf04642f2e66020d49abfc497d0405f1eb67410,mbpp,answer,28,away,1.0,-0.9458573460578918,-0.6802323460578918,False,True
2323,dce9d83ace41dac1186275f53bf04642f2e66020d49abfc497d0405f1eb67410,mbpp,answer,28,random,1.0,-0.9780749082565308,-0.6343249082565308,False,True
2323,dce9d83ace41dac1186275f53bf04642f2e66020d49abfc497d0405f1eb67410,mbpp,answer,30,toward,0.5,-2.350654363632202,-0.19440437853336334,False,True
2323,dce9d83ace41dac1186275f53bf04642f2e66020d49abfc497d0405f1eb67410,mbpp,answer,30,away,0.5,-1.1194164752960205,-0.5256664156913757,False,True
2323,dce9d83ace41dac1186275f53bf04642f2e66020d49abfc497d0405f1eb67410,mbpp,answer,30,random,0.5,-1.6072702407836914,-0.4197702407836914,False,True
2323,dce9d83ace41dac1186275f53bf04642f2e66020d49abfc497d0405f1eb67410,mbpp,answer,30,toward,1.0,-3.3645942211151123,-0.19271932542324066,False,True
2323,dce9d83ace41dac1186275f53bf04642f2e66020d49abfc497d0405f1eb67410,mbpp,answer,30,away,1.0,-1.1042486429214478,-0.6042486429214478,False,True
2323,dce9d83ace41dac1186275f53bf04642f2e66020d49abfc497d0405f1eb67410,mbpp,answer,30,random,1.0,-2.106757402420044,-0.544257402420044,False,True
2323,dce9d83ace41dac1186275f53bf04642f2e66020d49abfc497d0405f1eb67410,mbpp,answer,31,toward,0.5,-3.971146821975708,-1.7523969411849976,False,False
2323,dce9d83ace41dac1186275f53bf04642f2e66020d49abfc497d0405f1eb67410,mbpp,answer,31,away,0.5,-0.9294342398643494,-0.8044342398643494,False,True
2323,dce9d83ace41dac1186275f53bf04642f2e66020d49abfc497d0405f1eb67410,mbpp,answer,31,random,0.5,-2.536810874938965,-0.19306090474128723,False,True
2323,dce9d83ace41dac1186275f53bf04642f2e66020d49abfc497d0405f1eb67410,mbpp,answer,31,toward,1.0,-8.556639671325684,-5.791015148162842,False,False
2323,dce9d83ace41dac1186275f53bf04642f2e66020d49abfc497d0405f1eb67410,mbpp,answer,31,away,1.0,-1.4996272325515747,-1.9527522325515747,False,False
2323,dce9d83ace41dac1186275f53bf04642f2e66020d49abfc497d0405f1eb67410,mbpp,answer,31,random,1.0,-3.21970272064209,-0.28220266103744507,False,True
2358,1b88f3b507d9300e45eb8a9f4954b1cb3c73b543ed091649c288fdd3aa8dc977,mbpp,baseline,-1,none,0.0,-0.9712104797363281,-0.5180854797363281,False,True
2358,1b88f3b507d9300e45eb8a9f4954b1cb3c73b543ed091649c288fdd3aa8dc977,mbpp,if,0,toward,0.5,-1.0758044719696045,-0.4508044123649597,False,True
2358,1b88f3b507d9300e45eb8a9f4954b1cb3c73b543ed091649c288fdd3aa8dc977,mbpp,if,0,away,0.5,-1.019892930984497,-0.48864299058914185,False,True
2358,1b88f3b507d9300e45eb8a9f4954b1cb3c73b543ed091649c288fdd3aa8dc977,mbpp,if,0,random,0.5,-0.9789190292358398,-0.5101690292358398,False,True
2358,1b88f3b507d9300e45eb8a9f4954b1cb3c73b543ed091649c288fdd3aa8dc977,mbpp,if,0,toward,1.0,-0.9646540880203247,-0.5427790880203247,False,True
2358,1b88f3b507d9300e45eb8a9f4954b1cb3c73b543ed091649c288fdd3aa8dc977,mbpp,if,0,away,1.0,-0.9234660863876343,-0.5953410863876343,False,False
2358,1b88f3b507d9300e45eb8a9f4954b1cb3c73b543ed091649c288fdd3aa8dc977,mbpp,if,0,random,1.0,-0.8348127603530884,-0.6785627603530884,False,False
2358,1b88f3b507d9300e45eb8a9f4954b1cb3c73b543ed091649c288fdd3aa8dc977,mbpp,if,2,toward,0.5,-0.9809840321540833,-0.5122340321540833,False,True
2358,1b88f3b507d9300e45eb8a9f4954b1cb3c73b543ed091649c288fdd3aa8dc977,mbpp,if,2,away,0.5,-0.8075120449066162,-0.6356370449066162,False,True
2358,1b88f3b507d9300e45eb8a9f4954b1cb3c73b543ed091649c288fdd3aa8dc977,mbpp,if,2,random,0.5,-0.9426524639129639,-0.5364024639129639,False,True
2358,1b88f3b507d9300e45eb8a9f4954b1cb3c73b543ed091649c288fdd3aa8dc977,mbpp,if,2,toward,1.0,-1.0411076545715332,-0.4942325949668884,False,False
2358,1b88f3b507d9300e45eb8a9f4954b1cb3c73b543ed091649c288fdd3aa8dc977,mbpp,if,2,away,1.0,-1.0452805757522583,-0.4984055459499359,False,False
2358,1b88f3b507d9300e45eb8a9f4954b1cb3c73b543ed091649c288fdd3aa8dc977,mbpp,if,2,random,1.0,-0.9309508800506592,-0.5403258800506592,False,True
2358,1b88f3b507d9300e45eb8a9f4954b1cb3c73b543ed091649c288fdd3aa8dc977,mbpp,if,4,toward,0.5,-0.8872377276420593,-0.5747377276420593,False,True
2358,1b88f3b507d9300e45eb8a9f4954b1cb3c73b543ed091649c288fdd3aa8dc977,mbpp,if,4,away,0.5,-1.1748296022415161,-0.4248295724391937,False,True
2358,1b88f3b507d9300e45eb8a9f4954b1cb3c73b543ed091649c288fdd3aa8dc977,mbpp,if,4,random,0.5,-0.9506644010543823,-0.5287894010543823,False,True
2358,1b88f3b507d9300e45eb8a9f4954b1cb3c73b543ed091649c288fdd3aa8dc977,mbpp,if,4,toward,1.0,-0.8610091805458069,-0.5953841805458069,False,False
2358,1b88f3b507d9300e45eb8a9f4954b1cb3c73b543ed091649c288fdd3aa8dc977,mbpp,if,4,away,1.0,-1.3288342952728271,-0.37570929527282715,False,False
2358,1b88f3b507d9300e45eb8a9f4954b1cb3c73b543ed091649c288fdd3aa8dc977,mbpp,if,4,random,1.0,-0.7818272709846497,-0.6568272709846497,False,False
2358,1b88f3b507d9300e45eb8a9f4954b1cb3c73b543ed091649c288fdd3aa8dc977,mbpp,if,6,toward,0.5,-0.6365625858306885,-0.8084375858306885,True,False
2358,1b88f3b507d9300e45eb8a9f4954b1cb3c73b543ed091649c288fdd3aa8dc977,mbpp,if,6,away,0.5,-1.2502682209014893,-0.37526825070381165,False,True
2358,1b88f3b507d9300e45eb8a9f4954b1cb3c73b543ed091649c288fdd3aa8dc977,mbpp,if,6,random,0.5,-0.7683430910110474,-0.6745930910110474,False,True
2358,1b88f3b507d9300e45eb8a9f4954b1cb3c73b543ed091649c288fdd3aa8dc977,mbpp,if,6,toward,1.0,-0.60615074634552,-0.85615074634552,True,False
2358,1b88f3b507d9300e45eb8a9f4954b1cb3c73b543ed091649c288fdd3aa8dc977,mbpp,if,6,away,1.0,-1.2149864435195923,-0.4024864733219147,False,False
2358,1b88f3b507d9300e45eb8a9f4954b1cb3c73b543ed091649c288fdd3aa8dc977,mbpp,if,6,random,1.0,-0.9091907143592834,-0.5810657143592834,False,True
2358,1b88f3b507d9300e45eb8a9f4954b1cb3c73b543ed091649c288fdd3aa8dc977,mbpp,if,8,toward,0.5,-0.8419790863990784,-0.6076040863990784,False,True
2358,1b88f3b507d9300e45eb8a9f4954b1cb3c73b543ed091649c288fdd3aa8dc977,mbpp,if,8,away,0.5,-1.3404810428619385,-0.34048110246658325,False,True
2358,1b88f3b507d9300e45eb8a9f4954b1cb3c73b543ed091649c288fdd3aa8dc977,mbpp,if,8,random,0.5,-0.9794434905052185,-0.5106934905052185,False,True
2358,1b88f3b507d9300e45eb8a9f4954b1cb3c73b543ed091649c288fdd3aa8dc977,mbpp,if,8,toward,1.0,-0.7216610908508301,-0.7216610908508301,False,True
2358,1b88f3b507d9300e45eb8a9f4954b1cb3c73b543ed091649c288fdd3aa8dc977,mbpp,if,8,away,1.0,-1.6040406227111816,-0.26029059290885925,False,True
2358,1b88f3b507d9300e45eb8a9f4954b1cb3c73b543ed091649c288fdd3aa8dc977,mbpp,if,8,random,1.0,-1.0572068691253662,-0.46345680952072144,False,True
2358,1b88f3b507d9300e45eb8a9f4954b1cb3c73b543ed091649c288fdd3aa8dc977,mbpp,if,10,toward,0.5,-0.8125927448272705,-0.6407177448272705,False,True
2358,1b88f3b507d9300e45eb8a9f4954b1cb3c73b543ed091649c288fdd3aa8dc977,mbpp,if,10,away,0.5,-1.147752285003662,-0.4133772850036621,False,True
2358,1b88f3b507d9300e45eb8a9f4954b1cb3c73b543ed091649c288fdd3aa8dc977,mbpp,if,10,random,0.5,-0.9519404768943787,-0.5300654768943787,False,True
2358,1b88f3b507d9300e45eb8a9f4954b1cb3c73b543ed091649c288fdd3aa8dc977,mbpp,if,10,toward,1.0,-0.8387846350669861,-0.6200346350669861,False,True
2358,1b88f3b507d9300e45eb8a9f4954b1cb3c73b543ed091649c288fdd3aa8dc977,mbpp,if,10,away,1.0,-1.2410173416137695,-0.36601734161376953,False,True
2358,1b88f3b507d9300e45eb8a9f4954b1cb3c73b543ed091649c288fdd3aa8dc977,mbpp,if,10,random,1.0,-0.9684288501739502,-0.5153038501739502,False,True
2358,1b88f3b507d9300e45eb8a9f4954b1cb3c73b543ed091649c288fdd3aa8dc977,mbpp,if,12,toward,0.5,-0.7452141642570496,-0.6983391642570496,False,True
2358,1b88f3b507d9300e45eb8a9f4954b1cb3c73b543ed091649c288fdd3aa8dc977,mbpp,if,12,away,0.5,-1.2140898704528809,-0.38596487045288086,False,True
2358,1b88f3b507d9300e45eb8a9f4954b1cb3c73b543ed091649c288fdd3aa8dc977,mbpp,if,12,random,0.5,-1.0093635320663452,-0.4937385320663452,False,True
2358,1b88f3b507d9300e45eb8a9f4954b1cb3c73b543ed091649c288fdd3aa8dc977,mbpp,if,12,toward,1.0,-0.8202653527259827,-0.6327653527259827,False,True
2358,1b88f3b507d9300e45eb8a9f4954b1cb3c73b543ed091649c288fdd3aa8dc977,mbpp,if,12,away,1.0,-1.2114124298095703,-0.3832874298095703,False,True
2358,1b88f3b507d9300e45eb8a9f4954b1cb3c73b543ed091649c288fdd3aa8dc977,mbpp,if,12,random,1.0,-0.9996658563613892,-0.49966585636138916,False,True
2358,1b88f3b507d9300e45eb8a9f4954b1cb3c73b543ed091649c288fdd3aa8dc977,mbpp,if,14,toward,0.5,-0.8964540362358093,-0.5683290362358093,False,True
2358,1b88f3b507d9300e45eb8a9f4954b1cb3c73b543ed091649c288fdd3aa8dc977,mbpp,if,14,away,0.5,-0.9898480772972107,-0.5054730772972107,False,True
2358,1b88f3b507d9300e45eb8a9f4954b1cb3c73b543ed091649c288fdd3aa8dc977,mbpp,if,14,random,0.5,-0.9608636498451233,-0.5233636498451233,False,True
2358,1b88f3b507d9300e45eb8a9f4954b1cb3c73b543ed091649c288fdd3aa8dc977,mbpp,if,14,toward,1.0,-0.8625038862228394,-0.5968788862228394,False,True
2358,1b88f3b507d9300e45eb8a9f4954b1cb3c73b543ed091649c288fdd3aa8dc977,mbpp,if,14,away,1.0,-0.8774787187576294,-0.5806037187576294,False,True
2358,1b88f3b507d9300e45eb8a9f4954b1cb3c73b543ed091649c288fdd3aa8dc977,mbpp,if,14,random,1.0,-0.9429624080657959,-0.5367124080657959,False,True
2358,1b88f3b507d9300e45eb8a9f4954b1cb3c73b543ed091649c288fdd3aa8dc977,mbpp,if,16,toward,0.5,-0.9615439176559448,-0.5240439176559448,False,True
2358,1b88f3b507d9300e45eb8a9f4954b1cb3c73b543ed091649c288fdd3aa8dc977,mbpp,if,16,away,0.5,-0.9720327854156494,-0.5189077854156494,False,True
2358,1b88f3b507d9300e45eb8a9f4954b1cb3c73b543ed091649c288fdd3aa8dc977,mbpp,if,16,random,0.5,-0.9716663360595703,-0.5185413360595703,False,True
2358,1b88f3b507d9300e45eb8a9f4954b1cb3c73b543ed091649c288fdd3aa8dc977,mbpp,if,16,toward,1.0,-0.9526275396347046,-0.5307525396347046,False,True
2358,1b88f3b507d9300e45eb8a9f4954b1cb3c73b543ed091649c288fdd3aa8dc977,mbpp,if,16,away,1.0,-0.9728193879127502,-0.5196943879127502,False,True
2358,1b88f3b507d9300e45eb8a9f4954b1cb3c73b543ed091649c288fdd3aa8dc977,mbpp,if,16,random,1.0,-0.9642942547798157,-0.5267942547798157,False,True
2358,1b88f3b507d9300e45eb8a9f4954b1cb3c73b543ed091649c288fdd3aa8dc977,mbpp,if,18,toward,0.5,-1.0101330280303955,-0.4945080280303955,False,True
2358,1b88f3b507d9300e45eb8a9f4954b1cb3c73b543ed091649c288fdd3aa8dc977,mbpp,if,18,away,0.5,-0.9233829379081726,-0.5483829379081726,False,True
2358,1b88f3b507d9300e45eb8a9f4954b1cb3c73b543ed091649c288fdd3aa8dc977,mbpp,if,18,random,0.5,-0.9721939563751221,-0.5190689563751221,False,True
2358,1b88f3b507d9300e45eb8a9f4954b1cb3c73b543ed091649c288fdd3aa8dc977,mbpp,if,18,toward,1.0,-1.0214362144470215,-0.49018627405166626,False,True
2358,1b88f3b507d9300e45eb8a9f4954b1cb3c73b543ed091649c288fdd3aa8dc977,mbpp,if,18,away,1.0,-0.86027592420578,-0.59465092420578,False,True
2358,1b88f3b507d9300e45eb8a9f4954b1cb3c73b543ed091649c288fdd3aa8dc977,mbpp,if,18,random,1.0,-0.9546564221382141,-0.5327814221382141,False,True
2358,1b88f3b507d9300e45eb8a9f4954b1cb3c73b543ed091649c288fdd3aa8dc977,mbpp,if,20,toward,0.5,-0.9721959829330444,-0.5190709829330444,False,True
2358,1b88f3b507d9300e45eb8a9f4954b1cb3c73b543ed091649c288fdd3aa8dc977,mbpp,if,20,away,0.5,-0.9513940215110779,-0.5295190215110779,False,True
2358,1b88f3b507d9300e45eb8a9f4954b1cb3c73b543ed091649c288fdd3aa8dc977,mbpp,if,20,random,0.5,-0.9708592295646667,-0.5177342295646667,False,True
2358,1b88f3b507d9300e45eb8a9f4954b1cb3c73b543ed091649c288fdd3aa8dc977,mbpp,if,20,toward,1.0,-0.9551663398742676,-0.5332913398742676,False,True
2358,1b88f3b507d9300e45eb8a9f4954b1cb3c73b543ed091649c288fdd3aa8dc977,mbpp,if,20,away,1.0,-0.9329390525817871,-0.5423140525817871,False,True
2358,1b88f3b507d9300e45eb8a9f4954b1cb3c73b543ed091649c288fdd3aa8dc977,mbpp,if,20,random,1.0,-0.9816367626190186,-0.5128867626190186,False,True
2358,1b88f3b507d9300e45eb8a9f4954b1cb3c73b543ed091649c288fdd3aa8dc977,mbpp,if,22,toward,0.5,-0.9723833799362183,-0.5192583799362183,False,True
2358,1b88f3b507d9300e45eb8a9f4954b1cb3c73b543ed091649c288fdd3aa8dc977,mbpp,if,22,away,0.5,-0.9519854784011841,-0.5301104784011841,False,True
2358,1b88f3b507d9300e45eb8a9f4954b1cb3c73b543ed091649c288fdd3aa8dc977,mbpp,if,22,random,0.5,-0.9417789578437805,-0.5355289578437805,False,True
2358,1b88f3b507d9300e45eb8a9f4954b1cb3c73b543ed091649c288fdd3aa8dc977,mbpp,if,22,toward,1.0,-0.9637948274612427,-0.5262948274612427,False,True
2358,1b88f3b507d9300e45eb8a9f4954b1cb3c73b543ed091649c288fdd3aa8dc977,mbpp,if,22,away,1.0,-0.9352174997329712,-0.5445924997329712,False,True
2358,1b88f3b507d9300e45eb8a9f4954b1cb3c73b543ed091649c288fdd3aa8dc977,mbpp,if,22,random,1.0,-0.9147074818611145,-0.5553324818611145,False,True
2358,1b88f3b507d9300e45eb8a9f4954b1cb3c73b543ed091649c288fdd3aa8dc977,mbpp,if,24,toward,0.5,-0.972185492515564,-0.519060492515564,False,True
2358,1b88f3b507d9300e45eb8a9f4954b1cb3c73b543ed091649c288fdd3aa8dc977,mbpp,if,24,away,0.5,-0.9511594772338867,-0.5292844772338867,False,True
2358,1b88f3b507d9300e45eb8a9f4954b1cb3c73b543ed091649c288fdd3aa8dc977,mbpp,if,24,random,0.5,-0.9623667001724243,-0.5248667001724243,False,True
2358,1b88f3b507d9300e45eb8a9f4954b1cb3c73b543ed091649c288fdd3aa8dc977,mbpp,if,24,toward,1.0,-0.9636436700820923,-0.5261436700820923,False,True
2358,1b88f3b507d9300e45eb8a9f4954b1cb3c73b543ed091649c288fdd3aa8dc977,mbpp,if,24,away,1.0,-0.9429578185081482,-0.5367078185081482,False,True
2358,1b88f3b507d9300e45eb8a9f4954b1cb3c73b543ed091649c288fdd3aa8dc977,mbpp,if,24,random,1.0,-0.9358903169631958,-0.5452653169631958,False,True
2358,1b88f3b507d9300e45eb8a9f4954b1cb3c73b543ed091649c288fdd3aa8dc977,mbpp,if,26,toward,0.5,-0.9722591042518616,-0.5191341042518616,False,True
2358,1b88f3b507d9300e45eb8a9f4954b1cb3c73b543ed091649c288fdd3aa8dc977,mbpp,if,26,away,0.5,-0.952057957649231,-0.530182957649231,False,True
2358,1b88f3b507d9300e45eb8a9f4954b1cb3c73b543ed091649c288fdd3aa8dc977,mbpp,if,26,random,0.5,-0.972511887550354,-0.519386887550354,False,True
2358,1b88f3b507d9300e45eb8a9f4954b1cb3c73b543ed091649c288fdd3aa8dc977,mbpp,if,26,toward,1.0,-0.9728752374649048,-0.5197502374649048,False,True
2358,1b88f3b507d9300e45eb8a9f4954b1cb3c73b543ed091649c288fdd3aa8dc977,mbpp,if,26,away,1.0,-0.943915843963623,-0.537665843963623,False,True
2358,1b88f3b507d9300e45eb8a9f4954b1cb3c73b543ed091649c288fdd3aa8dc977,mbpp,if,26,random,1.0,-0.9734556078910828,-0.5203306078910828,False,True
2358,1b88f3b507d9300e45eb8a9f4954b1cb3c73b543ed091649c288fdd3aa8dc977,mbpp,if,28,toward,0.5,-0.9712445139884949,-0.5181195139884949,False,True
2358,1b88f3b507d9300e45eb8a9f4954b1cb3c73b543ed091649c288fdd3aa8dc977,mbpp,if,28,away,0.5,-0.9612693786621094,-0.5237693786621094,False,True
2358,1b88f3b507d9300e45eb8a9f4954b1cb3c73b543ed091649c288fdd3aa8dc977,mbpp,if,28,random,0.5,-0.9715105891227722,-0.5183855891227722,False,True
2358,1b88f3b507d9300e45eb8a9f4954b1cb3c73b543ed091649c288fdd3aa8dc977,mbpp,if,28,toward,1.0,-0.9807339310646057,-0.5119839310646057,False,True
2358,1b88f3b507d9300e45eb8a9f4954b1cb3c73b543ed091649c288fdd3aa8dc977,mbpp,if,28,away,1.0,-0.9519354104995728,-0.5300604104995728,False,True
2358,1b88f3b507d9300e45eb8a9f4954b1cb3c73b543ed091649c288fdd3aa8dc977,mbpp,if,28,random,1.0,-0.9816185235977173,-0.5128685235977173,False,True
2358,1b88f3b507d9300e45eb8a9f4954b1cb3c73b543ed091649c288fdd3aa8dc977,mbpp,if,30,toward,0.5,-0.9710414409637451,-0.5179164409637451,False,True
2358,1b88f3b507d9300e45eb8a9f4954b1cb3c73b543ed091649c288fdd3aa8dc977,mbpp,if,30,away,0.5,-0.9711645841598511,-0.5180395841598511,False,True
2358,1b88f3b507d9300e45eb8a9f4954b1cb3c73b543ed091649c288fdd3aa8dc977,mbpp,if,30,random,0.5,-0.9807759523391724,-0.5120259523391724,False,True
2358,1b88f3b507d9300e45eb8a9f4954b1cb3c73b543ed091649c288fdd3aa8dc977,mbpp,if,30,toward,1.0,-0.9707804918289185,-0.5176554918289185,False,True
2358,1b88f3b507d9300e45eb8a9f4954b1cb3c73b543ed091649c288fdd3aa8dc977,mbpp,if,30,away,1.0,-0.9713058471679688,-0.5181808471679688,False,True
2358,1b88f3b507d9300e45eb8a9f4954b1cb3c73b543ed091649c288fdd3aa8dc977,mbpp,if,30,random,1.0,-0.9810340404510498,-0.5122840404510498,False,True
2358,1b88f3b507d9300e45eb8a9f4954b1cb3c73b543ed091649c288fdd3aa8dc977,mbpp,if,31,toward,0.5,-0.9712146520614624,-0.5180896520614624,False,True
2358,1b88f3b507d9300e45eb8a9f4954b1cb3c73b543ed091649c288fdd3aa8dc977,mbpp,if,31,away,0.5,-0.9712146520614624,-0.5180896520614624,False,True
2358,1b88f3b507d9300e45eb8a9f4954b1cb3c73b543ed091649c288fdd3aa8dc977,mbpp,if,31,random,0.5,-0.9712146520614624,-0.5180896520614624,False,True
2358,1b88f3b507d9300e45eb8a9f4954b1cb3c73b543ed091649c288fdd3aa8dc977,mbpp,if,31,toward,1.0,-0.9712146520614624,-0.5180896520614624,False,True
2358,1b88f3b507d9300e45eb8a9f4954b1cb3c73b543ed091649c288fdd3aa8dc977,mbpp,if,31,away,1.0,-0.9712146520614624,-0.5180896520614624,False,True
2358,1b88f3b507d9300e45eb8a9f4954b1cb3c73b543ed091649c288fdd3aa8dc977,mbpp,if,31,random,1.0,-0.9712146520614624,-0.5180896520614624,False,True
2358,1b88f3b507d9300e45eb8a9f4954b1cb3c73b543ed091649c288fdd3aa8dc977,mbpp,body_first,0,toward,0.5,-0.9804849028587341,-0.5117349028587341,False,True
2358,1b88f3b507d9300e45eb8a9f4954b1cb3c73b543ed091649c288fdd3aa8dc977,mbpp,body_first,0,away,0.5,-0.9615603685379028,-0.5240603685379028,False,True
2358,1b88f3b507d9300e45eb8a9f4954b1cb3c73b543ed091649c288fdd3aa8dc977,mbpp,body_first,0,random,0.5,-0.9614191651344299,-0.5239191651344299,False,True
2358,1b88f3b507d9300e45eb8a9f4954b1cb3c73b543ed091649c288fdd3aa8dc977,mbpp,body_first,0,toward,1.0,-0.9800633788108826,-0.5113133788108826,False,True
2358,1b88f3b507d9300e45eb8a9f4954b1cb3c73b543ed091649c288fdd3aa8dc977,mbpp,body_first,0,away,1.0,-0.905694842338562,-0.561944842338562,False,True
2358,1b88f3b507d9300e45eb8a9f4954b1cb3c73b543ed091649c288fdd3aa8dc977,mbpp,body_first,0,random,1.0,-0.9327367544174194,-0.5421117544174194,False,True
2358,1b88f3b507d9300e45eb8a9f4954b1cb3c73b543ed091649c288fdd3aa8dc977,mbpp,body_first,2,toward,0.5,-0.9705497622489929,-0.5174247622489929,False,True
2358,1b88f3b507d9300e45eb8a9f4954b1cb3c73b543ed091649c288fdd3aa8dc977,mbpp,body_first,2,away,0.5,-0.9616254568099976,-0.5241254568099976,False,True
2358,1b88f3b507d9300e45eb8a9f4954b1cb3c73b543ed091649c288fdd3aa8dc977,mbpp,body_first,2,random,0.5,-0.9708267450332642,-0.5177017450332642,False,True
2358,1b88f3b507d9300e45eb8a9f4954b1cb3c73b543ed091649c288fdd3aa8dc977,mbpp,body_first,2,toward,1.0,-0.9418928027153015,-0.5356428027153015,False,True
2358,1b88f3b507d9300e45eb8a9f4954b1cb3c73b543ed091649c288fdd3aa8dc977,mbpp,body_first,2,away,1.0,-0.887258768081665,-0.574758768081665,False,True
2358,1b88f3b507d9300e45eb8a9f4954b1cb3c73b543ed091649c288fdd3aa8dc977,mbpp,body_first,2,random,1.0,-0.9140779376029968,-0.5547029376029968,False,True
2358,1b88f3b507d9300e45eb8a9f4954b1cb3c73b543ed091649c288fdd3aa8dc977,mbpp,body_first,4,toward,0.5,-0.9611905813217163,-0.5236905813217163,False,True
2358,1b88f3b507d9300e45eb8a9f4954b1cb3c73b543ed091649c288fdd3aa8dc977,mbpp,body_first,4,away,0.5,-0.9710957407951355,-0.5179707407951355,False,True
2358,1b88f3b507d9300e45eb8a9f4954b1cb3c73b543ed091649c288fdd3aa8dc977,mbpp,body_first,4,random,0.5,-0.9614946842193604,-0.5239946842193604,False,True
2358,1b88f3b507d9300e45eb8a9f4954b1cb3c73b543ed091649c288fdd3aa8dc977,mbpp,body_first,4,toward,1.0,-0.9423967599868774,-0.5361467599868774,False,True
2358,1b88f3b507d9300e45eb8a9f4954b1cb3c73b543ed091649c288fdd3aa8dc977,mbpp,body_first,4,away,1.0,-0.9424355030059814,-0.5361855030059814,False,True
2358,1b88f3b507d9300e45eb8a9f4954b1cb3c73b543ed091649c288fdd3aa8dc977,mbpp,body_first,4,random,1.0,-0.9142276644706726,-0.5548526644706726,False,True
2358,1b88f3b507d9300e45eb8a9f4954b1cb3c73b543ed091649c288fdd3aa8dc977,mbpp,body_first,6,toward,0.5,-0.9615881443023682,-0.5240881443023682,False,True
2358,1b88f3b507d9300e45eb8a9f4954b1cb3c73b543ed091649c288fdd3aa8dc977,mbpp,body_first,6,away,0.5,-0.961651086807251,-0.524151086807251,False,True
2358,1b88f3b507d9300e45eb8a9f4954b1cb3c73b543ed091649c288fdd3aa8dc977,mbpp,body_first,6,random,0.5,-0.9613226056098938,-0.5238226056098938,False,True
2358,1b88f3b507d9300e45eb8a9f4954b1cb3c73b543ed091649c288fdd3aa8dc977,mbpp,body_first,6,toward,1.0,-0.9431973695755005,-0.5369473695755005,False,True
2358,1b88f3b507d9300e45eb8a9f4954b1cb3c73b543ed091649c288fdd3aa8dc977,mbpp,body_first,6,away,1.0,-0.9425023198127747,-0.5362523198127747,False,True
2358,1b88f3b507d9300e45eb8a9f4954b1cb3c73b543ed091649c288fdd3aa8dc977,mbpp,body_first,6,random,1.0,-0.9615828990936279,-0.5240828990936279,False,True
2358,1b88f3b507d9300e45eb8a9f4954b1cb3c73b543ed091649c288fdd3aa8dc977,mbpp,body_first,8,toward,0.5,-0.9523406028747559,-0.5304656028747559,False,True
2358,1b88f3b507d9300e45eb8a9f4954b1cb3c73b543ed091649c288fdd3aa8dc977,mbpp,body_first,8,away,0.5,-0.9907565116882324,-0.5063815116882324,False,True
2358,1b88f3b507d9300e45eb8a9f4954b1cb3c73b543ed091649c288fdd3aa8dc977,mbpp,body_first,8,random,0.5,-0.9715031385421753,-0.5183781385421753,False,True
2358,1b88f3b507d9300e45eb8a9f4954b1cb3c73b543ed091649c288fdd3aa8dc977,mbpp,body_first,8,toward,1.0,-0.9255620241165161,-0.5505620241165161,False,True
2358,1b88f3b507d9300e45eb8a9f4954b1cb3c73b543ed091649c288fdd3aa8dc977,mbpp,body_first,8,away,1.0,-1.0005611181259155,-0.5005611181259155,False,True
2358,1b88f3b507d9300e45eb8a9f4954b1cb3c73b543ed091649c288fdd3aa8dc977,mbpp,body_first,8,random,1.0,-0.9720321893692017,-0.5189071893692017,False,True
2358,1b88f3b507d9300e45eb8a9f4954b1cb3c73b543ed091649c288fdd3aa8dc977,mbpp,body_first,10,toward,0.5,-0.9711882472038269,-0.5180632472038269,False,True
2358,1b88f3b507d9300e45eb8a9f4954b1cb3c73b543ed091649c288fdd3aa8dc977,mbpp,body_first,10,away,0.5,-0.9807294607162476,-0.5119794607162476,False,True
2358,1b88f3b507d9300e45eb8a9f4954b1cb3c73b543ed091649c288fdd3aa8dc977,mbpp,body_first,10,random,0.5,-0.961944580078125,-0.524444580078125,False,True
2358,1b88f3b507d9300e45eb8a9f4954b1cb3c73b543ed091649c288fdd3aa8dc977,mbpp,body_first,10,toward,1.0,-0.9715143442153931,-0.5183893442153931,False,True
2358,1b88f3b507d9300e45eb8a9f4954b1cb3c73b543ed091649c288fdd3aa8dc977,mbpp,body_first,10,away,1.0,-0.9807906746864319,-0.5120406746864319,False,True
2358,1b88f3b507d9300e45eb8a9f4954b1cb3c73b543ed091649c288fdd3aa8dc977,mbpp,body_first,10,random,1.0,-0.961991548538208,-0.524491548538208,False,True
2358,1b88f3b507d9300e45eb8a9f4954b1cb3c73b543ed091649c288fdd3aa8dc977,mbpp,body_first,12,toward,0.5,-0.9712392687797546,-0.5181142687797546,False,True
2358,1b88f3b507d9300e45eb8a9f4954b1cb3c73b543ed091649c288fdd3aa8dc977,mbpp,body_first,12,away,0.5,-0.9806888103485107,-0.5119388103485107,False,True
2358,1b88f3b507d9300e45eb8a9f4954b1cb3c73b543ed091649c288fdd3aa8dc977,mbpp,body_first,12,random,0.5,-0.9617798924446106,-0.5242798924446106,False,True
2358,1b88f3b507d9300e45eb8a9f4954b1cb3c73b543ed091649c288fdd3aa8dc977,mbpp,body_first,12,toward,1.0,-0.9715348482131958,-0.5184098482131958,False,True
2358,1b88f3b507d9300e45eb8a9f4954b1cb3c73b543ed091649c288fdd3aa8dc977,mbpp,body_first,12,away,1.0,-0.9710614681243896,-0.5179364681243896,False,True
2358,1b88f3b507d9300e45eb8a9f4954b1cb3c73b543ed091649c288fdd3aa8dc977,mbpp,body_first,12,random,1.0,-0.971604585647583,-0.518479585647583,False,True
2358,1b88f3b507d9300e45eb8a9f4954b1cb3c73b543ed091649c288fdd3aa8dc977,mbpp,body_first,14,toward,0.5,-0.9805060029029846,-0.5117560029029846,False,True
2358,1b88f3b507d9300e45eb8a9f4954b1cb3c73b543ed091649c288fdd3aa8dc977,mbpp,body_first,14,away,0.5,-0.9709944128990173,-0.5178694128990173,False,True
2358,1b88f3b507d9300e45eb8a9f4954b1cb3c73b543ed091649c288fdd3aa8dc977,mbpp,body_first,14,random,0.5,-0.9710873365402222,-0.5179623365402222,False,True
2358,1b88f3b507d9300e45eb8a9f4954b1cb3c73b543ed091649c288fdd3aa8dc977,mbpp,body_first,14,toward,1.0,-0.9806349873542786,-0.5118849873542786,False,True
2358,1b88f3b507d9300e45eb8a9f4954b1cb3c73b543ed091649c288fdd3aa8dc977,mbpp,body_first,14,away,1.0,-0.9711120128631592,-0.5179870128631592,False,True
2358,1b88f3b507d9300e45eb8a9f4954b1cb3c73b543ed091649c288fdd3aa8dc977,mbpp,body_first,14,random,1.0,-0.9809597134590149,-0.5122097134590149,False,True
2358,1b88f3b507d9300e45eb8a9f4954b1cb3c73b543ed091649c288fdd3aa8dc977,mbpp,body_first,16,toward,0.5,-0.9806239604949951,-0.5118739604949951,False,True
2358,1b88f3b507d9300e45eb8a9f4954b1cb3c73b543ed091649c288fdd3aa8dc977,mbpp,body_first,16,away,0.5,-0.9709275960922241,-0.5178025960922241,False,True
2358,1b88f3b507d9300e45eb8a9f4954b1cb3c73b543ed091649c288fdd3aa8dc977,mbpp,body_first,16,random,0.5,-0.9713371992111206,-0.5182121992111206,False,True
2358,1b88f3b507d9300e45eb8a9f4954b1cb3c73b543ed091649c288fdd3aa8dc977,mbpp,body_first,16,toward,1.0,-0.9808251857757568,-0.5120751857757568,False,True
2358,1b88f3b507d9300e45eb8a9f4954b1cb3c73b543ed091649c288fdd3aa8dc977,mbpp,body_first,16,away,1.0,-0.9615023136138916,-0.5240023136138916,False,True
2358,1b88f3b507d9300e45eb8a9f4954b1cb3c73b543ed091649c288fdd3aa8dc977,mbpp,body_first,16,random,1.0,-0.9712266325950623,-0.5181016325950623,False,True
2358,1b88f3b507d9300e45eb8a9f4954b1cb3c73b543ed091649c288fdd3aa8dc977,mbpp,body_first,18,toward,0.5,-0.9713212251663208,-0.5181962251663208,False,True
2358,1b88f3b507d9300e45eb8a9f4954b1cb3c73b543ed091649c288fdd3aa8dc977,mbpp,body_first,18,away,0.5,-0.9709406495094299,-0.5178156495094299,False,True
2358,1b88f3b507d9300e45eb8a9f4954b1cb3c73b543ed091649c288fdd3aa8dc977,mbpp,body_first,18,random,0.5,-0.9712638258934021,-0.5181388258934021,False,True
2358,1b88f3b507d9300e45eb8a9f4954b1cb3c73b543ed091649c288fdd3aa8dc977,mbpp,body_first,18,toward,1.0,-0.9712557196617126,-0.5181307196617126,False,True
2358,1b88f3b507d9300e45eb8a9f4954b1cb3c73b543ed091649c288fdd3aa8dc977,mbpp,body_first,18,away,1.0,-0.9708207845687866,-0.5176957845687866,False,True
2358,1b88f3b507d9300e45eb8a9f4954b1cb3c73b543ed091649c288fdd3aa8dc977,mbpp,body_first,18,random,1.0,-0.9710648655891418,-0.5179398655891418,False,True
2358,1b88f3b507d9300e45eb8a9f4954b1cb3c73b543ed091649c288fdd3aa8dc977,mbpp,body_first,20,toward,0.5,-0.9713860750198364,-0.5182610750198364,False,True
2358,1b88f3b507d9300e45eb8a9f4954b1cb3c73b543ed091649c288fdd3aa8dc977,mbpp,body_first,20,away,0.5,-0.9712607860565186,-0.5181357860565186,False,True
2358,1b88f3b507d9300e45eb8a9f4954b1cb3c73b543ed091649c288fdd3aa8dc977,mbpp,body_first,20,random,0.5,-0.9710412621498108,-0.5179162621498108,False,True
2358,1b88f3b507d9300e45eb8a9f4954b1cb3c73b543ed091649c288fdd3aa8dc977,mbpp,body_first,20,toward,1.0,-0.9710452556610107,-0.5179202556610107,False,True
2358,1b88f3b507d9300e45eb8a9f4954b1cb3c73b543ed091649c288fdd3aa8dc977,mbpp,body_first,20,away,1.0,-0.9710041880607605,-0.5178791880607605,False,True
2358,1b88f3b507d9300e45eb8a9f4954b1cb3c73b543ed091649c288fdd3aa8dc977,mbpp,body_first,20,random,1.0,-0.9805417060852051,-0.5117917060852051,False,True
2358,1b88f3b507d9300e45eb8a9f4954b1cb3c73b543ed091649c288fdd3aa8dc977,mbpp,body_first,22,toward,0.5,-0.971341073513031,-0.518216073513031,False,True
2358,1b88f3b507d9300e45eb8a9f4954b1cb3c73b543ed091649c288fdd3aa8dc977,mbpp,body_first,22,away,0.5,-0.9713135361671448,-0.5181885361671448,False,True
2358,1b88f3b507d9300e45eb8a9f4954b1cb3c73b543ed091649c288fdd3aa8dc977,mbpp,body_first,22,random,0.5,-0.9807637333869934,-0.5120137333869934,False,True
2358,1b88f3b507d9300e45eb8a9f4954b1cb3c73b543ed091649c288fdd3aa8dc977,mbpp,body_first,22,toward,1.0,-0.9711594581604004,-0.5180344581604004,False,True
2358,1b88f3b507d9300e45eb8a9f4954b1cb3c73b543ed091649c288fdd3aa8dc977,mbpp,body_first,22,away,1.0,-0.9713115692138672,-0.5181865692138672,False,True
2358,1b88f3b507d9300e45eb8a9f4954b1cb3c73b543ed091649c288fdd3aa8dc977,mbpp,body_first,22,random,1.0,-0.9805938005447388,-0.5118438005447388,False,True
2358,1b88f3b507d9300e45eb8a9f4954b1cb3c73b543ed091649c288fdd3aa8dc977,mbpp,body_first,24,toward,0.5,-0.9713517427444458,-0.5182267427444458,False,True
2358,1b88f3b507d9300e45eb8a9f4954b1cb3c73b543ed091649c288fdd3aa8dc977,mbpp,body_first,24,away,0.5,-0.9709299206733704,-0.5178049206733704,False,True
2358,1b88f3b507d9300e45eb8a9f4954b1cb3c73b543ed091649c288fdd3aa8dc977,mbpp,body_first,24,random,0.5,-0.9711143970489502,-0.5179893970489502,False,True
2358,1b88f3b507d9300e45eb8a9f4954b1cb3c73b543ed091649c288fdd3aa8dc977,mbpp,body_first,24,toward,1.0,-0.9711648225784302,-0.5180398225784302,False,True
2358,1b88f3b507d9300e45eb8a9f4954b1cb3c73b543ed091649c288fdd3aa8dc977,mbpp,body_first,24,away,1.0,-0.9710483551025391,-0.5179233551025391,False,True
2358,1b88f3b507d9300e45eb8a9f4954b1cb3c73b543ed091649c288fdd3aa8dc977,mbpp,body_first,24,random,1.0,-0.9709748029708862,-0.5178498029708862,False,True
2358,1b88f3b507d9300e45eb8a9f4954b1cb3c73b543ed091649c288fdd3aa8dc977,mbpp,body_first,26,toward,0.5,-0.9713329672813416,-0.5182079672813416,False,True
2358,1b88f3b507d9300e45eb8a9f4954b1cb3c73b543ed091649c288fdd3aa8dc977,mbpp,body_first,26,away,0.5,-0.9709263443946838,-0.5178013443946838,False,True
2358,1b88f3b507d9300e45eb8a9f4954b1cb3c73b543ed091649c288fdd3aa8dc977,mbpp,body_first,26,random,0.5,-0.9712164402008057,-0.5180914402008057,False,True
2358,1b88f3b507d9300e45eb8a9f4954b1cb3c73b543ed091649c288fdd3aa8dc977,mbpp,body_first,26,toward,1.0,-0.971503734588623,-0.518378734588623,False,True
2358,1b88f3b507d9300e45eb8a9f4954b1cb3c73b543ed091649c288fdd3aa8dc977,mbpp,body_first,26,away,1.0,-0.9708895087242126,-0.5177645087242126,False,True
2358,1b88f3b507d9300e45eb8a9f4954b1cb3c73b543ed091649c288fdd3aa8dc977,mbpp,body_first,26,random,1.0,-0.9806169867515564,-0.5118669867515564,False,True
2358,1b88f3b507d9300e45eb8a9f4954b1cb3c73b543ed091649c288fdd3aa8dc977,mbpp,body_first,28,toward,0.5,-0.9711205959320068,-0.5179955959320068,False,True
2358,1b88f3b507d9300e45eb8a9f4954b1cb3c73b543ed091649c288fdd3aa8dc977,mbpp,body_first,28,away,0.5,-0.9709289073944092,-0.5178039073944092,False,True
2358,1b88f3b507d9300e45eb8a9f4954b1cb3c73b543ed091649c288fdd3aa8dc977,mbpp,body_first,28,random,0.5,-0.9709475040435791,-0.5178225040435791,False,True
2358,1b88f3b507d9300e45eb8a9f4954b1cb3c73b543ed091649c288fdd3aa8dc977,mbpp,body_first,28,toward,1.0,-0.9807848930358887,-0.5120348930358887,False,True
2358,1b88f3b507d9300e45eb8a9f4954b1cb3c73b543ed091649c288fdd3aa8dc977,mbpp,body_first,28,away,1.0,-0.9804298877716064,-0.5116798877716064,False,True
2358,1b88f3b507d9300e45eb8a9f4954b1cb3c73b543ed091649c288fdd3aa8dc977,mbpp,body_first,28,random,1.0,-0.9710351824760437,-0.5179101824760437,False,True
2358,1b88f3b507d9300e45eb8a9f4954b1cb3c73b543ed091649c288fdd3aa8dc977,mbpp,body_first,30,toward,0.5,-0.9807478189468384,-0.5119978189468384,False,True
2358,1b88f3b507d9300e45eb8a9f4954b1cb3c73b543ed091649c288fdd3aa8dc977,mbpp,body_first,30,away,0.5,-0.9712122082710266,-0.5180872082710266,False,True
2358,1b88f3b507d9300e45eb8a9f4954b1cb3c73b543ed091649c288fdd3aa8dc977,mbpp,body_first,30,random,0.5,-0.9712148308753967,-0.5180898308753967,False,True
2358,1b88f3b507d9300e45eb8a9f4954b1cb3c73b543ed091649c288fdd3aa8dc977,mbpp,body_first,30,toward,1.0,-0.9713653326034546,-0.5182403326034546,False,True
2358,1b88f3b507d9300e45eb8a9f4954b1cb3c73b543ed091649c288fdd3aa8dc977,mbpp,body_first,30,away,1.0,-0.9712134003639221,-0.5180884003639221,False,True
2358,1b88f3b507d9300e45eb8a9f4954b1cb3c73b543ed091649c288fdd3aa8dc977,mbpp,body_first,30,random,1.0,-0.9712138175964355,-0.5180888175964355,False,True
2358,1b88f3b507d9300e45eb8a9f4954b1cb3c73b543ed091649c288fdd3aa8dc977,mbpp,body_first,31,toward,0.5,-0.9712146520614624,-0.5180896520614624,False,True
2358,1b88f3b507d9300e45eb8a9f4954b1cb3c73b543ed091649c288fdd3aa8dc977,mbpp,body_first,31,away,0.5,-0.9712146520614624,-0.5180896520614624,False,True
2358,1b88f3b507d9300e45eb8a9f4954b1cb3c73b543ed091649c288fdd3aa8dc977,mbpp,body_first,31,random,0.5,-0.9712146520614624,-0.5180896520614624,False,True
2358,1b88f3b507d9300e45eb8a9f4954b1cb3c73b543ed091649c288fdd3aa8dc977,mbpp,body_first,31,toward,1.0,-0.9712146520614624,-0.5180896520614624,False,True
2358,1b88f3b507d9300e45eb8a9f4954b1cb3c73b543ed091649c288fdd3aa8dc977,mbpp,body_first,31,away,1.0,-0.9712146520614624,-0.5180896520614624,False,True
2358,1b88f3b507d9300e45eb8a9f4954b1cb3c73b543ed091649c288fdd3aa8dc977,mbpp,body_first,31,random,1.0,-0.9712146520614624,-0.5180896520614624,False,True
2358,1b88f3b507d9300e45eb8a9f4954b1cb3c73b543ed091649c288fdd3aa8dc977,mbpp,answer,0,toward,0.5,-0.9796698093414307,-0.5109198093414307,False,True
2358,1b88f3b507d9300e45eb8a9f4954b1cb3c73b543ed091649c288fdd3aa8dc977,mbpp,answer,0,away,0.5,-0.9904471039772034,-0.5060721039772034,False,True
2358,1b88f3b507d9300e45eb8a9f4954b1cb3c73b543ed091649c288fdd3aa8dc977,mbpp,answer,0,random,0.5,-0.9996651411056519,-0.49966514110565186,False,True
2358,1b88f3b507d9300e45eb8a9f4954b1cb3c73b543ed091649c288fdd3aa8dc977,mbpp,answer,0,toward,1.0,-1.0970404148101807,-0.44079044461250305,False,True
2358,1b88f3b507d9300e45eb8a9f4954b1cb3c73b543ed091649c288fdd3aa8dc977,mbpp,answer,0,away,1.0,-1.0327743291854858,-0.48589932918548584,False,True
2358,1b88f3b507d9300e45eb8a9f4954b1cb3c73b543ed091649c288fdd3aa8dc977,mbpp,answer,0,random,1.0,-1.0276565551757812,-0.480781614780426,False,True
2358,1b88f3b507d9300e45eb8a9f4954b1cb3c73b543ed091649c288fdd3aa8dc977,mbpp,answer,2,toward,0.5,-0.950040876865387,-0.528165876865387,False,True
2358,1b88f3b507d9300e45eb8a9f4954b1cb3c73b543ed091649c288fdd3aa8dc977,mbpp,answer,2,away,0.5,-0.9917500019073486,-0.5073750019073486,False,True
2358,1b88f3b507d9300e45eb8a9f4954b1cb3c73b543ed091649c288fdd3aa8dc977,mbpp,answer,2,random,0.5,-0.9545949101448059,-0.5327199101448059,False,True
2358,1b88f3b507d9300e45eb8a9f4954b1cb3c73b543ed091649c288fdd3aa8dc977,mbpp,answer,2,toward,1.0,-1.056255578994751,-0.4625055193901062,False,True
2358,1b88f3b507d9300e45eb8a9f4954b1cb3c73b543ed091649c288fdd3aa8dc977,mbpp,answer,2,away,1.0,-1.0623040199279785,-0.46855396032333374,False,True
2358,1b88f3b507d9300e45eb8a9f4954b1cb3c73b543ed091649c288fdd3aa8dc977,mbpp,answer,2,random,1.0,-0.9558660387992859,-0.5339910387992859,False,True
2358,1b88f3b507d9300e45eb8a9f4954b1cb3c73b543ed091649c288fdd3aa8dc977,mbpp,answer,4,toward,0.5,-1.0173401832580566,-0.48609012365341187,False,True
2358,1b88f3b507d9300e45eb8a9f4954b1cb3c73b543ed091649c288fdd3aa8dc977,mbpp,answer,4,away,0.5,-1.0121759176254272,-0.49655091762542725,False,True
2358,1b88f3b507d9300e45eb8a9f4954b1cb3c73b543ed091649c288fdd3aa8dc977,mbpp,answer,4,random,0.5,-0.9718285799026489,-0.5187035799026489,False,True
2358,1b88f3b507d9300e45eb8a9f4954b1cb3c73b543ed091649c288fdd3aa8dc977,mbpp,answer,4,toward,1.0,-1.2125866413116455,-0.3844616115093231,False,True
2358,1b88f3b507d9300e45eb8a9f4954b1cb3c73b543ed091649c288fdd3aa8dc977,mbpp,answer,4,away,1.0,-1.1572206020355225,-0.4228455424308777,False,True
2358,1b88f3b507d9300e45eb8a9f4954b1cb3c73b543ed091649c288fdd3aa8dc977,mbpp,answer,4,random,1.0,-1.06925368309021,-0.45987868309020996,False,True
2358,1b88f3b507d9300e45eb8a9f4954b1cb3c73b543ed091649c288fdd3aa8dc977,mbpp,answer,6,toward,0.5,-1.1486458778381348,-0.4142708480358124,False,True
2358,1b88f3b507d9300e45eb8a9f4954b1cb3c73b543ed091649c288fdd3aa8dc977,mbpp,answer,6,away,0.5,-0.9362620711326599,-0.5456370711326599,False,True
2358,1b88f3b507d9300e45eb8a9f4954b1cb3c73b543ed091649c288fdd3aa8dc977,mbpp,answer,6,random,0.5,-1.0290607213974,-0.4821857213973999,False,True
2358,1b88f3b507d9300e45eb8a9f4954b1cb3c73b543ed091649c288fdd3aa8dc977,mbpp,answer,6,toward,1.0,-1.3352546691894531,-0.33525460958480835,False,True
2358,1b88f3b507d9300e45eb8a9f4954b1cb3c73b543ed091649c288fdd3aa8dc977,mbpp,answer,6,away,1.0,-1.1122406721115112,-0.44036567211151123,False,True
2358,1b88f3b507d9300e45eb8a9f4954b1cb3c73b543ed091649c288fdd3aa8dc977,mbpp,answer,6,random,1.0,-1.297162413597107,-0.35966238379478455,False,True
2358,1b88f3b507d9300e45eb8a9f4954b1cb3c73b543ed091649c288fdd3aa8dc977,mbpp,answer,8,toward,0.5,-1.1533595323562622,-0.4189845323562622,False,True
2358,1b88f3b507d9300e45eb8a9f4954b1cb3c73b543ed091649c288fdd3aa8dc977,mbpp,answer,8,away,0.5,-0.9315263628959656,-0.5409013628959656,False,True
2358,1b88f3b507d9300e45eb8a9f4954b1cb3c73b543ed091649c288fdd3aa8dc977,mbpp,answer,8,random,0.5,-0.9341665506362915,-0.5435415506362915,False,True
2358,1b88f3b507d9300e45eb8a9f4954b1cb3c73b543ed091649c288fdd3aa8dc977,mbpp,answer,8,toward,1.0,-1.41139817237854,-0.3332732319831848,False,True
2358,1b88f3b507d9300e45eb8a9f4954b1cb3c73b543ed091649c288fdd3aa8dc977,mbpp,answer,8,away,1.0,-1.004381775856018,-0.48875677585601807,False,True
2358,1b88f3b507d9300e45eb8a9f4954b1cb3c73b543ed091649c288fdd3aa8dc977,mbpp,answer,8,random,1.0,-1.0504908561706543,-0.4723658859729767,False,True
2358,1b88f3b507d9300e45eb8a9f4954b1cb3c73b543ed091649c288fdd3aa8dc977,mbpp,answer,10,toward,0.5,-0.8898804187774658,-0.5773804187774658,False,True
2358,1b88f3b507d9300e45eb8a9f4954b1cb3c73b543ed091649c288fdd3aa8dc977,mbpp,answer,10,away,0.5,-1.112445592880249,-0.44057056307792664,False,True
2358,1b88f3b507d9300e45eb8a9f4954b1cb3c73b543ed091649c288fdd3aa8dc977,mbpp,answer,10,random,0.5,-0.9728904962539673,-0.5197654962539673,False,True
2358,1b88f3b507d9300e45eb8a9f4954b1cb3c73b543ed091649c288fdd3aa8dc977,mbpp,answer,10,toward,1.0,-0.9426403045654297,-0.5676403045654297,False,True
2358,1b88f3b507d9300e45eb8a9f4954b1cb3c73b543ed091649c288fdd3aa8dc977,mbpp,answer,10,away,1.0,-1.2538118362426758,-0.37881189584732056,False,True
2358,1b88f3b507d9300e45eb8a9f4954b1cb3c73b543ed091649c288fdd3aa8dc977,mbpp,answer,10,random,1.0,-1.1251360177993774,-0.43763604760169983,False,True
2358,1b88f3b507d9300e45eb8a9f4954b1cb3c73b543ed091649c288fdd3aa8dc977,mbpp,answer,12,toward,0.5,-0.8216644525527954,-0.6341644525527954,False,True
2358,1b88f3b507d9300e45eb8a9f4954b1cb3c73b543ed091649c288fdd3aa8dc977,mbpp,answer,12,away,0.5,-1.216701626777649,-0.3885766267776489,False,True
2358,1b88f3b507d9300e45eb8a9f4954b1cb3c73b543ed091649c288fdd3aa8dc977,mbpp,answer,12,random,0.5,-1.0628232955932617,-0.4690732955932617,False,True
2358,1b88f3b507d9300e45eb8a9f4954b1cb3c73b543ed091649c288fdd3aa8dc977,mbpp,answer,12,toward,1.0,-1.1162203550338745,-0.4599703550338745,False,True
2358,1b88f3b507d9300e45eb8a9f4954b1cb3c73b543ed091649c288fdd3aa8dc977,mbpp,answer,12,away,1.0,-1.2172168493270874,-0.3890918493270874,False,True
2358,1b88f3b507d9300e45eb8a9f4954b1cb3c73b543ed091649c288fdd3aa8dc977,mbpp,answer,12,random,1.0,-1.0589563846588135,-0.4808313846588135,False,True
2358,1b88f3b507d9300e45eb8a9f4954b1cb3c73b543ed091649c288fdd3aa8dc977,mbpp,answer,14,toward,0.5,-0.8362587094306946,-0.6331337094306946,False,True
2358,1b88f3b507d9300e45eb8a9f4954b1cb3c73b543ed091649c288fdd3aa8dc977,mbpp,answer,14,away,0.5,-1.2333134412765503,-0.3739384710788727,False,True
2358,1b88f3b507d9300e45eb8a9f4954b1cb3c73b543ed091649c288fdd3aa8dc977,mbpp,answer,14,random,0.5,-0.8193795084953308,-0.6318795084953308,False,True
2358,1b88f3b507d9300e45eb8a9f4954b1cb3c73b543ed091649c288fdd3aa8dc977,mbpp,answer,14,toward,1.0,-0.8152198791503906,-0.6902198791503906,False,True
2358,1b88f3b507d9300e45eb8a9f4954b1cb3c73b543ed091649c288fdd3aa8dc977,mbpp,answer,14,away,1.0,-1.6337605714797974,-0.24313557147979736,False,True
2358,1b88f3b507d9300e45eb8a9f4954b1cb3c73b543ed091649c288fdd3aa8dc977,mbpp,answer,14,random,1.0,-0.7892075181007385,-0.6798325181007385,False,True
2358,1b88f3b507d9300e45eb8a9f4954b1cb3c73b543ed091649c288fdd3aa8dc977,mbpp,answer,16,toward,0.5,-0.4723777770996094,-1.0661277770996094,True,False
2358,1b88f3b507d9300e45eb8a9f4954b1cb3c73b543ed091649c288fdd3aa8dc977,mbpp,answer,16,away,0.5,-1.6211167573928833,-0.2461167722940445,False,True
2358,1b88f3b507d9300e45eb8a9f4954b1cb3c73b543ed091649c288fdd3aa8dc977,mbpp,answer,16,random,0.5,-1.0177655220031738,-0.4865155816078186,False,True
2358,1b88f3b507d9300e45eb8a9f4954b1cb3c73b543ed091649c288fdd3aa8dc977,mbpp,answer,16,toward,1.0,-0.22768113017082214,-1.8370561599731445,True,False
2358,1b88f3b507d9300e45eb8a9f4954b1cb3c73b543ed091649c288fdd3aa8dc977,mbpp,answer,16,away,1.0,-2.541902780532837,-0.10440277308225632,False,True
2358,1b88f3b507d9300e45eb8a9f4954b1cb3c73b543ed091649c288fdd3aa8dc977,mbpp,answer,16,random,1.0,-1.0661386251449585,-0.4567636549472809,False,True
2358,1b88f3b507d9300e45eb8a9f4954b1cb3c73b543ed091649c288fdd3aa8dc977,mbpp,answer,18,toward,0.5,-0.6015206575393677,-0.8671456575393677,True,False
2358,1b88f3b507d9300e45eb8a9f4954b1cb3c73b543ed091649c288fdd3aa8dc977,mbpp,answer,18,away,0.5,-1.588097095489502,-0.2599720358848572,False,True
2358,1b88f3b507d9300e45eb8a9f4954b1cb3c73b543ed091649c288fdd3aa8dc977,mbpp,answer,18,random,0.5,-0.8615620732307434,-0.5959370732307434,False,True
2358,1b88f3b507d9300e45eb8a9f4954b1cb3c73b543ed091649c288fdd3aa8dc977,mbpp,answer,18,toward,1.0,-0.47076696157455444,-1.0957670211791992,True,False
2358,1b88f3b507d9300e45eb8a9f4954b1cb3c73b543ed091649c288fdd3aa8dc977,mbpp,answer,18,away,1.0,-2.2419583797454834,-0.14820845425128937,False,True
2358,1b88f3b507d9300e45eb8a9f4954b1cb3c73b543ed091649c288fdd3aa8dc977,mbpp,answer,18,random,1.0,-0.7803514003753662,-0.6709764003753662,False,True
2358,1b88f3b507d9300e45eb8a9f4954b1cb3c73b543ed091649c288fdd3aa8dc977,mbpp,answer,20,toward,0.5,-0.6604833006858826,-0.8011083006858826,True,False
2358,1b88f3b507d9300e45eb8a9f4954b1cb3c73b543ed091649c288fdd3aa8dc977,mbpp,answer,20,away,0.5,-1.4534661769866943,-0.29721611738204956,False,True
2358,1b88f3b507d9300e45eb8a9f4954b1cb3c73b543ed091649c288fdd3aa8dc977,mbpp,answer,20,random,0.5,-0.9732600450515747,-0.5201350450515747,False,True
2358,1b88f3b507d9300e45eb8a9f4954b1cb3c73b543ed091649c288fdd3aa8dc977,mbpp,answer,20,toward,1.0,-0.56544029712677,-0.95606529712677,True,False
2358,1b88f3b507d9300e45eb8a9f4954b1cb3c73b543ed091649c288fdd3aa8dc977,mbpp,answer,20,away,1.0,-1.7609055042266846,-0.2296554446220398,False,True
2358,1b88f3b507d9300e45eb8a9f4954b1cb3c73b543ed091649c288fdd3aa8dc977,mbpp,answer,20,random,1.0,-0.932744026184082,-0.557744026184082,False,True
2358,1b88f3b507d9300e45eb8a9f4954b1cb3c73b543ed091649c288fdd3aa8dc977,mbpp,answer,22,toward,0.5,-0.6729758381843567,-0.7823508381843567,True,False
2358,1b88f3b507d9300e45eb8a9f4954b1cb3c73b543ed091649c288fdd3aa8dc977,mbpp,answer,22,away,0.5,-1.4167264699935913,-0.3073514699935913,False,True
2358,1b88f3b507d9300e45eb8a9f4954b1cb3c73b543ed091649c288fdd3aa8dc977,mbpp,answer,22,random,0.5,-0.9499194622039795,-0.5280444622039795,False,True
2358,1b88f3b507d9300e45eb8a9f4954b1cb3c73b543ed091649c288fdd3aa8dc977,mbpp,answer,22,toward,1.0,-0.5801945924758911,-0.9239445924758911,True,False
2358,1b88f3b507d9300e45eb8a9f4954b1cb3c73b543ed091649c288fdd3aa8dc977,mbpp,answer,22,away,1.0,-1.770622730255127,-0.22374771535396576,False,True
2358,1b88f3b507d9300e45eb8a9f4954b1cb3c73b543ed091649c288fdd3aa8dc977,mbpp,answer,22,random,1.0,-0.9293997883796692,-0.5387747883796692,False,True
2358,1b88f3b507d9300e45eb8a9f4954b1cb3c73b543ed091649c288fdd3aa8dc977,mbpp,answer,24,toward,0.5,-0.7403548955917358,-0.7091048955917358,False,True
2358,1b88f3b507d9300e45eb8a9f4954b1cb3c73b543ed091649c288fdd3aa8dc977,mbpp,answer,24,away,0.5,-1.434180498123169,-0.30918043851852417,False,True
2358,1b88f3b507d9300e45eb8a9f4954b1cb3c73b543ed091649c288fdd3aa8dc977,mbpp,answer,24,random,0.5,-0.9580084681510925,-0.5517584681510925,False,True
2358,1b88f3b507d9300e45eb8a9f4954b1cb3c73b543ed091649c288fdd3aa8dc977,mbpp,answer,24,toward,1.0,-0.6759995818138123,-0.8166245818138123,True,False
2358,1b88f3b507d9300e45eb8a9f4954b1cb3c73b543ed091649c288fdd3aa8dc977,mbpp,answer,24,away,1.0,-1.891364574432373,-0.23511451482772827,False,True
2358,1b88f3b507d9300e45eb8a9f4954b1cb3c73b543ed091649c288fdd3aa8dc977,mbpp,answer,24,random,1.0,-0.9592409133911133,-0.5998659133911133,False,True
2358,1b88f3b507d9300e45eb8a9f4954b1cb3c73b543ed091649c288fdd3aa8dc977,mbpp,answer,26,toward,0.5,-0.6855795979499817,-0.7637045979499817,True,False
2358,1b88f3b507d9300e45eb8a9f4954b1cb3c73b543ed091649c288fdd3aa8dc977,mbpp,answer,26,away,0.5,-1.5797078609466553,-0.2672078609466553,False,True
2358,1b88f3b507d9300e45eb8a9f4954b1cb3c73b543ed091649c288fdd3aa8dc977,mbpp,answer,26,random,0.5,-0.7170091271400452,-0.7326341271400452,True,False
2358,1b88f3b507d9300e45eb8a9f4954b1cb3c73b543ed091649c288fdd3aa8dc977,mbpp,answer,26,toward,1.0,-0.597281277179718,-0.925406277179718,True,False
2358,1b88f3b507d9300e45eb8a9f4954b1cb3c73b543ed091649c288fdd3aa8dc977,mbpp,answer,26,away,1.0,-2.1320900917053223,-0.17896509170532227,False,True
2358,1b88f3b507d9300e45eb8a9f4954b1cb3c73b543ed091649c288fdd3aa8dc977,mbpp,answer,26,random,1.0,-0.5437975525856018,-0.9969225525856018,True,False
2358,1b88f3b507d9300e45eb8a9f4954b1cb3c73b543ed091649c288fdd3aa8dc977,mbpp,answer,28,toward,0.5,-0.656838595867157,-0.797463595867157,True,False
2358,1b88f3b507d9300e45eb8a9f4954b1cb3c73b543ed091649c288fdd3aa8dc977,mbpp,answer,28,away,0.5,-1.5892990827560425,-0.2611740827560425,False,True
2358,1b88f3b507d9300e45eb8a9f4954b1cb3c73b543ed091649c288fdd3aa8dc977,mbpp,answer,28,random,0.5,-1.037001371383667,-0.49012643098831177,False,True
2358,1b88f3b507d9300e45eb8a9f4954b1cb3c73b543ed091649c288fdd3aa8dc977,mbpp,answer,28,toward,1.0,-0.5689583420753479,-0.9752083420753479,True,False
2358,1b88f3b507d9300e45eb8a9f4954b1cb3c73b543ed091649c288fdd3aa8dc977,mbpp,answer,28,away,1.0,-2.2328782081604004,-0.15475322306156158,False,True
2358,1b88f3b507d9300e45eb8a9f4954b1cb3c73b543ed091649c288fdd3aa8dc977,mbpp,answer,28,random,1.0,-1.1611254215240479,-0.4423753619194031,False,True
2358,1b88f3b507d9300e45eb8a9f4954b1cb3c73b543ed091649c288fdd3aa8dc977,mbpp,answer,30,toward,0.5,-0.690492570400238,-0.752992570400238,True,False
2358,1b88f3b507d9300e45eb8a9f4954b1cb3c73b543ed091649c288fdd3aa8dc977,mbpp,answer,30,away,0.5,-1.753387689590454,-0.2221376746892929,False,True
2358,1b88f3b507d9300e45eb8a9f4954b1cb3c73b543ed091649c288fdd3aa8dc977,mbpp,answer,30,random,0.5,-0.8507176637649536,-0.6007176637649536,False,True
2358,1b88f3b507d9300e45eb8a9f4954b1cb3c73b543ed091649c288fdd3aa8dc977,mbpp,answer,30,toward,1.0,-0.6471859216690063,-0.8503109216690063,True,False
2358,1b88f3b507d9300e45eb8a9f4954b1cb3c73b543ed091649c288fdd3aa8dc977,mbpp,answer,30,away,1.0,-2.664623260498047,-0.14899829030036926,False,True
2358,1b88f3b507d9300e45eb8a9f4954b1cb3c73b543ed091649c288fdd3aa8dc977,mbpp,answer,30,random,1.0,-0.7668402194976807,-0.6730902194976807,False,True
2358,1b88f3b507d9300e45eb8a9f4954b1cb3c73b543ed091649c288fdd3aa8dc977,mbpp,answer,31,toward,0.5,-0.6140238642692566,-0.9733988642692566,True,False
2358,1b88f3b507d9300e45eb8a9f4954b1cb3c73b543ed091649c288fdd3aa8dc977,mbpp,answer,31,away,0.5,-2.3340401649475098,-0.7871650457382202,False,True
2358,1b88f3b507d9300e45eb8a9f4954b1cb3c73b543ed091649c288fdd3aa8dc977,mbpp,answer,31,random,0.5,-1.8103665113449097,-0.26349151134490967,False,True
2358,1b88f3b507d9300e45eb8a9f4954b1cb3c73b543ed091649c288fdd3aa8dc977,mbpp,answer,31,toward,1.0,-1.0984954833984375,-1.9109954833984375,True,False
2358,1b88f3b507d9300e45eb8a9f4954b1cb3c73b543ed091649c288fdd3aa8dc977,mbpp,answer,31,away,1.0,-6.586538314819336,-4.383413314819336,False,False
2358,1b88f3b507d9300e45eb8a9f4954b1cb3c73b543ed091649c288fdd3aa8dc977,mbpp,answer,31,random,1.0,-2.6376967430114746,-0.5283216238021851,False,True
2359,1b88f3b507d9300e45eb8a9f4954b1cb3c73b543ed091649c288fdd3aa8dc977,mbpp,baseline,-1,none,0.0,-1.078546166419983,-0.4535461664199829,False,True
2359,1b88f3b507d9300e45eb8a9f4954b1cb3c73b543ed091649c288fdd3aa8dc977,mbpp,if,0,toward,0.5,-1.2117775678634644,-0.38365253806114197,False,True
2359,1b88f3b507d9300e45eb8a9f4954b1cb3c73b543ed091649c288fdd3aa8dc977,mbpp,if,0,away,0.5,-1.1723027229309082,-0.4066777527332306,False,True
2359,1b88f3b507d9300e45eb8a9f4954b1cb3c73b543ed091649c288fdd3aa8dc977,mbpp,if,0,random,0.5,-0.9690987467765808,-0.5159737467765808,False,True
2359,1b88f3b507d9300e45eb8a9f4954b1cb3c73b543ed091649c288fdd3aa8dc977,mbpp,if,0,toward,1.0,-1.0881239175796509,-0.4631239175796509,False,True
2359,1b88f3b507d9300e45eb8a9f4954b1cb3c73b543ed091649c288fdd3aa8dc977,mbpp,if,0,away,1.0,-1.0899388790130615,-0.4805638790130615,False,False
2359,1b88f3b507d9300e45eb8a9f4954b1cb3c73b543ed091649c288fdd3aa8dc977,mbpp,if,0,random,1.0,-1.1314913034439087,-0.4439913034439087,False,True
2359,1b88f3b507d9300e45eb8a9f4954b1cb3c73b543ed091649c288fdd3aa8dc977,mbpp,if,2,toward,0.5,-1.1197912693023682,-0.4322912096977234,False,True
2359,1b88f3b507d9300e45eb8a9f4954b1cb3c73b543ed091649c288fdd3aa8dc977,mbpp,if,2,away,0.5,-0.8677330017089844,-0.5864830017089844,False,True
2359,1b88f3b507d9300e45eb8a9f4954b1cb3c73b543ed091649c288fdd3aa8dc977,mbpp,if,2,random,0.5,-0.9237754344940186,-0.5487754344940186,False,True
2359,1b88f3b507d9300e45eb8a9f4954b1cb3c73b543ed091649c288fdd3aa8dc977,mbpp,if,2,toward,1.0,-1.2587249279022217,-0.3837248980998993,False,False
2359,1b88f3b507d9300e45eb8a9f4954b1cb3c73b543ed091649c288fdd3aa8dc977,mbpp,if,2,away,1.0,-1.1547653675079346,-0.43601539731025696,False,False
2359,1b88f3b507d9300e45eb8a9f4954b1cb3c73b543ed091649c288fdd3aa8dc977,mbpp,if,2,random,1.0,-0.7370217442512512,-0.7057717442512512,False,False
2359,1b88f3b507d9300e45eb8a9f4954b1cb3c73b543ed091649c288fdd3aa8dc977,mbpp,if,4,toward,0.5,-0.9985328912734985,-0.49853286147117615,False,True
2359,1b88f3b507d9300e45eb8a9f4954b1cb3c73b543ed091649c288fdd3aa8dc977,mbpp,if,4,away,0.5,-1.3713257312774658,-0.3400757908821106,False,True
2359,1b88f3b507d9300e45eb8a9f4954b1cb3c73b543ed091649c288fdd3aa8dc977,mbpp,if,4,random,0.5,-0.7890803813934326,-0.6484553813934326,False,True
2359,1b88f3b507d9300e45eb8a9f4954b1cb3c73b543ed091649c288fdd3aa8dc977,mbpp,if,4,toward,1.0,-1.0084606409072876,-0.4928356409072876,False,True
2359,1b88f3b507d9300e45eb8a9f4954b1cb3c73b543ed091649c288fdd3aa8dc977,mbpp,if,4,away,1.0,-1.5726873874664307,-0.29143744707107544,False,False
2359,1b88f3b507d9300e45eb8a9f4954b1cb3c73b543ed091649c288fdd3aa8dc977,mbpp,if,4,random,1.0,-0.6157535314559937,-0.8345035314559937,True,False
2359,1b88f3b507d9300e45eb8a9f4954b1cb3c73b543ed091649c288fdd3aa8dc977,mbpp,if,6,toward,0.5,-0.6947206854820251,-0.7415956854820251,True,False
2359,1b88f3b507d9300e45eb8a9f4954b1cb3c73b543ed091649c288fdd3aa8dc977,mbpp,if,6,away,0.5,-1.361593246459961,-0.3303433060646057,False,True
2359,1b88f3b507d9300e45eb8a9f4954b1cb3c73b543ed091649c288fdd3aa8dc977,mbpp,if,6,random,0.5,-0.9703500270843506,-0.5172250270843506,False,True
2359,1b88f3b507d9300e45eb8a9f4954b1cb3c73b543ed091649c288fdd3aa8dc977,mbpp,if,6,toward,1.0,-0.6482599973678589,-0.8045099973678589,True,False
2359,1b88f3b507d9300e45eb8a9f4954b1cb3c73b543ed091649c288fdd3aa8dc977,mbpp,if,6,away,1.0,-1.3570318222045898,-0.34140679240226746,False,False
2359,1b88f3b507d9300e45eb8a9f4954b1cb3c73b543ed091649c288fdd3aa8dc977,mbpp,if,6,random,1.0,-0.9043031334877014,-0.5605531334877014,False,True
2359,1b88f3b507d9300e45eb8a9f4954b1cb3c73b543ed091649c288fdd3aa8dc977,mbpp,if,8,toward,0.5,-0.8949985504150391,-0.5668735504150391,False,True
2359,1b88f3b507d9300e45eb8a9f4954b1cb3c73b543ed091649c288fdd3aa8dc977,mbpp,if,8,away,0.5,-1.5764062404632568,-0.26390624046325684,False,True
2359,1b88f3b507d9300e45eb8a9f4954b1cb3c73b543ed091649c288fdd3aa8dc977,mbpp,if,8,random,0.5,-1.3486812114715576,-0.33305615186691284,False,True
2359,1b88f3b507d9300e45eb8a9f4954b1cb3c73b543ed091649c288fdd3aa8dc977,mbpp,if,8,toward,1.0,-0.7935296893119812,-0.6529046893119812,False,True
2359,1b88f3b507d9300e45eb8a9f4954b1cb3c73b543ed091649c288fdd3aa8dc977,mbpp,if,8,away,1.0,-2.05741286277771,-0.16678780317306519,False,True
2359,1b88f3b507d9300e45eb8a9f4954b1cb3c73b543ed091649c288fdd3aa8dc977,mbpp,if,8,random,1.0,-1.6350553035736084,-0.244430273771286,False,True
2359,1b88f3b507d9300e45eb8a9f4954b1cb3c73b543ed091649c288fdd3aa8dc977,mbpp,if,10,toward,0.5,-0.8997320532798767,-0.5716070532798767,False,True
2359,1b88f3b507d9300e45eb8a9f4954b1cb3c73b543ed091649c288fdd3aa8dc977,mbpp,if,10,away,0.5,-1.3222861289978027,-0.33791106939315796,False,True
2359,1b88f3b507d9300e45eb8a9f4954b1cb3c73b543ed091649c288fdd3aa8dc977,mbpp,if,10,random,0.5,-1.32609224319458,-0.34171727299690247,False,True
2359,1b88f3b507d9300e45eb8a9f4954b1cb3c73b543ed091649c288fdd3aa8dc977,mbpp,if,10,toward,1.0,-0.9185198545455933,-0.5591448545455933,False,True
2359,1b88f3b507d9300e45eb8a9f4954b1cb3c73b543ed091649c288fdd3aa8dc977,mbpp,if,10,away,1.0,-1.4945027828216553,-0.27575281262397766,False,True
2359,1b88f3b507d9300e45eb8a9f4954b1cb3c73b543ed091649c288fdd3aa8dc977,mbpp,if,10,random,1.0,-1.4529635906219482,-0.29671359062194824,False,True
2359,1b88f3b507d9300e45eb8a9f4954b1cb3c73b543ed091649c288fdd3aa8dc977,mbpp,if,12,toward,0.5,-0.8440895080566406,-0.6097145080566406,False,True
2359,1b88f3b507d9300e45eb8a9f4954b1cb3c73b543ed091649c288fdd3aa8dc977,mbpp,if,12,away,0.5,-1.3357853889465332,-0.3357853293418884,False,True
2359,1b88f3b507d9300e45eb8a9f4954b1cb3c73b543ed091649c288fdd3aa8dc977,mbpp,if,12,random,0.5,-1.087143063545227,-0.44651809334754944,False,True
2359,1b88f3b507d9300e45eb8a9f4954b1cb3c73b543ed091649c288fdd3aa8dc977,mbpp,if,12,toward,1.0,-0.9347697496414185,-0.5441447496414185,False,True
2359,1b88f3b507d9300e45eb8a9f4954b1cb3c73b543ed091649c288fdd3aa8dc977,mbpp,if,12,away,1.0,-1.3219962120056152,-0.3376212418079376,False,True
2359,1b88f3b507d9300e45eb8a9f4954b1cb3c73b543ed091649c288fdd3aa8dc977,mbpp,if,12,random,1.0,-1.1384077072143555,-0.41965773701667786,False,True
2359,1b88f3b507d9300e45eb8a9f4954b1cb3c73b543ed091649c288fdd3aa8dc977,mbpp,if,14,toward,0.5,-0.9986557364463806,-0.4986557364463806,False,True
2359,1b88f3b507d9300e45eb8a9f4954b1cb3c73b543ed091649c288fdd3aa8dc977,mbpp,if,14,away,0.5,-1.0678287744522095,-0.4584537744522095,False,True
2359,1b88f3b507d9300e45eb8a9f4954b1cb3c73b543ed091649c288fdd3aa8dc977,mbpp,if,14,random,0.5,-1.0769506692886353,-0.45195066928863525,False,True
2359,1b88f3b507d9300e45eb8a9f4954b1cb3c73b543ed091649c288fdd3aa8dc977,mbpp,if,14,toward,1.0,-0.9619976282119751,-0.5244976282119751,False,True
2359,1b88f3b507d9300e45eb8a9f4954b1cb3c73b543ed091649c288fdd3aa8dc977,mbpp,if,14,away,1.0,-0.9409050941467285,-0.5346550941467285,False,True
2359,1b88f3b507d9300e45eb8a9f4954b1cb3c73b543ed091649c288fdd3aa8dc977,mbpp,if,14,random,1.0,-1.0766417980194092,-0.4516417682170868,False,True
2359,1b88f3b507d9300e45eb8a9f4954b1cb3c73b543ed091649c288fdd3aa8dc977,mbpp,if,16,toward,0.5,-1.0681581497192383,-0.4587831497192383,False,True
2359,1b88f3b507d9300e45eb8a9f4954b1cb3c73b543ed091649c288fdd3aa8dc977,mbpp,if,16,away,0.5,-1.0893504619598389,-0.44872552156448364,False,True
2359,1b88f3b507d9300e45eb8a9f4954b1cb3c73b543ed091649c288fdd3aa8dc977,mbpp,if,16,random,0.5,-1.0389821529388428,-0.47648221254348755,False,True
2359,1b88f3b507d9300e45eb8a9f4954b1cb3c73b543ed091649c288fdd3aa8dc977,mbpp,if,16,toward,1.0,-1.048903226852417,-0.470778226852417,False,True
2359,1b88f3b507d9300e45eb8a9f4954b1cb3c73b543ed091649c288fdd3aa8dc977,mbpp,if,16,away,1.0,-1.0698362588882446,-0.46046122908592224,False,True
2359,1b88f3b507d9300e45eb8a9f4954b1cb3c73b543ed091649c288fdd3aa8dc977,mbpp,if,16,random,1.0,-1.011561393737793,-0.4959363341331482,False,True
2359,1b88f3b507d9300e45eb8a9f4954b1cb3c73b543ed091649c288fdd3aa8dc977,mbpp,if,18,toward,0.5,-1.1093624830245972,-0.4374874532222748,False,True
2359,1b88f3b507d9300e45eb8a9f4954b1cb3c73b543ed091649c288fdd3aa8dc977,mbpp,if,18,away,0.5,-1.0177783966064453,-0.4865284562110901,False,True
2359,1b88f3b507d9300e45eb8a9f4954b1cb3c73b543ed091649c288fdd3aa8dc977,mbpp,if,18,random,0.5,-1.078006386756897,-0.45300641655921936,False,True
2359,1b88f3b507d9300e45eb8a9f4954b1cb3c73b543ed091649c288fdd3aa8dc977,mbpp,if,18,toward,1.0,-1.1213916540145874,-0.4338916540145874,False,True
2359,1b88f3b507d9300e45eb8a9f4954b1cb3c73b543ed091649c288fdd3aa8dc977,mbpp,if,18,away,1.0,-0.9599303007125854,-0.5224303007125854,False,True
2359,1b88f3b507d9300e45eb8a9f4954b1cb3c73b543ed091649c288fdd3aa8dc977,mbpp,if,18,random,1.0,-1.0789892673492432,-0.4539892077445984,False,True
2359,1b88f3b507d9300e45eb8a9f4954b1cb3c73b543ed091649c288fdd3aa8dc977,mbpp,if,20,toward,0.5,-1.0795278549194336,-0.45452791452407837,False,True
2359,1b88f3b507d9300e45eb8a9f4954b1cb3c73b543ed091649c288fdd3aa8dc977,mbpp,if,20,away,0.5,-1.057422161102295,-0.4636721611022949,False,True
2359,1b88f3b507d9300e45eb8a9f4954b1cb3c73b543ed091649c288fdd3aa8dc977,mbpp,if,20,random,0.5,-1.0597634315490723,-0.46601349115371704,False,True
2359,1b88f3b507d9300e45eb8a9f4954b1cb3c73b543ed091649c288fdd3aa8dc977,mbpp,if,20,toward,1.0,-1.051367998123169,-0.47324296832084656,False,True
2359,1b88f3b507d9300e45eb8a9f4954b1cb3c73b543ed091649c288fdd3aa8dc977,mbpp,if,20,away,1.0,-1.0378971099853516,-0.4753970801830292,False,True
2359,1b88f3b507d9300e45eb8a9f4954b1cb3c73b543ed091649c288fdd3aa8dc977,mbpp,if,20,random,1.0,-1.0337117910385132,-0.4868367910385132,False,True
2359,1b88f3b507d9300e45eb8a9f4954b1cb3c73b543ed091649c288fdd3aa8dc977,mbpp,if,22,toward,0.5,-1.0796743631362915,-0.4546743631362915,False,True
2359,1b88f3b507d9300e45eb8a9f4954b1cb3c73b543ed091649c288fdd3aa8dc977,mbpp,if,22,away,0.5,-1.058089256286621,-0.4643392562866211,False,True
2359,1b88f3b507d9300e45eb8a9f4954b1cb3c73b543ed091649c288fdd3aa8dc977,mbpp,if,22,random,0.5,-1.060170292854309,-0.4664202928543091,False,True
2359,1b88f3b507d9300e45eb8a9f4954b1cb3c73b543ed091649c288fdd3aa8dc977,mbpp,if,22,toward,1.0,-1.0706126689910889,-0.46123772859573364,False,True
2359,1b88f3b507d9300e45eb8a9f4954b1cb3c73b543ed091649c288fdd3aa8dc977,mbpp,if,22,away,1.0,-1.0400408506393433,-0.47754085063934326,False,True
2359,1b88f3b507d9300e45eb8a9f4954b1cb3c73b543ed091649c288fdd3aa8dc977,mbpp,if,22,random,1.0,-1.0316275358200073,-0.4847525358200073,False,True
2359,1b88f3b507d9300e45eb8a9f4954b1cb3c73b543ed091649c288fdd3aa8dc977,mbpp,if,24,toward,0.5,-1.069408655166626,-0.4600335955619812,False,True
2359,1b88f3b507d9300e45eb8a9f4954b1cb3c73b543ed091649c288fdd3aa8dc977,mbpp,if,24,away,0.5,-1.0475051403045654,-0.46938014030456543,False,True
2359,1b88f3b507d9300e45eb8a9f4954b1cb3c73b543ed091649c288fdd3aa8dc977,mbpp,if,24,random,0.5,-1.0690386295318604,-0.45966365933418274,False,True
2359,1b88f3b507d9300e45eb8a9f4954b1cb3c73b543ed091649c288fdd3aa8dc977,mbpp,if,24,toward,1.0,-1.060104250907898,-0.46635425090789795,False,True
2359,1b88f3b507d9300e45eb8a9f4954b1cb3c73b543ed091649c288fdd3aa8dc977,mbpp,if,24,away,1.0,-1.0388500690460205,-0.4763500690460205,False,True
2359,1b88f3b507d9300e45eb8a9f4954b1cb3c73b543ed091649c288fdd3aa8dc977,mbpp,if,24,random,1.0,-1.0400757789611816,-0.47757577896118164,False,True
2359,1b88f3b507d9300e45eb8a9f4954b1cb3c73b543ed091649c288fdd3aa8dc977,mbpp,if,26,toward,0.5,-1.0797686576843262,-0.45476865768432617,False,True
2359,1b88f3b507d9300e45eb8a9f4954b1cb3c73b543ed091649c288fdd3aa8dc977,mbpp,if,26,away,0.5,-1.058258056640625,-0.464508056640625,False,True
2359,1b88f3b507d9300e45eb8a9f4954b1cb3c73b543ed091649c288fdd3aa8dc977,mbpp,if,26,random,0.5,-1.0689959526062012,-0.4596208930015564,False,True
2359,1b88f3b507d9300e45eb8a9f4954b1cb3c73b543ed091649c288fdd3aa8dc977,mbpp,if,26,toward,1.0,-1.0800975561141968,-0.45509758591651917,False,True
2359,1b88f3b507d9300e45eb8a9f4954b1cb3c73b543ed091649c288fdd3aa8dc977,mbpp,if,26,away,1.0,-1.049390196800232,-0.47126519680023193,False,True
2359,1b88f3b507d9300e45eb8a9f4954b1cb3c73b543ed091649c288fdd3aa8dc977,mbpp,if,26,random,1.0,-1.0497877597808838,-0.4716627597808838,False,True
2359,1b88f3b507d9300e45eb8a9f4954b1cb3c73b543ed091649c288fdd3aa8dc977,mbpp,if,28,toward,0.5,-1.0785095691680908,-0.4535096287727356,False,True
2359,1b88f3b507d9300e45eb8a9f4954b1cb3c73b543ed091649c288fdd3aa8dc977,mbpp,if,28,away,0.5,-1.0683190822601318,-0.45894408226013184,False,True
2359,1b88f3b507d9300e45eb8a9f4954b1cb3c73b543ed091649c288fdd3aa8dc977,mbpp,if,28,random,0.5,-1.078188419342041,-0.453188419342041,False,True
2359,1b88f3b507d9300e45eb8a9f4954b1cb3c73b543ed091649c288fdd3aa8dc977,mbpp,if,28,toward,1.0,-1.0786724090576172,-0.45367246866226196,False,True
2359,1b88f3b507d9300e45eb8a9f4954b1cb3c73b543ed091649c288fdd3aa8dc977,mbpp,if,28,away,1.0,-1.068150520324707,-0.45877546072006226,False,True
2359,1b88f3b507d9300e45eb8a9f4954b1cb3c73b543ed091649c288fdd3aa8dc977,mbpp,if,28,random,1.0,-1.0679075717926025,-0.45853251218795776,False,True
2359,1b88f3b507d9300e45eb8a9f4954b1cb3c73b543ed091649c288fdd3aa8dc977,mbpp,if,30,toward,0.5,-1.0683577060699463,-0.4589826464653015,False,True
2359,1b88f3b507d9300e45eb8a9f4954b1cb3c73b543ed091649c288fdd3aa8dc977,mbpp,if,30,away,0.5,-1.0786399841308594,-0.4536399245262146,False,True
2359,1b88f3b507d9300e45eb8a9f4954b1cb3c73b543ed091649c288fdd3aa8dc977,mbpp,if,30,random,0.5,-1.0787851810455322,-0.4537851810455322,False,True
2359,1b88f3b507d9300e45eb8a9f4954b1cb3c73b543ed091649c288fdd3aa8dc977,mbpp,if,30,toward,1.0,-1.078494668006897,-0.453494668006897,False,True
2359,1b88f3b507d9300e45eb8a9f4954b1cb3c73b543ed091649c288fdd3aa8dc977,mbpp,if,30,away,1.0,-1.068724513053894,-0.45934951305389404,False,True
2359,1b88f3b507d9300e45eb8a9f4954b1cb3c73b543ed091649c288fdd3aa8dc977,mbpp,if,30,random,1.0,-1.0689284801483154,-0.4595535099506378,False,True
2359,1b88f3b507d9300e45eb8a9f4954b1cb3c73b543ed091649c288fdd3aa8dc977,mbpp,if,31,toward,0.5,-1.078546166419983,-0.4535461664199829,False,True
2359,1b88f3b507d9300e45eb8a9f4954b1cb3c73b543ed091649c288fdd3aa8dc977,mbpp,if,31,away,0.5,-1.078546166419983,-0.4535461664199829,False,True
2359,1b88f3b507d9300e45eb8a9f4954b1cb3c73b543ed091649c288fdd3aa8dc977,mbpp,if,31,random,0.5,-1.078546166419983,-0.4535461664199829,False,True
2359,1b88f3b507d9300e45eb8a9f4954b1cb3c73b543ed091649c288fdd3aa8dc977,mbpp,if,31,toward,1.0,-1.078546166419983,-0.4535461664199829,False,True
2359,1b88f3b507d9300e45eb8a9f4954b1cb3c73b543ed091649c288fdd3aa8dc977,mbpp,if,31,away,1.0,-1.078546166419983,-0.4535461664199829,False,True
2359,1b88f3b507d9300e45eb8a9f4954b1cb3c73b543ed091649c288fdd3aa8dc977,mbpp,if,31,random,1.0,-1.078546166419983,-0.4535461664199829,False,True
2359,1b88f3b507d9300e45eb8a9f4954b1cb3c73b543ed091649c288fdd3aa8dc977,mbpp,body_first,0,toward,0.5,-1.0884872674942017,-0.44786226749420166,False,True
2359,1b88f3b507d9300e45eb8a9f4954b1cb3c73b543ed091649c288fdd3aa8dc977,mbpp,body_first,0,away,0.5,-1.068282127380371,-0.45890718698501587,False,True
2359,1b88f3b507d9300e45eb8a9f4954b1cb3c73b543ed091649c288fdd3aa8dc977,mbpp,body_first,0,random,0.5,-1.0683411359786987,-0.4589661657810211,False,True
2359,1b88f3b507d9300e45eb8a9f4954b1cb3c73b543ed091649c288fdd3aa8dc977,mbpp,body_first,0,toward,1.0,-1.0983991622924805,-0.44214922189712524,False,True
2359,1b88f3b507d9300e45eb8a9f4954b1cb3c73b543ed091649c288fdd3aa8dc977,mbpp,body_first,0,away,1.0,-1.0083909034729004,-0.492765873670578,False,True
2359,1b88f3b507d9300e45eb8a9f4954b1cb3c73b543ed091649c288fdd3aa8dc977,mbpp,body_first,0,random,1.0,-1.03800630569458,-0.4755063056945801,False,True
2359,1b88f3b507d9300e45eb8a9f4954b1cb3c73b543ed091649c288fdd3aa8dc977,mbpp,body_first,2,toward,0.5,-1.0781453847885132,-0.4531453847885132,False,True
2359,1b88f3b507d9300e45eb8a9f4954b1cb3c73b543ed091649c288fdd3aa8dc977,mbpp,body_first,2,away,0.5,-1.0683549642562866,-0.4589799642562866,False,True
2359,1b88f3b507d9300e45eb8a9f4954b1cb3c73b543ed091649c288fdd3aa8dc977,mbpp,body_first,2,random,0.5,-1.07859206199646,-0.45359206199645996,False,True
2359,1b88f3b507d9300e45eb8a9f4954b1cb3c73b543ed091649c288fdd3aa8dc977,mbpp,body_first,2,toward,1.0,-1.0374503135681152,-0.47495025396347046,False,True
2359,1b88f3b507d9300e45eb8a9f4954b1cb3c73b543ed091649c288fdd3aa8dc977,mbpp,body_first,2,away,1.0,-0.9792286157608032,-0.5104786157608032,False,True
2359,1b88f3b507d9300e45eb8a9f4954b1cb3c73b543ed091649c288fdd3aa8dc977,mbpp,body_first,2,random,1.0,-1.0182996988296509,-0.4870496690273285,False,True
2359,1b88f3b507d9300e45eb8a9f4954b1cb3c73b543ed091649c288fdd3aa8dc977,mbpp,body_first,4,toward,0.5,-1.0682390928268433,-0.45886409282684326,False,True
2359,1b88f3b507d9300e45eb8a9f4954b1cb3c73b543ed091649c288fdd3aa8dc977,mbpp,body_first,4,away,0.5,-1.0786118507385254,-0.45361191034317017,False,True
2359,1b88f3b507d9300e45eb8a9f4954b1cb3c73b543ed091649c288fdd3aa8dc977,mbpp,body_first,4,random,0.5,-1.0579720735549927,-0.4642220735549927,False,True
2359,1b88f3b507d9300e45eb8a9f4954b1cb3c73b543ed091649c288fdd3aa8dc977,mbpp,body_first,4,toward,1.0,-1.0377498865127563,-0.47524988651275635,False,True
2359,1b88f3b507d9300e45eb8a9f4954b1cb3c73b543ed091649c288fdd3aa8dc977,mbpp,body_first,4,away,1.0,-1.0482372045516968,-0.4701122045516968,False,True
2359,1b88f3b507d9300e45eb8a9f4954b1cb3c73b543ed091649c288fdd3aa8dc977,mbpp,body_first,4,random,1.0,-1.0181362628936768,-0.48688626289367676,False,True
2359,1b88f3b507d9300e45eb8a9f4954b1cb3c73b543ed091649c288fdd3aa8dc977,mbpp,body_first,6,toward,0.5,-1.0581793785095215,-0.4644293189048767,False,True
2359,1b88f3b507d9300e45eb8a9f4954b1cb3c73b543ed091649c288fdd3aa8dc977,mbpp,body_first,6,away,0.5,-1.0581310987472534,-0.4643810987472534,False,True
2359,1b88f3b507d9300e45eb8a9f4954b1cb3c73b543ed091649c288fdd3aa8dc977,mbpp,body_first,6,random,0.5,-1.0584571361541748,-0.4647071063518524,False,True
2359,1b88f3b507d9300e45eb8a9f4954b1cb3c73b543ed091649c288fdd3aa8dc977,mbpp,body_first,6,toward,1.0,-1.038562536239624,-0.47606247663497925,False,True
2359,1b88f3b507d9300e45eb8a9f4954b1cb3c73b543ed091649c288fdd3aa8dc977,mbpp,body_first,6,away,1.0,-1.0379071235656738,-0.4754071533679962,False,True
2359,1b88f3b507d9300e45eb8a9f4954b1cb3c73b543ed091649c288fdd3aa8dc977,mbpp,body_first,6,random,1.0,-1.0285478830337524,-0.48167288303375244,False,True
2359,1b88f3b507d9300e45eb8a9f4954b1cb3c73b543ed091649c288fdd3aa8dc977,mbpp,body_first,8,toward,0.5,-1.0585203170776367,-0.4647703170776367,False,True
2359,1b88f3b507d9300e45eb8a9f4954b1cb3c73b543ed091649c288fdd3aa8dc977,mbpp,body_first,8,away,0.5,-1.099204659461975,-0.4429546892642975,False,True
2359,1b88f3b507d9300e45eb8a9f4954b1cb3c73b543ed091649c288fdd3aa8dc977,mbpp,body_first,8,random,0.5,-1.0683608055114746,-0.4589858055114746,False,True
2359,1b88f3b507d9300e45eb8a9f4954b1cb3c73b543ed091649c288fdd3aa8dc977,mbpp,body_first,8,toward,1.0,-1.0396822690963745,-0.4771822988986969,False,True
2359,1b88f3b507d9300e45eb8a9f4954b1cb3c73b543ed091649c288fdd3aa8dc977,mbpp,body_first,8,away,1.0,-1.1098239421844482,-0.43794897198677063,False,True
2359,1b88f3b507d9300e45eb8a9f4954b1cb3c73b543ed091649c288fdd3aa8dc977,mbpp,body_first,8,random,1.0,-1.08897066116333,-0.4483456611633301,False,True
2359,1b88f3b507d9300e45eb8a9f4954b1cb3c73b543ed091649c288fdd3aa8dc977,mbpp,body_first,10,toward,0.5,-1.0786757469177246,-0.4536758065223694,False,True
2359,1b88f3b507d9300e45eb8a9f4954b1cb3c73b543ed091649c288fdd3aa8dc977,mbpp,body_first,10,away,0.5,-1.0786582231521606,-0.45365825295448303,False,True
2359,1b88f3b507d9300e45eb8a9f4954b1cb3c73b543ed091649c288fdd3aa8dc977,mbpp,body_first,10,random,0.5,-1.0893326997756958,-0.4487077295780182,False,True
2359,1b88f3b507d9300e45eb8a9f4954b1cb3c73b543ed091649c288fdd3aa8dc977,mbpp,body_first,10,toward,1.0,-1.0789868831634521,-0.45398688316345215,False,True
2359,1b88f3b507d9300e45eb8a9f4954b1cb3c73b543ed091649c288fdd3aa8dc977,mbpp,body_first,10,away,1.0,-1.0890007019042969,-0.4483757019042969,False,True
2359,1b88f3b507d9300e45eb8a9f4954b1cb3c73b543ed091649c288fdd3aa8dc977,mbpp,body_first,10,random,1.0,-1.0892839431762695,-0.44865894317626953,False,True
2359,1b88f3b507d9300e45eb8a9f4954b1cb3c73b543ed091649c288fdd3aa8dc977,mbpp,body_first,12,toward,0.5,-1.0685513019561768,-0.459176242351532,False,True
2359,1b88f3b507d9300e45eb8a9f4954b1cb3c73b543ed091649c288fdd3aa8dc977,mbpp,body_first,12,away,0.5,-1.0786190032958984,-0.45361894369125366,False,True
2359,1b88f3b507d9300e45eb8a9f4954b1cb3c73b543ed091649c288fdd3aa8dc977,mbpp,body_first,12,random,0.5,-1.0787100791931152,-0.45371013879776,False,True
2359,1b88f3b507d9300e45eb8a9f4954b1cb3c73b543ed091649c288fdd3aa8dc977,mbpp,body_first,12,toward,1.0,-1.0688493251800537,-0.4594743847846985,False,True
2359,1b88f3b507d9300e45eb8a9f4954b1cb3c73b543ed091649c288fdd3aa8dc977,mbpp,body_first,12,away,1.0,-1.0785099267959595,-0.4535099267959595,False,True
2359,1b88f3b507d9300e45eb8a9f4954b1cb3c73b543ed091649c288fdd3aa8dc977,mbpp,body_first,12,random,1.0,-1.0887947082519531,-0.44816964864730835,False,True
2359,1b88f3b507d9300e45eb8a9f4954b1cb3c73b543ed091649c288fdd3aa8dc977,mbpp,body_first,14,toward,0.5,-1.0784896612167358,-0.45348966121673584,False,True
2359,1b88f3b507d9300e45eb8a9f4954b1cb3c73b543ed091649c288fdd3aa8dc977,mbpp,body_first,14,away,0.5,-1.0685174465179443,-0.4591425061225891,False,True
2359,1b88f3b507d9300e45eb8a9f4954b1cb3c73b543ed091649c288fdd3aa8dc977,mbpp,body_first,14,random,0.5,-1.0785410404205322,-0.453541100025177,False,True
2359,1b88f3b507d9300e45eb8a9f4954b1cb3c73b543ed091649c288fdd3aa8dc977,mbpp,body_first,14,toward,1.0,-1.0784966945648193,-0.45349663496017456,False,True
2359,1b88f3b507d9300e45eb8a9f4954b1cb3c73b543ed091649c288fdd3aa8dc977,mbpp,body_first,14,away,1.0,-1.0685038566589355,-0.45912885665893555,False,True
2359,1b88f3b507d9300e45eb8a9f4954b1cb3c73b543ed091649c288fdd3aa8dc977,mbpp,body_first,14,random,1.0,-1.0786986351013184,-0.45369869470596313,False,True
2359,1b88f3b507d9300e45eb8a9f4954b1cb3c73b543ed091649c288fdd3aa8dc977,mbpp,body_first,16,toward,0.5,-1.0783967971801758,-0.4533967971801758,False,True
2359,1b88f3b507d9300e45eb8a9f4954b1cb3c73b543ed091649c288fdd3aa8dc977,mbpp,body_first,16,away,0.5,-1.0683807134628296,-0.4590057134628296,False,True
2359,1b88f3b507d9300e45eb8a9f4954b1cb3c73b543ed091649c288fdd3aa8dc977,mbpp,body_first,16,random,0.5,-1.0784106254577637,-0.4534105658531189,False,True
2359,1b88f3b507d9300e45eb8a9f4954b1cb3c73b543ed091649c288fdd3aa8dc977,mbpp,body_first,16,toward,1.0,-1.0784825086593628,-0.4534825086593628,False,True
2359,1b88f3b507d9300e45eb8a9f4954b1cb3c73b543ed091649c288fdd3aa8dc977,mbpp,body_first,16,away,1.0,-1.0785887241363525,-0.45358872413635254,False,True
2359,1b88f3b507d9300e45eb8a9f4954b1cb3c73b543ed091649c288fdd3aa8dc977,mbpp,body_first,16,random,1.0,-1.068286418914795,-0.45891138911247253,False,True
2359,1b88f3b507d9300e45eb8a9f4954b1cb3c73b543ed091649c288fdd3aa8dc977,mbpp,body_first,18,toward,0.5,-1.0785958766937256,-0.4535958170890808,False,True
2359,1b88f3b507d9300e45eb8a9f4954b1cb3c73b543ed091649c288fdd3aa8dc977,mbpp,body_first,18,away,0.5,-1.0682780742645264,-0.45890310406684875,False,True
2359,1b88f3b507d9300e45eb8a9f4954b1cb3c73b543ed091649c288fdd3aa8dc977,mbpp,body_first,18,random,0.5,-1.078686237335205,-0.4536861777305603,False,True
2359,1b88f3b507d9300e45eb8a9f4954b1cb3c73b543ed091649c288fdd3aa8dc977,mbpp,body_first,18,toward,1.0,-1.0686256885528564,-0.45925065875053406,False,True
2359,1b88f3b507d9300e45eb8a9f4954b1cb3c73b543ed091649c288fdd3aa8dc977,mbpp,body_first,18,away,1.0,-1.078488826751709,-0.453488826751709,False,True
2359,1b88f3b507d9300e45eb8a9f4954b1cb3c73b543ed091649c288fdd3aa8dc977,mbpp,body_first,18,random,1.0,-1.0784938335418701,-0.4534938931465149,False,True
2359,1b88f3b507d9300e45eb8a9f4954b1cb3c73b543ed091649c288fdd3aa8dc977,mbpp,body_first,20,toward,0.5,-1.07860267162323,-0.45360267162323,False,True
2359,1b88f3b507d9300e45eb8a9f4954b1cb3c73b543ed091649c288fdd3aa8dc977,mbpp,body_first,20,away,0.5,-1.0785677433013916,-0.4535678029060364,False,True
2359,1b88f3b507d9300e45eb8a9f4954b1cb3c73b543ed091649c288fdd3aa8dc977,mbpp,body_first,20,random,0.5,-1.0785386562347412,-0.45353859663009644,False,True
2359,1b88f3b507d9300e45eb8a9f4954b1cb3c73b543ed091649c288fdd3aa8dc977,mbpp,body_first,20,toward,1.0,-1.0685701370239258,-0.459195077419281,False,True
2359,1b88f3b507d9300e45eb8a9f4954b1cb3c73b543ed091649c288fdd3aa8dc977,mbpp,body_first,20,away,1.0,-1.0784931182861328,-0.4534931182861328,False,True
2359,1b88f3b507d9300e45eb8a9f4954b1cb3c73b543ed091649c288fdd3aa8dc977,mbpp,body_first,20,random,1.0,-1.0785725116729736,-0.45357251167297363,False,True
2359,1b88f3b507d9300e45eb8a9f4954b1cb3c73b543ed091649c288fdd3aa8dc977,mbpp,body_first,22,toward,0.5,-1.0785949230194092,-0.4535948634147644,False,True
2359,1b88f3b507d9300e45eb8a9f4954b1cb3c73b543ed091649c288fdd3aa8dc977,mbpp,body_first,22,away,0.5,-1.0784361362457275,-0.4534361660480499,False,True
2359,1b88f3b507d9300e45eb8a9f4954b1cb3c73b543ed091649c288fdd3aa8dc977,mbpp,body_first,22,random,0.5,-1.078601360321045,-0.45360130071640015,False,True
2359,1b88f3b507d9300e45eb8a9f4954b1cb3c73b543ed091649c288fdd3aa8dc977,mbpp,body_first,22,toward,1.0,-1.0786104202270508,-0.453610360622406,False,True
2359,1b88f3b507d9300e45eb8a9f4954b1cb3c73b543ed091649c288fdd3aa8dc977,mbpp,body_first,22,away,1.0,-1.068312168121338,-0.45893722772598267,False,True
2359,1b88f3b507d9300e45eb8a9f4954b1cb3c73b543ed091649c288fdd3aa8dc977,mbpp,body_first,22,random,1.0,-1.0786386728286743,-0.4536387026309967,False,True
2359,1b88f3b507d9300e45eb8a9f4954b1cb3c73b543ed091649c288fdd3aa8dc977,mbpp,body_first,24,toward,0.5,-1.0786134004592896,-0.45361340045928955,False,True
2359,1b88f3b507d9300e45eb8a9f4954b1cb3c73b543ed091649c288fdd3aa8dc977,mbpp,body_first,24,away,0.5,-1.0683763027191162,-0.459001362323761,False,True
2359,1b88f3b507d9300e45eb8a9f4954b1cb3c73b543ed091649c288fdd3aa8dc977,mbpp,body_first,24,random,0.5,-1.0786136388778687,-0.45361363887786865,False,True
2359,1b88f3b507d9300e45eb8a9f4954b1cb3c73b543ed091649c288fdd3aa8dc977,mbpp,body_first,24,toward,1.0,-1.0788272619247437,-0.45382726192474365,False,True
2359,1b88f3b507d9300e45eb8a9f4954b1cb3c73b543ed091649c288fdd3aa8dc977,mbpp,body_first,24,away,1.0,-1.068415641784668,-0.45904067158699036,False,True
2359,1b88f3b507d9300e45eb8a9f4954b1cb3c73b543ed091649c288fdd3aa8dc977,mbpp,body_first,24,random,1.0,-1.0785932540893555,-0.45359325408935547,False,True
2359,1b88f3b507d9300e45eb8a9f4954b1cb3c73b543ed091649c288fdd3aa8dc977,mbpp,body_first,26,toward,0.5,-1.0686619281768799,-0.45928695797920227,False,True
2359,1b88f3b507d9300e45eb8a9f4954b1cb3c73b543ed091649c288fdd3aa8dc977,mbpp,body_first,26,away,0.5,-1.0785369873046875,-0.4535369277000427,False,True
2359,1b88f3b507d9300e45eb8a9f4954b1cb3c73b543ed091649c288fdd3aa8dc977,mbpp,body_first,26,random,0.5,-1.0684105157852173,-0.4590355455875397,False,True
2359,1b88f3b507d9300e45eb8a9f4954b1cb3c73b543ed091649c288fdd3aa8dc977,mbpp,body_first,26,toward,1.0,-1.0685746669769287,-0.4591997265815735,False,True
2359,1b88f3b507d9300e45eb8a9f4954b1cb3c73b543ed091649c288fdd3aa8dc977,mbpp,body_first,26,away,1.0,-1.078506588935852,-0.45350661873817444,False,True
2359,1b88f3b507d9300e45eb8a9f4954b1cb3c73b543ed091649c288fdd3aa8dc977,mbpp,body_first,26,random,1.0,-1.0786106586456299,-0.4536105990409851,False,True
2359,1b88f3b507d9300e45eb8a9f4954b1cb3c73b543ed091649c288fdd3aa8dc977,mbpp,body_first,28,toward,0.5,-1.0785553455352783,-0.4535554051399231,False,True
2359,1b88f3b507d9300e45eb8a9f4954b1cb3c73b543ed091649c288fdd3aa8dc977,mbpp,body_first,28,away,0.5,-1.068419337272644,-0.45904433727264404,False,True
2359,1b88f3b507d9300e45eb8a9f4954b1cb3c73b543ed091649c288fdd3aa8dc977,mbpp,body_first,28,random,0.5,-1.078546166419983,-0.4535461664199829,False,True
2359,1b88f3b507d9300e45eb8a9f4954b1cb3c73b543ed091649c288fdd3aa8dc977,mbpp,body_first,28,toward,1.0,-1.0785582065582275,-0.4535582661628723,False,True
2359,1b88f3b507d9300e45eb8a9f4954b1cb3c73b543ed091649c288fdd3aa8dc977,mbpp,body_first,28,away,1.0,-1.0783274173736572,-0.45332738757133484,False,True
2359,1b88f3b507d9300e45eb8a9f4954b1cb3c73b543ed091649c288fdd3aa8dc977,mbpp,body_first,28,random,1.0,-1.0684561729431152,-0.45908111333847046,False,True
2359,1b88f3b507d9300e45eb8a9f4954b1cb3c73b543ed091649c288fdd3aa8dc977,mbpp,body_first,30,toward,0.5,-1.0686430931091309,-0.45926812291145325,False,True
2359,1b88f3b507d9300e45eb8a9f4954b1cb3c73b543ed091649c288fdd3aa8dc977,mbpp,body_first,30,away,0.5,-1.0785444974899292,-0.4535444974899292,False,True
2359,1b88f3b507d9300e45eb8a9f4954b1cb3c73b543ed091649c288fdd3aa8dc977,mbpp,body_first,30,random,0.5,-1.0785443782806396,-0.4535443186759949,False,True
2359,1b88f3b507d9300e45eb8a9f4954b1cb3c73b543ed091649c288fdd3aa8dc977,mbpp,body_first,30,toward,1.0,-1.0685913562774658,-0.45921629667282104,False,True
2359,1b88f3b507d9300e45eb8a9f4954b1cb3c73b543ed091649c288fdd3aa8dc977,mbpp,body_first,30,away,1.0,-1.0785430669784546,-0.4535430669784546,False,True
2359,1b88f3b507d9300e45eb8a9f4954b1cb3c73b543ed091649c288fdd3aa8dc977,mbpp,body_first,30,random,1.0,-1.0785460472106934,-0.45354607701301575,False,True
2359,1b88f3b507d9300e45eb8a9f4954b1cb3c73b543ed091649c288fdd3aa8dc977,mbpp,body_first,31,toward,0.5,-1.078546166419983,-0.4535461664199829,False,True
2359,1b88f3b507d9300e45eb8a9f4954b1cb3c73b543ed091649c288fdd3aa8dc977,mbpp,body_first,31,away,0.5,-1.078546166419983,-0.4535461664199829,False,True
2359,1b88f3b507d9300e45eb8a9f4954b1cb3c73b543ed091649c288fdd3aa8dc977,mbpp,body_first,31,random,0.5,-1.078546166419983,-0.4535461664199829,False,True
2359,1b88f3b507d9300e45eb8a9f4954b1cb3c73b543ed091649c288fdd3aa8dc977,mbpp,body_first,31,toward,1.0,-1.078546166419983,-0.4535461664199829,False,True
2359,1b88f3b507d9300e45eb8a9f4954b1cb3c73b543ed091649c288fdd3aa8dc977,mbpp,body_first,31,away,1.0,-1.078546166419983,-0.4535461664199829,False,True
2359,1b88f3b507d9300e45eb8a9f4954b1cb3c73b543ed091649c288fdd3aa8dc977,mbpp,body_first,31,random,1.0,-1.078546166419983,-0.4535461664199829,False,True
2359,1b88f3b507d9300e45eb8a9f4954b1cb3c73b543ed091649c288fdd3aa8dc977,mbpp,answer,0,toward,0.5,-1.0977437496185303,-0.4414936900138855,False,True
2359,1b88f3b507d9300e45eb8a9f4954b1cb3c73b543ed091649c288fdd3aa8dc977,mbpp,answer,0,away,0.5,-1.0685971975326538,-0.4592221975326538,False,True
2359,1b88f3b507d9300e45eb8a9f4954b1cb3c73b543ed091649c288fdd3aa8dc977,mbpp,answer,0,random,0.5,-1.0381468534469604,-0.47564685344696045,False,True
2359,1b88f3b507d9300e45eb8a9f4954b1cb3c73b543ed091649c288fdd3aa8dc977,mbpp,answer,0,toward,1.0,-1.1801810264587402,-0.39893099665641785,False,True
2359,1b88f3b507d9300e45eb8a9f4954b1cb3c73b543ed091649c288fdd3aa8dc977,mbpp,answer,0,away,1.0,-1.1124203205108643,-0.4405452609062195,False,True
2359,1b88f3b507d9300e45eb8a9f4954b1cb3c73b543ed091649c288fdd3aa8dc977,mbpp,answer,0,random,1.0,-1.008066177368164,-0.4924411475658417,False,True
2359,1b88f3b507d9300e45eb8a9f4954b1cb3c73b543ed091649c288fdd3aa8dc977,mbpp,answer,2,toward,0.5,-1.0463535785675049,-0.4682285189628601,False,True
2359,1b88f3b507d9300e45eb8a9f4954b1cb3c73b543ed091649c288fdd3aa8dc977,mbpp,answer,2,away,0.5,-1.110799789428711,-0.43892478942871094,False,True
2359,1b88f3b507d9300e45eb8a9f4954b1cb3c73b543ed091649c288fdd3aa8dc977,mbpp,answer,2,random,0.5,-0.9795910716056824,-0.5108410716056824,False,True
2359,1b88f3b507d9300e45eb8a9f4954b1cb3c73b543ed091649c288fdd3aa8dc977,mbpp,answer,2,toward,1.0,-1.158900260925293,-0.4089002311229706,False,True
2359,1b88f3b507d9300e45eb8a9f4954b1cb3c73b543ed091649c288fdd3aa8dc977,mbpp,answer,2,away,1.0,-1.1966888904571533,-0.39981383085250854,False,True
2359,1b88f3b507d9300e45eb8a9f4954b1cb3c73b543ed091649c288fdd3aa8dc977,mbpp,answer,2,random,1.0,-0.9416781663894653,-0.5354281663894653,False,True
2359,1b88f3b507d9300e45eb8a9f4954b1cb3c73b543ed091649c288fdd3aa8dc977,mbpp,answer,4,toward,0.5,-1.107446312904358,-0.4355713129043579,False,True
2359,1b88f3b507d9300e45eb8a9f4954b1cb3c73b543ed091649c288fdd3aa8dc977,mbpp,answer,4,away,0.5,-1.1013000011444092,-0.4450500011444092,False,True
2359,1b88f3b507d9300e45eb8a9f4954b1cb3c73b543ed091649c288fdd3aa8dc977,mbpp,answer,4,random,0.5,-0.9991794228553772,-0.4991794228553772,False,True
2359,1b88f3b507d9300e45eb8a9f4954b1cb3c73b543ed091649c288fdd3aa8dc977,mbpp,answer,4,toward,1.0,-1.2667925357818604,-0.3605424761772156,False,True
2359,1b88f3b507d9300e45eb8a9f4954b1cb3c73b543ed091649c288fdd3aa8dc977,mbpp,answer,4,away,1.0,-1.2424256801605225,-0.38305070996284485,False,True
2359,1b88f3b507d9300e45eb8a9f4954b1cb3c73b543ed091649c288fdd3aa8dc977,mbpp,answer,4,random,1.0,-1.0864243507385254,-0.4457992911338806,False,True
2359,1b88f3b507d9300e45eb8a9f4954b1cb3c73b543ed091649c288fdd3aa8dc977,mbpp,answer,6,toward,0.5,-1.2337721586227417,-0.3743971586227417,False,True
2359,1b88f3b507d9300e45eb8a9f4954b1cb3c73b543ed091649c288fdd3aa8dc977,mbpp,answer,6,away,0.5,-1.0408141613006592,-0.47831419110298157,False,True
2359,1b88f3b507d9300e45eb8a9f4954b1cb3c73b543ed091649c288fdd3aa8dc977,mbpp,answer,6,random,0.5,-1.1385228633880615,-0.41977283358573914,False,True
2359,1b88f3b507d9300e45eb8a9f4954b1cb3c73b543ed091649c288fdd3aa8dc977,mbpp,answer,6,toward,1.0,-1.3575729131698608,-0.32632291316986084,False,True
2359,1b88f3b507d9300e45eb8a9f4954b1cb3c73b543ed091649c288fdd3aa8dc977,mbpp,answer,6,away,1.0,-1.27210533618927,-0.3658553659915924,False,True
2359,1b88f3b507d9300e45eb8a9f4954b1cb3c73b543ed091649c288fdd3aa8dc977,mbpp,answer,6,random,1.0,-1.3573675155639648,-0.3261175751686096,False,True
2359,1b88f3b507d9300e45eb8a9f4954b1cb3c73b543ed091649c288fdd3aa8dc977,mbpp,answer,8,toward,0.5,-1.249488115310669,-0.37448808550834656,False,True
2359,1b88f3b507d9300e45eb8a9f4954b1cb3c73b543ed091649c288fdd3aa8dc977,mbpp,answer,8,away,0.5,-1.0168490409851074,-0.4855990707874298,False,True
2359,1b88f3b507d9300e45eb8a9f4954b1cb3c73b543ed091649c288fdd3aa8dc977,mbpp,answer,8,random,0.5,-1.0863032341003418,-0.4456782341003418,False,True
2359,1b88f3b507d9300e45eb8a9f4954b1cb3c73b543ed091649c288fdd3aa8dc977,mbpp,answer,8,toward,1.0,-1.4565516710281372,-0.3159266710281372,False,True
2359,1b88f3b507d9300e45eb8a9f4954b1cb3c73b543ed091649c288fdd3aa8dc977,mbpp,answer,8,away,1.0,-1.0332435369491577,-0.4707435071468353,False,True
2359,1b88f3b507d9300e45eb8a9f4954b1cb3c73b543ed091649c288fdd3aa8dc977,mbpp,answer,8,random,1.0,-1.12801194190979,-0.42488694190979004,False,True
2359,1b88f3b507d9300e45eb8a9f4954b1cb3c73b543ed091649c288fdd3aa8dc977,mbpp,answer,10,toward,0.5,-0.9346417784690857,-0.5440167784690857,False,True
2359,1b88f3b507d9300e45eb8a9f4954b1cb3c73b543ed091649c288fdd3aa8dc977,mbpp,answer,10,away,0.5,-1.2066981792449951,-0.3941981792449951,False,True
2359,1b88f3b507d9300e45eb8a9f4954b1cb3c73b543ed091649c288fdd3aa8dc977,mbpp,answer,10,random,0.5,-0.9508519768714905,-0.5289769768714905,False,True
2359,1b88f3b507d9300e45eb8a9f4954b1cb3c73b543ed091649c288fdd3aa8dc977,mbpp,answer,10,toward,1.0,-0.9687967300415039,-0.5469217300415039,False,True
2359,1b88f3b507d9300e45eb8a9f4954b1cb3c73b543ed091649c288fdd3aa8dc977,mbpp,answer,10,away,1.0,-1.2638967037200928,-0.37327176332473755,False,True
2359,1b88f3b507d9300e45eb8a9f4954b1cb3c73b543ed091649c288fdd3aa8dc977,mbpp,answer,10,random,1.0,-0.8984054327011108,-0.5702804327011108,False,True
2359,1b88f3b507d9300e45eb8a9f4954b1cb3c73b543ed091649c288fdd3aa8dc977,mbpp,answer,12,toward,0.5,-0.8376372456550598,-0.6188872456550598,False,True
2359,1b88f3b507d9300e45eb8a9f4954b1cb3c73b543ed091649c288fdd3aa8dc977,mbpp,answer,12,away,0.5,-1.4071614742279053,-0.3134114444255829,False,True
2359,1b88f3b507d9300e45eb8a9f4954b1cb3c73b543ed091649c288fdd3aa8dc977,mbpp,answer,12,random,0.5,-1.1607762575149536,-0.410776287317276,False,True
2359,1b88f3b507d9300e45eb8a9f4954b1cb3c73b543ed091649c288fdd3aa8dc977,mbpp,answer,12,toward,1.0,-1.0942323207855225,-0.4692322909832001,False,True
2359,1b88f3b507d9300e45eb8a9f4954b1cb3c73b543ed091649c288fdd3aa8dc977,mbpp,answer,12,away,1.0,-1.3618426322937012,-0.33059269189834595,False,True
2359,1b88f3b507d9300e45eb8a9f4954b1cb3c73b543ed091649c288fdd3aa8dc977,mbpp,answer,12,random,1.0,-1.2048969268798828,-0.3923969268798828,False,True
2359,1b88f3b507d9300e45eb8a9f4954b1cb3c73b543ed091649c288fdd3aa8dc977,mbpp,answer,14,toward,0.5,-0.8783514499664307,-0.5971014499664307,False,True
2359,1b88f3b507d9300e45eb8a9f4954b1cb3c73b543ed091649c288fdd3aa8dc977,mbpp,answer,14,away,0.5,-1.367638349533081,-0.3207632899284363,False,True
2359,1b88f3b507d9300e45eb8a9f4954b1cb3c73b543ed091649c288fdd3aa8dc977,mbpp,answer,14,random,0.5,-1.3023648262023926,-0.3492397665977478,False,True
2359,1b88f3b507d9300e45eb8a9f4954b1cb3c73b543ed091649c288fdd3aa8dc977,mbpp,answer,14,toward,1.0,-0.7963559031486511,-0.7026059031486511,False,True
2359,1b88f3b507d9300e45eb8a9f4954b1cb3c73b543ed091649c288fdd3aa8dc977,mbpp,answer,14,away,1.0,-1.8372851610183716,-0.196660116314888,False,True
2359,1b88f3b507d9300e45eb8a9f4954b1cb3c73b543ed091649c288fdd3aa8dc977,mbpp,answer,14,random,1.0,-1.501213550567627,-0.2824634909629822,False,True
2359,1b88f3b507d9300e45eb8a9f4954b1cb3c73b543ed091649c288fdd3aa8dc977,mbpp,answer,16,toward,0.5,-0.5293776392936707,-0.9668776392936707,True,False
2359,1b88f3b507d9300e45eb8a9f4954b1cb3c73b543ed091649c288fdd3aa8dc977,mbpp,answer,16,away,0.5,-1.746912956237793,-0.21566297113895416,False,True
2359,1b88f3b507d9300e45eb8a9f4954b1cb3c73b543ed091649c288fdd3aa8dc977,mbpp,answer,16,random,0.5,-1.3686424493789673,-0.3373924195766449,False,True
2359,1b88f3b507d9300e45eb8a9f4954b1cb3c73b543ed091649c288fdd3aa8dc977,mbpp,answer,16,toward,1.0,-0.24875099956989288,-1.7331260442733765,True,False
2359,1b88f3b507d9300e45eb8a9f4954b1cb3c73b543ed091649c288fdd3aa8dc977,mbpp,answer,16,away,1.0,-2.671412229537964,-0.09328734129667282,False,True
2359,1b88f3b507d9300e45eb8a9f4954b1cb3c73b543ed091649c288fdd3aa8dc977,mbpp,answer,16,random,1.0,-1.402281403541565,-0.35540643334388733,False,True
2359,1b88f3b507d9300e45eb8a9f4954b1cb3c73b543ed091649c288fdd3aa8dc977,mbpp,answer,18,toward,0.5,-0.6717192530632019,-0.7810942530632019,True,False
2359,1b88f3b507d9300e45eb8a9f4954b1cb3c73b543ed091649c288fdd3aa8dc977,mbpp,answer,18,away,0.5,-1.6998636722564697,-0.23111370205879211,False,True
2359,1b88f3b507d9300e45eb8a9f4954b1cb3c73b543ed091649c288fdd3aa8dc977,mbpp,answer,18,random,0.5,-0.9406628012657166,-0.5344128012657166,False,True
2359,1b88f3b507d9300e45eb8a9f4954b1cb3c73b543ed091649c288fdd3aa8dc977,mbpp,answer,18,toward,1.0,-0.5161558985710144,-1.0161559581756592,True,False
2359,1b88f3b507d9300e45eb8a9f4954b1cb3c73b543ed091649c288fdd3aa8dc977,mbpp,answer,18,away,1.0,-2.352867603302002,-0.13411758840084076,False,True
2359,1b88f3b507d9300e45eb8a9f4954b1cb3c73b543ed091649c288fdd3aa8dc977,mbpp,answer,18,random,1.0,-0.7582466006278992,-0.6801216006278992,False,True
2359,1b88f3b507d9300e45eb8a9f4954b1cb3c73b543ed091649c288fdd3aa8dc977,mbpp,answer,20,toward,0.5,-0.7269806861877441,-0.7269806861877441,False,True
2359,1b88f3b507d9300e45eb8a9f4954b1cb3c73b543ed091649c288fdd3aa8dc977,mbpp,answer,20,away,0.5,-1.5731959342956543,-0.2606959342956543,False,True
2359,1b88f3b507d9300e45eb8a9f4954b1cb3c73b543ed091649c288fdd3aa8dc977,mbpp,answer,20,random,0.5,-1.1636167764663696,-0.41361677646636963,False,True
2359,1b88f3b507d9300e45eb8a9f4954b1cb3c73b543ed091649c288fdd3aa8dc977,mbpp,answer,20,toward,1.0,-0.6165564060211182,-0.8821814060211182,True,False
2359,1b88f3b507d9300e45eb8a9f4954b1cb3c73b543ed091649c288fdd3aa8dc977,mbpp,answer,20,away,1.0,-1.8361756801605225,-0.21117570996284485,False,True
2359,1b88f3b507d9300e45eb8a9f4954b1cb3c73b543ed091649c288fdd3aa8dc977,mbpp,answer,20,random,1.0,-1.200132131576538,-0.4032571315765381,False,True
2359,1b88f3b507d9300e45eb8a9f4954b1cb3c73b543ed091649c288fdd3aa8dc977,mbpp,answer,22,toward,0.5,-0.7404188513755798,-0.7091688513755798,False,True
2359,1b88f3b507d9300e45eb8a9f4954b1cb3c73b543ed091649c288fdd3aa8dc977,mbpp,answer,22,away,0.5,-1.5354726314544678,-0.2698476314544678,False,True
2359,1b88f3b507d9300e45eb8a9f4954b1cb3c73b543ed091649c288fdd3aa8dc977,mbpp,answer,22,random,0.5,-1.0219595432281494,-0.4907095432281494,False,True
2359,1b88f3b507d9300e45eb8a9f4954b1cb3c73b543ed091649c288fdd3aa8dc977,mbpp,answer,22,toward,1.0,-0.6256866455078125,-0.8600616455078125,True,False
2359,1b88f3b507d9300e45eb8a9f4954b1cb3c73b543ed091649c288fdd3aa8dc977,mbpp,answer,22,away,1.0,-1.9130325317382812,-0.19428247213363647,False,True
2359,1b88f3b507d9300e45eb8a9f4954b1cb3c73b543ed091649c288fdd3aa8dc977,mbpp,answer,22,random,1.0,-0.9572193026542664,-0.5353443026542664,False,True
2359,1b88f3b507d9300e45eb8a9f4954b1cb3c73b543ed091649c288fdd3aa8dc977,mbpp,answer,24,toward,0.5,-0.8045763373374939,-0.6483263373374939,False,True
2359,1b88f3b507d9300e45eb8a9f4954b1cb3c73b543ed091649c288fdd3aa8dc977,mbpp,answer,24,away,0.5,-1.6017543077468872,-0.2580043375492096,False,True
2359,1b88f3b507d9300e45eb8a9f4954b1cb3c73b543ed091649c288fdd3aa8dc977,mbpp,answer,24,random,0.5,-1.0172114372253418,-0.5015864968299866,False,True
2359,1b88f3b507d9300e45eb8a9f4954b1cb3c73b543ed091649c288fdd3aa8dc977,mbpp,answer,24,toward,1.0,-0.7269675731658936,-0.7582175731658936,True,False
2359,1b88f3b507d9300e45eb8a9f4954b1cb3c73b543ed091649c288fdd3aa8dc977,mbpp,answer,24,away,1.0,-2.07340669631958,-0.19840678572654724,False,True
2359,1b88f3b507d9300e45eb8a9f4954b1cb3c73b543ed091649c288fdd3aa8dc977,mbpp,answer,24,random,1.0,-0.8661869168281555,-0.6943119168281555,False,True
2359,1b88f3b507d9300e45eb8a9f4954b1cb3c73b543ed091649c288fdd3aa8dc977,mbpp,answer,26,toward,0.5,-0.7467902302742004,-0.6999152302742004,False,True
2359,1b88f3b507d9300e45eb8a9f4954b1cb3c73b543ed091649c288fdd3aa8dc977,mbpp,answer,26,away,0.5,-1.7284417152404785,-0.2284417450428009,False,True
2359,1b88f3b507d9300e45eb8a9f4954b1cb3c73b543ed091649c288fdd3aa8dc977,mbpp,answer,26,random,0.5,-1.1524426937103271,-0.4180676341056824,False,True
2359,1b88f3b507d9300e45eb8a9f4954b1cb3c73b543ed091649c288fdd3aa8dc977,mbpp,answer,26,toward,1.0,-0.6504655480384827,-0.8535905480384827,True,False
2359,1b88f3b507d9300e45eb8a9f4954b1cb3c73b543ed091649c288fdd3aa8dc977,mbpp,answer,26,away,1.0,-2.3374383449554443,-0.14993833005428314,False,True
2359,1b88f3b507d9300e45eb8a9f4954b1cb3c73b543ed091649c288fdd3aa8dc977,mbpp,answer,26,random,1.0,-1.2592344284057617,-0.3842344284057617,False,True
2359,1b88f3b507d9300e45eb8a9f4954b1cb3c73b543ed091649c288fdd3aa8dc977,mbpp,answer,28,toward,0.5,-0.7155736088752747,-0.7311986088752747,True,False
2359,1b88f3b507d9300e45eb8a9f4954b1cb3c73b543ed091649c288fdd3aa8dc977,mbpp,answer,28,away,0.5,-1.7515394687652588,-0.2202894240617752,False,True
2359,1b88f3b507d9300e45eb8a9f4954b1cb3c73b543ed091649c288fdd3aa8dc977,mbpp,answer,28,random,0.5,-0.9440793991088867,-0.5378293991088867,False,True
2359,1b88f3b507d9300e45eb8a9f4954b1cb3c73b543ed091649c288fdd3aa8dc977,mbpp,answer,28,toward,1.0,-0.6201578378677368,-0.9014078378677368,True,False
2359,1b88f3b507d9300e45eb8a9f4954b1cb3c73b543ed091649c288fdd3aa8dc977,mbpp,answer,28,away,1.0,-2.4705145359039307,-0.12676455080509186,False,True
2359,1b88f3b507d9300e45eb8a9f4954b1cb3c73b543ed091649c288fdd3aa8dc977,mbpp,answer,28,random,1.0,-0.7983249425888062,-0.6733249425888062,False,True
2359,1b88f3b507d9300e45eb8a9f4954b1cb3c73b543ed091649c288fdd3aa8dc977,mbpp,answer,30,toward,0.5,-0.7604871392250061,-0.6823621392250061,False,True
2359,1b88f3b507d9300e45eb8a9f4954b1cb3c73b543ed091649c288fdd3aa8dc977,mbpp,answer,30,away,0.5,-1.9485254287719727,-0.18290038406848907,False,True
2359,1b88f3b507d9300e45eb8a9f4954b1cb3c73b543ed091649c288fdd3aa8dc977,mbpp,answer,30,random,0.5,-1.1954525709152222,-0.3829525411128998,False,True
2359,1b88f3b507d9300e45eb8a9f4954b1cb3c73b543ed091649c288fdd3aa8dc977,mbpp,answer,30,toward,1.0,-0.719873309135437,-0.766748309135437,True,False
2359,1b88f3b507d9300e45eb8a9f4954b1cb3c73b543ed091649c288fdd3aa8dc977,mbpp,answer,30,away,1.0,-2.909064292907715,-0.12781426310539246,False,True
2359,1b88f3b507d9300e45eb8a9f4954b1cb3c73b543ed091649c288fdd3aa8dc977,mbpp,answer,30,random,1.0,-1.4459854364395142,-0.28973546624183655,False,True
2359,1b88f3b507d9300e45eb8a9f4954b1cb3c73b543ed091649c288fdd3aa8dc977,mbpp,answer,31,toward,0.5,-0.6750516891479492,-0.8938016891479492,True,False
2359,1b88f3b507d9300e45eb8a9f4954b1cb3c73b543ed091649c288fdd3aa8dc977,mbpp,answer,31,away,0.5,-2.4643654823303223,-0.7299903631210327,False,True
2359,1b88f3b507d9300e45eb8a9f4954b1cb3c73b543ed091649c288fdd3aa8dc977,mbpp,answer,31,random,0.5,-1.4520279169082642,-0.6551529169082642,False,True
2359,1b88f3b507d9300e45eb8a9f4954b1cb3c73b543ed091649c288fdd3aa8dc977,mbpp,answer,31,toward,1.0,-1.161293387413025,-1.880043387413025,True,False
2359,1b88f3b507d9300e45eb8a9f4954b1cb3c73b543ed091649c288fdd3aa8dc977,mbpp,answer,31,away,1.0,-6.678676605224609,-4.319301605224609,False,False
2359,1b88f3b507d9300e45eb8a9f4954b1cb3c73b543ed091649c288fdd3aa8dc977,mbpp,answer,31,random,1.0,-3.731769323348999,-2.911456823348999,False,False
2361,1b88f3b507d9300e45eb8a9f4954b1cb3c73b543ed091649c288fdd3aa8dc977,mbpp,baseline,-1,none,0.0,-1.2908499240875244,-0.3533499538898468,False,True
2361,1b88f3b507d9300e45eb8a9f4954b1cb3c73b543ed091649c288fdd3aa8dc977,mbpp,if,0,toward,0.5,-1.3109843730926514,-0.342234343290329,False,True
2361,1b88f3b507d9300e45eb8a9f4954b1cb3c73b543ed091649c288fdd3aa8dc977,mbpp,if,0,away,0.5,-1.3823330402374268,-0.31983309984207153,False,True
2361,1b88f3b507d9300e45eb8a9f4954b1cb3c73b543ed091649c288fdd3aa8dc977,mbpp,if,0,random,0.5,-1.3336427211761475,-0.3336426913738251,False,True
2361,1b88f3b507d9300e45eb8a9f4954b1cb3c73b543ed091649c288fdd3aa8dc977,mbpp,if,0,toward,1.0,-1.1036341190338135,-0.46300914883613586,False,True
2361,1b88f3b507d9300e45eb8a9f4954b1cb3c73b543ed091649c288fdd3aa8dc977,mbpp,if,0,away,1.0,-1.140047311782837,-0.4525473713874817,False,True
2361,1b88f3b507d9300e45eb8a9f4954b1cb3c73b543ed091649c288fdd3aa8dc977,mbpp,if,0,random,1.0,-1.2570405006408691,-0.36641550064086914,False,True
2361,1b88f3b507d9300e45eb8a9f4954b1cb3c73b543ed091649c288fdd3aa8dc977,mbpp,if,2,toward,0.5,-1.1942427158355713,-0.3973676562309265,False,True
2361,1b88f3b507d9300e45eb8a9f4954b1cb3c73b543ed091649c288fdd3aa8dc977,mbpp,if,2,away,0.5,-1.127003788948059,-0.4238787889480591,False,True
2361,1b88f3b507d9300e45eb8a9f4954b1cb3c73b543ed091649c288fdd3aa8dc977,mbpp,if,2,random,0.5,-1.1825766563415527,-0.40132659673690796,False,True
2361,1b88f3b507d9300e45eb8a9f4954b1cb3c73b543ed091649c288fdd3aa8dc977,mbpp,if,2,toward,1.0,-1.1826903820037842,-0.41706544160842896,False,True
2361,1b88f3b507d9300e45eb8a9f4954b1cb3c73b543ed091649c288fdd3aa8dc977,mbpp,if,2,away,1.0,-1.2271353006362915,-0.3990102708339691,False,True
2361,1b88f3b507d9300e45eb8a9f4954b1cb3c73b543ed091649c288fdd3aa8dc977,mbpp,if,2,random,1.0,-1.3159314393997192,-0.3471814692020416,False,True
2361,1b88f3b507d9300e45eb8a9f4954b1cb3c73b543ed091649c288fdd3aa8dc977,mbpp,if,4,toward,0.5,-1.1093709468841553,-0.43749597668647766,False,True
2361,1b88f3b507d9300e45eb8a9f4954b1cb3c73b543ed091649c288fdd3aa8dc977,mbpp,if,4,away,0.5,-1.392315149307251,-0.32981517910957336,False,True
2361,1b88f3b507d9300e45eb8a9f4954b1cb3c73b543ed091649c288fdd3aa8dc977,mbpp,if,4,random,0.5,-1.159392237663269,-0.40939223766326904,False,True
2361,1b88f3b507d9300e45eb8a9f4954b1cb3c73b543ed091649c288fdd3aa8dc977,mbpp,if,4,toward,1.0,-1.0308518409729004,-0.483976811170578,False,True
2361,1b88f3b507d9300e45eb8a9f4954b1cb3c73b543ed091649c288fdd3aa8dc977,mbpp,if,4,away,1.0,-1.6311712265014648,-0.27179619669914246,False,True
2361,1b88f3b507d9300e45eb8a9f4954b1cb3c73b543ed091649c288fdd3aa8dc977,mbpp,if,4,random,1.0,-1.1078498363494873,-0.43597477674484253,False,True
2361,1b88f3b507d9300e45eb8a9f4954b1cb3c73b543ed091649c288fdd3aa8dc977,mbpp,if,6,toward,0.5,-0.840512216091156,-0.606137216091156,False,True
2361,1b88f3b507d9300e45eb8a9f4954b1cb3c73b543ed091649c288fdd3aa8dc977,mbpp,if,6,away,0.5,-1.524817705154419,-0.27481764554977417,False,True
2361,1b88f3b507d9300e45eb8a9f4954b1cb3c73b543ed091649c288fdd3aa8dc977,mbpp,if,6,random,0.5,-1.213341236114502,-0.38521620631217957,False,True
2361,1b88f3b507d9300e45eb8a9f4954b1cb3c73b543ed091649c288fdd3aa8dc977,mbpp,if,6,toward,1.0,-0.6604351997375488,-0.7854351997375488,True,False
2361,1b88f3b507d9300e45eb8a9f4954b1cb3c73b543ed091649c288fdd3aa8dc977,mbpp,if,6,away,1.0,-1.4359347820281982,-0.310934841632843,False,False
2361,1b88f3b507d9300e45eb8a9f4954b1cb3c73b543ed091649c288fdd3aa8dc977,mbpp,if,6,random,1.0,-1.0885009765625,-0.4478759765625,False,True
2361,1b88f3b507d9300e45eb8a9f4954b1cb3c73b543ed091649c288fdd3aa8dc977,mbpp,if,8,toward,0.5,-1.0566095113754272,-0.46285951137542725,False,True
2361,1b88f3b507d9300e45eb8a9f4954b1cb3c73b543ed091649c288fdd3aa8dc977,mbpp,if,8,away,0.5,-1.7499583959579468,-0.21870839595794678,False,True
2361,1b88f3b507d9300e45eb8a9f4954b1cb3c73b543ed091649c288fdd3aa8dc977,mbpp,if,8,random,0.5,-1.3384122848510742,-0.338412344455719,False,True
2361,1b88f3b507d9300e45eb8a9f4954b1cb3c73b543ed091649c288fdd3aa8dc977,mbpp,if,8,toward,1.0,-0.8172484636306763,-0.6297484636306763,False,True
2361,1b88f3b507d9300e45eb8a9f4954b1cb3c73b543ed091649c288fdd3aa8dc977,mbpp,if,8,away,1.0,-2.069805860519409,-0.16355593502521515,False,True
2361,1b88f3b507d9300e45eb8a9f4954b1cb3c73b543ed091649c288fdd3aa8dc977,mbpp,if,8,random,1.0,-1.3875362873077393,-0.32503628730773926,False,True
2361,1b88f3b507d9300e45eb8a9f4954b1cb3c73b543ed091649c288fdd3aa8dc977,mbpp,if,10,toward,0.5,-1.029159426689148,-0.48228442668914795,False,True
2361,1b88f3b507d9300e45eb8a9f4954b1cb3c73b543ed091649c288fdd3aa8dc977,mbpp,if,10,away,0.5,-1.5087594985961914,-0.274384468793869,False,True
2361,1b88f3b507d9300e45eb8a9f4954b1cb3c73b543ed091649c288fdd3aa8dc977,mbpp,if,10,random,0.5,-1.2788625955581665,-0.3569875955581665,False,True
2361,1b88f3b507d9300e45eb8a9f4954b1cb3c73b543ed091649c288fdd3aa8dc977,mbpp,if,10,toward,1.0,-0.9896742105484009,-0.5052992105484009,False,True
2361,1b88f3b507d9300e45eb8a9f4954b1cb3c73b543ed091649c288fdd3aa8dc977,mbpp,if,10,away,1.0,-1.5662752389907837,-0.2537752687931061,False,True
2361,1b88f3b507d9300e45eb8a9f4954b1cb3c73b543ed091649c288fdd3aa8dc977,mbpp,if,10,random,1.0,-1.2233569622039795,-0.3796069622039795,False,True
2361,1b88f3b507d9300e45eb8a9f4954b1cb3c73b543ed091649c288fdd3aa8dc977,mbpp,if,12,toward,0.5,-0.9801297187805176,-0.5113797187805176,False,True
2361,1b88f3b507d9300e45eb8a9f4954b1cb3c73b543ed091649c288fdd3aa8dc977,mbpp,if,12,away,0.5,-1.5343470573425293,-0.2687220275402069,False,True
2361,1b88f3b507d9300e45eb8a9f4954b1cb3c73b543ed091649c288fdd3aa8dc977,mbpp,if,12,random,0.5,-1.335108995437622,-0.33510899543762207,False,True
2361,1b88f3b507d9300e45eb8a9f4954b1cb3c73b543ed091649c288fdd3aa8dc977,mbpp,if,12,toward,1.0,-1.0103135108947754,-0.4946884512901306,False,True
2361,1b88f3b507d9300e45eb8a9f4954b1cb3c73b543ed091649c288fdd3aa8dc977,mbpp,if,12,away,1.0,-1.4479880332946777,-0.29173803329467773,False,True
2361,1b88f3b507d9300e45eb8a9f4954b1cb3c73b543ed091649c288fdd3aa8dc977,mbpp,if,12,random,1.0,-1.3115596771240234,-0.3428097069263458,False,True
2361,1b88f3b507d9300e45eb8a9f4954b1cb3c73b543ed091649c288fdd3aa8dc977,mbpp,if,14,toward,0.5,-1.2137351036071777,-0.38561010360717773,False,True
2361,1b88f3b507d9300e45eb8a9f4954b1cb3c73b543ed091649c288fdd3aa8dc977,mbpp,if,14,away,0.5,-1.323620319366455,-0.3392452597618103,False,True
2361,1b88f3b507d9300e45eb8a9f4954b1cb3c73b543ed091649c288fdd3aa8dc977,mbpp,if,14,random,0.5,-1.3006596565246582,-0.3475346565246582,False,True
2361,1b88f3b507d9300e45eb8a9f4954b1cb3c73b543ed091649c288fdd3aa8dc977,mbpp,if,14,toward,1.0,-1.1825817823410034,-0.4013317823410034,False,True
2361,1b88f3b507d9300e45eb8a9f4954b1cb3c73b543ed091649c288fdd3aa8dc977,mbpp,if,14,away,1.0,-1.1896934509277344,-0.392818421125412,False,True
2361,1b88f3b507d9300e45eb8a9f4954b1cb3c73b543ed091649c288fdd3aa8dc977,mbpp,if,14,random,1.0,-1.3339881896972656,-0.333988219499588,False,True
2361,1b88f3b507d9300e45eb8a9f4954b1cb3c73b543ed091649c288fdd3aa8dc977,mbpp,if,16,toward,0.5,-1.2904037237167358,-0.3529037535190582,False,True
2361,1b88f3b507d9300e45eb8a9f4954b1cb3c73b543ed091649c288fdd3aa8dc977,mbpp,if,16,away,0.5,-1.302452564239502,-0.34932753443717957,False,True
2361,1b88f3b507d9300e45eb8a9f4954b1cb3c73b543ed091649c288fdd3aa8dc977,mbpp,if,16,random,0.5,-1.2922987937927246,-0.354798823595047,False,True
2361,1b88f3b507d9300e45eb8a9f4954b1cb3c73b543ed091649c288fdd3aa8dc977,mbpp,if,16,toward,1.0,-1.279320478439331,-0.35744547843933105,False,True
2361,1b88f3b507d9300e45eb8a9f4954b1cb3c73b543ed091649c288fdd3aa8dc977,mbpp,if,16,away,1.0,-1.2913490533828735,-0.35384905338287354,False,True
2361,1b88f3b507d9300e45eb8a9f4954b1cb3c73b543ed091649c288fdd3aa8dc977,mbpp,if,16,random,1.0,-1.2719707489013672,-0.3657207489013672,False,True
2361,1b88f3b507d9300e45eb8a9f4954b1cb3c73b543ed091649c288fdd3aa8dc977,mbpp,if,18,toward,0.5,-1.336167335510254,-0.3361673355102539,False,True
2361,1b88f3b507d9300e45eb8a9f4954b1cb3c73b543ed091649c288fdd3aa8dc977,mbpp,if,18,away,0.5,-1.2232396602630615,-0.3794896900653839,False,True
2361,1b88f3b507d9300e45eb8a9f4954b1cb3c73b543ed091649c288fdd3aa8dc977,mbpp,if,18,random,0.5,-1.2903943061828613,-0.3528943657875061,False,True
2361,1b88f3b507d9300e45eb8a9f4954b1cb3c73b543ed091649c288fdd3aa8dc977,mbpp,if,18,toward,1.0,-1.3711296319961548,-0.3242546319961548,False,True
2361,1b88f3b507d9300e45eb8a9f4954b1cb3c73b543ed091649c288fdd3aa8dc977,mbpp,if,18,away,1.0,-1.1794999837875366,-0.398250013589859,False,True
2361,1b88f3b507d9300e45eb8a9f4954b1cb3c73b543ed091649c288fdd3aa8dc977,mbpp,if,18,random,1.0,-1.2903251647949219,-0.3528251051902771,False,True
2361,1b88f3b507d9300e45eb8a9f4954b1cb3c73b543ed091649c288fdd3aa8dc977,mbpp,if,20,toward,0.5,-1.3028228282928467,-0.3496978282928467,False,True
2361,1b88f3b507d9300e45eb8a9f4954b1cb3c73b543ed091649c288fdd3aa8dc977,mbpp,if,20,away,0.5,-1.2676266431808472,-0.3613766133785248,False,True
2361,1b88f3b507d9300e45eb8a9f4954b1cb3c73b543ed091649c288fdd3aa8dc977,mbpp,if,20,random,0.5,-1.3125659227371216,-0.3438158929347992,False,True
2361,1b88f3b507d9300e45eb8a9f4954b1cb3c73b543ed091649c288fdd3aa8dc977,mbpp,if,20,toward,1.0,-1.2929749488830566,-0.35547494888305664,False,True
2361,1b88f3b507d9300e45eb8a9f4954b1cb3c73b543ed091649c288fdd3aa8dc977,mbpp,if,20,away,1.0,-1.2459405660629272,-0.37094053626060486,False,True
2361,1b88f3b507d9300e45eb8a9f4954b1cb3c73b543ed091649c288fdd3aa8dc977,mbpp,if,20,random,1.0,-1.3245612382888794,-0.3401862680912018,False,True
2361,1b88f3b507d9300e45eb8a9f4954b1cb3c73b543ed091649c288fdd3aa8dc977,mbpp,if,22,toward,0.5,-1.3034024238586426,-0.3502773940563202,False,True
2361,1b88f3b507d9300e45eb8a9f4954b1cb3c73b543ed091649c288fdd3aa8dc977,mbpp,if,22,away,0.5,-1.290297508239746,-0.3527974486351013,False,True
2361,1b88f3b507d9300e45eb8a9f4954b1cb3c73b543ed091649c288fdd3aa8dc977,mbpp,if,22,random,0.5,-1.2914063930511475,-0.35390639305114746,False,True
2361,1b88f3b507d9300e45eb8a9f4954b1cb3c73b543ed091649c288fdd3aa8dc977,mbpp,if,22,toward,1.0,-1.2819077968597412,-0.3600327968597412,False,True
2361,1b88f3b507d9300e45eb8a9f4954b1cb3c73b543ed091649c288fdd3aa8dc977,mbpp,if,22,away,1.0,-1.2588880062103271,-0.36826303601264954,False,True
2361,1b88f3b507d9300e45eb8a9f4954b1cb3c73b543ed091649c288fdd3aa8dc977,mbpp,if,22,random,1.0,-1.2930290699005127,-0.3555290102958679,False,True
2361,1b88f3b507d9300e45eb8a9f4954b1cb3c73b543ed091649c288fdd3aa8dc977,mbpp,if,24,toward,0.5,-1.3029935359954834,-0.3498685657978058,False,True
2361,1b88f3b507d9300e45eb8a9f4954b1cb3c73b543ed091649c288fdd3aa8dc977,mbpp,if,24,away,0.5,-1.2786122560501099,-0.3567372262477875,False,True
2361,1b88f3b507d9300e45eb8a9f4954b1cb3c73b543ed091649c288fdd3aa8dc977,mbpp,if,24,random,0.5,-1.2696279287338257,-0.3633778989315033,False,True
2361,1b88f3b507d9300e45eb8a9f4954b1cb3c73b543ed091649c288fdd3aa8dc977,mbpp,if,24,toward,1.0,-1.2812860012054443,-0.35941094160079956,False,True
2361,1b88f3b507d9300e45eb8a9f4954b1cb3c73b543ed091649c288fdd3aa8dc977,mbpp,if,24,away,1.0,-1.2684028148651123,-0.3621528744697571,False,True
2361,1b88f3b507d9300e45eb8a9f4954b1cb3c73b543ed091649c288fdd3aa8dc977,mbpp,if,24,random,1.0,-1.2602075338363647,-0.36958250403404236,False,True
2361,1b88f3b507d9300e45eb8a9f4954b1cb3c73b543ed091649c288fdd3aa8dc977,mbpp,if,26,toward,0.5,-1.314104437828064,-0.34535443782806396,False,True
2361,1b88f3b507d9300e45eb8a9f4954b1cb3c73b543ed091649c288fdd3aa8dc977,mbpp,if,26,away,0.5,-1.2795246839523315,-0.35764965415000916,False,True
2361,1b88f3b507d9300e45eb8a9f4954b1cb3c73b543ed091649c288fdd3aa8dc977,mbpp,if,26,random,0.5,-1.2784276008605957,-0.3565526306629181,False,True
2361,1b88f3b507d9300e45eb8a9f4954b1cb3c73b543ed091649c288fdd3aa8dc977,mbpp,if,26,toward,1.0,-1.3034396171569824,-0.3503146767616272,False,True
2361,1b88f3b507d9300e45eb8a9f4954b1cb3c73b543ed091649c288fdd3aa8dc977,mbpp,if,26,away,1.0,-1.2583332061767578,-0.3677081763744354,False,True
2361,1b88f3b507d9300e45eb8a9f4954b1cb3c73b543ed091649c288fdd3aa8dc977,mbpp,if,26,random,1.0,-1.2557587623596191,-0.36513370275497437,False,True
2361,1b88f3b507d9300e45eb8a9f4954b1cb3c73b543ed091649c288fdd3aa8dc977,mbpp,if,28,toward,0.5,-1.2908875942230225,-0.35338762402534485,False,True
2361,1b88f3b507d9300e45eb8a9f4954b1cb3c73b543ed091649c288fdd3aa8dc977,mbpp,if,28,away,0.5,-1.2904541492462158,-0.3529541790485382,False,True
2361,1b88f3b507d9300e45eb8a9f4954b1cb3c73b543ed091649c288fdd3aa8dc977,mbpp,if,28,random,0.5,-1.2906357049942017,-0.3531356751918793,False,True
2361,1b88f3b507d9300e45eb8a9f4954b1cb3c73b543ed091649c288fdd3aa8dc977,mbpp,if,28,toward,1.0,-1.3020005226135254,-0.34887558221817017,False,True
2361,1b88f3b507d9300e45eb8a9f4954b1cb3c73b543ed091649c288fdd3aa8dc977,mbpp,if,28,away,1.0,-1.2792558670043945,-0.3573809266090393,False,True
2361,1b88f3b507d9300e45eb8a9f4954b1cb3c73b543ed091649c288fdd3aa8dc977,mbpp,if,28,random,1.0,-1.2904994487762451,-0.3529995083808899,False,True
2361,1b88f3b507d9300e45eb8a9f4954b1cb3c73b543ed091649c288fdd3aa8dc977,mbpp,if,30,toward,0.5,-1.3021106719970703,-0.3489856719970703,False,True
2361,1b88f3b507d9300e45eb8a9f4954b1cb3c73b543ed091649c288fdd3aa8dc977,mbpp,if,30,away,0.5,-1.29091477394104,-0.35341474413871765,False,True
2361,1b88f3b507d9300e45eb8a9f4954b1cb3c73b543ed091649c288fdd3aa8dc977,mbpp,if,30,random,0.5,-1.2909976243972778,-0.35349762439727783,False,True
2361,1b88f3b507d9300e45eb8a9f4954b1cb3c73b543ed091649c288fdd3aa8dc977,mbpp,if,30,toward,1.0,-1.2907366752624512,-0.35323673486709595,False,True
2361,1b88f3b507d9300e45eb8a9f4954b1cb3c73b543ed091649c288fdd3aa8dc977,mbpp,if,30,away,1.0,-1.2800977230072021,-0.3582227826118469,False,True
2361,1b88f3b507d9300e45eb8a9f4954b1cb3c73b543ed091649c288fdd3aa8dc977,mbpp,if,30,random,1.0,-1.2909396886825562,-0.35343968868255615,False,True
2361,1b88f3b507d9300e45eb8a9f4954b1cb3c73b543ed091649c288fdd3aa8dc977,mbpp,if,31,toward,0.5,-1.2908499240875244,-0.3533499538898468,False,True
2361,1b88f3b507d9300e45eb8a9f4954b1cb3c73b543ed091649c288fdd3aa8dc977,mbpp,if,31,away,0.5,-1.2908499240875244,-0.3533499538898468,False,True
2361,1b88f3b507d9300e45eb8a9f4954b1cb3c73b543ed091649c288fdd3aa8dc977,mbpp,if,31,random,0.5,-1.2908499240875244,-0.3533499538898468,False,True
2361,1b88f3b507d9300e45eb8a9f4954b1cb3c73b543ed091649c288fdd3aa8dc977,mbpp,if,31,toward,1.0,-1.2908499240875244,-0.3533499538898468,False,True
2361,1b88f3b507d9300e45eb8a9f4954b1cb3c73b543ed091649c288fdd3aa8dc977,mbpp,if,31,away,1.0,-1.2908499240875244,-0.3533499538898468,False,True
2361,1b88f3b507d9300e45eb8a9f4954b1cb3c73b543ed091649c288fdd3aa8dc977,mbpp,if,31,random,1.0,-1.2908499240875244,-0.3533499538898468,False,True
2361,1b88f3b507d9300e45eb8a9f4954b1cb3c73b543ed091649c288fdd3aa8dc977,mbpp,body_first,0,toward,0.5,-1.3018383979797363,-0.3487134277820587,False,True
2361,1b88f3b507d9300e45eb8a9f4954b1cb3c73b543ed091649c288fdd3aa8dc977,mbpp,body_first,0,away,0.5,-1.2685223817825317,-0.36227238178253174,False,True
2361,1b88f3b507d9300e45eb8a9f4954b1cb3c73b543ed091649c288fdd3aa8dc977,mbpp,body_first,0,random,0.5,-1.2909212112426758,-0.35342127084732056,False,True
2361,1b88f3b507d9300e45eb8a9f4954b1cb3c73b543ed091649c288fdd3aa8dc977,mbpp,body_first,0,toward,1.0,-1.3014826774597168,-0.3483577370643616,False,True
2361,1b88f3b507d9300e45eb8a9f4954b1cb3c73b543ed091649c288fdd3aa8dc977,mbpp,body_first,0,away,1.0,-1.2027575969696045,-0.3902575969696045,False,True
2361,1b88f3b507d9300e45eb8a9f4954b1cb3c73b543ed091649c288fdd3aa8dc977,mbpp,body_first,0,random,1.0,-1.268701195716858,-0.3624511957168579,False,True
2361,1b88f3b507d9300e45eb8a9f4954b1cb3c73b543ed091649c288fdd3aa8dc977,mbpp,body_first,2,toward,0.5,-1.3017116785049438,-0.34858667850494385,False,True
2361,1b88f3b507d9300e45eb8a9f4954b1cb3c73b543ed091649c288fdd3aa8dc977,mbpp,body_first,2,away,0.5,-1.2795460224151611,-0.35767099261283875,False,True
2361,1b88f3b507d9300e45eb8a9f4954b1cb3c73b543ed091649c288fdd3aa8dc977,mbpp,body_first,2,random,0.5,-1.2906484603881836,-0.3531484007835388,False,True
2361,1b88f3b507d9300e45eb8a9f4954b1cb3c73b543ed091649c288fdd3aa8dc977,mbpp,body_first,2,toward,1.0,-1.2567757368087769,-0.36615076661109924,False,True
2361,1b88f3b507d9300e45eb8a9f4954b1cb3c73b543ed091649c288fdd3aa8dc977,mbpp,body_first,2,away,1.0,-1.181112289428711,-0.3998623490333557,False,True
2361,1b88f3b507d9300e45eb8a9f4954b1cb3c73b543ed091649c288fdd3aa8dc977,mbpp,body_first,2,random,1.0,-1.224260687828064,-0.38051068782806396,False,True
2361,1b88f3b507d9300e45eb8a9f4954b1cb3c73b543ed091649c288fdd3aa8dc977,mbpp,body_first,4,toward,0.5,-1.2794880867004395,-0.35761314630508423,False,True
2361,1b88f3b507d9300e45eb8a9f4954b1cb3c73b543ed091649c288fdd3aa8dc977,mbpp,body_first,4,away,0.5,-1.2908207178115845,-0.3533207178115845,False,True
2361,1b88f3b507d9300e45eb8a9f4954b1cb3c73b543ed091649c288fdd3aa8dc977,mbpp,body_first,4,random,0.5,-1.2684965133666992,-0.36224648356437683,False,True
2361,1b88f3b507d9300e45eb8a9f4954b1cb3c73b543ed091649c288fdd3aa8dc977,mbpp,body_first,4,toward,1.0,-1.2571358680725098,-0.36651092767715454,False,True
2361,1b88f3b507d9300e45eb8a9f4954b1cb3c73b543ed091649c288fdd3aa8dc977,mbpp,body_first,4,away,1.0,-1.2682468891143799,-0.3619968593120575,False,True
2361,1b88f3b507d9300e45eb8a9f4954b1cb3c73b543ed091649c288fdd3aa8dc977,mbpp,body_first,4,random,1.0,-1.2354999780654907,-0.3761249780654907,False,True
2361,1b88f3b507d9300e45eb8a9f4954b1cb3c73b543ed091649c288fdd3aa8dc977,mbpp,body_first,6,toward,0.5,-1.2795956134796143,-0.35772067308425903,False,True
2361,1b88f3b507d9300e45eb8a9f4954b1cb3c73b543ed091649c288fdd3aa8dc977,mbpp,body_first,6,away,0.5,-1.2905828952789307,-0.3530828356742859,False,True
2361,1b88f3b507d9300e45eb8a9f4954b1cb3c73b543ed091649c288fdd3aa8dc977,mbpp,body_first,6,random,0.5,-1.2685368061065674,-0.36228683590888977,False,True
2361,1b88f3b507d9300e45eb8a9f4954b1cb3c73b543ed091649c288fdd3aa8dc977,mbpp,body_first,6,toward,1.0,-1.2466901540756226,-0.37169018387794495,False,True
2361,1b88f3b507d9300e45eb8a9f4954b1cb3c73b543ed091649c288fdd3aa8dc977,mbpp,body_first,6,away,1.0,-1.2679803371429443,-0.36173027753829956,False,True
2361,1b88f3b507d9300e45eb8a9f4954b1cb3c73b543ed091649c288fdd3aa8dc977,mbpp,body_first,6,random,1.0,-1.2354719638824463,-0.3760969042778015,False,True
2361,1b88f3b507d9300e45eb8a9f4954b1cb3c73b543ed091649c288fdd3aa8dc977,mbpp,body_first,8,toward,0.5,-1.2686922550201416,-0.3624423146247864,False,True
2361,1b88f3b507d9300e45eb8a9f4954b1cb3c73b543ed091649c288fdd3aa8dc977,mbpp,body_first,8,away,0.5,-1.3021881580352783,-0.34906312823295593,False,True
2361,1b88f3b507d9300e45eb8a9f4954b1cb3c73b543ed091649c288fdd3aa8dc977,mbpp,body_first,8,random,0.5,-1.3021507263183594,-0.349025696516037,False,True
2361,1b88f3b507d9300e45eb8a9f4954b1cb3c73b543ed091649c288fdd3aa8dc977,mbpp,body_first,8,toward,1.0,-1.258461833000183,-0.3678368330001831,False,True
2361,1b88f3b507d9300e45eb8a9f4954b1cb3c73b543ed091649c288fdd3aa8dc977,mbpp,body_first,8,away,1.0,-1.3139914274215698,-0.3452414274215698,False,True
2361,1b88f3b507d9300e45eb8a9f4954b1cb3c73b543ed091649c288fdd3aa8dc977,mbpp,body_first,8,random,1.0,-1.302567481994629,-0.3494425117969513,False,True
2361,1b88f3b507d9300e45eb8a9f4954b1cb3c73b543ed091649c288fdd3aa8dc977,mbpp,body_first,10,toward,0.5,-1.2911423444747925,-0.3536423444747925,False,True
2361,1b88f3b507d9300e45eb8a9f4954b1cb3c73b543ed091649c288fdd3aa8dc977,mbpp,body_first,10,away,0.5,-1.3021116256713867,-0.3489866852760315,False,True
2361,1b88f3b507d9300e45eb8a9f4954b1cb3c73b543ed091649c288fdd3aa8dc977,mbpp,body_first,10,random,0.5,-1.2797205448150635,-0.3578455448150635,False,True
2361,1b88f3b507d9300e45eb8a9f4954b1cb3c73b543ed091649c288fdd3aa8dc977,mbpp,body_first,10,toward,1.0,-1.2913775444030762,-0.35387760400772095,False,True
2361,1b88f3b507d9300e45eb8a9f4954b1cb3c73b543ed091649c288fdd3aa8dc977,mbpp,body_first,10,away,1.0,-1.2910022735595703,-0.3535022437572479,False,True
2361,1b88f3b507d9300e45eb8a9f4954b1cb3c73b543ed091649c288fdd3aa8dc977,mbpp,body_first,10,random,1.0,-1.268930435180664,-0.3626804053783417,False,True
2361,1b88f3b507d9300e45eb8a9f4954b1cb3c73b543ed091649c288fdd3aa8dc977,mbpp,body_first,12,toward,0.5,-1.2909736633300781,-0.3534736931324005,False,True
2361,1b88f3b507d9300e45eb8a9f4954b1cb3c73b543ed091649c288fdd3aa8dc977,mbpp,body_first,12,away,0.5,-1.3019466400146484,-0.34882161021232605,False,True
2361,1b88f3b507d9300e45eb8a9f4954b1cb3c73b543ed091649c288fdd3aa8dc977,mbpp,body_first,12,random,0.5,-1.3020319938659668,-0.3489070534706116,False,True
2361,1b88f3b507d9300e45eb8a9f4954b1cb3c73b543ed091649c288fdd3aa8dc977,mbpp,body_first,12,toward,1.0,-1.290877103805542,-0.3533770740032196,False,True
2361,1b88f3b507d9300e45eb8a9f4954b1cb3c73b543ed091649c288fdd3aa8dc977,mbpp,body_first,12,away,1.0,-1.2909061908721924,-0.35340622067451477,False,True
2361,1b88f3b507d9300e45eb8a9f4954b1cb3c73b543ed091649c288fdd3aa8dc977,mbpp,body_first,12,random,1.0,-1.3021275997161865,-0.3490026593208313,False,True
2361,1b88f3b507d9300e45eb8a9f4954b1cb3c73b543ed091649c288fdd3aa8dc977,mbpp,body_first,14,toward,0.5,-1.3020143508911133,-0.3488892912864685,False,True
2361,1b88f3b507d9300e45eb8a9f4954b1cb3c73b543ed091649c288fdd3aa8dc977,mbpp,body_first,14,away,0.5,-1.2909345626831055,-0.35343459248542786,False,True
2361,1b88f3b507d9300e45eb8a9f4954b1cb3c73b543ed091649c288fdd3aa8dc977,mbpp,body_first,14,random,0.5,-1.301722526550293,-0.34859752655029297,False,True
2361,1b88f3b507d9300e45eb8a9f4954b1cb3c73b543ed091649c288fdd3aa8dc977,mbpp,body_first,14,toward,1.0,-1.3021146059036255,-0.3489896357059479,False,True
2361,1b88f3b507d9300e45eb8a9f4954b1cb3c73b543ed091649c288fdd3aa8dc977,mbpp,body_first,14,away,1.0,-1.290703535079956,-0.35320359468460083,False,True
2361,1b88f3b507d9300e45eb8a9f4954b1cb3c73b543ed091649c288fdd3aa8dc977,mbpp,body_first,14,random,1.0,-1.313222885131836,-0.34447288513183594,False,True
2361,1b88f3b507d9300e45eb8a9f4954b1cb3c73b543ed091649c288fdd3aa8dc977,mbpp,body_first,16,toward,0.5,-1.3018980026245117,-0.3487730622291565,False,True
2361,1b88f3b507d9300e45eb8a9f4954b1cb3c73b543ed091649c288fdd3aa8dc977,mbpp,body_first,16,away,0.5,-1.290835976600647,-0.3533359467983246,False,True
2361,1b88f3b507d9300e45eb8a9f4954b1cb3c73b543ed091649c288fdd3aa8dc977,mbpp,body_first,16,random,0.5,-1.3020771741867065,-0.34895220398902893,False,True
2361,1b88f3b507d9300e45eb8a9f4954b1cb3c73b543ed091649c288fdd3aa8dc977,mbpp,body_first,16,toward,1.0,-1.3020446300506592,-0.34891965985298157,False,True
2361,1b88f3b507d9300e45eb8a9f4954b1cb3c73b543ed091649c288fdd3aa8dc977,mbpp,body_first,16,away,1.0,-1.3019424676895142,-0.34881749749183655,False,True
2361,1b88f3b507d9300e45eb8a9f4954b1cb3c73b543ed091649c288fdd3aa8dc977,mbpp,body_first,16,random,1.0,-1.3020387887954712,-0.3489137887954712,False,True
2361,1b88f3b507d9300e45eb8a9f4954b1cb3c73b543ed091649c288fdd3aa8dc977,mbpp,body_first,18,toward,0.5,-1.2908847332000732,-0.35338476300239563,False,True
2361,1b88f3b507d9300e45eb8a9f4954b1cb3c73b543ed091649c288fdd3aa8dc977,mbpp,body_first,18,away,0.5,-1.3019309043884277,-0.3488059639930725,False,True
2361,1b88f3b507d9300e45eb8a9f4954b1cb3c73b543ed091649c288fdd3aa8dc977,mbpp,body_first,18,random,0.5,-1.2908039093017578,-0.3533038794994354,False,True
2361,1b88f3b507d9300e45eb8a9f4954b1cb3c73b543ed091649c288fdd3aa8dc977,mbpp,body_first,18,toward,1.0,-1.3021830320358276,-0.34905806183815,False,True
2361,1b88f3b507d9300e45eb8a9f4954b1cb3c73b543ed091649c288fdd3aa8dc977,mbpp,body_first,18,away,1.0,-1.290787935256958,-0.3532879948616028,False,True
2361,1b88f3b507d9300e45eb8a9f4954b1cb3c73b543ed091649c288fdd3aa8dc977,mbpp,body_first,18,random,1.0,-1.2909495830535889,-0.35344958305358887,False,True
2361,1b88f3b507d9300e45eb8a9f4954b1cb3c73b543ed091649c288fdd3aa8dc977,mbpp,body_first,20,toward,0.5,-1.2908302545547485,-0.3533302843570709,False,True
2361,1b88f3b507d9300e45eb8a9f4954b1cb3c73b543ed091649c288fdd3aa8dc977,mbpp,body_first,20,away,0.5,-1.301966905593872,-0.3488418757915497,False,True
2361,1b88f3b507d9300e45eb8a9f4954b1cb3c73b543ed091649c288fdd3aa8dc977,mbpp,body_first,20,random,0.5,-1.3019111156463623,-0.3487861156463623,False,True
2361,1b88f3b507d9300e45eb8a9f4954b1cb3c73b543ed091649c288fdd3aa8dc977,mbpp,body_first,20,toward,1.0,-1.3021764755249023,-0.34905144572257996,False,True
2361,1b88f3b507d9300e45eb8a9f4954b1cb3c73b543ed091649c288fdd3aa8dc977,mbpp,body_first,20,away,1.0,-1.30204176902771,-0.34891679883003235,False,True
2361,1b88f3b507d9300e45eb8a9f4954b1cb3c73b543ed091649c288fdd3aa8dc977,mbpp,body_first,20,random,1.0,-1.3021283149719238,-0.34900325536727905,False,True
2361,1b88f3b507d9300e45eb8a9f4954b1cb3c73b543ed091649c288fdd3aa8dc977,mbpp,body_first,22,toward,0.5,-1.290893316268921,-0.3533933162689209,False,True
2361,1b88f3b507d9300e45eb8a9f4954b1cb3c73b543ed091649c288fdd3aa8dc977,mbpp,body_first,22,away,0.5,-1.2908504009246826,-0.3533504605293274,False,True
2361,1b88f3b507d9300e45eb8a9f4954b1cb3c73b543ed091649c288fdd3aa8dc977,mbpp,body_first,22,random,0.5,-1.3020222187042236,-0.34889721870422363,False,True
2361,1b88f3b507d9300e45eb8a9f4954b1cb3c73b543ed091649c288fdd3aa8dc977,mbpp,body_first,22,toward,1.0,-1.2911618947982788,-0.3536618649959564,False,True
2361,1b88f3b507d9300e45eb8a9f4954b1cb3c73b543ed091649c288fdd3aa8dc977,mbpp,body_first,22,away,1.0,-1.2907546758651733,-0.35325467586517334,False,True
2361,1b88f3b507d9300e45eb8a9f4954b1cb3c73b543ed091649c288fdd3aa8dc977,mbpp,body_first,22,random,1.0,-1.2909706830978394,-0.35347065329551697,False,True
2361,1b88f3b507d9300e45eb8a9f4954b1cb3c73b543ed091649c288fdd3aa8dc977,mbpp,body_first,24,toward,0.5,-1.2908458709716797,-0.35334593057632446,False,True
2361,1b88f3b507d9300e45eb8a9f4954b1cb3c73b543ed091649c288fdd3aa8dc977,mbpp,body_first,24,away,0.5,-1.2908453941345215,-0.35334542393684387,False,True
2361,1b88f3b507d9300e45eb8a9f4954b1cb3c73b543ed091649c288fdd3aa8dc977,mbpp,body_first,24,random,0.5,-1.3018854856491089,-0.3487604558467865,False,True
2361,1b88f3b507d9300e45eb8a9f4954b1cb3c73b543ed091649c288fdd3aa8dc977,mbpp,body_first,24,toward,1.0,-1.3020522594451904,-0.34892722964286804,False,True
2361,1b88f3b507d9300e45eb8a9f4954b1cb3c73b543ed091649c288fdd3aa8dc977,mbpp,body_first,24,away,1.0,-1.3020336627960205,-0.3489087224006653,False,True
2361,1b88f3b507d9300e45eb8a9f4954b1cb3c73b543ed091649c288fdd3aa8dc977,mbpp,body_first,24,random,1.0,-1.3021430969238281,-0.34901803731918335,False,True
2361,1b88f3b507d9300e45eb8a9f4954b1cb3c73b543ed091649c288fdd3aa8dc977,mbpp,body_first,26,toward,0.5,-1.2909822463989258,-0.3534822165966034,False,True
2361,1b88f3b507d9300e45eb8a9f4954b1cb3c73b543ed091649c288fdd3aa8dc977,mbpp,body_first,26,away,0.5,-1.3020260334014893,-0.34890100359916687,False,True
2361,1b88f3b507d9300e45eb8a9f4954b1cb3c73b543ed091649c288fdd3aa8dc977,mbpp,body_first,26,random,0.5,-1.3021011352539062,-0.34897616505622864,False,True
2361,1b88f3b507d9300e45eb8a9f4954b1cb3c73b543ed091649c288fdd3aa8dc977,mbpp,body_first,26,toward,1.0,-1.2908943891525269,-0.35339438915252686,False,True
2361,1b88f3b507d9300e45eb8a9f4954b1cb3c73b543ed091649c288fdd3aa8dc977,mbpp,body_first,26,away,1.0,-1.3018467426300049,-0.34872177243232727,False,True
2361,1b88f3b507d9300e45eb8a9f4954b1cb3c73b543ed091649c288fdd3aa8dc977,mbpp,body_first,26,random,1.0,-1.2909321784973145,-0.35343223810195923,False,True
2361,1b88f3b507d9300e45eb8a9f4954b1cb3c73b543ed091649c288fdd3aa8dc977,mbpp,body_first,28,toward,0.5,-1.3019176721572876,-0.3487926721572876,False,True
2361,1b88f3b507d9300e45eb8a9f4954b1cb3c73b543ed091649c288fdd3aa8dc977,mbpp,body_first,28,away,0.5,-1.302030086517334,-0.3489050269126892,False,True
2361,1b88f3b507d9300e45eb8a9f4954b1cb3c73b543ed091649c288fdd3aa8dc977,mbpp,body_first,28,random,0.5,-1.3017940521240234,-0.3486691117286682,False,True
2361,1b88f3b507d9300e45eb8a9f4954b1cb3c73b543ed091649c288fdd3aa8dc977,mbpp,body_first,28,toward,1.0,-1.3019952774047852,-0.3488702178001404,False,True
2361,1b88f3b507d9300e45eb8a9f4954b1cb3c73b543ed091649c288fdd3aa8dc977,mbpp,body_first,28,away,1.0,-1.3020243644714355,-0.34889930486679077,False,True
2361,1b88f3b507d9300e45eb8a9f4954b1cb3c73b543ed091649c288fdd3aa8dc977,mbpp,body_first,28,random,1.0,-1.3019345998764038,-0.3488095700740814,False,True
2361,1b88f3b507d9300e45eb8a9f4954b1cb3c73b543ed091649c288fdd3aa8dc977,mbpp,body_first,30,toward,0.5,-1.2907981872558594,-0.3532981872558594,False,True
2361,1b88f3b507d9300e45eb8a9f4954b1cb3c73b543ed091649c288fdd3aa8dc977,mbpp,body_first,30,away,0.5,-1.2908470630645752,-0.3533470034599304,False,True
2361,1b88f3b507d9300e45eb8a9f4954b1cb3c73b543ed091649c288fdd3aa8dc977,mbpp,body_first,30,random,0.5,-1.290797233581543,-0.3532972037792206,False,True
2361,1b88f3b507d9300e45eb8a9f4954b1cb3c73b543ed091649c288fdd3aa8dc977,mbpp,body_first,30,toward,1.0,-1.2908002138137817,-0.35330021381378174,False,True
2361,1b88f3b507d9300e45eb8a9f4954b1cb3c73b543ed091649c288fdd3aa8dc977,mbpp,body_first,30,away,1.0,-1.3019837141036987,-0.34885868430137634,False,True
2361,1b88f3b507d9300e45eb8a9f4954b1cb3c73b543ed091649c288fdd3aa8dc977,mbpp,body_first,30,random,1.0,-1.2907980680465698,-0.35329803824424744,False,True
2361,1b88f3b507d9300e45eb8a9f4954b1cb3c73b543ed091649c288fdd3aa8dc977,mbpp,body_first,31,toward,0.5,-1.2908499240875244,-0.3533499538898468,False,True
2361,1b88f3b507d9300e45eb8a9f4954b1cb3c73b543ed091649c288fdd3aa8dc977,mbpp,body_first,31,away,0.5,-1.2908499240875244,-0.3533499538898468,False,True
2361,1b88f3b507d9300e45eb8a9f4954b1cb3c73b543ed091649c288fdd3aa8dc977,mbpp,body_first,31,random,0.5,-1.2908499240875244,-0.3533499538898468,False,True
2361,1b88f3b507d9300e45eb8a9f4954b1cb3c73b543ed091649c288fdd3aa8dc977,mbpp,body_first,31,toward,1.0,-1.2908499240875244,-0.3533499538898468,False,True
2361,1b88f3b507d9300e45eb8a9f4954b1cb3c73b543ed091649c288fdd3aa8dc977,mbpp,body_first,31,away,1.0,-1.2908499240875244,-0.3533499538898468,False,True
2361,1b88f3b507d9300e45eb8a9f4954b1cb3c73b543ed091649c288fdd3aa8dc977,mbpp,body_first,31,random,1.0,-1.2908499240875244,-0.3533499538898468,False,True
2361,1b88f3b507d9300e45eb8a9f4954b1cb3c73b543ed091649c288fdd3aa8dc977,mbpp,answer,0,toward,0.5,-1.3348612785339355,-0.3348613381385803,False,True
2361,1b88f3b507d9300e45eb8a9f4954b1cb3c73b543ed091649c288fdd3aa8dc977,mbpp,answer,0,away,0.5,-1.2909715175628662,-0.3534715175628662,False,True
2361,1b88f3b507d9300e45eb8a9f4954b1cb3c73b543ed091649c288fdd3aa8dc977,mbpp,answer,0,random,0.5,-1.2566719055175781,-0.3660469353199005,False,True
2361,1b88f3b507d9300e45eb8a9f4954b1cb3c73b543ed091649c288fdd3aa8dc977,mbpp,answer,0,toward,1.0,-1.4503096342086792,-0.2940596044063568,False,True
2361,1b88f3b507d9300e45eb8a9f4954b1cb3c73b543ed091649c288fdd3aa8dc977,mbpp,answer,0,away,1.0,-1.3273460865020752,-0.3429711163043976,False,True
2361,1b88f3b507d9300e45eb8a9f4954b1cb3c73b543ed091649c288fdd3aa8dc977,mbpp,answer,0,random,1.0,-1.2340532541275024,-0.37467822432518005,False,True
2361,1b88f3b507d9300e45eb8a9f4954b1cb3c73b543ed091649c288fdd3aa8dc977,mbpp,answer,2,toward,0.5,-1.3007192611694336,-0.3475942611694336,False,True
2361,1b88f3b507d9300e45eb8a9f4954b1cb3c73b543ed091649c288fdd3aa8dc977,mbpp,answer,2,away,0.5,-1.3035160303115845,-0.3503910303115845,False,True
2361,1b88f3b507d9300e45eb8a9f4954b1cb3c73b543ed091649c288fdd3aa8dc977,mbpp,answer,2,random,0.5,-1.2152305841445923,-0.3871056139469147,False,True
2361,1b88f3b507d9300e45eb8a9f4954b1cb3c73b543ed091649c288fdd3aa8dc977,mbpp,answer,2,toward,1.0,-1.49790358543396,-0.27915361523628235,False,True
2361,1b88f3b507d9300e45eb8a9f4954b1cb3c73b543ed091649c288fdd3aa8dc977,mbpp,answer,2,away,1.0,-1.397070288658142,-0.3189452588558197,False,True
2361,1b88f3b507d9300e45eb8a9f4954b1cb3c73b543ed091649c288fdd3aa8dc977,mbpp,answer,2,random,1.0,-1.1957861185073853,-0.39891108870506287,False,True
2361,1b88f3b507d9300e45eb8a9f4954b1cb3c73b543ed091649c288fdd3aa8dc977,mbpp,answer,4,toward,0.5,-1.4035714864730835,-0.3098214566707611,False,True
2361,1b88f3b507d9300e45eb8a9f4954b1cb3c73b543ed091649c288fdd3aa8dc977,mbpp,answer,4,away,0.5,-1.3152083158493042,-0.3464583456516266,False,True
2361,1b88f3b507d9300e45eb8a9f4954b1cb3c73b543ed091649c288fdd3aa8dc977,mbpp,answer,4,random,0.5,-1.3022682666778564,-0.3491433262825012,False,True
2361,1b88f3b507d9300e45eb8a9f4954b1cb3c73b543ed091649c288fdd3aa8dc977,mbpp,answer,4,toward,1.0,-1.669390320777893,-0.23189033567905426,False,True
2361,1b88f3b507d9300e45eb8a9f4954b1cb3c73b543ed091649c288fdd3aa8dc977,mbpp,answer,4,away,1.0,-1.4454644918441772,-0.30483949184417725,False,True
2361,1b88f3b507d9300e45eb8a9f4954b1cb3c73b543ed091649c288fdd3aa8dc977,mbpp,answer,4,random,1.0,-1.395426630973816,-0.3173016309738159,False,True
2361,1b88f3b507d9300e45eb8a9f4954b1cb3c73b543ed091649c288fdd3aa8dc977,mbpp,answer,6,toward,0.5,-1.4971355199813843,-0.2783854901790619,False,True
2361,1b88f3b507d9300e45eb8a9f4954b1cb3c73b543ed091649c288fdd3aa8dc977,mbpp,answer,6,away,0.5,-1.2598090171813965,-0.3691839873790741,False,True
2361,1b88f3b507d9300e45eb8a9f4954b1cb3c73b543ed091649c288fdd3aa8dc977,mbpp,answer,6,random,0.5,-1.3584402799606323,-0.3271903097629547,False,True
2361,1b88f3b507d9300e45eb8a9f4954b1cb3c73b543ed091649c288fdd3aa8dc977,mbpp,answer,6,toward,1.0,-1.6824103593826294,-0.22928538918495178,False,True
2361,1b88f3b507d9300e45eb8a9f4954b1cb3c73b543ed091649c288fdd3aa8dc977,mbpp,answer,6,away,1.0,-1.4547429084777832,-0.2984929084777832,False,True
2361,1b88f3b507d9300e45eb8a9f4954b1cb3c73b543ed091649c288fdd3aa8dc977,mbpp,answer,6,random,1.0,-1.5105314254760742,-0.2761564552783966,False,True
2361,1b88f3b507d9300e45eb8a9f4954b1cb3c73b543ed091649c288fdd3aa8dc977,mbpp,answer,8,toward,0.5,-1.4526946544647217,-0.2964446246623993,False,True
2361,1b88f3b507d9300e45eb8a9f4954b1cb3c73b543ed091649c288fdd3aa8dc977,mbpp,answer,8,away,0.5,-1.2898359298706055,-0.3523358702659607,False,True
2361,1b88f3b507d9300e45eb8a9f4954b1cb3c73b543ed091649c288fdd3aa8dc977,mbpp,answer,8,random,0.5,-1.416895866394043,-0.30752089619636536,False,True
2361,1b88f3b507d9300e45eb8a9f4954b1cb3c73b543ed091649c288fdd3aa8dc977,mbpp,answer,8,toward,1.0,-1.5599530935287476,-0.27870309352874756,False,True
2361,1b88f3b507d9300e45eb8a9f4954b1cb3c73b543ed091649c288fdd3aa8dc977,mbpp,answer,8,away,1.0,-1.354989767074585,-0.32373982667922974,False,True
2361,1b88f3b507d9300e45eb8a9f4954b1cb3c73b543ed091649c288fdd3aa8dc977,mbpp,answer,8,random,1.0,-1.5491853952407837,-0.2679353952407837,False,True
2361,1b88f3b507d9300e45eb8a9f4954b1cb3c73b543ed091649c288fdd3aa8dc977,mbpp,answer,10,toward,0.5,-1.1295015811920166,-0.426376610994339,False,True
2361,1b88f3b507d9300e45eb8a9f4954b1cb3c73b543ed091649c288fdd3aa8dc977,mbpp,answer,10,away,0.5,-1.3843568563461304,-0.32185688614845276,False,True
2361,1b88f3b507d9300e45eb8a9f4954b1cb3c73b543ed091649c288fdd3aa8dc977,mbpp,answer,10,random,0.5,-1.336801528930664,-0.33680152893066406,False,True
2361,1b88f3b507d9300e45eb8a9f4954b1cb3c73b543ed091649c288fdd3aa8dc977,mbpp,answer,10,toward,1.0,-1.0912277698516846,-0.4662277102470398,False,True
2361,1b88f3b507d9300e45eb8a9f4954b1cb3c73b543ed091649c288fdd3aa8dc977,mbpp,answer,10,away,1.0,-1.4569334983825684,-0.3006834387779236,False,True
2361,1b88f3b507d9300e45eb8a9f4954b1cb3c73b543ed091649c288fdd3aa8dc977,mbpp,answer,10,random,1.0,-1.3955731391906738,-0.31744813919067383,False,True
2361,1b88f3b507d9300e45eb8a9f4954b1cb3c73b543ed091649c288fdd3aa8dc977,mbpp,answer,12,toward,0.5,-0.9993710517883301,-0.4993710219860077,False,True
2361,1b88f3b507d9300e45eb8a9f4954b1cb3c73b543ed091649c288fdd3aa8dc977,mbpp,answer,12,away,0.5,-1.6116302013397217,-0.2522551417350769,False,True
2361,1b88f3b507d9300e45eb8a9f4954b1cb3c73b543ed091649c288fdd3aa8dc977,mbpp,answer,12,random,0.5,-1.2553801536560059,-0.36475515365600586,False,True
2361,1b88f3b507d9300e45eb8a9f4954b1cb3c73b543ed091649c288fdd3aa8dc977,mbpp,answer,12,toward,1.0,-1.139918327331543,-0.43679332733154297,False,True
2361,1b88f3b507d9300e45eb8a9f4954b1cb3c73b543ed091649c288fdd3aa8dc977,mbpp,answer,12,away,1.0,-1.699167251586914,-0.23041722178459167,False,True
2361,1b88f3b507d9300e45eb8a9f4954b1cb3c73b543ed091649c288fdd3aa8dc977,mbpp,answer,12,random,1.0,-1.220409631729126,-0.376659631729126,False,True
2361,1b88f3b507d9300e45eb8a9f4954b1cb3c73b543ed091649c288fdd3aa8dc977,mbpp,answer,14,toward,0.5,-1.0527291297912598,-0.47460418939590454,False,True
2361,1b88f3b507d9300e45eb8a9f4954b1cb3c73b543ed091649c288fdd3aa8dc977,mbpp,answer,14,away,0.5,-1.6195528507232666,-0.2445528358221054,False,True
2361,1b88f3b507d9300e45eb8a9f4954b1cb3c73b543ed091649c288fdd3aa8dc977,mbpp,answer,14,random,0.5,-1.2692056894302368,-0.36295565962791443,False,True
2361,1b88f3b507d9300e45eb8a9f4954b1cb3c73b543ed091649c288fdd3aa8dc977,mbpp,answer,14,toward,1.0,-0.9422593116760254,-0.5672593116760254,False,True
2361,1b88f3b507d9300e45eb8a9f4954b1cb3c73b543ed091649c288fdd3aa8dc977,mbpp,answer,14,away,1.0,-2.0345206260681152,-0.15952055156230927,False,True
2361,1b88f3b507d9300e45eb8a9f4954b1cb3c73b543ed091649c288fdd3aa8dc977,mbpp,answer,14,random,1.0,-1.130662202835083,-0.427537202835083,False,True
2361,1b88f3b507d9300e45eb8a9f4954b1cb3c73b543ed091649c288fdd3aa8dc977,mbpp,answer,16,toward,0.5,-0.6852030158042908,-0.7633280158042908,True,False
2361,1b88f3b507d9300e45eb8a9f4954b1cb3c73b543ed091649c288fdd3aa8dc977,mbpp,answer,16,away,0.5,-1.967655062675476,-0.17078006267547607,False,True
2361,1b88f3b507d9300e45eb8a9f4954b1cb3c73b543ed091649c288fdd3aa8dc977,mbpp,answer,16,random,0.5,-1.322227954864502,-0.33785298466682434,False,True
2361,1b88f3b507d9300e45eb8a9f4954b1cb3c73b543ed091649c288fdd3aa8dc977,mbpp,answer,16,toward,1.0,-0.30565932393074036,-1.508784294128418,True,False
2361,1b88f3b507d9300e45eb8a9f4954b1cb3c73b543ed091649c288fdd3aa8dc977,mbpp,answer,16,away,1.0,-2.917633533477783,-0.07388362288475037,False,True
2361,1b88f3b507d9300e45eb8a9f4954b1cb3c73b543ed091649c288fdd3aa8dc977,mbpp,answer,16,random,1.0,-1.4042471647262573,-0.31049713492393494,False,True
2361,1b88f3b507d9300e45eb8a9f4954b1cb3c73b543ed091649c288fdd3aa8dc977,mbpp,answer,18,toward,0.5,-0.829894483089447,-0.626769483089447,False,True
2361,1b88f3b507d9300e45eb8a9f4954b1cb3c73b543ed091649c288fdd3aa8dc977,mbpp,answer,18,away,0.5,-1.9444012641906738,-0.17877629399299622,False,True
2361,1b88f3b507d9300e45eb8a9f4954b1cb3c73b543ed091649c288fdd3aa8dc977,mbpp,answer,18,random,0.5,-1.3260637521743774,-0.34168872237205505,False,True
2361,1b88f3b507d9300e45eb8a9f4954b1cb3c73b543ed091649c288fdd3aa8dc977,mbpp,answer,18,toward,1.0,-0.6102955937385559,-0.8759205937385559,True,False
2361,1b88f3b507d9300e45eb8a9f4954b1cb3c73b543ed091649c288fdd3aa8dc977,mbpp,answer,18,away,1.0,-2.720109462738037,-0.09510936588048935,False,True
2361,1b88f3b507d9300e45eb8a9f4954b1cb3c73b543ed091649c288fdd3aa8dc977,mbpp,answer,18,random,1.0,-1.3157392740249634,-0.34698930382728577,False,True
2361,1b88f3b507d9300e45eb8a9f4954b1cb3c73b543ed091649c288fdd3aa8dc977,mbpp,answer,20,toward,0.5,-0.8748266696929932,-0.5935766696929932,False,True
2361,1b88f3b507d9300e45eb8a9f4954b1cb3c73b543ed091649c288fdd3aa8dc977,mbpp,answer,20,away,0.5,-1.772918701171875,-0.21041864156723022,False,True
2361,1b88f3b507d9300e45eb8a9f4954b1cb3c73b543ed091649c288fdd3aa8dc977,mbpp,answer,20,random,0.5,-1.1880738735198975,-0.39119890332221985,False,True
2361,1b88f3b507d9300e45eb8a9f4954b1cb3c73b543ed091649c288fdd3aa8dc977,mbpp,answer,20,toward,1.0,-0.7202024459838867,-0.7514524459838867,True,False
2361,1b88f3b507d9300e45eb8a9f4954b1cb3c73b543ed091649c288fdd3aa8dc977,mbpp,answer,20,away,1.0,-2.0718910694122314,-0.16564106941223145,False,True
2361,1b88f3b507d9300e45eb8a9f4954b1cb3c73b543ed091649c288fdd3aa8dc977,mbpp,answer,20,random,1.0,-1.0514768362045288,-0.4577268362045288,False,True
2361,1b88f3b507d9300e45eb8a9f4954b1cb3c73b543ed091649c288fdd3aa8dc977,mbpp,answer,22,toward,0.5,-0.8897327184677124,-0.5772327184677124,False,True
2361,1b88f3b507d9300e45eb8a9f4954b1cb3c73b543ed091649c288fdd3aa8dc977,mbpp,answer,22,away,0.5,-1.772491216659546,-0.2099912464618683,False,True
2361,1b88f3b507d9300e45eb8a9f4954b1cb3c73b543ed091649c288fdd3aa8dc977,mbpp,answer,22,random,0.5,-1.2246944904327393,-0.38094455003738403,False,True
2361,1b88f3b507d9300e45eb8a9f4954b1cb3c73b543ed091649c288fdd3aa8dc977,mbpp,answer,22,toward,1.0,-0.7375202178955078,-0.7218952178955078,False,True
2361,1b88f3b507d9300e45eb8a9f4954b1cb3c73b543ed091649c288fdd3aa8dc977,mbpp,answer,22,away,1.0,-2.1409828662872314,-0.15660789608955383,False,True
2361,1b88f3b507d9300e45eb8a9f4954b1cb3c73b543ed091649c288fdd3aa8dc977,mbpp,answer,22,random,1.0,-1.1858223676681519,-0.40457239747047424,False,True
2361,1b88f3b507d9300e45eb8a9f4954b1cb3c73b543ed091649c288fdd3aa8dc977,mbpp,answer,24,toward,0.5,-0.9531585574150085,-0.5312835574150085,False,True
2361,1b88f3b507d9300e45eb8a9f4954b1cb3c73b543ed091649c288fdd3aa8dc977,mbpp,answer,24,away,0.5,-1.868005394935608,-0.1961303949356079,False,True
2361,1b88f3b507d9300e45eb8a9f4954b1cb3c73b543ed091649c288fdd3aa8dc977,mbpp,answer,24,random,0.5,-1.2746894359588623,-0.3528144657611847,False,True
2361,1b88f3b507d9300e45eb8a9f4954b1cb3c73b543ed091649c288fdd3aa8dc977,mbpp,answer,24,toward,1.0,-0.8365129828453064,-0.6490129828453064,False,True
2361,1b88f3b507d9300e45eb8a9f4954b1cb3c73b543ed091649c288fdd3aa8dc977,mbpp,answer,24,away,1.0,-2.4175760746002197,-0.15195097029209137,False,True
2361,1b88f3b507d9300e45eb8a9f4954b1cb3c73b543ed091649c288fdd3aa8dc977,mbpp,answer,24,random,1.0,-1.2854679822921753,-0.3479680120944977,False,True
2361,1b88f3b507d9300e45eb8a9f4954b1cb3c73b543ed091649c288fdd3aa8dc977,mbpp,answer,26,toward,0.5,-0.8890155553817749,-0.5765155553817749,False,True
2361,1b88f3b507d9300e45eb8a9f4954b1cb3c73b543ed091649c288fdd3aa8dc977,mbpp,answer,26,away,0.5,-1.988387942314148,-0.17588798701763153,False,True
2361,1b88f3b507d9300e45eb8a9f4954b1cb3c73b543ed091649c288fdd3aa8dc977,mbpp,answer,26,random,0.5,-1.2464215755462646,-0.37142160534858704,False,True
2361,1b88f3b507d9300e45eb8a9f4954b1cb3c73b543ed091649c288fdd3aa8dc977,mbpp,answer,26,toward,1.0,-0.7693862915039062,-0.7225112915039062,False,True
2361,1b88f3b507d9300e45eb8a9f4954b1cb3c73b543ed091649c288fdd3aa8dc977,mbpp,answer,26,away,1.0,-2.620671033859253,-0.12067114561796188,False,True
2361,1b88f3b507d9300e45eb8a9f4954b1cb3c73b543ed091649c288fdd3aa8dc977,mbpp,answer,26,random,1.0,-1.2406474351882935,-0.38127240538597107,False,True
2361,1b88f3b507d9300e45eb8a9f4954b1cb3c73b543ed091649c288fdd3aa8dc977,mbpp,answer,28,toward,0.5,-0.8714200854301453,-0.5901700854301453,False,True
2361,1b88f3b507d9300e45eb8a9f4954b1cb3c73b543ed091649c288fdd3aa8dc977,mbpp,answer,28,away,0.5,-2.0671565532684326,-0.16090665757656097,False,True
2361,1b88f3b507d9300e45eb8a9f4954b1cb3c73b543ed091649c288fdd3aa8dc977,mbpp,answer,28,random,0.5,-1.375676155090332,-0.32880112528800964,False,True
2361,1b88f3b507d9300e45eb8a9f4954b1cb3c73b543ed091649c288fdd3aa8dc977,mbpp,answer,28,toward,1.0,-0.7482652068138123,-0.7482652068138123,False,True
2361,1b88f3b507d9300e45eb8a9f4954b1cb3c73b543ed091649c288fdd3aa8dc977,mbpp,answer,28,away,1.0,-2.8888309001922607,-0.09195588529109955,False,True
2361,1b88f3b507d9300e45eb8a9f4954b1cb3c73b543ed091649c288fdd3aa8dc977,mbpp,answer,28,random,1.0,-1.5559747219085693,-0.2903497517108917,False,True
2361,1b88f3b507d9300e45eb8a9f4954b1cb3c73b543ed091649c288fdd3aa8dc977,mbpp,answer,30,toward,0.5,-0.9323587417602539,-0.5417337417602539,False,True
2361,1b88f3b507d9300e45eb8a9f4954b1cb3c73b543ed091649c288fdd3aa8dc977,mbpp,answer,30,away,0.5,-2.317859649658203,-0.13035961985588074,False,True
2361,1b88f3b507d9300e45eb8a9f4954b1cb3c73b543ed091649c288fdd3aa8dc977,mbpp,answer,30,random,0.5,-1.332793116569519,-0.33279311656951904,False,True
2361,1b88f3b507d9300e45eb8a9f4954b1cb3c73b543ed091649c288fdd3aa8dc977,mbpp,answer,30,toward,1.0,-0.8813750147819519,-0.6157500147819519,False,True
2361,1b88f3b507d9300e45eb8a9f4954b1cb3c73b543ed091649c288fdd3aa8dc977,mbpp,answer,30,away,1.0,-3.4039485454559326,-0.10707345604896545,False,True
2361,1b88f3b507d9300e45eb8a9f4954b1cb3c73b543ed091649c288fdd3aa8dc977,mbpp,answer,30,random,1.0,-1.6117079257965088,-0.252332866191864,False,True
2361,1b88f3b507d9300e45eb8a9f4954b1cb3c73b543ed091649c288fdd3aa8dc977,mbpp,answer,31,toward,0.5,-0.7923159599304199,-0.7610659599304199,False,True
2361,1b88f3b507d9300e45eb8a9f4954b1cb3c73b543ed091649c288fdd3aa8dc977,mbpp,answer,31,away,0.5,-2.7641537189483643,-0.6704037189483643,False,True
2361,1b88f3b507d9300e45eb8a9f4954b1cb3c73b543ed091649c288fdd3aa8dc977,mbpp,answer,31,random,0.5,-0.7711625695228577,-0.7555375695228577,False,True
2361,1b88f3b507d9300e45eb8a9f4954b1cb3c73b543ed091649c288fdd3aa8dc977,mbpp,answer,31,toward,1.0,-1.233051061630249,-1.764301061630249,True,False
2361,1b88f3b507d9300e45eb8a9f4954b1cb3c73b543ed091649c288fdd3aa8dc977,mbpp,answer,31,away,1.0,-6.899261474609375,-4.219573974609375,False,False
2361,1b88f3b507d9300e45eb8a9f4954b1cb3c73b543ed091649c288fdd3aa8dc977,mbpp,answer,31,random,1.0,-1.0936518907546997,-1.7342768907546997,True,False
2362,1b88f3b507d9300e45eb8a9f4954b1cb3c73b543ed091649c288fdd3aa8dc977,mbpp,baseline,-1,none,0.0,-1.4780341386795044,-0.2905341386795044,False,True
2362,1b88f3b507d9300e45eb8a9f4954b1cb3c73b543ed091649c288fdd3aa8dc977,mbpp,if,0,toward,0.5,-1.5719478130340576,-0.25944778323173523,False,True
2362,1b88f3b507d9300e45eb8a9f4954b1cb3c73b543ed091649c288fdd3aa8dc977,mbpp,if,0,away,0.5,-1.5506861209869385,-0.26943615078926086,False,True
2362,1b88f3b507d9300e45eb8a9f4954b1cb3c73b543ed091649c288fdd3aa8dc977,mbpp,if,0,random,0.5,-1.5512516498565674,-0.27000170946121216,False,True
2362,1b88f3b507d9300e45eb8a9f4954b1cb3c73b543ed091649c288fdd3aa8dc977,mbpp,if,0,toward,1.0,-1.3400663137435913,-0.3556913137435913,False,True
2362,1b88f3b507d9300e45eb8a9f4954b1cb3c73b543ed091649c288fdd3aa8dc977,mbpp,if,0,away,1.0,-1.4212661981582642,-0.34314122796058655,False,True
2362,1b88f3b507d9300e45eb8a9f4954b1cb3c73b543ed091649c288fdd3aa8dc977,mbpp,if,0,random,1.0,-1.3135011196136475,-0.36037614941596985,False,True
2362,1b88f3b507d9300e45eb8a9f4954b1cb3c73b543ed091649c288fdd3aa8dc977,mbpp,if,2,toward,0.5,-1.454757571220398,-0.29850760102272034,False,True
2362,1b88f3b507d9300e45eb8a9f4954b1cb3c73b543ed091649c288fdd3aa8dc977,mbpp,if,2,away,0.5,-1.1714755296707153,-0.4058505594730377,False,True
2362,1b88f3b507d9300e45eb8a9f4954b1cb3c73b543ed091649c288fdd3aa8dc977,mbpp,if,2,random,0.5,-1.5517876148223877,-0.2705376446247101,False,True
2362,1b88f3b507d9300e45eb8a9f4954b1cb3c73b543ed091649c288fdd3aa8dc977,mbpp,if,2,toward,1.0,-1.4647173881530762,-0.30846744775772095,False,False
2362,1b88f3b507d9300e45eb8a9f4954b1cb3c73b543ed091649c288fdd3aa8dc977,mbpp,if,2,away,1.0,-1.331802248954773,-0.36305227875709534,False,True
2362,1b88f3b507d9300e45eb8a9f4954b1cb3c73b543ed091649c288fdd3aa8dc977,mbpp,if,2,random,1.0,-1.6419247388839722,-0.25129976868629456,False,True
2362,1b88f3b507d9300e45eb8a9f4954b1cb3c73b543ed091649c288fdd3aa8dc977,mbpp,if,4,toward,0.5,-1.2589070796966553,-0.3682820200920105,False,True
2362,1b88f3b507d9300e45eb8a9f4954b1cb3c73b543ed091649c288fdd3aa8dc977,mbpp,if,4,away,0.5,-1.7647517919540405,-0.23350174725055695,False,True
2362,1b88f3b507d9300e45eb8a9f4954b1cb3c73b543ed091649c288fdd3aa8dc977,mbpp,if,4,random,0.5,-1.359269618988037,-0.32801955938339233,False,True
2362,1b88f3b507d9300e45eb8a9f4954b1cb3c73b543ed091649c288fdd3aa8dc977,mbpp,if,4,toward,1.0,-1.2055878639221191,-0.39308786392211914,False,True
2362,1b88f3b507d9300e45eb8a9f4954b1cb3c73b543ed091649c288fdd3aa8dc977,mbpp,if,4,away,1.0,-1.8659721612930298,-0.22534716129302979,False,False
2362,1b88f3b507d9300e45eb8a9f4954b1cb3c73b543ed091649c288fdd3aa8dc977,mbpp,if,4,random,1.0,-1.204991340637207,-0.39249128103256226,False,True
2362,1b88f3b507d9300e45eb8a9f4954b1cb3c73b543ed091649c288fdd3aa8dc977,mbpp,if,6,toward,0.5,-0.9419338703155518,-0.5356838703155518,False,True
2362,1b88f3b507d9300e45eb8a9f4954b1cb3c73b543ed091649c288fdd3aa8dc977,mbpp,if,6,away,0.5,-1.7778735160827637,-0.21537351608276367,False,True
2362,1b88f3b507d9300e45eb8a9f4954b1cb3c73b543ed091649c288fdd3aa8dc977,mbpp,if,6,random,0.5,-1.1296133995056152,-0.4264884293079376,False,True
2362,1b88f3b507d9300e45eb8a9f4954b1cb3c73b543ed091649c288fdd3aa8dc977,mbpp,if,6,toward,1.0,-0.8390489816665649,-0.6202989816665649,False,True
2362,1b88f3b507d9300e45eb8a9f4954b1cb3c73b543ed091649c288fdd3aa8dc977,mbpp,if,6,away,1.0,-1.608398675918579,-0.2646486163139343,False,False
2362,1b88f3b507d9300e45eb8a9f4954b1cb3c73b543ed091649c288fdd3aa8dc977,mbpp,if,6,random,1.0,-0.7987692952156067,-0.6425192952156067,False,True
2362,1b88f3b507d9300e45eb8a9f4954b1cb3c73b543ed091649c288fdd3aa8dc977,mbpp,if,8,toward,0.5,-1.2813915014266968,-0.35951653122901917,False,True
2362,1b88f3b507d9300e45eb8a9f4954b1cb3c73b543ed091649c288fdd3aa8dc977,mbpp,if,8,away,0.5,-1.9620578289031982,-0.18080778419971466,False,True
2362,1b88f3b507d9300e45eb8a9f4954b1cb3c73b543ed091649c288fdd3aa8dc977,mbpp,if,8,random,0.5,-1.239662528038025,-0.3802875578403473,False,True
2362,1b88f3b507d9300e45eb8a9f4954b1cb3c73b543ed091649c288fdd3aa8dc977,mbpp,if,8,toward,1.0,-0.9740778803825378,-0.5209528803825378,False,True
2362,1b88f3b507d9300e45eb8a9f4954b1cb3c73b543ed091649c288fdd3aa8dc977,mbpp,if,8,away,1.0,-2.4473304748535156,-0.119205541908741,False,True
2362,1b88f3b507d9300e45eb8a9f4954b1cb3c73b543ed091649c288fdd3aa8dc977,mbpp,if,8,random,1.0,-1.2110403776168823,-0.3985404074192047,False,True
2362,1b88f3b507d9300e45eb8a9f4954b1cb3c73b543ed091649c288fdd3aa8dc977,mbpp,if,10,toward,0.5,-1.1869328022003174,-0.40568283200263977,False,True
2362,1b88f3b507d9300e45eb8a9f4954b1cb3c73b543ed091649c288fdd3aa8dc977,mbpp,if,10,away,0.5,-1.7210242748260498,-0.22102424502372742,False,True
2362,1b88f3b507d9300e45eb8a9f4954b1cb3c73b543ed091649c288fdd3aa8dc977,mbpp,if,10,random,0.5,-1.5377025604248047,-0.2720775902271271,False,True
2362,1b88f3b507d9300e45eb8a9f4954b1cb3c73b543ed091649c288fdd3aa8dc977,mbpp,if,10,toward,1.0,-1.1758296489715576,-0.41020467877388,False,True
2362,1b88f3b507d9300e45eb8a9f4954b1cb3c73b543ed091649c288fdd3aa8dc977,mbpp,if,10,away,1.0,-1.807831883430481,-0.19845692813396454,False,True
2362,1b88f3b507d9300e45eb8a9f4954b1cb3c73b543ed091649c288fdd3aa8dc977,mbpp,if,10,random,1.0,-1.6600860357284546,-0.2382110059261322,False,True
2362,1b88f3b507d9300e45eb8a9f4954b1cb3c73b543ed091649c288fdd3aa8dc977,mbpp,if,12,toward,0.5,-1.081148386001587,-0.4561483860015869,False,True
2362,1b88f3b507d9300e45eb8a9f4954b1cb3c73b543ed091649c288fdd3aa8dc977,mbpp,if,12,away,0.5,-1.7230579853057861,-0.22305800020694733,False,True
2362,1b88f3b507d9300e45eb8a9f4954b1cb3c73b543ed091649c288fdd3aa8dc977,mbpp,if,12,random,0.5,-1.4541815519332886,-0.29793158173561096,False,True
2362,1b88f3b507d9300e45eb8a9f4954b1cb3c73b543ed091649c288fdd3aa8dc977,mbpp,if,12,toward,1.0,-1.1024636030197144,-0.44621363282203674,False,True
2362,1b88f3b507d9300e45eb8a9f4954b1cb3c73b543ed091649c288fdd3aa8dc977,mbpp,if,12,away,1.0,-1.6454200744628906,-0.23917005956172943,False,True
2362,1b88f3b507d9300e45eb8a9f4954b1cb3c73b543ed091649c288fdd3aa8dc977,mbpp,if,12,random,1.0,-1.383596420288086,-0.32109642028808594,False,True
2362,1b88f3b507d9300e45eb8a9f4954b1cb3c73b543ed091649c288fdd3aa8dc977,mbpp,if,14,toward,0.5,-1.3267004489898682,-0.34232550859451294,False,True
2362,1b88f3b507d9300e45eb8a9f4954b1cb3c73b543ed091649c288fdd3aa8dc977,mbpp,if,14,away,0.5,-1.4768701791763306,-0.28937020897865295,False,True
2362,1b88f3b507d9300e45eb8a9f4954b1cb3c73b543ed091649c288fdd3aa8dc977,mbpp,if,14,random,0.5,-1.501608967781067,-0.2828589677810669,False,True
2362,1b88f3b507d9300e45eb8a9f4954b1cb3c73b543ed091649c288fdd3aa8dc977,mbpp,if,14,toward,1.0,-1.250124216079712,-0.37512415647506714,False,True
2362,1b88f3b507d9300e45eb8a9f4954b1cb3c73b543ed091649c288fdd3aa8dc977,mbpp,if,14,away,1.0,-1.3127360343933105,-0.34398603439331055,False,True
2362,1b88f3b507d9300e45eb8a9f4954b1cb3c73b543ed091649c288fdd3aa8dc977,mbpp,if,14,random,1.0,-1.5382318496704102,-0.2726067900657654,False,True
2362,1b88f3b507d9300e45eb8a9f4954b1cb3c73b543ed091649c288fdd3aa8dc977,mbpp,if,16,toward,0.5,-1.4540492296218872,-0.2977992594242096,False,True
2362,1b88f3b507d9300e45eb8a9f4954b1cb3c73b543ed091649c288fdd3aa8dc977,mbpp,if,16,away,0.5,-1.4785776138305664,-0.2910776436328888,False,True
2362,1b88f3b507d9300e45eb8a9f4954b1cb3c73b543ed091649c288fdd3aa8dc977,mbpp,if,16,random,0.5,-1.4552147388458252,-0.2989646792411804,False,True
2362,1b88f3b507d9300e45eb8a9f4954b1cb3c73b543ed091649c288fdd3aa8dc977,mbpp,if,16,toward,1.0,-1.442331314086914,-0.3017062842845917,False,True
2362,1b88f3b507d9300e45eb8a9f4954b1cb3c73b543ed091649c288fdd3aa8dc977,mbpp,if,16,away,1.0,-1.4438396692276,-0.3032146692276001,False,True
2362,1b88f3b507d9300e45eb8a9f4954b1cb3c73b543ed091649c288fdd3aa8dc977,mbpp,if,16,random,1.0,-1.4442757368087769,-0.30365073680877686,False,True
2362,1b88f3b507d9300e45eb8a9f4954b1cb3c73b543ed091649c288fdd3aa8dc977,mbpp,if,18,toward,0.5,-1.5021506547927856,-0.28340062499046326,False,True
2362,1b88f3b507d9300e45eb8a9f4954b1cb3c73b543ed091649c288fdd3aa8dc977,mbpp,if,18,away,0.5,-1.406449794769287,-0.3126998245716095,False,True
2362,1b88f3b507d9300e45eb8a9f4954b1cb3c73b543ed091649c288fdd3aa8dc977,mbpp,if,18,random,0.5,-1.4791442155838013,-0.2916441857814789,False,True
2362,1b88f3b507d9300e45eb8a9f4954b1cb3c73b543ed091649c288fdd3aa8dc977,mbpp,if,18,toward,1.0,-1.5274322032928467,-0.27743226289749146,False,True
2362,1b88f3b507d9300e45eb8a9f4954b1cb3c73b543ed091649c288fdd3aa8dc977,mbpp,if,18,away,1.0,-1.3374993801116943,-0.33749935030937195,False,True
2362,1b88f3b507d9300e45eb8a9f4954b1cb3c73b543ed091649c288fdd3aa8dc977,mbpp,if,18,random,1.0,-1.4805991649627686,-0.29309922456741333,False,True
2362,1b88f3b507d9300e45eb8a9f4954b1cb3c73b543ed091649c288fdd3aa8dc977,mbpp,if,20,toward,0.5,-1.4671677350997925,-0.2952927052974701,False,True
2362,1b88f3b507d9300e45eb8a9f4954b1cb3c73b543ed091649c288fdd3aa8dc977,mbpp,if,20,away,0.5,-1.4416416883468628,-0.3010167181491852,False,True
2362,1b88f3b507d9300e45eb8a9f4954b1cb3c73b543ed091649c288fdd3aa8dc977,mbpp,if,20,random,0.5,-1.4785261154174805,-0.29102614521980286,False,True
2362,1b88f3b507d9300e45eb8a9f4954b1cb3c73b543ed091649c288fdd3aa8dc977,mbpp,if,20,toward,1.0,-1.44499671459198,-0.30437174439430237,False,True
2362,1b88f3b507d9300e45eb8a9f4954b1cb3c73b543ed091649c288fdd3aa8dc977,mbpp,if,20,away,1.0,-1.4184421300888062,-0.30906710028648376,False,True
2362,1b88f3b507d9300e45eb8a9f4954b1cb3c73b543ed091649c288fdd3aa8dc977,mbpp,if,20,random,1.0,-1.4566431045532227,-0.3003930449485779,False,True
2362,1b88f3b507d9300e45eb8a9f4954b1cb3c73b543ed091649c288fdd3aa8dc977,mbpp,if,22,toward,0.5,-1.4793360233306885,-0.2918359935283661,False,True
2362,1b88f3b507d9300e45eb8a9f4954b1cb3c73b543ed091649c288fdd3aa8dc977,mbpp,if,22,away,0.5,-1.453961968421936,-0.2977119982242584,False,True
2362,1b88f3b507d9300e45eb8a9f4954b1cb3c73b543ed091649c288fdd3aa8dc977,mbpp,if,22,random,0.5,-1.4784082174301147,-0.29090824723243713,False,True
2362,1b88f3b507d9300e45eb8a9f4954b1cb3c73b543ed091649c288fdd3aa8dc977,mbpp,if,22,toward,1.0,-1.456739068031311,-0.3004890978336334,False,True
2362,1b88f3b507d9300e45eb8a9f4954b1cb3c73b543ed091649c288fdd3aa8dc977,mbpp,if,22,away,1.0,-1.4321939945220947,-0.3071939945220947,False,True
2362,1b88f3b507d9300e45eb8a9f4954b1cb3c73b543ed091649c288fdd3aa8dc977,mbpp,if,22,random,1.0,-1.4447576999664307,-0.30413272976875305,False,True
2362,1b88f3b507d9300e45eb8a9f4954b1cb3c73b543ed091649c288fdd3aa8dc977,mbpp,if,24,toward,0.5,-1.4670686721801758,-0.2951936721801758,False,True
2362,1b88f3b507d9300e45eb8a9f4954b1cb3c73b543ed091649c288fdd3aa8dc977,mbpp,if,24,away,0.5,-1.4532355070114136,-0.2969854772090912,False,True
2362,1b88f3b507d9300e45eb8a9f4954b1cb3c73b543ed091649c288fdd3aa8dc977,mbpp,if,24,random,0.5,-1.4673876762390137,-0.29551273584365845,False,True
2362,1b88f3b507d9300e45eb8a9f4954b1cb3c73b543ed091649c288fdd3aa8dc977,mbpp,if,24,toward,1.0,-1.4444341659545898,-0.30380919575691223,False,True
2362,1b88f3b507d9300e45eb8a9f4954b1cb3c73b543ed091649c288fdd3aa8dc977,mbpp,if,24,away,1.0,-1.442408800125122,-0.30178385972976685,False,True
2362,1b88f3b507d9300e45eb8a9f4954b1cb3c73b543ed091649c288fdd3aa8dc977,mbpp,if,24,random,1.0,-1.4333162307739258,-0.30831629037857056,False,True
2362,1b88f3b507d9300e45eb8a9f4954b1cb3c73b543ed091649c288fdd3aa8dc977,mbpp,if,26,toward,0.5,-1.479066014289856,-0.29156598448753357,False,True
2362,1b88f3b507d9300e45eb8a9f4954b1cb3c73b543ed091649c288fdd3aa8dc977,mbpp,if,26,away,0.5,-1.4423413276672363,-0.3017163574695587,False,True
2362,1b88f3b507d9300e45eb8a9f4954b1cb3c73b543ed091649c288fdd3aa8dc977,mbpp,if,26,random,0.5,-1.478668451309204,-0.2911685109138489,False,True
2362,1b88f3b507d9300e45eb8a9f4954b1cb3c73b543ed091649c288fdd3aa8dc977,mbpp,if,26,toward,1.0,-1.4677809476852417,-0.2959059178829193,False,True
2362,1b88f3b507d9300e45eb8a9f4954b1cb3c73b543ed091649c288fdd3aa8dc977,mbpp,if,26,away,1.0,-1.4313876628875732,-0.30638763308525085,False,True
2362,1b88f3b507d9300e45eb8a9f4954b1cb3c73b543ed091649c288fdd3aa8dc977,mbpp,if,26,random,1.0,-1.4793388843536377,-0.2918389141559601,False,True
2362,1b88f3b507d9300e45eb8a9f4954b1cb3c73b543ed091649c288fdd3aa8dc977,mbpp,if,28,toward,0.5,-1.4660216569900513,-0.29414665699005127,False,True
2362,1b88f3b507d9300e45eb8a9f4954b1cb3c73b543ed091649c288fdd3aa8dc977,mbpp,if,28,away,0.5,-1.4660323858261108,-0.29415738582611084,False,True
2362,1b88f3b507d9300e45eb8a9f4954b1cb3c73b543ed091649c288fdd3aa8dc977,mbpp,if,28,random,0.5,-1.466780424118042,-0.294905424118042,False,True
2362,1b88f3b507d9300e45eb8a9f4954b1cb3c73b543ed091649c288fdd3aa8dc977,mbpp,if,28,toward,1.0,-1.477994441986084,-0.29049447178840637,False,True
2362,1b88f3b507d9300e45eb8a9f4954b1cb3c73b543ed091649c288fdd3aa8dc977,mbpp,if,28,away,1.0,-1.4539536237716675,-0.2977035939693451,False,True
2362,1b88f3b507d9300e45eb8a9f4954b1cb3c73b543ed091649c288fdd3aa8dc977,mbpp,if,28,random,1.0,-1.455531358718872,-0.29928135871887207,False,True
2362,1b88f3b507d9300e45eb8a9f4954b1cb3c73b543ed091649c288fdd3aa8dc977,mbpp,if,30,toward,0.5,-1.4662491083145142,-0.29437410831451416,False,True
2362,1b88f3b507d9300e45eb8a9f4954b1cb3c73b543ed091649c288fdd3aa8dc977,mbpp,if,30,away,0.5,-1.4664301872253418,-0.2945551872253418,False,True
2362,1b88f3b507d9300e45eb8a9f4954b1cb3c73b543ed091649c288fdd3aa8dc977,mbpp,if,30,random,0.5,-1.4665204286575317,-0.29464539885520935,False,True
2362,1b88f3b507d9300e45eb8a9f4954b1cb3c73b543ed091649c288fdd3aa8dc977,mbpp,if,30,toward,1.0,-1.4542202949523926,-0.29797035455703735,False,True
2362,1b88f3b507d9300e45eb8a9f4954b1cb3c73b543ed091649c288fdd3aa8dc977,mbpp,if,30,away,1.0,-1.4546834230422974,-0.298433393239975,False,True
2362,1b88f3b507d9300e45eb8a9f4954b1cb3c73b543ed091649c288fdd3aa8dc977,mbpp,if,30,random,1.0,-1.4550111293792725,-0.29876112937927246,False,True
2362,1b88f3b507d9300e45eb8a9f4954b1cb3c73b543ed091649c288fdd3aa8dc977,mbpp,if,31,toward,0.5,-1.4780341386795044,-0.2905341386795044,False,True
2362,1b88f3b507d9300e45eb8a9f4954b1cb3c73b543ed091649c288fdd3aa8dc977,mbpp,if,31,away,0.5,-1.4780341386795044,-0.2905341386795044,False,True
2362,1b88f3b507d9300e45eb8a9f4954b1cb3c73b543ed091649c288fdd3aa8dc977,mbpp,if,31,random,0.5,-1.4780341386795044,-0.2905341386795044,False,True
2362,1b88f3b507d9300e45eb8a9f4954b1cb3c73b543ed091649c288fdd3aa8dc977,mbpp,if,31,toward,1.0,-1.4780341386795044,-0.2905341386795044,False,True
2362,1b88f3b507d9300e45eb8a9f4954b1cb3c73b543ed091649c288fdd3aa8dc977,mbpp,if,31,away,1.0,-1.4780341386795044,-0.2905341386795044,False,True
2362,1b88f3b507d9300e45eb8a9f4954b1cb3c73b543ed091649c288fdd3aa8dc977,mbpp,if,31,random,1.0,-1.4780341386795044,-0.2905341386795044,False,True
2362,1b88f3b507d9300e45eb8a9f4954b1cb3c73b543ed091649c288fdd3aa8dc977,mbpp,body_first,0,toward,0.5,-1.4660208225250244,-0.2941458523273468,False,True
2362,1b88f3b507d9300e45eb8a9f4954b1cb3c73b543ed091649c288fdd3aa8dc977,mbpp,body_first,0,away,0.5,-1.4659974575042725,-0.2941223978996277,False,True
2362,1b88f3b507d9300e45eb8a9f4954b1cb3c73b543ed091649c288fdd3aa8dc977,mbpp,body_first,0,random,0.5,-1.4659720659255981,-0.29409709572792053,False,True
2362,1b88f3b507d9300e45eb8a9f4954b1cb3c73b543ed091649c288fdd3aa8dc977,mbpp,body_first,0,toward,1.0,-1.4894142150878906,-0.28628915548324585,False,True
2362,1b88f3b507d9300e45eb8a9f4954b1cb3c73b543ed091649c288fdd3aa8dc977,mbpp,body_first,0,away,1.0,-1.3837041854858398,-0.3212042450904846,False,True
2362,1b88f3b507d9300e45eb8a9f4954b1cb3c73b543ed091649c288fdd3aa8dc977,mbpp,body_first,0,random,1.0,-1.4071648120880127,-0.3134148418903351,False,True
2362,1b88f3b507d9300e45eb8a9f4954b1cb3c73b543ed091649c288fdd3aa8dc977,mbpp,body_first,2,toward,0.5,-1.465861439704895,-0.2939864695072174,False,True
2362,1b88f3b507d9300e45eb8a9f4954b1cb3c73b543ed091649c288fdd3aa8dc977,mbpp,body_first,2,away,0.5,-1.4543734788894653,-0.2981235086917877,False,True
2362,1b88f3b507d9300e45eb8a9f4954b1cb3c73b543ed091649c288fdd3aa8dc977,mbpp,body_first,2,random,0.5,-1.4538748264312744,-0.2976248860359192,False,True
2362,1b88f3b507d9300e45eb8a9f4954b1cb3c73b543ed091649c288fdd3aa8dc977,mbpp,body_first,2,toward,1.0,-1.4178270101547241,-0.3084520399570465,False,True
2362,1b88f3b507d9300e45eb8a9f4954b1cb3c73b543ed091649c288fdd3aa8dc977,mbpp,body_first,2,away,1.0,-1.3491358757019043,-0.3335108458995819,False,True
2362,1b88f3b507d9300e45eb8a9f4954b1cb3c73b543ed091649c288fdd3aa8dc977,mbpp,body_first,2,random,1.0,-1.3484987020492554,-0.33287373185157776,False,True
2362,1b88f3b507d9300e45eb8a9f4954b1cb3c73b543ed091649c288fdd3aa8dc977,mbpp,body_first,4,toward,0.5,-1.4539345502853394,-0.29768455028533936,False,True
2362,1b88f3b507d9300e45eb8a9f4954b1cb3c73b543ed091649c288fdd3aa8dc977,mbpp,body_first,4,away,0.5,-1.4779002666473389,-0.2904002070426941,False,True
2362,1b88f3b507d9300e45eb8a9f4954b1cb3c73b543ed091649c288fdd3aa8dc977,mbpp,body_first,4,random,0.5,-1.4658393859863281,-0.29396435618400574,False,True
2362,1b88f3b507d9300e45eb8a9f4954b1cb3c73b543ed091649c288fdd3aa8dc977,mbpp,body_first,4,toward,1.0,-1.4302810430526733,-0.30528104305267334,False,True
2362,1b88f3b507d9300e45eb8a9f4954b1cb3c73b543ed091649c288fdd3aa8dc977,mbpp,body_first,4,away,1.0,-1.441938877105713,-0.3013139069080353,False,True
2362,1b88f3b507d9300e45eb8a9f4954b1cb3c73b543ed091649c288fdd3aa8dc977,mbpp,body_first,4,random,1.0,-1.4302117824554443,-0.3052118122577667,False,True
2362,1b88f3b507d9300e45eb8a9f4954b1cb3c73b543ed091649c288fdd3aa8dc977,mbpp,body_first,6,toward,0.5,-1.4423147439956665,-0.3016897141933441,False,True
2362,1b88f3b507d9300e45eb8a9f4954b1cb3c73b543ed091649c288fdd3aa8dc977,mbpp,body_first,6,away,0.5,-1.4541209936141968,-0.2978709638118744,False,True
2362,1b88f3b507d9300e45eb8a9f4954b1cb3c73b543ed091649c288fdd3aa8dc977,mbpp,body_first,6,random,0.5,-1.4542120695114136,-0.29796209931373596,False,True
2362,1b88f3b507d9300e45eb8a9f4954b1cb3c73b543ed091649c288fdd3aa8dc977,mbpp,body_first,6,toward,1.0,-1.407184362411499,-0.313434362411499,False,True
2362,1b88f3b507d9300e45eb8a9f4954b1cb3c73b543ed091649c288fdd3aa8dc977,mbpp,body_first,6,away,1.0,-1.4419052600860596,-0.3012802004814148,False,True
2362,1b88f3b507d9300e45eb8a9f4954b1cb3c73b543ed091649c288fdd3aa8dc977,mbpp,body_first,6,random,1.0,-1.430424690246582,-0.3054247498512268,False,True
2362,1b88f3b507d9300e45eb8a9f4954b1cb3c73b543ed091649c288fdd3aa8dc977,mbpp,body_first,8,toward,0.5,-1.4427356719970703,-0.3021107017993927,False,True
2362,1b88f3b507d9300e45eb8a9f4954b1cb3c73b543ed091649c288fdd3aa8dc977,mbpp,body_first,8,away,0.5,-1.490391731262207,-0.28726673126220703,False,True
2362,1b88f3b507d9300e45eb8a9f4954b1cb3c73b543ed091649c288fdd3aa8dc977,mbpp,body_first,8,random,0.5,-1.466113805770874,-0.2942388355731964,False,True
2362,1b88f3b507d9300e45eb8a9f4954b1cb3c73b543ed091649c288fdd3aa8dc977,mbpp,body_first,8,toward,1.0,-1.4320273399353027,-0.30702731013298035,False,True
2362,1b88f3b507d9300e45eb8a9f4954b1cb3c73b543ed091649c288fdd3aa8dc977,mbpp,body_first,8,away,1.0,-1.502731204032898,-0.28398123383522034,False,True
2362,1b88f3b507d9300e45eb8a9f4954b1cb3c73b543ed091649c288fdd3aa8dc977,mbpp,body_first,8,random,1.0,-1.4666357040405273,-0.29476064443588257,False,True
2362,1b88f3b507d9300e45eb8a9f4954b1cb3c73b543ed091649c288fdd3aa8dc977,mbpp,body_first,10,toward,0.5,-1.46625816822052,-0.29438316822052,False,True
2362,1b88f3b507d9300e45eb8a9f4954b1cb3c73b543ed091649c288fdd3aa8dc977,mbpp,body_first,10,away,0.5,-1.466389536857605,-0.294514536857605,False,True
2362,1b88f3b507d9300e45eb8a9f4954b1cb3c73b543ed091649c288fdd3aa8dc977,mbpp,body_first,10,random,0.5,-1.4779623746871948,-0.2904623746871948,False,True
2362,1b88f3b507d9300e45eb8a9f4954b1cb3c73b543ed091649c288fdd3aa8dc977,mbpp,body_first,10,toward,1.0,-1.478665828704834,-0.29116585850715637,False,True
2362,1b88f3b507d9300e45eb8a9f4954b1cb3c73b543ed091649c288fdd3aa8dc977,mbpp,body_first,10,away,1.0,-1.4662024974822998,-0.2943274974822998,False,True
2362,1b88f3b507d9300e45eb8a9f4954b1cb3c73b543ed091649c288fdd3aa8dc977,mbpp,body_first,10,random,1.0,-1.4782352447509766,-0.29073524475097656,False,True
2362,1b88f3b507d9300e45eb8a9f4954b1cb3c73b543ed091649c288fdd3aa8dc977,mbpp,body_first,12,toward,0.5,-1.4663777351379395,-0.29450270533561707,False,True
2362,1b88f3b507d9300e45eb8a9f4954b1cb3c73b543ed091649c288fdd3aa8dc977,mbpp,body_first,12,away,0.5,-1.4660557508468628,-0.2941807508468628,False,True
2362,1b88f3b507d9300e45eb8a9f4954b1cb3c73b543ed091649c288fdd3aa8dc977,mbpp,body_first,12,random,0.5,-1.4661262035369873,-0.2942512035369873,False,True
2362,1b88f3b507d9300e45eb8a9f4954b1cb3c73b543ed091649c288fdd3aa8dc977,mbpp,body_first,12,toward,1.0,-1.4546793699264526,-0.29842934012413025,False,True
2362,1b88f3b507d9300e45eb8a9f4954b1cb3c73b543ed091649c288fdd3aa8dc977,mbpp,body_first,12,away,1.0,-1.4660308361053467,-0.29415589570999146,False,True
2362,1b88f3b507d9300e45eb8a9f4954b1cb3c73b543ed091649c288fdd3aa8dc977,mbpp,body_first,12,random,1.0,-1.4664865732192993,-0.2946115732192993,False,True
2362,1b88f3b507d9300e45eb8a9f4954b1cb3c73b543ed091649c288fdd3aa8dc977,mbpp,body_first,14,toward,0.5,-1.4780387878417969,-0.2905387580394745,False,True
2362,1b88f3b507d9300e45eb8a9f4954b1cb3c73b543ed091649c288fdd3aa8dc977,mbpp,body_first,14,away,0.5,-1.4660935401916504,-0.29421859979629517,False,True
2362,1b88f3b507d9300e45eb8a9f4954b1cb3c73b543ed091649c288fdd3aa8dc977,mbpp,body_first,14,random,0.5,-1.466267704963684,-0.2943926751613617,False,True
2362,1b88f3b507d9300e45eb8a9f4954b1cb3c73b543ed091649c288fdd3aa8dc977,mbpp,body_first,14,toward,1.0,-1.4898498058319092,-0.2867248058319092,False,True
2362,1b88f3b507d9300e45eb8a9f4954b1cb3c73b543ed091649c288fdd3aa8dc977,mbpp,body_first,14,away,1.0,-1.4542031288146973,-0.29795318841934204,False,True
2362,1b88f3b507d9300e45eb8a9f4954b1cb3c73b543ed091649c288fdd3aa8dc977,mbpp,body_first,14,random,1.0,-1.478055477142334,-0.29055553674697876,False,True
2362,1b88f3b507d9300e45eb8a9f4954b1cb3c73b543ed091649c288fdd3aa8dc977,mbpp,body_first,16,toward,0.5,-1.4781849384307861,-0.2906849682331085,False,True
2362,1b88f3b507d9300e45eb8a9f4954b1cb3c73b543ed091649c288fdd3aa8dc977,mbpp,body_first,16,away,0.5,-1.4662104845046997,-0.2943354845046997,False,True
2362,1b88f3b507d9300e45eb8a9f4954b1cb3c73b543ed091649c288fdd3aa8dc977,mbpp,body_first,16,random,0.5,-1.4780497550964355,-0.2905498147010803,False,True
2362,1b88f3b507d9300e45eb8a9f4954b1cb3c73b543ed091649c288fdd3aa8dc977,mbpp,body_first,16,toward,1.0,-1.4781317710876465,-0.29063183069229126,False,True
2362,1b88f3b507d9300e45eb8a9f4954b1cb3c73b543ed091649c288fdd3aa8dc977,mbpp,body_first,16,away,1.0,-1.4543402194976807,-0.2980901598930359,False,True
2362,1b88f3b507d9300e45eb8a9f4954b1cb3c73b543ed091649c288fdd3aa8dc977,mbpp,body_first,16,random,1.0,-1.478028416633606,-0.29052841663360596,False,True
2362,1b88f3b507d9300e45eb8a9f4954b1cb3c73b543ed091649c288fdd3aa8dc977,mbpp,body_first,18,toward,0.5,-1.4663169384002686,-0.29444196820259094,False,True
2362,1b88f3b507d9300e45eb8a9f4954b1cb3c73b543ed091649c288fdd3aa8dc977,mbpp,body_first,18,away,0.5,-1.4661219120025635,-0.29424694180488586,False,True
2362,1b88f3b507d9300e45eb8a9f4954b1cb3c73b543ed091649c288fdd3aa8dc977,mbpp,body_first,18,random,0.5,-1.4660372734069824,-0.2941622734069824,False,True
2362,1b88f3b507d9300e45eb8a9f4954b1cb3c73b543ed091649c288fdd3aa8dc977,mbpp,body_first,18,toward,1.0,-1.4662935733795166,-0.2944185137748718,False,True
2362,1b88f3b507d9300e45eb8a9f4954b1cb3c73b543ed091649c288fdd3aa8dc977,mbpp,body_first,18,away,1.0,-1.4779877662658691,-0.29048776626586914,False,True
2362,1b88f3b507d9300e45eb8a9f4954b1cb3c73b543ed091649c288fdd3aa8dc977,mbpp,body_first,18,random,1.0,-1.4662142992019653,-0.29433929920196533,False,True
2362,1b88f3b507d9300e45eb8a9f4954b1cb3c73b543ed091649c288fdd3aa8dc977,mbpp,body_first,20,toward,0.5,-1.4662591218948364,-0.2943841516971588,False,True
2362,1b88f3b507d9300e45eb8a9f4954b1cb3c73b543ed091649c288fdd3aa8dc977,mbpp,body_first,20,away,0.5,-1.4662513732910156,-0.29437634348869324,False,True
2362,1b88f3b507d9300e45eb8a9f4954b1cb3c73b543ed091649c288fdd3aa8dc977,mbpp,body_first,20,random,0.5,-1.4780817031860352,-0.29058173298835754,False,True
2362,1b88f3b507d9300e45eb8a9f4954b1cb3c73b543ed091649c288fdd3aa8dc977,mbpp,body_first,20,toward,1.0,-1.466302514076233,-0.2944274842739105,False,True
2362,1b88f3b507d9300e45eb8a9f4954b1cb3c73b543ed091649c288fdd3aa8dc977,mbpp,body_first,20,away,1.0,-1.4662848711013794,-0.2944099009037018,False,True
2362,1b88f3b507d9300e45eb8a9f4954b1cb3c73b543ed091649c288fdd3aa8dc977,mbpp,body_first,20,random,1.0,-1.4780806303024292,-0.2905806601047516,False,True
2362,1b88f3b507d9300e45eb8a9f4954b1cb3c73b543ed091649c288fdd3aa8dc977,mbpp,body_first,22,toward,0.5,-1.4780161380767822,-0.2905161380767822,False,True
2362,1b88f3b507d9300e45eb8a9f4954b1cb3c73b543ed091649c288fdd3aa8dc977,mbpp,body_first,22,away,0.5,-1.4780845642089844,-0.2905845046043396,False,True
2362,1b88f3b507d9300e45eb8a9f4954b1cb3c73b543ed091649c288fdd3aa8dc977,mbpp,body_first,22,random,0.5,-1.4779713153839111,-0.29047128558158875,False,True
2362,1b88f3b507d9300e45eb8a9f4954b1cb3c73b543ed091649c288fdd3aa8dc977,mbpp,body_first,22,toward,1.0,-1.4663078784942627,-0.2944328188896179,False,True
2362,1b88f3b507d9300e45eb8a9f4954b1cb3c73b543ed091649c288fdd3aa8dc977,mbpp,body_first,22,away,1.0,-1.4779698848724365,-0.2904699444770813,False,True
2362,1b88f3b507d9300e45eb8a9f4954b1cb3c73b543ed091649c288fdd3aa8dc977,mbpp,body_first,22,random,1.0,-1.4662597179412842,-0.2943846881389618,False,True
2362,1b88f3b507d9300e45eb8a9f4954b1cb3c73b543ed091649c288fdd3aa8dc977,mbpp,body_first,24,toward,0.5,-1.4662632942199707,-0.2943882346153259,False,True
2362,1b88f3b507d9300e45eb8a9f4954b1cb3c73b543ed091649c288fdd3aa8dc977,mbpp,body_first,24,away,0.5,-1.4661284685134888,-0.29425349831581116,False,True
2362,1b88f3b507d9300e45eb8a9f4954b1cb3c73b543ed091649c288fdd3aa8dc977,mbpp,body_first,24,random,0.5,-1.466312289237976,-0.2944372594356537,False,True
2362,1b88f3b507d9300e45eb8a9f4954b1cb3c73b543ed091649c288fdd3aa8dc977,mbpp,body_first,24,toward,1.0,-1.4664393663406372,-0.2945643365383148,False,True
2362,1b88f3b507d9300e45eb8a9f4954b1cb3c73b543ed091649c288fdd3aa8dc977,mbpp,body_first,24,away,1.0,-1.4661078453063965,-0.29423290491104126,False,True
2362,1b88f3b507d9300e45eb8a9f4954b1cb3c73b543ed091649c288fdd3aa8dc977,mbpp,body_first,24,random,1.0,-1.466387391090393,-0.29451239109039307,False,True
2362,1b88f3b507d9300e45eb8a9f4954b1cb3c73b543ed091649c288fdd3aa8dc977,mbpp,body_first,26,toward,0.5,-1.4664223194122314,-0.2945473790168762,False,True
2362,1b88f3b507d9300e45eb8a9f4954b1cb3c73b543ed091649c288fdd3aa8dc977,mbpp,body_first,26,away,0.5,-1.4661756753921509,-0.2943006753921509,False,True
2362,1b88f3b507d9300e45eb8a9f4954b1cb3c73b543ed091649c288fdd3aa8dc977,mbpp,body_first,26,random,0.5,-1.4779720306396484,-0.29047200083732605,False,True
2362,1b88f3b507d9300e45eb8a9f4954b1cb3c73b543ed091649c288fdd3aa8dc977,mbpp,body_first,26,toward,1.0,-1.4663214683532715,-0.29444649815559387,False,True
2362,1b88f3b507d9300e45eb8a9f4954b1cb3c73b543ed091649c288fdd3aa8dc977,mbpp,body_first,26,away,1.0,-1.4778757095336914,-0.2903757095336914,False,True
2362,1b88f3b507d9300e45eb8a9f4954b1cb3c73b543ed091649c288fdd3aa8dc977,mbpp,body_first,26,random,1.0,-1.4781618118286133,-0.2906617820262909,False,True
2362,1b88f3b507d9300e45eb8a9f4954b1cb3c73b543ed091649c288fdd3aa8dc977,mbpp,body_first,28,toward,0.5,-1.4781110286712646,-0.2906109690666199,False,True
2362,1b88f3b507d9300e45eb8a9f4954b1cb3c73b543ed091649c288fdd3aa8dc977,mbpp,body_first,28,away,0.5,-1.4662033319473267,-0.2943283021450043,False,True
2362,1b88f3b507d9300e45eb8a9f4954b1cb3c73b543ed091649c288fdd3aa8dc977,mbpp,body_first,28,random,0.5,-1.4661166667938232,-0.29424160718917847,False,True
2362,1b88f3b507d9300e45eb8a9f4954b1cb3c73b543ed091649c288fdd3aa8dc977,mbpp,body_first,28,toward,1.0,-1.4661401510238647,-0.29426515102386475,False,True
2362,1b88f3b507d9300e45eb8a9f4954b1cb3c73b543ed091649c288fdd3aa8dc977,mbpp,body_first,28,away,1.0,-1.4659953117370605,-0.29412028193473816,False,True
2362,1b88f3b507d9300e45eb8a9f4954b1cb3c73b543ed091649c288fdd3aa8dc977,mbpp,body_first,28,random,1.0,-1.4781544208526611,-0.29065439105033875,False,True
2362,1b88f3b507d9300e45eb8a9f4954b1cb3c73b543ed091649c288fdd3aa8dc977,mbpp,body_first,30,toward,0.5,-1.4663090705871582,-0.2944340705871582,False,True
2362,1b88f3b507d9300e45eb8a9f4954b1cb3c73b543ed091649c288fdd3aa8dc977,mbpp,body_first,30,away,0.5,-1.4780914783477783,-0.2905915379524231,False,True
2362,1b88f3b507d9300e45eb8a9f4954b1cb3c73b543ed091649c288fdd3aa8dc977,mbpp,body_first,30,random,0.5,-1.4779785871505737,-0.29047858715057373,False,True
2362,1b88f3b507d9300e45eb8a9f4954b1cb3c73b543ed091649c288fdd3aa8dc977,mbpp,body_first,30,toward,1.0,-1.4662667512893677,-0.29439178109169006,False,True
2362,1b88f3b507d9300e45eb8a9f4954b1cb3c73b543ed091649c288fdd3aa8dc977,mbpp,body_first,30,away,1.0,-1.4780309200286865,-0.2905309200286865,False,True
2362,1b88f3b507d9300e45eb8a9f4954b1cb3c73b543ed091649c288fdd3aa8dc977,mbpp,body_first,30,random,1.0,-1.4780347347259521,-0.29053476452827454,False,True
2362,1b88f3b507d9300e45eb8a9f4954b1cb3c73b543ed091649c288fdd3aa8dc977,mbpp,body_first,31,toward,0.5,-1.4780341386795044,-0.2905341386795044,False,True
2362,1b88f3b507d9300e45eb8a9f4954b1cb3c73b543ed091649c288fdd3aa8dc977,mbpp,body_first,31,away,0.5,-1.4780341386795044,-0.2905341386795044,False,True
2362,1b88f3b507d9300e45eb8a9f4954b1cb3c73b543ed091649c288fdd3aa8dc977,mbpp,body_first,31,random,0.5,-1.4780341386795044,-0.2905341386795044,False,True
2362,1b88f3b507d9300e45eb8a9f4954b1cb3c73b543ed091649c288fdd3aa8dc977,mbpp,body_first,31,toward,1.0,-1.4780341386795044,-0.2905341386795044,False,True
2362,1b88f3b507d9300e45eb8a9f4954b1cb3c73b543ed091649c288fdd3aa8dc977,mbpp,body_first,31,away,1.0,-1.4780341386795044,-0.2905341386795044,False,True
2362,1b88f3b507d9300e45eb8a9f4954b1cb3c73b543ed091649c288fdd3aa8dc977,mbpp,body_first,31,random,1.0,-1.4780341386795044,-0.2905341386795044,False,True
2362,1b88f3b507d9300e45eb8a9f4954b1cb3c73b543ed091649c288fdd3aa8dc977,mbpp,answer,0,toward,0.5,-1.5126681327819824,-0.2782931625843048,False,True
2362,1b88f3b507d9300e45eb8a9f4954b1cb3c73b543ed091649c288fdd3aa8dc977,mbpp,answer,0,away,0.5,-1.454054594039917,-0.297804594039917,False,True
2362,1b88f3b507d9300e45eb8a9f4954b1cb3c73b543ed091649c288fdd3aa8dc977,mbpp,answer,0,random,0.5,-1.3954358100891113,-0.31731075048446655,False,True
2362,1b88f3b507d9300e45eb8a9f4954b1cb3c73b543ed091649c288fdd3aa8dc977,mbpp,answer,0,toward,1.0,-1.6086976528167725,-0.24932260811328888,False,True
2362,1b88f3b507d9300e45eb8a9f4954b1cb3c73b543ed091649c288fdd3aa8dc977,mbpp,answer,0,away,1.0,-1.5281563997268677,-0.27815642952919006,False,True
2362,1b88f3b507d9300e45eb8a9f4954b1cb3c73b543ed091649c288fdd3aa8dc977,mbpp,answer,0,random,1.0,-1.3380368947982788,-0.3380368947982788,False,True
2362,1b88f3b507d9300e45eb8a9f4954b1cb3c73b543ed091649c288fdd3aa8dc977,mbpp,answer,2,toward,0.5,-1.4524718523025513,-0.29622188210487366,False,True
2362,1b88f3b507d9300e45eb8a9f4954b1cb3c73b543ed091649c288fdd3aa8dc977,mbpp,answer,2,away,0.5,-1.5036702156066895,-0.28492027521133423,False,True
2362,1b88f3b507d9300e45eb8a9f4954b1cb3c73b543ed091649c288fdd3aa8dc977,mbpp,answer,2,random,0.5,-1.4524561166763306,-0.29620611667633057,False,True
2362,1b88f3b507d9300e45eb8a9f4954b1cb3c73b543ed091649c288fdd3aa8dc977,mbpp,answer,2,toward,1.0,-1.6336841583251953,-0.24305909872055054,False,True
2362,1b88f3b507d9300e45eb8a9f4954b1cb3c73b543ed091649c288fdd3aa8dc977,mbpp,answer,2,away,1.0,-1.6647958755493164,-0.2429209202528,False,True
2362,1b88f3b507d9300e45eb8a9f4954b1cb3c73b543ed091649c288fdd3aa8dc977,mbpp,answer,2,random,1.0,-1.622978925704956,-0.24797897040843964,False,True
2362,1b88f3b507d9300e45eb8a9f4954b1cb3c73b543ed091649c288fdd3aa8dc977,mbpp,answer,4,toward,0.5,-1.5485138893127441,-0.26726391911506653,False,True
2362,1b88f3b507d9300e45eb8a9f4954b1cb3c73b543ed091649c288fdd3aa8dc977,mbpp,answer,4,away,0.5,-1.4798413515090942,-0.29234132170677185,False,True
2362,1b88f3b507d9300e45eb8a9f4954b1cb3c73b543ed091649c288fdd3aa8dc977,mbpp,answer,4,random,0.5,-1.4185349941253662,-0.3091600239276886,False,True
2362,1b88f3b507d9300e45eb8a9f4954b1cb3c73b543ed091649c288fdd3aa8dc977,mbpp,answer,4,toward,1.0,-1.759924292564392,-0.2130492478609085,False,True
2362,1b88f3b507d9300e45eb8a9f4954b1cb3c73b543ed091649c288fdd3aa8dc977,mbpp,answer,4,away,1.0,-1.64114511013031,-0.25052013993263245,False,True
2362,1b88f3b507d9300e45eb8a9f4954b1cb3c73b543ed091649c288fdd3aa8dc977,mbpp,answer,4,random,1.0,-1.5140061378479004,-0.2796311378479004,False,True
2362,1b88f3b507d9300e45eb8a9f4954b1cb3c73b543ed091649c288fdd3aa8dc977,mbpp,answer,6,toward,0.5,-1.6333889961242676,-0.24276401102542877,False,True
2362,1b88f3b507d9300e45eb8a9f4954b1cb3c73b543ed091649c288fdd3aa8dc977,mbpp,answer,6,away,0.5,-1.4686949253082275,-0.2968199849128723,False,True
2362,1b88f3b507d9300e45eb8a9f4954b1cb3c73b543ed091649c288fdd3aa8dc977,mbpp,answer,6,random,0.5,-1.4086582660675049,-0.3149082064628601,False,True
2362,1b88f3b507d9300e45eb8a9f4954b1cb3c73b543ed091649c288fdd3aa8dc977,mbpp,answer,6,toward,1.0,-1.6961157321929932,-0.22736579179763794,False,True
2362,1b88f3b507d9300e45eb8a9f4954b1cb3c73b543ed091649c288fdd3aa8dc977,mbpp,answer,6,away,1.0,-1.8297176361083984,-0.2047176957130432,False,True
2362,1b88f3b507d9300e45eb8a9f4954b1cb3c73b543ed091649c288fdd3aa8dc977,mbpp,answer,6,random,1.0,-1.3881405591964722,-0.32564055919647217,False,True
2362,1b88f3b507d9300e45eb8a9f4954b1cb3c73b543ed091649c288fdd3aa8dc977,mbpp,answer,8,toward,0.5,-1.5999644994735718,-0.25621452927589417,False,True
2362,1b88f3b507d9300e45eb8a9f4954b1cb3c73b543ed091649c288fdd3aa8dc977,mbpp,answer,8,away,0.5,-1.429116129875183,-0.3041161000728607,False,True
2362,1b88f3b507d9300e45eb8a9f4954b1cb3c73b543ed091649c288fdd3aa8dc977,mbpp,answer,8,random,0.5,-1.3934720754623413,-0.3153470456600189,False,True
2362,1b88f3b507d9300e45eb8a9f4954b1cb3c73b543ed091649c288fdd3aa8dc977,mbpp,answer,8,toward,1.0,-1.6358364820480347,-0.2608364522457123,False,True
2362,1b88f3b507d9300e45eb8a9f4954b1cb3c73b543ed091649c288fdd3aa8dc977,mbpp,answer,8,away,1.0,-1.4255313873291016,-0.30053138732910156,False,True
2362,1b88f3b507d9300e45eb8a9f4954b1cb3c73b543ed091649c288fdd3aa8dc977,mbpp,answer,8,random,1.0,-1.417185664176941,-0.30781063437461853,False,True
2362,1b88f3b507d9300e45eb8a9f4954b1cb3c73b543ed091649c288fdd3aa8dc977,mbpp,answer,10,toward,0.5,-1.2055888175964355,-0.39308875799179077,False,True
2362,1b88f3b507d9300e45eb8a9f4954b1cb3c73b543ed091649c288fdd3aa8dc977,mbpp,answer,10,away,0.5,-1.516871690750122,-0.2824966609477997,False,True
2362,1b88f3b507d9300e45eb8a9f4954b1cb3c73b543ed091649c288fdd3aa8dc977,mbpp,answer,10,random,0.5,-1.3499691486358643,-0.33434420824050903,False,True
2362,1b88f3b507d9300e45eb8a9f4954b1cb3c73b543ed091649c288fdd3aa8dc977,mbpp,answer,10,toward,1.0,-1.1344730854034424,-0.44697305560112,False,True
2362,1b88f3b507d9300e45eb8a9f4954b1cb3c73b543ed091649c288fdd3aa8dc977,mbpp,answer,10,away,1.0,-1.4714508056640625,-0.2995758056640625,False,True
2362,1b88f3b507d9300e45eb8a9f4954b1cb3c73b543ed091649c288fdd3aa8dc977,mbpp,answer,10,random,1.0,-1.2508273124694824,-0.3758273720741272,False,True
2362,1b88f3b507d9300e45eb8a9f4954b1cb3c73b543ed091649c288fdd3aa8dc977,mbpp,answer,12,toward,0.5,-1.0816004276275635,-0.45660048723220825,False,True
2362,1b88f3b507d9300e45eb8a9f4954b1cb3c73b543ed091649c288fdd3aa8dc977,mbpp,answer,12,away,0.5,-1.790390968322754,-0.21226593852043152,False,True
2362,1b88f3b507d9300e45eb8a9f4954b1cb3c73b543ed091649c288fdd3aa8dc977,mbpp,answer,12,random,0.5,-1.385481595993042,-0.3229815661907196,False,True
2362,1b88f3b507d9300e45eb8a9f4954b1cb3c73b543ed091649c288fdd3aa8dc977,mbpp,answer,12,toward,1.0,-1.1639974117279053,-0.42962244153022766,False,True
2362,1b88f3b507d9300e45eb8a9f4954b1cb3c73b543ed091649c288fdd3aa8dc977,mbpp,answer,12,away,1.0,-1.7772029638290405,-0.21470291912555695,False,True
2362,1b88f3b507d9300e45eb8a9f4954b1cb3c73b543ed091649c288fdd3aa8dc977,mbpp,answer,12,random,1.0,-1.3178563117980957,-0.3491063416004181,False,True
2362,1b88f3b507d9300e45eb8a9f4954b1cb3c73b543ed091649c288fdd3aa8dc977,mbpp,answer,14,toward,0.5,-1.0882587432861328,-0.4632587432861328,False,True
2362,1b88f3b507d9300e45eb8a9f4954b1cb3c73b543ed091649c288fdd3aa8dc977,mbpp,answer,14,away,0.5,-1.9833605289459229,-0.17086055874824524,False,True
2362,1b88f3b507d9300e45eb8a9f4954b1cb3c73b543ed091649c288fdd3aa8dc977,mbpp,answer,14,random,0.5,-1.2528880834579468,-0.37788811326026917,False,True
2362,1b88f3b507d9300e45eb8a9f4954b1cb3c73b543ed091649c288fdd3aa8dc977,mbpp,answer,14,toward,1.0,-0.9059242606163025,-0.6090492606163025,False,True
2362,1b88f3b507d9300e45eb8a9f4954b1cb3c73b543ed091649c288fdd3aa8dc977,mbpp,answer,14,away,1.0,-2.610149383544922,-0.09452430158853531,False,True
2362,1b88f3b507d9300e45eb8a9f4954b1cb3c73b543ed091649c288fdd3aa8dc977,mbpp,answer,14,random,1.0,-1.1127140522003174,-0.456464022397995,False,True
2362,1b88f3b507d9300e45eb8a9f4954b1cb3c73b543ed091649c288fdd3aa8dc977,mbpp,answer,16,toward,0.5,-0.7329614162445068,-0.7173364162445068,False,True
2362,1b88f3b507d9300e45eb8a9f4954b1cb3c73b543ed091649c288fdd3aa8dc977,mbpp,answer,16,away,0.5,-2.2144429683685303,-0.1363178938627243,False,True
2362,1b88f3b507d9300e45eb8a9f4954b1cb3c73b543ed091649c288fdd3aa8dc977,mbpp,answer,16,random,0.5,-1.4527074098587036,-0.2964574098587036,False,True
2362,1b88f3b507d9300e45eb8a9f4954b1cb3c73b543ed091649c288fdd3aa8dc977,mbpp,answer,16,toward,1.0,-0.33002251386642456,-1.4393975734710693,True,False
2362,1b88f3b507d9300e45eb8a9f4954b1cb3c73b543ed091649c288fdd3aa8dc977,mbpp,answer,16,away,1.0,-3.066283941268921,-0.06628383696079254,False,True
2362,1b88f3b507d9300e45eb8a9f4954b1cb3c73b543ed091649c288fdd3aa8dc977,mbpp,answer,16,random,1.0,-1.4888811111450195,-0.28575611114501953,False,True
2362,1b88f3b507d9300e45eb8a9f4954b1cb3c73b543ed091649c288fdd3aa8dc977,mbpp,answer,18,toward,0.5,-0.9489929676055908,-0.5427429676055908,False,True
2362,1b88f3b507d9300e45eb8a9f4954b1cb3c73b543ed091649c288fdd3aa8dc977,mbpp,answer,18,away,0.5,-2.1497912406921387,-0.1497911810874939,False,True
2362,1b88f3b507d9300e45eb8a9f4954b1cb3c73b543ed091649c288fdd3aa8dc977,mbpp,answer,18,random,0.5,-1.8686026334762573,-0.19672758877277374,False,True
2362,1b88f3b507d9300e45eb8a9f4954b1cb3c73b543ed091649c288fdd3aa8dc977,mbpp,answer,18,toward,1.0,-0.7061861753463745,-0.7686861753463745,True,False
2362,1b88f3b507d9300e45eb8a9f4954b1cb3c73b543ed091649c288fdd3aa8dc977,mbpp,answer,18,away,1.0,-2.9428703784942627,-0.08349542319774628,False,True
2362,1b88f3b507d9300e45eb8a9f4954b1cb3c73b543ed091649c288fdd3aa8dc977,mbpp,answer,18,random,1.0,-2.23698091506958,-0.14323100447654724,False,True
2362,1b88f3b507d9300e45eb8a9f4954b1cb3c73b543ed091649c288fdd3aa8dc977,mbpp,answer,20,toward,0.5,-0.997922956943512,-0.513547956943512,False,True
2362,1b88f3b507d9300e45eb8a9f4954b1cb3c73b543ed091649c288fdd3aa8dc977,mbpp,answer,20,away,0.5,-1.9849430322647095,-0.17244306206703186,False,True
2362,1b88f3b507d9300e45eb8a9f4954b1cb3c73b543ed091649c288fdd3aa8dc977,mbpp,answer,20,random,0.5,-1.3922563791275024,-0.31413137912750244,False,True
2362,1b88f3b507d9300e45eb8a9f4954b1cb3c73b543ed091649c288fdd3aa8dc977,mbpp,answer,20,toward,1.0,-0.8215062022209167,-0.6652562022209167,False,True
2362,1b88f3b507d9300e45eb8a9f4954b1cb3c73b543ed091649c288fdd3aa8dc977,mbpp,answer,20,away,1.0,-2.3351569175720215,-0.13203203678131104,False,True
2362,1b88f3b507d9300e45eb8a9f4954b1cb3c73b543ed091649c288fdd3aa8dc977,mbpp,answer,20,random,1.0,-1.288346529006958,-0.35084646940231323,False,True
2362,1b88f3b507d9300e45eb8a9f4954b1cb3c73b543ed091649c288fdd3aa8dc977,mbpp,answer,22,toward,0.5,-1.0147513151168823,-0.4991263151168823,False,True
2362,1b88f3b507d9300e45eb8a9f4954b1cb3c73b543ed091649c288fdd3aa8dc977,mbpp,answer,22,away,0.5,-2.0112786293029785,-0.16752871870994568,False,True
2362,1b88f3b507d9300e45eb8a9f4954b1cb3c73b543ed091649c288fdd3aa8dc977,mbpp,answer,22,random,0.5,-1.407375693321228,-0.313625693321228,False,True
2362,1b88f3b507d9300e45eb8a9f4954b1cb3c73b543ed091649c288fdd3aa8dc977,mbpp,answer,22,toward,1.0,-0.8324314951896667,-0.6449314951896667,False,True
2362,1b88f3b507d9300e45eb8a9f4954b1cb3c73b543ed091649c288fdd3aa8dc977,mbpp,answer,22,away,1.0,-2.448183298110962,-0.12005824595689774,False,True
2362,1b88f3b507d9300e45eb8a9f4954b1cb3c73b543ed091649c288fdd3aa8dc977,mbpp,answer,22,random,1.0,-1.323768138885498,-0.33939316868782043,False,True
2362,1b88f3b507d9300e45eb8a9f4954b1cb3c73b543ed091649c288fdd3aa8dc977,mbpp,answer,24,toward,0.5,-1.0726319551467896,-0.46325695514678955,False,True
2362,1b88f3b507d9300e45eb8a9f4954b1cb3c73b543ed091649c288fdd3aa8dc977,mbpp,answer,24,away,0.5,-2.097499132156372,-0.15999911725521088,False,True
2362,1b88f3b507d9300e45eb8a9f4954b1cb3c73b543ed091649c288fdd3aa8dc977,mbpp,answer,24,random,0.5,-1.4358651638031006,-0.31086522340774536,False,True
2362,1b88f3b507d9300e45eb8a9f4954b1cb3c73b543ed091649c288fdd3aa8dc977,mbpp,answer,24,toward,1.0,-0.9368993043899536,-0.5775243043899536,False,True
2362,1b88f3b507d9300e45eb8a9f4954b1cb3c73b543ed091649c288fdd3aa8dc977,mbpp,answer,24,away,1.0,-2.7041244506835938,-0.12599952518939972,False,True
2362,1b88f3b507d9300e45eb8a9f4954b1cb3c73b543ed091649c288fdd3aa8dc977,mbpp,answer,24,random,1.0,-1.2816425561904907,-0.4066425859928131,False,True
2362,1b88f3b507d9300e45eb8a9f4954b1cb3c73b543ed091649c288fdd3aa8dc977,mbpp,answer,26,toward,0.5,-1.0130879878997803,-0.4974629282951355,False,True
2362,1b88f3b507d9300e45eb8a9f4954b1cb3c73b543ed091649c288fdd3aa8dc977,mbpp,answer,26,away,0.5,-2.2218403816223145,-0.14371547102928162,False,True
2362,1b88f3b507d9300e45eb8a9f4954b1cb3c73b543ed091649c288fdd3aa8dc977,mbpp,answer,26,random,0.5,-1.6826139688491821,-0.24511398375034332,False,True
2362,1b88f3b507d9300e45eb8a9f4954b1cb3c73b543ed091649c288fdd3aa8dc977,mbpp,answer,26,toward,1.0,-0.8723896741867065,-0.6380146741867065,False,True
2362,1b88f3b507d9300e45eb8a9f4954b1cb3c73b543ed091649c288fdd3aa8dc977,mbpp,answer,26,away,1.0,-2.883432149887085,-0.10218203812837601,False,True
2362,1b88f3b507d9300e45eb8a9f4954b1cb3c73b543ed091649c288fdd3aa8dc977,mbpp,answer,26,random,1.0,-1.897492527961731,-0.22561755776405334,False,True
2362,1b88f3b507d9300e45eb8a9f4954b1cb3c73b543ed091649c288fdd3aa8dc977,mbpp,answer,28,toward,0.5,-0.984653651714325,-0.515903651714325,False,True
2362,1b88f3b507d9300e45eb8a9f4954b1cb3c73b543ed091649c288fdd3aa8dc977,mbpp,answer,28,away,0.5,-2.3170838356018066,-0.12958383560180664,False,True
2362,1b88f3b507d9300e45eb8a9f4954b1cb3c73b543ed091649c288fdd3aa8dc977,mbpp,answer,28,random,0.5,-1.48455810546875,-0.28143310546875,False,True
2362,1b88f3b507d9300e45eb8a9f4954b1cb3c73b543ed091649c288fdd3aa8dc977,mbpp,answer,28,toward,1.0,-0.859079897403717,-0.655954897403717,False,True
2362,1b88f3b507d9300e45eb8a9f4954b1cb3c73b543ed091649c288fdd3aa8dc977,mbpp,answer,28,away,1.0,-3.1710121631622314,-0.07726214826107025,False,True
2362,1b88f3b507d9300e45eb8a9f4954b1cb3c73b543ed091649c288fdd3aa8dc977,mbpp,answer,28,random,1.0,-1.6163994073867798,-0.2413993626832962,False,True
2362,1b88f3b507d9300e45eb8a9f4954b1cb3c73b543ed091649c288fdd3aa8dc977,mbpp,answer,30,toward,0.5,-1.0613627433776855,-0.4676128029823303,False,True
2362,1b88f3b507d9300e45eb8a9f4954b1cb3c73b543ed091649c288fdd3aa8dc977,mbpp,answer,30,away,0.5,-2.6025781631469727,-0.10257825255393982,False,True
2362,1b88f3b507d9300e45eb8a9f4954b1cb3c73b543ed091649c288fdd3aa8dc977,mbpp,answer,30,random,0.5,-1.784690022468567,-0.20656506717205048,False,True
2362,1b88f3b507d9300e45eb8a9f4954b1cb3c73b543ed091649c288fdd3aa8dc977,mbpp,answer,30,toward,1.0,-1.0069925785064697,-0.5382426381111145,False,True
2362,1b88f3b507d9300e45eb8a9f4954b1cb3c73b543ed091649c288fdd3aa8dc977,mbpp,answer,30,away,1.0,-3.762258768081665,-0.09038373827934265,False,True
2362,1b88f3b507d9300e45eb8a9f4954b1cb3c73b543ed091649c288fdd3aa8dc977,mbpp,answer,30,random,1.0,-2.1725807189941406,-0.14133083820343018,False,True
2362,1b88f3b507d9300e45eb8a9f4954b1cb3c73b543ed091649c288fdd3aa8dc977,mbpp,answer,31,toward,0.5,-0.8828357458114624,-0.6953357458114624,False,True
2362,1b88f3b507d9300e45eb8a9f4954b1cb3c73b543ed091649c288fdd3aa8dc977,mbpp,answer,31,away,0.5,-3.005262851715088,-0.6458879709243774,False,True
2362,1b88f3b507d9300e45eb8a9f4954b1cb3c73b543ed091649c288fdd3aa8dc977,mbpp,answer,31,random,0.5,-0.5353814363479614,-0.9728814363479614,True,False
2362,1b88f3b507d9300e45eb8a9f4954b1cb3c73b543ed091649c288fdd3aa8dc977,mbpp,answer,31,toward,1.0,-1.3380845785140991,-1.7287095785140991,True,False
2362,1b88f3b507d9300e45eb8a9f4954b1cb3c73b543ed091649c288fdd3aa8dc977,mbpp,answer,31,away,1.0,-7.129377841949463,-4.230940341949463,False,False
2362,1b88f3b507d9300e45eb8a9f4954b1cb3c73b543ed091649c288fdd3aa8dc977,mbpp,answer,31,random,1.0,-0.44724106788635254,-1.9472410678863525,True,False
2369,e9c48102d1a0a5877bf41db751c85d976e5a83adf00eb834e98405d9555ca710,mbpp,baseline,-1,none,0.0,-1.566728115081787,-1.004228115081787,False,True
2369,e9c48102d1a0a5877bf41db751c85d976e5a83adf00eb834e98405d9555ca710,mbpp,if,0,toward,0.5,-1.5691015720367432,-1.0066015720367432,False,True
2369,e9c48102d1a0a5877bf41db751c85d976e5a83adf00eb834e98405d9555ca710,mbpp,if,0,away,0.5,-1.5674492120742798,-1.0049492120742798,False,True
2369,e9c48102d1a0a5877bf41db751c85d976e5a83adf00eb834e98405d9555ca710,mbpp,if,0,random,0.5,-1.5597012042999268,-1.0128262042999268,False,True
2369,e9c48102d1a0a5877bf41db751c85d976e5a83adf00eb834e98405d9555ca710,mbpp,if,0,toward,1.0,-1.5334969758987427,-1.0334969758987427,False,True
2369,e9c48102d1a0a5877bf41db751c85d976e5a83adf00eb834e98405d9555ca710,mbpp,if,0,away,1.0,-1.5787218809127808,-1.0005968809127808,False,True
2369,e9c48102d1a0a5877bf41db751c85d976e5a83adf00eb834e98405d9555ca710,mbpp,if,0,random,1.0,-1.5365664958953857,-1.0209414958953857,False,True
2369,e9c48102d1a0a5877bf41db751c85d976e5a83adf00eb834e98405d9555ca710,mbpp,if,2,toward,0.5,-1.578574776649475,-1.000449776649475,False,True
2369,e9c48102d1a0a5877bf41db751c85d976e5a83adf00eb834e98405d9555ca710,mbpp,if,2,away,0.5,-1.568548560142517,-1.006048560142517,False,True
2369,e9c48102d1a0a5877bf41db751c85d976e5a83adf00eb834e98405d9555ca710,mbpp,if,2,random,0.5,-1.5648921728134155,-1.0023921728134155,False,True
2369,e9c48102d1a0a5877bf41db751c85d976e5a83adf00eb834e98405d9555ca710,mbpp,if,2,toward,1.0,-1.6040074825286865,-0.9790074825286865,False,True
2369,e9c48102d1a0a5877bf41db751c85d976e5a83adf00eb834e98405d9555ca710,mbpp,if,2,away,1.0,-1.5895540714263916,-0.9958040118217468,False,True
2369,e9c48102d1a0a5877bf41db751c85d976e5a83adf00eb834e98405d9555ca710,mbpp,if,2,random,1.0,-1.5806289911270142,-0.9868789911270142,False,True
2369,e9c48102d1a0a5877bf41db751c85d976e5a83adf00eb834e98405d9555ca710,mbpp,if,4,toward,0.5,-1.5631228685379028,-1.0006228685379028,False,True
2369,e9c48102d1a0a5877bf41db751c85d976e5a83adf00eb834e98405d9555ca710,mbpp,if,4,away,0.5,-1.5699735879898071,-1.0230985879898071,False,True
2369,e9c48102d1a0a5877bf41db751c85d976e5a83adf00eb834e98405d9555ca710,mbpp,if,4,random,0.5,-1.5681936740875244,-1.0056936740875244,False,True
2369,e9c48102d1a0a5877bf41db751c85d976e5a83adf00eb834e98405d9555ca710,mbpp,if,4,toward,1.0,-1.6871306896209717,-0.9527556300163269,False,True
2369,e9c48102d1a0a5877bf41db751c85d976e5a83adf00eb834e98405d9555ca710,mbpp,if,4,away,1.0,-1.6116509437561035,-1.0335259437561035,False,True
2369,e9c48102d1a0a5877bf41db751c85d976e5a83adf00eb834e98405d9555ca710,mbpp,if,4,random,1.0,-1.5591425895690918,-1.0122675895690918,False,True
2369,e9c48102d1a0a5877bf41db751c85d976e5a83adf00eb834e98405d9555ca710,mbpp,if,6,toward,0.5,-1.5660921335220337,-1.0035921335220337,False,True
2369,e9c48102d1a0a5877bf41db751c85d976e5a83adf00eb834e98405d9555ca710,mbpp,if,6,away,0.5,-1.5771008729934692,-0.9989758729934692,False,True
2369,e9c48102d1a0a5877bf41db751c85d976e5a83adf00eb834e98405d9555ca710,mbpp,if,6,random,0.5,-1.5782639980316162,-1.0001389980316162,False,True
2369,e9c48102d1a0a5877bf41db751c85d976e5a83adf00eb834e98405d9555ca710,mbpp,if,6,toward,1.0,-1.5777727365493774,-0.9996477365493774,False,True
2369,e9c48102d1a0a5877bf41db751c85d976e5a83adf00eb834e98405d9555ca710,mbpp,if,6,away,1.0,-1.5807198286056519,-1.0025948286056519,False,True
2369,e9c48102d1a0a5877bf41db751c85d976e5a83adf00eb834e98405d9555ca710,mbpp,if,6,random,1.0,-1.5778343677520752,-0.99970942735672,False,True
2369,e9c48102d1a0a5877bf41db751c85d976e5a83adf00eb834e98405d9555ca710,mbpp,if,8,toward,0.5,-1.569793939590454,-1.007293939590454,False,True
2369,e9c48102d1a0a5877bf41db751c85d976e5a83adf00eb834e98405d9555ca710,mbpp,if,8,away,0.5,-1.562758207321167,-1.015883207321167,False,True
2369,e9c48102d1a0a5877bf41db751c85d976e5a83adf00eb834e98405d9555ca710,mbpp,if,8,random,0.5,-1.5649104118347168,-1.0024104118347168,False,True
2369,e9c48102d1a0a5877bf41db751c85d976e5a83adf00eb834e98405d9555ca710,mbpp,if,8,toward,1.0,-1.5708023309707642,-1.0083023309707642,False,True
2369,e9c48102d1a0a5877bf41db751c85d976e5a83adf00eb834e98405d9555ca710,mbpp,if,8,away,1.0,-1.5638993978500366,-1.0170243978500366,False,True
2369,e9c48102d1a0a5877bf41db751c85d976e5a83adf00eb834e98405d9555ca710,mbpp,if,8,random,1.0,-1.5640727281570435,-1.0015727281570435,False,True
2369,e9c48102d1a0a5877bf41db751c85d976e5a83adf00eb834e98405d9555ca710,mbpp,if,10,toward,0.5,-1.5589840412139893,-1.0121090412139893,False,True
2369,e9c48102d1a0a5877bf41db751c85d976e5a83adf00eb834e98405d9555ca710,mbpp,if,10,away,0.5,-1.5692287683486938,-1.0067287683486938,False,True
2369,e9c48102d1a0a5877bf41db751c85d976e5a83adf00eb834e98405d9555ca710,mbpp,if,10,random,0.5,-1.5651088953018188,-1.0026088953018188,False,True
2369,e9c48102d1a0a5877bf41db751c85d976e5a83adf00eb834e98405d9555ca710,mbpp,if,10,toward,1.0,-1.5672324895858765,-1.0203574895858765,False,True
2369,e9c48102d1a0a5877bf41db751c85d976e5a83adf00eb834e98405d9555ca710,mbpp,if,10,away,1.0,-1.574732780456543,-0.996607780456543,False,True
2369,e9c48102d1a0a5877bf41db751c85d976e5a83adf00eb834e98405d9555ca710,mbpp,if,10,random,1.0,-1.5502972602844238,-1.0034222602844238,False,True
2369,e9c48102d1a0a5877bf41db751c85d976e5a83adf00eb834e98405d9555ca710,mbpp,if,12,toward,0.5,-1.5654804706573486,-1.0029804706573486,False,True
2369,e9c48102d1a0a5877bf41db751c85d976e5a83adf00eb834e98405d9555ca710,mbpp,if,12,away,0.5,-1.5694997310638428,-1.0069997310638428,False,True
2369,e9c48102d1a0a5877bf41db751c85d976e5a83adf00eb834e98405d9555ca710,mbpp,if,12,random,0.5,-1.5784987211227417,-1.0003737211227417,False,True
2369,e9c48102d1a0a5877bf41db751c85d976e5a83adf00eb834e98405d9555ca710,mbpp,if,12,toward,1.0,-1.5709216594696045,-1.0084216594696045,False,True
2369,e9c48102d1a0a5877bf41db751c85d976e5a83adf00eb834e98405d9555ca710,mbpp,if,12,away,1.0,-1.5445353984832764,-1.0132853984832764,False,True
2369,e9c48102d1a0a5877bf41db751c85d976e5a83adf00eb834e98405d9555ca710,mbpp,if,12,random,1.0,-1.5802351236343384,-1.0021101236343384,False,True
2369,e9c48102d1a0a5877bf41db751c85d976e5a83adf00eb834e98405d9555ca710,mbpp,if,14,toward,0.5,-1.5566985607147217,-1.0098235607147217,False,True
2369,e9c48102d1a0a5877bf41db751c85d976e5a83adf00eb834e98405d9555ca710,mbpp,if,14,away,0.5,-1.5667283535003662,-1.0042283535003662,False,True
2369,e9c48102d1a0a5877bf41db751c85d976e5a83adf00eb834e98405d9555ca710,mbpp,if,14,random,0.5,-1.558823823928833,-1.011948823928833,False,True
2369,e9c48102d1a0a5877bf41db751c85d976e5a83adf00eb834e98405d9555ca710,mbpp,if,14,toward,1.0,-1.5487759113311768,-1.0175259113311768,False,True
2369,e9c48102d1a0a5877bf41db751c85d976e5a83adf00eb834e98405d9555ca710,mbpp,if,14,away,1.0,-1.5644644498825073,-1.0019644498825073,False,True
2369,e9c48102d1a0a5877bf41db751c85d976e5a83adf00eb834e98405d9555ca710,mbpp,if,14,random,1.0,-1.551077961921692,-1.019827961921692,False,True
2369,e9c48102d1a0a5877bf41db751c85d976e5a83adf00eb834e98405d9555ca710,mbpp,if,16,toward,0.5,-1.5666825771331787,-1.0041825771331787,False,True
2369,e9c48102d1a0a5877bf41db751c85d976e5a83adf00eb834e98405d9555ca710,mbpp,if,16,away,0.5,-1.5718193054199219,-1.0093193054199219,False,True
2369,e9c48102d1a0a5877bf41db751c85d976e5a83adf00eb834e98405d9555ca710,mbpp,if,16,random,0.5,-1.618833065032959,-0.993833065032959,False,True
2369,e9c48102d1a0a5877bf41db751c85d976e5a83adf00eb834e98405d9555ca710,mbpp,if,16,toward,1.0,-1.5421451330184937,-1.0108951330184937,False,True
2369,e9c48102d1a0a5877bf41db751c85d976e5a83adf00eb834e98405d9555ca710,mbpp,if,16,away,1.0,-1.5733308792114258,-1.0108308792114258,False,True
2369,e9c48102d1a0a5877bf41db751c85d976e5a83adf00eb834e98405d9555ca710,mbpp,if,16,random,1.0,-1.6028733253479004,-0.9934983253479004,False,True
2369,e9c48102d1a0a5877bf41db751c85d976e5a83adf00eb834e98405d9555ca710,mbpp,if,18,toward,0.5,-1.5662970542907715,-1.0037970542907715,False,True
2369,e9c48102d1a0a5877bf41db751c85d976e5a83adf00eb834e98405d9555ca710,mbpp,if,18,away,0.5,-1.5790576934814453,-1.0009326934814453,False,True
2369,e9c48102d1a0a5877bf41db751c85d976e5a83adf00eb834e98405d9555ca710,mbpp,if,18,random,0.5,-1.5720617771148682,-1.0095617771148682,False,True
2369,e9c48102d1a0a5877bf41db751c85d976e5a83adf00eb834e98405d9555ca710,mbpp,if,18,toward,1.0,-1.5417529344558716,-1.0105029344558716,False,True
2369,e9c48102d1a0a5877bf41db751c85d976e5a83adf00eb834e98405d9555ca710,mbpp,if,18,away,1.0,-1.5642815828323364,-1.0174065828323364,False,True
2369,e9c48102d1a0a5877bf41db751c85d976e5a83adf00eb834e98405d9555ca710,mbpp,if,18,random,1.0,-1.5720596313476562,-1.0095596313476562,False,True
2369,e9c48102d1a0a5877bf41db751c85d976e5a83adf00eb834e98405d9555ca710,mbpp,if,20,toward,0.5,-1.5535671710968018,-1.0066921710968018,False,True
2369,e9c48102d1a0a5877bf41db751c85d976e5a83adf00eb834e98405d9555ca710,mbpp,if,20,away,0.5,-1.571164846420288,-1.008664846420288,False,True
2369,e9c48102d1a0a5877bf41db751c85d976e5a83adf00eb834e98405d9555ca710,mbpp,if,20,random,0.5,-1.5792900323867798,-1.0011650323867798,False,True
2369,e9c48102d1a0a5877bf41db751c85d976e5a83adf00eb834e98405d9555ca710,mbpp,if,20,toward,1.0,-1.531396508216858,-1.015771508216858,False,True
2369,e9c48102d1a0a5877bf41db751c85d976e5a83adf00eb834e98405d9555ca710,mbpp,if,20,away,1.0,-1.558807373046875,-1.011932373046875,False,True
2369,e9c48102d1a0a5877bf41db751c85d976e5a83adf00eb834e98405d9555ca710,mbpp,if,20,random,1.0,-1.5665189027786255,-1.0040189027786255,False,True
2369,e9c48102d1a0a5877bf41db751c85d976e5a83adf00eb834e98405d9555ca710,mbpp,if,22,toward,0.5,-1.5482122898101807,-1.0169622898101807,False,True
2369,e9c48102d1a0a5877bf41db751c85d976e5a83adf00eb834e98405d9555ca710,mbpp,if,22,away,0.5,-1.583451271057129,-1.005326271057129,False,True
2369,e9c48102d1a0a5877bf41db751c85d976e5a83adf00eb834e98405d9555ca710,mbpp,if,22,random,0.5,-1.5592339038848877,-1.0123589038848877,False,True
2369,e9c48102d1a0a5877bf41db751c85d976e5a83adf00eb834e98405d9555ca710,mbpp,if,22,toward,1.0,-1.5216060876846313,-1.0216060876846313,False,True
2369,e9c48102d1a0a5877bf41db751c85d976e5a83adf00eb834e98405d9555ca710,mbpp,if,22,away,1.0,-1.5749881267547607,-1.0124881267547607,False,True
2369,e9c48102d1a0a5877bf41db751c85d976e5a83adf00eb834e98405d9555ca710,mbpp,if,22,random,1.0,-1.5440523624420166,-1.0128023624420166,False,True
2369,e9c48102d1a0a5877bf41db751c85d976e5a83adf00eb834e98405d9555ca710,mbpp,if,24,toward,0.5,-1.555920958518982,-1.009045958518982,False,True
2369,e9c48102d1a0a5877bf41db751c85d976e5a83adf00eb834e98405d9555ca710,mbpp,if,24,away,0.5,-1.5735855102539062,-1.0110855102539062,False,True
2369,e9c48102d1a0a5877bf41db751c85d976e5a83adf00eb834e98405d9555ca710,mbpp,if,24,random,0.5,-1.556304931640625,-1.009429931640625,False,True
2369,e9c48102d1a0a5877bf41db751c85d976e5a83adf00eb834e98405d9555ca710,mbpp,if,24,toward,1.0,-1.5357743501663208,-1.0201493501663208,False,True
2369,e9c48102d1a0a5877bf41db751c85d976e5a83adf00eb834e98405d9555ca710,mbpp,if,24,away,1.0,-1.5831904411315918,-1.0050654411315918,False,True
2369,e9c48102d1a0a5877bf41db751c85d976e5a83adf00eb834e98405d9555ca710,mbpp,if,24,random,1.0,-1.542694330215454,-1.011444330215454,False,True
2369,e9c48102d1a0a5877bf41db751c85d976e5a83adf00eb834e98405d9555ca710,mbpp,if,26,toward,0.5,-1.568654179573059,-1.006154179573059,False,True
2369,e9c48102d1a0a5877bf41db751c85d976e5a83adf00eb834e98405d9555ca710,mbpp,if,26,away,0.5,-1.5684202909469604,-1.0059202909469604,False,True
2369,e9c48102d1a0a5877bf41db751c85d976e5a83adf00eb834e98405d9555ca710,mbpp,if,26,random,0.5,-1.5667295455932617,-1.0042295455932617,False,True
2369,e9c48102d1a0a5877bf41db751c85d976e5a83adf00eb834e98405d9555ca710,mbpp,if,26,toward,1.0,-1.5667095184326172,-1.0042095184326172,False,True
2369,e9c48102d1a0a5877bf41db751c85d976e5a83adf00eb834e98405d9555ca710,mbpp,if,26,away,1.0,-1.5684250593185425,-1.0059250593185425,False,True
2369,e9c48102d1a0a5877bf41db751c85d976e5a83adf00eb834e98405d9555ca710,mbpp,if,26,random,1.0,-1.567117691040039,-1.004617691040039,False,True
2369,e9c48102d1a0a5877bf41db751c85d976e5a83adf00eb834e98405d9555ca710,mbpp,if,28,toward,0.5,-1.5722999572753906,-1.0097999572753906,False,True
2369,e9c48102d1a0a5877bf41db751c85d976e5a83adf00eb834e98405d9555ca710,mbpp,if,28,away,0.5,-1.5667283535003662,-1.0042283535003662,False,True
2369,e9c48102d1a0a5877bf41db751c85d976e5a83adf00eb834e98405d9555ca710,mbpp,if,28,random,0.5,-1.5686542987823486,-1.0061542987823486,False,True
2369,e9c48102d1a0a5877bf41db751c85d976e5a83adf00eb834e98405d9555ca710,mbpp,if,28,toward,1.0,-1.566285252571106,-1.003785252571106,False,True
2369,e9c48102d1a0a5877bf41db751c85d976e5a83adf00eb834e98405d9555ca710,mbpp,if,28,away,1.0,-1.5667282342910767,-1.0042282342910767,False,True
2369,e9c48102d1a0a5877bf41db751c85d976e5a83adf00eb834e98405d9555ca710,mbpp,if,28,random,1.0,-1.5796462297439575,-1.0015212297439575,False,True
2369,e9c48102d1a0a5877bf41db751c85d976e5a83adf00eb834e98405d9555ca710,mbpp,if,30,toward,0.5,-1.5662901401519775,-1.0037901401519775,False,True
2369,e9c48102d1a0a5877bf41db751c85d976e5a83adf00eb834e98405d9555ca710,mbpp,if,30,away,0.5,-1.5686527490615845,-1.0061527490615845,False,True
2369,e9c48102d1a0a5877bf41db751c85d976e5a83adf00eb834e98405d9555ca710,mbpp,if,30,random,0.5,-1.5677306652069092,-1.0052306652069092,False,True
2369,e9c48102d1a0a5877bf41db751c85d976e5a83adf00eb834e98405d9555ca710,mbpp,if,30,toward,1.0,-1.568655252456665,-1.006155252456665,False,True
2369,e9c48102d1a0a5877bf41db751c85d976e5a83adf00eb834e98405d9555ca710,mbpp,if,30,away,1.0,-1.5711652040481567,-1.0086652040481567,False,True
2369,e9c48102d1a0a5877bf41db751c85d976e5a83adf00eb834e98405d9555ca710,mbpp,if,30,random,1.0,-1.5662897825241089,-1.0037897825241089,False,True
2369,e9c48102d1a0a5877bf41db751c85d976e5a83adf00eb834e98405d9555ca710,mbpp,if,31,toward,0.5,-1.5677309036254883,-1.0052309036254883,False,True
2369,e9c48102d1a0a5877bf41db751c85d976e5a83adf00eb834e98405d9555ca710,mbpp,if,31,away,0.5,-1.5677309036254883,-1.0052309036254883,False,True
2369,e9c48102d1a0a5877bf41db751c85d976e5a83adf00eb834e98405d9555ca710,mbpp,if,31,random,0.5,-1.5677309036254883,-1.0052309036254883,False,True
2369,e9c48102d1a0a5877bf41db751c85d976e5a83adf00eb834e98405d9555ca710,mbpp,if,31,toward,1.0,-1.5677309036254883,-1.0052309036254883,False,True
2369,e9c48102d1a0a5877bf41db751c85d976e5a83adf00eb834e98405d9555ca710,mbpp,if,31,away,1.0,-1.5677309036254883,-1.0052309036254883,False,True
2369,e9c48102d1a0a5877bf41db751c85d976e5a83adf00eb834e98405d9555ca710,mbpp,if,31,random,1.0,-1.5677309036254883,-1.0052309036254883,False,True
2369,e9c48102d1a0a5877bf41db751c85d976e5a83adf00eb834e98405d9555ca710,mbpp,body_first,0,toward,0.5,-1.5786728858947754,-1.0005478858947754,False,True
2369,e9c48102d1a0a5877bf41db751c85d976e5a83adf00eb834e98405d9555ca710,mbpp,body_first,0,away,0.5,-1.5670441389083862,-1.0045441389083862,False,True
2369,e9c48102d1a0a5877bf41db751c85d976e5a83adf00eb834e98405d9555ca710,mbpp,body_first,0,random,0.5,-1.5711709260940552,-1.0086709260940552,False,True
2369,e9c48102d1a0a5877bf41db751c85d976e5a83adf00eb834e98405d9555ca710,mbpp,body_first,0,toward,1.0,-1.5847469568252563,-0.9909969568252563,False,True
2369,e9c48102d1a0a5877bf41db751c85d976e5a83adf00eb834e98405d9555ca710,mbpp,body_first,0,away,1.0,-1.5754973888397217,-0.9973723888397217,False,True
2369,e9c48102d1a0a5877bf41db751c85d976e5a83adf00eb834e98405d9555ca710,mbpp,body_first,0,random,1.0,-1.569023609161377,-1.006523609161377,False,True
2369,e9c48102d1a0a5877bf41db751c85d976e5a83adf00eb834e98405d9555ca710,mbpp,body_first,2,toward,0.5,-1.5798925161361694,-1.0017675161361694,False,True
2369,e9c48102d1a0a5877bf41db751c85d976e5a83adf00eb834e98405d9555ca710,mbpp,body_first,2,away,0.5,-1.572296380996704,-1.009796380996704,False,True
2369,e9c48102d1a0a5877bf41db751c85d976e5a83adf00eb834e98405d9555ca710,mbpp,body_first,2,random,0.5,-1.5764155387878418,-0.9982905387878418,False,True
2369,e9c48102d1a0a5877bf41db751c85d976e5a83adf00eb834e98405d9555ca710,mbpp,body_first,2,toward,1.0,-1.5657140016555786,-1.0032140016555786,False,True
2369,e9c48102d1a0a5877bf41db751c85d976e5a83adf00eb834e98405d9555ca710,mbpp,body_first,2,away,1.0,-1.5657025575637817,-1.0032025575637817,False,True
2369,e9c48102d1a0a5877bf41db751c85d976e5a83adf00eb834e98405d9555ca710,mbpp,body_first,2,random,1.0,-1.5764133930206299,-0.9982883930206299,False,True
2369,e9c48102d1a0a5877bf41db751c85d976e5a83adf00eb834e98405d9555ca710,mbpp,body_first,4,toward,0.5,-1.5673491954803467,-1.0048491954803467,False,True
2369,e9c48102d1a0a5877bf41db751c85d976e5a83adf00eb834e98405d9555ca710,mbpp,body_first,4,away,0.5,-1.561152458190918,-1.014277458190918,False,True
2369,e9c48102d1a0a5877bf41db751c85d976e5a83adf00eb834e98405d9555ca710,mbpp,body_first,4,random,0.5,-1.5684192180633545,-1.0059192180633545,False,True
2369,e9c48102d1a0a5877bf41db751c85d976e5a83adf00eb834e98405d9555ca710,mbpp,body_first,4,toward,1.0,-1.5678832530975342,-1.0053832530975342,False,True
2369,e9c48102d1a0a5877bf41db751c85d976e5a83adf00eb834e98405d9555ca710,mbpp,body_first,4,away,1.0,-1.5591201782226562,-1.0122451782226562,False,True
2369,e9c48102d1a0a5877bf41db751c85d976e5a83adf00eb834e98405d9555ca710,mbpp,body_first,4,random,1.0,-1.555840015411377,-1.008965015411377,False,True
2369,e9c48102d1a0a5877bf41db751c85d976e5a83adf00eb834e98405d9555ca710,mbpp,body_first,6,toward,0.5,-1.5697829723358154,-1.0072829723358154,False,True
2369,e9c48102d1a0a5877bf41db751c85d976e5a83adf00eb834e98405d9555ca710,mbpp,body_first,6,away,0.5,-1.5563085079193115,-1.0094335079193115,False,True
2369,e9c48102d1a0a5877bf41db751c85d976e5a83adf00eb834e98405d9555ca710,mbpp,body_first,6,random,0.5,-1.558576226234436,-1.011701226234436,False,True
2369,e9c48102d1a0a5877bf41db751c85d976e5a83adf00eb834e98405d9555ca710,mbpp,body_first,6,toward,1.0,-1.565887451171875,-1.003387451171875,False,True
2369,e9c48102d1a0a5877bf41db751c85d976e5a83adf00eb834e98405d9555ca710,mbpp,body_first,6,away,1.0,-1.5506978034973145,-1.0038228034973145,False,True
2369,e9c48102d1a0a5877bf41db751c85d976e5a83adf00eb834e98405d9555ca710,mbpp,body_first,6,random,1.0,-1.556500792503357,-1.009625792503357,False,True
2369,e9c48102d1a0a5877bf41db751c85d976e5a83adf00eb834e98405d9555ca710,mbpp,body_first,8,toward,0.5,-1.5714077949523926,-1.0089077949523926,False,True
2369,e9c48102d1a0a5877bf41db751c85d976e5a83adf00eb834e98405d9555ca710,mbpp,body_first,8,away,0.5,-1.5684192180633545,-1.0059192180633545,False,True
2369,e9c48102d1a0a5877bf41db751c85d976e5a83adf00eb834e98405d9555ca710,mbpp,body_first,8,random,0.5,-1.571169376373291,-1.008669376373291,False,True
2369,e9c48102d1a0a5877bf41db751c85d976e5a83adf00eb834e98405d9555ca710,mbpp,body_first,8,toward,1.0,-1.571165680885315,-1.008665680885315,False,True
2369,e9c48102d1a0a5877bf41db751c85d976e5a83adf00eb834e98405d9555ca710,mbpp,body_first,8,away,1.0,-1.555195689201355,-1.008320689201355,False,True
2369,e9c48102d1a0a5877bf41db751c85d976e5a83adf00eb834e98405d9555ca710,mbpp,body_first,8,random,1.0,-1.5592306852340698,-1.0123556852340698,False,True
2369,e9c48102d1a0a5877bf41db751c85d976e5a83adf00eb834e98405d9555ca710,mbpp,body_first,10,toward,0.5,-1.5718244314193726,-1.0093244314193726,False,True
2369,e9c48102d1a0a5877bf41db751c85d976e5a83adf00eb834e98405d9555ca710,mbpp,body_first,10,away,0.5,-1.5686572790145874,-1.0061572790145874,False,True
2369,e9c48102d1a0a5877bf41db751c85d976e5a83adf00eb834e98405d9555ca710,mbpp,body_first,10,random,0.5,-1.5645196437835693,-1.0020196437835693,False,True
2369,e9c48102d1a0a5877bf41db751c85d976e5a83adf00eb834e98405d9555ca710,mbpp,body_first,10,toward,1.0,-1.5667273998260498,-1.0042273998260498,False,True
2369,e9c48102d1a0a5877bf41db751c85d976e5a83adf00eb834e98405d9555ca710,mbpp,body_first,10,away,1.0,-1.5723018646240234,-1.0098018646240234,False,True
2369,e9c48102d1a0a5877bf41db751c85d976e5a83adf00eb834e98405d9555ca710,mbpp,body_first,10,random,1.0,-1.5651668310165405,-1.0026668310165405,False,True
2369,e9c48102d1a0a5877bf41db751c85d976e5a83adf00eb834e98405d9555ca710,mbpp,body_first,12,toward,0.5,-1.568272590637207,-1.005772590637207,False,True
2369,e9c48102d1a0a5877bf41db751c85d976e5a83adf00eb834e98405d9555ca710,mbpp,body_first,12,away,0.5,-1.5686569213867188,-1.0061569213867188,False,True
2369,e9c48102d1a0a5877bf41db751c85d976e5a83adf00eb834e98405d9555ca710,mbpp,body_first,12,random,0.5,-1.5711718797683716,-1.0086718797683716,False,True
2369,e9c48102d1a0a5877bf41db751c85d976e5a83adf00eb834e98405d9555ca710,mbpp,body_first,12,toward,1.0,-1.57120680809021,-1.00870680809021,False,True
2369,e9c48102d1a0a5877bf41db751c85d976e5a83adf00eb834e98405d9555ca710,mbpp,body_first,12,away,1.0,-1.5704457759857178,-1.0079457759857178,False,True
2369,e9c48102d1a0a5877bf41db751c85d976e5a83adf00eb834e98405d9555ca710,mbpp,body_first,12,random,1.0,-1.5665234327316284,-1.0040234327316284,False,True
2369,e9c48102d1a0a5877bf41db751c85d976e5a83adf00eb834e98405d9555ca710,mbpp,body_first,14,toward,0.5,-1.5677366256713867,-1.0052366256713867,False,True
2369,e9c48102d1a0a5877bf41db751c85d976e5a83adf00eb834e98405d9555ca710,mbpp,body_first,14,away,0.5,-1.5677363872528076,-1.0052363872528076,False,True
2369,e9c48102d1a0a5877bf41db751c85d976e5a83adf00eb834e98405d9555ca710,mbpp,body_first,14,random,0.5,-1.5605913400650024,-1.0137163400650024,False,True
2369,e9c48102d1a0a5877bf41db751c85d976e5a83adf00eb834e98405d9555ca710,mbpp,body_first,14,toward,1.0,-1.5672990083694458,-1.0047990083694458,False,True
2369,e9c48102d1a0a5877bf41db751c85d976e5a83adf00eb834e98405d9555ca710,mbpp,body_first,14,away,1.0,-1.5723012685775757,-1.0098012685775757,False,True
2369,e9c48102d1a0a5877bf41db751c85d976e5a83adf00eb834e98405d9555ca710,mbpp,body_first,14,random,1.0,-1.5569677352905273,-1.0100927352905273,False,True
2369,e9c48102d1a0a5877bf41db751c85d976e5a83adf00eb834e98405d9555ca710,mbpp,body_first,16,toward,0.5,-1.5729570388793945,-1.0104570388793945,False,True
2369,e9c48102d1a0a5877bf41db751c85d976e5a83adf00eb834e98405d9555ca710,mbpp,body_first,16,away,0.5,-1.566290020942688,-1.003790020942688,False,True
2369,e9c48102d1a0a5877bf41db751c85d976e5a83adf00eb834e98405d9555ca710,mbpp,body_first,16,random,0.5,-1.5711655616760254,-1.0086655616760254,False,True
2369,e9c48102d1a0a5877bf41db751c85d976e5a83adf00eb834e98405d9555ca710,mbpp,body_first,16,toward,1.0,-1.5588152408599854,-1.0119402408599854,False,True
2369,e9c48102d1a0a5877bf41db751c85d976e5a83adf00eb834e98405d9555ca710,mbpp,body_first,16,away,1.0,-1.5682666301727295,-1.0057666301727295,False,True
2369,e9c48102d1a0a5877bf41db751c85d976e5a83adf00eb834e98405d9555ca710,mbpp,body_first,16,random,1.0,-1.5792948007583618,-1.0011698007583618,False,True
2369,e9c48102d1a0a5877bf41db751c85d976e5a83adf00eb834e98405d9555ca710,mbpp,body_first,18,toward,0.5,-1.56696355342865,-1.00446355342865,False,True
2369,e9c48102d1a0a5877bf41db751c85d976e5a83adf00eb834e98405d9555ca710,mbpp,body_first,18,away,0.5,-1.5677311420440674,-1.0052311420440674,False,True
2369,e9c48102d1a0a5877bf41db751c85d976e5a83adf00eb834e98405d9555ca710,mbpp,body_first,18,random,0.5,-1.5786718130111694,-1.0005468130111694,False,True
2369,e9c48102d1a0a5877bf41db751c85d976e5a83adf00eb834e98405d9555ca710,mbpp,body_first,18,toward,1.0,-1.5677365064620972,-1.0052365064620972,False,True
2369,e9c48102d1a0a5877bf41db751c85d976e5a83adf00eb834e98405d9555ca710,mbpp,body_first,18,away,1.0,-1.5711653232574463,-1.0086653232574463,False,True
2369,e9c48102d1a0a5877bf41db751c85d976e5a83adf00eb834e98405d9555ca710,mbpp,body_first,18,random,1.0,-1.5711700916290283,-1.0086700916290283,False,True
2369,e9c48102d1a0a5877bf41db751c85d976e5a83adf00eb834e98405d9555ca710,mbpp,body_first,20,toward,0.5,-1.5588130950927734,-1.0119380950927734,False,True
2369,e9c48102d1a0a5877bf41db751c85d976e5a83adf00eb834e98405d9555ca710,mbpp,body_first,20,away,0.5,-1.5686531066894531,-1.0061531066894531,False,True
2369,e9c48102d1a0a5877bf41db751c85d976e5a83adf00eb834e98405d9555ca710,mbpp,body_first,20,random,0.5,-1.571170449256897,-1.008670449256897,False,True
2369,e9c48102d1a0a5877bf41db751c85d976e5a83adf00eb834e98405d9555ca710,mbpp,body_first,20,toward,1.0,-1.5641412734985352,-1.0016412734985352,False,True
2369,e9c48102d1a0a5877bf41db751c85d976e5a83adf00eb834e98405d9555ca710,mbpp,body_first,20,away,1.0,-1.5677313804626465,-1.0052313804626465,False,True
2369,e9c48102d1a0a5877bf41db751c85d976e5a83adf00eb834e98405d9555ca710,mbpp,body_first,20,random,1.0,-1.5686566829681396,-1.0061566829681396,False,True
2369,e9c48102d1a0a5877bf41db751c85d976e5a83adf00eb834e98405d9555ca710,mbpp,body_first,22,toward,0.5,-1.5711660385131836,-1.0086660385131836,False,True
2369,e9c48102d1a0a5877bf41db751c85d976e5a83adf00eb834e98405d9555ca710,mbpp,body_first,22,away,0.5,-1.5791120529174805,-1.0009870529174805,False,True
2369,e9c48102d1a0a5877bf41db751c85d976e5a83adf00eb834e98405d9555ca710,mbpp,body_first,22,random,0.5,-1.57295560836792,-1.01045560836792,False,True
2369,e9c48102d1a0a5877bf41db751c85d976e5a83adf00eb834e98405d9555ca710,mbpp,body_first,22,toward,1.0,-1.5599393844604492,-1.0130643844604492,False,True
2369,e9c48102d1a0a5877bf41db751c85d976e5a83adf00eb834e98405d9555ca710,mbpp,body_first,22,away,1.0,-1.5682671070098877,-1.0057671070098877,False,True
2369,e9c48102d1a0a5877bf41db751c85d976e5a83adf00eb834e98405d9555ca710,mbpp,body_first,22,random,1.0,-1.5729562044143677,-1.0104562044143677,False,True
2369,e9c48102d1a0a5877bf41db751c85d976e5a83adf00eb834e98405d9555ca710,mbpp,body_first,24,toward,0.5,-1.566727876663208,-1.004227876663208,False,True
2369,e9c48102d1a0a5877bf41db751c85d976e5a83adf00eb834e98405d9555ca710,mbpp,body_first,24,away,0.5,-1.5667285919189453,-1.0042285919189453,False,True
2369,e9c48102d1a0a5877bf41db751c85d976e5a83adf00eb834e98405d9555ca710,mbpp,body_first,24,random,0.5,-1.5682682991027832,-1.0057682991027832,False,True
2369,e9c48102d1a0a5877bf41db751c85d976e5a83adf00eb834e98405d9555ca710,mbpp,body_first,24,toward,1.0,-1.560586929321289,-1.013711929321289,False,True
2369,e9c48102d1a0a5877bf41db751c85d976e5a83adf00eb834e98405d9555ca710,mbpp,body_first,24,away,1.0,-1.571165919303894,-1.008665919303894,False,True
2369,e9c48102d1a0a5877bf41db751c85d976e5a83adf00eb834e98405d9555ca710,mbpp,body_first,24,random,1.0,-1.5677320957183838,-1.0052320957183838,False,True
2369,e9c48102d1a0a5877bf41db751c85d976e5a83adf00eb834e98405d9555ca710,mbpp,body_first,26,toward,0.5,-1.5677307844161987,-1.0052307844161987,False,True
2369,e9c48102d1a0a5877bf41db751c85d976e5a83adf00eb834e98405d9555ca710,mbpp,body_first,26,away,0.5,-1.5711662769317627,-1.0086662769317627,False,True
2369,e9c48102d1a0a5877bf41db751c85d976e5a83adf00eb834e98405d9555ca710,mbpp,body_first,26,random,0.5,-1.5723011493682861,-1.0098011493682861,False,True
2369,e9c48102d1a0a5877bf41db751c85d976e5a83adf00eb834e98405d9555ca710,mbpp,body_first,26,toward,1.0,-1.5718250274658203,-1.0093250274658203,False,True
2369,e9c48102d1a0a5877bf41db751c85d976e5a83adf00eb834e98405d9555ca710,mbpp,body_first,26,away,1.0,-1.572296380996704,-1.009796380996704,False,True
2369,e9c48102d1a0a5877bf41db751c85d976e5a83adf00eb834e98405d9555ca710,mbpp,body_first,26,random,1.0,-1.5711665153503418,-1.0086665153503418,False,True
2369,e9c48102d1a0a5877bf41db751c85d976e5a83adf00eb834e98405d9555ca710,mbpp,body_first,28,toward,0.5,-1.5669622421264648,-1.0044622421264648,False,True
2369,e9c48102d1a0a5877bf41db751c85d976e5a83adf00eb834e98405d9555ca710,mbpp,body_first,28,away,0.5,-1.5677311420440674,-1.0052311420440674,False,True
2369,e9c48102d1a0a5877bf41db751c85d976e5a83adf00eb834e98405d9555ca710,mbpp,body_first,28,random,0.5,-1.566728115081787,-1.004228115081787,False,True
2369,e9c48102d1a0a5877bf41db751c85d976e5a83adf00eb834e98405d9555ca710,mbpp,body_first,28,toward,1.0,-1.566288709640503,-1.003788709640503,False,True
2369,e9c48102d1a0a5877bf41db751c85d976e5a83adf00eb834e98405d9555ca710,mbpp,body_first,28,away,1.0,-1.566962718963623,-1.004462718963623,False,True
2369,e9c48102d1a0a5877bf41db751c85d976e5a83adf00eb834e98405d9555ca710,mbpp,body_first,28,random,1.0,-1.571171522140503,-1.008671522140503,False,True
2369,e9c48102d1a0a5877bf41db751c85d976e5a83adf00eb834e98405d9555ca710,mbpp,body_first,30,toward,0.5,-1.566290020942688,-1.003790020942688,False,True
2369,e9c48102d1a0a5877bf41db751c85d976e5a83adf00eb834e98405d9555ca710,mbpp,body_first,30,away,0.5,-1.5686527490615845,-1.0061527490615845,False,True
2369,e9c48102d1a0a5877bf41db751c85d976e5a83adf00eb834e98405d9555ca710,mbpp,body_first,30,random,0.5,-1.5677307844161987,-1.0052307844161987,False,True
2369,e9c48102d1a0a5877bf41db751c85d976e5a83adf00eb834e98405d9555ca710,mbpp,body_first,30,toward,1.0,-1.5662901401519775,-1.0037901401519775,False,True
2369,e9c48102d1a0a5877bf41db751c85d976e5a83adf00eb834e98405d9555ca710,mbpp,body_first,30,away,1.0,-1.568652629852295,-1.006152629852295,False,True
2369,e9c48102d1a0a5877bf41db751c85d976e5a83adf00eb834e98405d9555ca710,mbpp,body_first,30,random,1.0,-1.5677306652069092,-1.0052306652069092,False,True
2369,e9c48102d1a0a5877bf41db751c85d976e5a83adf00eb834e98405d9555ca710,mbpp,body_first,31,toward,0.5,-1.5677309036254883,-1.0052309036254883,False,True
2369,e9c48102d1a0a5877bf41db751c85d976e5a83adf00eb834e98405d9555ca710,mbpp,body_first,31,away,0.5,-1.5677309036254883,-1.0052309036254883,False,True
2369,e9c48102d1a0a5877bf41db751c85d976e5a83adf00eb834e98405d9555ca710,mbpp,body_first,31,random,0.5,-1.5677309036254883,-1.0052309036254883,False,True
2369,e9c48102d1a0a5877bf41db751c85d976e5a83adf00eb834e98405d9555ca710,mbpp,body_first,31,toward,1.0,-1.5677309036254883,-1.0052309036254883,False,True
2369,e9c48102d1a0a5877bf41db751c85d976e5a83adf00eb834e98405d9555ca710,mbpp,body_first,31,away,1.0,-1.5677309036254883,-1.0052309036254883,False,True
2369,e9c48102d1a0a5877bf41db751c85d976e5a83adf00eb834e98405d9555ca710,mbpp,body_first,31,random,1.0,-1.5677309036254883,-1.0052309036254883,False,True
2369,e9c48102d1a0a5877bf41db751c85d976e5a83adf00eb834e98405d9555ca710,mbpp,answer,0,toward,0.5,-1.5228688716888428,-0.9759938716888428,False,True
2369,e9c48102d1a0a5877bf41db751c85d976e5a83adf00eb834e98405d9555ca710,mbpp,answer,0,away,0.5,-1.5909605026245117,-0.9972104430198669,False,True
2369,e9c48102d1a0a5877bf41db751c85d976e5a83adf00eb834e98405d9555ca710,mbpp,answer,0,random,0.5,-1.5822274684906006,-0.9884774684906006,False,True
2369,e9c48102d1a0a5877bf41db751c85d976e5a83adf00eb834e98405d9555ca710,mbpp,answer,0,toward,1.0,-1.4455616474151611,-0.9768116474151611,False,True
2369,e9c48102d1a0a5877bf41db751c85d976e5a83adf00eb834e98405d9555ca710,mbpp,answer,0,away,1.0,-1.5292493104934692,-0.9667493104934692,False,True
2369,e9c48102d1a0a5877bf41db751c85d976e5a83adf00eb834e98405d9555ca710,mbpp,answer,0,random,1.0,-1.565308690071106,-0.987183690071106,False,True
2369,e9c48102d1a0a5877bf41db751c85d976e5a83adf00eb834e98405d9555ca710,mbpp,answer,2,toward,0.5,-1.5069880485534668,-0.9444880485534668,False,True
2369,e9c48102d1a0a5877bf41db751c85d976e5a83adf00eb834e98405d9555ca710,mbpp,answer,2,away,0.5,-1.5494040250778198,-1.0181540250778198,False,True
2369,e9c48102d1a0a5877bf41db751c85d976e5a83adf00eb834e98405d9555ca710,mbpp,answer,2,random,0.5,-1.5053948163986206,-1.0053948163986206,False,True
2369,e9c48102d1a0a5877bf41db751c85d976e5a83adf00eb834e98405d9555ca710,mbpp,answer,2,toward,1.0,-1.477426290512085,-0.930551290512085,False,True
2369,e9c48102d1a0a5877bf41db751c85d976e5a83adf00eb834e98405d9555ca710,mbpp,answer,2,away,1.0,-1.4688799381256104,-1.0626299381256104,False,True
2369,e9c48102d1a0a5877bf41db751c85d976e5a83adf00eb834e98405d9555ca710,mbpp,answer,2,random,1.0,-1.4216411113739014,-1.0466411113739014,False,True
2369,e9c48102d1a0a5877bf41db751c85d976e5a83adf00eb834e98405d9555ca710,mbpp,answer,4,toward,0.5,-1.5031436681747437,-0.9562686681747437,False,True
2369,e9c48102d1a0a5877bf41db751c85d976e5a83adf00eb834e98405d9555ca710,mbpp,answer,4,away,0.5,-1.4326584339141846,-1.0420334339141846,False,True
2369,e9c48102d1a0a5877bf41db751c85d976e5a83adf00eb834e98405d9555ca710,mbpp,answer,4,random,0.5,-1.4682955741882324,-0.9995455741882324,False,True
2369,e9c48102d1a0a5877bf41db751c85d976e5a83adf00eb834e98405d9555ca710,mbpp,answer,4,toward,1.0,-1.4687116146087646,-1.0155866146087646,False,True
2369,e9c48102d1a0a5877bf41db751c85d976e5a83adf00eb834e98405d9555ca710,mbpp,answer,4,away,1.0,-1.1033942699432373,-1.2596442699432373,True,False
2369,e9c48102d1a0a5877bf41db751c85d976e5a83adf00eb834e98405d9555ca710,mbpp,answer,4,random,1.0,-1.3787195682525635,-1.0818445682525635,False,True
2369,e9c48102d1a0a5877bf41db751c85d976e5a83adf00eb834e98405d9555ca710,mbpp,answer,6,toward,0.5,-1.3922768831253052,-1.0641518831253052,False,True
2369,e9c48102d1a0a5877bf41db751c85d976e5a83adf00eb834e98405d9555ca710,mbpp,answer,6,away,0.5,-1.5985643863677979,-1.0360643863677979,False,True
2369,e9c48102d1a0a5877bf41db751c85d976e5a83adf00eb834e98405d9555ca710,mbpp,answer,6,random,0.5,-1.7397851943969727,-1.0679101943969727,False,True
2369,e9c48102d1a0a5877bf41db751c85d976e5a83adf00eb834e98405d9555ca710,mbpp,answer,6,toward,1.0,-1.1851648092269897,-1.1695398092269897,False,True
2369,e9c48102d1a0a5877bf41db751c85d976e5a83adf00eb834e98405d9555ca710,mbpp,answer,6,away,1.0,-1.7036352157592773,-1.1255102157592773,False,True
2369,e9c48102d1a0a5877bf41db751c85d976e5a83adf00eb834e98405d9555ca710,mbpp,answer,6,random,1.0,-1.886112928390503,-1.182987928390503,False,True
2369,e9c48102d1a0a5877bf41db751c85d976e5a83adf00eb834e98405d9555ca710,mbpp,answer,8,toward,0.5,-1.597305178642273,-1.066055178642273,False,True
2369,e9c48102d1a0a5877bf41db751c85d976e5a83adf00eb834e98405d9555ca710,mbpp,answer,8,away,0.5,-1.5778318643569946,-1.0153318643569946,False,True
2369,e9c48102d1a0a5877bf41db751c85d976e5a83adf00eb834e98405d9555ca710,mbpp,answer,8,random,0.5,-1.3238898515701294,-1.1363898515701294,False,True
2369,e9c48102d1a0a5877bf41db751c85d976e5a83adf00eb834e98405d9555ca710,mbpp,answer,8,toward,1.0,-1.8904019594192505,-1.0935269594192505,False,True
2369,e9c48102d1a0a5877bf41db751c85d976e5a83adf00eb834e98405d9555ca710,mbpp,answer,8,away,1.0,-1.725231409072876,-1.084606409072876,False,False
2369,e9c48102d1a0a5877bf41db751c85d976e5a83adf00eb834e98405d9555ca710,mbpp,answer,8,random,1.0,-1.1237519979476929,-1.1862519979476929,True,False
2369,e9c48102d1a0a5877bf41db751c85d976e5a83adf00eb834e98405d9555ca710,mbpp,answer,10,toward,0.5,-1.701061725616455,-1.107311725616455,False,True
2369,e9c48102d1a0a5877bf41db751c85d976e5a83adf00eb834e98405d9555ca710,mbpp,answer,10,away,0.5,-1.6932063102722168,-0.9588313698768616,False,True
2369,e9c48102d1a0a5877bf41db751c85d976e5a83adf00eb834e98405d9555ca710,mbpp,answer,10,random,0.5,-1.6612446308135986,-0.8799946308135986,False,False
2369,e9c48102d1a0a5877bf41db751c85d976e5a83adf00eb834e98405d9555ca710,mbpp,answer,10,toward,1.0,-1.9940792322158813,-1.1659542322158813,False,False
2369,e9c48102d1a0a5877bf41db751c85d976e5a83adf00eb834e98405d9555ca710,mbpp,answer,10,away,1.0,-1.900566816329956,-1.088066816329956,False,False
2369,e9c48102d1a0a5877bf41db751c85d976e5a83adf00eb834e98405d9555ca710,mbpp,answer,10,random,1.0,-1.9395803213119507,-0.8302053213119507,False,False
2369,e9c48102d1a0a5877bf41db751c85d976e5a83adf00eb834e98405d9555ca710,mbpp,answer,12,toward,0.5,-1.9470266103744507,-0.9626516103744507,False,True
2369,e9c48102d1a0a5877bf41db751c85d976e5a83adf00eb834e98405d9555ca710,mbpp,answer,12,away,0.5,-1.9764584302902222,-1.0545834302902222,False,False
2369,e9c48102d1a0a5877bf41db751c85d976e5a83adf00eb834e98405d9555ca710,mbpp,answer,12,random,0.5,-1.7214055061340332,-1.0182805061340332,False,False
2369,e9c48102d1a0a5877bf41db751c85d976e5a83adf00eb834e98405d9555ca710,mbpp,answer,12,toward,1.0,-2.3785204887390137,-0.8472704291343689,False,True
2369,e9c48102d1a0a5877bf41db751c85d976e5a83adf00eb834e98405d9555ca710,mbpp,answer,12,away,1.0,-2.5716423988342285,-1.227892279624939,False,True
2369,e9c48102d1a0a5877bf41db751c85d976e5a83adf00eb834e98405d9555ca710,mbpp,answer,12,random,1.0,-2.0248215198516846,-1.1185715198516846,False,False
2369,e9c48102d1a0a5877bf41db751c85d976e5a83adf00eb834e98405d9555ca710,mbpp,answer,14,toward,0.5,-1.210503101348877,-1.319878101348877,True,False
2369,e9c48102d1a0a5877bf41db751c85d976e5a83adf00eb834e98405d9555ca710,mbpp,answer,14,away,0.5,-2.0080456733703613,-1.0549206733703613,False,True
2369,e9c48102d1a0a5877bf41db751c85d976e5a83adf00eb834e98405d9555ca710,mbpp,answer,14,random,0.5,-1.4776835441589355,-1.1964335441589355,False,True
2369,e9c48102d1a0a5877bf41db751c85d976e5a83adf00eb834e98405d9555ca710,mbpp,answer,14,toward,1.0,-0.957148551940918,-1.629023551940918,True,False
2369,e9c48102d1a0a5877bf41db751c85d976e5a83adf00eb834e98405d9555ca710,mbpp,answer,14,away,1.0,-2.342437982559204,-1.279937982559204,False,True
2369,e9c48102d1a0a5877bf41db751c85d976e5a83adf00eb834e98405d9555ca710,mbpp,answer,14,random,1.0,-1.3378511667251587,-1.5878511667251587,True,False
2369,e9c48102d1a0a5877bf41db751c85d976e5a83adf00eb834e98405d9555ca710,mbpp,answer,16,toward,0.5,-1.5621225833892822,-1.1871225833892822,False,True
2369,e9c48102d1a0a5877bf41db751c85d976e5a83adf00eb834e98405d9555ca710,mbpp,answer,16,away,0.5,-1.8866970539093018,-1.2460720539093018,False,True
2369,e9c48102d1a0a5877bf41db751c85d976e5a83adf00eb834e98405d9555ca710,mbpp,answer,16,random,0.5,-1.6084985733032227,-1.1241235733032227,False,True
2369,e9c48102d1a0a5877bf41db751c85d976e5a83adf00eb834e98405d9555ca710,mbpp,answer,16,toward,1.0,-2.6277408599853516,-1.7527408599853516,False,False
2369,e9c48102d1a0a5877bf41db751c85d976e5a83adf00eb834e98405d9555ca710,mbpp,answer,16,away,1.0,-2.22815203666687,-1.3687770366668701,False,False
2369,e9c48102d1a0a5877bf41db751c85d976e5a83adf00eb834e98405d9555ca710,mbpp,answer,16,random,1.0,-1.4976118803024292,-1.3726118803024292,False,True
2369,e9c48102d1a0a5877bf41db751c85d976e5a83adf00eb834e98405d9555ca710,mbpp,answer,18,toward,0.5,-1.659077525138855,-1.034077525138855,False,False
2369,e9c48102d1a0a5877bf41db751c85d976e5a83adf00eb834e98405d9555ca710,mbpp,answer,18,away,0.5,-1.9673696756362915,-1.0923696756362915,False,True
2369,e9c48102d1a0a5877bf41db751c85d976e5a83adf00eb834e98405d9555ca710,mbpp,answer,18,random,0.5,-1.7564465999603271,-1.1470715999603271,False,False
2369,e9c48102d1a0a5877bf41db751c85d976e5a83adf00eb834e98405d9555ca710,mbpp,answer,18,toward,1.0,-3.4545464515686035,-1.3764214515686035,False,False
2369,e9c48102d1a0a5877bf41db751c85d976e5a83adf00eb834e98405d9555ca710,mbpp,answer,18,away,1.0,-2.1916160583496094,-1.1603660583496094,False,True
2369,e9c48102d1a0a5877bf41db751c85d976e5a83adf00eb834e98405d9555ca710,mbpp,answer,18,random,1.0,-2.092097282409668,-1.2952224016189575,False,False
2369,e9c48102d1a0a5877bf41db751c85d976e5a83adf00eb834e98405d9555ca710,mbpp,answer,20,toward,0.5,-1.2089309692382812,-0.9589309096336365,False,False
2369,e9c48102d1a0a5877bf41db751c85d976e5a83adf00eb834e98405d9555ca710,mbpp,answer,20,away,0.5,-1.8428194522857666,-1.0771944522857666,False,True
2369,e9c48102d1a0a5877bf41db751c85d976e5a83adf00eb834e98405d9555ca710,mbpp,answer,20,random,0.5,-1.8807872533798218,-1.0839122533798218,False,True
2369,e9c48102d1a0a5877bf41db751c85d976e5a83adf00eb834e98405d9555ca710,mbpp,answer,20,toward,1.0,-2.476667642593384,-0.41416773200035095,False,False
2369,e9c48102d1a0a5877bf41db751c85d976e5a83adf00eb834e98405d9555ca710,mbpp,answer,20,away,1.0,-1.703500509262085,-1.000375509262085,False,True
2369,e9c48102d1a0a5877bf41db751c85d976e5a83adf00eb834e98405d9555ca710,mbpp,answer,20,random,1.0,-3.043586254119873,-1.0279611349105835,False,True
2369,e9c48102d1a0a5877bf41db751c85d976e5a83adf00eb834e98405d9555ca710,mbpp,answer,22,toward,0.5,-1.6443243026733398,-0.7068243026733398,False,True
2369,e9c48102d1a0a5877bf41db751c85d976e5a83adf00eb834e98405d9555ca710,mbpp,answer,22,away,0.5,-1.9936823844909668,-1.1499323844909668,False,True
2369,e9c48102d1a0a5877bf41db751c85d976e5a83adf00eb834e98405d9555ca710,mbpp,answer,22,random,0.5,-1.2537091970443726,-1.2068341970443726,False,True
2369,e9c48102d1a0a5877bf41db751c85d976e5a83adf00eb834e98405d9555ca710,mbpp,answer,22,toward,1.0,-3.40317964553833,-0.29380467534065247,False,False
2369,e9c48102d1a0a5877bf41db751c85d976e5a83adf00eb834e98405d9555ca710,mbpp,answer,22,away,1.0,-2.026358127593994,-1.1044832468032837,False,True
2369,e9c48102d1a0a5877bf41db751c85d976e5a83adf00eb834e98405d9555ca710,mbpp,answer,22,random,1.0,-1.313965082168579,-1.188965082168579,False,True
2369,e9c48102d1a0a5877bf41db751c85d976e5a83adf00eb834e98405d9555ca710,mbpp,answer,24,toward,0.5,-2.177994728088379,-0.5686197876930237,False,False
2369,e9c48102d1a0a5877bf41db751c85d976e5a83adf00eb834e98405d9555ca710,mbpp,answer,24,away,0.5,-1.665589690208435,-1.103089690208435,False,True
2369,e9c48102d1a0a5877bf41db751c85d976e5a83adf00eb834e98405d9555ca710,mbpp,answer,24,random,0.5,-1.291412115097046,-1.197662115097046,False,True
2369,e9c48102d1a0a5877bf41db751c85d976e5a83adf00eb834e98405d9555ca710,mbpp,answer,24,toward,1.0,-3.737459897994995,-0.2218349277973175,False,False
2369,e9c48102d1a0a5877bf41db751c85d976e5a83adf00eb834e98405d9555ca710,mbpp,answer,24,away,1.0,-1.6193499565124512,-1.1505999565124512,False,True
2369,e9c48102d1a0a5877bf41db751c85d976e5a83adf00eb834e98405d9555ca710,mbpp,answer,24,random,1.0,-1.6911156177520752,-1.1286156177520752,False,True
2369,e9c48102d1a0a5877bf41db751c85d976e5a83adf00eb834e98405d9555ca710,mbpp,answer,26,toward,0.5,-2.367295026779175,-0.4766700565814972,False,False
2369,e9c48102d1a0a5877bf41db751c85d976e5a83adf00eb834e98405d9555ca710,mbpp,answer,26,away,0.5,-1.4970223903656006,-1.2470223903656006,False,True
2369,e9c48102d1a0a5877bf41db751c85d976e5a83adf00eb834e98405d9555ca710,mbpp,answer,26,random,0.5,-1.376531958580017,-1.142156958580017,False,True
2369,e9c48102d1a0a5877bf41db751c85d976e5a83adf00eb834e98405d9555ca710,mbpp,answer,26,toward,1.0,-3.9307467937469482,-0.18074679374694824,False,False
2369,e9c48102d1a0a5877bf41db751c85d976e5a83adf00eb834e98405d9555ca710,mbpp,answer,26,away,1.0,-1.404649257659912,-1.404649257659912,False,True
2369,e9c48102d1a0a5877bf41db751c85d976e5a83adf00eb834e98405d9555ca710,mbpp,answer,26,random,1.0,-1.4418493509292603,-1.2543493509292603,False,True
2369,e9c48102d1a0a5877bf41db751c85d976e5a83adf00eb834e98405d9555ca710,mbpp,answer,28,toward,0.5,-2.5517501831054688,-0.5517500638961792,False,True
2369,e9c48102d1a0a5877bf41db751c85d976e5a83adf00eb834e98405d9555ca710,mbpp,answer,28,away,0.5,-1.3734031915664673,-1.2952781915664673,False,True
2369,e9c48102d1a0a5877bf41db751c85d976e5a83adf00eb834e98405d9555ca710,mbpp,answer,28,random,0.5,-1.5888862609863281,-0.9326362609863281,False,True
2369,e9c48102d1a0a5877bf41db751c85d976e5a83adf00eb834e98405d9555ca710,mbpp,answer,28,toward,1.0,-4.3510589599609375,-0.25730910897254944,False,True
2369,e9c48102d1a0a5877bf41db751c85d976e5a83adf00eb834e98405d9555ca710,mbpp,answer,28,away,1.0,-1.1967015266418457,-1.5717015266418457,True,False
2369,e9c48102d1a0a5877bf41db751c85d976e5a83adf00eb834e98405d9555ca710,mbpp,answer,28,random,1.0,-1.7287733554840088,-0.7756483554840088,False,True
2369,e9c48102d1a0a5877bf41db751c85d976e5a83adf00eb834e98405d9555ca710,mbpp,answer,30,toward,0.5,-3.029399871826172,-0.38877493143081665,False,True
2369,e9c48102d1a0a5877bf41db751c85d976e5a83adf00eb834e98405d9555ca710,mbpp,answer,30,away,0.5,-0.9881815910339355,-1.6913065910339355,True,False
2369,e9c48102d1a0a5877bf41db751c85d976e5a83adf00eb834e98405d9555ca710,mbpp,answer,30,random,0.5,-1.3052592277526855,-0.9146341681480408,False,True
2369,e9c48102d1a0a5877bf41db751c85d976e5a83adf00eb834e98405d9555ca710,mbpp,answer,30,toward,1.0,-5.395005226135254,-0.11375519633293152,False,True
2369,e9c48102d1a0a5877bf41db751c85d976e5a83adf00eb834e98405d9555ca710,mbpp,answer,30,away,1.0,-0.7441972494125366,-2.837947368621826,True,False
2369,e9c48102d1a0a5877bf41db751c85d976e5a83adf00eb834e98405d9555ca710,mbpp,answer,30,random,1.0,-1.1130988597869873,-0.8005988597869873,False,True
2369,e9c48102d1a0a5877bf41db751c85d976e5a83adf00eb834e98405d9555ca710,mbpp,answer,31,toward,0.5,-4.739405155181885,-0.2550303339958191,False,True
2369,e9c48102d1a0a5877bf41db751c85d976e5a83adf00eb834e98405d9555ca710,mbpp,answer,31,away,0.5,-0.8127807378768921,-3.0315308570861816,True,False
2369,e9c48102d1a0a5877bf41db751c85d976e5a83adf00eb834e98405d9555ca710,mbpp,answer,31,random,0.5,-0.8769570589065552,-1.5644570589065552,True,False
2369,e9c48102d1a0a5877bf41db751c85d976e5a83adf00eb834e98405d9555ca710,mbpp,answer,31,toward,1.0,-7.284097194671631,-0.15909716486930847,False,True
2369,e9c48102d1a0a5877bf41db751c85d976e5a83adf00eb834e98405d9555ca710,mbpp,answer,31,away,1.0,-1.8488203287124634,-5.591007709503174,False,False
2369,e9c48102d1a0a5877bf41db751c85d976e5a83adf00eb834e98405d9555ca710,mbpp,answer,31,random,1.0,-0.7128339409828186,-2.197208881378174,True,False
2371,b9a325fb3b35a4aecfa6f5e881227513a2dd229a1dfcbaf2f6a60990319613c7,mbpp,baseline,-1,none,0.0,-1.2751322984695435,-0.36888232827186584,False,True
2371,b9a325fb3b35a4aecfa6f5e881227513a2dd229a1dfcbaf2f6a60990319613c7,mbpp,if,0,toward,0.5,-1.285784363746643,-0.3639093339443207,False,True
2371,b9a325fb3b35a4aecfa6f5e881227513a2dd229a1dfcbaf2f6a60990319613c7,mbpp,if,0,away,0.5,-1.2535592317581177,-0.37855926156044006,False,True
2371,b9a325fb3b35a4aecfa6f5e881227513a2dd229a1dfcbaf2f6a60990319613c7,mbpp,if,0,random,0.5,-1.2861156463623047,-0.3642405867576599,False,True
2371,b9a325fb3b35a4aecfa6f5e881227513a2dd229a1dfcbaf2f6a60990319613c7,mbpp,if,0,toward,1.0,-1.255378246307373,-0.39600318670272827,False,True
2371,b9a325fb3b35a4aecfa6f5e881227513a2dd229a1dfcbaf2f6a60990319613c7,mbpp,if,0,away,1.0,-1.375312089920044,-0.35968703031539917,False,True
2371,b9a325fb3b35a4aecfa6f5e881227513a2dd229a1dfcbaf2f6a60990319613c7,mbpp,if,0,random,1.0,-1.2572356462478638,-0.39786067605018616,False,True
2371,b9a325fb3b35a4aecfa6f5e881227513a2dd229a1dfcbaf2f6a60990319613c7,mbpp,if,2,toward,0.5,-1.2304884195327759,-0.3867383897304535,False,True
2371,b9a325fb3b35a4aecfa6f5e881227513a2dd229a1dfcbaf2f6a60990319613c7,mbpp,if,2,away,0.5,-1.1400094032287598,-0.4368843734264374,False,True
2371,b9a325fb3b35a4aecfa6f5e881227513a2dd229a1dfcbaf2f6a60990319613c7,mbpp,if,2,random,0.5,-1.252824306488037,-0.3778243064880371,False,True
2371,b9a325fb3b35a4aecfa6f5e881227513a2dd229a1dfcbaf2f6a60990319613c7,mbpp,if,2,toward,1.0,-1.1809306144714355,-0.41530558466911316,False,True
2371,b9a325fb3b35a4aecfa6f5e881227513a2dd229a1dfcbaf2f6a60990319613c7,mbpp,if,2,away,1.0,-1.3150235414505005,-0.3775235116481781,False,True
2371,b9a325fb3b35a4aecfa6f5e881227513a2dd229a1dfcbaf2f6a60990319613c7,mbpp,if,2,random,1.0,-1.1987411975860596,-0.4018661379814148,False,True
2371,b9a325fb3b35a4aecfa6f5e881227513a2dd229a1dfcbaf2f6a60990319613c7,mbpp,if,4,toward,0.5,-1.2343045473098755,-0.3905545175075531,False,True
2371,b9a325fb3b35a4aecfa6f5e881227513a2dd229a1dfcbaf2f6a60990319613c7,mbpp,if,4,away,0.5,-1.157834768295288,-0.4234597086906433,False,True
2371,b9a325fb3b35a4aecfa6f5e881227513a2dd229a1dfcbaf2f6a60990319613c7,mbpp,if,4,random,0.5,-1.2744016647338867,-0.3681516647338867,False,True
2371,b9a325fb3b35a4aecfa6f5e881227513a2dd229a1dfcbaf2f6a60990319613c7,mbpp,if,4,toward,1.0,-1.0985063314437866,-0.4578813314437866,False,True
2371,b9a325fb3b35a4aecfa6f5e881227513a2dd229a1dfcbaf2f6a60990319613c7,mbpp,if,4,away,1.0,-1.4463753700256348,-0.32137539982795715,False,True
2371,b9a325fb3b35a4aecfa6f5e881227513a2dd229a1dfcbaf2f6a60990319613c7,mbpp,if,4,random,1.0,-1.1656413078308105,-0.41564130783081055,False,True
2371,b9a325fb3b35a4aecfa6f5e881227513a2dd229a1dfcbaf2f6a60990319613c7,mbpp,if,6,toward,0.5,-1.1546297073364258,-0.4202547073364258,False,True
2371,b9a325fb3b35a4aecfa6f5e881227513a2dd229a1dfcbaf2f6a60990319613c7,mbpp,if,6,away,0.5,-1.3211796283721924,-0.3524295687675476,False,True
2371,b9a325fb3b35a4aecfa6f5e881227513a2dd229a1dfcbaf2f6a60990319613c7,mbpp,if,6,random,0.5,-1.262551188468933,-0.3719261586666107,False,True
2371,b9a325fb3b35a4aecfa6f5e881227513a2dd229a1dfcbaf2f6a60990319613c7,mbpp,if,6,toward,1.0,-1.0598797798156738,-0.46612975001335144,False,True
2371,b9a325fb3b35a4aecfa6f5e881227513a2dd229a1dfcbaf2f6a60990319613c7,mbpp,if,6,away,1.0,-1.2888126373291016,-0.3669376075267792,False,True
2371,b9a325fb3b35a4aecfa6f5e881227513a2dd229a1dfcbaf2f6a60990319613c7,mbpp,if,6,random,1.0,-1.1227784156799316,-0.43527838587760925,False,True
2371,b9a325fb3b35a4aecfa6f5e881227513a2dd229a1dfcbaf2f6a60990319613c7,mbpp,if,8,toward,0.5,-1.101166009902954,-0.4449160695075989,False,True
2371,b9a325fb3b35a4aecfa6f5e881227513a2dd229a1dfcbaf2f6a60990319613c7,mbpp,if,8,away,0.5,-1.3552578687667847,-0.33963289856910706,False,True
2371,b9a325fb3b35a4aecfa6f5e881227513a2dd229a1dfcbaf2f6a60990319613c7,mbpp,if,8,random,0.5,-1.231867790222168,-0.3881177306175232,False,True
2371,b9a325fb3b35a4aecfa6f5e881227513a2dd229a1dfcbaf2f6a60990319613c7,mbpp,if,8,toward,1.0,-0.9536707997322083,-0.5317957997322083,False,True
2371,b9a325fb3b35a4aecfa6f5e881227513a2dd229a1dfcbaf2f6a60990319613c7,mbpp,if,8,away,1.0,-1.366887092590332,-0.3356371521949768,False,True
2371,b9a325fb3b35a4aecfa6f5e881227513a2dd229a1dfcbaf2f6a60990319613c7,mbpp,if,8,random,1.0,-1.180391550064087,-0.4147666096687317,False,True
2371,b9a325fb3b35a4aecfa6f5e881227513a2dd229a1dfcbaf2f6a60990319613c7,mbpp,if,10,toward,0.5,-1.1259310245513916,-0.4384309947490692,False,True
2371,b9a325fb3b35a4aecfa6f5e881227513a2dd229a1dfcbaf2f6a60990319613c7,mbpp,if,10,away,0.5,-1.3550302982330322,-0.3394053280353546,False,True
2371,b9a325fb3b35a4aecfa6f5e881227513a2dd229a1dfcbaf2f6a60990319613c7,mbpp,if,10,random,0.5,-1.2102441787719727,-0.39774414896965027,False,True
2371,b9a325fb3b35a4aecfa6f5e881227513a2dd229a1dfcbaf2f6a60990319613c7,mbpp,if,10,toward,1.0,-0.9493817090988159,-0.5431317090988159,False,True
2371,b9a325fb3b35a4aecfa6f5e881227513a2dd229a1dfcbaf2f6a60990319613c7,mbpp,if,10,away,1.0,-1.4135147333145142,-0.3197647035121918,False,True
2371,b9a325fb3b35a4aecfa6f5e881227513a2dd229a1dfcbaf2f6a60990319613c7,mbpp,if,10,random,1.0,-1.1668161153793335,-0.4168160855770111,False,True
2371,b9a325fb3b35a4aecfa6f5e881227513a2dd229a1dfcbaf2f6a60990319613c7,mbpp,if,12,toward,0.5,-1.062835454940796,-0.4690855145454407,False,True
2371,b9a325fb3b35a4aecfa6f5e881227513a2dd229a1dfcbaf2f6a60990319613c7,mbpp,if,12,away,0.5,-1.3658959865570068,-0.3346460461616516,False,True
2371,b9a325fb3b35a4aecfa6f5e881227513a2dd229a1dfcbaf2f6a60990319613c7,mbpp,if,12,random,0.5,-1.3199961185455322,-0.35124608874320984,False,True
2371,b9a325fb3b35a4aecfa6f5e881227513a2dd229a1dfcbaf2f6a60990319613c7,mbpp,if,12,toward,1.0,-0.9372345805168152,-0.5466095805168152,False,True
2371,b9a325fb3b35a4aecfa6f5e881227513a2dd229a1dfcbaf2f6a60990319613c7,mbpp,if,12,away,1.0,-1.4005286693572998,-0.3224036693572998,False,True
2371,b9a325fb3b35a4aecfa6f5e881227513a2dd229a1dfcbaf2f6a60990319613c7,mbpp,if,12,random,1.0,-1.341840147972107,-0.3418401777744293,False,True
2371,b9a325fb3b35a4aecfa6f5e881227513a2dd229a1dfcbaf2f6a60990319613c7,mbpp,if,14,toward,0.5,-1.2096455097198486,-0.397145539522171,False,True
2371,b9a325fb3b35a4aecfa6f5e881227513a2dd229a1dfcbaf2f6a60990319613c7,mbpp,if,14,away,0.5,-1.3096872568130493,-0.35656222701072693,False,True
2371,b9a325fb3b35a4aecfa6f5e881227513a2dd229a1dfcbaf2f6a60990319613c7,mbpp,if,14,random,0.5,-1.2981646060943604,-0.36066457629203796,False,True
2371,b9a325fb3b35a4aecfa6f5e881227513a2dd229a1dfcbaf2f6a60990319613c7,mbpp,if,14,toward,1.0,-1.1568690538406372,-0.4224940240383148,False,True
2371,b9a325fb3b35a4aecfa6f5e881227513a2dd229a1dfcbaf2f6a60990319613c7,mbpp,if,14,away,1.0,-1.2669178247451782,-0.3762928247451782,False,True
2371,b9a325fb3b35a4aecfa6f5e881227513a2dd229a1dfcbaf2f6a60990319613c7,mbpp,if,14,random,1.0,-1.2871804237365723,-0.3653053641319275,False,True
2371,b9a325fb3b35a4aecfa6f5e881227513a2dd229a1dfcbaf2f6a60990319613c7,mbpp,if,16,toward,0.5,-1.2642947435379028,-0.37366974353790283,False,True
2371,b9a325fb3b35a4aecfa6f5e881227513a2dd229a1dfcbaf2f6a60990319613c7,mbpp,if,16,away,0.5,-1.2759344577789307,-0.3696843981742859,False,True
2371,b9a325fb3b35a4aecfa6f5e881227513a2dd229a1dfcbaf2f6a60990319613c7,mbpp,if,16,random,0.5,-1.2528620958328247,-0.3778621256351471,False,True
2371,b9a325fb3b35a4aecfa6f5e881227513a2dd229a1dfcbaf2f6a60990319613c7,mbpp,if,16,toward,1.0,-1.243080735206604,-0.383705735206604,False,True
2371,b9a325fb3b35a4aecfa6f5e881227513a2dd229a1dfcbaf2f6a60990319613c7,mbpp,if,16,away,1.0,-1.2767903804779053,-0.3705403208732605,False,True
2371,b9a325fb3b35a4aecfa6f5e881227513a2dd229a1dfcbaf2f6a60990319613c7,mbpp,if,16,random,1.0,-1.2312170267105103,-0.38746699690818787,False,True
2371,b9a325fb3b35a4aecfa6f5e881227513a2dd229a1dfcbaf2f6a60990319613c7,mbpp,if,18,toward,0.5,-1.264772891998291,-0.3741479218006134,False,True
2371,b9a325fb3b35a4aecfa6f5e881227513a2dd229a1dfcbaf2f6a60990319613c7,mbpp,if,18,away,0.5,-1.286254644393921,-0.3643796145915985,False,True
2371,b9a325fb3b35a4aecfa6f5e881227513a2dd229a1dfcbaf2f6a60990319613c7,mbpp,if,18,random,0.5,-1.2753956317901611,-0.3691456615924835,False,True
2371,b9a325fb3b35a4aecfa6f5e881227513a2dd229a1dfcbaf2f6a60990319613c7,mbpp,if,18,toward,1.0,-1.265648365020752,-0.37502339482307434,False,True
2371,b9a325fb3b35a4aecfa6f5e881227513a2dd229a1dfcbaf2f6a60990319613c7,mbpp,if,18,away,1.0,-1.2754631042480469,-0.36921313405036926,False,True
2371,b9a325fb3b35a4aecfa6f5e881227513a2dd229a1dfcbaf2f6a60990319613c7,mbpp,if,18,random,1.0,-1.2646019458770752,-0.3739769160747528,False,True
2371,b9a325fb3b35a4aecfa6f5e881227513a2dd229a1dfcbaf2f6a60990319613c7,mbpp,if,20,toward,0.5,-1.264610767364502,-0.37398579716682434,False,True
2371,b9a325fb3b35a4aecfa6f5e881227513a2dd229a1dfcbaf2f6a60990319613c7,mbpp,if,20,away,0.5,-1.286197543144226,-0.36432257294654846,False,True
2371,b9a325fb3b35a4aecfa6f5e881227513a2dd229a1dfcbaf2f6a60990319613c7,mbpp,if,20,random,0.5,-1.2863103151321411,-0.3644353449344635,False,True
2371,b9a325fb3b35a4aecfa6f5e881227513a2dd229a1dfcbaf2f6a60990319613c7,mbpp,if,20,toward,1.0,-1.2323415279388428,-0.3885914981365204,False,True
2371,b9a325fb3b35a4aecfa6f5e881227513a2dd229a1dfcbaf2f6a60990319613c7,mbpp,if,20,away,1.0,-1.2859288454055786,-0.364053875207901,False,True
2371,b9a325fb3b35a4aecfa6f5e881227513a2dd229a1dfcbaf2f6a60990319613c7,mbpp,if,20,random,1.0,-1.286487340927124,-0.3646123707294464,False,True
2371,b9a325fb3b35a4aecfa6f5e881227513a2dd229a1dfcbaf2f6a60990319613c7,mbpp,if,22,toward,0.5,-1.2533918619155884,-0.37839189171791077,False,True
2371,b9a325fb3b35a4aecfa6f5e881227513a2dd229a1dfcbaf2f6a60990319613c7,mbpp,if,22,away,0.5,-1.2753115892410278,-0.36906158924102783,False,True
2371,b9a325fb3b35a4aecfa6f5e881227513a2dd229a1dfcbaf2f6a60990319613c7,mbpp,if,22,random,0.5,-1.2751491069793701,-0.36889904737472534,False,True
2371,b9a325fb3b35a4aecfa6f5e881227513a2dd229a1dfcbaf2f6a60990319613c7,mbpp,if,22,toward,1.0,-1.232001543045044,-0.38825148344039917,False,True
2371,b9a325fb3b35a4aecfa6f5e881227513a2dd229a1dfcbaf2f6a60990319613c7,mbpp,if,22,away,1.0,-1.2640833854675293,-0.3734583854675293,False,True
2371,b9a325fb3b35a4aecfa6f5e881227513a2dd229a1dfcbaf2f6a60990319613c7,mbpp,if,22,random,1.0,-1.275194764137268,-0.36894479393959045,False,True
2371,b9a325fb3b35a4aecfa6f5e881227513a2dd229a1dfcbaf2f6a60990319613c7,mbpp,if,24,toward,0.5,-1.2756829261779785,-0.36943289637565613,False,True
2371,b9a325fb3b35a4aecfa6f5e881227513a2dd229a1dfcbaf2f6a60990319613c7,mbpp,if,24,away,0.5,-1.2750335931777954,-0.3687836229801178,False,True
2371,b9a325fb3b35a4aecfa6f5e881227513a2dd229a1dfcbaf2f6a60990319613c7,mbpp,if,24,random,0.5,-1.2749252319335938,-0.3686752915382385,False,True
2371,b9a325fb3b35a4aecfa6f5e881227513a2dd229a1dfcbaf2f6a60990319613c7,mbpp,if,24,toward,1.0,-1.2541093826293945,-0.37910935282707214,False,True
2371,b9a325fb3b35a4aecfa6f5e881227513a2dd229a1dfcbaf2f6a60990319613c7,mbpp,if,24,away,1.0,-1.263983964920044,-0.37335899472236633,False,True
2371,b9a325fb3b35a4aecfa6f5e881227513a2dd229a1dfcbaf2f6a60990319613c7,mbpp,if,24,random,1.0,-1.2526404857635498,-0.3776405453681946,False,True
2371,b9a325fb3b35a4aecfa6f5e881227513a2dd229a1dfcbaf2f6a60990319613c7,mbpp,if,26,toward,0.5,-1.2755335569381714,-0.369283527135849,False,True
2371,b9a325fb3b35a4aecfa6f5e881227513a2dd229a1dfcbaf2f6a60990319613c7,mbpp,if,26,away,0.5,-1.2750682830810547,-0.36881834268569946,False,True
2371,b9a325fb3b35a4aecfa6f5e881227513a2dd229a1dfcbaf2f6a60990319613c7,mbpp,if,26,random,0.5,-1.2756322622299194,-0.36938223242759705,False,True
2371,b9a325fb3b35a4aecfa6f5e881227513a2dd229a1dfcbaf2f6a60990319613c7,mbpp,if,26,toward,1.0,-1.2761143445968628,-0.3698643743991852,False,True
2371,b9a325fb3b35a4aecfa6f5e881227513a2dd229a1dfcbaf2f6a60990319613c7,mbpp,if,26,away,1.0,-1.2639802694320679,-0.37335529923439026,False,True
2371,b9a325fb3b35a4aecfa6f5e881227513a2dd229a1dfcbaf2f6a60990319613c7,mbpp,if,26,random,1.0,-1.2647842168807983,-0.37415921688079834,False,True
2371,b9a325fb3b35a4aecfa6f5e881227513a2dd229a1dfcbaf2f6a60990319613c7,mbpp,if,28,toward,0.5,-1.2753368616104126,-0.369086891412735,False,True
2371,b9a325fb3b35a4aecfa6f5e881227513a2dd229a1dfcbaf2f6a60990319613c7,mbpp,if,28,away,0.5,-1.2754262685775757,-0.36917629837989807,False,True
2371,b9a325fb3b35a4aecfa6f5e881227513a2dd229a1dfcbaf2f6a60990319613c7,mbpp,if,28,random,0.5,-1.2754271030426025,-0.3691771328449249,False,True
2371,b9a325fb3b35a4aecfa6f5e881227513a2dd229a1dfcbaf2f6a60990319613c7,mbpp,if,28,toward,1.0,-1.2754358053207397,-0.36918577551841736,False,True
2371,b9a325fb3b35a4aecfa6f5e881227513a2dd229a1dfcbaf2f6a60990319613c7,mbpp,if,28,away,1.0,-1.2752246856689453,-0.3689747154712677,False,True
2371,b9a325fb3b35a4aecfa6f5e881227513a2dd229a1dfcbaf2f6a60990319613c7,mbpp,if,28,random,1.0,-1.275704264640808,-0.3694542348384857,False,True
2371,b9a325fb3b35a4aecfa6f5e881227513a2dd229a1dfcbaf2f6a60990319613c7,mbpp,if,30,toward,0.5,-1.275164008140564,-0.3689139783382416,False,True
2371,b9a325fb3b35a4aecfa6f5e881227513a2dd229a1dfcbaf2f6a60990319613c7,mbpp,if,30,away,0.5,-1.275496006011963,-0.3692459464073181,False,True
2371,b9a325fb3b35a4aecfa6f5e881227513a2dd229a1dfcbaf2f6a60990319613c7,mbpp,if,30,random,0.5,-1.2755521535873413,-0.3693021535873413,False,True
2371,b9a325fb3b35a4aecfa6f5e881227513a2dd229a1dfcbaf2f6a60990319613c7,mbpp,if,30,toward,1.0,-1.275447964668274,-0.3691979944705963,False,True
2371,b9a325fb3b35a4aecfa6f5e881227513a2dd229a1dfcbaf2f6a60990319613c7,mbpp,if,30,away,1.0,-1.275765299797058,-0.3695152997970581,False,True
2371,b9a325fb3b35a4aecfa6f5e881227513a2dd229a1dfcbaf2f6a60990319613c7,mbpp,if,30,random,1.0,-1.2648589611053467,-0.3742339313030243,False,True
2371,b9a325fb3b35a4aecfa6f5e881227513a2dd229a1dfcbaf2f6a60990319613c7,mbpp,if,31,toward,0.5,-1.2753487825393677,-0.3690987527370453,False,True
2371,b9a325fb3b35a4aecfa6f5e881227513a2dd229a1dfcbaf2f6a60990319613c7,mbpp,if,31,away,0.5,-1.2753487825393677,-0.3690987527370453,False,True
2371,b9a325fb3b35a4aecfa6f5e881227513a2dd229a1dfcbaf2f6a60990319613c7,mbpp,if,31,random,0.5,-1.2753487825393677,-0.3690987527370453,False,True
2371,b9a325fb3b35a4aecfa6f5e881227513a2dd229a1dfcbaf2f6a60990319613c7,mbpp,if,31,toward,1.0,-1.2753487825393677,-0.3690987527370453,False,True
2371,b9a325fb3b35a4aecfa6f5e881227513a2dd229a1dfcbaf2f6a60990319613c7,mbpp,if,31,away,1.0,-1.2753487825393677,-0.3690987527370453,False,True
2371,b9a325fb3b35a4aecfa6f5e881227513a2dd229a1dfcbaf2f6a60990319613c7,mbpp,if,31,random,1.0,-1.2753487825393677,-0.3690987527370453,False,True
2371,b9a325fb3b35a4aecfa6f5e881227513a2dd229a1dfcbaf2f6a60990319613c7,mbpp,body_first,0,toward,0.5,-1.2317101955413818,-0.38796013593673706,False,True
2371,b9a325fb3b35a4aecfa6f5e881227513a2dd229a1dfcbaf2f6a60990319613c7,mbpp,body_first,0,away,0.5,-1.264512538909912,-0.3738875389099121,False,True
2371,b9a325fb3b35a4aecfa6f5e881227513a2dd229a1dfcbaf2f6a60990319613c7,mbpp,body_first,0,random,0.5,-1.2642251253128052,-0.37360015511512756,False,True
2371,b9a325fb3b35a4aecfa6f5e881227513a2dd229a1dfcbaf2f6a60990319613c7,mbpp,body_first,0,toward,1.0,-1.1683775186538696,-0.41837748885154724,False,True
2371,b9a325fb3b35a4aecfa6f5e881227513a2dd229a1dfcbaf2f6a60990319613c7,mbpp,body_first,0,away,1.0,-1.1898438930511475,-0.4085938334465027,False,True
2371,b9a325fb3b35a4aecfa6f5e881227513a2dd229a1dfcbaf2f6a60990319613c7,mbpp,body_first,0,random,1.0,-1.2206370830535889,-0.3925120532512665,False,True
2371,b9a325fb3b35a4aecfa6f5e881227513a2dd229a1dfcbaf2f6a60990319613c7,mbpp,body_first,2,toward,0.5,-1.2423990964889526,-0.383024126291275,False,True
2371,b9a325fb3b35a4aecfa6f5e881227513a2dd229a1dfcbaf2f6a60990319613c7,mbpp,body_first,2,away,0.5,-1.2645606994628906,-0.3739357590675354,False,True
2371,b9a325fb3b35a4aecfa6f5e881227513a2dd229a1dfcbaf2f6a60990319613c7,mbpp,body_first,2,random,0.5,-1.2431308031082153,-0.38375577330589294,False,True
2371,b9a325fb3b35a4aecfa6f5e881227513a2dd229a1dfcbaf2f6a60990319613c7,mbpp,body_first,2,toward,1.0,-1.2214665412902832,-0.3933415114879608,False,True
2371,b9a325fb3b35a4aecfa6f5e881227513a2dd229a1dfcbaf2f6a60990319613c7,mbpp,body_first,2,away,1.0,-1.2321709394454956,-0.3884209394454956,False,True
2371,b9a325fb3b35a4aecfa6f5e881227513a2dd229a1dfcbaf2f6a60990319613c7,mbpp,body_first,2,random,1.0,-1.2111467123031616,-0.39864668250083923,False,True
2371,b9a325fb3b35a4aecfa6f5e881227513a2dd229a1dfcbaf2f6a60990319613c7,mbpp,body_first,4,toward,0.5,-1.2751128673553467,-0.36886292695999146,False,True
2371,b9a325fb3b35a4aecfa6f5e881227513a2dd229a1dfcbaf2f6a60990319613c7,mbpp,body_first,4,away,0.5,-1.2431128025054932,-0.38373780250549316,False,True
2371,b9a325fb3b35a4aecfa6f5e881227513a2dd229a1dfcbaf2f6a60990319613c7,mbpp,body_first,4,random,0.5,-1.2535912990570068,-0.3785913288593292,False,True
2371,b9a325fb3b35a4aecfa6f5e881227513a2dd229a1dfcbaf2f6a60990319613c7,mbpp,body_first,4,toward,1.0,-1.2751744985580444,-0.3689245283603668,False,True
2371,b9a325fb3b35a4aecfa6f5e881227513a2dd229a1dfcbaf2f6a60990319613c7,mbpp,body_first,4,away,1.0,-1.1885926723480225,-0.40734273195266724,False,True
2371,b9a325fb3b35a4aecfa6f5e881227513a2dd229a1dfcbaf2f6a60990319613c7,mbpp,body_first,4,random,1.0,-1.2207362651824951,-0.39261123538017273,False,True
2371,b9a325fb3b35a4aecfa6f5e881227513a2dd229a1dfcbaf2f6a60990319613c7,mbpp,body_first,6,toward,0.5,-1.2974532842636108,-0.35995328426361084,False,True
2371,b9a325fb3b35a4aecfa6f5e881227513a2dd229a1dfcbaf2f6a60990319613c7,mbpp,body_first,6,away,0.5,-1.2643224000930786,-0.3736973702907562,False,True
2371,b9a325fb3b35a4aecfa6f5e881227513a2dd229a1dfcbaf2f6a60990319613c7,mbpp,body_first,6,random,0.5,-1.275128722190857,-0.36887869238853455,False,True
2371,b9a325fb3b35a4aecfa6f5e881227513a2dd229a1dfcbaf2f6a60990319613c7,mbpp,body_first,6,toward,1.0,-1.296488642692566,-0.35898861289024353,False,True
2371,b9a325fb3b35a4aecfa6f5e881227513a2dd229a1dfcbaf2f6a60990319613c7,mbpp,body_first,6,away,1.0,-1.2318260669708252,-0.3880760073661804,False,True
2371,b9a325fb3b35a4aecfa6f5e881227513a2dd229a1dfcbaf2f6a60990319613c7,mbpp,body_first,6,random,1.0,-1.2745099067687988,-0.36825990676879883,False,True
2371,b9a325fb3b35a4aecfa6f5e881227513a2dd229a1dfcbaf2f6a60990319613c7,mbpp,body_first,8,toward,0.5,-1.3314485549926758,-0.3470735549926758,False,True
2371,b9a325fb3b35a4aecfa6f5e881227513a2dd229a1dfcbaf2f6a60990319613c7,mbpp,body_first,8,away,0.5,-1.2642945051193237,-0.37366947531700134,False,True
2371,b9a325fb3b35a4aecfa6f5e881227513a2dd229a1dfcbaf2f6a60990319613c7,mbpp,body_first,8,random,0.5,-1.3084430694580078,-0.3553181290626526,False,True
2371,b9a325fb3b35a4aecfa6f5e881227513a2dd229a1dfcbaf2f6a60990319613c7,mbpp,body_first,8,toward,1.0,-1.4002808332443237,-0.32215580344200134,False,True
2371,b9a325fb3b35a4aecfa6f5e881227513a2dd229a1dfcbaf2f6a60990319613c7,mbpp,body_first,8,away,1.0,-1.2749950885772705,-0.3687450587749481,False,True
2371,b9a325fb3b35a4aecfa6f5e881227513a2dd229a1dfcbaf2f6a60990319613c7,mbpp,body_first,8,random,1.0,-1.3650803565979004,-0.3338303864002228,False,True
2371,b9a325fb3b35a4aecfa6f5e881227513a2dd229a1dfcbaf2f6a60990319613c7,mbpp,body_first,10,toward,0.5,-1.3090054988861084,-0.3558804988861084,False,True
2371,b9a325fb3b35a4aecfa6f5e881227513a2dd229a1dfcbaf2f6a60990319613c7,mbpp,body_first,10,away,0.5,-1.2748180627822876,-0.3685680329799652,False,True
2371,b9a325fb3b35a4aecfa6f5e881227513a2dd229a1dfcbaf2f6a60990319613c7,mbpp,body_first,10,random,0.5,-1.2966569662094116,-0.359156996011734,False,True
2371,b9a325fb3b35a4aecfa6f5e881227513a2dd229a1dfcbaf2f6a60990319613c7,mbpp,body_first,10,toward,1.0,-1.3545585870742798,-0.3389335870742798,False,True
2371,b9a325fb3b35a4aecfa6f5e881227513a2dd229a1dfcbaf2f6a60990319613c7,mbpp,body_first,10,away,1.0,-1.274174690246582,-0.3679247200489044,False,True
2371,b9a325fb3b35a4aecfa6f5e881227513a2dd229a1dfcbaf2f6a60990319613c7,mbpp,body_first,10,random,1.0,-1.3414992094039917,-0.3414992094039917,False,True
2371,b9a325fb3b35a4aecfa6f5e881227513a2dd229a1dfcbaf2f6a60990319613c7,mbpp,body_first,12,toward,0.5,-1.287214994430542,-0.3653399646282196,False,True
2371,b9a325fb3b35a4aecfa6f5e881227513a2dd229a1dfcbaf2f6a60990319613c7,mbpp,body_first,12,away,0.5,-1.286131501197815,-0.36425647139549255,False,True
2371,b9a325fb3b35a4aecfa6f5e881227513a2dd229a1dfcbaf2f6a60990319613c7,mbpp,body_first,12,random,0.5,-1.275161862373352,-0.36891189217567444,False,True
2371,b9a325fb3b35a4aecfa6f5e881227513a2dd229a1dfcbaf2f6a60990319613c7,mbpp,body_first,12,toward,1.0,-1.2993909120559692,-0.3618909418582916,False,True
2371,b9a325fb3b35a4aecfa6f5e881227513a2dd229a1dfcbaf2f6a60990319613c7,mbpp,body_first,12,away,1.0,-1.2852790355682373,-0.3634040951728821,False,True
2371,b9a325fb3b35a4aecfa6f5e881227513a2dd229a1dfcbaf2f6a60990319613c7,mbpp,body_first,12,random,1.0,-1.2750316858291626,-0.3687816560268402,False,True
2371,b9a325fb3b35a4aecfa6f5e881227513a2dd229a1dfcbaf2f6a60990319613c7,mbpp,body_first,14,toward,0.5,-1.3089110851287842,-0.3557860255241394,False,True
2371,b9a325fb3b35a4aecfa6f5e881227513a2dd229a1dfcbaf2f6a60990319613c7,mbpp,body_first,14,away,0.5,-1.2313950061798096,-0.38764506578445435,False,True
2371,b9a325fb3b35a4aecfa6f5e881227513a2dd229a1dfcbaf2f6a60990319613c7,mbpp,body_first,14,random,0.5,-1.2861278057098389,-0.36425283551216125,False,True
2371,b9a325fb3b35a4aecfa6f5e881227513a2dd229a1dfcbaf2f6a60990319613c7,mbpp,body_first,14,toward,1.0,-1.3200939893722534,-0.3513439893722534,False,True
2371,b9a325fb3b35a4aecfa6f5e881227513a2dd229a1dfcbaf2f6a60990319613c7,mbpp,body_first,14,away,1.0,-1.1991612911224365,-0.4022863209247589,False,True
2371,b9a325fb3b35a4aecfa6f5e881227513a2dd229a1dfcbaf2f6a60990319613c7,mbpp,body_first,14,random,1.0,-1.2752000093460083,-0.3689499795436859,False,True
2371,b9a325fb3b35a4aecfa6f5e881227513a2dd229a1dfcbaf2f6a60990319613c7,mbpp,body_first,16,toward,0.5,-1.2974227666854858,-0.35992276668548584,False,True
2371,b9a325fb3b35a4aecfa6f5e881227513a2dd229a1dfcbaf2f6a60990319613c7,mbpp,body_first,16,away,0.5,-1.2427408695220947,-0.3833659291267395,False,True
2371,b9a325fb3b35a4aecfa6f5e881227513a2dd229a1dfcbaf2f6a60990319613c7,mbpp,body_first,16,random,0.5,-1.2757444381713867,-0.3694944381713867,False,True
2371,b9a325fb3b35a4aecfa6f5e881227513a2dd229a1dfcbaf2f6a60990319613c7,mbpp,body_first,16,toward,1.0,-1.2862548828125,-0.3643798530101776,False,True
2371,b9a325fb3b35a4aecfa6f5e881227513a2dd229a1dfcbaf2f6a60990319613c7,mbpp,body_first,16,away,1.0,-1.2426947355270386,-0.38331976532936096,False,True
2371,b9a325fb3b35a4aecfa6f5e881227513a2dd229a1dfcbaf2f6a60990319613c7,mbpp,body_first,16,random,1.0,-1.2647862434387207,-0.3741612136363983,False,True
2371,b9a325fb3b35a4aecfa6f5e881227513a2dd229a1dfcbaf2f6a60990319613c7,mbpp,body_first,18,toward,0.5,-1.2643245458602905,-0.37369951605796814,False,True
2371,b9a325fb3b35a4aecfa6f5e881227513a2dd229a1dfcbaf2f6a60990319613c7,mbpp,body_first,18,away,0.5,-1.2752288579940796,-0.3689788281917572,False,True
2371,b9a325fb3b35a4aecfa6f5e881227513a2dd229a1dfcbaf2f6a60990319613c7,mbpp,body_first,18,random,0.5,-1.2755556106567383,-0.3693056106567383,False,True
2371,b9a325fb3b35a4aecfa6f5e881227513a2dd229a1dfcbaf2f6a60990319613c7,mbpp,body_first,18,toward,1.0,-1.2644307613372803,-0.37380582094192505,False,True
2371,b9a325fb3b35a4aecfa6f5e881227513a2dd229a1dfcbaf2f6a60990319613c7,mbpp,body_first,18,away,1.0,-1.2862502336502075,-0.3643752336502075,False,True
2371,b9a325fb3b35a4aecfa6f5e881227513a2dd229a1dfcbaf2f6a60990319613c7,mbpp,body_first,18,random,1.0,-1.275390386581421,-0.3691404461860657,False,True
2371,b9a325fb3b35a4aecfa6f5e881227513a2dd229a1dfcbaf2f6a60990319613c7,mbpp,body_first,20,toward,0.5,-1.275256633758545,-0.36900660395622253,False,True
2371,b9a325fb3b35a4aecfa6f5e881227513a2dd229a1dfcbaf2f6a60990319613c7,mbpp,body_first,20,away,0.5,-1.2863792181015015,-0.36450421810150146,False,True
2371,b9a325fb3b35a4aecfa6f5e881227513a2dd229a1dfcbaf2f6a60990319613c7,mbpp,body_first,20,random,0.5,-1.2753170728683472,-0.36906710267066956,False,True
2371,b9a325fb3b35a4aecfa6f5e881227513a2dd229a1dfcbaf2f6a60990319613c7,mbpp,body_first,20,toward,1.0,-1.2751429080963135,-0.3688928782939911,False,True
2371,b9a325fb3b35a4aecfa6f5e881227513a2dd229a1dfcbaf2f6a60990319613c7,mbpp,body_first,20,away,1.0,-1.2753221988677979,-0.36907222867012024,False,True
2371,b9a325fb3b35a4aecfa6f5e881227513a2dd229a1dfcbaf2f6a60990319613c7,mbpp,body_first,20,random,1.0,-1.2752900123596191,-0.3690400719642639,False,True
2371,b9a325fb3b35a4aecfa6f5e881227513a2dd229a1dfcbaf2f6a60990319613c7,mbpp,body_first,22,toward,0.5,-1.275451898574829,-0.3692019283771515,False,True
2371,b9a325fb3b35a4aecfa6f5e881227513a2dd229a1dfcbaf2f6a60990319613c7,mbpp,body_first,22,away,0.5,-1.2754802703857422,-0.3692302107810974,False,True
2371,b9a325fb3b35a4aecfa6f5e881227513a2dd229a1dfcbaf2f6a60990319613c7,mbpp,body_first,22,random,0.5,-1.2644363641738892,-0.3738113343715668,False,True
2371,b9a325fb3b35a4aecfa6f5e881227513a2dd229a1dfcbaf2f6a60990319613c7,mbpp,body_first,22,toward,1.0,-1.2754634618759155,-0.3692134916782379,False,True
2371,b9a325fb3b35a4aecfa6f5e881227513a2dd229a1dfcbaf2f6a60990319613c7,mbpp,body_first,22,away,1.0,-1.2756818532943726,-0.36943182349205017,False,True
2371,b9a325fb3b35a4aecfa6f5e881227513a2dd229a1dfcbaf2f6a60990319613c7,mbpp,body_first,22,random,1.0,-1.2645244598388672,-0.3738994300365448,False,True
2371,b9a325fb3b35a4aecfa6f5e881227513a2dd229a1dfcbaf2f6a60990319613c7,mbpp,body_first,24,toward,0.5,-1.2754604816436768,-0.36921051144599915,False,True
2371,b9a325fb3b35a4aecfa6f5e881227513a2dd229a1dfcbaf2f6a60990319613c7,mbpp,body_first,24,away,0.5,-1.2756274938583374,-0.3693775236606598,False,True
2371,b9a325fb3b35a4aecfa6f5e881227513a2dd229a1dfcbaf2f6a60990319613c7,mbpp,body_first,24,random,0.5,-1.2751317024230957,-0.3688817322254181,False,True
2371,b9a325fb3b35a4aecfa6f5e881227513a2dd229a1dfcbaf2f6a60990319613c7,mbpp,body_first,24,toward,1.0,-1.2754467725753784,-0.36919674277305603,False,True
2371,b9a325fb3b35a4aecfa6f5e881227513a2dd229a1dfcbaf2f6a60990319613c7,mbpp,body_first,24,away,1.0,-1.2754342555999756,-0.36918431520462036,False,True
2371,b9a325fb3b35a4aecfa6f5e881227513a2dd229a1dfcbaf2f6a60990319613c7,mbpp,body_first,24,random,1.0,-1.27545964717865,-0.3692096769809723,False,True
2371,b9a325fb3b35a4aecfa6f5e881227513a2dd229a1dfcbaf2f6a60990319613c7,mbpp,body_first,26,toward,0.5,-1.2752435207366943,-0.3689935803413391,False,True
2371,b9a325fb3b35a4aecfa6f5e881227513a2dd229a1dfcbaf2f6a60990319613c7,mbpp,body_first,26,away,0.5,-1.2752752304077148,-0.36902523040771484,False,True
2371,b9a325fb3b35a4aecfa6f5e881227513a2dd229a1dfcbaf2f6a60990319613c7,mbpp,body_first,26,random,0.5,-1.2751758098602295,-0.3689257502555847,False,True
2371,b9a325fb3b35a4aecfa6f5e881227513a2dd229a1dfcbaf2f6a60990319613c7,mbpp,body_first,26,toward,1.0,-1.2753138542175293,-0.3690638244152069,False,True
2371,b9a325fb3b35a4aecfa6f5e881227513a2dd229a1dfcbaf2f6a60990319613c7,mbpp,body_first,26,away,1.0,-1.2753031253814697,-0.36905309557914734,False,True
2371,b9a325fb3b35a4aecfa6f5e881227513a2dd229a1dfcbaf2f6a60990319613c7,mbpp,body_first,26,random,1.0,-1.2754966020584106,-0.36924660205841064,False,True
2371,b9a325fb3b35a4aecfa6f5e881227513a2dd229a1dfcbaf2f6a60990319613c7,mbpp,body_first,28,toward,0.5,-1.2753591537475586,-0.3691091537475586,False,True
2371,b9a325fb3b35a4aecfa6f5e881227513a2dd229a1dfcbaf2f6a60990319613c7,mbpp,body_first,28,away,0.5,-1.2750897407531738,-0.36883968114852905,False,True
2371,b9a325fb3b35a4aecfa6f5e881227513a2dd229a1dfcbaf2f6a60990319613c7,mbpp,body_first,28,random,0.5,-1.2752835750579834,-0.3690336346626282,False,True
2371,b9a325fb3b35a4aecfa6f5e881227513a2dd229a1dfcbaf2f6a60990319613c7,mbpp,body_first,28,toward,1.0,-1.2757073640823364,-0.3694573640823364,False,True
2371,b9a325fb3b35a4aecfa6f5e881227513a2dd229a1dfcbaf2f6a60990319613c7,mbpp,body_first,28,away,1.0,-1.2752559185028076,-0.36900585889816284,False,True
2371,b9a325fb3b35a4aecfa6f5e881227513a2dd229a1dfcbaf2f6a60990319613c7,mbpp,body_first,28,random,1.0,-1.2754971981048584,-0.3692472577095032,False,True
2371,b9a325fb3b35a4aecfa6f5e881227513a2dd229a1dfcbaf2f6a60990319613c7,mbpp,body_first,30,toward,0.5,-1.275572419166565,-0.36932241916656494,False,True
2371,b9a325fb3b35a4aecfa6f5e881227513a2dd229a1dfcbaf2f6a60990319613c7,mbpp,body_first,30,away,0.5,-1.2863737344741821,-0.3644987642765045,False,True
2371,b9a325fb3b35a4aecfa6f5e881227513a2dd229a1dfcbaf2f6a60990319613c7,mbpp,body_first,30,random,0.5,-1.275597095489502,-0.36934712529182434,False,True
2371,b9a325fb3b35a4aecfa6f5e881227513a2dd229a1dfcbaf2f6a60990319613c7,mbpp,body_first,30,toward,1.0,-1.275463581085205,-0.3692135512828827,False,True
2371,b9a325fb3b35a4aecfa6f5e881227513a2dd229a1dfcbaf2f6a60990319613c7,mbpp,body_first,30,away,1.0,-1.2864000797271729,-0.3645250201225281,False,True
2371,b9a325fb3b35a4aecfa6f5e881227513a2dd229a1dfcbaf2f6a60990319613c7,mbpp,body_first,30,random,1.0,-1.2755190134048462,-0.3692690134048462,False,True
2371,b9a325fb3b35a4aecfa6f5e881227513a2dd229a1dfcbaf2f6a60990319613c7,mbpp,body_first,31,toward,0.5,-1.2753487825393677,-0.3690987527370453,False,True
2371,b9a325fb3b35a4aecfa6f5e881227513a2dd229a1dfcbaf2f6a60990319613c7,mbpp,body_first,31,away,0.5,-1.2753487825393677,-0.3690987527370453,False,True
2371,b9a325fb3b35a4aecfa6f5e881227513a2dd229a1dfcbaf2f6a60990319613c7,mbpp,body_first,31,random,0.5,-1.2753487825393677,-0.3690987527370453,False,True
2371,b9a325fb3b35a4aecfa6f5e881227513a2dd229a1dfcbaf2f6a60990319613c7,mbpp,body_first,31,toward,1.0,-1.2753487825393677,-0.3690987527370453,False,True
2371,b9a325fb3b35a4aecfa6f5e881227513a2dd229a1dfcbaf2f6a60990319613c7,mbpp,body_first,31,away,1.0,-1.2753487825393677,-0.3690987527370453,False,True
2371,b9a325fb3b35a4aecfa6f5e881227513a2dd229a1dfcbaf2f6a60990319613c7,mbpp,body_first,31,random,1.0,-1.2753487825393677,-0.3690987527370453,False,True
2371,b9a325fb3b35a4aecfa6f5e881227513a2dd229a1dfcbaf2f6a60990319613c7,mbpp,answer,0,toward,0.5,-1.2612700462341309,-0.37064501643180847,False,True
2371,b9a325fb3b35a4aecfa6f5e881227513a2dd229a1dfcbaf2f6a60990319613c7,mbpp,answer,0,away,0.5,-1.2447118759155273,-0.38533687591552734,False,True
2371,b9a325fb3b35a4aecfa6f5e881227513a2dd229a1dfcbaf2f6a60990319613c7,mbpp,answer,0,random,0.5,-1.285099983215332,-0.3632250428199768,False,True
2371,b9a325fb3b35a4aecfa6f5e881227513a2dd229a1dfcbaf2f6a60990319613c7,mbpp,answer,0,toward,1.0,-1.2918063402175903,-0.3543063700199127,False,True
2371,b9a325fb3b35a4aecfa6f5e881227513a2dd229a1dfcbaf2f6a60990319613c7,mbpp,answer,0,away,1.0,-1.1586612462997437,-0.42428621649742126,False,True
2371,b9a325fb3b35a4aecfa6f5e881227513a2dd229a1dfcbaf2f6a60990319613c7,mbpp,answer,0,random,1.0,-1.2736049890518188,-0.36735495924949646,False,True
2371,b9a325fb3b35a4aecfa6f5e881227513a2dd229a1dfcbaf2f6a60990319613c7,mbpp,answer,2,toward,0.5,-1.254416823387146,-0.3794168531894684,False,True
2371,b9a325fb3b35a4aecfa6f5e881227513a2dd229a1dfcbaf2f6a60990319613c7,mbpp,answer,2,away,0.5,-1.3088374137878418,-0.355712354183197,False,True
2371,b9a325fb3b35a4aecfa6f5e881227513a2dd229a1dfcbaf2f6a60990319613c7,mbpp,answer,2,random,0.5,-1.2436559200286865,-0.3842809498310089,False,True
2371,b9a325fb3b35a4aecfa6f5e881227513a2dd229a1dfcbaf2f6a60990319613c7,mbpp,answer,2,toward,1.0,-1.1261796951293945,-0.4386797249317169,False,True
2371,b9a325fb3b35a4aecfa6f5e881227513a2dd229a1dfcbaf2f6a60990319613c7,mbpp,answer,2,away,1.0,-1.3303879499435425,-0.3460129499435425,False,True
2371,b9a325fb3b35a4aecfa6f5e881227513a2dd229a1dfcbaf2f6a60990319613c7,mbpp,answer,2,random,1.0,-1.0742394924163818,-0.46486446261405945,False,True
2371,b9a325fb3b35a4aecfa6f5e881227513a2dd229a1dfcbaf2f6a60990319613c7,mbpp,answer,4,toward,0.5,-1.19744873046875,-0.4005737006664276,False,True
2371,b9a325fb3b35a4aecfa6f5e881227513a2dd229a1dfcbaf2f6a60990319613c7,mbpp,answer,4,away,0.5,-1.3996984958648682,-0.3215734362602234,False,True
2371,b9a325fb3b35a4aecfa6f5e881227513a2dd229a1dfcbaf2f6a60990319613c7,mbpp,answer,4,random,0.5,-1.2308002710342407,-0.3870502710342407,False,True
2371,b9a325fb3b35a4aecfa6f5e881227513a2dd229a1dfcbaf2f6a60990319613c7,mbpp,answer,4,toward,1.0,-1.1623120307922363,-0.41231197118759155,False,True
2371,b9a325fb3b35a4aecfa6f5e881227513a2dd229a1dfcbaf2f6a60990319613c7,mbpp,answer,4,away,1.0,-1.431319236755371,-0.3063192069530487,False,True
2371,b9a325fb3b35a4aecfa6f5e881227513a2dd229a1dfcbaf2f6a60990319613c7,mbpp,answer,4,random,1.0,-1.187052845954895,-0.40580281615257263,False,True
2371,b9a325fb3b35a4aecfa6f5e881227513a2dd229a1dfcbaf2f6a60990319613c7,mbpp,answer,6,toward,0.5,-1.315739631652832,-0.34698963165283203,False,True
2371,b9a325fb3b35a4aecfa6f5e881227513a2dd229a1dfcbaf2f6a60990319613c7,mbpp,answer,6,away,0.5,-1.1357147693634033,-0.43258973956108093,False,True
2371,b9a325fb3b35a4aecfa6f5e881227513a2dd229a1dfcbaf2f6a60990319613c7,mbpp,answer,6,random,0.5,-1.2751128673553467,-0.3688628673553467,False,True
2371,b9a325fb3b35a4aecfa6f5e881227513a2dd229a1dfcbaf2f6a60990319613c7,mbpp,answer,6,toward,1.0,-1.4748896360397339,-0.2873896062374115,False,True
2371,b9a325fb3b35a4aecfa6f5e881227513a2dd229a1dfcbaf2f6a60990319613c7,mbpp,answer,6,away,1.0,-1.0023481845855713,-0.5023481249809265,False,True
2371,b9a325fb3b35a4aecfa6f5e881227513a2dd229a1dfcbaf2f6a60990319613c7,mbpp,answer,6,random,1.0,-1.4937258958816528,-0.29060089588165283,False,True
2371,b9a325fb3b35a4aecfa6f5e881227513a2dd229a1dfcbaf2f6a60990319613c7,mbpp,answer,8,toward,0.5,-1.403683066368103,-0.3255580961704254,False,True
2371,b9a325fb3b35a4aecfa6f5e881227513a2dd229a1dfcbaf2f6a60990319613c7,mbpp,answer,8,away,0.5,-1.217599868774414,-0.3894748389720917,False,True
2371,b9a325fb3b35a4aecfa6f5e881227513a2dd229a1dfcbaf2f6a60990319613c7,mbpp,answer,8,random,0.5,-1.373167634010315,-0.32629263401031494,False,True
2371,b9a325fb3b35a4aecfa6f5e881227513a2dd229a1dfcbaf2f6a60990319613c7,mbpp,answer,8,toward,1.0,-1.6208852529525757,-0.2771352231502533,False,True
2371,b9a325fb3b35a4aecfa6f5e881227513a2dd229a1dfcbaf2f6a60990319613c7,mbpp,answer,8,away,1.0,-1.2233384847640991,-0.37958845496177673,False,True
2371,b9a325fb3b35a4aecfa6f5e881227513a2dd229a1dfcbaf2f6a60990319613c7,mbpp,answer,8,random,1.0,-1.428653597831726,-0.3036535680294037,False,True
2371,b9a325fb3b35a4aecfa6f5e881227513a2dd229a1dfcbaf2f6a60990319613c7,mbpp,answer,10,toward,0.5,-1.3653686046600342,-0.3341185748577118,False,True
2371,b9a325fb3b35a4aecfa6f5e881227513a2dd229a1dfcbaf2f6a60990319613c7,mbpp,answer,10,away,0.5,-1.2550793886184692,-0.38007938861846924,False,True
2371,b9a325fb3b35a4aecfa6f5e881227513a2dd229a1dfcbaf2f6a60990319613c7,mbpp,answer,10,random,0.5,-1.239313006401062,-0.3799380362033844,False,True
2371,b9a325fb3b35a4aecfa6f5e881227513a2dd229a1dfcbaf2f6a60990319613c7,mbpp,answer,10,toward,1.0,-1.5926002264022827,-0.2801002264022827,False,True
2371,b9a325fb3b35a4aecfa6f5e881227513a2dd229a1dfcbaf2f6a60990319613c7,mbpp,answer,10,away,1.0,-1.3822472095489502,-0.3353721499443054,False,True
2371,b9a325fb3b35a4aecfa6f5e881227513a2dd229a1dfcbaf2f6a60990319613c7,mbpp,answer,10,random,1.0,-1.5861033201217651,-0.2736033499240875,False,True
2371,b9a325fb3b35a4aecfa6f5e881227513a2dd229a1dfcbaf2f6a60990319613c7,mbpp,answer,12,toward,0.5,-1.4175455570220947,-0.32379552721977234,False,True
2371,b9a325fb3b35a4aecfa6f5e881227513a2dd229a1dfcbaf2f6a60990319613c7,mbpp,answer,12,away,0.5,-1.1349157094955444,-0.4317907392978668,False,True
2371,b9a325fb3b35a4aecfa6f5e881227513a2dd229a1dfcbaf2f6a60990319613c7,mbpp,answer,12,random,0.5,-1.3937112092971802,-0.33121123909950256,False,True
2371,b9a325fb3b35a4aecfa6f5e881227513a2dd229a1dfcbaf2f6a60990319613c7,mbpp,answer,12,toward,1.0,-1.8273530006408691,-0.23360301554203033,False,True
2371,b9a325fb3b35a4aecfa6f5e881227513a2dd229a1dfcbaf2f6a60990319613c7,mbpp,answer,12,away,1.0,-0.8798667192459106,-0.5829917192459106,False,True
2371,b9a325fb3b35a4aecfa6f5e881227513a2dd229a1dfcbaf2f6a60990319613c7,mbpp,answer,12,random,1.0,-1.5579197406768799,-0.29229477047920227,False,True
2371,b9a325fb3b35a4aecfa6f5e881227513a2dd229a1dfcbaf2f6a60990319613c7,mbpp,answer,14,toward,0.5,-1.2340353727340698,-0.4059103727340698,False,True
2371,b9a325fb3b35a4aecfa6f5e881227513a2dd229a1dfcbaf2f6a60990319613c7,mbpp,answer,14,away,0.5,-1.266066074371338,-0.3598160445690155,False,True
2371,b9a325fb3b35a4aecfa6f5e881227513a2dd229a1dfcbaf2f6a60990319613c7,mbpp,answer,14,random,0.5,-1.4322283267974854,-0.3228533864021301,False,True
2371,b9a325fb3b35a4aecfa6f5e881227513a2dd229a1dfcbaf2f6a60990319613c7,mbpp,answer,14,toward,1.0,-1.0470688343048096,-0.5158188343048096,False,True
2371,b9a325fb3b35a4aecfa6f5e881227513a2dd229a1dfcbaf2f6a60990319613c7,mbpp,answer,14,away,1.0,-1.37596595287323,-0.31346598267555237,False,True
2371,b9a325fb3b35a4aecfa6f5e881227513a2dd229a1dfcbaf2f6a60990319613c7,mbpp,answer,14,random,1.0,-1.7870694398880005,-0.24019448459148407,False,True
2371,b9a325fb3b35a4aecfa6f5e881227513a2dd229a1dfcbaf2f6a60990319613c7,mbpp,answer,16,toward,0.5,-0.7417334914207458,-0.7261084914207458,False,True
2371,b9a325fb3b35a4aecfa6f5e881227513a2dd229a1dfcbaf2f6a60990319613c7,mbpp,answer,16,away,0.5,-1.9833526611328125,-0.17085272073745728,False,True
2371,b9a325fb3b35a4aecfa6f5e881227513a2dd229a1dfcbaf2f6a60990319613c7,mbpp,answer,16,random,0.5,-1.3203611373901367,-0.3516111373901367,False,True
2371,b9a325fb3b35a4aecfa6f5e881227513a2dd229a1dfcbaf2f6a60990319613c7,mbpp,answer,16,toward,1.0,-0.45553892850875854,-1.1586639881134033,True,False
2371,b9a325fb3b35a4aecfa6f5e881227513a2dd229a1dfcbaf2f6a60990319613c7,mbpp,answer,16,away,1.0,-2.814483642578125,-0.08010876178741455,False,True
2371,b9a325fb3b35a4aecfa6f5e881227513a2dd229a1dfcbaf2f6a60990319613c7,mbpp,answer,16,random,1.0,-1.3059018850326538,-0.3527768552303314,False,True
2371,b9a325fb3b35a4aecfa6f5e881227513a2dd229a1dfcbaf2f6a60990319613c7,mbpp,answer,18,toward,0.5,-0.8998417258262634,-0.6029667258262634,False,True
2371,b9a325fb3b35a4aecfa6f5e881227513a2dd229a1dfcbaf2f6a60990319613c7,mbpp,answer,18,away,0.5,-2.092902183532715,-0.15540216863155365,False,True
2371,b9a325fb3b35a4aecfa6f5e881227513a2dd229a1dfcbaf2f6a60990319613c7,mbpp,answer,18,random,0.5,-1.3745830059051514,-0.327707976102829,False,True
2371,b9a325fb3b35a4aecfa6f5e881227513a2dd229a1dfcbaf2f6a60990319613c7,mbpp,answer,18,toward,1.0,-0.8458466529846191,-0.7052216529846191,False,True
2371,b9a325fb3b35a4aecfa6f5e881227513a2dd229a1dfcbaf2f6a60990319613c7,mbpp,answer,18,away,1.0,-2.9652788639068604,-0.07465381920337677,False,True
2371,b9a325fb3b35a4aecfa6f5e881227513a2dd229a1dfcbaf2f6a60990319613c7,mbpp,answer,18,random,1.0,-1.4910459518432617,-0.2879209816455841,False,True
2371,b9a325fb3b35a4aecfa6f5e881227513a2dd229a1dfcbaf2f6a60990319613c7,mbpp,answer,20,toward,0.5,-0.8902227878570557,-0.6089727878570557,False,True
2371,b9a325fb3b35a4aecfa6f5e881227513a2dd229a1dfcbaf2f6a60990319613c7,mbpp,answer,20,away,0.5,-1.9067163467407227,-0.18796639144420624,False,True
2371,b9a325fb3b35a4aecfa6f5e881227513a2dd229a1dfcbaf2f6a60990319613c7,mbpp,answer,20,random,0.5,-1.3294227123260498,-0.36067265272140503,False,True
2371,b9a325fb3b35a4aecfa6f5e881227513a2dd229a1dfcbaf2f6a60990319613c7,mbpp,answer,20,toward,1.0,-0.7989751100540161,-0.7364751100540161,False,True
2371,b9a325fb3b35a4aecfa6f5e881227513a2dd229a1dfcbaf2f6a60990319613c7,mbpp,answer,20,away,1.0,-2.3937878608703613,-0.12816281616687775,False,True
2371,b9a325fb3b35a4aecfa6f5e881227513a2dd229a1dfcbaf2f6a60990319613c7,mbpp,answer,20,random,1.0,-1.3049845695495605,-0.39873450994491577,False,True
2371,b9a325fb3b35a4aecfa6f5e881227513a2dd229a1dfcbaf2f6a60990319613c7,mbpp,answer,22,toward,0.5,-0.9778709411621094,-0.5403709411621094,False,True
2371,b9a325fb3b35a4aecfa6f5e881227513a2dd229a1dfcbaf2f6a60990319613c7,mbpp,answer,22,away,0.5,-1.7505548000335693,-0.21930481493473053,False,True
2371,b9a325fb3b35a4aecfa6f5e881227513a2dd229a1dfcbaf2f6a60990319613c7,mbpp,answer,22,random,0.5,-1.3081227540969849,-0.35499778389930725,False,True
2371,b9a325fb3b35a4aecfa6f5e881227513a2dd229a1dfcbaf2f6a60990319613c7,mbpp,answer,22,toward,1.0,-0.8540298342704773,-0.6665298342704773,False,True
2371,b9a325fb3b35a4aecfa6f5e881227513a2dd229a1dfcbaf2f6a60990319613c7,mbpp,answer,22,away,1.0,-2.230114698410034,-0.1519896686077118,False,True
2371,b9a325fb3b35a4aecfa6f5e881227513a2dd229a1dfcbaf2f6a60990319613c7,mbpp,answer,22,random,1.0,-1.3725098371505737,-0.34125983715057373,False,True
2371,b9a325fb3b35a4aecfa6f5e881227513a2dd229a1dfcbaf2f6a60990319613c7,mbpp,answer,24,toward,0.5,-0.9955955743789673,-0.5424705743789673,False,True
2371,b9a325fb3b35a4aecfa6f5e881227513a2dd229a1dfcbaf2f6a60990319613c7,mbpp,answer,24,away,0.5,-1.8024872541427612,-0.20873726904392242,False,True
2371,b9a325fb3b35a4aecfa6f5e881227513a2dd229a1dfcbaf2f6a60990319613c7,mbpp,answer,24,random,0.5,-1.4191267490386963,-0.32537680864334106,False,True
2371,b9a325fb3b35a4aecfa6f5e881227513a2dd229a1dfcbaf2f6a60990319613c7,mbpp,answer,24,toward,1.0,-0.9258466958999634,-0.6602216958999634,False,True
2371,b9a325fb3b35a4aecfa6f5e881227513a2dd229a1dfcbaf2f6a60990319613c7,mbpp,answer,24,away,1.0,-2.3820900917053223,-0.14771516621112823,False,True
2371,b9a325fb3b35a4aecfa6f5e881227513a2dd229a1dfcbaf2f6a60990319613c7,mbpp,answer,24,random,1.0,-1.6145310401916504,-0.2864060699939728,False,True
2371,b9a325fb3b35a4aecfa6f5e881227513a2dd229a1dfcbaf2f6a60990319613c7,mbpp,answer,26,toward,0.5,-0.982005774974823,-0.560130774974823,False,True
2371,b9a325fb3b35a4aecfa6f5e881227513a2dd229a1dfcbaf2f6a60990319613c7,mbpp,answer,26,away,0.5,-1.8799784183502197,-0.19247843325138092,False,True
2371,b9a325fb3b35a4aecfa6f5e881227513a2dd229a1dfcbaf2f6a60990319613c7,mbpp,answer,26,random,0.5,-1.1904829740524292,-0.4092329740524292,False,True
2371,b9a325fb3b35a4aecfa6f5e881227513a2dd229a1dfcbaf2f6a60990319613c7,mbpp,answer,26,toward,1.0,-0.9116929769515991,-0.7241929769515991,False,True
2371,b9a325fb3b35a4aecfa6f5e881227513a2dd229a1dfcbaf2f6a60990319613c7,mbpp,answer,26,away,1.0,-2.534956932067871,-0.11308204382658005,False,True
2371,b9a325fb3b35a4aecfa6f5e881227513a2dd229a1dfcbaf2f6a60990319613c7,mbpp,answer,26,random,1.0,-1.1606864929199219,-0.4263114631175995,False,True
2371,b9a325fb3b35a4aecfa6f5e881227513a2dd229a1dfcbaf2f6a60990319613c7,mbpp,answer,28,toward,0.5,-0.9663592576980591,-0.5601092576980591,False,True
2371,b9a325fb3b35a4aecfa6f5e881227513a2dd229a1dfcbaf2f6a60990319613c7,mbpp,answer,28,away,0.5,-2.0523738861083984,-0.16174888610839844,False,True
2371,b9a325fb3b35a4aecfa6f5e881227513a2dd229a1dfcbaf2f6a60990319613c7,mbpp,answer,28,random,0.5,-1.2118037939071655,-0.3993037939071655,False,True
2371,b9a325fb3b35a4aecfa6f5e881227513a2dd229a1dfcbaf2f6a60990319613c7,mbpp,answer,28,toward,1.0,-0.9056055545806885,-0.6868555545806885,False,True
2371,b9a325fb3b35a4aecfa6f5e881227513a2dd229a1dfcbaf2f6a60990319613c7,mbpp,answer,28,away,1.0,-2.9814138412475586,-0.0751638188958168,False,True
2371,b9a325fb3b35a4aecfa6f5e881227513a2dd229a1dfcbaf2f6a60990319613c7,mbpp,answer,28,random,1.0,-1.1863477230072021,-0.40509772300720215,False,True
2371,b9a325fb3b35a4aecfa6f5e881227513a2dd229a1dfcbaf2f6a60990319613c7,mbpp,answer,30,toward,0.5,-1.0522339344024658,-0.5053589940071106,False,True
2371,b9a325fb3b35a4aecfa6f5e881227513a2dd229a1dfcbaf2f6a60990319613c7,mbpp,answer,30,away,0.5,-2.254566192626953,-0.12956613302230835,False,True
2371,b9a325fb3b35a4aecfa6f5e881227513a2dd229a1dfcbaf2f6a60990319613c7,mbpp,answer,30,random,0.5,-1.6321622133255005,-0.2415371835231781,False,True
2371,b9a325fb3b35a4aecfa6f5e881227513a2dd229a1dfcbaf2f6a60990319613c7,mbpp,answer,30,toward,1.0,-1.135605812072754,-0.5887307524681091,False,True
2371,b9a325fb3b35a4aecfa6f5e881227513a2dd229a1dfcbaf2f6a60990319613c7,mbpp,answer,30,away,1.0,-3.3849692344665527,-0.07246929407119751,False,True
2371,b9a325fb3b35a4aecfa6f5e881227513a2dd229a1dfcbaf2f6a60990319613c7,mbpp,answer,30,random,1.0,-2.4035725593566895,-0.1066974475979805,False,True
2371,b9a325fb3b35a4aecfa6f5e881227513a2dd229a1dfcbaf2f6a60990319613c7,mbpp,answer,31,toward,0.5,-0.8968815803527832,-0.8968815803527832,False,True
2371,b9a325fb3b35a4aecfa6f5e881227513a2dd229a1dfcbaf2f6a60990319613c7,mbpp,answer,31,away,0.5,-2.3876073360443115,-0.3094823658466339,False,True
2371,b9a325fb3b35a4aecfa6f5e881227513a2dd229a1dfcbaf2f6a60990319613c7,mbpp,answer,31,random,0.5,-0.5871638655662537,-0.8684138655662537,True,False
2371,b9a325fb3b35a4aecfa6f5e881227513a2dd229a1dfcbaf2f6a60990319613c7,mbpp,answer,31,toward,1.0,-2.088477611541748,-2.635352611541748,False,False
2371,b9a325fb3b35a4aecfa6f5e881227513a2dd229a1dfcbaf2f6a60990319613c7,mbpp,answer,31,away,1.0,-6.321885585784912,-3.642198324203491,False,False
2371,b9a325fb3b35a4aecfa6f5e881227513a2dd229a1dfcbaf2f6a60990319613c7,mbpp,answer,31,random,1.0,-0.3702658414840698,-1.4796408414840698,True,False
2372,b9a325fb3b35a4aecfa6f5e881227513a2dd229a1dfcbaf2f6a60990319613c7,mbpp,baseline,-1,none,0.0,-1.2753487825393677,-0.3690987527370453,False,True
2372,b9a325fb3b35a4aecfa6f5e881227513a2dd229a1dfcbaf2f6a60990319613c7,mbpp,if,0,toward,0.5,-1.28580904006958,-0.36393409967422485,False,True
2372,b9a325fb3b35a4aecfa6f5e881227513a2dd229a1dfcbaf2f6a60990319613c7,mbpp,if,0,away,0.5,-1.2643643617630005,-0.3737393915653229,False,True
2372,b9a325fb3b35a4aecfa6f5e881227513a2dd229a1dfcbaf2f6a60990319613c7,mbpp,if,0,random,0.5,-1.264176845550537,-0.3735518157482147,False,True
2372,b9a325fb3b35a4aecfa6f5e881227513a2dd229a1dfcbaf2f6a60990319613c7,mbpp,if,0,toward,1.0,-1.2551740407943726,-0.39579907059669495,False,True
2372,b9a325fb3b35a4aecfa6f5e881227513a2dd229a1dfcbaf2f6a60990319613c7,mbpp,if,0,away,1.0,-1.3752429485321045,-0.3596179783344269,False,True
2372,b9a325fb3b35a4aecfa6f5e881227513a2dd229a1dfcbaf2f6a60990319613c7,mbpp,if,0,random,1.0,-1.2993723154067993,-0.37749728560447693,False,True
2372,b9a325fb3b35a4aecfa6f5e881227513a2dd229a1dfcbaf2f6a60990319613c7,mbpp,if,2,toward,0.5,-1.2304884195327759,-0.3867383897304535,False,True
2372,b9a325fb3b35a4aecfa6f5e881227513a2dd229a1dfcbaf2f6a60990319613c7,mbpp,if,2,away,0.5,-1.1400094032287598,-0.4368843734264374,False,True
2372,b9a325fb3b35a4aecfa6f5e881227513a2dd229a1dfcbaf2f6a60990319613c7,mbpp,if,2,random,0.5,-1.2523261308670044,-0.3773261308670044,False,True
2372,b9a325fb3b35a4aecfa6f5e881227513a2dd229a1dfcbaf2f6a60990319613c7,mbpp,if,2,toward,1.0,-1.1809306144714355,-0.41530558466911316,False,True
2372,b9a325fb3b35a4aecfa6f5e881227513a2dd229a1dfcbaf2f6a60990319613c7,mbpp,if,2,away,1.0,-1.3150235414505005,-0.3775235116481781,False,True
2372,b9a325fb3b35a4aecfa6f5e881227513a2dd229a1dfcbaf2f6a60990319613c7,mbpp,if,2,random,1.0,-1.1220635175704956,-0.4345635175704956,False,True
2372,b9a325fb3b35a4aecfa6f5e881227513a2dd229a1dfcbaf2f6a60990319613c7,mbpp,if,4,toward,0.5,-1.2343045473098755,-0.3905545175075531,False,True
2372,b9a325fb3b35a4aecfa6f5e881227513a2dd229a1dfcbaf2f6a60990319613c7,mbpp,if,4,away,0.5,-1.157834768295288,-0.4234597086906433,False,True
2372,b9a325fb3b35a4aecfa6f5e881227513a2dd229a1dfcbaf2f6a60990319613c7,mbpp,if,4,random,0.5,-1.2866895198822021,-0.36481449007987976,False,True
2372,b9a325fb3b35a4aecfa6f5e881227513a2dd229a1dfcbaf2f6a60990319613c7,mbpp,if,4,toward,1.0,-1.0985063314437866,-0.4578813314437866,False,True
2372,b9a325fb3b35a4aecfa6f5e881227513a2dd229a1dfcbaf2f6a60990319613c7,mbpp,if,4,away,1.0,-1.4463753700256348,-0.32137539982795715,False,True
2372,b9a325fb3b35a4aecfa6f5e881227513a2dd229a1dfcbaf2f6a60990319613c7,mbpp,if,4,random,1.0,-1.2738616466522217,-0.36761170625686646,False,True
2372,b9a325fb3b35a4aecfa6f5e881227513a2dd229a1dfcbaf2f6a60990319613c7,mbpp,if,6,toward,0.5,-1.1546297073364258,-0.4202547073364258,False,True
2372,b9a325fb3b35a4aecfa6f5e881227513a2dd229a1dfcbaf2f6a60990319613c7,mbpp,if,6,away,0.5,-1.3211796283721924,-0.3524295687675476,False,True
2372,b9a325fb3b35a4aecfa6f5e881227513a2dd229a1dfcbaf2f6a60990319613c7,mbpp,if,6,random,0.5,-1.2757452726364136,-0.3694952726364136,False,True
2372,b9a325fb3b35a4aecfa6f5e881227513a2dd229a1dfcbaf2f6a60990319613c7,mbpp,if,6,toward,1.0,-1.0598797798156738,-0.46612975001335144,False,True
2372,b9a325fb3b35a4aecfa6f5e881227513a2dd229a1dfcbaf2f6a60990319613c7,mbpp,if,6,away,1.0,-1.2888126373291016,-0.3669376075267792,False,True
2372,b9a325fb3b35a4aecfa6f5e881227513a2dd229a1dfcbaf2f6a60990319613c7,mbpp,if,6,random,1.0,-1.2334085702896118,-0.38965854048728943,False,True
2372,b9a325fb3b35a4aecfa6f5e881227513a2dd229a1dfcbaf2f6a60990319613c7,mbpp,if,8,toward,0.5,-1.101166009902954,-0.4449160695075989,False,True
2372,b9a325fb3b35a4aecfa6f5e881227513a2dd229a1dfcbaf2f6a60990319613c7,mbpp,if,8,away,0.5,-1.3552578687667847,-0.33963289856910706,False,True
2372,b9a325fb3b35a4aecfa6f5e881227513a2dd229a1dfcbaf2f6a60990319613c7,mbpp,if,8,random,0.5,-1.2744314670562744,-0.3681814670562744,False,True
2372,b9a325fb3b35a4aecfa6f5e881227513a2dd229a1dfcbaf2f6a60990319613c7,mbpp,if,8,toward,1.0,-0.9536707997322083,-0.5317957997322083,False,True
2372,b9a325fb3b35a4aecfa6f5e881227513a2dd229a1dfcbaf2f6a60990319613c7,mbpp,if,8,away,1.0,-1.366887092590332,-0.3356371521949768,False,True
2372,b9a325fb3b35a4aecfa6f5e881227513a2dd229a1dfcbaf2f6a60990319613c7,mbpp,if,8,random,1.0,-1.1984686851501465,-0.4015936553478241,False,True
2372,b9a325fb3b35a4aecfa6f5e881227513a2dd229a1dfcbaf2f6a60990319613c7,mbpp,if,10,toward,0.5,-1.1259310245513916,-0.4384309947490692,False,True
2372,b9a325fb3b35a4aecfa6f5e881227513a2dd229a1dfcbaf2f6a60990319613c7,mbpp,if,10,away,0.5,-1.3550302982330322,-0.3394053280353546,False,True
2372,b9a325fb3b35a4aecfa6f5e881227513a2dd229a1dfcbaf2f6a60990319613c7,mbpp,if,10,random,0.5,-1.2775886058807373,-0.37133854627609253,False,True
2372,b9a325fb3b35a4aecfa6f5e881227513a2dd229a1dfcbaf2f6a60990319613c7,mbpp,if,10,toward,1.0,-0.9493817090988159,-0.5431317090988159,False,True
2372,b9a325fb3b35a4aecfa6f5e881227513a2dd229a1dfcbaf2f6a60990319613c7,mbpp,if,10,away,1.0,-1.4135147333145142,-0.3197647035121918,False,True
2372,b9a325fb3b35a4aecfa6f5e881227513a2dd229a1dfcbaf2f6a60990319613c7,mbpp,if,10,random,1.0,-1.2123892307281494,-0.3998892605304718,False,True
2372,b9a325fb3b35a4aecfa6f5e881227513a2dd229a1dfcbaf2f6a60990319613c7,mbpp,if,12,toward,0.5,-1.062835454940796,-0.4690855145454407,False,True
2372,b9a325fb3b35a4aecfa6f5e881227513a2dd229a1dfcbaf2f6a60990319613c7,mbpp,if,12,away,0.5,-1.3658959865570068,-0.3346460461616516,False,True
2372,b9a325fb3b35a4aecfa6f5e881227513a2dd229a1dfcbaf2f6a60990319613c7,mbpp,if,12,random,0.5,-1.2749638557434082,-0.3687137961387634,False,True
2372,b9a325fb3b35a4aecfa6f5e881227513a2dd229a1dfcbaf2f6a60990319613c7,mbpp,if,12,toward,1.0,-0.9372345805168152,-0.5466095805168152,False,True
2372,b9a325fb3b35a4aecfa6f5e881227513a2dd229a1dfcbaf2f6a60990319613c7,mbpp,if,12,away,1.0,-1.4005286693572998,-0.3224036693572998,False,True
2372,b9a325fb3b35a4aecfa6f5e881227513a2dd229a1dfcbaf2f6a60990319613c7,mbpp,if,12,random,1.0,-1.2413299083709717,-0.38195493817329407,False,True
2372,b9a325fb3b35a4aecfa6f5e881227513a2dd229a1dfcbaf2f6a60990319613c7,mbpp,if,14,toward,0.5,-1.2096455097198486,-0.397145539522171,False,True
2372,b9a325fb3b35a4aecfa6f5e881227513a2dd229a1dfcbaf2f6a60990319613c7,mbpp,if,14,away,0.5,-1.3096872568130493,-0.35656222701072693,False,True
2372,b9a325fb3b35a4aecfa6f5e881227513a2dd229a1dfcbaf2f6a60990319613c7,mbpp,if,14,random,0.5,-1.3085707426071167,-0.3554457128047943,False,True
2372,b9a325fb3b35a4aecfa6f5e881227513a2dd229a1dfcbaf2f6a60990319613c7,mbpp,if,14,toward,1.0,-1.1568690538406372,-0.4224940240383148,False,True
2372,b9a325fb3b35a4aecfa6f5e881227513a2dd229a1dfcbaf2f6a60990319613c7,mbpp,if,14,away,1.0,-1.2669178247451782,-0.3762928247451782,False,True
2372,b9a325fb3b35a4aecfa6f5e881227513a2dd229a1dfcbaf2f6a60990319613c7,mbpp,if,14,random,1.0,-1.3193366527557373,-0.3505866527557373,False,True
2372,b9a325fb3b35a4aecfa6f5e881227513a2dd229a1dfcbaf2f6a60990319613c7,mbpp,if,16,toward,0.5,-1.2642947435379028,-0.37366974353790283,False,True
2372,b9a325fb3b35a4aecfa6f5e881227513a2dd229a1dfcbaf2f6a60990319613c7,mbpp,if,16,away,0.5,-1.2759344577789307,-0.3696843981742859,False,True
2372,b9a325fb3b35a4aecfa6f5e881227513a2dd229a1dfcbaf2f6a60990319613c7,mbpp,if,16,random,0.5,-1.2531698942184448,-0.3781699240207672,False,True
2372,b9a325fb3b35a4aecfa6f5e881227513a2dd229a1dfcbaf2f6a60990319613c7,mbpp,if,16,toward,1.0,-1.243080735206604,-0.383705735206604,False,True
2372,b9a325fb3b35a4aecfa6f5e881227513a2dd229a1dfcbaf2f6a60990319613c7,mbpp,if,16,away,1.0,-1.2767903804779053,-0.3705403208732605,False,True
2372,b9a325fb3b35a4aecfa6f5e881227513a2dd229a1dfcbaf2f6a60990319613c7,mbpp,if,16,random,1.0,-1.2316625118255615,-0.3879125714302063,False,True
2372,b9a325fb3b35a4aecfa6f5e881227513a2dd229a1dfcbaf2f6a60990319613c7,mbpp,if,18,toward,0.5,-1.264772891998291,-0.3741479218006134,False,True
2372,b9a325fb3b35a4aecfa6f5e881227513a2dd229a1dfcbaf2f6a60990319613c7,mbpp,if,18,away,0.5,-1.286254644393921,-0.3643796145915985,False,True
2372,b9a325fb3b35a4aecfa6f5e881227513a2dd229a1dfcbaf2f6a60990319613c7,mbpp,if,18,random,0.5,-1.275698184967041,-0.36944815516471863,False,True
2372,b9a325fb3b35a4aecfa6f5e881227513a2dd229a1dfcbaf2f6a60990319613c7,mbpp,if,18,toward,1.0,-1.265648365020752,-0.37502339482307434,False,True
2372,b9a325fb3b35a4aecfa6f5e881227513a2dd229a1dfcbaf2f6a60990319613c7,mbpp,if,18,away,1.0,-1.2754631042480469,-0.36921313405036926,False,True
2372,b9a325fb3b35a4aecfa6f5e881227513a2dd229a1dfcbaf2f6a60990319613c7,mbpp,if,18,random,1.0,-1.2870962619781494,-0.365221232175827,False,True
2372,b9a325fb3b35a4aecfa6f5e881227513a2dd229a1dfcbaf2f6a60990319613c7,mbpp,if,20,toward,0.5,-1.264610767364502,-0.37398579716682434,False,True
2372,b9a325fb3b35a4aecfa6f5e881227513a2dd229a1dfcbaf2f6a60990319613c7,mbpp,if,20,away,0.5,-1.286197543144226,-0.36432257294654846,False,True
2372,b9a325fb3b35a4aecfa6f5e881227513a2dd229a1dfcbaf2f6a60990319613c7,mbpp,if,20,random,0.5,-1.2752898931503296,-0.369039922952652,False,True
2372,b9a325fb3b35a4aecfa6f5e881227513a2dd229a1dfcbaf2f6a60990319613c7,mbpp,if,20,toward,1.0,-1.2323415279388428,-0.3885914981365204,False,True
2372,b9a325fb3b35a4aecfa6f5e881227513a2dd229a1dfcbaf2f6a60990319613c7,mbpp,if,20,away,1.0,-1.2859288454055786,-0.364053875207901,False,True
2372,b9a325fb3b35a4aecfa6f5e881227513a2dd229a1dfcbaf2f6a60990319613c7,mbpp,if,20,random,1.0,-1.2642788887023926,-0.3736538887023926,False,True
2372,b9a325fb3b35a4aecfa6f5e881227513a2dd229a1dfcbaf2f6a60990319613c7,mbpp,if,22,toward,0.5,-1.2533918619155884,-0.37839189171791077,False,True
2372,b9a325fb3b35a4aecfa6f5e881227513a2dd229a1dfcbaf2f6a60990319613c7,mbpp,if,22,away,0.5,-1.2753115892410278,-0.36906158924102783,False,True
2372,b9a325fb3b35a4aecfa6f5e881227513a2dd229a1dfcbaf2f6a60990319613c7,mbpp,if,22,random,0.5,-1.2756026983261108,-0.3693527281284332,False,True
2372,b9a325fb3b35a4aecfa6f5e881227513a2dd229a1dfcbaf2f6a60990319613c7,mbpp,if,22,toward,1.0,-1.232001543045044,-0.38825148344039917,False,True
2372,b9a325fb3b35a4aecfa6f5e881227513a2dd229a1dfcbaf2f6a60990319613c7,mbpp,if,22,away,1.0,-1.2640833854675293,-0.3734583854675293,False,True
2372,b9a325fb3b35a4aecfa6f5e881227513a2dd229a1dfcbaf2f6a60990319613c7,mbpp,if,22,random,1.0,-1.2540663480758667,-0.3790663480758667,False,True
2372,b9a325fb3b35a4aecfa6f5e881227513a2dd229a1dfcbaf2f6a60990319613c7,mbpp,if,24,toward,0.5,-1.2756829261779785,-0.36943289637565613,False,True
2372,b9a325fb3b35a4aecfa6f5e881227513a2dd229a1dfcbaf2f6a60990319613c7,mbpp,if,24,away,0.5,-1.2750335931777954,-0.3687836229801178,False,True
2372,b9a325fb3b35a4aecfa6f5e881227513a2dd229a1dfcbaf2f6a60990319613c7,mbpp,if,24,random,0.5,-1.2643722295761108,-0.3737472593784332,False,True
2372,b9a325fb3b35a4aecfa6f5e881227513a2dd229a1dfcbaf2f6a60990319613c7,mbpp,if,24,toward,1.0,-1.2541093826293945,-0.37910935282707214,False,True
2372,b9a325fb3b35a4aecfa6f5e881227513a2dd229a1dfcbaf2f6a60990319613c7,mbpp,if,24,away,1.0,-1.263983964920044,-0.37335899472236633,False,True
2372,b9a325fb3b35a4aecfa6f5e881227513a2dd229a1dfcbaf2f6a60990319613c7,mbpp,if,24,random,1.0,-1.2537623643875122,-0.3787623643875122,False,True
2372,b9a325fb3b35a4aecfa6f5e881227513a2dd229a1dfcbaf2f6a60990319613c7,mbpp,if,26,toward,0.5,-1.2755335569381714,-0.369283527135849,False,True
2372,b9a325fb3b35a4aecfa6f5e881227513a2dd229a1dfcbaf2f6a60990319613c7,mbpp,if,26,away,0.5,-1.2750682830810547,-0.36881834268569946,False,True
2372,b9a325fb3b35a4aecfa6f5e881227513a2dd229a1dfcbaf2f6a60990319613c7,mbpp,if,26,random,0.5,-1.2753584384918213,-0.3691084086894989,False,True
2372,b9a325fb3b35a4aecfa6f5e881227513a2dd229a1dfcbaf2f6a60990319613c7,mbpp,if,26,toward,1.0,-1.2761143445968628,-0.3698643743991852,False,True
2372,b9a325fb3b35a4aecfa6f5e881227513a2dd229a1dfcbaf2f6a60990319613c7,mbpp,if,26,away,1.0,-1.2639802694320679,-0.37335529923439026,False,True
2372,b9a325fb3b35a4aecfa6f5e881227513a2dd229a1dfcbaf2f6a60990319613c7,mbpp,if,26,random,1.0,-1.2751166820526123,-0.3688667416572571,False,True
2372,b9a325fb3b35a4aecfa6f5e881227513a2dd229a1dfcbaf2f6a60990319613c7,mbpp,if,28,toward,0.5,-1.2753368616104126,-0.369086891412735,False,True
2372,b9a325fb3b35a4aecfa6f5e881227513a2dd229a1dfcbaf2f6a60990319613c7,mbpp,if,28,away,0.5,-1.2754262685775757,-0.36917629837989807,False,True
2372,b9a325fb3b35a4aecfa6f5e881227513a2dd229a1dfcbaf2f6a60990319613c7,mbpp,if,28,random,0.5,-1.2860488891601562,-0.36417391896247864,False,True
2372,b9a325fb3b35a4aecfa6f5e881227513a2dd229a1dfcbaf2f6a60990319613c7,mbpp,if,28,toward,1.0,-1.2754358053207397,-0.36918577551841736,False,True
2372,b9a325fb3b35a4aecfa6f5e881227513a2dd229a1dfcbaf2f6a60990319613c7,mbpp,if,28,away,1.0,-1.2752246856689453,-0.3689747154712677,False,True
2372,b9a325fb3b35a4aecfa6f5e881227513a2dd229a1dfcbaf2f6a60990319613c7,mbpp,if,28,random,1.0,-1.2859890460968018,-0.36411401629447937,False,True
2372,b9a325fb3b35a4aecfa6f5e881227513a2dd229a1dfcbaf2f6a60990319613c7,mbpp,if,30,toward,0.5,-1.275164008140564,-0.3689139783382416,False,True
2372,b9a325fb3b35a4aecfa6f5e881227513a2dd229a1dfcbaf2f6a60990319613c7,mbpp,if,30,away,0.5,-1.275496006011963,-0.3692459464073181,False,True
2372,b9a325fb3b35a4aecfa6f5e881227513a2dd229a1dfcbaf2f6a60990319613c7,mbpp,if,30,random,0.5,-1.275553584098816,-0.3693036139011383,False,True
2372,b9a325fb3b35a4aecfa6f5e881227513a2dd229a1dfcbaf2f6a60990319613c7,mbpp,if,30,toward,1.0,-1.275447964668274,-0.3691979944705963,False,True
2372,b9a325fb3b35a4aecfa6f5e881227513a2dd229a1dfcbaf2f6a60990319613c7,mbpp,if,30,away,1.0,-1.275765299797058,-0.3695152997970581,False,True
2372,b9a325fb3b35a4aecfa6f5e881227513a2dd229a1dfcbaf2f6a60990319613c7,mbpp,if,30,random,1.0,-1.2650493383407593,-0.37442436814308167,False,True
2372,b9a325fb3b35a4aecfa6f5e881227513a2dd229a1dfcbaf2f6a60990319613c7,mbpp,if,31,toward,0.5,-1.2753487825393677,-0.3690987527370453,False,True
2372,b9a325fb3b35a4aecfa6f5e881227513a2dd229a1dfcbaf2f6a60990319613c7,mbpp,if,31,away,0.5,-1.2753487825393677,-0.3690987527370453,False,True
2372,b9a325fb3b35a4aecfa6f5e881227513a2dd229a1dfcbaf2f6a60990319613c7,mbpp,if,31,random,0.5,-1.2753487825393677,-0.3690987527370453,False,True
2372,b9a325fb3b35a4aecfa6f5e881227513a2dd229a1dfcbaf2f6a60990319613c7,mbpp,if,31,toward,1.0,-1.2753487825393677,-0.3690987527370453,False,True
2372,b9a325fb3b35a4aecfa6f5e881227513a2dd229a1dfcbaf2f6a60990319613c7,mbpp,if,31,away,1.0,-1.2753487825393677,-0.3690987527370453,False,True
2372,b9a325fb3b35a4aecfa6f5e881227513a2dd229a1dfcbaf2f6a60990319613c7,mbpp,if,31,random,1.0,-1.2753487825393677,-0.3690987527370453,False,True
2372,b9a325fb3b35a4aecfa6f5e881227513a2dd229a1dfcbaf2f6a60990319613c7,mbpp,body_first,0,toward,0.5,-1.2317101955413818,-0.38796013593673706,False,True
2372,b9a325fb3b35a4aecfa6f5e881227513a2dd229a1dfcbaf2f6a60990319613c7,mbpp,body_first,0,away,0.5,-1.264512538909912,-0.3738875389099121,False,True
2372,b9a325fb3b35a4aecfa6f5e881227513a2dd229a1dfcbaf2f6a60990319613c7,mbpp,body_first,0,random,0.5,-1.2750015258789062,-0.36875155568122864,False,True
2372,b9a325fb3b35a4aecfa6f5e881227513a2dd229a1dfcbaf2f6a60990319613c7,mbpp,body_first,0,toward,1.0,-1.1683775186538696,-0.41837748885154724,False,True
2372,b9a325fb3b35a4aecfa6f5e881227513a2dd229a1dfcbaf2f6a60990319613c7,mbpp,body_first,0,away,1.0,-1.1898438930511475,-0.4085938334465027,False,True
2372,b9a325fb3b35a4aecfa6f5e881227513a2dd229a1dfcbaf2f6a60990319613c7,mbpp,body_first,0,random,1.0,-1.2114183902740479,-0.3989184498786926,False,True
2372,b9a325fb3b35a4aecfa6f5e881227513a2dd229a1dfcbaf2f6a60990319613c7,mbpp,body_first,2,toward,0.5,-1.2423990964889526,-0.383024126291275,False,True
2372,b9a325fb3b35a4aecfa6f5e881227513a2dd229a1dfcbaf2f6a60990319613c7,mbpp,body_first,2,away,0.5,-1.2645606994628906,-0.3739357590675354,False,True
2372,b9a325fb3b35a4aecfa6f5e881227513a2dd229a1dfcbaf2f6a60990319613c7,mbpp,body_first,2,random,0.5,-1.2425193786621094,-0.383144348859787,False,True
2372,b9a325fb3b35a4aecfa6f5e881227513a2dd229a1dfcbaf2f6a60990319613c7,mbpp,body_first,2,toward,1.0,-1.2214665412902832,-0.3933415114879608,False,True
2372,b9a325fb3b35a4aecfa6f5e881227513a2dd229a1dfcbaf2f6a60990319613c7,mbpp,body_first,2,away,1.0,-1.2321709394454956,-0.3884209394454956,False,True
2372,b9a325fb3b35a4aecfa6f5e881227513a2dd229a1dfcbaf2f6a60990319613c7,mbpp,body_first,2,random,1.0,-1.210435152053833,-0.397935152053833,False,True
2372,b9a325fb3b35a4aecfa6f5e881227513a2dd229a1dfcbaf2f6a60990319613c7,mbpp,body_first,4,toward,0.5,-1.2751128673553467,-0.36886292695999146,False,True
2372,b9a325fb3b35a4aecfa6f5e881227513a2dd229a1dfcbaf2f6a60990319613c7,mbpp,body_first,4,away,0.5,-1.2431128025054932,-0.38373780250549316,False,True
2372,b9a325fb3b35a4aecfa6f5e881227513a2dd229a1dfcbaf2f6a60990319613c7,mbpp,body_first,4,random,0.5,-1.2642539739608765,-0.3736289441585541,False,True
2372,b9a325fb3b35a4aecfa6f5e881227513a2dd229a1dfcbaf2f6a60990319613c7,mbpp,body_first,4,toward,1.0,-1.2751744985580444,-0.3689245283603668,False,True
2372,b9a325fb3b35a4aecfa6f5e881227513a2dd229a1dfcbaf2f6a60990319613c7,mbpp,body_first,4,away,1.0,-1.1885926723480225,-0.40734273195266724,False,True
2372,b9a325fb3b35a4aecfa6f5e881227513a2dd229a1dfcbaf2f6a60990319613c7,mbpp,body_first,4,random,1.0,-1.2418090105056763,-0.3824339807033539,False,True
2372,b9a325fb3b35a4aecfa6f5e881227513a2dd229a1dfcbaf2f6a60990319613c7,mbpp,body_first,6,toward,0.5,-1.2974532842636108,-0.35995328426361084,False,True
2372,b9a325fb3b35a4aecfa6f5e881227513a2dd229a1dfcbaf2f6a60990319613c7,mbpp,body_first,6,away,0.5,-1.2643224000930786,-0.3736973702907562,False,True
2372,b9a325fb3b35a4aecfa6f5e881227513a2dd229a1dfcbaf2f6a60990319613c7,mbpp,body_first,6,random,0.5,-1.2747797966003418,-0.3685297667980194,False,True
2372,b9a325fb3b35a4aecfa6f5e881227513a2dd229a1dfcbaf2f6a60990319613c7,mbpp,body_first,6,toward,1.0,-1.296488642692566,-0.35898861289024353,False,True
2372,b9a325fb3b35a4aecfa6f5e881227513a2dd229a1dfcbaf2f6a60990319613c7,mbpp,body_first,6,away,1.0,-1.2318260669708252,-0.3880760073661804,False,True
2372,b9a325fb3b35a4aecfa6f5e881227513a2dd229a1dfcbaf2f6a60990319613c7,mbpp,body_first,6,random,1.0,-1.263584852218628,-0.3729599118232727,False,True
2372,b9a325fb3b35a4aecfa6f5e881227513a2dd229a1dfcbaf2f6a60990319613c7,mbpp,body_first,8,toward,0.5,-1.3314485549926758,-0.3470735549926758,False,True
2372,b9a325fb3b35a4aecfa6f5e881227513a2dd229a1dfcbaf2f6a60990319613c7,mbpp,body_first,8,away,0.5,-1.2642945051193237,-0.37366947531700134,False,True
2372,b9a325fb3b35a4aecfa6f5e881227513a2dd229a1dfcbaf2f6a60990319613c7,mbpp,body_first,8,random,0.5,-1.2861284017562866,-0.3642534017562866,False,True
2372,b9a325fb3b35a4aecfa6f5e881227513a2dd229a1dfcbaf2f6a60990319613c7,mbpp,body_first,8,toward,1.0,-1.4002808332443237,-0.32215580344200134,False,True
2372,b9a325fb3b35a4aecfa6f5e881227513a2dd229a1dfcbaf2f6a60990319613c7,mbpp,body_first,8,away,1.0,-1.2749950885772705,-0.3687450587749481,False,True
2372,b9a325fb3b35a4aecfa6f5e881227513a2dd229a1dfcbaf2f6a60990319613c7,mbpp,body_first,8,random,1.0,-1.3197832107543945,-0.3510332703590393,False,True
2372,b9a325fb3b35a4aecfa6f5e881227513a2dd229a1dfcbaf2f6a60990319613c7,mbpp,body_first,10,toward,0.5,-1.3090054988861084,-0.3558804988861084,False,True
2372,b9a325fb3b35a4aecfa6f5e881227513a2dd229a1dfcbaf2f6a60990319613c7,mbpp,body_first,10,away,0.5,-1.2748180627822876,-0.3685680329799652,False,True
2372,b9a325fb3b35a4aecfa6f5e881227513a2dd229a1dfcbaf2f6a60990319613c7,mbpp,body_first,10,random,0.5,-1.2979505062103271,-0.36045053601264954,False,True
2372,b9a325fb3b35a4aecfa6f5e881227513a2dd229a1dfcbaf2f6a60990319613c7,mbpp,body_first,10,toward,1.0,-1.3545585870742798,-0.3389335870742798,False,True
2372,b9a325fb3b35a4aecfa6f5e881227513a2dd229a1dfcbaf2f6a60990319613c7,mbpp,body_first,10,away,1.0,-1.274174690246582,-0.3679247200489044,False,True
2372,b9a325fb3b35a4aecfa6f5e881227513a2dd229a1dfcbaf2f6a60990319613c7,mbpp,body_first,10,random,1.0,-1.3202662467956543,-0.3515162765979767,False,True
2372,b9a325fb3b35a4aecfa6f5e881227513a2dd229a1dfcbaf2f6a60990319613c7,mbpp,body_first,12,toward,0.5,-1.287214994430542,-0.3653399646282196,False,True
2372,b9a325fb3b35a4aecfa6f5e881227513a2dd229a1dfcbaf2f6a60990319613c7,mbpp,body_first,12,away,0.5,-1.286131501197815,-0.36425647139549255,False,True
2372,b9a325fb3b35a4aecfa6f5e881227513a2dd229a1dfcbaf2f6a60990319613c7,mbpp,body_first,12,random,0.5,-1.2977478504180908,-0.3602478504180908,False,True
2372,b9a325fb3b35a4aecfa6f5e881227513a2dd229a1dfcbaf2f6a60990319613c7,mbpp,body_first,12,toward,1.0,-1.2993909120559692,-0.3618909418582916,False,True
2372,b9a325fb3b35a4aecfa6f5e881227513a2dd229a1dfcbaf2f6a60990319613c7,mbpp,body_first,12,away,1.0,-1.2852790355682373,-0.3634040951728821,False,True
2372,b9a325fb3b35a4aecfa6f5e881227513a2dd229a1dfcbaf2f6a60990319613c7,mbpp,body_first,12,random,1.0,-1.3198366165161133,-0.3510865867137909,False,True
2372,b9a325fb3b35a4aecfa6f5e881227513a2dd229a1dfcbaf2f6a60990319613c7,mbpp,body_first,14,toward,0.5,-1.3089110851287842,-0.3557860255241394,False,True
2372,b9a325fb3b35a4aecfa6f5e881227513a2dd229a1dfcbaf2f6a60990319613c7,mbpp,body_first,14,away,0.5,-1.2313950061798096,-0.38764506578445435,False,True
2372,b9a325fb3b35a4aecfa6f5e881227513a2dd229a1dfcbaf2f6a60990319613c7,mbpp,body_first,14,random,0.5,-1.2641916275024414,-0.373566597700119,False,True
2372,b9a325fb3b35a4aecfa6f5e881227513a2dd229a1dfcbaf2f6a60990319613c7,mbpp,body_first,14,toward,1.0,-1.3200939893722534,-0.3513439893722534,False,True
2372,b9a325fb3b35a4aecfa6f5e881227513a2dd229a1dfcbaf2f6a60990319613c7,mbpp,body_first,14,away,1.0,-1.1991612911224365,-0.4022863209247589,False,True
2372,b9a325fb3b35a4aecfa6f5e881227513a2dd229a1dfcbaf2f6a60990319613c7,mbpp,body_first,14,random,1.0,-1.2636798620224,-0.3730548918247223,False,True
2372,b9a325fb3b35a4aecfa6f5e881227513a2dd229a1dfcbaf2f6a60990319613c7,mbpp,body_first,16,toward,0.5,-1.2974227666854858,-0.35992276668548584,False,True
2372,b9a325fb3b35a4aecfa6f5e881227513a2dd229a1dfcbaf2f6a60990319613c7,mbpp,body_first,16,away,0.5,-1.2427408695220947,-0.3833659291267395,False,True
2372,b9a325fb3b35a4aecfa6f5e881227513a2dd229a1dfcbaf2f6a60990319613c7,mbpp,body_first,16,random,0.5,-1.2532923221588135,-0.37829235196113586,False,True
2372,b9a325fb3b35a4aecfa6f5e881227513a2dd229a1dfcbaf2f6a60990319613c7,mbpp,body_first,16,toward,1.0,-1.2862548828125,-0.3643798530101776,False,True
2372,b9a325fb3b35a4aecfa6f5e881227513a2dd229a1dfcbaf2f6a60990319613c7,mbpp,body_first,16,away,1.0,-1.2426947355270386,-0.38331976532936096,False,True
2372,b9a325fb3b35a4aecfa6f5e881227513a2dd229a1dfcbaf2f6a60990319613c7,mbpp,body_first,16,random,1.0,-1.2533260583877563,-0.37832605838775635,False,True
2372,b9a325fb3b35a4aecfa6f5e881227513a2dd229a1dfcbaf2f6a60990319613c7,mbpp,body_first,18,toward,0.5,-1.2643245458602905,-0.37369951605796814,False,True
2372,b9a325fb3b35a4aecfa6f5e881227513a2dd229a1dfcbaf2f6a60990319613c7,mbpp,body_first,18,away,0.5,-1.2752288579940796,-0.3689788281917572,False,True
2372,b9a325fb3b35a4aecfa6f5e881227513a2dd229a1dfcbaf2f6a60990319613c7,mbpp,body_first,18,random,0.5,-1.2751166820526123,-0.3688666522502899,False,True
2372,b9a325fb3b35a4aecfa6f5e881227513a2dd229a1dfcbaf2f6a60990319613c7,mbpp,body_first,18,toward,1.0,-1.2644307613372803,-0.37380582094192505,False,True
2372,b9a325fb3b35a4aecfa6f5e881227513a2dd229a1dfcbaf2f6a60990319613c7,mbpp,body_first,18,away,1.0,-1.2862502336502075,-0.3643752336502075,False,True
2372,b9a325fb3b35a4aecfa6f5e881227513a2dd229a1dfcbaf2f6a60990319613c7,mbpp,body_first,18,random,1.0,-1.2754992246627808,-0.36924925446510315,False,True
2372,b9a325fb3b35a4aecfa6f5e881227513a2dd229a1dfcbaf2f6a60990319613c7,mbpp,body_first,20,toward,0.5,-1.275256633758545,-0.36900660395622253,False,True
2372,b9a325fb3b35a4aecfa6f5e881227513a2dd229a1dfcbaf2f6a60990319613c7,mbpp,body_first,20,away,0.5,-1.2863792181015015,-0.36450421810150146,False,True
2372,b9a325fb3b35a4aecfa6f5e881227513a2dd229a1dfcbaf2f6a60990319613c7,mbpp,body_first,20,random,0.5,-1.2754369974136353,-0.36918702721595764,False,True
2372,b9a325fb3b35a4aecfa6f5e881227513a2dd229a1dfcbaf2f6a60990319613c7,mbpp,body_first,20,toward,1.0,-1.2751429080963135,-0.3688928782939911,False,True
2372,b9a325fb3b35a4aecfa6f5e881227513a2dd229a1dfcbaf2f6a60990319613c7,mbpp,body_first,20,away,1.0,-1.2753221988677979,-0.36907222867012024,False,True
2372,b9a325fb3b35a4aecfa6f5e881227513a2dd229a1dfcbaf2f6a60990319613c7,mbpp,body_first,20,random,1.0,-1.2644481658935547,-0.3738231360912323,False,True
2372,b9a325fb3b35a4aecfa6f5e881227513a2dd229a1dfcbaf2f6a60990319613c7,mbpp,body_first,22,toward,0.5,-1.275451898574829,-0.3692019283771515,False,True
2372,b9a325fb3b35a4aecfa6f5e881227513a2dd229a1dfcbaf2f6a60990319613c7,mbpp,body_first,22,away,0.5,-1.2754802703857422,-0.3692302107810974,False,True
2372,b9a325fb3b35a4aecfa6f5e881227513a2dd229a1dfcbaf2f6a60990319613c7,mbpp,body_first,22,random,0.5,-1.2753491401672363,-0.3690991699695587,False,True
2372,b9a325fb3b35a4aecfa6f5e881227513a2dd229a1dfcbaf2f6a60990319613c7,mbpp,body_first,22,toward,1.0,-1.2754634618759155,-0.3692134916782379,False,True
2372,b9a325fb3b35a4aecfa6f5e881227513a2dd229a1dfcbaf2f6a60990319613c7,mbpp,body_first,22,away,1.0,-1.2756818532943726,-0.36943182349205017,False,True
2372,b9a325fb3b35a4aecfa6f5e881227513a2dd229a1dfcbaf2f6a60990319613c7,mbpp,body_first,22,random,1.0,-1.2757303714752197,-0.3694804310798645,False,True
2372,b9a325fb3b35a4aecfa6f5e881227513a2dd229a1dfcbaf2f6a60990319613c7,mbpp,body_first,24,toward,0.5,-1.2754604816436768,-0.36921051144599915,False,True
2372,b9a325fb3b35a4aecfa6f5e881227513a2dd229a1dfcbaf2f6a60990319613c7,mbpp,body_first,24,away,0.5,-1.2756274938583374,-0.3693775236606598,False,True
2372,b9a325fb3b35a4aecfa6f5e881227513a2dd229a1dfcbaf2f6a60990319613c7,mbpp,body_first,24,random,0.5,-1.2754803895950317,-0.36923035979270935,False,True
2372,b9a325fb3b35a4aecfa6f5e881227513a2dd229a1dfcbaf2f6a60990319613c7,mbpp,body_first,24,toward,1.0,-1.2754467725753784,-0.36919674277305603,False,True
2372,b9a325fb3b35a4aecfa6f5e881227513a2dd229a1dfcbaf2f6a60990319613c7,mbpp,body_first,24,away,1.0,-1.2754342555999756,-0.36918431520462036,False,True
2372,b9a325fb3b35a4aecfa6f5e881227513a2dd229a1dfcbaf2f6a60990319613c7,mbpp,body_first,24,random,1.0,-1.27541983127594,-0.36916980147361755,False,True
2372,b9a325fb3b35a4aecfa6f5e881227513a2dd229a1dfcbaf2f6a60990319613c7,mbpp,body_first,26,toward,0.5,-1.2752435207366943,-0.3689935803413391,False,True
2372,b9a325fb3b35a4aecfa6f5e881227513a2dd229a1dfcbaf2f6a60990319613c7,mbpp,body_first,26,away,0.5,-1.2752752304077148,-0.36902523040771484,False,True
2372,b9a325fb3b35a4aecfa6f5e881227513a2dd229a1dfcbaf2f6a60990319613c7,mbpp,body_first,26,random,0.5,-1.2752571105957031,-0.3690071105957031,False,True
2372,b9a325fb3b35a4aecfa6f5e881227513a2dd229a1dfcbaf2f6a60990319613c7,mbpp,body_first,26,toward,1.0,-1.2753138542175293,-0.3690638244152069,False,True
2372,b9a325fb3b35a4aecfa6f5e881227513a2dd229a1dfcbaf2f6a60990319613c7,mbpp,body_first,26,away,1.0,-1.2753031253814697,-0.36905309557914734,False,True
2372,b9a325fb3b35a4aecfa6f5e881227513a2dd229a1dfcbaf2f6a60990319613c7,mbpp,body_first,26,random,1.0,-1.274986982345581,-0.36873704195022583,False,True
2372,b9a325fb3b35a4aecfa6f5e881227513a2dd229a1dfcbaf2f6a60990319613c7,mbpp,body_first,28,toward,0.5,-1.2753591537475586,-0.3691091537475586,False,True
2372,b9a325fb3b35a4aecfa6f5e881227513a2dd229a1dfcbaf2f6a60990319613c7,mbpp,body_first,28,away,0.5,-1.2750897407531738,-0.36883968114852905,False,True
2372,b9a325fb3b35a4aecfa6f5e881227513a2dd229a1dfcbaf2f6a60990319613c7,mbpp,body_first,28,random,0.5,-1.2754480838775635,-0.36919814348220825,False,True
2372,b9a325fb3b35a4aecfa6f5e881227513a2dd229a1dfcbaf2f6a60990319613c7,mbpp,body_first,28,toward,1.0,-1.2757073640823364,-0.3694573640823364,False,True
2372,b9a325fb3b35a4aecfa6f5e881227513a2dd229a1dfcbaf2f6a60990319613c7,mbpp,body_first,28,away,1.0,-1.2752559185028076,-0.36900585889816284,False,True
2372,b9a325fb3b35a4aecfa6f5e881227513a2dd229a1dfcbaf2f6a60990319613c7,mbpp,body_first,28,random,1.0,-1.2751771211624146,-0.36892715096473694,False,True
2372,b9a325fb3b35a4aecfa6f5e881227513a2dd229a1dfcbaf2f6a60990319613c7,mbpp,body_first,30,toward,0.5,-1.275572419166565,-0.36932241916656494,False,True
2372,b9a325fb3b35a4aecfa6f5e881227513a2dd229a1dfcbaf2f6a60990319613c7,mbpp,body_first,30,away,0.5,-1.2863737344741821,-0.3644987642765045,False,True
2372,b9a325fb3b35a4aecfa6f5e881227513a2dd229a1dfcbaf2f6a60990319613c7,mbpp,body_first,30,random,0.5,-1.2755930423736572,-0.369343101978302,False,True
2372,b9a325fb3b35a4aecfa6f5e881227513a2dd229a1dfcbaf2f6a60990319613c7,mbpp,body_first,30,toward,1.0,-1.275463581085205,-0.3692135512828827,False,True
2372,b9a325fb3b35a4aecfa6f5e881227513a2dd229a1dfcbaf2f6a60990319613c7,mbpp,body_first,30,away,1.0,-1.2864000797271729,-0.3645250201225281,False,True
2372,b9a325fb3b35a4aecfa6f5e881227513a2dd229a1dfcbaf2f6a60990319613c7,mbpp,body_first,30,random,1.0,-1.2755602598190308,-0.3693102300167084,False,True
2372,b9a325fb3b35a4aecfa6f5e881227513a2dd229a1dfcbaf2f6a60990319613c7,mbpp,body_first,31,toward,0.5,-1.2753487825393677,-0.3690987527370453,False,True
2372,b9a325fb3b35a4aecfa6f5e881227513a2dd229a1dfcbaf2f6a60990319613c7,mbpp,body_first,31,away,0.5,-1.2753487825393677,-0.3690987527370453,False,True
2372,b9a325fb3b35a4aecfa6f5e881227513a2dd229a1dfcbaf2f6a60990319613c7,mbpp,body_first,31,random,0.5,-1.2753487825393677,-0.3690987527370453,False,True
2372,b9a325fb3b35a4aecfa6f5e881227513a2dd229a1dfcbaf2f6a60990319613c7,mbpp,body_first,31,toward,1.0,-1.2753487825393677,-0.3690987527370453,False,True
2372,b9a325fb3b35a4aecfa6f5e881227513a2dd229a1dfcbaf2f6a60990319613c7,mbpp,body_first,31,away,1.0,-1.2753487825393677,-0.3690987527370453,False,True
2372,b9a325fb3b35a4aecfa6f5e881227513a2dd229a1dfcbaf2f6a60990319613c7,mbpp,body_first,31,random,1.0,-1.2753487825393677,-0.3690987527370453,False,True
2372,b9a325fb3b35a4aecfa6f5e881227513a2dd229a1dfcbaf2f6a60990319613c7,mbpp,answer,0,toward,0.5,-1.2612700462341309,-0.37064501643180847,False,True
2372,b9a325fb3b35a4aecfa6f5e881227513a2dd229a1dfcbaf2f6a60990319613c7,mbpp,answer,0,away,0.5,-1.2447118759155273,-0.38533687591552734,False,True
2372,b9a325fb3b35a4aecfa6f5e881227513a2dd229a1dfcbaf2f6a60990319613c7,mbpp,answer,0,random,0.5,-1.2745981216430664,-0.3683481514453888,False,True
2372,b9a325fb3b35a4aecfa6f5e881227513a2dd229a1dfcbaf2f6a60990319613c7,mbpp,answer,0,toward,1.0,-1.2918063402175903,-0.3543063700199127,False,True
2372,b9a325fb3b35a4aecfa6f5e881227513a2dd229a1dfcbaf2f6a60990319613c7,mbpp,answer,0,away,1.0,-1.1586612462997437,-0.42428621649742126,False,True
2372,b9a325fb3b35a4aecfa6f5e881227513a2dd229a1dfcbaf2f6a60990319613c7,mbpp,answer,0,random,1.0,-1.2874904870986938,-0.36561548709869385,False,True
2372,b9a325fb3b35a4aecfa6f5e881227513a2dd229a1dfcbaf2f6a60990319613c7,mbpp,answer,2,toward,0.5,-1.254416823387146,-0.3794168531894684,False,True
2372,b9a325fb3b35a4aecfa6f5e881227513a2dd229a1dfcbaf2f6a60990319613c7,mbpp,answer,2,away,0.5,-1.3088374137878418,-0.355712354183197,False,True
2372,b9a325fb3b35a4aecfa6f5e881227513a2dd229a1dfcbaf2f6a60990319613c7,mbpp,answer,2,random,0.5,-1.2859190702438354,-0.36404410004615784,False,True
2372,b9a325fb3b35a4aecfa6f5e881227513a2dd229a1dfcbaf2f6a60990319613c7,mbpp,answer,2,toward,1.0,-1.1261796951293945,-0.4386797249317169,False,True
2372,b9a325fb3b35a4aecfa6f5e881227513a2dd229a1dfcbaf2f6a60990319613c7,mbpp,answer,2,away,1.0,-1.3303879499435425,-0.3460129499435425,False,True
2372,b9a325fb3b35a4aecfa6f5e881227513a2dd229a1dfcbaf2f6a60990319613c7,mbpp,answer,2,random,1.0,-1.2396295070648193,-0.3802545368671417,False,True
2372,b9a325fb3b35a4aecfa6f5e881227513a2dd229a1dfcbaf2f6a60990319613c7,mbpp,answer,4,toward,0.5,-1.19744873046875,-0.4005737006664276,False,True
2372,b9a325fb3b35a4aecfa6f5e881227513a2dd229a1dfcbaf2f6a60990319613c7,mbpp,answer,4,away,0.5,-1.3996984958648682,-0.3215734362602234,False,True
2372,b9a325fb3b35a4aecfa6f5e881227513a2dd229a1dfcbaf2f6a60990319613c7,mbpp,answer,4,random,0.5,-1.3410348892211914,-0.3410349190235138,False,True
2372,b9a325fb3b35a4aecfa6f5e881227513a2dd229a1dfcbaf2f6a60990319613c7,mbpp,answer,4,toward,1.0,-1.1623120307922363,-0.41231197118759155,False,True
2372,b9a325fb3b35a4aecfa6f5e881227513a2dd229a1dfcbaf2f6a60990319613c7,mbpp,answer,4,away,1.0,-1.431319236755371,-0.3063192069530487,False,True
2372,b9a325fb3b35a4aecfa6f5e881227513a2dd229a1dfcbaf2f6a60990319613c7,mbpp,answer,4,random,1.0,-1.4761550426483154,-0.28865501284599304,False,True
2372,b9a325fb3b35a4aecfa6f5e881227513a2dd229a1dfcbaf2f6a60990319613c7,mbpp,answer,6,toward,0.5,-1.315739631652832,-0.34698963165283203,False,True
2372,b9a325fb3b35a4aecfa6f5e881227513a2dd229a1dfcbaf2f6a60990319613c7,mbpp,answer,6,away,0.5,-1.1357147693634033,-0.43258973956108093,False,True
2372,b9a325fb3b35a4aecfa6f5e881227513a2dd229a1dfcbaf2f6a60990319613c7,mbpp,answer,6,random,0.5,-1.2815263271331787,-0.3596513271331787,False,True
2372,b9a325fb3b35a4aecfa6f5e881227513a2dd229a1dfcbaf2f6a60990319613c7,mbpp,answer,6,toward,1.0,-1.4748896360397339,-0.2873896062374115,False,True
2372,b9a325fb3b35a4aecfa6f5e881227513a2dd229a1dfcbaf2f6a60990319613c7,mbpp,answer,6,away,1.0,-1.0023481845855713,-0.5023481249809265,False,True
2372,b9a325fb3b35a4aecfa6f5e881227513a2dd229a1dfcbaf2f6a60990319613c7,mbpp,answer,6,random,1.0,-1.3138306140899658,-0.34508055448532104,False,True
2372,b9a325fb3b35a4aecfa6f5e881227513a2dd229a1dfcbaf2f6a60990319613c7,mbpp,answer,8,toward,0.5,-1.403683066368103,-0.3255580961704254,False,True
2372,b9a325fb3b35a4aecfa6f5e881227513a2dd229a1dfcbaf2f6a60990319613c7,mbpp,answer,8,away,0.5,-1.217599868774414,-0.3894748389720917,False,True
2372,b9a325fb3b35a4aecfa6f5e881227513a2dd229a1dfcbaf2f6a60990319613c7,mbpp,answer,8,random,0.5,-1.2448093891143799,-0.38543441891670227,False,True
2372,b9a325fb3b35a4aecfa6f5e881227513a2dd229a1dfcbaf2f6a60990319613c7,mbpp,answer,8,toward,1.0,-1.6208852529525757,-0.2771352231502533,False,True
2372,b9a325fb3b35a4aecfa6f5e881227513a2dd229a1dfcbaf2f6a60990319613c7,mbpp,answer,8,away,1.0,-1.2233384847640991,-0.37958845496177673,False,True
2372,b9a325fb3b35a4aecfa6f5e881227513a2dd229a1dfcbaf2f6a60990319613c7,mbpp,answer,8,random,1.0,-1.2475762367248535,-0.38820120692253113,False,True
2372,b9a325fb3b35a4aecfa6f5e881227513a2dd229a1dfcbaf2f6a60990319613c7,mbpp,answer,10,toward,0.5,-1.3653686046600342,-0.3341185748577118,False,True
2372,b9a325fb3b35a4aecfa6f5e881227513a2dd229a1dfcbaf2f6a60990319613c7,mbpp,answer,10,away,0.5,-1.2550793886184692,-0.38007938861846924,False,True
2372,b9a325fb3b35a4aecfa6f5e881227513a2dd229a1dfcbaf2f6a60990319613c7,mbpp,answer,10,random,0.5,-1.365932583808899,-0.33468255400657654,False,True
2372,b9a325fb3b35a4aecfa6f5e881227513a2dd229a1dfcbaf2f6a60990319613c7,mbpp,answer,10,toward,1.0,-1.5926002264022827,-0.2801002264022827,False,True
2372,b9a325fb3b35a4aecfa6f5e881227513a2dd229a1dfcbaf2f6a60990319613c7,mbpp,answer,10,away,1.0,-1.3822472095489502,-0.3353721499443054,False,True
2372,b9a325fb3b35a4aecfa6f5e881227513a2dd229a1dfcbaf2f6a60990319613c7,mbpp,answer,10,random,1.0,-1.5488171577453613,-0.2831922173500061,False,True
2372,b9a325fb3b35a4aecfa6f5e881227513a2dd229a1dfcbaf2f6a60990319613c7,mbpp,answer,12,toward,0.5,-1.4175455570220947,-0.32379552721977234,False,True
2372,b9a325fb3b35a4aecfa6f5e881227513a2dd229a1dfcbaf2f6a60990319613c7,mbpp,answer,12,away,0.5,-1.1349157094955444,-0.4317907392978668,False,True
2372,b9a325fb3b35a4aecfa6f5e881227513a2dd229a1dfcbaf2f6a60990319613c7,mbpp,answer,12,random,0.5,-1.3086302280426025,-0.35550519824028015,False,True
2372,b9a325fb3b35a4aecfa6f5e881227513a2dd229a1dfcbaf2f6a60990319613c7,mbpp,answer,12,toward,1.0,-1.8273530006408691,-0.23360301554203033,False,True
2372,b9a325fb3b35a4aecfa6f5e881227513a2dd229a1dfcbaf2f6a60990319613c7,mbpp,answer,12,away,1.0,-0.8798667192459106,-0.5829917192459106,False,True
2372,b9a325fb3b35a4aecfa6f5e881227513a2dd229a1dfcbaf2f6a60990319613c7,mbpp,answer,12,random,1.0,-1.522027611732483,-0.2876525819301605,False,True
2372,b9a325fb3b35a4aecfa6f5e881227513a2dd229a1dfcbaf2f6a60990319613c7,mbpp,answer,14,toward,0.5,-1.2340353727340698,-0.4059103727340698,False,True
2372,b9a325fb3b35a4aecfa6f5e881227513a2dd229a1dfcbaf2f6a60990319613c7,mbpp,answer,14,away,0.5,-1.266066074371338,-0.3598160445690155,False,True
2372,b9a325fb3b35a4aecfa6f5e881227513a2dd229a1dfcbaf2f6a60990319613c7,mbpp,answer,14,random,0.5,-1.3189693689346313,-0.36584436893463135,False,True
2372,b9a325fb3b35a4aecfa6f5e881227513a2dd229a1dfcbaf2f6a60990319613c7,mbpp,answer,14,toward,1.0,-1.0470688343048096,-0.5158188343048096,False,True
2372,b9a325fb3b35a4aecfa6f5e881227513a2dd229a1dfcbaf2f6a60990319613c7,mbpp,answer,14,away,1.0,-1.37596595287323,-0.31346598267555237,False,True
2372,b9a325fb3b35a4aecfa6f5e881227513a2dd229a1dfcbaf2f6a60990319613c7,mbpp,answer,14,random,1.0,-1.289611577987671,-0.3989865183830261,False,True
2372,b9a325fb3b35a4aecfa6f5e881227513a2dd229a1dfcbaf2f6a60990319613c7,mbpp,answer,16,toward,0.5,-0.7417334914207458,-0.7261084914207458,False,True
2372,b9a325fb3b35a4aecfa6f5e881227513a2dd229a1dfcbaf2f6a60990319613c7,mbpp,answer,16,away,0.5,-1.9833526611328125,-0.17085272073745728,False,True
2372,b9a325fb3b35a4aecfa6f5e881227513a2dd229a1dfcbaf2f6a60990319613c7,mbpp,answer,16,random,0.5,-1.3641226291656494,-0.34849756956100464,False,True
2372,b9a325fb3b35a4aecfa6f5e881227513a2dd229a1dfcbaf2f6a60990319613c7,mbpp,answer,16,toward,1.0,-0.45553892850875854,-1.1586639881134033,True,False
2372,b9a325fb3b35a4aecfa6f5e881227513a2dd229a1dfcbaf2f6a60990319613c7,mbpp,answer,16,away,1.0,-2.814483642578125,-0.08010876178741455,False,True
2372,b9a325fb3b35a4aecfa6f5e881227513a2dd229a1dfcbaf2f6a60990319613c7,mbpp,answer,16,random,1.0,-1.54413640499115,-0.3253864347934723,False,True
2372,b9a325fb3b35a4aecfa6f5e881227513a2dd229a1dfcbaf2f6a60990319613c7,mbpp,answer,18,toward,0.5,-0.8998417258262634,-0.6029667258262634,False,True
2372,b9a325fb3b35a4aecfa6f5e881227513a2dd229a1dfcbaf2f6a60990319613c7,mbpp,answer,18,away,0.5,-2.092902183532715,-0.15540216863155365,False,True
2372,b9a325fb3b35a4aecfa6f5e881227513a2dd229a1dfcbaf2f6a60990319613c7,mbpp,answer,18,random,0.5,-1.3682582378387451,-0.3370082676410675,False,True
2372,b9a325fb3b35a4aecfa6f5e881227513a2dd229a1dfcbaf2f6a60990319613c7,mbpp,answer,18,toward,1.0,-0.8458466529846191,-0.7052216529846191,False,True
2372,b9a325fb3b35a4aecfa6f5e881227513a2dd229a1dfcbaf2f6a60990319613c7,mbpp,answer,18,away,1.0,-2.9652788639068604,-0.07465381920337677,False,True
2372,b9a325fb3b35a4aecfa6f5e881227513a2dd229a1dfcbaf2f6a60990319613c7,mbpp,answer,18,random,1.0,-1.4903801679611206,-0.3028801679611206,False,True
2372,b9a325fb3b35a4aecfa6f5e881227513a2dd229a1dfcbaf2f6a60990319613c7,mbpp,answer,20,toward,0.5,-0.8902227878570557,-0.6089727878570557,False,True
2372,b9a325fb3b35a4aecfa6f5e881227513a2dd229a1dfcbaf2f6a60990319613c7,mbpp,answer,20,away,0.5,-1.9067163467407227,-0.18796639144420624,False,True
2372,b9a325fb3b35a4aecfa6f5e881227513a2dd229a1dfcbaf2f6a60990319613c7,mbpp,answer,20,random,0.5,-1.4322999715805054,-0.322924941778183,False,True
2372,b9a325fb3b35a4aecfa6f5e881227513a2dd229a1dfcbaf2f6a60990319613c7,mbpp,answer,20,toward,1.0,-0.7989751100540161,-0.7364751100540161,False,True
2372,b9a325fb3b35a4aecfa6f5e881227513a2dd229a1dfcbaf2f6a60990319613c7,mbpp,answer,20,away,1.0,-2.3937878608703613,-0.12816281616687775,False,True
2372,b9a325fb3b35a4aecfa6f5e881227513a2dd229a1dfcbaf2f6a60990319613c7,mbpp,answer,20,random,1.0,-1.5503816604614258,-0.3160066306591034,False,True
2372,b9a325fb3b35a4aecfa6f5e881227513a2dd229a1dfcbaf2f6a60990319613c7,mbpp,answer,22,toward,0.5,-0.9778709411621094,-0.5403709411621094,False,True
2372,b9a325fb3b35a4aecfa6f5e881227513a2dd229a1dfcbaf2f6a60990319613c7,mbpp,answer,22,away,0.5,-1.7505548000335693,-0.21930481493473053,False,True
2372,b9a325fb3b35a4aecfa6f5e881227513a2dd229a1dfcbaf2f6a60990319613c7,mbpp,answer,22,random,0.5,-1.3090150356292725,-0.3558900058269501,False,True
2372,b9a325fb3b35a4aecfa6f5e881227513a2dd229a1dfcbaf2f6a60990319613c7,mbpp,answer,22,toward,1.0,-0.8540298342704773,-0.6665298342704773,False,True
2372,b9a325fb3b35a4aecfa6f5e881227513a2dd229a1dfcbaf2f6a60990319613c7,mbpp,answer,22,away,1.0,-2.230114698410034,-0.1519896686077118,False,True
2372,b9a325fb3b35a4aecfa6f5e881227513a2dd229a1dfcbaf2f6a60990319613c7,mbpp,answer,22,random,1.0,-1.2832931280136108,-0.37704312801361084,False,True
2372,b9a325fb3b35a4aecfa6f5e881227513a2dd229a1dfcbaf2f6a60990319613c7,mbpp,answer,24,toward,0.5,-0.9955955743789673,-0.5424705743789673,False,True
2372,b9a325fb3b35a4aecfa6f5e881227513a2dd229a1dfcbaf2f6a60990319613c7,mbpp,answer,24,away,0.5,-1.8024872541427612,-0.20873726904392242,False,True
2372,b9a325fb3b35a4aecfa6f5e881227513a2dd229a1dfcbaf2f6a60990319613c7,mbpp,answer,24,random,0.5,-1.3522326946258545,-0.3366076946258545,False,True
2372,b9a325fb3b35a4aecfa6f5e881227513a2dd229a1dfcbaf2f6a60990319613c7,mbpp,answer,24,toward,1.0,-0.9258466958999634,-0.6602216958999634,False,True
2372,b9a325fb3b35a4aecfa6f5e881227513a2dd229a1dfcbaf2f6a60990319613c7,mbpp,answer,24,away,1.0,-2.3820900917053223,-0.14771516621112823,False,True
2372,b9a325fb3b35a4aecfa6f5e881227513a2dd229a1dfcbaf2f6a60990319613c7,mbpp,answer,24,random,1.0,-1.5362844467163086,-0.2862844169139862,False,True
2372,b9a325fb3b35a4aecfa6f5e881227513a2dd229a1dfcbaf2f6a60990319613c7,mbpp,answer,26,toward,0.5,-0.982005774974823,-0.560130774974823,False,True
2372,b9a325fb3b35a4aecfa6f5e881227513a2dd229a1dfcbaf2f6a60990319613c7,mbpp,answer,26,away,0.5,-1.8799784183502197,-0.19247843325138092,False,True
2372,b9a325fb3b35a4aecfa6f5e881227513a2dd229a1dfcbaf2f6a60990319613c7,mbpp,answer,26,random,0.5,-1.2356934547424316,-0.3763185143470764,False,True
2372,b9a325fb3b35a4aecfa6f5e881227513a2dd229a1dfcbaf2f6a60990319613c7,mbpp,answer,26,toward,1.0,-0.9116929769515991,-0.7241929769515991,False,True
2372,b9a325fb3b35a4aecfa6f5e881227513a2dd229a1dfcbaf2f6a60990319613c7,mbpp,answer,26,away,1.0,-2.534956932067871,-0.11308204382658005,False,True
2372,b9a325fb3b35a4aecfa6f5e881227513a2dd229a1dfcbaf2f6a60990319613c7,mbpp,answer,26,random,1.0,-1.2883241176605225,-0.35082414746284485,False,True
2372,b9a325fb3b35a4aecfa6f5e881227513a2dd229a1dfcbaf2f6a60990319613c7,mbpp,answer,28,toward,0.5,-0.9663592576980591,-0.5601092576980591,False,True
2372,b9a325fb3b35a4aecfa6f5e881227513a2dd229a1dfcbaf2f6a60990319613c7,mbpp,answer,28,away,0.5,-2.0523738861083984,-0.16174888610839844,False,True
2372,b9a325fb3b35a4aecfa6f5e881227513a2dd229a1dfcbaf2f6a60990319613c7,mbpp,answer,28,random,0.5,-1.041602373123169,-0.4947274327278137,False,True
2372,b9a325fb3b35a4aecfa6f5e881227513a2dd229a1dfcbaf2f6a60990319613c7,mbpp,answer,28,toward,1.0,-0.9056055545806885,-0.6868555545806885,False,True
2372,b9a325fb3b35a4aecfa6f5e881227513a2dd229a1dfcbaf2f6a60990319613c7,mbpp,answer,28,away,1.0,-2.9814138412475586,-0.0751638188958168,False,True
2372,b9a325fb3b35a4aecfa6f5e881227513a2dd229a1dfcbaf2f6a60990319613c7,mbpp,answer,28,random,1.0,-0.8740962147712708,-0.6553462147712708,False,True
2372,b9a325fb3b35a4aecfa6f5e881227513a2dd229a1dfcbaf2f6a60990319613c7,mbpp,answer,30,toward,0.5,-1.0522339344024658,-0.5053589940071106,False,True
2372,b9a325fb3b35a4aecfa6f5e881227513a2dd229a1dfcbaf2f6a60990319613c7,mbpp,answer,30,away,0.5,-2.254566192626953,-0.12956613302230835,False,True
2372,b9a325fb3b35a4aecfa6f5e881227513a2dd229a1dfcbaf2f6a60990319613c7,mbpp,answer,30,random,0.5,-1.3290513753890991,-0.3290513753890991,False,True
2372,b9a325fb3b35a4aecfa6f5e881227513a2dd229a1dfcbaf2f6a60990319613c7,mbpp,answer,30,toward,1.0,-1.135605812072754,-0.5887307524681091,False,True
2372,b9a325fb3b35a4aecfa6f5e881227513a2dd229a1dfcbaf2f6a60990319613c7,mbpp,answer,30,away,1.0,-3.3849692344665527,-0.07246929407119751,False,True
2372,b9a325fb3b35a4aecfa6f5e881227513a2dd229a1dfcbaf2f6a60990319613c7,mbpp,answer,30,random,1.0,-1.466341257095337,-0.2788412868976593,False,True
2372,b9a325fb3b35a4aecfa6f5e881227513a2dd229a1dfcbaf2f6a60990319613c7,mbpp,answer,31,toward,0.5,-0.8968815803527832,-0.8968815803527832,False,True
2372,b9a325fb3b35a4aecfa6f5e881227513a2dd229a1dfcbaf2f6a60990319613c7,mbpp,answer,31,away,0.5,-2.3876073360443115,-0.3094823658466339,False,True
2372,b9a325fb3b35a4aecfa6f5e881227513a2dd229a1dfcbaf2f6a60990319613c7,mbpp,answer,31,random,0.5,-1.4182080030441284,-0.6682080030441284,False,True
2372,b9a325fb3b35a4aecfa6f5e881227513a2dd229a1dfcbaf2f6a60990319613c7,mbpp,answer,31,toward,1.0,-2.088477611541748,-2.635352611541748,False,False
2372,b9a325fb3b35a4aecfa6f5e881227513a2dd229a1dfcbaf2f6a60990319613c7,mbpp,answer,31,away,1.0,-6.321885585784912,-3.642198324203491,False,False
2372,b9a325fb3b35a4aecfa6f5e881227513a2dd229a1dfcbaf2f6a60990319613c7,mbpp,answer,31,random,1.0,-3.783513069152832,-3.252263069152832,False,False
2376,b9a325fb3b35a4aecfa6f5e881227513a2dd229a1dfcbaf2f6a60990319613c7,mbpp,baseline,-1,none,0.0,-1.7893567085266113,-0.21123167872428894,False,True
2376,b9a325fb3b35a4aecfa6f5e881227513a2dd229a1dfcbaf2f6a60990319613c7,mbpp,if,0,toward,0.5,-1.7886977195739746,-0.21057268977165222,False,True
2376,b9a325fb3b35a4aecfa6f5e881227513a2dd229a1dfcbaf2f6a60990319613c7,mbpp,if,0,away,0.5,-1.7512781620025635,-0.22002820670604706,False,True
2376,b9a325fb3b35a4aecfa6f5e881227513a2dd229a1dfcbaf2f6a60990319613c7,mbpp,if,0,random,0.5,-1.7510197162628174,-0.21976977586746216,False,True
2376,b9a325fb3b35a4aecfa6f5e881227513a2dd229a1dfcbaf2f6a60990319613c7,mbpp,if,0,toward,1.0,-1.8272367715835571,-0.2178618162870407,False,True
2376,b9a325fb3b35a4aecfa6f5e881227513a2dd229a1dfcbaf2f6a60990319613c7,mbpp,if,0,away,1.0,-1.8859213590621948,-0.2140463888645172,False,True
2376,b9a325fb3b35a4aecfa6f5e881227513a2dd229a1dfcbaf2f6a60990319613c7,mbpp,if,0,random,1.0,-1.7111860513687134,-0.24243609607219696,False,True
2376,b9a325fb3b35a4aecfa6f5e881227513a2dd229a1dfcbaf2f6a60990319613c7,mbpp,if,2,toward,0.5,-1.7372360229492188,-0.22161096334457397,False,True
2376,b9a325fb3b35a4aecfa6f5e881227513a2dd229a1dfcbaf2f6a60990319613c7,mbpp,if,2,away,0.5,-1.6392062902450562,-0.24858124554157257,False,True
2376,b9a325fb3b35a4aecfa6f5e881227513a2dd229a1dfcbaf2f6a60990319613c7,mbpp,if,2,random,0.5,-1.7510454654693604,-0.21979551017284393,False,True
2376,b9a325fb3b35a4aecfa6f5e881227513a2dd229a1dfcbaf2f6a60990319613c7,mbpp,if,2,toward,1.0,-1.6650553941726685,-0.24318043887615204,False,True
2376,b9a325fb3b35a4aecfa6f5e881227513a2dd229a1dfcbaf2f6a60990319613c7,mbpp,if,2,away,1.0,-1.7413654327392578,-0.2413654625415802,False,True
2376,b9a325fb3b35a4aecfa6f5e881227513a2dd229a1dfcbaf2f6a60990319613c7,mbpp,if,2,random,1.0,-1.4433891773223877,-0.3027641177177429,False,True
2376,b9a325fb3b35a4aecfa6f5e881227513a2dd229a1dfcbaf2f6a60990319613c7,mbpp,if,4,toward,0.5,-1.689941644668579,-0.23681659996509552,False,True
2376,b9a325fb3b35a4aecfa6f5e881227513a2dd229a1dfcbaf2f6a60990319613c7,mbpp,if,4,away,0.5,-1.700197696685791,-0.2314477115869522,False,True
2376,b9a325fb3b35a4aecfa6f5e881227513a2dd229a1dfcbaf2f6a60990319613c7,mbpp,if,4,random,0.5,-1.737871766090393,-0.22224679589271545,False,True
2376,b9a325fb3b35a4aecfa6f5e881227513a2dd229a1dfcbaf2f6a60990319613c7,mbpp,if,4,toward,1.0,-1.6032350063323975,-0.2594849467277527,False,True
2376,b9a325fb3b35a4aecfa6f5e881227513a2dd229a1dfcbaf2f6a60990319613c7,mbpp,if,4,away,1.0,-2.011021852493286,-0.1828969120979309,False,True
2376,b9a325fb3b35a4aecfa6f5e881227513a2dd229a1dfcbaf2f6a60990319613c7,mbpp,if,4,random,1.0,-1.6491239070892334,-0.2428738921880722,False,True
2376,b9a325fb3b35a4aecfa6f5e881227513a2dd229a1dfcbaf2f6a60990319613c7,mbpp,if,6,toward,0.5,-1.6483802795410156,-0.2421303391456604,False,True
2376,b9a325fb3b35a4aecfa6f5e881227513a2dd229a1dfcbaf2f6a60990319613c7,mbpp,if,6,away,0.5,-1.8292447328567505,-0.2042447030544281,False,True
2376,b9a325fb3b35a4aecfa6f5e881227513a2dd229a1dfcbaf2f6a60990319613c7,mbpp,if,6,random,0.5,-1.7241246700286865,-0.22412468492984772,False,True
2376,b9a325fb3b35a4aecfa6f5e881227513a2dd229a1dfcbaf2f6a60990319613c7,mbpp,if,6,toward,1.0,-1.5476595163345337,-0.2664095163345337,False,True
2376,b9a325fb3b35a4aecfa6f5e881227513a2dd229a1dfcbaf2f6a60990319613c7,mbpp,if,6,away,1.0,-1.7658159732818604,-0.21894094347953796,False,True
2376,b9a325fb3b35a4aecfa6f5e881227513a2dd229a1dfcbaf2f6a60990319613c7,mbpp,if,6,random,1.0,-1.6710851192474365,-0.2335851788520813,False,True
2376,b9a325fb3b35a4aecfa6f5e881227513a2dd229a1dfcbaf2f6a60990319613c7,mbpp,if,8,toward,0.5,-1.6217291355133057,-0.24672919511795044,False,True
2376,b9a325fb3b35a4aecfa6f5e881227513a2dd229a1dfcbaf2f6a60990319613c7,mbpp,if,8,away,0.5,-1.8425345420837402,-0.20190958678722382,False,True
2376,b9a325fb3b35a4aecfa6f5e881227513a2dd229a1dfcbaf2f6a60990319613c7,mbpp,if,8,random,0.5,-1.777111291885376,-0.2146112620830536,False,True
2376,b9a325fb3b35a4aecfa6f5e881227513a2dd229a1dfcbaf2f6a60990319613c7,mbpp,if,8,toward,1.0,-1.3929173946380615,-0.3147923946380615,False,True
2376,b9a325fb3b35a4aecfa6f5e881227513a2dd229a1dfcbaf2f6a60990319613c7,mbpp,if,8,away,1.0,-1.8690837621688843,-0.19720874726772308,False,True
2376,b9a325fb3b35a4aecfa6f5e881227513a2dd229a1dfcbaf2f6a60990319613c7,mbpp,if,8,random,1.0,-1.7145659923553467,-0.23019100725650787,False,True
2376,b9a325fb3b35a4aecfa6f5e881227513a2dd229a1dfcbaf2f6a60990319613c7,mbpp,if,10,toward,0.5,-1.6494020223617554,-0.24315202236175537,False,True
2376,b9a325fb3b35a4aecfa6f5e881227513a2dd229a1dfcbaf2f6a60990319613c7,mbpp,if,10,away,0.5,-1.8420997858047485,-0.20147483050823212,False,True
2376,b9a325fb3b35a4aecfa6f5e881227513a2dd229a1dfcbaf2f6a60990319613c7,mbpp,if,10,random,0.5,-1.712135910987854,-0.22776095569133759,False,True
2376,b9a325fb3b35a4aecfa6f5e881227513a2dd229a1dfcbaf2f6a60990319613c7,mbpp,if,10,toward,1.0,-1.3273265361785889,-0.3429515063762665,False,True
2376,b9a325fb3b35a4aecfa6f5e881227513a2dd229a1dfcbaf2f6a60990319613c7,mbpp,if,10,away,1.0,-1.8693019151687622,-0.19742688536643982,False,True
2376,b9a325fb3b35a4aecfa6f5e881227513a2dd229a1dfcbaf2f6a60990319613c7,mbpp,if,10,random,1.0,-1.6497374773025513,-0.24348746240139008,False,True
2376,b9a325fb3b35a4aecfa6f5e881227513a2dd229a1dfcbaf2f6a60990319613c7,mbpp,if,12,toward,0.5,-1.5255405902862549,-0.2755405306816101,False,True
2376,b9a325fb3b35a4aecfa6f5e881227513a2dd229a1dfcbaf2f6a60990319613c7,mbpp,if,12,away,0.5,-1.8810635805130005,-0.1935635805130005,False,True
2376,b9a325fb3b35a4aecfa6f5e881227513a2dd229a1dfcbaf2f6a60990319613c7,mbpp,if,12,random,0.5,-1.7368427515029907,-0.22121775150299072,False,True
2376,b9a325fb3b35a4aecfa6f5e881227513a2dd229a1dfcbaf2f6a60990319613c7,mbpp,if,12,toward,1.0,-1.291738510131836,-0.3542385399341583,False,True
2376,b9a325fb3b35a4aecfa6f5e881227513a2dd229a1dfcbaf2f6a60990319613c7,mbpp,if,12,away,1.0,-1.867919683456421,-0.19604474306106567,False,True
2376,b9a325fb3b35a4aecfa6f5e881227513a2dd229a1dfcbaf2f6a60990319613c7,mbpp,if,12,random,1.0,-1.6228715181350708,-0.2478715181350708,False,True
2376,b9a325fb3b35a4aecfa6f5e881227513a2dd229a1dfcbaf2f6a60990319613c7,mbpp,if,14,toward,0.5,-1.6745697259902954,-0.2370697259902954,False,True
2376,b9a325fb3b35a4aecfa6f5e881227513a2dd229a1dfcbaf2f6a60990319613c7,mbpp,if,14,away,0.5,-1.803169846534729,-0.20941989123821259,False,True
2376,b9a325fb3b35a4aecfa6f5e881227513a2dd229a1dfcbaf2f6a60990319613c7,mbpp,if,14,random,0.5,-1.750923752784729,-0.21967379748821259,False,True
2376,b9a325fb3b35a4aecfa6f5e881227513a2dd229a1dfcbaf2f6a60990319613c7,mbpp,if,14,toward,1.0,-1.5874992609024048,-0.2593742907047272,False,True
2376,b9a325fb3b35a4aecfa6f5e881227513a2dd229a1dfcbaf2f6a60990319613c7,mbpp,if,14,away,1.0,-1.7143990993499756,-0.23002414405345917,False,True
2376,b9a325fb3b35a4aecfa6f5e881227513a2dd229a1dfcbaf2f6a60990319613c7,mbpp,if,14,random,1.0,-1.6871384382247925,-0.23401346802711487,False,True
2376,b9a325fb3b35a4aecfa6f5e881227513a2dd229a1dfcbaf2f6a60990319613c7,mbpp,if,16,toward,0.5,-1.7381830215454102,-0.22255802154541016,False,True
2376,b9a325fb3b35a4aecfa6f5e881227513a2dd229a1dfcbaf2f6a60990319613c7,mbpp,if,16,away,0.5,-1.8027839660644531,-0.20903395116329193,False,True
2376,b9a325fb3b35a4aecfa6f5e881227513a2dd229a1dfcbaf2f6a60990319613c7,mbpp,if,16,random,0.5,-1.7896440029144287,-0.2115190476179123,False,True
2376,b9a325fb3b35a4aecfa6f5e881227513a2dd229a1dfcbaf2f6a60990319613c7,mbpp,if,16,toward,1.0,-1.6755672693252563,-0.23806726932525635,False,True
2376,b9a325fb3b35a4aecfa6f5e881227513a2dd229a1dfcbaf2f6a60990319613c7,mbpp,if,16,away,1.0,-1.8033826351165771,-0.20963259041309357,False,True
2376,b9a325fb3b35a4aecfa6f5e881227513a2dd229a1dfcbaf2f6a60990319613c7,mbpp,if,16,random,1.0,-1.7644656896591187,-0.21759065985679626,False,True
2376,b9a325fb3b35a4aecfa6f5e881227513a2dd229a1dfcbaf2f6a60990319613c7,mbpp,if,18,toward,0.5,-1.7638740539550781,-0.21699906885623932,False,True
2376,b9a325fb3b35a4aecfa6f5e881227513a2dd229a1dfcbaf2f6a60990319613c7,mbpp,if,18,away,0.5,-1.8022757768630981,-0.20852574706077576,False,True
2376,b9a325fb3b35a4aecfa6f5e881227513a2dd229a1dfcbaf2f6a60990319613c7,mbpp,if,18,random,0.5,-1.776423454284668,-0.2139233946800232,False,True
2376,b9a325fb3b35a4aecfa6f5e881227513a2dd229a1dfcbaf2f6a60990319613c7,mbpp,if,18,toward,1.0,-1.7648117542266846,-0.21793678402900696,False,True
2376,b9a325fb3b35a4aecfa6f5e881227513a2dd229a1dfcbaf2f6a60990319613c7,mbpp,if,18,away,1.0,-1.80204439163208,-0.20829443633556366,False,True
2376,b9a325fb3b35a4aecfa6f5e881227513a2dd229a1dfcbaf2f6a60990319613c7,mbpp,if,18,random,1.0,-1.776545763015747,-0.21404582262039185,False,True
2376,b9a325fb3b35a4aecfa6f5e881227513a2dd229a1dfcbaf2f6a60990319613c7,mbpp,if,20,toward,0.5,-1.763865351676941,-0.21699033677577972,False,True
2376,b9a325fb3b35a4aecfa6f5e881227513a2dd229a1dfcbaf2f6a60990319613c7,mbpp,if,20,away,0.5,-1.7892340421676636,-0.2111090123653412,False,True
2376,b9a325fb3b35a4aecfa6f5e881227513a2dd229a1dfcbaf2f6a60990319613c7,mbpp,if,20,random,0.5,-1.7763839960098267,-0.21388402581214905,False,True
2376,b9a325fb3b35a4aecfa6f5e881227513a2dd229a1dfcbaf2f6a60990319613c7,mbpp,if,20,toward,1.0,-1.7388211488723755,-0.22319619357585907,False,True
2376,b9a325fb3b35a4aecfa6f5e881227513a2dd229a1dfcbaf2f6a60990319613c7,mbpp,if,20,away,1.0,-1.7889128923416138,-0.21078792214393616,False,True
2376,b9a325fb3b35a4aecfa6f5e881227513a2dd229a1dfcbaf2f6a60990319613c7,mbpp,if,20,random,1.0,-1.7637931108474731,-0.21691808104515076,False,True
2376,b9a325fb3b35a4aecfa6f5e881227513a2dd229a1dfcbaf2f6a60990319613c7,mbpp,if,22,toward,0.5,-1.7637343406677246,-0.2168593555688858,False,True
2376,b9a325fb3b35a4aecfa6f5e881227513a2dd229a1dfcbaf2f6a60990319613c7,mbpp,if,22,away,0.5,-1.7763609886169434,-0.21386092901229858,False,True
2376,b9a325fb3b35a4aecfa6f5e881227513a2dd229a1dfcbaf2f6a60990319613c7,mbpp,if,22,random,0.5,-1.7765610218048096,-0.21406102180480957,False,True
2376,b9a325fb3b35a4aecfa6f5e881227513a2dd229a1dfcbaf2f6a60990319613c7,mbpp,if,22,toward,1.0,-1.7384532690048218,-0.2228282243013382,False,True
2376,b9a325fb3b35a4aecfa6f5e881227513a2dd229a1dfcbaf2f6a60990319613c7,mbpp,if,22,away,1.0,-1.7764830589294434,-0.21398307383060455,False,True
2376,b9a325fb3b35a4aecfa6f5e881227513a2dd229a1dfcbaf2f6a60990319613c7,mbpp,if,22,random,1.0,-1.7768622636795044,-0.21436229348182678,False,True
2376,b9a325fb3b35a4aecfa6f5e881227513a2dd229a1dfcbaf2f6a60990319613c7,mbpp,if,24,toward,0.5,-1.7639681100845337,-0.2170931100845337,False,True
2376,b9a325fb3b35a4aecfa6f5e881227513a2dd229a1dfcbaf2f6a60990319613c7,mbpp,if,24,away,0.5,-1.7889108657836914,-0.2107858955860138,False,True
2376,b9a325fb3b35a4aecfa6f5e881227513a2dd229a1dfcbaf2f6a60990319613c7,mbpp,if,24,random,0.5,-1.7762898206710815,-0.21378979086875916,False,True
2376,b9a325fb3b35a4aecfa6f5e881227513a2dd229a1dfcbaf2f6a60990319613c7,mbpp,if,24,toward,1.0,-1.7641515731811523,-0.21727654337882996,False,True
2376,b9a325fb3b35a4aecfa6f5e881227513a2dd229a1dfcbaf2f6a60990319613c7,mbpp,if,24,away,1.0,-1.7761900424957275,-0.21369005739688873,False,True
2376,b9a325fb3b35a4aecfa6f5e881227513a2dd229a1dfcbaf2f6a60990319613c7,mbpp,if,24,random,1.0,-1.7765049934387207,-0.2140050083398819,False,True
2376,b9a325fb3b35a4aecfa6f5e881227513a2dd229a1dfcbaf2f6a60990319613c7,mbpp,if,26,toward,0.5,-1.7768406867980957,-0.21434065699577332,False,True
2376,b9a325fb3b35a4aecfa6f5e881227513a2dd229a1dfcbaf2f6a60990319613c7,mbpp,if,26,away,0.5,-1.7763309478759766,-0.21383099257946014,False,True
2376,b9a325fb3b35a4aecfa6f5e881227513a2dd229a1dfcbaf2f6a60990319613c7,mbpp,if,26,random,0.5,-1.7757174968719482,-0.21321754157543182,False,True
2376,b9a325fb3b35a4aecfa6f5e881227513a2dd229a1dfcbaf2f6a60990319613c7,mbpp,if,26,toward,1.0,-1.7769771814346313,-0.21447716653347015,False,True
2376,b9a325fb3b35a4aecfa6f5e881227513a2dd229a1dfcbaf2f6a60990319613c7,mbpp,if,26,away,1.0,-1.776418924331665,-0.21391887962818146,False,True
2376,b9a325fb3b35a4aecfa6f5e881227513a2dd229a1dfcbaf2f6a60990319613c7,mbpp,if,26,random,1.0,-1.7624784708023071,-0.21560348570346832,False,True
2376,b9a325fb3b35a4aecfa6f5e881227513a2dd229a1dfcbaf2f6a60990319613c7,mbpp,if,28,toward,0.5,-1.7764837741851807,-0.21398374438285828,False,True
2376,b9a325fb3b35a4aecfa6f5e881227513a2dd229a1dfcbaf2f6a60990319613c7,mbpp,if,28,away,0.5,-1.7763819694519043,-0.21388201415538788,False,True
2376,b9a325fb3b35a4aecfa6f5e881227513a2dd229a1dfcbaf2f6a60990319613c7,mbpp,if,28,random,0.5,-1.7764278650283813,-0.21392782032489777,False,True
2376,b9a325fb3b35a4aecfa6f5e881227513a2dd229a1dfcbaf2f6a60990319613c7,mbpp,if,28,toward,1.0,-1.7765991687774658,-0.2140992283821106,False,True
2376,b9a325fb3b35a4aecfa6f5e881227513a2dd229a1dfcbaf2f6a60990319613c7,mbpp,if,28,away,1.0,-1.7895195484161377,-0.21139457821846008,False,True
2376,b9a325fb3b35a4aecfa6f5e881227513a2dd229a1dfcbaf2f6a60990319613c7,mbpp,if,28,random,1.0,-1.7767137289047241,-0.21421374380588531,False,True
2376,b9a325fb3b35a4aecfa6f5e881227513a2dd229a1dfcbaf2f6a60990319613c7,mbpp,if,30,toward,0.5,-1.7893604040145874,-0.21123535931110382,False,True
2376,b9a325fb3b35a4aecfa6f5e881227513a2dd229a1dfcbaf2f6a60990319613c7,mbpp,if,30,away,0.5,-1.7766351699829102,-0.21413522958755493,False,True
2376,b9a325fb3b35a4aecfa6f5e881227513a2dd229a1dfcbaf2f6a60990319613c7,mbpp,if,30,random,0.5,-1.789522647857666,-0.2113976627588272,False,True
2376,b9a325fb3b35a4aecfa6f5e881227513a2dd229a1dfcbaf2f6a60990319613c7,mbpp,if,30,toward,1.0,-1.7765018939971924,-0.21400193870067596,False,True
2376,b9a325fb3b35a4aecfa6f5e881227513a2dd229a1dfcbaf2f6a60990319613c7,mbpp,if,30,away,1.0,-1.7767105102539062,-0.21421046555042267,False,True
2376,b9a325fb3b35a4aecfa6f5e881227513a2dd229a1dfcbaf2f6a60990319613c7,mbpp,if,30,random,1.0,-1.776834487915039,-0.21433450281620026,False,True
2376,b9a325fb3b35a4aecfa6f5e881227513a2dd229a1dfcbaf2f6a60990319613c7,mbpp,if,31,toward,0.5,-1.7893567085266113,-0.21123167872428894,False,True
2376,b9a325fb3b35a4aecfa6f5e881227513a2dd229a1dfcbaf2f6a60990319613c7,mbpp,if,31,away,0.5,-1.7893567085266113,-0.21123167872428894,False,True
2376,b9a325fb3b35a4aecfa6f5e881227513a2dd229a1dfcbaf2f6a60990319613c7,mbpp,if,31,random,0.5,-1.7893567085266113,-0.21123167872428894,False,True
2376,b9a325fb3b35a4aecfa6f5e881227513a2dd229a1dfcbaf2f6a60990319613c7,mbpp,if,31,toward,1.0,-1.7893567085266113,-0.21123167872428894,False,True
2376,b9a325fb3b35a4aecfa6f5e881227513a2dd229a1dfcbaf2f6a60990319613c7,mbpp,if,31,away,1.0,-1.7893567085266113,-0.21123167872428894,False,True
2376,b9a325fb3b35a4aecfa6f5e881227513a2dd229a1dfcbaf2f6a60990319613c7,mbpp,if,31,random,1.0,-1.7893567085266113,-0.21123167872428894,False,True
2376,b9a325fb3b35a4aecfa6f5e881227513a2dd229a1dfcbaf2f6a60990319613c7,mbpp,body_first,0,toward,0.5,-1.738389253616333,-0.2227642983198166,False,True
2376,b9a325fb3b35a4aecfa6f5e881227513a2dd229a1dfcbaf2f6a60990319613c7,mbpp,body_first,0,away,0.5,-1.7637145519256592,-0.21683958172798157,False,True
2376,b9a325fb3b35a4aecfa6f5e881227513a2dd229a1dfcbaf2f6a60990319613c7,mbpp,body_first,0,random,0.5,-1.7508701086044312,-0.21962010860443115,False,True
2376,b9a325fb3b35a4aecfa6f5e881227513a2dd229a1dfcbaf2f6a60990319613c7,mbpp,body_first,0,toward,1.0,-1.6505322456359863,-0.24428227543830872,False,True
2376,b9a325fb3b35a4aecfa6f5e881227513a2dd229a1dfcbaf2f6a60990319613c7,mbpp,body_first,0,away,1.0,-1.6506309509277344,-0.24438096582889557,False,True
2376,b9a325fb3b35a4aecfa6f5e881227513a2dd229a1dfcbaf2f6a60990319613c7,mbpp,body_first,0,random,1.0,-1.6505075693130493,-0.24425753951072693,False,True
2376,b9a325fb3b35a4aecfa6f5e881227513a2dd229a1dfcbaf2f6a60990319613c7,mbpp,body_first,2,toward,0.5,-1.7507951259613037,-0.21954506635665894,False,True
2376,b9a325fb3b35a4aecfa6f5e881227513a2dd229a1dfcbaf2f6a60990319613c7,mbpp,body_first,2,away,0.5,-1.75116765499115,-0.21991761028766632,False,True
2376,b9a325fb3b35a4aecfa6f5e881227513a2dd229a1dfcbaf2f6a60990319613c7,mbpp,body_first,2,random,0.5,-1.7638936042785645,-0.21701854467391968,False,True
2376,b9a325fb3b35a4aecfa6f5e881227513a2dd229a1dfcbaf2f6a60990319613c7,mbpp,body_first,2,toward,1.0,-1.7006111145019531,-0.23186112940311432,False,True
2376,b9a325fb3b35a4aecfa6f5e881227513a2dd229a1dfcbaf2f6a60990319613c7,mbpp,body_first,2,away,1.0,-1.687882661819458,-0.2347576916217804,False,True
2376,b9a325fb3b35a4aecfa6f5e881227513a2dd229a1dfcbaf2f6a60990319613c7,mbpp,body_first,2,random,1.0,-1.71288001537323,-0.22850501537322998,False,True
2376,b9a325fb3b35a4aecfa6f5e881227513a2dd229a1dfcbaf2f6a60990319613c7,mbpp,body_first,4,toward,0.5,-1.776557207107544,-0.21405717730522156,False,True
2376,b9a325fb3b35a4aecfa6f5e881227513a2dd229a1dfcbaf2f6a60990319613c7,mbpp,body_first,4,away,0.5,-1.7259604930877686,-0.22596044838428497,False,True
2376,b9a325fb3b35a4aecfa6f5e881227513a2dd229a1dfcbaf2f6a60990319613c7,mbpp,body_first,4,random,0.5,-1.738245964050293,-0.2226209044456482,False,True
2376,b9a325fb3b35a4aecfa6f5e881227513a2dd229a1dfcbaf2f6a60990319613c7,mbpp,body_first,4,toward,1.0,-1.7635142803192139,-0.21663926541805267,False,True
2376,b9a325fb3b35a4aecfa6f5e881227513a2dd229a1dfcbaf2f6a60990319613c7,mbpp,body_first,4,away,1.0,-1.6748887300491333,-0.23738877475261688,False,True
2376,b9a325fb3b35a4aecfa6f5e881227513a2dd229a1dfcbaf2f6a60990319613c7,mbpp,body_first,4,random,1.0,-1.687106966972351,-0.23398195207118988,False,True
2376,b9a325fb3b35a4aecfa6f5e881227513a2dd229a1dfcbaf2f6a60990319613c7,mbpp,body_first,6,toward,0.5,-1.8021105527877808,-0.20836053788661957,False,True
2376,b9a325fb3b35a4aecfa6f5e881227513a2dd229a1dfcbaf2f6a60990319613c7,mbpp,body_first,6,away,0.5,-1.776496410369873,-0.21399635076522827,False,True
2376,b9a325fb3b35a4aecfa6f5e881227513a2dd229a1dfcbaf2f6a60990319613c7,mbpp,body_first,6,random,0.5,-1.776837706565857,-0.21433767676353455,False,True
2376,b9a325fb3b35a4aecfa6f5e881227513a2dd229a1dfcbaf2f6a60990319613c7,mbpp,body_first,6,toward,1.0,-1.8146693706512451,-0.20529435575008392,False,True
2376,b9a325fb3b35a4aecfa6f5e881227513a2dd229a1dfcbaf2f6a60990319613c7,mbpp,body_first,6,away,1.0,-1.7381653785705566,-0.22254036366939545,False,True
2376,b9a325fb3b35a4aecfa6f5e881227513a2dd229a1dfcbaf2f6a60990319613c7,mbpp,body_first,6,random,1.0,-1.7637213468551636,-0.21684639155864716,False,True
2376,b9a325fb3b35a4aecfa6f5e881227513a2dd229a1dfcbaf2f6a60990319613c7,mbpp,body_first,8,toward,0.5,-1.8285386562347412,-0.2035386860370636,False,True
2376,b9a325fb3b35a4aecfa6f5e881227513a2dd229a1dfcbaf2f6a60990319613c7,mbpp,body_first,8,away,0.5,-1.7891581058502197,-0.21103304624557495,False,True
2376,b9a325fb3b35a4aecfa6f5e881227513a2dd229a1dfcbaf2f6a60990319613c7,mbpp,body_first,8,random,0.5,-1.7895002365112305,-0.2113751918077469,False,True
2376,b9a325fb3b35a4aecfa6f5e881227513a2dd229a1dfcbaf2f6a60990319613c7,mbpp,body_first,8,toward,1.0,-1.8938636779785156,-0.190738707780838,False,True
2376,b9a325fb3b35a4aecfa6f5e881227513a2dd229a1dfcbaf2f6a60990319613c7,mbpp,body_first,8,away,1.0,-1.789378046989441,-0.21125301718711853,False,True
2376,b9a325fb3b35a4aecfa6f5e881227513a2dd229a1dfcbaf2f6a60990319613c7,mbpp,body_first,8,random,1.0,-1.8417361974716187,-0.20111115276813507,False,True
2376,b9a325fb3b35a4aecfa6f5e881227513a2dd229a1dfcbaf2f6a60990319613c7,mbpp,body_first,10,toward,0.5,-1.8154488801956177,-0.20607392489910126,False,True
2376,b9a325fb3b35a4aecfa6f5e881227513a2dd229a1dfcbaf2f6a60990319613c7,mbpp,body_first,10,away,0.5,-1.776289939880371,-0.21378998458385468,False,True
2376,b9a325fb3b35a4aecfa6f5e881227513a2dd229a1dfcbaf2f6a60990319613c7,mbpp,body_first,10,random,0.5,-1.8021199703216553,-0.2083699256181717,False,True
2376,b9a325fb3b35a4aecfa6f5e881227513a2dd229a1dfcbaf2f6a60990319613c7,mbpp,body_first,10,toward,1.0,-1.8548555374145508,-0.1986054927110672,False,True
2376,b9a325fb3b35a4aecfa6f5e881227513a2dd229a1dfcbaf2f6a60990319613c7,mbpp,body_first,10,away,1.0,-1.7755450010299683,-0.21304501593112946,False,True
2376,b9a325fb3b35a4aecfa6f5e881227513a2dd229a1dfcbaf2f6a60990319613c7,mbpp,body_first,10,random,1.0,-1.8283017873764038,-0.2033018320798874,False,True
2376,b9a325fb3b35a4aecfa6f5e881227513a2dd229a1dfcbaf2f6a60990319613c7,mbpp,body_first,12,toward,0.5,-1.7771409749984741,-0.21464097499847412,False,True
2376,b9a325fb3b35a4aecfa6f5e881227513a2dd229a1dfcbaf2f6a60990319613c7,mbpp,body_first,12,away,0.5,-1.80190110206604,-0.20815107226371765,False,True
2376,b9a325fb3b35a4aecfa6f5e881227513a2dd229a1dfcbaf2f6a60990319613c7,mbpp,body_first,12,random,0.5,-1.8026162385940552,-0.20886622369289398,False,True
2376,b9a325fb3b35a4aecfa6f5e881227513a2dd229a1dfcbaf2f6a60990319613c7,mbpp,body_first,12,toward,1.0,-1.7909276485443115,-0.21280260384082794,False,True
2376,b9a325fb3b35a4aecfa6f5e881227513a2dd229a1dfcbaf2f6a60990319613c7,mbpp,body_first,12,away,1.0,-1.7883613109588623,-0.21023626625537872,False,True
2376,b9a325fb3b35a4aecfa6f5e881227513a2dd229a1dfcbaf2f6a60990319613c7,mbpp,body_first,12,random,1.0,-1.815320611000061,-0.20594558119773865,False,True
2376,b9a325fb3b35a4aecfa6f5e881227513a2dd229a1dfcbaf2f6a60990319613c7,mbpp,body_first,14,toward,0.5,-1.828355312347412,-0.2033553272485733,False,True
2376,b9a325fb3b35a4aecfa6f5e881227513a2dd229a1dfcbaf2f6a60990319613c7,mbpp,body_first,14,away,0.5,-1.7380720376968384,-0.22244703769683838,False,True
2376,b9a325fb3b35a4aecfa6f5e881227513a2dd229a1dfcbaf2f6a60990319613c7,mbpp,body_first,14,random,0.5,-1.789406657218933,-0.2112816721200943,False,True
2376,b9a325fb3b35a4aecfa6f5e881227513a2dd229a1dfcbaf2f6a60990319613c7,mbpp,body_first,14,toward,1.0,-1.8283754587173462,-0.20337547361850739,False,True
2376,b9a325fb3b35a4aecfa6f5e881227513a2dd229a1dfcbaf2f6a60990319613c7,mbpp,body_first,14,away,1.0,-1.6999229192733765,-0.23117291927337646,False,True
2376,b9a325fb3b35a4aecfa6f5e881227513a2dd229a1dfcbaf2f6a60990319613c7,mbpp,body_first,14,random,1.0,-1.763871669769287,-0.2169966697692871,False,True
2376,b9a325fb3b35a4aecfa6f5e881227513a2dd229a1dfcbaf2f6a60990319613c7,mbpp,body_first,16,toward,0.5,-1.7764860391616821,-0.21398605406284332,False,True
2376,b9a325fb3b35a4aecfa6f5e881227513a2dd229a1dfcbaf2f6a60990319613c7,mbpp,body_first,16,away,0.5,-1.7636781930923462,-0.21680320799350739,False,True
2376,b9a325fb3b35a4aecfa6f5e881227513a2dd229a1dfcbaf2f6a60990319613c7,mbpp,body_first,16,random,0.5,-1.789318323135376,-0.2111932784318924,False,True
2376,b9a325fb3b35a4aecfa6f5e881227513a2dd229a1dfcbaf2f6a60990319613c7,mbpp,body_first,16,toward,1.0,-1.7762774229049683,-0.21377746760845184,False,True
2376,b9a325fb3b35a4aecfa6f5e881227513a2dd229a1dfcbaf2f6a60990319613c7,mbpp,body_first,16,away,1.0,-1.763887643814087,-0.21701259911060333,False,True
2376,b9a325fb3b35a4aecfa6f5e881227513a2dd229a1dfcbaf2f6a60990319613c7,mbpp,body_first,16,random,1.0,-1.7766759395599365,-0.21417592465877533,False,True
2376,b9a325fb3b35a4aecfa6f5e881227513a2dd229a1dfcbaf2f6a60990319613c7,mbpp,body_first,18,toward,0.5,-1.7763700485229492,-0.2138700783252716,False,True
2376,b9a325fb3b35a4aecfa6f5e881227513a2dd229a1dfcbaf2f6a60990319613c7,mbpp,body_first,18,away,0.5,-1.7892495393753052,-0.21112455427646637,False,True
2376,b9a325fb3b35a4aecfa6f5e881227513a2dd229a1dfcbaf2f6a60990319613c7,mbpp,body_first,18,random,0.5,-1.7891888618469238,-0.21106384694576263,False,True
2376,b9a325fb3b35a4aecfa6f5e881227513a2dd229a1dfcbaf2f6a60990319613c7,mbpp,body_first,18,toward,1.0,-1.776163101196289,-0.21366310119628906,False,True
2376,b9a325fb3b35a4aecfa6f5e881227513a2dd229a1dfcbaf2f6a60990319613c7,mbpp,body_first,18,away,1.0,-1.80190908908844,-0.20815910398960114,False,True
2376,b9a325fb3b35a4aecfa6f5e881227513a2dd229a1dfcbaf2f6a60990319613c7,mbpp,body_first,18,random,1.0,-1.7764935493469238,-0.21399356424808502,False,True
2376,b9a325fb3b35a4aecfa6f5e881227513a2dd229a1dfcbaf2f6a60990319613c7,mbpp,body_first,20,toward,0.5,-1.7763220071792603,-0.21382203698158264,False,True
2376,b9a325fb3b35a4aecfa6f5e881227513a2dd229a1dfcbaf2f6a60990319613c7,mbpp,body_first,20,away,0.5,-1.7895002365112305,-0.2113751918077469,False,True
2376,b9a325fb3b35a4aecfa6f5e881227513a2dd229a1dfcbaf2f6a60990319613c7,mbpp,body_first,20,random,0.5,-1.78910231590271,-0.21097725629806519,False,True
2376,b9a325fb3b35a4aecfa6f5e881227513a2dd229a1dfcbaf2f6a60990319613c7,mbpp,body_first,20,toward,1.0,-1.776253581047058,-0.2137535959482193,False,True
2376,b9a325fb3b35a4aecfa6f5e881227513a2dd229a1dfcbaf2f6a60990319613c7,mbpp,body_first,20,away,1.0,-1.7894233465194702,-0.2112983763217926,False,True
2376,b9a325fb3b35a4aecfa6f5e881227513a2dd229a1dfcbaf2f6a60990319613c7,mbpp,body_first,20,random,1.0,-1.7893974781036377,-0.21127250790596008,False,True
2376,b9a325fb3b35a4aecfa6f5e881227513a2dd229a1dfcbaf2f6a60990319613c7,mbpp,body_first,22,toward,0.5,-1.7764216661453247,-0.2139216661453247,False,True
2376,b9a325fb3b35a4aecfa6f5e881227513a2dd229a1dfcbaf2f6a60990319613c7,mbpp,body_first,22,away,0.5,-1.776578426361084,-0.21407844126224518,False,True
2376,b9a325fb3b35a4aecfa6f5e881227513a2dd229a1dfcbaf2f6a60990319613c7,mbpp,body_first,22,random,0.5,-1.7765799760818481,-0.21407999098300934,False,True
2376,b9a325fb3b35a4aecfa6f5e881227513a2dd229a1dfcbaf2f6a60990319613c7,mbpp,body_first,22,toward,1.0,-1.7767274379730225,-0.21422740817070007,False,True
2376,b9a325fb3b35a4aecfa6f5e881227513a2dd229a1dfcbaf2f6a60990319613c7,mbpp,body_first,22,away,1.0,-1.776556372642517,-0.21405640244483948,False,True
2376,b9a325fb3b35a4aecfa6f5e881227513a2dd229a1dfcbaf2f6a60990319613c7,mbpp,body_first,22,random,1.0,-1.7894872426986694,-0.21136225759983063,False,True
2376,b9a325fb3b35a4aecfa6f5e881227513a2dd229a1dfcbaf2f6a60990319613c7,mbpp,body_first,24,toward,0.5,-1.7893710136413574,-0.21124596893787384,False,True
2376,b9a325fb3b35a4aecfa6f5e881227513a2dd229a1dfcbaf2f6a60990319613c7,mbpp,body_first,24,away,0.5,-1.7892301082611084,-0.21110506355762482,False,True
2376,b9a325fb3b35a4aecfa6f5e881227513a2dd229a1dfcbaf2f6a60990319613c7,mbpp,body_first,24,random,0.5,-1.7894015312194824,-0.21127647161483765,False,True
2376,b9a325fb3b35a4aecfa6f5e881227513a2dd229a1dfcbaf2f6a60990319613c7,mbpp,body_first,24,toward,1.0,-1.7764081954956055,-0.21390819549560547,False,True
2376,b9a325fb3b35a4aecfa6f5e881227513a2dd229a1dfcbaf2f6a60990319613c7,mbpp,body_first,24,away,1.0,-1.7766432762145996,-0.21414321660995483,False,True
2376,b9a325fb3b35a4aecfa6f5e881227513a2dd229a1dfcbaf2f6a60990319613c7,mbpp,body_first,24,random,1.0,-1.776648759841919,-0.21414870023727417,False,True
2376,b9a325fb3b35a4aecfa6f5e881227513a2dd229a1dfcbaf2f6a60990319613c7,mbpp,body_first,26,toward,0.5,-1.7765769958496094,-0.21407699584960938,False,True
2376,b9a325fb3b35a4aecfa6f5e881227513a2dd229a1dfcbaf2f6a60990319613c7,mbpp,body_first,26,away,0.5,-1.7893035411834717,-0.21117860078811646,False,True
2376,b9a325fb3b35a4aecfa6f5e881227513a2dd229a1dfcbaf2f6a60990319613c7,mbpp,body_first,26,random,0.5,-1.7892240285873413,-0.2110990732908249,False,True
2376,b9a325fb3b35a4aecfa6f5e881227513a2dd229a1dfcbaf2f6a60990319613c7,mbpp,body_first,26,toward,1.0,-1.7894946336746216,-0.21136967837810516,False,True
2376,b9a325fb3b35a4aecfa6f5e881227513a2dd229a1dfcbaf2f6a60990319613c7,mbpp,body_first,26,away,1.0,-1.776412844657898,-0.21391281485557556,False,True
2376,b9a325fb3b35a4aecfa6f5e881227513a2dd229a1dfcbaf2f6a60990319613c7,mbpp,body_first,26,random,1.0,-1.7892215251922607,-0.21109655499458313,False,True
2376,b9a325fb3b35a4aecfa6f5e881227513a2dd229a1dfcbaf2f6a60990319613c7,mbpp,body_first,28,toward,0.5,-1.7893366813659668,-0.21121171116828918,False,True
2376,b9a325fb3b35a4aecfa6f5e881227513a2dd229a1dfcbaf2f6a60990319613c7,mbpp,body_first,28,away,0.5,-1.7892279624938965,-0.2111029326915741,False,True
2376,b9a325fb3b35a4aecfa6f5e881227513a2dd229a1dfcbaf2f6a60990319613c7,mbpp,body_first,28,random,0.5,-1.7893620729446411,-0.2112370878458023,False,True
2376,b9a325fb3b35a4aecfa6f5e881227513a2dd229a1dfcbaf2f6a60990319613c7,mbpp,body_first,28,toward,1.0,-1.789554476737976,-0.21142950654029846,False,True
2376,b9a325fb3b35a4aecfa6f5e881227513a2dd229a1dfcbaf2f6a60990319613c7,mbpp,body_first,28,away,1.0,-1.7890981435775757,-0.2109730988740921,False,True
2376,b9a325fb3b35a4aecfa6f5e881227513a2dd229a1dfcbaf2f6a60990319613c7,mbpp,body_first,28,random,1.0,-1.7766834497451782,-0.21418343484401703,False,True
2376,b9a325fb3b35a4aecfa6f5e881227513a2dd229a1dfcbaf2f6a60990319613c7,mbpp,body_first,30,toward,0.5,-1.7895081043243408,-0.21138310432434082,False,True
2376,b9a325fb3b35a4aecfa6f5e881227513a2dd229a1dfcbaf2f6a60990319613c7,mbpp,body_first,30,away,0.5,-1.7765380144119263,-0.21403802931308746,False,True
2376,b9a325fb3b35a4aecfa6f5e881227513a2dd229a1dfcbaf2f6a60990319613c7,mbpp,body_first,30,random,0.5,-1.7894595861434937,-0.21133455634117126,False,True
2376,b9a325fb3b35a4aecfa6f5e881227513a2dd229a1dfcbaf2f6a60990319613c7,mbpp,body_first,30,toward,1.0,-1.7894718647003174,-0.21134690940380096,False,True
2376,b9a325fb3b35a4aecfa6f5e881227513a2dd229a1dfcbaf2f6a60990319613c7,mbpp,body_first,30,away,1.0,-1.7894809246063232,-0.21135598421096802,False,True
2376,b9a325fb3b35a4aecfa6f5e881227513a2dd229a1dfcbaf2f6a60990319613c7,mbpp,body_first,30,random,1.0,-1.7894543409347534,-0.21132934093475342,False,True
2376,b9a325fb3b35a4aecfa6f5e881227513a2dd229a1dfcbaf2f6a60990319613c7,mbpp,body_first,31,toward,0.5,-1.7893567085266113,-0.21123167872428894,False,True
2376,b9a325fb3b35a4aecfa6f5e881227513a2dd229a1dfcbaf2f6a60990319613c7,mbpp,body_first,31,away,0.5,-1.7893567085266113,-0.21123167872428894,False,True
2376,b9a325fb3b35a4aecfa6f5e881227513a2dd229a1dfcbaf2f6a60990319613c7,mbpp,body_first,31,random,0.5,-1.7893567085266113,-0.21123167872428894,False,True
2376,b9a325fb3b35a4aecfa6f5e881227513a2dd229a1dfcbaf2f6a60990319613c7,mbpp,body_first,31,toward,1.0,-1.7893567085266113,-0.21123167872428894,False,True
2376,b9a325fb3b35a4aecfa6f5e881227513a2dd229a1dfcbaf2f6a60990319613c7,mbpp,body_first,31,away,1.0,-1.7893567085266113,-0.21123167872428894,False,True
2376,b9a325fb3b35a4aecfa6f5e881227513a2dd229a1dfcbaf2f6a60990319613c7,mbpp,body_first,31,random,1.0,-1.7893567085266113,-0.21123167872428894,False,True
2376,b9a325fb3b35a4aecfa6f5e881227513a2dd229a1dfcbaf2f6a60990319613c7,mbpp,answer,0,toward,0.5,-1.748555064201355,-0.2173050194978714,False,True
2376,b9a325fb3b35a4aecfa6f5e881227513a2dd229a1dfcbaf2f6a60990319613c7,mbpp,answer,0,away,0.5,-1.7274084091186523,-0.22740842401981354,False,True
2376,b9a325fb3b35a4aecfa6f5e881227513a2dd229a1dfcbaf2f6a60990319613c7,mbpp,answer,0,random,0.5,-1.8010704517364502,-0.2073204070329666,False,True
2376,b9a325fb3b35a4aecfa6f5e881227513a2dd229a1dfcbaf2f6a60990319613c7,mbpp,answer,0,toward,1.0,-1.7470741271972656,-0.2158241868019104,False,True
2376,b9a325fb3b35a4aecfa6f5e881227513a2dd229a1dfcbaf2f6a60990319613c7,mbpp,answer,0,away,1.0,-1.6257601976394653,-0.25076016783714294,False,True
2376,b9a325fb3b35a4aecfa6f5e881227513a2dd229a1dfcbaf2f6a60990319613c7,mbpp,answer,0,random,1.0,-1.8380777835845947,-0.19745281338691711,False,True
2376,b9a325fb3b35a4aecfa6f5e881227513a2dd229a1dfcbaf2f6a60990319613c7,mbpp,answer,2,toward,0.5,-1.7519621849060059,-0.22071217000484467,False,True
2376,b9a325fb3b35a4aecfa6f5e881227513a2dd229a1dfcbaf2f6a60990319613c7,mbpp,answer,2,away,0.5,-1.8021308183670044,-0.20838086307048798,False,True
2376,b9a325fb3b35a4aecfa6f5e881227513a2dd229a1dfcbaf2f6a60990319613c7,mbpp,answer,2,random,0.5,-1.7757014036178589,-0.2132013589143753,False,True
2376,b9a325fb3b35a4aecfa6f5e881227513a2dd229a1dfcbaf2f6a60990319613c7,mbpp,answer,2,toward,1.0,-1.614431619644165,-0.25505656003952026,False,True
2376,b9a325fb3b35a4aecfa6f5e881227513a2dd229a1dfcbaf2f6a60990319613c7,mbpp,answer,2,away,1.0,-1.750253438949585,-0.21900348365306854,False,True
2376,b9a325fb3b35a4aecfa6f5e881227513a2dd229a1dfcbaf2f6a60990319613c7,mbpp,answer,2,random,1.0,-1.7744183540344238,-0.21191830933094025,False,True
2376,b9a325fb3b35a4aecfa6f5e881227513a2dd229a1dfcbaf2f6a60990319613c7,mbpp,answer,4,toward,0.5,-1.7492355108261108,-0.21798548102378845,False,True
2376,b9a325fb3b35a4aecfa6f5e881227513a2dd229a1dfcbaf2f6a60990319613c7,mbpp,answer,4,away,0.5,-1.8665473461151123,-0.1946723759174347,False,True
2376,b9a325fb3b35a4aecfa6f5e881227513a2dd229a1dfcbaf2f6a60990319613c7,mbpp,answer,4,random,0.5,-1.853990077972412,-0.19774006307125092,False,True
2376,b9a325fb3b35a4aecfa6f5e881227513a2dd229a1dfcbaf2f6a60990319613c7,mbpp,answer,4,toward,1.0,-1.746396541595459,-0.21514657139778137,False,True
2376,b9a325fb3b35a4aecfa6f5e881227513a2dd229a1dfcbaf2f6a60990319613c7,mbpp,answer,4,away,1.0,-1.890363097190857,-0.18723809719085693,False,True
2376,b9a325fb3b35a4aecfa6f5e881227513a2dd229a1dfcbaf2f6a60990319613c7,mbpp,answer,4,random,1.0,-1.9040424823760986,-0.1852925419807434,False,True
2376,b9a325fb3b35a4aecfa6f5e881227513a2dd229a1dfcbaf2f6a60990319613c7,mbpp,answer,6,toward,0.5,-1.8641964197158813,-0.19232137501239777,False,True
2376,b9a325fb3b35a4aecfa6f5e881227513a2dd229a1dfcbaf2f6a60990319613c7,mbpp,answer,6,away,0.5,-1.6241352558135986,-0.24913530051708221,False,True
2376,b9a325fb3b35a4aecfa6f5e881227513a2dd229a1dfcbaf2f6a60990319613c7,mbpp,answer,6,random,0.5,-1.877842664718628,-0.1903427243232727,False,True
2376,b9a325fb3b35a4aecfa6f5e881227513a2dd229a1dfcbaf2f6a60990319613c7,mbpp,answer,6,toward,1.0,-1.9945721626281738,-0.16644713282585144,False,True
2376,b9a325fb3b35a4aecfa6f5e881227513a2dd229a1dfcbaf2f6a60990319613c7,mbpp,answer,6,away,1.0,-1.438924789428711,-0.29829972982406616,False,True
2376,b9a325fb3b35a4aecfa6f5e881227513a2dd229a1dfcbaf2f6a60990319613c7,mbpp,answer,6,random,1.0,-1.9550364017486572,-0.1737864464521408,False,True
2376,b9a325fb3b35a4aecfa6f5e881227513a2dd229a1dfcbaf2f6a60990319613c7,mbpp,answer,8,toward,0.5,-1.870175838470459,-0.19830089807510376,False,True
2376,b9a325fb3b35a4aecfa6f5e881227513a2dd229a1dfcbaf2f6a60990319613c7,mbpp,answer,8,away,0.5,-1.7235068082809448,-0.2235068380832672,False,True
2376,b9a325fb3b35a4aecfa6f5e881227513a2dd229a1dfcbaf2f6a60990319613c7,mbpp,answer,8,random,0.5,-1.9044805765151978,-0.18573053181171417,False,True
2376,b9a325fb3b35a4aecfa6f5e881227513a2dd229a1dfcbaf2f6a60990319613c7,mbpp,answer,8,toward,1.0,-1.975226640701294,-0.19397665560245514,False,True
2376,b9a325fb3b35a4aecfa6f5e881227513a2dd229a1dfcbaf2f6a60990319613c7,mbpp,answer,8,away,1.0,-1.7195301055908203,-0.2195301353931427,False,True
2376,b9a325fb3b35a4aecfa6f5e881227513a2dd229a1dfcbaf2f6a60990319613c7,mbpp,answer,8,random,1.0,-2.0770998001098633,-0.15522469580173492,False,True
2376,b9a325fb3b35a4aecfa6f5e881227513a2dd229a1dfcbaf2f6a60990319613c7,mbpp,answer,10,toward,0.5,-1.776687741279602,-0.21418775618076324,False,True
2376,b9a325fb3b35a4aecfa6f5e881227513a2dd229a1dfcbaf2f6a60990319613c7,mbpp,answer,10,away,0.5,-1.766707420349121,-0.21983245015144348,False,True
2376,b9a325fb3b35a4aecfa6f5e881227513a2dd229a1dfcbaf2f6a60990319613c7,mbpp,answer,10,random,0.5,-1.7068156003952026,-0.22244063019752502,False,True
2376,b9a325fb3b35a4aecfa6f5e881227513a2dd229a1dfcbaf2f6a60990319613c7,mbpp,answer,10,toward,1.0,-1.9064159393310547,-0.2032909393310547,False,True
2376,b9a325fb3b35a4aecfa6f5e881227513a2dd229a1dfcbaf2f6a60990319613c7,mbpp,answer,10,away,1.0,-1.8506743907928467,-0.21004942059516907,False,True
2376,b9a325fb3b35a4aecfa6f5e881227513a2dd229a1dfcbaf2f6a60990319613c7,mbpp,answer,10,random,1.0,-1.6039608716964722,-0.24458588659763336,False,True
2376,b9a325fb3b35a4aecfa6f5e881227513a2dd229a1dfcbaf2f6a60990319613c7,mbpp,answer,12,toward,0.5,-1.8067049980163574,-0.2129550278186798,False,True
2376,b9a325fb3b35a4aecfa6f5e881227513a2dd229a1dfcbaf2f6a60990319613c7,mbpp,answer,12,away,0.5,-1.7148767709732056,-0.23050177097320557,False,True
2376,b9a325fb3b35a4aecfa6f5e881227513a2dd229a1dfcbaf2f6a60990319613c7,mbpp,answer,12,random,0.5,-1.7361212968826294,-0.2204962819814682,False,True
2376,b9a325fb3b35a4aecfa6f5e881227513a2dd229a1dfcbaf2f6a60990319613c7,mbpp,answer,12,toward,1.0,-2.06088924407959,-0.1858893185853958,False,True
2376,b9a325fb3b35a4aecfa6f5e881227513a2dd229a1dfcbaf2f6a60990319613c7,mbpp,answer,12,away,1.0,-1.4923365116119385,-0.28921157121658325,False,True
2376,b9a325fb3b35a4aecfa6f5e881227513a2dd229a1dfcbaf2f6a60990319613c7,mbpp,answer,12,random,1.0,-1.8178603649139404,-0.20848537981510162,False,True
2376,b9a325fb3b35a4aecfa6f5e881227513a2dd229a1dfcbaf2f6a60990319613c7,mbpp,answer,14,toward,0.5,-1.5244803428649902,-0.29010531306266785,False,True
2376,b9a325fb3b35a4aecfa6f5e881227513a2dd229a1dfcbaf2f6a60990319613c7,mbpp,answer,14,away,0.5,-2.102897882461548,-0.14977291226387024,False,True
2376,b9a325fb3b35a4aecfa6f5e881227513a2dd229a1dfcbaf2f6a60990319613c7,mbpp,answer,14,random,0.5,-1.946533203125,-0.18090826272964478,False,True
2376,b9a325fb3b35a4aecfa6f5e881227513a2dd229a1dfcbaf2f6a60990319613c7,mbpp,answer,14,toward,1.0,-1.1842765808105469,-0.43427664041519165,False,True
2376,b9a325fb3b35a4aecfa6f5e881227513a2dd229a1dfcbaf2f6a60990319613c7,mbpp,answer,14,away,1.0,-2.393186092376709,-0.111936055123806,False,True
2376,b9a325fb3b35a4aecfa6f5e881227513a2dd229a1dfcbaf2f6a60990319613c7,mbpp,answer,14,random,1.0,-2.1103098392486572,-0.15718474984169006,False,True
2376,b9a325fb3b35a4aecfa6f5e881227513a2dd229a1dfcbaf2f6a60990319613c7,mbpp,answer,16,toward,0.5,-0.961358904838562,-0.539483904838562,False,True
2376,b9a325fb3b35a4aecfa6f5e881227513a2dd229a1dfcbaf2f6a60990319613c7,mbpp,answer,16,away,0.5,-2.753889560699463,-0.08201457560062408,False,True
2376,b9a325fb3b35a4aecfa6f5e881227513a2dd229a1dfcbaf2f6a60990319613c7,mbpp,answer,16,random,0.5,-1.5839662551879883,-0.2558412253856659,False,True
2376,b9a325fb3b35a4aecfa6f5e881227513a2dd229a1dfcbaf2f6a60990319613c7,mbpp,answer,16,toward,1.0,-0.5577024221420288,-0.9639524221420288,True,False
2376,b9a325fb3b35a4aecfa6f5e881227513a2dd229a1dfcbaf2f6a60990319613c7,mbpp,answer,16,away,1.0,-3.7719788551330566,-0.03760385513305664,False,True
2376,b9a325fb3b35a4aecfa6f5e881227513a2dd229a1dfcbaf2f6a60990319613c7,mbpp,answer,16,random,1.0,-1.4297531843185425,-0.3047531843185425,False,True
2376,b9a325fb3b35a4aecfa6f5e881227513a2dd229a1dfcbaf2f6a60990319613c7,mbpp,answer,18,toward,0.5,-1.2097880840301514,-0.41291308403015137,False,True
2376,b9a325fb3b35a4aecfa6f5e881227513a2dd229a1dfcbaf2f6a60990319613c7,mbpp,answer,18,away,0.5,-2.783679723739624,-0.08055473864078522,False,True
2376,b9a325fb3b35a4aecfa6f5e881227513a2dd229a1dfcbaf2f6a60990319613c7,mbpp,answer,18,random,0.5,-1.674578070640564,-0.23707808554172516,False,True
2376,b9a325fb3b35a4aecfa6f5e881227513a2dd229a1dfcbaf2f6a60990319613c7,mbpp,answer,18,toward,1.0,-1.0663642883300781,-0.5351142287254333,False,True
2376,b9a325fb3b35a4aecfa6f5e881227513a2dd229a1dfcbaf2f6a60990319613c7,mbpp,answer,18,away,1.0,-3.7583470344543457,-0.039597030729055405,False,True
2376,b9a325fb3b35a4aecfa6f5e881227513a2dd229a1dfcbaf2f6a60990319613c7,mbpp,answer,18,random,1.0,-1.597513198852539,-0.26938825845718384,False,True
2376,b9a325fb3b35a4aecfa6f5e881227513a2dd229a1dfcbaf2f6a60990319613c7,mbpp,answer,20,toward,0.5,-1.1977465152740479,-0.41649654507637024,False,True
2376,b9a325fb3b35a4aecfa6f5e881227513a2dd229a1dfcbaf2f6a60990319613c7,mbpp,answer,20,away,0.5,-2.5533628463745117,-0.10023774951696396,False,True
2376,b9a325fb3b35a4aecfa6f5e881227513a2dd229a1dfcbaf2f6a60990319613c7,mbpp,answer,20,random,0.5,-1.8928979635238647,-0.18977296352386475,False,True
2376,b9a325fb3b35a4aecfa6f5e881227513a2dd229a1dfcbaf2f6a60990319613c7,mbpp,answer,20,toward,1.0,-1.0199966430664062,-0.551246702671051,False,True
2376,b9a325fb3b35a4aecfa6f5e881227513a2dd229a1dfcbaf2f6a60990319613c7,mbpp,answer,20,away,1.0,-3.085810661315918,-0.07018563896417618,False,True
2376,b9a325fb3b35a4aecfa6f5e881227513a2dd229a1dfcbaf2f6a60990319613c7,mbpp,answer,20,random,1.0,-2.016960382461548,-0.17321038246154785,False,True
2376,b9a325fb3b35a4aecfa6f5e881227513a2dd229a1dfcbaf2f6a60990319613c7,mbpp,answer,22,toward,0.5,-1.338355541229248,-0.35398051142692566,False,True
2376,b9a325fb3b35a4aecfa6f5e881227513a2dd229a1dfcbaf2f6a60990319613c7,mbpp,answer,22,away,0.5,-2.4670255184173584,-0.10765047371387482,False,True
2376,b9a325fb3b35a4aecfa6f5e881227513a2dd229a1dfcbaf2f6a60990319613c7,mbpp,answer,22,random,0.5,-1.8504759073257446,-0.19422592222690582,False,True
2376,b9a325fb3b35a4aecfa6f5e881227513a2dd229a1dfcbaf2f6a60990319613c7,mbpp,answer,22,toward,1.0,-1.139775037765503,-0.4679000675678253,False,True
2376,b9a325fb3b35a4aecfa6f5e881227513a2dd229a1dfcbaf2f6a60990319613c7,mbpp,answer,22,away,1.0,-3.1482863426208496,-0.07016129791736603,False,True
2376,b9a325fb3b35a4aecfa6f5e881227513a2dd229a1dfcbaf2f6a60990319613c7,mbpp,answer,22,random,1.0,-1.888839840888977,-0.18571479618549347,False,True
2376,b9a325fb3b35a4aecfa6f5e881227513a2dd229a1dfcbaf2f6a60990319613c7,mbpp,answer,24,toward,0.5,-1.33351469039917,-0.36476466059684753,False,True
2376,b9a325fb3b35a4aecfa6f5e881227513a2dd229a1dfcbaf2f6a60990319613c7,mbpp,answer,24,away,0.5,-2.510183811187744,-0.10393378883600235,False,True
2376,b9a325fb3b35a4aecfa6f5e881227513a2dd229a1dfcbaf2f6a60990319613c7,mbpp,answer,24,random,0.5,-1.882142186164856,-0.21026718616485596,False,True
2376,b9a325fb3b35a4aecfa6f5e881227513a2dd229a1dfcbaf2f6a60990319613c7,mbpp,answer,24,toward,1.0,-1.1990553140640259,-0.4803053140640259,False,True
2376,b9a325fb3b35a4aecfa6f5e881227513a2dd229a1dfcbaf2f6a60990319613c7,mbpp,answer,24,away,1.0,-3.246249198913574,-0.07437420636415482,False,True
2376,b9a325fb3b35a4aecfa6f5e881227513a2dd229a1dfcbaf2f6a60990319613c7,mbpp,answer,24,random,1.0,-2.0771243572235107,-0.23337441682815552,False,True
2376,b9a325fb3b35a4aecfa6f5e881227513a2dd229a1dfcbaf2f6a60990319613c7,mbpp,answer,26,toward,0.5,-1.3270785808563232,-0.373953640460968,False,True
2376,b9a325fb3b35a4aecfa6f5e881227513a2dd229a1dfcbaf2f6a60990319613c7,mbpp,answer,26,away,0.5,-2.5953683853149414,-0.095368392765522,False,True
2376,b9a325fb3b35a4aecfa6f5e881227513a2dd229a1dfcbaf2f6a60990319613c7,mbpp,answer,26,random,0.5,-1.8396916389465332,-0.2146916687488556,False,True
2376,b9a325fb3b35a4aecfa6f5e881227513a2dd229a1dfcbaf2f6a60990319613c7,mbpp,answer,26,toward,1.0,-1.1959502696990967,-0.5240753293037415,False,True
2376,b9a325fb3b35a4aecfa6f5e881227513a2dd229a1dfcbaf2f6a60990319613c7,mbpp,answer,26,away,1.0,-3.442728042602539,-0.0521029569208622,False,True
2376,b9a325fb3b35a4aecfa6f5e881227513a2dd229a1dfcbaf2f6a60990319613c7,mbpp,answer,26,random,1.0,-2.033824920654297,-0.1900748312473297,False,True
2376,b9a325fb3b35a4aecfa6f5e881227513a2dd229a1dfcbaf2f6a60990319613c7,mbpp,answer,28,toward,0.5,-1.3330891132354736,-0.36433911323547363,False,True
2376,b9a325fb3b35a4aecfa6f5e881227513a2dd229a1dfcbaf2f6a60990319613c7,mbpp,answer,28,away,0.5,-2.797887086868286,-0.0791371539235115,False,True
2376,b9a325fb3b35a4aecfa6f5e881227513a2dd229a1dfcbaf2f6a60990319613c7,mbpp,answer,28,random,0.5,-1.8117412328720093,-0.20236626267433167,False,True
2376,b9a325fb3b35a4aecfa6f5e881227513a2dd229a1dfcbaf2f6a60990319613c7,mbpp,answer,28,toward,1.0,-1.223299503326416,-0.473299503326416,False,True
2376,b9a325fb3b35a4aecfa6f5e881227513a2dd229a1dfcbaf2f6a60990319613c7,mbpp,answer,28,away,1.0,-3.9415290355682373,-0.035279013216495514,False,True
2376,b9a325fb3b35a4aecfa6f5e881227513a2dd229a1dfcbaf2f6a60990319613c7,mbpp,answer,28,random,1.0,-1.966282844543457,-0.16940787434577942,False,True
2376,b9a325fb3b35a4aecfa6f5e881227513a2dd229a1dfcbaf2f6a60990319613c7,mbpp,answer,30,toward,0.5,-1.4570057392120361,-0.3163807988166809,False,True
2376,b9a325fb3b35a4aecfa6f5e881227513a2dd229a1dfcbaf2f6a60990319613c7,mbpp,answer,30,away,0.5,-3.075875759124756,-0.06025071069598198,False,True
2376,b9a325fb3b35a4aecfa6f5e881227513a2dd229a1dfcbaf2f6a60990319613c7,mbpp,answer,30,random,0.5,-2.1540794372558594,-0.13845443725585938,False,True
2376,b9a325fb3b35a4aecfa6f5e881227513a2dd229a1dfcbaf2f6a60990319613c7,mbpp,answer,30,toward,1.0,-1.5446323156356812,-0.37275728583335876,False,True
2376,b9a325fb3b35a4aecfa6f5e881227513a2dd229a1dfcbaf2f6a60990319613c7,mbpp,answer,30,away,1.0,-4.401862621307373,-0.042487744241952896,False,True
2376,b9a325fb3b35a4aecfa6f5e881227513a2dd229a1dfcbaf2f6a60990319613c7,mbpp,answer,30,random,1.0,-2.619102954864502,-0.08785291016101837,False,True
2376,b9a325fb3b35a4aecfa6f5e881227513a2dd229a1dfcbaf2f6a60990319613c7,mbpp,answer,31,toward,0.5,-1.1464201211929321,-0.6464201211929321,False,True
2376,b9a325fb3b35a4aecfa6f5e881227513a2dd229a1dfcbaf2f6a60990319613c7,mbpp,answer,31,away,0.5,-3.051335096359253,-0.2075851559638977,False,True
2376,b9a325fb3b35a4aecfa6f5e881227513a2dd229a1dfcbaf2f6a60990319613c7,mbpp,answer,31,random,0.5,-1.8204749822616577,-0.21109993755817413,False,True
2376,b9a325fb3b35a4aecfa6f5e881227513a2dd229a1dfcbaf2f6a60990319613c7,mbpp,answer,31,toward,1.0,-2.143433094024658,-2.299683094024658,False,False
2376,b9a325fb3b35a4aecfa6f5e881227513a2dd229a1dfcbaf2f6a60990319613c7,mbpp,answer,31,away,1.0,-6.663228988647461,-3.335103988647461,False,False
2376,b9a325fb3b35a4aecfa6f5e881227513a2dd229a1dfcbaf2f6a60990319613c7,mbpp,answer,31,random,1.0,-1.9517152309417725,-0.4985902011394501,False,True
2377,b9a325fb3b35a4aecfa6f5e881227513a2dd229a1dfcbaf2f6a60990319613c7,mbpp,baseline,-1,none,0.0,-1.3029146194458008,-0.3497895896434784,False,True
2377,b9a325fb3b35a4aecfa6f5e881227513a2dd229a1dfcbaf2f6a60990319613c7,mbpp,if,0,toward,0.5,-1.3132916688919067,-0.34454163908958435,False,True
2377,b9a325fb3b35a4aecfa6f5e881227513a2dd229a1dfcbaf2f6a60990319613c7,mbpp,if,0,away,0.5,-1.280833125114441,-0.3589581251144409,False,True
2377,b9a325fb3b35a4aecfa6f5e881227513a2dd229a1dfcbaf2f6a60990319613c7,mbpp,if,0,random,0.5,-1.2919104099273682,-0.3544103503227234,False,True
2377,b9a325fb3b35a4aecfa6f5e881227513a2dd229a1dfcbaf2f6a60990319613c7,mbpp,if,0,toward,1.0,-1.1598920822143555,-0.4255170226097107,False,True
2377,b9a325fb3b35a4aecfa6f5e881227513a2dd229a1dfcbaf2f6a60990319613c7,mbpp,if,0,away,1.0,-1.2408753633499146,-0.39712536334991455,False,True
2377,b9a325fb3b35a4aecfa6f5e881227513a2dd229a1dfcbaf2f6a60990319613c7,mbpp,if,0,random,1.0,-0.990368127822876,-0.505993127822876,False,True
2377,b9a325fb3b35a4aecfa6f5e881227513a2dd229a1dfcbaf2f6a60990319613c7,mbpp,if,2,toward,0.5,-1.2461458444595337,-0.3711458742618561,False,True
2377,b9a325fb3b35a4aecfa6f5e881227513a2dd229a1dfcbaf2f6a60990319613c7,mbpp,if,2,away,0.5,-1.1009149551391602,-0.44466501474380493,False,True
2377,b9a325fb3b35a4aecfa6f5e881227513a2dd229a1dfcbaf2f6a60990319613c7,mbpp,if,2,random,0.5,-1.270355224609375,-0.3641052544116974,False,True
2377,b9a325fb3b35a4aecfa6f5e881227513a2dd229a1dfcbaf2f6a60990319613c7,mbpp,if,2,toward,1.0,-1.12019944190979,-0.43269941210746765,False,True
2377,b9a325fb3b35a4aecfa6f5e881227513a2dd229a1dfcbaf2f6a60990319613c7,mbpp,if,2,away,1.0,-1.206553339958191,-0.4096783697605133,False,True
2377,b9a325fb3b35a4aecfa6f5e881227513a2dd229a1dfcbaf2f6a60990319613c7,mbpp,if,2,random,1.0,-1.1301637887954712,-0.4270387887954712,False,True
2377,b9a325fb3b35a4aecfa6f5e881227513a2dd229a1dfcbaf2f6a60990319613c7,mbpp,if,4,toward,0.5,-1.2497423887252808,-0.37474241852760315,False,True
2377,b9a325fb3b35a4aecfa6f5e881227513a2dd229a1dfcbaf2f6a60990319613c7,mbpp,if,4,away,0.5,-1.1084539890289307,-0.43657901883125305,False,True
2377,b9a325fb3b35a4aecfa6f5e881227513a2dd229a1dfcbaf2f6a60990319613c7,mbpp,if,4,random,0.5,-1.3027725219726562,-0.34964749217033386,False,True
2377,b9a325fb3b35a4aecfa6f5e881227513a2dd229a1dfcbaf2f6a60990319613c7,mbpp,if,4,toward,1.0,-1.0903851985931396,-0.4497601389884949,False,True
2377,b9a325fb3b35a4aecfa6f5e881227513a2dd229a1dfcbaf2f6a60990319613c7,mbpp,if,4,away,1.0,-1.3694806098937988,-0.33823055028915405,False,True
2377,b9a325fb3b35a4aecfa6f5e881227513a2dd229a1dfcbaf2f6a60990319613c7,mbpp,if,4,random,1.0,-1.2043722867965698,-0.3918722867965698,False,True
2377,b9a325fb3b35a4aecfa6f5e881227513a2dd229a1dfcbaf2f6a60990319613c7,mbpp,if,6,toward,0.5,-1.2022544145584106,-0.38975438475608826,False,True
2377,b9a325fb3b35a4aecfa6f5e881227513a2dd229a1dfcbaf2f6a60990319613c7,mbpp,if,6,away,0.5,-1.3265362977981567,-0.34216126799583435,False,True
2377,b9a325fb3b35a4aecfa6f5e881227513a2dd229a1dfcbaf2f6a60990319613c7,mbpp,if,6,random,0.5,-1.2468892335891724,-0.37188926339149475,False,True
2377,b9a325fb3b35a4aecfa6f5e881227513a2dd229a1dfcbaf2f6a60990319613c7,mbpp,if,6,toward,1.0,-1.1262366771697998,-0.4231116771697998,False,True
2377,b9a325fb3b35a4aecfa6f5e881227513a2dd229a1dfcbaf2f6a60990319613c7,mbpp,if,6,away,1.0,-1.27141273021698,-0.36516273021698,False,True
2377,b9a325fb3b35a4aecfa6f5e881227513a2dd229a1dfcbaf2f6a60990319613c7,mbpp,if,6,random,1.0,-1.0972027778625488,-0.44095277786254883,False,True
2377,b9a325fb3b35a4aecfa6f5e881227513a2dd229a1dfcbaf2f6a60990319613c7,mbpp,if,8,toward,0.5,-1.1475987434387207,-0.4132236838340759,False,True
2377,b9a325fb3b35a4aecfa6f5e881227513a2dd229a1dfcbaf2f6a60990319613c7,mbpp,if,8,away,0.5,-1.3607193231582642,-0.32946932315826416,False,True
2377,b9a325fb3b35a4aecfa6f5e881227513a2dd229a1dfcbaf2f6a60990319613c7,mbpp,if,8,random,0.5,-1.3584213256835938,-0.32717129588127136,False,True
2377,b9a325fb3b35a4aecfa6f5e881227513a2dd229a1dfcbaf2f6a60990319613c7,mbpp,if,8,toward,1.0,-0.9762767553329468,-0.5075267553329468,False,True
2377,b9a325fb3b35a4aecfa6f5e881227513a2dd229a1dfcbaf2f6a60990319613c7,mbpp,if,8,away,1.0,-1.3952816724777222,-0.31715667247772217,False,True
2377,b9a325fb3b35a4aecfa6f5e881227513a2dd229a1dfcbaf2f6a60990319613c7,mbpp,if,8,random,1.0,-1.4271552562713623,-0.30215519666671753,False,True
2377,b9a325fb3b35a4aecfa6f5e881227513a2dd229a1dfcbaf2f6a60990319613c7,mbpp,if,10,toward,0.5,-1.150201678276062,-0.4158266484737396,False,True
2377,b9a325fb3b35a4aecfa6f5e881227513a2dd229a1dfcbaf2f6a60990319613c7,mbpp,if,10,away,0.5,-1.3953526020050049,-0.3172276020050049,False,True
2377,b9a325fb3b35a4aecfa6f5e881227513a2dd229a1dfcbaf2f6a60990319613c7,mbpp,if,10,random,0.5,-1.3029487133026123,-0.3498237133026123,False,True
2377,b9a325fb3b35a4aecfa6f5e881227513a2dd229a1dfcbaf2f6a60990319613c7,mbpp,if,10,toward,1.0,-0.9413525462150574,-0.5351025462150574,False,True
2377,b9a325fb3b35a4aecfa6f5e881227513a2dd229a1dfcbaf2f6a60990319613c7,mbpp,if,10,away,1.0,-1.44275963306427,-0.3021346628665924,False,True
2377,b9a325fb3b35a4aecfa6f5e881227513a2dd229a1dfcbaf2f6a60990319613c7,mbpp,if,10,random,1.0,-1.279343605041504,-0.3574685752391815,False,True
2377,b9a325fb3b35a4aecfa6f5e881227513a2dd229a1dfcbaf2f6a60990319613c7,mbpp,if,12,toward,0.5,-1.076735258102417,-0.45173531770706177,False,True
2377,b9a325fb3b35a4aecfa6f5e881227513a2dd229a1dfcbaf2f6a60990319613c7,mbpp,if,12,away,0.5,-1.40659499168396,-0.31284499168395996,False,True
2377,b9a325fb3b35a4aecfa6f5e881227513a2dd229a1dfcbaf2f6a60990319613c7,mbpp,if,12,random,0.5,-1.246099829673767,-0.3710997998714447,False,True
2377,b9a325fb3b35a4aecfa6f5e881227513a2dd229a1dfcbaf2f6a60990319613c7,mbpp,if,12,toward,1.0,-0.9490734934806824,-0.5271984934806824,False,True
2377,b9a325fb3b35a4aecfa6f5e881227513a2dd229a1dfcbaf2f6a60990319613c7,mbpp,if,12,away,1.0,-1.4185394048690796,-0.3091644048690796,False,True
2377,b9a325fb3b35a4aecfa6f5e881227513a2dd229a1dfcbaf2f6a60990319613c7,mbpp,if,12,random,1.0,-1.2232458591461182,-0.37949588894844055,False,True
2377,b9a325fb3b35a4aecfa6f5e881227513a2dd229a1dfcbaf2f6a60990319613c7,mbpp,if,14,toward,0.5,-1.2251662015914917,-0.3814161717891693,False,True
2377,b9a325fb3b35a4aecfa6f5e881227513a2dd229a1dfcbaf2f6a60990319613c7,mbpp,if,14,away,0.5,-1.3262639045715332,-0.341888964176178,False,True
2377,b9a325fb3b35a4aecfa6f5e881227513a2dd229a1dfcbaf2f6a60990319613c7,mbpp,if,14,random,0.5,-1.302888035774231,-0.34976303577423096,False,True
2377,b9a325fb3b35a4aecfa6f5e881227513a2dd229a1dfcbaf2f6a60990319613c7,mbpp,if,14,toward,1.0,-1.1610461473464966,-0.4110461473464966,False,True
2377,b9a325fb3b35a4aecfa6f5e881227513a2dd229a1dfcbaf2f6a60990319613c7,mbpp,if,14,away,1.0,-1.2827764749526978,-0.36090144515037537,False,True
2377,b9a325fb3b35a4aecfa6f5e881227513a2dd229a1dfcbaf2f6a60990319613c7,mbpp,if,14,random,1.0,-1.2808760404586792,-0.3590010702610016,False,True
2377,b9a325fb3b35a4aecfa6f5e881227513a2dd229a1dfcbaf2f6a60990319613c7,mbpp,if,16,toward,0.5,-1.2693568468093872,-0.3631068170070648,False,True
2377,b9a325fb3b35a4aecfa6f5e881227513a2dd229a1dfcbaf2f6a60990319613c7,mbpp,if,16,away,0.5,-1.3147939443588257,-0.34604397416114807,False,True
2377,b9a325fb3b35a4aecfa6f5e881227513a2dd229a1dfcbaf2f6a60990319613c7,mbpp,if,16,random,0.5,-1.3028258085250854,-0.34970077872276306,False,True
2377,b9a325fb3b35a4aecfa6f5e881227513a2dd229a1dfcbaf2f6a60990319613c7,mbpp,if,16,toward,1.0,-1.2373809814453125,-0.3780059814453125,False,True
2377,b9a325fb3b35a4aecfa6f5e881227513a2dd229a1dfcbaf2f6a60990319613c7,mbpp,if,16,away,1.0,-1.3152081966400146,-0.34645816683769226,False,True
2377,b9a325fb3b35a4aecfa6f5e881227513a2dd229a1dfcbaf2f6a60990319613c7,mbpp,if,16,random,1.0,-1.3144996166229248,-0.3457495868206024,False,True
2377,b9a325fb3b35a4aecfa6f5e881227513a2dd229a1dfcbaf2f6a60990319613c7,mbpp,if,18,toward,0.5,-1.2809909582138062,-0.35911595821380615,False,True
2377,b9a325fb3b35a4aecfa6f5e881227513a2dd229a1dfcbaf2f6a60990319613c7,mbpp,if,18,away,0.5,-1.302799940109253,-0.34967488050460815,False,True
2377,b9a325fb3b35a4aecfa6f5e881227513a2dd229a1dfcbaf2f6a60990319613c7,mbpp,if,18,random,0.5,-1.3032594919204712,-0.3501344621181488,False,True
2377,b9a325fb3b35a4aecfa6f5e881227513a2dd229a1dfcbaf2f6a60990319613c7,mbpp,if,18,toward,1.0,-1.292927861213684,-0.3554278314113617,False,True
2377,b9a325fb3b35a4aecfa6f5e881227513a2dd229a1dfcbaf2f6a60990319613c7,mbpp,if,18,away,1.0,-1.302884817123413,-0.3497597575187683,False,True
2377,b9a325fb3b35a4aecfa6f5e881227513a2dd229a1dfcbaf2f6a60990319613c7,mbpp,if,18,random,1.0,-1.2921812534332275,-0.3546812832355499,False,True
2377,b9a325fb3b35a4aecfa6f5e881227513a2dd229a1dfcbaf2f6a60990319613c7,mbpp,if,20,toward,0.5,-1.2810046672821045,-0.3591296970844269,False,True
2377,b9a325fb3b35a4aecfa6f5e881227513a2dd229a1dfcbaf2f6a60990319613c7,mbpp,if,20,away,0.5,-1.302444577217102,-0.34931954741477966,False,True
2377,b9a325fb3b35a4aecfa6f5e881227513a2dd229a1dfcbaf2f6a60990319613c7,mbpp,if,20,random,0.5,-1.291688323020935,-0.35418835282325745,False,True
2377,b9a325fb3b35a4aecfa6f5e881227513a2dd229a1dfcbaf2f6a60990319613c7,mbpp,if,20,toward,1.0,-1.2592766284942627,-0.3686516284942627,False,True
2377,b9a325fb3b35a4aecfa6f5e881227513a2dd229a1dfcbaf2f6a60990319613c7,mbpp,if,20,away,1.0,-1.3024619817733765,-0.3493369519710541,False,True
2377,b9a325fb3b35a4aecfa6f5e881227513a2dd229a1dfcbaf2f6a60990319613c7,mbpp,if,20,random,1.0,-1.2809499502182007,-0.3590749204158783,False,True
2377,b9a325fb3b35a4aecfa6f5e881227513a2dd229a1dfcbaf2f6a60990319613c7,mbpp,if,22,toward,0.5,-1.269681692123413,-0.3634316921234131,False,True
2377,b9a325fb3b35a4aecfa6f5e881227513a2dd229a1dfcbaf2f6a60990319613c7,mbpp,if,22,away,0.5,-1.291568398475647,-0.3540683686733246,False,True
2377,b9a325fb3b35a4aecfa6f5e881227513a2dd229a1dfcbaf2f6a60990319613c7,mbpp,if,22,random,0.5,-1.302802562713623,-0.34967750310897827,False,True
2377,b9a325fb3b35a4aecfa6f5e881227513a2dd229a1dfcbaf2f6a60990319613c7,mbpp,if,22,toward,1.0,-1.2478296756744385,-0.3728296160697937,False,True
2377,b9a325fb3b35a4aecfa6f5e881227513a2dd229a1dfcbaf2f6a60990319613c7,mbpp,if,22,away,1.0,-1.280472993850708,-0.3585980534553528,False,True
2377,b9a325fb3b35a4aecfa6f5e881227513a2dd229a1dfcbaf2f6a60990319613c7,mbpp,if,22,random,1.0,-1.2917711734771729,-0.35427114367485046,False,True
2377,b9a325fb3b35a4aecfa6f5e881227513a2dd229a1dfcbaf2f6a60990319613c7,mbpp,if,24,toward,0.5,-1.2918702363967896,-0.35437020659446716,False,True
2377,b9a325fb3b35a4aecfa6f5e881227513a2dd229a1dfcbaf2f6a60990319613c7,mbpp,if,24,away,0.5,-1.3024184703826904,-0.34929341077804565,False,True
2377,b9a325fb3b35a4aecfa6f5e881227513a2dd229a1dfcbaf2f6a60990319613c7,mbpp,if,24,random,0.5,-1.2916295528411865,-0.3541296124458313,False,True
2377,b9a325fb3b35a4aecfa6f5e881227513a2dd229a1dfcbaf2f6a60990319613c7,mbpp,if,24,toward,1.0,-1.2813135385513306,-0.35943856835365295,False,True
2377,b9a325fb3b35a4aecfa6f5e881227513a2dd229a1dfcbaf2f6a60990319613c7,mbpp,if,24,away,1.0,-1.2914388179779053,-0.35393884778022766,False,True
2377,b9a325fb3b35a4aecfa6f5e881227513a2dd229a1dfcbaf2f6a60990319613c7,mbpp,if,24,random,1.0,-1.2809077501296997,-0.3590327203273773,False,True
2377,b9a325fb3b35a4aecfa6f5e881227513a2dd229a1dfcbaf2f6a60990319613c7,mbpp,if,26,toward,0.5,-1.292037010192871,-0.3545369505882263,False,True
2377,b9a325fb3b35a4aecfa6f5e881227513a2dd229a1dfcbaf2f6a60990319613c7,mbpp,if,26,away,0.5,-1.2914984226226807,-0.35399842262268066,False,True
2377,b9a325fb3b35a4aecfa6f5e881227513a2dd229a1dfcbaf2f6a60990319613c7,mbpp,if,26,random,0.5,-1.2917251586914062,-0.354225218296051,False,True
2377,b9a325fb3b35a4aecfa6f5e881227513a2dd229a1dfcbaf2f6a60990319613c7,mbpp,if,26,toward,1.0,-1.2922061681747437,-0.35470619797706604,False,True
2377,b9a325fb3b35a4aecfa6f5e881227513a2dd229a1dfcbaf2f6a60990319613c7,mbpp,if,26,away,1.0,-1.2916297912597656,-0.3541297912597656,False,True
2377,b9a325fb3b35a4aecfa6f5e881227513a2dd229a1dfcbaf2f6a60990319613c7,mbpp,if,26,random,1.0,-1.281036615371704,-0.3591615855693817,False,True
2377,b9a325fb3b35a4aecfa6f5e881227513a2dd229a1dfcbaf2f6a60990319613c7,mbpp,if,28,toward,0.5,-1.2919316291809082,-0.3544316589832306,False,True
2377,b9a325fb3b35a4aecfa6f5e881227513a2dd229a1dfcbaf2f6a60990319613c7,mbpp,if,28,away,0.5,-1.2915304899215698,-0.3540304899215698,False,True
2377,b9a325fb3b35a4aecfa6f5e881227513a2dd229a1dfcbaf2f6a60990319613c7,mbpp,if,28,random,0.5,-1.3029617071151733,-0.3498367369174957,False,True
2377,b9a325fb3b35a4aecfa6f5e881227513a2dd229a1dfcbaf2f6a60990319613c7,mbpp,if,28,toward,1.0,-1.2915356159210205,-0.3540356755256653,False,True
2377,b9a325fb3b35a4aecfa6f5e881227513a2dd229a1dfcbaf2f6a60990319613c7,mbpp,if,28,away,1.0,-1.2916748523712158,-0.35417479276657104,False,True
2377,b9a325fb3b35a4aecfa6f5e881227513a2dd229a1dfcbaf2f6a60990319613c7,mbpp,if,28,random,1.0,-1.291757345199585,-0.35425734519958496,False,True
2377,b9a325fb3b35a4aecfa6f5e881227513a2dd229a1dfcbaf2f6a60990319613c7,mbpp,if,30,toward,0.5,-1.2915805578231812,-0.35408058762550354,False,True
2377,b9a325fb3b35a4aecfa6f5e881227513a2dd229a1dfcbaf2f6a60990319613c7,mbpp,if,30,away,0.5,-1.2917860746383667,-0.3542860448360443,False,True
2377,b9a325fb3b35a4aecfa6f5e881227513a2dd229a1dfcbaf2f6a60990319613c7,mbpp,if,30,random,0.5,-1.302734375,-0.3496094346046448,False,True
2377,b9a325fb3b35a4aecfa6f5e881227513a2dd229a1dfcbaf2f6a60990319613c7,mbpp,if,30,toward,1.0,-1.302977204322815,-0.34985220432281494,False,True
2377,b9a325fb3b35a4aecfa6f5e881227513a2dd229a1dfcbaf2f6a60990319613c7,mbpp,if,30,away,1.0,-1.2918212413787842,-0.35432127118110657,False,True
2377,b9a325fb3b35a4aecfa6f5e881227513a2dd229a1dfcbaf2f6a60990319613c7,mbpp,if,30,random,1.0,-1.2917845249176025,-0.3542845547199249,False,True
2377,b9a325fb3b35a4aecfa6f5e881227513a2dd229a1dfcbaf2f6a60990319613c7,mbpp,if,31,toward,0.5,-1.3029146194458008,-0.3497895896434784,False,True
2377,b9a325fb3b35a4aecfa6f5e881227513a2dd229a1dfcbaf2f6a60990319613c7,mbpp,if,31,away,0.5,-1.3029146194458008,-0.3497895896434784,False,True
2377,b9a325fb3b35a4aecfa6f5e881227513a2dd229a1dfcbaf2f6a60990319613c7,mbpp,if,31,random,0.5,-1.3029146194458008,-0.3497895896434784,False,True
2377,b9a325fb3b35a4aecfa6f5e881227513a2dd229a1dfcbaf2f6a60990319613c7,mbpp,if,31,toward,1.0,-1.3029146194458008,-0.3497895896434784,False,True
2377,b9a325fb3b35a4aecfa6f5e881227513a2dd229a1dfcbaf2f6a60990319613c7,mbpp,if,31,away,1.0,-1.3029146194458008,-0.3497895896434784,False,True
2377,b9a325fb3b35a4aecfa6f5e881227513a2dd229a1dfcbaf2f6a60990319613c7,mbpp,if,31,random,1.0,-1.3029146194458008,-0.3497895896434784,False,True
2377,b9a325fb3b35a4aecfa6f5e881227513a2dd229a1dfcbaf2f6a60990319613c7,mbpp,body_first,0,toward,0.5,-1.2477717399597168,-0.3727717995643616,False,True
2377,b9a325fb3b35a4aecfa6f5e881227513a2dd229a1dfcbaf2f6a60990319613c7,mbpp,body_first,0,away,0.5,-1.2693231105804443,-0.3630731701850891,False,True
2377,b9a325fb3b35a4aecfa6f5e881227513a2dd229a1dfcbaf2f6a60990319613c7,mbpp,body_first,0,random,0.5,-1.2365788221359253,-0.3772038519382477,False,True
2377,b9a325fb3b35a4aecfa6f5e881227513a2dd229a1dfcbaf2f6a60990319613c7,mbpp,body_first,0,toward,1.0,-1.1724872589111328,-0.4068622291088104,False,True
2377,b9a325fb3b35a4aecfa6f5e881227513a2dd229a1dfcbaf2f6a60990319613c7,mbpp,body_first,0,away,1.0,-1.1937261819839478,-0.39685118198394775,False,True
2377,b9a325fb3b35a4aecfa6f5e881227513a2dd229a1dfcbaf2f6a60990319613c7,mbpp,body_first,0,random,1.0,-1.161985158920288,-0.41198521852493286,False,True
2377,b9a325fb3b35a4aecfa6f5e881227513a2dd229a1dfcbaf2f6a60990319613c7,mbpp,body_first,2,toward,0.5,-1.2581398487091064,-0.36751478910446167,False,True
2377,b9a325fb3b35a4aecfa6f5e881227513a2dd229a1dfcbaf2f6a60990319613c7,mbpp,body_first,2,away,0.5,-1.280699372291565,-0.35882440209388733,False,True
2377,b9a325fb3b35a4aecfa6f5e881227513a2dd229a1dfcbaf2f6a60990319613c7,mbpp,body_first,2,random,0.5,-1.2811335325241089,-0.3592585623264313,False,True
2377,b9a325fb3b35a4aecfa6f5e881227513a2dd229a1dfcbaf2f6a60990319613c7,mbpp,body_first,2,toward,1.0,-1.2366571426391602,-0.3772820830345154,False,True
2377,b9a325fb3b35a4aecfa6f5e881227513a2dd229a1dfcbaf2f6a60990319613c7,mbpp,body_first,2,away,1.0,-1.2263216972351074,-0.3825717270374298,False,True
2377,b9a325fb3b35a4aecfa6f5e881227513a2dd229a1dfcbaf2f6a60990319613c7,mbpp,body_first,2,random,1.0,-1.237471103668213,-0.3780960738658905,False,True
2377,b9a325fb3b35a4aecfa6f5e881227513a2dd229a1dfcbaf2f6a60990319613c7,mbpp,body_first,4,toward,0.5,-1.302762746810913,-0.3496377468109131,False,True
2377,b9a325fb3b35a4aecfa6f5e881227513a2dd229a1dfcbaf2f6a60990319613c7,mbpp,body_first,4,away,0.5,-1.2586092948913574,-0.3679842948913574,False,True
2377,b9a325fb3b35a4aecfa6f5e881227513a2dd229a1dfcbaf2f6a60990319613c7,mbpp,body_first,4,random,0.5,-1.2808103561401367,-0.35893532633781433,False,True
2377,b9a325fb3b35a4aecfa6f5e881227513a2dd229a1dfcbaf2f6a60990319613c7,mbpp,body_first,4,toward,1.0,-1.2914011478424072,-0.35390111804008484,False,True
2377,b9a325fb3b35a4aecfa6f5e881227513a2dd229a1dfcbaf2f6a60990319613c7,mbpp,body_first,4,away,1.0,-1.2042202949523926,-0.3917202651500702,False,True
2377,b9a325fb3b35a4aecfa6f5e881227513a2dd229a1dfcbaf2f6a60990319613c7,mbpp,body_first,4,random,1.0,-1.2587029933929443,-0.36807793378829956,False,True
2377,b9a325fb3b35a4aecfa6f5e881227513a2dd229a1dfcbaf2f6a60990319613c7,mbpp,body_first,6,toward,0.5,-1.313778042793274,-0.3450280427932739,False,True
2377,b9a325fb3b35a4aecfa6f5e881227513a2dd229a1dfcbaf2f6a60990319613c7,mbpp,body_first,6,away,0.5,-1.280677080154419,-0.35880208015441895,False,True
2377,b9a325fb3b35a4aecfa6f5e881227513a2dd229a1dfcbaf2f6a60990319613c7,mbpp,body_first,6,random,0.5,-1.2914893627166748,-0.3539893925189972,False,True
2377,b9a325fb3b35a4aecfa6f5e881227513a2dd229a1dfcbaf2f6a60990319613c7,mbpp,body_first,6,toward,1.0,-1.3357590436935425,-0.3357590138912201,False,True
2377,b9a325fb3b35a4aecfa6f5e881227513a2dd229a1dfcbaf2f6a60990319613c7,mbpp,body_first,6,away,1.0,-1.2587642669677734,-0.36813923716545105,False,True
2377,b9a325fb3b35a4aecfa6f5e881227513a2dd229a1dfcbaf2f6a60990319613c7,mbpp,body_first,6,random,1.0,-1.2910363674163818,-0.35353630781173706,False,True
2377,b9a325fb3b35a4aecfa6f5e881227513a2dd229a1dfcbaf2f6a60990319613c7,mbpp,body_first,8,toward,0.5,-1.3595962524414062,-0.32834625244140625,False,True
2377,b9a325fb3b35a4aecfa6f5e881227513a2dd229a1dfcbaf2f6a60990319613c7,mbpp,body_first,8,away,0.5,-1.2803735733032227,-0.35849860310554504,False,True
2377,b9a325fb3b35a4aecfa6f5e881227513a2dd229a1dfcbaf2f6a60990319613c7,mbpp,body_first,8,random,0.5,-1.314260482788086,-0.34551048278808594,False,True
2377,b9a325fb3b35a4aecfa6f5e881227513a2dd229a1dfcbaf2f6a60990319613c7,mbpp,body_first,8,toward,1.0,-1.4175044298171997,-0.3081294596195221,False,True
2377,b9a325fb3b35a4aecfa6f5e881227513a2dd229a1dfcbaf2f6a60990319613c7,mbpp,body_first,8,away,1.0,-1.291599154472351,-0.3540991544723511,False,True
2377,b9a325fb3b35a4aecfa6f5e881227513a2dd229a1dfcbaf2f6a60990319613c7,mbpp,body_first,8,random,1.0,-1.348393201828003,-0.33276817202568054,False,True
2377,b9a325fb3b35a4aecfa6f5e881227513a2dd229a1dfcbaf2f6a60990319613c7,mbpp,body_first,10,toward,0.5,-1.325398325920105,-0.3410232961177826,False,True
2377,b9a325fb3b35a4aecfa6f5e881227513a2dd229a1dfcbaf2f6a60990319613c7,mbpp,body_first,10,away,0.5,-1.291142463684082,-0.3536425232887268,False,True
2377,b9a325fb3b35a4aecfa6f5e881227513a2dd229a1dfcbaf2f6a60990319613c7,mbpp,body_first,10,random,0.5,-1.3138060569763184,-0.34505605697631836,False,True
2377,b9a325fb3b35a4aecfa6f5e881227513a2dd229a1dfcbaf2f6a60990319613c7,mbpp,body_first,10,toward,1.0,-1.3716055154800415,-0.3247304856777191,False,True
2377,b9a325fb3b35a4aecfa6f5e881227513a2dd229a1dfcbaf2f6a60990319613c7,mbpp,body_first,10,away,1.0,-1.2905884981155396,-0.35308852791786194,False,True
2377,b9a325fb3b35a4aecfa6f5e881227513a2dd229a1dfcbaf2f6a60990319613c7,mbpp,body_first,10,random,1.0,-1.3362252712249756,-0.33622533082962036,False,True
2377,b9a325fb3b35a4aecfa6f5e881227513a2dd229a1dfcbaf2f6a60990319613c7,mbpp,body_first,12,toward,0.5,-1.3033487796783447,-0.35022372007369995,False,True
2377,b9a325fb3b35a4aecfa6f5e881227513a2dd229a1dfcbaf2f6a60990319613c7,mbpp,body_first,12,away,0.5,-1.313862919807434,-0.34511294960975647,False,True
2377,b9a325fb3b35a4aecfa6f5e881227513a2dd229a1dfcbaf2f6a60990319613c7,mbpp,body_first,12,random,0.5,-1.3139630556106567,-0.3452130854129791,False,True
2377,b9a325fb3b35a4aecfa6f5e881227513a2dd229a1dfcbaf2f6a60990319613c7,mbpp,body_first,12,toward,1.0,-1.3269041776657104,-0.34252917766571045,False,True
2377,b9a325fb3b35a4aecfa6f5e881227513a2dd229a1dfcbaf2f6a60990319613c7,mbpp,body_first,12,away,1.0,-1.301971435546875,-0.3488464951515198,False,True
2377,b9a325fb3b35a4aecfa6f5e881227513a2dd229a1dfcbaf2f6a60990319613c7,mbpp,body_first,12,random,1.0,-1.3135104179382324,-0.34476038813591003,False,True
2377,b9a325fb3b35a4aecfa6f5e881227513a2dd229a1dfcbaf2f6a60990319613c7,mbpp,body_first,14,toward,0.5,-1.33713960647583,-0.33713963627815247,False,True
2377,b9a325fb3b35a4aecfa6f5e881227513a2dd229a1dfcbaf2f6a60990319613c7,mbpp,body_first,14,away,0.5,-1.269284725189209,-0.3630346953868866,False,True
2377,b9a325fb3b35a4aecfa6f5e881227513a2dd229a1dfcbaf2f6a60990319613c7,mbpp,body_first,14,random,0.5,-1.3140522241592407,-0.34530219435691833,False,True
2377,b9a325fb3b35a4aecfa6f5e881227513a2dd229a1dfcbaf2f6a60990319613c7,mbpp,body_first,14,toward,1.0,-1.348578691482544,-0.33295363187789917,False,True
2377,b9a325fb3b35a4aecfa6f5e881227513a2dd229a1dfcbaf2f6a60990319613c7,mbpp,body_first,14,away,1.0,-1.2254726886749268,-0.38172268867492676,False,True
2377,b9a325fb3b35a4aecfa6f5e881227513a2dd229a1dfcbaf2f6a60990319613c7,mbpp,body_first,14,random,1.0,-1.302839994430542,-0.34971505403518677,False,True
2377,b9a325fb3b35a4aecfa6f5e881227513a2dd229a1dfcbaf2f6a60990319613c7,mbpp,body_first,16,toward,0.5,-1.3028316497802734,-0.34970659017562866,False,True
2377,b9a325fb3b35a4aecfa6f5e881227513a2dd229a1dfcbaf2f6a60990319613c7,mbpp,body_first,16,away,0.5,-1.2696141004562378,-0.3633640706539154,False,True
2377,b9a325fb3b35a4aecfa6f5e881227513a2dd229a1dfcbaf2f6a60990319613c7,mbpp,body_first,16,random,0.5,-1.2914754152297974,-0.35397541522979736,False,True
2377,b9a325fb3b35a4aecfa6f5e881227513a2dd229a1dfcbaf2f6a60990319613c7,mbpp,body_first,16,toward,1.0,-1.3028604984283447,-0.3497355580329895,False,True
2377,b9a325fb3b35a4aecfa6f5e881227513a2dd229a1dfcbaf2f6a60990319613c7,mbpp,body_first,16,away,1.0,-1.269547700881958,-0.3632977604866028,False,True
2377,b9a325fb3b35a4aecfa6f5e881227513a2dd229a1dfcbaf2f6a60990319613c7,mbpp,body_first,16,random,1.0,-1.3028007745742798,-0.3496757447719574,False,True
2377,b9a325fb3b35a4aecfa6f5e881227513a2dd229a1dfcbaf2f6a60990319613c7,mbpp,body_first,18,toward,0.5,-1.2915650606155396,-0.35406503081321716,False,True
2377,b9a325fb3b35a4aecfa6f5e881227513a2dd229a1dfcbaf2f6a60990319613c7,mbpp,body_first,18,away,0.5,-1.302768588066101,-0.3496435582637787,False,True
2377,b9a325fb3b35a4aecfa6f5e881227513a2dd229a1dfcbaf2f6a60990319613c7,mbpp,body_first,18,random,0.5,-1.3026950359344482,-0.34957000613212585,False,True
2377,b9a325fb3b35a4aecfa6f5e881227513a2dd229a1dfcbaf2f6a60990319613c7,mbpp,body_first,18,toward,1.0,-1.2804253101348877,-0.3585503399372101,False,True
2377,b9a325fb3b35a4aecfa6f5e881227513a2dd229a1dfcbaf2f6a60990319613c7,mbpp,body_first,18,away,1.0,-1.3025767803192139,-0.34945178031921387,False,True
2377,b9a325fb3b35a4aecfa6f5e881227513a2dd229a1dfcbaf2f6a60990319613c7,mbpp,body_first,18,random,1.0,-1.2916510105133057,-0.3541509509086609,False,True
2377,b9a325fb3b35a4aecfa6f5e881227513a2dd229a1dfcbaf2f6a60990319613c7,mbpp,body_first,20,toward,0.5,-1.2914988994598389,-0.35399892926216125,False,True
2377,b9a325fb3b35a4aecfa6f5e881227513a2dd229a1dfcbaf2f6a60990319613c7,mbpp,body_first,20,away,0.5,-1.30282461643219,-0.34969961643218994,False,True
2377,b9a325fb3b35a4aecfa6f5e881227513a2dd229a1dfcbaf2f6a60990319613c7,mbpp,body_first,20,random,0.5,-1.2914336919784546,-0.3539336621761322,False,True
2377,b9a325fb3b35a4aecfa6f5e881227513a2dd229a1dfcbaf2f6a60990319613c7,mbpp,body_first,20,toward,1.0,-1.2914515733718872,-0.3539515733718872,False,True
2377,b9a325fb3b35a4aecfa6f5e881227513a2dd229a1dfcbaf2f6a60990319613c7,mbpp,body_first,20,away,1.0,-1.291765809059143,-0.35426580905914307,False,True
2377,b9a325fb3b35a4aecfa6f5e881227513a2dd229a1dfcbaf2f6a60990319613c7,mbpp,body_first,20,random,1.0,-1.29159414768219,-0.35409414768218994,False,True
2377,b9a325fb3b35a4aecfa6f5e881227513a2dd229a1dfcbaf2f6a60990319613c7,mbpp,body_first,22,toward,0.5,-1.2916104793548584,-0.3541105389595032,False,True
2377,b9a325fb3b35a4aecfa6f5e881227513a2dd229a1dfcbaf2f6a60990319613c7,mbpp,body_first,22,away,0.5,-1.2919028997421265,-0.35440289974212646,False,True
2377,b9a325fb3b35a4aecfa6f5e881227513a2dd229a1dfcbaf2f6a60990319613c7,mbpp,body_first,22,random,0.5,-1.3026169538497925,-0.3494919538497925,False,True
2377,b9a325fb3b35a4aecfa6f5e881227513a2dd229a1dfcbaf2f6a60990319613c7,mbpp,body_first,22,toward,1.0,-1.2916148900985718,-0.3541148900985718,False,True
2377,b9a325fb3b35a4aecfa6f5e881227513a2dd229a1dfcbaf2f6a60990319613c7,mbpp,body_first,22,away,1.0,-1.2917170524597168,-0.3542170524597168,False,True
2377,b9a325fb3b35a4aecfa6f5e881227513a2dd229a1dfcbaf2f6a60990319613c7,mbpp,body_first,22,random,1.0,-1.2913974523544312,-0.35389742255210876,False,True
2377,b9a325fb3b35a4aecfa6f5e881227513a2dd229a1dfcbaf2f6a60990319613c7,mbpp,body_first,24,toward,0.5,-1.2915945053100586,-0.35409456491470337,False,True
2377,b9a325fb3b35a4aecfa6f5e881227513a2dd229a1dfcbaf2f6a60990319613c7,mbpp,body_first,24,away,0.5,-1.3029143810272217,-0.3497893512248993,False,True
2377,b9a325fb3b35a4aecfa6f5e881227513a2dd229a1dfcbaf2f6a60990319613c7,mbpp,body_first,24,random,0.5,-1.291555404663086,-0.35405540466308594,False,True
2377,b9a325fb3b35a4aecfa6f5e881227513a2dd229a1dfcbaf2f6a60990319613c7,mbpp,body_first,24,toward,1.0,-1.291599988937378,-0.35409992933273315,False,True
2377,b9a325fb3b35a4aecfa6f5e881227513a2dd229a1dfcbaf2f6a60990319613c7,mbpp,body_first,24,away,1.0,-1.3029872179031372,-0.3498621881008148,False,True
2377,b9a325fb3b35a4aecfa6f5e881227513a2dd229a1dfcbaf2f6a60990319613c7,mbpp,body_first,24,random,1.0,-1.291597843170166,-0.35409781336784363,False,True
2377,b9a325fb3b35a4aecfa6f5e881227513a2dd229a1dfcbaf2f6a60990319613c7,mbpp,body_first,26,toward,0.5,-1.3028340339660645,-0.34970909357070923,False,True
2377,b9a325fb3b35a4aecfa6f5e881227513a2dd229a1dfcbaf2f6a60990319613c7,mbpp,body_first,26,away,0.5,-1.3027980327606201,-0.3496730327606201,False,True
2377,b9a325fb3b35a4aecfa6f5e881227513a2dd229a1dfcbaf2f6a60990319613c7,mbpp,body_first,26,random,0.5,-1.2915871143341064,-0.35408711433410645,False,True
2377,b9a325fb3b35a4aecfa6f5e881227513a2dd229a1dfcbaf2f6a60990319613c7,mbpp,body_first,26,toward,1.0,-1.30296790599823,-0.3498428761959076,False,True
2377,b9a325fb3b35a4aecfa6f5e881227513a2dd229a1dfcbaf2f6a60990319613c7,mbpp,body_first,26,away,1.0,-1.291696310043335,-0.35419636964797974,False,True
2377,b9a325fb3b35a4aecfa6f5e881227513a2dd229a1dfcbaf2f6a60990319613c7,mbpp,body_first,26,random,1.0,-1.302934169769287,-0.3498091697692871,False,True
2377,b9a325fb3b35a4aecfa6f5e881227513a2dd229a1dfcbaf2f6a60990319613c7,mbpp,body_first,28,toward,0.5,-1.3028844594955444,-0.34975942969322205,False,True
2377,b9a325fb3b35a4aecfa6f5e881227513a2dd229a1dfcbaf2f6a60990319613c7,mbpp,body_first,28,away,0.5,-1.3026801347732544,-0.3495551347732544,False,True
2377,b9a325fb3b35a4aecfa6f5e881227513a2dd229a1dfcbaf2f6a60990319613c7,mbpp,body_first,28,random,0.5,-1.3028088808059692,-0.34968388080596924,False,True
2377,b9a325fb3b35a4aecfa6f5e881227513a2dd229a1dfcbaf2f6a60990319613c7,mbpp,body_first,28,toward,1.0,-1.2918200492858887,-0.3543200194835663,False,True
2377,b9a325fb3b35a4aecfa6f5e881227513a2dd229a1dfcbaf2f6a60990319613c7,mbpp,body_first,28,away,1.0,-1.3026514053344727,-0.34952640533447266,False,True
2377,b9a325fb3b35a4aecfa6f5e881227513a2dd229a1dfcbaf2f6a60990319613c7,mbpp,body_first,28,random,1.0,-1.302587866783142,-0.3494628667831421,False,True
2377,b9a325fb3b35a4aecfa6f5e881227513a2dd229a1dfcbaf2f6a60990319613c7,mbpp,body_first,30,toward,0.5,-1.2916722297668457,-0.3541722893714905,False,True
2377,b9a325fb3b35a4aecfa6f5e881227513a2dd229a1dfcbaf2f6a60990319613c7,mbpp,body_first,30,away,0.5,-1.3026844263076782,-0.3495594263076782,False,True
2377,b9a325fb3b35a4aecfa6f5e881227513a2dd229a1dfcbaf2f6a60990319613c7,mbpp,body_first,30,random,0.5,-1.3028850555419922,-0.34976011514663696,False,True
2377,b9a325fb3b35a4aecfa6f5e881227513a2dd229a1dfcbaf2f6a60990319613c7,mbpp,body_first,30,toward,1.0,-1.3029178380966187,-0.34979286789894104,False,True
2377,b9a325fb3b35a4aecfa6f5e881227513a2dd229a1dfcbaf2f6a60990319613c7,mbpp,body_first,30,away,1.0,-1.2916977405548096,-0.35419780015945435,False,True
2377,b9a325fb3b35a4aecfa6f5e881227513a2dd229a1dfcbaf2f6a60990319613c7,mbpp,body_first,30,random,1.0,-1.2917288541793823,-0.35422882437705994,False,True
2377,b9a325fb3b35a4aecfa6f5e881227513a2dd229a1dfcbaf2f6a60990319613c7,mbpp,body_first,31,toward,0.5,-1.3029146194458008,-0.3497895896434784,False,True
2377,b9a325fb3b35a4aecfa6f5e881227513a2dd229a1dfcbaf2f6a60990319613c7,mbpp,body_first,31,away,0.5,-1.3029146194458008,-0.3497895896434784,False,True
2377,b9a325fb3b35a4aecfa6f5e881227513a2dd229a1dfcbaf2f6a60990319613c7,mbpp,body_first,31,random,0.5,-1.3029146194458008,-0.3497895896434784,False,True
2377,b9a325fb3b35a4aecfa6f5e881227513a2dd229a1dfcbaf2f6a60990319613c7,mbpp,body_first,31,toward,1.0,-1.3029146194458008,-0.3497895896434784,False,True
2377,b9a325fb3b35a4aecfa6f5e881227513a2dd229a1dfcbaf2f6a60990319613c7,mbpp,body_first,31,away,1.0,-1.3029146194458008,-0.3497895896434784,False,True
2377,b9a325fb3b35a4aecfa6f5e881227513a2dd229a1dfcbaf2f6a60990319613c7,mbpp,body_first,31,random,1.0,-1.3029146194458008,-0.3497895896434784,False,True
2377,b9a325fb3b35a4aecfa6f5e881227513a2dd229a1dfcbaf2f6a60990319613c7,mbpp,answer,0,toward,0.5,-1.278320074081421,-0.3564450442790985,False,True
2377,b9a325fb3b35a4aecfa6f5e881227513a2dd229a1dfcbaf2f6a60990319613c7,mbpp,answer,0,away,0.5,-1.2711626291275024,-0.36491265892982483,False,True
2377,b9a325fb3b35a4aecfa6f5e881227513a2dd229a1dfcbaf2f6a60990319613c7,mbpp,answer,0,random,0.5,-1.2479372024536133,-0.37293726205825806,False,True
2377,b9a325fb3b35a4aecfa6f5e881227513a2dd229a1dfcbaf2f6a60990319613c7,mbpp,answer,0,toward,1.0,-1.332676649093628,-0.33267664909362793,False,True
2377,b9a325fb3b35a4aecfa6f5e881227513a2dd229a1dfcbaf2f6a60990319613c7,mbpp,answer,0,away,1.0,-1.1718765497207642,-0.40625157952308655,False,True
2377,b9a325fb3b35a4aecfa6f5e881227513a2dd229a1dfcbaf2f6a60990319613c7,mbpp,answer,0,random,1.0,-1.1925184726715088,-0.3956434726715088,False,True
2377,b9a325fb3b35a4aecfa6f5e881227513a2dd229a1dfcbaf2f6a60990319613c7,mbpp,answer,2,toward,0.5,-1.270216703414917,-0.3639666736125946,False,True
2377,b9a325fb3b35a4aecfa6f5e881227513a2dd229a1dfcbaf2f6a60990319613c7,mbpp,answer,2,away,0.5,-1.3366719484329224,-0.33667194843292236,False,True
2377,b9a325fb3b35a4aecfa6f5e881227513a2dd229a1dfcbaf2f6a60990319613c7,mbpp,answer,2,random,0.5,-1.2255504131317139,-0.38180041313171387,False,True
2377,b9a325fb3b35a4aecfa6f5e881227513a2dd229a1dfcbaf2f6a60990319613c7,mbpp,answer,2,toward,1.0,-1.141546607017517,-0.4227966368198395,False,True
2377,b9a325fb3b35a4aecfa6f5e881227513a2dd229a1dfcbaf2f6a60990319613c7,mbpp,answer,2,away,1.0,-1.3354771137237549,-0.33547717332839966,False,True
2377,b9a325fb3b35a4aecfa6f5e881227513a2dd229a1dfcbaf2f6a60990319613c7,mbpp,answer,2,random,1.0,-1.1308603286743164,-0.42773526906967163,False,True
2377,b9a325fb3b35a4aecfa6f5e881227513a2dd229a1dfcbaf2f6a60990319613c7,mbpp,answer,4,toward,0.5,-1.2235503196716309,-0.37980031967163086,False,True
2377,b9a325fb3b35a4aecfa6f5e881227513a2dd229a1dfcbaf2f6a60990319613c7,mbpp,answer,4,away,0.5,-1.42888605594635,-0.3038860857486725,False,True
2377,b9a325fb3b35a4aecfa6f5e881227513a2dd229a1dfcbaf2f6a60990319613c7,mbpp,answer,4,random,0.5,-1.3247191905975342,-0.34034422039985657,False,True
2377,b9a325fb3b35a4aecfa6f5e881227513a2dd229a1dfcbaf2f6a60990319613c7,mbpp,answer,4,toward,1.0,-1.1884691715240479,-0.3915942311286926,False,True
2377,b9a325fb3b35a4aecfa6f5e881227513a2dd229a1dfcbaf2f6a60990319613c7,mbpp,answer,4,away,1.0,-1.4611475467681885,-0.2892725467681885,False,True
2377,b9a325fb3b35a4aecfa6f5e881227513a2dd229a1dfcbaf2f6a60990319613c7,mbpp,answer,4,random,1.0,-1.42360258102417,-0.2986025810241699,False,True
2377,b9a325fb3b35a4aecfa6f5e881227513a2dd229a1dfcbaf2f6a60990319613c7,mbpp,answer,6,toward,0.5,-1.3565304279327393,-0.32528045773506165,False,True
2377,b9a325fb3b35a4aecfa6f5e881227513a2dd229a1dfcbaf2f6a60990319613c7,mbpp,answer,6,away,0.5,-1.1182477474212646,-0.4307476878166199,False,True
2377,b9a325fb3b35a4aecfa6f5e881227513a2dd229a1dfcbaf2f6a60990319613c7,mbpp,answer,6,random,0.5,-1.19870924949646,-0.38620924949645996,False,True
2377,b9a325fb3b35a4aecfa6f5e881227513a2dd229a1dfcbaf2f6a60990319613c7,mbpp,answer,6,toward,1.0,-1.5557962656021118,-0.25892123579978943,False,True
2377,b9a325fb3b35a4aecfa6f5e881227513a2dd229a1dfcbaf2f6a60990319613c7,mbpp,answer,6,away,1.0,-0.9462674856185913,-0.5243924856185913,False,True
2377,b9a325fb3b35a4aecfa6f5e881227513a2dd229a1dfcbaf2f6a60990319613c7,mbpp,answer,6,random,1.0,-1.0982182025909424,-0.4263431429862976,False,True
2377,b9a325fb3b35a4aecfa6f5e881227513a2dd229a1dfcbaf2f6a60990319613c7,mbpp,answer,8,toward,0.5,-1.4444419145584106,-0.30381694436073303,False,True
2377,b9a325fb3b35a4aecfa6f5e881227513a2dd229a1dfcbaf2f6a60990319613c7,mbpp,answer,8,away,0.5,-1.2121413946151733,-0.38401636481285095,False,True
2377,b9a325fb3b35a4aecfa6f5e881227513a2dd229a1dfcbaf2f6a60990319613c7,mbpp,answer,8,random,0.5,-1.1273517608642578,-0.42422670125961304,False,True
2377,b9a325fb3b35a4aecfa6f5e881227513a2dd229a1dfcbaf2f6a60990319613c7,mbpp,answer,8,toward,1.0,-1.7136478424072266,-0.24489788711071014,False,True
2377,b9a325fb3b35a4aecfa6f5e881227513a2dd229a1dfcbaf2f6a60990319613c7,mbpp,answer,8,away,1.0,-1.197558879852295,-0.3850589394569397,False,True
2377,b9a325fb3b35a4aecfa6f5e881227513a2dd229a1dfcbaf2f6a60990319613c7,mbpp,answer,8,random,1.0,-1.0529539585113525,-0.45920389890670776,False,True
2377,b9a325fb3b35a4aecfa6f5e881227513a2dd229a1dfcbaf2f6a60990319613c7,mbpp,answer,10,toward,0.5,-1.3710416555404663,-0.3241666257381439,False,True
2377,b9a325fb3b35a4aecfa6f5e881227513a2dd229a1dfcbaf2f6a60990319613c7,mbpp,answer,10,away,0.5,-1.2718127965927124,-0.3655627965927124,False,True
2377,b9a325fb3b35a4aecfa6f5e881227513a2dd229a1dfcbaf2f6a60990319613c7,mbpp,answer,10,random,0.5,-1.444628119468689,-0.3040030896663666,False,True
2377,b9a325fb3b35a4aecfa6f5e881227513a2dd229a1dfcbaf2f6a60990319613c7,mbpp,answer,10,toward,1.0,-1.6352283954620361,-0.26022836565971375,False,True
2377,b9a325fb3b35a4aecfa6f5e881227513a2dd229a1dfcbaf2f6a60990319613c7,mbpp,answer,10,away,1.0,-1.426189661026001,-0.316814661026001,False,True
2377,b9a325fb3b35a4aecfa6f5e881227513a2dd229a1dfcbaf2f6a60990319613c7,mbpp,answer,10,random,1.0,-1.5322922468185425,-0.28229227662086487,False,True
2377,b9a325fb3b35a4aecfa6f5e881227513a2dd229a1dfcbaf2f6a60990319613c7,mbpp,answer,12,toward,0.5,-1.4690611362457275,-0.29718607664108276,False,True
2377,b9a325fb3b35a4aecfa6f5e881227513a2dd229a1dfcbaf2f6a60990319613c7,mbpp,answer,12,away,0.5,-1.182739496231079,-0.4014894664287567,False,True
2377,b9a325fb3b35a4aecfa6f5e881227513a2dd229a1dfcbaf2f6a60990319613c7,mbpp,answer,12,random,0.5,-1.4432909488677979,-0.3026660084724426,False,True
2377,b9a325fb3b35a4aecfa6f5e881227513a2dd229a1dfcbaf2f6a60990319613c7,mbpp,answer,12,toward,1.0,-1.9117776155471802,-0.20865260064601898,False,True
2377,b9a325fb3b35a4aecfa6f5e881227513a2dd229a1dfcbaf2f6a60990319613c7,mbpp,answer,12,away,1.0,-0.9308968186378479,-0.5402718186378479,False,True
2377,b9a325fb3b35a4aecfa6f5e881227513a2dd229a1dfcbaf2f6a60990319613c7,mbpp,answer,12,random,1.0,-1.716367244720459,-0.23199224472045898,False,True
2377,b9a325fb3b35a4aecfa6f5e881227513a2dd229a1dfcbaf2f6a60990319613c7,mbpp,answer,14,toward,0.5,-1.2800558805465698,-0.3738059103488922,False,True
2377,b9a325fb3b35a4aecfa6f5e881227513a2dd229a1dfcbaf2f6a60990319613c7,mbpp,answer,14,away,0.5,-1.352524757385254,-0.3212747871875763,False,True
2377,b9a325fb3b35a4aecfa6f5e881227513a2dd229a1dfcbaf2f6a60990319613c7,mbpp,answer,14,random,0.5,-1.3133423328399658,-0.34459230303764343,False,True
2377,b9a325fb3b35a4aecfa6f5e881227513a2dd229a1dfcbaf2f6a60990319613c7,mbpp,answer,14,toward,1.0,-1.0690044164657593,-0.4908794164657593,False,True
2377,b9a325fb3b35a4aecfa6f5e881227513a2dd229a1dfcbaf2f6a60990319613c7,mbpp,answer,14,away,1.0,-1.564495325088501,-0.25199538469314575,False,True
2377,b9a325fb3b35a4aecfa6f5e881227513a2dd229a1dfcbaf2f6a60990319613c7,mbpp,answer,14,random,1.0,-1.1836423873901367,-0.40239235758781433,False,True
2377,b9a325fb3b35a4aecfa6f5e881227513a2dd229a1dfcbaf2f6a60990319613c7,mbpp,answer,16,toward,0.5,-0.7035862803459167,-0.7504612803459167,True,False
2377,b9a325fb3b35a4aecfa6f5e881227513a2dd229a1dfcbaf2f6a60990319613c7,mbpp,answer,16,away,0.5,-2.2253341674804688,-0.13158419728279114,False,True
2377,b9a325fb3b35a4aecfa6f5e881227513a2dd229a1dfcbaf2f6a60990319613c7,mbpp,answer,16,random,0.5,-1.338351845741272,-0.3383518159389496,False,True
2377,b9a325fb3b35a4aecfa6f5e881227513a2dd229a1dfcbaf2f6a60990319613c7,mbpp,answer,16,toward,1.0,-0.43747395277023315,-1.171849012374878,True,False
2377,b9a325fb3b35a4aecfa6f5e881227513a2dd229a1dfcbaf2f6a60990319613c7,mbpp,answer,16,away,1.0,-3.2426347732543945,-0.05513481795787811,False,True
2377,b9a325fb3b35a4aecfa6f5e881227513a2dd229a1dfcbaf2f6a60990319613c7,mbpp,answer,16,random,1.0,-1.3889009952545166,-0.326401025056839,False,True
2377,b9a325fb3b35a4aecfa6f5e881227513a2dd229a1dfcbaf2f6a60990319613c7,mbpp,answer,18,toward,0.5,-0.8831888437271118,-0.6019388437271118,False,True
2377,b9a325fb3b35a4aecfa6f5e881227513a2dd229a1dfcbaf2f6a60990319613c7,mbpp,answer,18,away,0.5,-2.212001323699951,-0.13387632369995117,False,True
2377,b9a325fb3b35a4aecfa6f5e881227513a2dd229a1dfcbaf2f6a60990319613c7,mbpp,answer,18,random,0.5,-1.1908009052276611,-0.40955087542533875,False,True
2377,b9a325fb3b35a4aecfa6f5e881227513a2dd229a1dfcbaf2f6a60990319613c7,mbpp,answer,18,toward,1.0,-0.8186140060424805,-0.7092390060424805,False,True
2377,b9a325fb3b35a4aecfa6f5e881227513a2dd229a1dfcbaf2f6a60990319613c7,mbpp,answer,18,away,1.0,-3.21340274810791,-0.057152725756168365,False,True
2377,b9a325fb3b35a4aecfa6f5e881227513a2dd229a1dfcbaf2f6a60990319613c7,mbpp,answer,18,random,1.0,-1.1486053466796875,-0.4454803466796875,False,True
2377,b9a325fb3b35a4aecfa6f5e881227513a2dd229a1dfcbaf2f6a60990319613c7,mbpp,answer,20,toward,0.5,-0.9003601670265198,-0.5878601670265198,False,True
2377,b9a325fb3b35a4aecfa6f5e881227513a2dd229a1dfcbaf2f6a60990319613c7,mbpp,answer,20,away,0.5,-1.9818086624145508,-0.1693086475133896,False,True
2377,b9a325fb3b35a4aecfa6f5e881227513a2dd229a1dfcbaf2f6a60990319613c7,mbpp,answer,20,random,0.5,-1.2214645147323608,-0.39333951473236084,False,True
2377,b9a325fb3b35a4aecfa6f5e881227513a2dd229a1dfcbaf2f6a60990319613c7,mbpp,answer,20,toward,1.0,-0.7956405878067017,-0.7175155878067017,False,True
2377,b9a325fb3b35a4aecfa6f5e881227513a2dd229a1dfcbaf2f6a60990319613c7,mbpp,answer,20,away,1.0,-2.5004096031188965,-0.1097845584154129,False,True
2377,b9a325fb3b35a4aecfa6f5e881227513a2dd229a1dfcbaf2f6a60990319613c7,mbpp,answer,20,random,1.0,-1.3245694637298584,-0.3714445233345032,False,True
2377,b9a325fb3b35a4aecfa6f5e881227513a2dd229a1dfcbaf2f6a60990319613c7,mbpp,answer,22,toward,0.5,-0.9901911020278931,-0.5214411020278931,False,True
2377,b9a325fb3b35a4aecfa6f5e881227513a2dd229a1dfcbaf2f6a60990319613c7,mbpp,answer,22,away,0.5,-1.783738374710083,-0.20561331510543823,False,True
2377,b9a325fb3b35a4aecfa6f5e881227513a2dd229a1dfcbaf2f6a60990319613c7,mbpp,answer,22,random,0.5,-1.287424921989441,-0.36554989218711853,False,True
2377,b9a325fb3b35a4aecfa6f5e881227513a2dd229a1dfcbaf2f6a60990319613c7,mbpp,answer,22,toward,1.0,-0.8707903623580933,-0.6364153623580933,False,True
2377,b9a325fb3b35a4aecfa6f5e881227513a2dd229a1dfcbaf2f6a60990319613c7,mbpp,answer,22,away,1.0,-2.305215835571289,-0.1333407461643219,False,True
2377,b9a325fb3b35a4aecfa6f5e881227513a2dd229a1dfcbaf2f6a60990319613c7,mbpp,answer,22,random,1.0,-1.2750444412231445,-0.4156694710254669,False,True
2377,b9a325fb3b35a4aecfa6f5e881227513a2dd229a1dfcbaf2f6a60990319613c7,mbpp,answer,24,toward,0.5,-1.0064852237701416,-0.5221101641654968,False,True
2377,b9a325fb3b35a4aecfa6f5e881227513a2dd229a1dfcbaf2f6a60990319613c7,mbpp,answer,24,away,0.5,-1.836064338684082,-0.19543929398059845,False,True
2377,b9a325fb3b35a4aecfa6f5e881227513a2dd229a1dfcbaf2f6a60990319613c7,mbpp,answer,24,random,0.5,-1.1265978813171387,-0.4390978515148163,False,True
2377,b9a325fb3b35a4aecfa6f5e881227513a2dd229a1dfcbaf2f6a60990319613c7,mbpp,answer,24,toward,1.0,-0.9322102069854736,-0.6353352069854736,False,True
2377,b9a325fb3b35a4aecfa6f5e881227513a2dd229a1dfcbaf2f6a60990319613c7,mbpp,answer,24,away,1.0,-2.41379714012146,-0.13254722952842712,False,True
2377,b9a325fb3b35a4aecfa6f5e881227513a2dd229a1dfcbaf2f6a60990319613c7,mbpp,answer,24,random,1.0,-0.9642413854598999,-0.5892413854598999,False,True
2377,b9a325fb3b35a4aecfa6f5e881227513a2dd229a1dfcbaf2f6a60990319613c7,mbpp,answer,26,toward,0.5,-0.9911016225814819,-0.5379766225814819,False,True
2377,b9a325fb3b35a4aecfa6f5e881227513a2dd229a1dfcbaf2f6a60990319613c7,mbpp,answer,26,away,0.5,-1.9278274774551392,-0.17782746255397797,False,True
2377,b9a325fb3b35a4aecfa6f5e881227513a2dd229a1dfcbaf2f6a60990319613c7,mbpp,answer,26,random,0.5,-1.4374163150787354,-0.29679128527641296,False,True
2377,b9a325fb3b35a4aecfa6f5e881227513a2dd229a1dfcbaf2f6a60990319613c7,mbpp,answer,26,toward,1.0,-0.9147897958755493,-0.6960397958755493,False,True
2377,b9a325fb3b35a4aecfa6f5e881227513a2dd229a1dfcbaf2f6a60990319613c7,mbpp,answer,26,away,1.0,-2.6005804538726807,-0.10058040171861649,False,True
2377,b9a325fb3b35a4aecfa6f5e881227513a2dd229a1dfcbaf2f6a60990319613c7,mbpp,answer,26,random,1.0,-1.6651113033294678,-0.22761134803295135,False,True
2377,b9a325fb3b35a4aecfa6f5e881227513a2dd229a1dfcbaf2f6a60990319613c7,mbpp,answer,28,toward,0.5,-0.9865344166755676,-0.5334094166755676,False,True
2377,b9a325fb3b35a4aecfa6f5e881227513a2dd229a1dfcbaf2f6a60990319613c7,mbpp,answer,28,away,0.5,-2.07495379447937,-0.1530788242816925,False,True
2377,b9a325fb3b35a4aecfa6f5e881227513a2dd229a1dfcbaf2f6a60990319613c7,mbpp,answer,28,random,0.5,-1.508409023284912,-0.2896589934825897,False,True
2377,b9a325fb3b35a4aecfa6f5e881227513a2dd229a1dfcbaf2f6a60990319613c7,mbpp,answer,28,toward,1.0,-0.9117798209190369,-0.6617798209190369,False,True
2377,b9a325fb3b35a4aecfa6f5e881227513a2dd229a1dfcbaf2f6a60990319613c7,mbpp,answer,28,away,1.0,-3.006619930267334,-0.06912000477313995,False,True
2377,b9a325fb3b35a4aecfa6f5e881227513a2dd229a1dfcbaf2f6a60990319613c7,mbpp,answer,28,random,1.0,-1.7607316970825195,-0.2294817566871643,False,True
2377,b9a325fb3b35a4aecfa6f5e881227513a2dd229a1dfcbaf2f6a60990319613c7,mbpp,answer,30,toward,0.5,-1.0616377592086792,-0.4835127890110016,False,True
2377,b9a325fb3b35a4aecfa6f5e881227513a2dd229a1dfcbaf2f6a60990319613c7,mbpp,answer,30,away,0.5,-2.306978225708008,-0.11947818100452423,False,True
2377,b9a325fb3b35a4aecfa6f5e881227513a2dd229a1dfcbaf2f6a60990319613c7,mbpp,answer,30,random,0.5,-1.8063534498214722,-0.19697842001914978,False,True
2377,b9a325fb3b35a4aecfa6f5e881227513a2dd229a1dfcbaf2f6a60990319613c7,mbpp,answer,30,toward,1.0,-1.1287720203399658,-0.5506470203399658,False,True
2377,b9a325fb3b35a4aecfa6f5e881227513a2dd229a1dfcbaf2f6a60990319613c7,mbpp,answer,30,away,1.0,-3.4693987369537354,-0.06314866989850998,False,True
2377,b9a325fb3b35a4aecfa6f5e881227513a2dd229a1dfcbaf2f6a60990319613c7,mbpp,answer,30,random,1.0,-2.691072940826416,-0.08169790357351303,False,True
2377,b9a325fb3b35a4aecfa6f5e881227513a2dd229a1dfcbaf2f6a60990319613c7,mbpp,answer,31,toward,0.5,-0.8715909123420715,-0.8403409123420715,False,True
2377,b9a325fb3b35a4aecfa6f5e881227513a2dd229a1dfcbaf2f6a60990319613c7,mbpp,answer,31,away,0.5,-2.372509717941284,-0.26313474774360657,False,True
2377,b9a325fb3b35a4aecfa6f5e881227513a2dd229a1dfcbaf2f6a60990319613c7,mbpp,answer,31,random,0.5,-1.844704270362854,-0.2353292554616928,False,True
2377,b9a325fb3b35a4aecfa6f5e881227513a2dd229a1dfcbaf2f6a60990319613c7,mbpp,answer,31,toward,1.0,-1.9236516952514648,-2.439276695251465,False,False
2377,b9a325fb3b35a4aecfa6f5e881227513a2dd229a1dfcbaf2f6a60990319613c7,mbpp,answer,31,away,1.0,-6.087450981140137,-3.3608884811401367,False,False
2377,b9a325fb3b35a4aecfa6f5e881227513a2dd229a1dfcbaf2f6a60990319613c7,mbpp,answer,31,random,1.0,-2.580876350402832,-0.7058764100074768,False,True
2385,3a1aaa18c3a5e454daf1c284d15e76d7256ddfb519adef16cc9ae2f49112ce20,mbpp,baseline,-1,none,0.0,-1.1175554990768433,-0.4300554692745209,False,True
2385,3a1aaa18c3a5e454daf1c284d15e76d7256ddfb519adef16cc9ae2f49112ce20,mbpp,if,0,toward,0.5,-1.105675458908081,-0.4338003993034363,False,True
2385,3a1aaa18c3a5e454daf1c284d15e76d7256ddfb519adef16cc9ae2f49112ce20,mbpp,if,0,away,0.5,-1.0598223209381104,-0.46607232093811035,False,True
2385,3a1aaa18c3a5e454daf1c284d15e76d7256ddfb519adef16cc9ae2f49112ce20,mbpp,if,0,random,0.5,-1.0677821636199951,-0.4584071934223175,False,True
2385,3a1aaa18c3a5e454daf1c284d15e76d7256ddfb519adef16cc9ae2f49112ce20,mbpp,if,0,toward,1.0,-1.028637409210205,-0.4661373794078827,False,True
2385,3a1aaa18c3a5e454daf1c284d15e76d7256ddfb519adef16cc9ae2f49112ce20,mbpp,if,0,away,1.0,-1.0573878288269043,-0.4636378288269043,False,True
2385,3a1aaa18c3a5e454daf1c284d15e76d7256ddfb519adef16cc9ae2f49112ce20,mbpp,if,0,random,1.0,-1.1788183450698853,-0.38194331526756287,False,True
2385,3a1aaa18c3a5e454daf1c284d15e76d7256ddfb519adef16cc9ae2f49112ce20,mbpp,if,2,toward,0.5,-1.1206308603286743,-0.4331308603286743,False,True
2385,3a1aaa18c3a5e454daf1c284d15e76d7256ddfb519adef16cc9ae2f49112ce20,mbpp,if,2,away,0.5,-1.1260536909103394,-0.42292872071266174,False,True
2385,3a1aaa18c3a5e454daf1c284d15e76d7256ddfb519adef16cc9ae2f49112ce20,mbpp,if,2,random,0.5,-1.0824145078659058,-0.4417894780635834,False,True
2385,3a1aaa18c3a5e454daf1c284d15e76d7256ddfb519adef16cc9ae2f49112ce20,mbpp,if,2,toward,1.0,-1.150752305984497,-0.4320022761821747,False,True
2385,3a1aaa18c3a5e454daf1c284d15e76d7256ddfb519adef16cc9ae2f49112ce20,mbpp,if,2,away,1.0,-1.3670591115951538,-0.3670591115951538,False,True
2385,3a1aaa18c3a5e454daf1c284d15e76d7256ddfb519adef16cc9ae2f49112ce20,mbpp,if,2,random,1.0,-1.0867022275924683,-0.4460771977901459,False,True
2385,3a1aaa18c3a5e454daf1c284d15e76d7256ddfb519adef16cc9ae2f49112ce20,mbpp,if,4,toward,0.5,-1.1468217372894287,-0.4124467670917511,False,True
2385,3a1aaa18c3a5e454daf1c284d15e76d7256ddfb519adef16cc9ae2f49112ce20,mbpp,if,4,away,0.5,-1.3453303575515747,-0.3297053575515747,False,True
2385,3a1aaa18c3a5e454daf1c284d15e76d7256ddfb519adef16cc9ae2f49112ce20,mbpp,if,4,random,0.5,-1.200216293334961,-0.3877163231372833,False,True
2385,3a1aaa18c3a5e454daf1c284d15e76d7256ddfb519adef16cc9ae2f49112ce20,mbpp,if,4,toward,1.0,-1.1791143417358398,-0.41348931193351746,False,True
2385,3a1aaa18c3a5e454daf1c284d15e76d7256ddfb519adef16cc9ae2f49112ce20,mbpp,if,4,away,1.0,-1.3031952381134033,-0.3813202679157257,False,True
2385,3a1aaa18c3a5e454daf1c284d15e76d7256ddfb519adef16cc9ae2f49112ce20,mbpp,if,4,random,1.0,-1.3429582118988037,-0.3273332118988037,False,True
2385,3a1aaa18c3a5e454daf1c284d15e76d7256ddfb519adef16cc9ae2f49112ce20,mbpp,if,6,toward,0.5,-0.9223577976226807,-0.5629827976226807,False,True
2385,3a1aaa18c3a5e454daf1c284d15e76d7256ddfb519adef16cc9ae2f49112ce20,mbpp,if,6,away,0.5,-1.3758301734924316,-0.31333014369010925,False,True
2385,3a1aaa18c3a5e454daf1c284d15e76d7256ddfb519adef16cc9ae2f49112ce20,mbpp,if,6,random,0.5,-1.1773655414581299,-0.3961155116558075,False,True
2385,3a1aaa18c3a5e454daf1c284d15e76d7256ddfb519adef16cc9ae2f49112ce20,mbpp,if,6,toward,1.0,-0.9867975115776062,-0.5336725115776062,False,True
2385,3a1aaa18c3a5e454daf1c284d15e76d7256ddfb519adef16cc9ae2f49112ce20,mbpp,if,6,away,1.0,-1.5248730182647705,-0.2592480182647705,False,True
2385,3a1aaa18c3a5e454daf1c284d15e76d7256ddfb519adef16cc9ae2f49112ce20,mbpp,if,6,random,1.0,-1.3972198963165283,-0.30346983671188354,False,True
2385,3a1aaa18c3a5e454daf1c284d15e76d7256ddfb519adef16cc9ae2f49112ce20,mbpp,if,8,toward,0.5,-1.1889441013336182,-0.4076940715312958,False,True
2385,3a1aaa18c3a5e454daf1c284d15e76d7256ddfb519adef16cc9ae2f49112ce20,mbpp,if,8,away,0.5,-1.350354552268982,-0.31910452246665955,False,True
2385,3a1aaa18c3a5e454daf1c284d15e76d7256ddfb519adef16cc9ae2f49112ce20,mbpp,if,8,random,0.5,-1.288509726524353,-0.35100969672203064,False,True
2385,3a1aaa18c3a5e454daf1c284d15e76d7256ddfb519adef16cc9ae2f49112ce20,mbpp,if,8,toward,1.0,-1.4007763862609863,-0.30702635645866394,False,True
2385,3a1aaa18c3a5e454daf1c284d15e76d7256ddfb519adef16cc9ae2f49112ce20,mbpp,if,8,away,1.0,-2.2198240756988525,-0.12607404589653015,False,True
2385,3a1aaa18c3a5e454daf1c284d15e76d7256ddfb519adef16cc9ae2f49112ce20,mbpp,if,8,random,1.0,-1.6639162302017212,-0.22641626000404358,False,True
2385,3a1aaa18c3a5e454daf1c284d15e76d7256ddfb519adef16cc9ae2f49112ce20,mbpp,if,10,toward,0.5,-1.127150058746338,-0.4240250587463379,False,True
2385,3a1aaa18c3a5e454daf1c284d15e76d7256ddfb519adef16cc9ae2f49112ce20,mbpp,if,10,away,0.5,-1.2947250604629517,-0.3416000306606293,False,True
2385,3a1aaa18c3a5e454daf1c284d15e76d7256ddfb519adef16cc9ae2f49112ce20,mbpp,if,10,random,0.5,-1.0778964757919312,-0.45289647579193115,False,True
2385,3a1aaa18c3a5e454daf1c284d15e76d7256ddfb519adef16cc9ae2f49112ce20,mbpp,if,10,toward,1.0,-1.0457342863082886,-0.4676092863082886,False,True
2385,3a1aaa18c3a5e454daf1c284d15e76d7256ddfb519adef16cc9ae2f49112ce20,mbpp,if,10,away,1.0,-1.464678406715393,-0.27717840671539307,False,True
2385,3a1aaa18c3a5e454daf1c284d15e76d7256ddfb519adef16cc9ae2f49112ce20,mbpp,if,10,random,1.0,-1.1908936500549316,-0.39401862025260925,False,True
2385,3a1aaa18c3a5e454daf1c284d15e76d7256ddfb519adef16cc9ae2f49112ce20,mbpp,if,12,toward,0.5,-0.8358990550041199,-0.6171490550041199,False,True
2385,3a1aaa18c3a5e454daf1c284d15e76d7256ddfb519adef16cc9ae2f49112ce20,mbpp,if,12,away,0.5,-1.5151396989822388,-0.26513969898223877,False,True
2385,3a1aaa18c3a5e454daf1c284d15e76d7256ddfb519adef16cc9ae2f49112ce20,mbpp,if,12,random,0.5,-1.0944797992706299,-0.45385482907295227,False,True
2385,3a1aaa18c3a5e454daf1c284d15e76d7256ddfb519adef16cc9ae2f49112ce20,mbpp,if,12,toward,1.0,-0.7312232255935669,-0.7155982255935669,False,True
2385,3a1aaa18c3a5e454daf1c284d15e76d7256ddfb519adef16cc9ae2f49112ce20,mbpp,if,12,away,1.0,-1.5780317783355713,-0.24990679323673248,False,True
2385,3a1aaa18c3a5e454daf1c284d15e76d7256ddfb519adef16cc9ae2f49112ce20,mbpp,if,12,random,1.0,-1.10619056224823,-0.44994056224823,False,True
2385,3a1aaa18c3a5e454daf1c284d15e76d7256ddfb519adef16cc9ae2f49112ce20,mbpp,if,14,toward,0.5,-1.0527677536010742,-0.4746427536010742,False,True
2385,3a1aaa18c3a5e454daf1c284d15e76d7256ddfb519adef16cc9ae2f49112ce20,mbpp,if,14,away,0.5,-1.2648029327392578,-0.3585529923439026,False,True
2385,3a1aaa18c3a5e454daf1c284d15e76d7256ddfb519adef16cc9ae2f49112ce20,mbpp,if,14,random,0.5,-1.1307841539382935,-0.42765918374061584,False,True
2385,3a1aaa18c3a5e454daf1c284d15e76d7256ddfb519adef16cc9ae2f49112ce20,mbpp,if,14,toward,1.0,-1.01938796043396,-0.5037629008293152,False,True
2385,3a1aaa18c3a5e454daf1c284d15e76d7256ddfb519adef16cc9ae2f49112ce20,mbpp,if,14,away,1.0,-1.2567510604858398,-0.3661261200904846,False,True
2385,3a1aaa18c3a5e454daf1c284d15e76d7256ddfb519adef16cc9ae2f49112ce20,mbpp,if,14,random,1.0,-1.1058218479156494,-0.44957178831100464,False,True
2385,3a1aaa18c3a5e454daf1c284d15e76d7256ddfb519adef16cc9ae2f49112ce20,mbpp,if,16,toward,0.5,-1.1095476150512695,-0.43767261505126953,False,True
2385,3a1aaa18c3a5e454daf1c284d15e76d7256ddfb519adef16cc9ae2f49112ce20,mbpp,if,16,away,0.5,-1.138733983039856,-0.41998395323753357,False,True
2385,3a1aaa18c3a5e454daf1c284d15e76d7256ddfb519adef16cc9ae2f49112ce20,mbpp,if,16,random,0.5,-1.1304341554641724,-0.42730918526649475,False,True
2385,3a1aaa18c3a5e454daf1c284d15e76d7256ddfb519adef16cc9ae2f49112ce20,mbpp,if,16,toward,1.0,-1.0932332277297974,-0.45260825753211975,False,True
2385,3a1aaa18c3a5e454daf1c284d15e76d7256ddfb519adef16cc9ae2f49112ce20,mbpp,if,16,away,1.0,-1.1315107345581055,-0.4283856749534607,False,True
2385,3a1aaa18c3a5e454daf1c284d15e76d7256ddfb519adef16cc9ae2f49112ce20,mbpp,if,16,random,1.0,-1.1326701641082764,-0.42954519391059875,False,True
2385,3a1aaa18c3a5e454daf1c284d15e76d7256ddfb519adef16cc9ae2f49112ce20,mbpp,if,18,toward,0.5,-1.1084070205688477,-0.43653202056884766,False,True
2385,3a1aaa18c3a5e454daf1c284d15e76d7256ddfb519adef16cc9ae2f49112ce20,mbpp,if,18,away,0.5,-1.0861399173736572,-0.4455149173736572,False,True
2385,3a1aaa18c3a5e454daf1c284d15e76d7256ddfb519adef16cc9ae2f49112ce20,mbpp,if,18,random,0.5,-1.1083308458328247,-0.4364558458328247,False,True
2385,3a1aaa18c3a5e454daf1c284d15e76d7256ddfb519adef16cc9ae2f49112ce20,mbpp,if,18,toward,1.0,-1.0791280269622803,-0.4541279673576355,False,True
2385,3a1aaa18c3a5e454daf1c284d15e76d7256ddfb519adef16cc9ae2f49112ce20,mbpp,if,18,away,1.0,-1.0463707447052002,-0.4682456851005554,False,True
2385,3a1aaa18c3a5e454daf1c284d15e76d7256ddfb519adef16cc9ae2f49112ce20,mbpp,if,18,random,1.0,-1.0699515342712402,-0.46057647466659546,False,True
2385,3a1aaa18c3a5e454daf1c284d15e76d7256ddfb519adef16cc9ae2f49112ce20,mbpp,if,20,toward,0.5,-1.1187340021133423,-0.4312340319156647,False,True
2385,3a1aaa18c3a5e454daf1c284d15e76d7256ddfb519adef16cc9ae2f49112ce20,mbpp,if,20,away,0.5,-1.097060203552246,-0.44081026315689087,False,True
2385,3a1aaa18c3a5e454daf1c284d15e76d7256ddfb519adef16cc9ae2f49112ce20,mbpp,if,20,random,0.5,-1.1294105052947998,-0.4262854754924774,False,True
2385,3a1aaa18c3a5e454daf1c284d15e76d7256ddfb519adef16cc9ae2f49112ce20,mbpp,if,20,toward,1.0,-1.1197882890701294,-0.4322882890701294,False,True
2385,3a1aaa18c3a5e454daf1c284d15e76d7256ddfb519adef16cc9ae2f49112ce20,mbpp,if,20,away,1.0,-1.0768868923187256,-0.45188695192337036,False,True
2385,3a1aaa18c3a5e454daf1c284d15e76d7256ddfb519adef16cc9ae2f49112ce20,mbpp,if,20,random,1.0,-1.1307048797607422,-0.4275798201560974,False,True
2385,3a1aaa18c3a5e454daf1c284d15e76d7256ddfb519adef16cc9ae2f49112ce20,mbpp,if,22,toward,0.5,-1.1280364990234375,-0.4249114394187927,False,True
2385,3a1aaa18c3a5e454daf1c284d15e76d7256ddfb519adef16cc9ae2f49112ce20,mbpp,if,22,away,0.5,-1.097710132598877,-0.44146019220352173,False,True
2385,3a1aaa18c3a5e454daf1c284d15e76d7256ddfb519adef16cc9ae2f49112ce20,mbpp,if,22,random,0.5,-1.1202425956726074,-0.43274256587028503,False,True
2385,3a1aaa18c3a5e454daf1c284d15e76d7256ddfb519adef16cc9ae2f49112ce20,mbpp,if,22,toward,1.0,-1.1183297634124756,-0.4308297336101532,False,True
2385,3a1aaa18c3a5e454daf1c284d15e76d7256ddfb519adef16cc9ae2f49112ce20,mbpp,if,22,away,1.0,-1.0883523225784302,-0.4477273225784302,False,True
2385,3a1aaa18c3a5e454daf1c284d15e76d7256ddfb519adef16cc9ae2f49112ce20,mbpp,if,22,random,1.0,-1.122564673423767,-0.4350647032260895,False,True
2385,3a1aaa18c3a5e454daf1c284d15e76d7256ddfb519adef16cc9ae2f49112ce20,mbpp,if,24,toward,0.5,-1.1282172203063965,-0.4250921607017517,False,True
2385,3a1aaa18c3a5e454daf1c284d15e76d7256ddfb519adef16cc9ae2f49112ce20,mbpp,if,24,away,0.5,-1.1082518100738525,-0.43637678027153015,False,True
2385,3a1aaa18c3a5e454daf1c284d15e76d7256ddfb519adef16cc9ae2f49112ce20,mbpp,if,24,random,0.5,-1.0988788604736328,-0.4426289200782776,False,True
2385,3a1aaa18c3a5e454daf1c284d15e76d7256ddfb519adef16cc9ae2f49112ce20,mbpp,if,24,toward,1.0,-1.1387200355529785,-0.41997000575065613,False,True
2385,3a1aaa18c3a5e454daf1c284d15e76d7256ddfb519adef16cc9ae2f49112ce20,mbpp,if,24,away,1.0,-1.098372220993042,-0.4421221613883972,False,True
2385,3a1aaa18c3a5e454daf1c284d15e76d7256ddfb519adef16cc9ae2f49112ce20,mbpp,if,24,random,1.0,-1.0809385776519775,-0.4559386372566223,False,True
2385,3a1aaa18c3a5e454daf1c284d15e76d7256ddfb519adef16cc9ae2f49112ce20,mbpp,if,26,toward,0.5,-1.1282705068588257,-0.42514553666114807,False,True
2385,3a1aaa18c3a5e454daf1c284d15e76d7256ddfb519adef16cc9ae2f49112ce20,mbpp,if,26,away,0.5,-1.1181297302246094,-0.4306297302246094,False,True
2385,3a1aaa18c3a5e454daf1c284d15e76d7256ddfb519adef16cc9ae2f49112ce20,mbpp,if,26,random,0.5,-1.1183210611343384,-0.4308210611343384,False,True
2385,3a1aaa18c3a5e454daf1c284d15e76d7256ddfb519adef16cc9ae2f49112ce20,mbpp,if,26,toward,1.0,-1.1182167530059814,-0.43071669340133667,False,True
2385,3a1aaa18c3a5e454daf1c284d15e76d7256ddfb519adef16cc9ae2f49112ce20,mbpp,if,26,away,1.0,-1.1078037023544312,-0.43592870235443115,False,True
2385,3a1aaa18c3a5e454daf1c284d15e76d7256ddfb519adef16cc9ae2f49112ce20,mbpp,if,26,random,1.0,-1.1092166900634766,-0.43734171986579895,False,True
2385,3a1aaa18c3a5e454daf1c284d15e76d7256ddfb519adef16cc9ae2f49112ce20,mbpp,if,28,toward,0.5,-1.1179771423339844,-0.43047720193862915,False,True
2385,3a1aaa18c3a5e454daf1c284d15e76d7256ddfb519adef16cc9ae2f49112ce20,mbpp,if,28,away,0.5,-1.1174145936965942,-0.4299146234989166,False,True
2385,3a1aaa18c3a5e454daf1c284d15e76d7256ddfb519adef16cc9ae2f49112ce20,mbpp,if,28,random,0.5,-1.1172072887420654,-0.42970722913742065,False,True
2385,3a1aaa18c3a5e454daf1c284d15e76d7256ddfb519adef16cc9ae2f49112ce20,mbpp,if,28,toward,1.0,-1.1181285381317139,-0.4306284785270691,False,True
2385,3a1aaa18c3a5e454daf1c284d15e76d7256ddfb519adef16cc9ae2f49112ce20,mbpp,if,28,away,1.0,-1.1071815490722656,-0.4353065490722656,False,True
2385,3a1aaa18c3a5e454daf1c284d15e76d7256ddfb519adef16cc9ae2f49112ce20,mbpp,if,28,random,1.0,-1.1067479848861694,-0.4348730146884918,False,True
2385,3a1aaa18c3a5e454daf1c284d15e76d7256ddfb519adef16cc9ae2f49112ce20,mbpp,if,30,toward,0.5,-1.1175549030303955,-0.43005484342575073,False,True
2385,3a1aaa18c3a5e454daf1c284d15e76d7256ddfb519adef16cc9ae2f49112ce20,mbpp,if,30,away,0.5,-1.1279306411743164,-0.4248056411743164,False,True
2385,3a1aaa18c3a5e454daf1c284d15e76d7256ddfb519adef16cc9ae2f49112ce20,mbpp,if,30,random,0.5,-1.1175771951675415,-0.4300771653652191,False,True
2385,3a1aaa18c3a5e454daf1c284d15e76d7256ddfb519adef16cc9ae2f49112ce20,mbpp,if,30,toward,1.0,-1.1277942657470703,-0.4246692359447479,False,True
2385,3a1aaa18c3a5e454daf1c284d15e76d7256ddfb519adef16cc9ae2f49112ce20,mbpp,if,30,away,1.0,-1.1177798509597778,-0.43027985095977783,False,True
2385,3a1aaa18c3a5e454daf1c284d15e76d7256ddfb519adef16cc9ae2f49112ce20,mbpp,if,30,random,1.0,-1.1179312467575073,-0.4304312467575073,False,True
2385,3a1aaa18c3a5e454daf1c284d15e76d7256ddfb519adef16cc9ae2f49112ce20,mbpp,if,31,toward,0.5,-1.117555022239685,-0.43005499243736267,False,True
2385,3a1aaa18c3a5e454daf1c284d15e76d7256ddfb519adef16cc9ae2f49112ce20,mbpp,if,31,away,0.5,-1.117555022239685,-0.43005499243736267,False,True
2385,3a1aaa18c3a5e454daf1c284d15e76d7256ddfb519adef16cc9ae2f49112ce20,mbpp,if,31,random,0.5,-1.117555022239685,-0.43005499243736267,False,True
2385,3a1aaa18c3a5e454daf1c284d15e76d7256ddfb519adef16cc9ae2f49112ce20,mbpp,if,31,toward,1.0,-1.117555022239685,-0.43005499243736267,False,True
2385,3a1aaa18c3a5e454daf1c284d15e76d7256ddfb519adef16cc9ae2f49112ce20,mbpp,if,31,away,1.0,-1.117555022239685,-0.43005499243736267,False,True
2385,3a1aaa18c3a5e454daf1c284d15e76d7256ddfb519adef16cc9ae2f49112ce20,mbpp,if,31,random,1.0,-1.117555022239685,-0.43005499243736267,False,True
2385,3a1aaa18c3a5e454daf1c284d15e76d7256ddfb519adef16cc9ae2f49112ce20,mbpp,body_first,0,toward,0.5,-1.0849380493164062,-0.444313108921051,False,True
2385,3a1aaa18c3a5e454daf1c284d15e76d7256ddfb519adef16cc9ae2f49112ce20,mbpp,body_first,0,away,0.5,-1.1593363285064697,-0.4093363583087921,False,True
2385,3a1aaa18c3a5e454daf1c284d15e76d7256ddfb519adef16cc9ae2f49112ce20,mbpp,body_first,0,random,0.5,-1.1482882499694824,-0.4139132797718048,False,True
2385,3a1aaa18c3a5e454daf1c284d15e76d7256ddfb519adef16cc9ae2f49112ce20,mbpp,body_first,0,toward,1.0,-1.010059118270874,-0.47880905866622925,False,True
2385,3a1aaa18c3a5e454daf1c284d15e76d7256ddfb519adef16cc9ae2f49112ce20,mbpp,body_first,0,away,1.0,-1.2209007740020752,-0.3771507143974304,False,True
2385,3a1aaa18c3a5e454daf1c284d15e76d7256ddfb519adef16cc9ae2f49112ce20,mbpp,body_first,0,random,1.0,-1.1776130199432373,-0.3963630199432373,False,True
2385,3a1aaa18c3a5e454daf1c284d15e76d7256ddfb519adef16cc9ae2f49112ce20,mbpp,body_first,2,toward,0.5,-1.1156702041625977,-0.42817026376724243,False,True
2385,3a1aaa18c3a5e454daf1c284d15e76d7256ddfb519adef16cc9ae2f49112ce20,mbpp,body_first,2,away,0.5,-1.1486825942993164,-0.41430753469467163,False,True
2385,3a1aaa18c3a5e454daf1c284d15e76d7256ddfb519adef16cc9ae2f49112ce20,mbpp,body_first,2,random,0.5,-1.1261972188949585,-0.4230722486972809,False,True
2385,3a1aaa18c3a5e454daf1c284d15e76d7256ddfb519adef16cc9ae2f49112ce20,mbpp,body_first,2,toward,1.0,-1.1032049655914307,-0.43132999539375305,False,True
2385,3a1aaa18c3a5e454daf1c284d15e76d7256ddfb519adef16cc9ae2f49112ce20,mbpp,body_first,2,away,1.0,-1.1358567476272583,-0.4171067774295807,False,True
2385,3a1aaa18c3a5e454daf1c284d15e76d7256ddfb519adef16cc9ae2f49112ce20,mbpp,body_first,2,random,1.0,-1.0722306966781616,-0.447230726480484,False,True
2385,3a1aaa18c3a5e454daf1c284d15e76d7256ddfb519adef16cc9ae2f49112ce20,mbpp,body_first,4,toward,0.5,-1.1062657833099365,-0.4343908429145813,False,True
2385,3a1aaa18c3a5e454daf1c284d15e76d7256ddfb519adef16cc9ae2f49112ce20,mbpp,body_first,4,away,0.5,-1.0868451595306396,-0.44622018933296204,False,True
2385,3a1aaa18c3a5e454daf1c284d15e76d7256ddfb519adef16cc9ae2f49112ce20,mbpp,body_first,4,random,0.5,-1.0874805450439453,-0.44685548543930054,False,True
2385,3a1aaa18c3a5e454daf1c284d15e76d7256ddfb519adef16cc9ae2f49112ce20,mbpp,body_first,4,toward,1.0,-1.0552972555160522,-0.46154725551605225,False,True
2385,3a1aaa18c3a5e454daf1c284d15e76d7256ddfb519adef16cc9ae2f49112ce20,mbpp,body_first,4,away,1.0,-1.0751372575759888,-0.45013725757598877,False,True
2385,3a1aaa18c3a5e454daf1c284d15e76d7256ddfb519adef16cc9ae2f49112ce20,mbpp,body_first,4,random,1.0,-1.0181145668029785,-0.48686450719833374,False,True
2385,3a1aaa18c3a5e454daf1c284d15e76d7256ddfb519adef16cc9ae2f49112ce20,mbpp,body_first,6,toward,0.5,-1.1276416778564453,-0.4245167374610901,False,True
2385,3a1aaa18c3a5e454daf1c284d15e76d7256ddfb519adef16cc9ae2f49112ce20,mbpp,body_first,6,away,0.5,-1.1170037984848022,-0.42950382828712463,False,True
2385,3a1aaa18c3a5e454daf1c284d15e76d7256ddfb519adef16cc9ae2f49112ce20,mbpp,body_first,6,random,0.5,-1.116660714149475,-0.4291606843471527,False,True
2385,3a1aaa18c3a5e454daf1c284d15e76d7256ddfb519adef16cc9ae2f49112ce20,mbpp,body_first,6,toward,1.0,-1.1474559307098389,-0.41308099031448364,False,True
2385,3a1aaa18c3a5e454daf1c284d15e76d7256ddfb519adef16cc9ae2f49112ce20,mbpp,body_first,6,away,1.0,-1.1174371242523193,-0.42993712425231934,False,True
2385,3a1aaa18c3a5e454daf1c284d15e76d7256ddfb519adef16cc9ae2f49112ce20,mbpp,body_first,6,random,1.0,-1.0960429906845093,-0.4397929906845093,False,True
2385,3a1aaa18c3a5e454daf1c284d15e76d7256ddfb519adef16cc9ae2f49112ce20,mbpp,body_first,8,toward,0.5,-1.117180347442627,-0.42968031764030457,False,True
2385,3a1aaa18c3a5e454daf1c284d15e76d7256ddfb519adef16cc9ae2f49112ce20,mbpp,body_first,8,away,0.5,-1.117669701576233,-0.4301696717739105,False,True
2385,3a1aaa18c3a5e454daf1c284d15e76d7256ddfb519adef16cc9ae2f49112ce20,mbpp,body_first,8,random,0.5,-1.1382590532302856,-0.41950902342796326,False,True
2385,3a1aaa18c3a5e454daf1c284d15e76d7256ddfb519adef16cc9ae2f49112ce20,mbpp,body_first,8,toward,1.0,-1.0871554613113403,-0.44653046131134033,False,True
2385,3a1aaa18c3a5e454daf1c284d15e76d7256ddfb519adef16cc9ae2f49112ce20,mbpp,body_first,8,away,1.0,-1.097800374031067,-0.4415503442287445,False,True
2385,3a1aaa18c3a5e454daf1c284d15e76d7256ddfb519adef16cc9ae2f49112ce20,mbpp,body_first,8,random,1.0,-1.127470850944519,-0.42434588074684143,False,True
2385,3a1aaa18c3a5e454daf1c284d15e76d7256ddfb519adef16cc9ae2f49112ce20,mbpp,body_first,10,toward,0.5,-1.128307580947876,-0.4251825511455536,False,True
2385,3a1aaa18c3a5e454daf1c284d15e76d7256ddfb519adef16cc9ae2f49112ce20,mbpp,body_first,10,away,0.5,-1.045853853225708,-0.46772879362106323,False,True
2385,3a1aaa18c3a5e454daf1c284d15e76d7256ddfb519adef16cc9ae2f49112ce20,mbpp,body_first,10,random,0.5,-1.0899746417999268,-0.44934964179992676,False,True
2385,3a1aaa18c3a5e454daf1c284d15e76d7256ddfb519adef16cc9ae2f49112ce20,mbpp,body_first,10,toward,1.0,-1.1398683786392212,-0.4211183488368988,False,True
2385,3a1aaa18c3a5e454daf1c284d15e76d7256ddfb519adef16cc9ae2f49112ce20,mbpp,body_first,10,away,1.0,-0.9872221946716309,-0.5028471946716309,False,True
2385,3a1aaa18c3a5e454daf1c284d15e76d7256ddfb519adef16cc9ae2f49112ce20,mbpp,body_first,10,random,1.0,-1.0925791263580322,-0.4519541561603546,False,True
2385,3a1aaa18c3a5e454daf1c284d15e76d7256ddfb519adef16cc9ae2f49112ce20,mbpp,body_first,12,toward,0.5,-1.0787346363067627,-0.4537345767021179,False,True
2385,3a1aaa18c3a5e454daf1c284d15e76d7256ddfb519adef16cc9ae2f49112ce20,mbpp,body_first,12,away,0.5,-1.097447156906128,-0.4411971867084503,False,True
2385,3a1aaa18c3a5e454daf1c284d15e76d7256ddfb519adef16cc9ae2f49112ce20,mbpp,body_first,12,random,0.5,-1.1602940559387207,-0.4102941155433655,False,True
2385,3a1aaa18c3a5e454daf1c284d15e76d7256ddfb519adef16cc9ae2f49112ce20,mbpp,body_first,12,toward,1.0,-1.021385908126831,-0.4901358485221863,False,True
2385,3a1aaa18c3a5e454daf1c284d15e76d7256ddfb519adef16cc9ae2f49112ce20,mbpp,body_first,12,away,1.0,-1.0711655616760254,-0.46179062128067017,False,True
2385,3a1aaa18c3a5e454daf1c284d15e76d7256ddfb519adef16cc9ae2f49112ce20,mbpp,body_first,12,random,1.0,-1.1404411792755127,-0.4216912090778351,False,True
2385,3a1aaa18c3a5e454daf1c284d15e76d7256ddfb519adef16cc9ae2f49112ce20,mbpp,body_first,14,toward,0.5,-1.0374226570129395,-0.47492268681526184,False,True
2385,3a1aaa18c3a5e454daf1c284d15e76d7256ddfb519adef16cc9ae2f49112ce20,mbpp,body_first,14,away,0.5,-1.1500520706176758,-0.41567710041999817,False,True
2385,3a1aaa18c3a5e454daf1c284d15e76d7256ddfb519adef16cc9ae2f49112ce20,mbpp,body_first,14,random,0.5,-1.1185168027877808,-0.4310167729854584,False,True
2385,3a1aaa18c3a5e454daf1c284d15e76d7256ddfb519adef16cc9ae2f49112ce20,mbpp,body_first,14,toward,1.0,-0.9991409778594971,-0.49914097785949707,False,True
2385,3a1aaa18c3a5e454daf1c284d15e76d7256ddfb519adef16cc9ae2f49112ce20,mbpp,body_first,14,away,1.0,-1.070913314819336,-0.46153831481933594,False,True
2385,3a1aaa18c3a5e454daf1c284d15e76d7256ddfb519adef16cc9ae2f49112ce20,mbpp,body_first,14,random,1.0,-1.1191542148590088,-0.43165427446365356,False,True
2385,3a1aaa18c3a5e454daf1c284d15e76d7256ddfb519adef16cc9ae2f49112ce20,mbpp,body_first,16,toward,0.5,-1.0488413572311401,-0.47071635723114014,False,True
2385,3a1aaa18c3a5e454daf1c284d15e76d7256ddfb519adef16cc9ae2f49112ce20,mbpp,body_first,16,away,0.5,-1.1895909309387207,-0.3927159607410431,False,True
2385,3a1aaa18c3a5e454daf1c284d15e76d7256ddfb519adef16cc9ae2f49112ce20,mbpp,body_first,16,random,0.5,-1.1487226486206055,-0.41434770822525024,False,True
2385,3a1aaa18c3a5e454daf1c284d15e76d7256ddfb519adef16cc9ae2f49112ce20,mbpp,body_first,16,toward,1.0,-1.04913330078125,-0.4710082411766052,False,True
2385,3a1aaa18c3a5e454daf1c284d15e76d7256ddfb519adef16cc9ae2f49112ce20,mbpp,body_first,16,away,1.0,-1.1472508907318115,-0.4128759205341339,False,True
2385,3a1aaa18c3a5e454daf1c284d15e76d7256ddfb519adef16cc9ae2f49112ce20,mbpp,body_first,16,random,1.0,-1.1702826023101807,-0.40465766191482544,False,True
2385,3a1aaa18c3a5e454daf1c284d15e76d7256ddfb519adef16cc9ae2f49112ce20,mbpp,body_first,18,toward,0.5,-1.1173057556152344,-0.42980581521987915,False,True
2385,3a1aaa18c3a5e454daf1c284d15e76d7256ddfb519adef16cc9ae2f49112ce20,mbpp,body_first,18,away,0.5,-1.1168019771575928,-0.42930200695991516,False,True
2385,3a1aaa18c3a5e454daf1c284d15e76d7256ddfb519adef16cc9ae2f49112ce20,mbpp,body_first,18,random,0.5,-1.1076160669326782,-0.43574103713035583,False,True
2385,3a1aaa18c3a5e454daf1c284d15e76d7256ddfb519adef16cc9ae2f49112ce20,mbpp,body_first,18,toward,1.0,-1.1068048477172852,-0.43492981791496277,False,True
2385,3a1aaa18c3a5e454daf1c284d15e76d7256ddfb519adef16cc9ae2f49112ce20,mbpp,body_first,18,away,1.0,-1.1266729831695557,-0.42354798316955566,False,True
2385,3a1aaa18c3a5e454daf1c284d15e76d7256ddfb519adef16cc9ae2f49112ce20,mbpp,body_first,18,random,1.0,-1.1078786849975586,-0.4360036253929138,False,True
2385,3a1aaa18c3a5e454daf1c284d15e76d7256ddfb519adef16cc9ae2f49112ce20,mbpp,body_first,20,toward,0.5,-1.117668628692627,-0.43016859889030457,False,True
2385,3a1aaa18c3a5e454daf1c284d15e76d7256ddfb519adef16cc9ae2f49112ce20,mbpp,body_first,20,away,0.5,-1.1271965503692627,-0.4240714907646179,False,True
2385,3a1aaa18c3a5e454daf1c284d15e76d7256ddfb519adef16cc9ae2f49112ce20,mbpp,body_first,20,random,0.5,-1.117206335067749,-0.4297063946723938,False,True
2385,3a1aaa18c3a5e454daf1c284d15e76d7256ddfb519adef16cc9ae2f49112ce20,mbpp,body_first,20,toward,1.0,-1.1175092458724976,-0.43000924587249756,False,True
2385,3a1aaa18c3a5e454daf1c284d15e76d7256ddfb519adef16cc9ae2f49112ce20,mbpp,body_first,20,away,1.0,-1.1269989013671875,-0.4238738715648651,False,True
2385,3a1aaa18c3a5e454daf1c284d15e76d7256ddfb519adef16cc9ae2f49112ce20,mbpp,body_first,20,random,1.0,-1.116791009902954,-0.4292909801006317,False,True
2385,3a1aaa18c3a5e454daf1c284d15e76d7256ddfb519adef16cc9ae2f49112ce20,mbpp,body_first,22,toward,0.5,-1.1282281875610352,-0.42510321736335754,False,True
2385,3a1aaa18c3a5e454daf1c284d15e76d7256ddfb519adef16cc9ae2f49112ce20,mbpp,body_first,22,away,0.5,-1.127190113067627,-0.42406517267227173,False,True
2385,3a1aaa18c3a5e454daf1c284d15e76d7256ddfb519adef16cc9ae2f49112ce20,mbpp,body_first,22,random,0.5,-1.1289857625961304,-0.42586079239845276,False,True
2385,3a1aaa18c3a5e454daf1c284d15e76d7256ddfb519adef16cc9ae2f49112ce20,mbpp,body_first,22,toward,1.0,-1.12833571434021,-0.42521077394485474,False,True
2385,3a1aaa18c3a5e454daf1c284d15e76d7256ddfb519adef16cc9ae2f49112ce20,mbpp,body_first,22,away,1.0,-1.1171003580093384,-0.429600328207016,False,True
2385,3a1aaa18c3a5e454daf1c284d15e76d7256ddfb519adef16cc9ae2f49112ce20,mbpp,body_first,22,random,1.0,-1.1190482378005981,-0.43154826760292053,False,True
2385,3a1aaa18c3a5e454daf1c284d15e76d7256ddfb519adef16cc9ae2f49112ce20,mbpp,body_first,24,toward,0.5,-1.128180742263794,-0.42505577206611633,False,True
2385,3a1aaa18c3a5e454daf1c284d15e76d7256ddfb519adef16cc9ae2f49112ce20,mbpp,body_first,24,away,0.5,-1.1267619132995605,-0.4236369729042053,False,True
2385,3a1aaa18c3a5e454daf1c284d15e76d7256ddfb519adef16cc9ae2f49112ce20,mbpp,body_first,24,random,0.5,-1.108242392539978,-0.436367392539978,False,True
2385,3a1aaa18c3a5e454daf1c284d15e76d7256ddfb519adef16cc9ae2f49112ce20,mbpp,body_first,24,toward,1.0,-1.1176352500915527,-0.43013525009155273,False,True
2385,3a1aaa18c3a5e454daf1c284d15e76d7256ddfb519adef16cc9ae2f49112ce20,mbpp,body_first,24,away,1.0,-1.127434492111206,-0.42430952191352844,False,True
2385,3a1aaa18c3a5e454daf1c284d15e76d7256ddfb519adef16cc9ae2f49112ce20,mbpp,body_first,24,random,1.0,-1.1085270643234253,-0.4366520643234253,False,True
2385,3a1aaa18c3a5e454daf1c284d15e76d7256ddfb519adef16cc9ae2f49112ce20,mbpp,body_first,26,toward,0.5,-1.1177477836608887,-0.4302477538585663,False,True
2385,3a1aaa18c3a5e454daf1c284d15e76d7256ddfb519adef16cc9ae2f49112ce20,mbpp,body_first,26,away,0.5,-1.1179062128067017,-0.43040621280670166,False,True
2385,3a1aaa18c3a5e454daf1c284d15e76d7256ddfb519adef16cc9ae2f49112ce20,mbpp,body_first,26,random,0.5,-1.1178101301193237,-0.4303101599216461,False,True
2385,3a1aaa18c3a5e454daf1c284d15e76d7256ddfb519adef16cc9ae2f49112ce20,mbpp,body_first,26,toward,1.0,-1.117666482925415,-0.43016642332077026,False,True
2385,3a1aaa18c3a5e454daf1c284d15e76d7256ddfb519adef16cc9ae2f49112ce20,mbpp,body_first,26,away,1.0,-1.1078850030899048,-0.4360100328922272,False,True
2385,3a1aaa18c3a5e454daf1c284d15e76d7256ddfb519adef16cc9ae2f49112ce20,mbpp,body_first,26,random,1.0,-1.1282994747161865,-0.42517444491386414,False,True
2385,3a1aaa18c3a5e454daf1c284d15e76d7256ddfb519adef16cc9ae2f49112ce20,mbpp,body_first,28,toward,0.5,-1.1177446842193604,-0.43024471402168274,False,True
2385,3a1aaa18c3a5e454daf1c284d15e76d7256ddfb519adef16cc9ae2f49112ce20,mbpp,body_first,28,away,0.5,-1.1172940731048584,-0.4297941029071808,False,True
2385,3a1aaa18c3a5e454daf1c284d15e76d7256ddfb519adef16cc9ae2f49112ce20,mbpp,body_first,28,random,0.5,-1.1278730630874634,-0.4247480630874634,False,True
2385,3a1aaa18c3a5e454daf1c284d15e76d7256ddfb519adef16cc9ae2f49112ce20,mbpp,body_first,28,toward,1.0,-1.1176183223724365,-0.43011826276779175,False,True
2385,3a1aaa18c3a5e454daf1c284d15e76d7256ddfb519adef16cc9ae2f49112ce20,mbpp,body_first,28,away,1.0,-1.1173748970031738,-0.4298749268054962,False,True
2385,3a1aaa18c3a5e454daf1c284d15e76d7256ddfb519adef16cc9ae2f49112ce20,mbpp,body_first,28,random,1.0,-1.1176197528839111,-0.43011975288391113,False,True
2385,3a1aaa18c3a5e454daf1c284d15e76d7256ddfb519adef16cc9ae2f49112ce20,mbpp,body_first,30,toward,0.5,-1.1175801753997803,-0.43008020520210266,False,True
2385,3a1aaa18c3a5e454daf1c284d15e76d7256ddfb519adef16cc9ae2f49112ce20,mbpp,body_first,30,away,0.5,-1.117555856704712,-0.4300558567047119,False,True
2385,3a1aaa18c3a5e454daf1c284d15e76d7256ddfb519adef16cc9ae2f49112ce20,mbpp,body_first,30,random,0.5,-1.1175562143325806,-0.43005624413490295,False,True
2385,3a1aaa18c3a5e454daf1c284d15e76d7256ddfb519adef16cc9ae2f49112ce20,mbpp,body_first,30,toward,1.0,-1.1177117824554443,-0.4302118420600891,False,True
2385,3a1aaa18c3a5e454daf1c284d15e76d7256ddfb519adef16cc9ae2f49112ce20,mbpp,body_first,30,away,1.0,-1.1173725128173828,-0.42987245321273804,False,True
2385,3a1aaa18c3a5e454daf1c284d15e76d7256ddfb519adef16cc9ae2f49112ce20,mbpp,body_first,30,random,1.0,-1.117555022239685,-0.43005499243736267,False,True
2385,3a1aaa18c3a5e454daf1c284d15e76d7256ddfb519adef16cc9ae2f49112ce20,mbpp,body_first,31,toward,0.5,-1.117555022239685,-0.43005499243736267,False,True
2385,3a1aaa18c3a5e454daf1c284d15e76d7256ddfb519adef16cc9ae2f49112ce20,mbpp,body_first,31,away,0.5,-1.117555022239685,-0.43005499243736267,False,True
2385,3a1aaa18c3a5e454daf1c284d15e76d7256ddfb519adef16cc9ae2f49112ce20,mbpp,body_first,31,random,0.5,-1.117555022239685,-0.43005499243736267,False,True
2385,3a1aaa18c3a5e454daf1c284d15e76d7256ddfb519adef16cc9ae2f49112ce20,mbpp,body_first,31,toward,1.0,-1.117555022239685,-0.43005499243736267,False,True
2385,3a1aaa18c3a5e454daf1c284d15e76d7256ddfb519adef16cc9ae2f49112ce20,mbpp,body_first,31,away,1.0,-1.117555022239685,-0.43005499243736267,False,True
2385,3a1aaa18c3a5e454daf1c284d15e76d7256ddfb519adef16cc9ae2f49112ce20,mbpp,body_first,31,random,1.0,-1.117555022239685,-0.43005499243736267,False,True
2385,3a1aaa18c3a5e454daf1c284d15e76d7256ddfb519adef16cc9ae2f49112ce20,mbpp,answer,0,toward,0.5,-1.075864315032959,-0.45086437463760376,False,True
2385,3a1aaa18c3a5e454daf1c284d15e76d7256ddfb519adef16cc9ae2f49112ce20,mbpp,answer,0,away,0.5,-1.1432081460952759,-0.42445817589759827,False,True
2385,3a1aaa18c3a5e454daf1c284d15e76d7256ddfb519adef16cc9ae2f49112ce20,mbpp,answer,0,random,0.5,-1.097978949546814,-0.4417289197444916,False,True
2385,3a1aaa18c3a5e454daf1c284d15e76d7256ddfb519adef16cc9ae2f49112ce20,mbpp,answer,0,toward,1.0,-0.934138834476471,-0.543513834476471,False,True
2385,3a1aaa18c3a5e454daf1c284d15e76d7256ddfb519adef16cc9ae2f49112ce20,mbpp,answer,0,away,1.0,-1.1834897994995117,-0.4178648293018341,False,True
2385,3a1aaa18c3a5e454daf1c284d15e76d7256ddfb519adef16cc9ae2f49112ce20,mbpp,answer,0,random,1.0,-1.1225563287734985,-0.4350563585758209,False,True
2385,3a1aaa18c3a5e454daf1c284d15e76d7256ddfb519adef16cc9ae2f49112ce20,mbpp,answer,2,toward,0.5,-1.062819480895996,-0.4534444212913513,False,True
2385,3a1aaa18c3a5e454daf1c284d15e76d7256ddfb519adef16cc9ae2f49112ce20,mbpp,answer,2,away,0.5,-1.1343073844909668,-0.4311824440956116,False,True
2385,3a1aaa18c3a5e454daf1c284d15e76d7256ddfb519adef16cc9ae2f49112ce20,mbpp,answer,2,random,0.5,-1.0619163513183594,-0.4681663513183594,False,True
2385,3a1aaa18c3a5e454daf1c284d15e76d7256ddfb519adef16cc9ae2f49112ce20,mbpp,answer,2,toward,1.0,-1.0339317321777344,-0.4714317321777344,False,True
2385,3a1aaa18c3a5e454daf1c284d15e76d7256ddfb519adef16cc9ae2f49112ce20,mbpp,answer,2,away,1.0,-1.1566286087036133,-0.40662863850593567,False,True
2385,3a1aaa18c3a5e454daf1c284d15e76d7256ddfb519adef16cc9ae2f49112ce20,mbpp,answer,2,random,1.0,-1.068461298942566,-0.4747112989425659,False,True
2385,3a1aaa18c3a5e454daf1c284d15e76d7256ddfb519adef16cc9ae2f49112ce20,mbpp,answer,4,toward,0.5,-1.1882576942443848,-0.39138269424438477,False,True
2385,3a1aaa18c3a5e454daf1c284d15e76d7256ddfb519adef16cc9ae2f49112ce20,mbpp,answer,4,away,0.5,-1.0988532304763794,-0.4426032602787018,False,True
2385,3a1aaa18c3a5e454daf1c284d15e76d7256ddfb519adef16cc9ae2f49112ce20,mbpp,answer,4,random,0.5,-1.245725154876709,-0.370725154876709,False,True
2385,3a1aaa18c3a5e454daf1c284d15e76d7256ddfb519adef16cc9ae2f49112ce20,mbpp,answer,4,toward,1.0,-1.2307064533233643,-0.35570642352104187,False,True
2385,3a1aaa18c3a5e454daf1c284d15e76d7256ddfb519adef16cc9ae2f49112ce20,mbpp,answer,4,away,1.0,-1.3074325323104858,-0.3386825621128082,False,True
2385,3a1aaa18c3a5e454daf1c284d15e76d7256ddfb519adef16cc9ae2f49112ce20,mbpp,answer,4,random,1.0,-1.3757274150848389,-0.3132273852825165,False,True
2385,3a1aaa18c3a5e454daf1c284d15e76d7256ddfb519adef16cc9ae2f49112ce20,mbpp,answer,6,toward,0.5,-1.2606712579727173,-0.3544212877750397,False,True
2385,3a1aaa18c3a5e454daf1c284d15e76d7256ddfb519adef16cc9ae2f49112ce20,mbpp,answer,6,away,0.5,-1.1480234861373901,-0.41364848613739014,False,True
2385,3a1aaa18c3a5e454daf1c284d15e76d7256ddfb519adef16cc9ae2f49112ce20,mbpp,answer,6,random,0.5,-1.1235675811767578,-0.43606752157211304,False,True
2385,3a1aaa18c3a5e454daf1c284d15e76d7256ddfb519adef16cc9ae2f49112ce20,mbpp,answer,6,toward,1.0,-1.341796875,-0.3105469346046448,False,True
2385,3a1aaa18c3a5e454daf1c284d15e76d7256ddfb519adef16cc9ae2f49112ce20,mbpp,answer,6,away,1.0,-1.1953445672988892,-0.38284456729888916,False,True
2385,3a1aaa18c3a5e454daf1c284d15e76d7256ddfb519adef16cc9ae2f49112ce20,mbpp,answer,6,random,1.0,-1.1083815097808838,-0.436506450176239,False,True
2385,3a1aaa18c3a5e454daf1c284d15e76d7256ddfb519adef16cc9ae2f49112ce20,mbpp,answer,8,toward,0.5,-1.1567212343215942,-0.4067212641239166,False,True
2385,3a1aaa18c3a5e454daf1c284d15e76d7256ddfb519adef16cc9ae2f49112ce20,mbpp,answer,8,away,0.5,-1.1056315898895264,-0.4337565302848816,False,True
2385,3a1aaa18c3a5e454daf1c284d15e76d7256ddfb519adef16cc9ae2f49112ce20,mbpp,answer,8,random,0.5,-1.1933625936508179,-0.3964875638484955,False,True
2385,3a1aaa18c3a5e454daf1c284d15e76d7256ddfb519adef16cc9ae2f49112ce20,mbpp,answer,8,toward,1.0,-1.1242170333862305,-0.4210919737815857,False,True
2385,3a1aaa18c3a5e454daf1c284d15e76d7256ddfb519adef16cc9ae2f49112ce20,mbpp,answer,8,away,1.0,-1.1094914674758911,-0.4219914972782135,False,True
2385,3a1aaa18c3a5e454daf1c284d15e76d7256ddfb519adef16cc9ae2f49112ce20,mbpp,answer,8,random,1.0,-1.0775642395019531,-0.4525642991065979,False,True
2385,3a1aaa18c3a5e454daf1c284d15e76d7256ddfb519adef16cc9ae2f49112ce20,mbpp,answer,10,toward,0.5,-1.0802717208862305,-0.43964675068855286,False,True
2385,3a1aaa18c3a5e454daf1c284d15e76d7256ddfb519adef16cc9ae2f49112ce20,mbpp,answer,10,away,0.5,-1.2423607110977173,-0.3986107409000397,False,True
2385,3a1aaa18c3a5e454daf1c284d15e76d7256ddfb519adef16cc9ae2f49112ce20,mbpp,answer,10,random,0.5,-1.0092014074325562,-0.49357640743255615,False,True
2385,3a1aaa18c3a5e454daf1c284d15e76d7256ddfb519adef16cc9ae2f49112ce20,mbpp,answer,10,toward,1.0,-1.1715947389602661,-0.4059697091579437,False,True
2385,3a1aaa18c3a5e454daf1c284d15e76d7256ddfb519adef16cc9ae2f49112ce20,mbpp,answer,10,away,1.0,-1.344490885734558,-0.3913659155368805,False,True
2385,3a1aaa18c3a5e454daf1c284d15e76d7256ddfb519adef16cc9ae2f49112ce20,mbpp,answer,10,random,1.0,-0.9413606524467468,-0.5351106524467468,False,True
2385,3a1aaa18c3a5e454daf1c284d15e76d7256ddfb519adef16cc9ae2f49112ce20,mbpp,answer,12,toward,0.5,-1.2437150478363037,-0.3530900180339813,False,True
2385,3a1aaa18c3a5e454daf1c284d15e76d7256ddfb519adef16cc9ae2f49112ce20,mbpp,answer,12,away,0.5,-1.2882630825042725,-0.38201311230659485,False,True
2385,3a1aaa18c3a5e454daf1c284d15e76d7256ddfb519adef16cc9ae2f49112ce20,mbpp,answer,12,random,0.5,-1.2730178833007812,-0.3823928236961365,False,True
2385,3a1aaa18c3a5e454daf1c284d15e76d7256ddfb519adef16cc9ae2f49112ce20,mbpp,answer,12,toward,1.0,-1.4053153991699219,-0.2959403991699219,False,True
2385,3a1aaa18c3a5e454daf1c284d15e76d7256ddfb519adef16cc9ae2f49112ce20,mbpp,answer,12,away,1.0,-1.5897517204284668,-0.3241267204284668,False,True
2385,3a1aaa18c3a5e454daf1c284d15e76d7256ddfb519adef16cc9ae2f49112ce20,mbpp,answer,12,random,1.0,-1.4741158485412598,-0.333490788936615,False,True
2385,3a1aaa18c3a5e454daf1c284d15e76d7256ddfb519adef16cc9ae2f49112ce20,mbpp,answer,14,toward,0.5,-1.1368706226348877,-0.4024955630302429,False,True
2385,3a1aaa18c3a5e454daf1c284d15e76d7256ddfb519adef16cc9ae2f49112ce20,mbpp,answer,14,away,0.5,-1.18190598487854,-0.4475310444831848,False,True
2385,3a1aaa18c3a5e454daf1c284d15e76d7256ddfb519adef16cc9ae2f49112ce20,mbpp,answer,14,random,0.5,-1.5367016792297363,-0.27107667922973633,False,True
2385,3a1aaa18c3a5e454daf1c284d15e76d7256ddfb519adef16cc9ae2f49112ce20,mbpp,answer,14,toward,1.0,-0.933786153793335,-0.558786153793335,False,True
2385,3a1aaa18c3a5e454daf1c284d15e76d7256ddfb519adef16cc9ae2f49112ce20,mbpp,answer,14,away,1.0,-1.6093621253967285,-0.39061209559440613,False,True
2385,3a1aaa18c3a5e454daf1c284d15e76d7256ddfb519adef16cc9ae2f49112ce20,mbpp,answer,14,random,1.0,-1.5660367012023926,-0.2847866714000702,False,True
2385,3a1aaa18c3a5e454daf1c284d15e76d7256ddfb519adef16cc9ae2f49112ce20,mbpp,answer,16,toward,0.5,-0.49776166677474976,-0.9665116667747498,True,False
2385,3a1aaa18c3a5e454daf1c284d15e76d7256ddfb519adef16cc9ae2f49112ce20,mbpp,answer,16,away,0.5,-1.2974737882614136,-0.39122381806373596,False,True
2385,3a1aaa18c3a5e454daf1c284d15e76d7256ddfb519adef16cc9ae2f49112ce20,mbpp,answer,16,random,0.5,-1.0970380306243896,-0.45641303062438965,False,True
2385,3a1aaa18c3a5e454daf1c284d15e76d7256ddfb519adef16cc9ae2f49112ce20,mbpp,answer,16,toward,1.0,-0.2105206400156021,-1.726145625114441,True,False
2385,3a1aaa18c3a5e454daf1c284d15e76d7256ddfb519adef16cc9ae2f49112ce20,mbpp,answer,16,away,1.0,-1.1265249252319336,-0.5327749252319336,False,True
2385,3a1aaa18c3a5e454daf1c284d15e76d7256ddfb519adef16cc9ae2f49112ce20,mbpp,answer,16,random,1.0,-1.1038105487823486,-0.5100606083869934,False,True
2385,3a1aaa18c3a5e454daf1c284d15e76d7256ddfb519adef16cc9ae2f49112ce20,mbpp,answer,18,toward,0.5,-0.9783408641815186,-0.5095908641815186,False,True
2385,3a1aaa18c3a5e454daf1c284d15e76d7256ddfb519adef16cc9ae2f49112ce20,mbpp,answer,18,away,0.5,-1.0306438207626343,-0.4837687909603119,False,True
2385,3a1aaa18c3a5e454daf1c284d15e76d7256ddfb519adef16cc9ae2f49112ce20,mbpp,answer,18,random,0.5,-0.7413352727890015,-0.7257102727890015,False,True
2385,3a1aaa18c3a5e454daf1c284d15e76d7256ddfb519adef16cc9ae2f49112ce20,mbpp,answer,18,toward,1.0,-0.9690704941749573,-0.5315704941749573,False,True
2385,3a1aaa18c3a5e454daf1c284d15e76d7256ddfb519adef16cc9ae2f49112ce20,mbpp,answer,18,away,1.0,-0.28566402196884155,-1.5356640815734863,True,False
2385,3a1aaa18c3a5e454daf1c284d15e76d7256ddfb519adef16cc9ae2f49112ce20,mbpp,answer,18,random,1.0,-0.6141756176948547,-0.9735506176948547,True,False
2385,3a1aaa18c3a5e454daf1c284d15e76d7256ddfb519adef16cc9ae2f49112ce20,mbpp,answer,20,toward,0.5,-1.046108603477478,-0.467983603477478,False,True
2385,3a1aaa18c3a5e454daf1c284d15e76d7256ddfb519adef16cc9ae2f49112ce20,mbpp,answer,20,away,0.5,-1.0952565670013428,-0.45463162660598755,False,True
2385,3a1aaa18c3a5e454daf1c284d15e76d7256ddfb519adef16cc9ae2f49112ce20,mbpp,answer,20,random,0.5,-0.98415207862854,-0.53102707862854,False,True
2385,3a1aaa18c3a5e454daf1c284d15e76d7256ddfb519adef16cc9ae2f49112ce20,mbpp,answer,20,toward,1.0,-1.20588219165802,-0.42463219165802,False,True
2385,3a1aaa18c3a5e454daf1c284d15e76d7256ddfb519adef16cc9ae2f49112ce20,mbpp,answer,20,away,1.0,-0.9272058606147766,-0.5522058606147766,False,True
2385,3a1aaa18c3a5e454daf1c284d15e76d7256ddfb519adef16cc9ae2f49112ce20,mbpp,answer,20,random,1.0,-0.7248071432113647,-0.7404321432113647,True,False
2385,3a1aaa18c3a5e454daf1c284d15e76d7256ddfb519adef16cc9ae2f49112ce20,mbpp,answer,22,toward,0.5,-1.0660557746887207,-0.5035557746887207,False,True
2385,3a1aaa18c3a5e454daf1c284d15e76d7256ddfb519adef16cc9ae2f49112ce20,mbpp,answer,22,away,0.5,-1.2045025825500488,-0.3920026421546936,False,True
2385,3a1aaa18c3a5e454daf1c284d15e76d7256ddfb519adef16cc9ae2f49112ce20,mbpp,answer,22,random,0.5,-1.0821619033813477,-0.4884118437767029,False,True
2385,3a1aaa18c3a5e454daf1c284d15e76d7256ddfb519adef16cc9ae2f49112ce20,mbpp,answer,22,toward,1.0,-1.1983582973480225,-0.6046082973480225,False,True
2385,3a1aaa18c3a5e454daf1c284d15e76d7256ddfb519adef16cc9ae2f49112ce20,mbpp,answer,22,away,1.0,-1.4707362651824951,-0.2988613247871399,False,True
2385,3a1aaa18c3a5e454daf1c284d15e76d7256ddfb519adef16cc9ae2f49112ce20,mbpp,answer,22,random,1.0,-1.16702139377594,-0.5732713937759399,False,True
2385,3a1aaa18c3a5e454daf1c284d15e76d7256ddfb519adef16cc9ae2f49112ce20,mbpp,answer,24,toward,0.5,-1.148921251296997,-0.44579625129699707,False,True
2385,3a1aaa18c3a5e454daf1c284d15e76d7256ddfb519adef16cc9ae2f49112ce20,mbpp,answer,24,away,0.5,-0.7690670490264893,-0.6596920490264893,False,True
2385,3a1aaa18c3a5e454daf1c284d15e76d7256ddfb519adef16cc9ae2f49112ce20,mbpp,answer,24,random,0.5,-1.2482908964157104,-0.35766589641571045,False,True
2385,3a1aaa18c3a5e454daf1c284d15e76d7256ddfb519adef16cc9ae2f49112ce20,mbpp,answer,24,toward,1.0,-1.2328169345855713,-0.5296919941902161,False,True
2385,3a1aaa18c3a5e454daf1c284d15e76d7256ddfb519adef16cc9ae2f49112ce20,mbpp,answer,24,away,1.0,-0.6148043274879456,-0.8023043274879456,True,False
2385,3a1aaa18c3a5e454daf1c284d15e76d7256ddfb519adef16cc9ae2f49112ce20,mbpp,answer,24,random,1.0,-1.4786956310272217,-0.2755705714225769,False,True
2385,3a1aaa18c3a5e454daf1c284d15e76d7256ddfb519adef16cc9ae2f49112ce20,mbpp,answer,26,toward,0.5,-0.8997988700866699,-0.6029238700866699,False,True
2385,3a1aaa18c3a5e454daf1c284d15e76d7256ddfb519adef16cc9ae2f49112ce20,mbpp,answer,26,away,0.5,-1.615663766860962,-0.24066370725631714,False,True
2385,3a1aaa18c3a5e454daf1c284d15e76d7256ddfb519adef16cc9ae2f49112ce20,mbpp,answer,26,random,0.5,-1.128566026687622,-0.4410659670829773,False,True
2385,3a1aaa18c3a5e454daf1c284d15e76d7256ddfb519adef16cc9ae2f49112ce20,mbpp,answer,26,toward,1.0,-0.8151234984397888,-0.7994984984397888,False,True
2385,3a1aaa18c3a5e454daf1c284d15e76d7256ddfb519adef16cc9ae2f49112ce20,mbpp,answer,26,away,1.0,-2.4752955436706543,-0.10029543936252594,False,True
2385,3a1aaa18c3a5e454daf1c284d15e76d7256ddfb519adef16cc9ae2f49112ce20,mbpp,answer,26,random,1.0,-1.1172093152999878,-0.4922093152999878,False,True
2385,3a1aaa18c3a5e454daf1c284d15e76d7256ddfb519adef16cc9ae2f49112ce20,mbpp,answer,28,toward,0.5,-0.8767693638801575,-0.6267693638801575,False,True
2385,3a1aaa18c3a5e454daf1c284d15e76d7256ddfb519adef16cc9ae2f49112ce20,mbpp,answer,28,away,0.5,-1.5872553586959839,-0.24350540339946747,False,True
2385,3a1aaa18c3a5e454daf1c284d15e76d7256ddfb519adef16cc9ae2f49112ce20,mbpp,answer,28,random,0.5,-1.3665907382965088,-0.3353407084941864,False,True
2385,3a1aaa18c3a5e454daf1c284d15e76d7256ddfb519adef16cc9ae2f49112ce20,mbpp,answer,28,toward,1.0,-0.7768888473510742,-0.8706388473510742,True,False
2385,3a1aaa18c3a5e454daf1c284d15e76d7256ddfb519adef16cc9ae2f49112ce20,mbpp,answer,28,away,1.0,-2.245178699493408,-0.12017875909805298,False,True
2385,3a1aaa18c3a5e454daf1c284d15e76d7256ddfb519adef16cc9ae2f49112ce20,mbpp,answer,28,random,1.0,-1.5995948314666748,-0.2714698612689972,False,True
2385,3a1aaa18c3a5e454daf1c284d15e76d7256ddfb519adef16cc9ae2f49112ce20,mbpp,answer,30,toward,0.5,-0.7755885720252991,-0.7912135720252991,True,False
2385,3a1aaa18c3a5e454daf1c284d15e76d7256ddfb519adef16cc9ae2f49112ce20,mbpp,answer,30,away,0.5,-1.822177529335022,-0.18155249953269958,False,True
2385,3a1aaa18c3a5e454daf1c284d15e76d7256ddfb519adef16cc9ae2f49112ce20,mbpp,answer,30,random,0.5,-1.2030396461486816,-0.39053967595100403,False,True
2385,3a1aaa18c3a5e454daf1c284d15e76d7256ddfb519adef16cc9ae2f49112ce20,mbpp,answer,30,toward,1.0,-0.7046868205070496,-1.4859368801116943,True,False
2385,3a1aaa18c3a5e454daf1c284d15e76d7256ddfb519adef16cc9ae2f49112ce20,mbpp,answer,30,away,1.0,-2.667257785797119,-0.07350777089595795,False,True
2385,3a1aaa18c3a5e454daf1c284d15e76d7256ddfb519adef16cc9ae2f49112ce20,mbpp,answer,30,random,1.0,-1.2668263912200928,-0.3605763912200928,False,True
2385,3a1aaa18c3a5e454daf1c284d15e76d7256ddfb519adef16cc9ae2f49112ce20,mbpp,answer,31,toward,0.5,-1.157224416732788,-1.172849416732788,True,False
2385,3a1aaa18c3a5e454daf1c284d15e76d7256ddfb519adef16cc9ae2f49112ce20,mbpp,answer,31,away,0.5,-1.7440561056137085,-0.19718115031719208,False,True
2385,3a1aaa18c3a5e454daf1c284d15e76d7256ddfb519adef16cc9ae2f49112ce20,mbpp,answer,31,random,0.5,-1.3582810163497925,-0.38953104615211487,False,True
2385,3a1aaa18c3a5e454daf1c284d15e76d7256ddfb519adef16cc9ae2f49112ce20,mbpp,answer,31,toward,1.0,-4.439202308654785,-4.861077308654785,False,False
2385,3a1aaa18c3a5e454daf1c284d15e76d7256ddfb519adef16cc9ae2f49112ce20,mbpp,answer,31,away,1.0,-2.1047184467315674,-0.13596844673156738,False,True
2385,3a1aaa18c3a5e454daf1c284d15e76d7256ddfb519adef16cc9ae2f49112ce20,mbpp,answer,31,random,1.0,-1.996112585067749,-0.9648625254631042,False,True
