row,group,source,site,layer,push,dose,logp_o,logp_flip,exact_o,exact_flip
3031,669dd7a9707995704189b0f7460846d16c147215d59518d4c0cb9373cd4130b8,humaneval,baseline,-1,none,0.0,-1.4900628328323364,-0.4041253328323364,False,True
3031,669dd7a9707995704189b0f7460846d16c147215d59518d4c0cb9373cd4130b8,humaneval,if,0,toward,0.5,-1.3996036052703857,-0.43866613507270813,False,True
3031,669dd7a9707995704189b0f7460846d16c147215d59518d4c0cb9373cd4130b8,humaneval,if,0,away,0.5,-1.5265181064605713,-0.4093305766582489,False,True
3031,669dd7a9707995704189b0f7460846d16c147215d59518d4c0cb9373cd4130b8,humaneval,if,0,random,0.5,-1.4525046348571777,-0.42125463485717773,False,True
3031,669dd7a9707995704189b0f7460846d16c147215d59518d4c0cb9373cd4130b8,humaneval,if,0,toward,1.0,-0.9726514220237732,-0.7382764220237732,False,True
3031,669dd7a9707995704189b0f7460846d16c147215d59518d4c0cb9373cd4130b8,humaneval,if,0,away,1.0,-1.1157686710357666,-0.6626436710357666,False,True
3031,669dd7a9707995704189b0f7460846d16c147215d59518d4c0cb9373cd4130b8,humaneval,if,0,random,1.0,-0.8404200077056885,-0.9224512577056885,True,False
3031,669dd7a9707995704189b0f7460846d16c147215d59518d4c0cb9373cd4130b8,humaneval,if,2,toward,0.5,-1.5651122331619263,-0.3776122033596039,False,True
3031,669dd7a9707995704189b0f7460846d16c147215d59518d4c0cb9373cd4130b8,humaneval,if,2,away,0.5,-1.3815886974334717,-0.44408872723579407,False,True
3031,669dd7a9707995704189b0f7460846d16c147215d59518d4c0cb9373cd4130b8,humaneval,if,2,random,0.5,-1.4540064334869385,-0.42275649309158325,False,True
3031,669dd7a9707995704189b0f7460846d16c147215d59518d4c0cb9373cd4130b8,humaneval,if,2,toward,1.0,-1.3493168354034424,-0.49775436520576477,False,True
3031,669dd7a9707995704189b0f7460846d16c147215d59518d4c0cb9373cd4130b8,humaneval,if,2,away,1.0,-1.338367223739624,-0.44774219393730164,False,True
3031,669dd7a9707995704189b0f7460846d16c147215d59518d4c0cb9373cd4130b8,humaneval,if,2,random,1.0,-1.3242125511169434,-0.4960874915122986,False,True
3031,669dd7a9707995704189b0f7460846d16c147215d59518d4c0cb9373cd4130b8,humaneval,if,4,toward,0.5,-1.3485386371612549,-0.4657261371612549,False,True
3031,669dd7a9707995704189b0f7460846d16c147215d59518d4c0cb9373cd4130b8,humaneval,if,4,away,0.5,-1.45034658908844,-0.41909658908843994,False,True
3031,669dd7a9707995704189b0f7460846d16c147215d59518d4c0cb9373cd4130b8,humaneval,if,4,random,0.5,-1.4803366661071777,-0.41002413630485535,False,True
3031,669dd7a9707995704189b0f7460846d16c147215d59518d4c0cb9373cd4130b8,humaneval,if,4,toward,1.0,-0.8877947926521301,-0.7706072926521301,False,True
3031,669dd7a9707995704189b0f7460846d16c147215d59518d4c0cb9373cd4130b8,humaneval,if,4,away,1.0,-1.2457133531570435,-0.5113383531570435,False,True
3031,669dd7a9707995704189b0f7460846d16c147215d59518d4c0cb9373cd4130b8,humaneval,if,4,random,1.0,-1.4318660497665405,-0.4084285497665405,False,True
3031,669dd7a9707995704189b0f7460846d16c147215d59518d4c0cb9373cd4130b8,humaneval,if,6,toward,0.5,-1.4022870063781738,-0.43353700637817383,False,True
3031,669dd7a9707995704189b0f7460846d16c147215d59518d4c0cb9373cd4130b8,humaneval,if,6,away,0.5,-1.5608452558517456,-0.373345285654068,False,True
3031,669dd7a9707995704189b0f7460846d16c147215d59518d4c0cb9373cd4130b8,humaneval,if,6,random,0.5,-1.460593819618225,-0.4137187898159027,False,True
3031,669dd7a9707995704189b0f7460846d16c147215d59518d4c0cb9373cd4130b8,humaneval,if,6,toward,1.0,-1.3041300773620605,-0.4603801369667053,False,True
3031,669dd7a9707995704189b0f7460846d16c147215d59518d4c0cb9373cd4130b8,humaneval,if,6,away,1.0,-1.3843348026275635,-0.43120986223220825,False,True
3031,669dd7a9707995704189b0f7460846d16c147215d59518d4c0cb9373cd4130b8,humaneval,if,6,random,1.0,-1.3754334449768066,-0.43793344497680664,False,True
3031,669dd7a9707995704189b0f7460846d16c147215d59518d4c0cb9373cd4130b8,humaneval,if,8,toward,0.5,-1.492020606994629,-0.3982706665992737,False,True
3031,669dd7a9707995704189b0f7460846d16c147215d59518d4c0cb9373cd4130b8,humaneval,if,8,away,0.5,-1.4983283281326294,-0.4045783579349518,False,True
3031,669dd7a9707995704189b0f7460846d16c147215d59518d4c0cb9373cd4130b8,humaneval,if,8,random,0.5,-1.4975892305374146,-0.39602670073509216,False,True
3031,669dd7a9707995704189b0f7460846d16c147215d59518d4c0cb9373cd4130b8,humaneval,if,8,toward,1.0,-1.4548481702804565,-0.40797314047813416,False,True
3031,669dd7a9707995704189b0f7460846d16c147215d59518d4c0cb9373cd4130b8,humaneval,if,8,away,1.0,-1.4672167301177979,-0.42034170031547546,False,True
3031,669dd7a9707995704189b0f7460846d16c147215d59518d4c0cb9373cd4130b8,humaneval,if,8,random,1.0,-1.4717016220092773,-0.40138906240463257,False,True
3031,669dd7a9707995704189b0f7460846d16c147215d59518d4c0cb9373cd4130b8,humaneval,if,10,toward,0.5,-1.5156255960464478,-0.39062556624412537,False,True
3031,669dd7a9707995704189b0f7460846d16c147215d59518d4c0cb9373cd4130b8,humaneval,if,10,away,0.5,-1.4519553184509277,-0.42070531845092773,False,True
3031,669dd7a9707995704189b0f7460846d16c147215d59518d4c0cb9373cd4130b8,humaneval,if,10,random,0.5,-1.517890453338623,-0.39289039373397827,False,True
3031,669dd7a9707995704189b0f7460846d16c147215d59518d4c0cb9373cd4130b8,humaneval,if,10,toward,1.0,-1.526706337928772,-0.3860813081264496,False,True
3031,669dd7a9707995704189b0f7460846d16c147215d59518d4c0cb9373cd4130b8,humaneval,if,10,away,1.0,-1.2775973081588745,-0.4963473081588745,False,True
3031,669dd7a9707995704189b0f7460846d16c147215d59518d4c0cb9373cd4130b8,humaneval,if,10,random,1.0,-1.5193495750427246,-0.39434951543807983,False,True
3031,669dd7a9707995704189b0f7460846d16c147215d59518d4c0cb9373cd4130b8,humaneval,if,12,toward,0.5,-1.5188610553741455,-0.3938611149787903,False,True
3031,669dd7a9707995704189b0f7460846d16c147215d59518d4c0cb9373cd4130b8,humaneval,if,12,away,0.5,-1.4392311573028564,-0.4236062169075012,False,True
3031,669dd7a9707995704189b0f7460846d16c147215d59518d4c0cb9373cd4130b8,humaneval,if,12,random,0.5,-1.4894914627075195,-0.4035540223121643,False,True
3031,669dd7a9707995704189b0f7460846d16c147215d59518d4c0cb9373cd4130b8,humaneval,if,12,toward,1.0,-1.528747797012329,-0.3881227672100067,False,True
3031,669dd7a9707995704189b0f7460846d16c147215d59518d4c0cb9373cd4130b8,humaneval,if,12,away,1.0,-1.3882585763931274,-0.45075860619544983,False,True
3031,669dd7a9707995704189b0f7460846d16c147215d59518d4c0cb9373cd4130b8,humaneval,if,12,random,1.0,-1.447969675064087,-0.4167196750640869,False,True
3031,669dd7a9707995704189b0f7460846d16c147215d59518d4c0cb9373cd4130b8,humaneval,if,14,toward,0.5,-1.4924391508102417,-0.3986891508102417,False,True
3031,669dd7a9707995704189b0f7460846d16c147215d59518d4c0cb9373cd4130b8,humaneval,if,14,away,0.5,-1.4862239360809326,-0.4080989360809326,False,True
3031,669dd7a9707995704189b0f7460846d16c147215d59518d4c0cb9373cd4130b8,humaneval,if,14,random,0.5,-1.4952006340026855,-0.40145066380500793,False,True
3031,669dd7a9707995704189b0f7460846d16c147215d59518d4c0cb9373cd4130b8,humaneval,if,14,toward,1.0,-1.4891138076782227,-0.39536380767822266,False,True
3031,669dd7a9707995704189b0f7460846d16c147215d59518d4c0cb9373cd4130b8,humaneval,if,14,away,1.0,-1.4259520769119263,-0.43376457691192627,False,True
3031,669dd7a9707995704189b0f7460846d16c147215d59518d4c0cb9373cd4130b8,humaneval,if,14,random,1.0,-1.4853202104568481,-0.40719524025917053,False,True
3031,669dd7a9707995704189b0f7460846d16c147215d59518d4c0cb9373cd4130b8,humaneval,if,16,toward,0.5,-1.487676739692688,-0.401739239692688,False,True
3031,669dd7a9707995704189b0f7460846d16c147215d59518d4c0cb9373cd4130b8,humaneval,if,16,away,0.5,-1.5030744075775146,-0.40151187777519226,False,True
3031,669dd7a9707995704189b0f7460846d16c147215d59518d4c0cb9373cd4130b8,humaneval,if,16,random,0.5,-1.4973783493041992,-0.403628408908844,False,True
3031,669dd7a9707995704189b0f7460846d16c147215d59518d4c0cb9373cd4130b8,humaneval,if,16,toward,1.0,-1.4796762466430664,-0.401551216840744,False,True
3031,669dd7a9707995704189b0f7460846d16c147215d59518d4c0cb9373cd4130b8,humaneval,if,16,away,1.0,-1.484925389289856,-0.41461291909217834,False,True
3031,669dd7a9707995704189b0f7460846d16c147215d59518d4c0cb9373cd4130b8,humaneval,if,16,random,1.0,-1.4898040294647217,-0.4116789698600769,False,True
3031,669dd7a9707995704189b0f7460846d16c147215d59518d4c0cb9373cd4130b8,humaneval,if,18,toward,0.5,-1.488883376121521,-0.4029459059238434,False,True
3031,669dd7a9707995704189b0f7460846d16c147215d59518d4c0cb9373cd4130b8,humaneval,if,18,away,0.5,-1.5018565654754639,-0.40029412508010864,False,True
3031,669dd7a9707995704189b0f7460846d16c147215d59518d4c0cb9373cd4130b8,humaneval,if,18,random,0.5,-1.4952813386917114,-0.4015313386917114,False,True
3031,669dd7a9707995704189b0f7460846d16c147215d59518d4c0cb9373cd4130b8,humaneval,if,18,toward,1.0,-1.4808920621871948,-0.40276703238487244,False,True
3031,669dd7a9707995704189b0f7460846d16c147215d59518d4c0cb9373cd4130b8,humaneval,if,18,away,1.0,-1.4988453388214111,-0.40509533882141113,False,True
3031,669dd7a9707995704189b0f7460846d16c147215d59518d4c0cb9373cd4130b8,humaneval,if,18,random,1.0,-1.482877492904663,-0.4047524631023407,False,True
3031,669dd7a9707995704189b0f7460846d16c147215d59518d4c0cb9373cd4130b8,humaneval,if,20,toward,0.5,-1.4954036474227905,-0.4016536474227905,False,True
3031,669dd7a9707995704189b0f7460846d16c147215d59518d4c0cb9373cd4130b8,humaneval,if,20,away,0.5,-1.5064078569412231,-0.39703288674354553,False,True
3031,669dd7a9707995704189b0f7460846d16c147215d59518d4c0cb9373cd4130b8,humaneval,if,20,random,0.5,-1.49515962600708,-0.4014095664024353,False,True
3031,669dd7a9707995704189b0f7460846d16c147215d59518d4c0cb9373cd4130b8,humaneval,if,20,toward,1.0,-1.4956592321395874,-0.4019092321395874,False,True
3031,669dd7a9707995704189b0f7460846d16c147215d59518d4c0cb9373cd4130b8,humaneval,if,20,away,1.0,-1.506538987159729,-0.397163987159729,False,True
3031,669dd7a9707995704189b0f7460846d16c147215d59518d4c0cb9373cd4130b8,humaneval,if,20,random,1.0,-1.4943230152130127,-0.4005729556083679,False,True
3031,669dd7a9707995704189b0f7460846d16c147215d59518d4c0cb9373cd4130b8,humaneval,if,22,toward,0.5,-1.4953460693359375,-0.4015960395336151,False,True
3031,669dd7a9707995704189b0f7460846d16c147215d59518d4c0cb9373cd4130b8,humaneval,if,22,away,0.5,-1.4950932264328003,-0.4013431966304779,False,True
3031,669dd7a9707995704189b0f7460846d16c147215d59518d4c0cb9373cd4130b8,humaneval,if,22,random,0.5,-1.4949042797088623,-0.4011542797088623,False,True
3031,669dd7a9707995704189b0f7460846d16c147215d59518d4c0cb9373cd4130b8,humaneval,if,22,toward,1.0,-1.4935753345489502,-0.3998253345489502,False,True
3031,669dd7a9707995704189b0f7460846d16c147215d59518d4c0cb9373cd4130b8,humaneval,if,22,away,1.0,-1.500484585762024,-0.39892205595970154,False,True
3031,669dd7a9707995704189b0f7460846d16c147215d59518d4c0cb9373cd4130b8,humaneval,if,22,random,1.0,-1.4899907112121582,-0.4040532410144806,False,True
3031,669dd7a9707995704189b0f7460846d16c147215d59518d4c0cb9373cd4130b8,humaneval,if,23,toward,0.5,-1.4954159259796143,-0.40166592597961426,False,True
3031,669dd7a9707995704189b0f7460846d16c147215d59518d4c0cb9373cd4130b8,humaneval,if,23,away,0.5,-1.4954159259796143,-0.40166592597961426,False,True
3031,669dd7a9707995704189b0f7460846d16c147215d59518d4c0cb9373cd4130b8,humaneval,if,23,random,0.5,-1.4954159259796143,-0.40166592597961426,False,True
3031,669dd7a9707995704189b0f7460846d16c147215d59518d4c0cb9373cd4130b8,humaneval,if,23,toward,1.0,-1.4954159259796143,-0.40166592597961426,False,True
3031,669dd7a9707995704189b0f7460846d16c147215d59518d4c0cb9373cd4130b8,humaneval,if,23,away,1.0,-1.4954159259796143,-0.40166592597961426,False,True
3031,669dd7a9707995704189b0f7460846d16c147215d59518d4c0cb9373cd4130b8,humaneval,if,23,random,1.0,-1.4954159259796143,-0.40166592597961426,False,True
3031,669dd7a9707995704189b0f7460846d16c147215d59518d4c0cb9373cd4130b8,humaneval,body_first,0,toward,0.5,-1.3986581563949585,-0.4455331861972809,False,True
3031,669dd7a9707995704189b0f7460846d16c147215d59518d4c0cb9373cd4130b8,humaneval,body_first,0,away,0.5,-1.5202149152755737,-0.39521488547325134,False,True
3031,669dd7a9707995704189b0f7460846d16c147215d59518d4c0cb9373cd4130b8,humaneval,body_first,0,random,0.5,-1.4401026964187622,-0.4244776666164398,False,True
3031,669dd7a9707995704189b0f7460846d16c147215d59518d4c0cb9373cd4130b8,humaneval,body_first,0,toward,1.0,-1.2647396326065063,-0.5225521326065063,False,True
3031,669dd7a9707995704189b0f7460846d16c147215d59518d4c0cb9373cd4130b8,humaneval,body_first,0,away,1.0,-1.472296118736267,-0.4254211187362671,False,True
3031,669dd7a9707995704189b0f7460846d16c147215d59518d4c0cb9373cd4130b8,humaneval,body_first,0,random,1.0,-1.3313541412353516,-0.47979164123535156,False,True
3031,669dd7a9707995704189b0f7460846d16c147215d59518d4c0cb9373cd4130b8,humaneval,body_first,2,toward,0.5,-1.4992347955703735,-0.4054848253726959,False,True
3031,669dd7a9707995704189b0f7460846d16c147215d59518d4c0cb9373cd4130b8,humaneval,body_first,2,away,0.5,-1.4603917598724365,-0.4135168194770813,False,True
3031,669dd7a9707995704189b0f7460846d16c147215d59518d4c0cb9373cd4130b8,humaneval,body_first,2,random,0.5,-1.4591565132141113,-0.41228151321411133,False,True
3031,669dd7a9707995704189b0f7460846d16c147215d59518d4c0cb9373cd4130b8,humaneval,body_first,2,toward,1.0,-1.474287986755371,-0.4117879569530487,False,True
3031,669dd7a9707995704189b0f7460846d16c147215d59518d4c0cb9373cd4130b8,humaneval,body_first,2,away,1.0,-1.4539259672164917,-0.4148634672164917,False,True
3031,669dd7a9707995704189b0f7460846d16c147215d59518d4c0cb9373cd4130b8,humaneval,body_first,2,random,1.0,-1.4352314472198486,-0.4196065068244934,False,True
3031,669dd7a9707995704189b0f7460846d16c147215d59518d4c0cb9373cd4130b8,humaneval,body_first,4,toward,0.5,-1.4992376565933228,-0.39767512679100037,False,True
3031,669dd7a9707995704189b0f7460846d16c147215d59518d4c0cb9373cd4130b8,humaneval,body_first,4,away,0.5,-1.4967055320739746,-0.402955561876297,False,True
3031,669dd7a9707995704189b0f7460846d16c147215d59518d4c0cb9373cd4130b8,humaneval,body_first,4,random,0.5,-1.4949719905853271,-0.40122196078300476,False,True
3031,669dd7a9707995704189b0f7460846d16c147215d59518d4c0cb9373cd4130b8,humaneval,body_first,4,toward,1.0,-1.474671721458435,-0.40435919165611267,False,True
3031,669dd7a9707995704189b0f7460846d16c147215d59518d4c0cb9373cd4130b8,humaneval,body_first,4,away,1.0,-1.4755711555480957,-0.4130712151527405,False,True
3031,669dd7a9707995704189b0f7460846d16c147215d59518d4c0cb9373cd4130b8,humaneval,body_first,4,random,1.0,-1.4806208610534668,-0.402495801448822,False,True
3031,669dd7a9707995704189b0f7460846d16c147215d59518d4c0cb9373cd4130b8,humaneval,body_first,6,toward,0.5,-1.4707577228546143,-0.40825769305229187,False,True
3031,669dd7a9707995704189b0f7460846d16c147215d59518d4c0cb9373cd4130b8,humaneval,body_first,6,away,0.5,-1.491870641708374,-0.40593308210372925,False,True
3031,669dd7a9707995704189b0f7460846d16c147215d59518d4c0cb9373cd4130b8,humaneval,body_first,6,random,0.5,-1.501442551612854,-0.3998800814151764,False,True
3031,669dd7a9707995704189b0f7460846d16c147215d59518d4c0cb9373cd4130b8,humaneval,body_first,6,toward,1.0,-1.4625033140182495,-0.4078157842159271,False,True
3031,669dd7a9707995704189b0f7460846d16c147215d59518d4c0cb9373cd4130b8,humaneval,body_first,6,away,1.0,-1.4327811002731323,-0.42496857047080994,False,True
3031,669dd7a9707995704189b0f7460846d16c147215d59518d4c0cb9373cd4130b8,humaneval,body_first,6,random,1.0,-1.487105131149292,-0.40116769075393677,False,True
3031,669dd7a9707995704189b0f7460846d16c147215d59518d4c0cb9373cd4130b8,humaneval,body_first,8,toward,0.5,-1.488695502281189,-0.40275803208351135,False,True
3031,669dd7a9707995704189b0f7460846d16c147215d59518d4c0cb9373cd4130b8,humaneval,body_first,8,away,0.5,-1.500397801399231,-0.39883533120155334,False,True
3031,669dd7a9707995704189b0f7460846d16c147215d59518d4c0cb9373cd4130b8,humaneval,body_first,8,random,0.5,-1.4935113191604614,-0.3997613191604614,False,True
3031,669dd7a9707995704189b0f7460846d16c147215d59518d4c0cb9373cd4130b8,humaneval,body_first,8,toward,1.0,-1.4847052097320557,-0.3987676501274109,False,True
3031,669dd7a9707995704189b0f7460846d16c147215d59518d4c0cb9373cd4130b8,humaneval,body_first,8,away,1.0,-1.4975224733352661,-0.3959599435329437,False,True
3031,669dd7a9707995704189b0f7460846d16c147215d59518d4c0cb9373cd4130b8,humaneval,body_first,8,random,1.0,-1.4907302856445312,-0.3969802260398865,False,True
3031,669dd7a9707995704189b0f7460846d16c147215d59518d4c0cb9373cd4130b8,humaneval,body_first,10,toward,0.5,-1.500720500946045,-0.3991580009460449,False,True
3031,669dd7a9707995704189b0f7460846d16c147215d59518d4c0cb9373cd4130b8,humaneval,body_first,10,away,0.5,-1.4936494827270508,-0.399899423122406,False,True
3031,669dd7a9707995704189b0f7460846d16c147215d59518d4c0cb9373cd4130b8,humaneval,body_first,10,random,0.5,-1.4944519996643066,-0.40070194005966187,False,True
3031,669dd7a9707995704189b0f7460846d16c147215d59518d4c0cb9373cd4130b8,humaneval,body_first,10,toward,1.0,-1.5093986988067627,-0.3922111690044403,False,True
3031,669dd7a9707995704189b0f7460846d16c147215d59518d4c0cb9373cd4130b8,humaneval,body_first,10,away,1.0,-1.4811999797821045,-0.40307503938674927,False,True
3031,669dd7a9707995704189b0f7460846d16c147215d59518d4c0cb9373cd4130b8,humaneval,body_first,10,random,1.0,-1.5041790008544922,-0.3948040306568146,False,True
3031,669dd7a9707995704189b0f7460846d16c147215d59518d4c0cb9373cd4130b8,humaneval,body_first,12,toward,0.5,-1.505319595336914,-0.3959445357322693,False,True
3031,669dd7a9707995704189b0f7460846d16c147215d59518d4c0cb9373cd4130b8,humaneval,body_first,12,away,0.5,-1.4456197023391724,-0.41436970233917236,False,True
3031,669dd7a9707995704189b0f7460846d16c147215d59518d4c0cb9373cd4130b8,humaneval,body_first,12,random,0.5,-1.4958645105361938,-0.40211448073387146,False,True
3031,669dd7a9707995704189b0f7460846d16c147215d59518d4c0cb9373cd4130b8,humaneval,body_first,12,toward,1.0,-1.4988576173782349,-0.3972950875759125,False,True
3031,669dd7a9707995704189b0f7460846d16c147215d59518d4c0cb9373cd4130b8,humaneval,body_first,12,away,1.0,-1.387265920639038,-0.4341408908367157,False,True
3031,669dd7a9707995704189b0f7460846d16c147215d59518d4c0cb9373cd4130b8,humaneval,body_first,12,random,1.0,-1.4945135116577148,-0.40076351165771484,False,True
3031,669dd7a9707995704189b0f7460846d16c147215d59518d4c0cb9373cd4130b8,humaneval,body_first,14,toward,0.5,-1.5073124170303345,-0.3979373872280121,False,True
3031,669dd7a9707995704189b0f7460846d16c147215d59518d4c0cb9373cd4130b8,humaneval,body_first,14,away,0.5,-1.4467248916625977,-0.4154748320579529,False,True
3031,669dd7a9707995704189b0f7460846d16c147215d59518d4c0cb9373cd4130b8,humaneval,body_first,14,random,0.5,-1.5000972747802734,-0.3985348045825958,False,True
3031,669dd7a9707995704189b0f7460846d16c147215d59518d4c0cb9373cd4130b8,humaneval,body_first,14,toward,1.0,-1.4838618040084839,-0.4057368040084839,False,True
3031,669dd7a9707995704189b0f7460846d16c147215d59518d4c0cb9373cd4130b8,humaneval,body_first,14,away,1.0,-1.398460865020752,-0.42971089482307434,False,True
3031,669dd7a9707995704189b0f7460846d16c147215d59518d4c0cb9373cd4130b8,humaneval,body_first,14,random,1.0,-1.4923288822174072,-0.39857882261276245,False,True
3031,669dd7a9707995704189b0f7460846d16c147215d59518d4c0cb9373cd4130b8,humaneval,body_first,16,toward,0.5,-1.4828941822052002,-0.40476924180984497,False,True
3031,669dd7a9707995704189b0f7460846d16c147215d59518d4c0cb9373cd4130b8,humaneval,body_first,16,away,0.5,-1.4719891548156738,-0.4094892144203186,False,True
3031,669dd7a9707995704189b0f7460846d16c147215d59518d4c0cb9373cd4130b8,humaneval,body_first,16,random,0.5,-1.4831724166870117,-0.40504738688468933,False,True
3031,669dd7a9707995704189b0f7460846d16c147215d59518d4c0cb9373cd4130b8,humaneval,body_first,16,toward,1.0,-1.4699954986572266,-0.40749555826187134,False,True
3031,669dd7a9707995704189b0f7460846d16c147215d59518d4c0cb9373cd4130b8,humaneval,body_first,16,away,1.0,-1.4599491357803345,-0.4130741357803345,False,True
3031,669dd7a9707995704189b0f7460846d16c147215d59518d4c0cb9373cd4130b8,humaneval,body_first,16,random,1.0,-1.4609136581420898,-0.41403865814208984,False,True
3031,669dd7a9707995704189b0f7460846d16c147215d59518d4c0cb9373cd4130b8,humaneval,body_first,18,toward,0.5,-1.489161729812622,-0.40322425961494446,False,True
3031,669dd7a9707995704189b0f7460846d16c147215d59518d4c0cb9373cd4130b8,humaneval,body_first,18,away,0.5,-1.4772030115127563,-0.40689048171043396,False,True
3031,669dd7a9707995704189b0f7460846d16c147215d59518d4c0cb9373cd4130b8,humaneval,body_first,18,random,0.5,-1.495477557182312,-0.4017275273799896,False,True
3031,669dd7a9707995704189b0f7460846d16c147215d59518d4c0cb9373cd4130b8,humaneval,body_first,18,toward,1.0,-1.4836304187774658,-0.4055054783821106,False,True
3031,669dd7a9707995704189b0f7460846d16c147215d59518d4c0cb9373cd4130b8,humaneval,body_first,18,away,1.0,-1.4600646495819092,-0.41318967938423157,False,True
3031,669dd7a9707995704189b0f7460846d16c147215d59518d4c0cb9373cd4130b8,humaneval,body_first,18,random,1.0,-1.494490385055542,-0.40074044466018677,False,True
3031,669dd7a9707995704189b0f7460846d16c147215d59518d4c0cb9373cd4130b8,humaneval,body_first,20,toward,0.5,-1.5066238641738892,-0.3972488343715668,False,True
3031,669dd7a9707995704189b0f7460846d16c147215d59518d4c0cb9373cd4130b8,humaneval,body_first,20,away,0.5,-1.4953663349151611,-0.40161630511283875,False,True
3031,669dd7a9707995704189b0f7460846d16c147215d59518d4c0cb9373cd4130b8,humaneval,body_first,20,random,0.5,-1.5012552738189697,-0.39969274401664734,False,True
3031,669dd7a9707995704189b0f7460846d16c147215d59518d4c0cb9373cd4130b8,humaneval,body_first,20,toward,1.0,-1.4959291219711304,-0.40217915177345276,False,True
3031,669dd7a9707995704189b0f7460846d16c147215d59518d4c0cb9373cd4130b8,humaneval,body_first,20,away,1.0,-1.4958407878875732,-0.40209072828292847,False,True
3031,669dd7a9707995704189b0f7460846d16c147215d59518d4c0cb9373cd4130b8,humaneval,body_first,20,random,1.0,-1.5014718770980835,-0.3999094069004059,False,True
3031,669dd7a9707995704189b0f7460846d16c147215d59518d4c0cb9373cd4130b8,humaneval,body_first,22,toward,0.5,-1.4953243732452393,-0.40157434344291687,False,True
3031,669dd7a9707995704189b0f7460846d16c147215d59518d4c0cb9373cd4130b8,humaneval,body_first,22,away,0.5,-1.4901388883590698,-0.4042014181613922,False,True
3031,669dd7a9707995704189b0f7460846d16c147215d59518d4c0cb9373cd4130b8,humaneval,body_first,22,random,0.5,-1.495276927947998,-0.40152695775032043,False,True
3031,669dd7a9707995704189b0f7460846d16c147215d59518d4c0cb9373cd4130b8,humaneval,body_first,22,toward,1.0,-1.5073132514953613,-0.3979382812976837,False,True
3031,669dd7a9707995704189b0f7460846d16c147215d59518d4c0cb9373cd4130b8,humaneval,body_first,22,away,1.0,-1.4955955743789673,-0.4018455743789673,False,True
3031,669dd7a9707995704189b0f7460846d16c147215d59518d4c0cb9373cd4130b8,humaneval,body_first,22,random,1.0,-1.5005648136138916,-0.3990023732185364,False,True
3031,669dd7a9707995704189b0f7460846d16c147215d59518d4c0cb9373cd4130b8,humaneval,body_first,23,toward,0.5,-1.4954159259796143,-0.40166592597961426,False,True
3031,669dd7a9707995704189b0f7460846d16c147215d59518d4c0cb9373cd4130b8,humaneval,body_first,23,away,0.5,-1.4954159259796143,-0.40166592597961426,False,True
3031,669dd7a9707995704189b0f7460846d16c147215d59518d4c0cb9373cd4130b8,humaneval,body_first,23,random,0.5,-1.4954159259796143,-0.40166592597961426,False,True
3031,669dd7a9707995704189b0f7460846d16c147215d59518d4c0cb9373cd4130b8,humaneval,body_first,23,toward,1.0,-1.4954159259796143,-0.40166592597961426,False,True
3031,669dd7a9707995704189b0f7460846d16c147215d59518d4c0cb9373cd4130b8,humaneval,body_first,23,away,1.0,-1.4954159259796143,-0.40166592597961426,False,True
3031,669dd7a9707995704189b0f7460846d16c147215d59518d4c0cb9373cd4130b8,humaneval,body_first,23,random,1.0,-1.4954159259796143,-0.40166592597961426,False,True
3031,669dd7a9707995704189b0f7460846d16c147215d59518d4c0cb9373cd4130b8,humaneval,answer,0,toward,0.5,-1.576101541519165,-0.38860151171684265,False,True
3031,669dd7a9707995704189b0f7460846d16c147215d59518d4c0cb9373cd4130b8,humaneval,answer,0,away,0.5,-1.4456405639648438,-0.43001559376716614,False,True
3031,669dd7a9707995704189b0f7460846d16c147215d59518d4c0cb9373cd4130b8,humaneval,answer,0,random,0.5,-1.6723586320877075,-0.3286086618900299,False,True
3031,669dd7a9707995704189b0f7460846d16c147215d59518d4c0cb9373cd4130b8,humaneval,answer,0,toward,1.0,-1.604919195175171,-0.3822630047798157,False,True
3031,669dd7a9707995704189b0f7460846d16c147215d59518d4c0cb9373cd4130b8,humaneval,answer,0,away,1.0,-1.4720659255981445,-0.49550342559814453,False,True
3031,669dd7a9707995704189b0f7460846d16c147215d59518d4c0cb9373cd4130b8,humaneval,answer,0,random,1.0,-1.79114830493927,-0.29896077513694763,False,True
3031,669dd7a9707995704189b0f7460846d16c147215d59518d4c0cb9373cd4130b8,humaneval,answer,2,toward,0.5,-1.7265310287475586,-0.3437185287475586,False,True
3031,669dd7a9707995704189b0f7460846d16c147215d59518d4c0cb9373cd4130b8,humaneval,answer,2,away,0.5,-1.504163384437561,-0.41041338443756104,False,True
3031,669dd7a9707995704189b0f7460846d16c147215d59518d4c0cb9373cd4130b8,humaneval,answer,2,random,0.5,-1.5648084878921509,-0.4241834878921509,False,True
3031,669dd7a9707995704189b0f7460846d16c147215d59518d4c0cb9373cd4130b8,humaneval,answer,2,toward,1.0,-2.0492560863494873,-0.2728889286518097,False,True
3031,669dd7a9707995704189b0f7460846d16c147215d59518d4c0cb9373cd4130b8,humaneval,answer,2,away,1.0,-1.0298106670379639,-0.7016856074333191,False,True
3031,669dd7a9707995704189b0f7460846d16c147215d59518d4c0cb9373cd4130b8,humaneval,answer,2,random,1.0,-1.31605863571167,-0.5973086357116699,False,True
3031,669dd7a9707995704189b0f7460846d16c147215d59518d4c0cb9373cd4130b8,humaneval,answer,4,toward,0.5,-1.7145633697509766,-0.32393839955329895,False,True
3031,669dd7a9707995704189b0f7460846d16c147215d59518d4c0cb9373cd4130b8,humaneval,answer,4,away,0.5,-1.1873513460159302,-0.5623513460159302,False,True
3031,669dd7a9707995704189b0f7460846d16c147215d59518d4c0cb9373cd4130b8,humaneval,answer,4,random,0.5,-1.5502996444702148,-0.42529958486557007,False,True
3031,669dd7a9707995704189b0f7460846d16c147215d59518d4c0cb9373cd4130b8,humaneval,answer,4,toward,1.0,-1.2791424989700317,-0.49789246916770935,False,True
3031,669dd7a9707995704189b0f7460846d16c147215d59518d4c0cb9373cd4130b8,humaneval,answer,4,away,1.0,-0.9667841792106628,-0.8398310542106628,False,True
3031,669dd7a9707995704189b0f7460846d16c147215d59518d4c0cb9373cd4130b8,humaneval,answer,4,random,1.0,-1.2927799224853516,-1.0115299224853516,False,True
3031,669dd7a9707995704189b0f7460846d16c147215d59518d4c0cb9373cd4130b8,humaneval,answer,6,toward,0.5,-1.6268186569213867,-0.36119362711906433,False,True
3031,669dd7a9707995704189b0f7460846d16c147215d59518d4c0cb9373cd4130b8,humaneval,answer,6,away,0.5,-1.0625810623168945,-0.6563310623168945,False,True
3031,669dd7a9707995704189b0f7460846d16c147215d59518d4c0cb9373cd4130b8,humaneval,answer,6,random,0.5,-1.5651397705078125,-0.4088898301124573,False,True
3031,669dd7a9707995704189b0f7460846d16c147215d59518d4c0cb9373cd4130b8,humaneval,answer,6,toward,1.0,-1.696927785873413,-0.4000527858734131,False,True
3031,669dd7a9707995704189b0f7460846d16c147215d59518d4c0cb9373cd4130b8,humaneval,answer,6,away,1.0,-0.6346132159233093,-1.150238275527954,True,False
3031,669dd7a9707995704189b0f7460846d16c147215d59518d4c0cb9373cd4130b8,humaneval,answer,6,random,1.0,-1.6427226066589355,-0.4317851662635803,False,True
3031,669dd7a9707995704189b0f7460846d16c147215d59518d4c0cb9373cd4130b8,humaneval,answer,8,toward,0.5,-1.3141676187515259,-0.4235425889492035,False,True
3031,669dd7a9707995704189b0f7460846d16c147215d59518d4c0cb9373cd4130b8,humaneval,answer,8,away,0.5,-1.5909792184829712,-0.5284792184829712,False,True
3031,669dd7a9707995704189b0f7460846d16c147215d59518d4c0cb9373cd4130b8,humaneval,answer,8,random,0.5,-1.6322492361068726,-0.45256170630455017,False,True
3031,669dd7a9707995704189b0f7460846d16c147215d59518d4c0cb9373cd4130b8,humaneval,answer,8,toward,1.0,-1.0681259632110596,-0.5837509632110596,False,True
3031,669dd7a9707995704189b0f7460846d16c147215d59518d4c0cb9373cd4130b8,humaneval,answer,8,away,1.0,-1.5113029479980469,-0.6988028883934021,False,True
3031,669dd7a9707995704189b0f7460846d16c147215d59518d4c0cb9373cd4130b8,humaneval,answer,8,random,1.0,-1.6416587829589844,-0.5596275329589844,False,True
3031,669dd7a9707995704189b0f7460846d16c147215d59518d4c0cb9373cd4130b8,humaneval,answer,10,toward,0.5,-0.5244477987289429,-1.1377290487289429,True,False
3031,669dd7a9707995704189b0f7460846d16c147215d59518d4c0cb9373cd4130b8,humaneval,answer,10,away,0.5,-1.5132014751434326,-0.4507015347480774,False,True
3031,669dd7a9707995704189b0f7460846d16c147215d59518d4c0cb9373cd4130b8,humaneval,answer,10,random,0.5,-1.649067759513855,-0.2896927297115326,False,True
3031,669dd7a9707995704189b0f7460846d16c147215d59518d4c0cb9373cd4130b8,humaneval,answer,10,toward,1.0,-0.42922595143318176,-1.5229759216308594,True,False
3031,669dd7a9707995704189b0f7460846d16c147215d59518d4c0cb9373cd4130b8,humaneval,answer,10,away,1.0,-1.5039772987365723,-0.5664772391319275,False,True
3031,669dd7a9707995704189b0f7460846d16c147215d59518d4c0cb9373cd4130b8,humaneval,answer,10,random,1.0,-1.4556299448013306,-0.34625497460365295,False,True
3031,669dd7a9707995704189b0f7460846d16c147215d59518d4c0cb9373cd4130b8,humaneval,answer,12,toward,0.5,-0.7204488515853882,-0.9587301015853882,True,False
3031,669dd7a9707995704189b0f7460846d16c147215d59518d4c0cb9373cd4130b8,humaneval,answer,12,away,0.5,-1.748512864112854,-0.3344503343105316,False,True
3031,669dd7a9707995704189b0f7460846d16c147215d59518d4c0cb9373cd4130b8,humaneval,answer,12,random,0.5,-1.1004207134246826,-0.6785457134246826,False,True
3031,669dd7a9707995704189b0f7460846d16c147215d59518d4c0cb9373cd4130b8,humaneval,answer,12,toward,1.0,-0.6084515452384949,-2.3037641048431396,True,False
3031,669dd7a9707995704189b0f7460846d16c147215d59518d4c0cb9373cd4130b8,humaneval,answer,12,away,1.0,-1.6756513118743896,-0.45006537437438965,False,True
3031,669dd7a9707995704189b0f7460846d16c147215d59518d4c0cb9373cd4130b8,humaneval,answer,12,random,1.0,-1.136700987815857,-0.8710759878158569,False,True
3031,669dd7a9707995704189b0f7460846d16c147215d59518d4c0cb9373cd4130b8,humaneval,answer,14,toward,0.5,-1.0797240734100342,-0.631481945514679,False,True
3031,669dd7a9707995704189b0f7460846d16c147215d59518d4c0cb9373cd4130b8,humaneval,answer,14,away,0.5,-1.8280413150787354,-0.31241628527641296,False,True
3031,669dd7a9707995704189b0f7460846d16c147215d59518d4c0cb9373cd4130b8,humaneval,answer,14,random,0.5,-1.8324872255325317,-0.3637372553348541,False,True
3031,669dd7a9707995704189b0f7460846d16c147215d59518d4c0cb9373cd4130b8,humaneval,answer,14,toward,1.0,-0.9440833330154419,-1.153067708015442,True,False
3031,669dd7a9707995704189b0f7460846d16c147215d59518d4c0cb9373cd4130b8,humaneval,answer,14,away,1.0,-1.8569427728652954,-0.3335053026676178,False,True
3031,669dd7a9707995704189b0f7460846d16c147215d59518d4c0cb9373cd4130b8,humaneval,answer,14,random,1.0,-2.1072001457214355,-0.4197000563144684,False,True
3031,669dd7a9707995704189b0f7460846d16c147215d59518d4c0cb9373cd4130b8,humaneval,answer,16,toward,0.5,-0.6501047015190125,-1.0290110111236572,True,False
3031,669dd7a9707995704189b0f7460846d16c147215d59518d4c0cb9373cd4130b8,humaneval,answer,16,away,0.5,-2.2656924724578857,-0.24225497245788574,False,True
3031,669dd7a9707995704189b0f7460846d16c147215d59518d4c0cb9373cd4130b8,humaneval,answer,16,random,0.5,-1.9295072555541992,-0.343569815158844,False,True
3031,669dd7a9707995704189b0f7460846d16c147215d59518d4c0cb9373cd4130b8,humaneval,answer,16,toward,1.0,-0.5791811943054199,-2.25105619430542,True,False
3031,669dd7a9707995704189b0f7460846d16c147215d59518d4c0cb9373cd4130b8,humaneval,answer,16,away,1.0,-2.5283138751983643,-0.24315771460533142,False,True
3031,669dd7a9707995704189b0f7460846d16c147215d59518d4c0cb9373cd4130b8,humaneval,answer,16,random,1.0,-2.4214749336242676,-0.437099814414978,False,True
3031,669dd7a9707995704189b0f7460846d16c147215d59518d4c0cb9373cd4130b8,humaneval,answer,18,toward,0.5,-1.3897746801376343,-0.4288371503353119,False,True
3031,669dd7a9707995704189b0f7460846d16c147215d59518d4c0cb9373cd4130b8,humaneval,answer,18,away,0.5,-1.560043215751648,-0.43504324555397034,False,True
3031,669dd7a9707995704189b0f7460846d16c147215d59518d4c0cb9373cd4130b8,humaneval,answer,18,random,0.5,-1.4012411832809448,-0.5887411832809448,False,True
3031,669dd7a9707995704189b0f7460846d16c147215d59518d4c0cb9373cd4130b8,humaneval,answer,18,toward,1.0,-1.0699684619903564,-0.6949684619903564,False,True
3031,669dd7a9707995704189b0f7460846d16c147215d59518d4c0cb9373cd4130b8,humaneval,answer,18,away,1.0,-1.7051024436950684,-0.45510244369506836,False,True
3031,669dd7a9707995704189b0f7460846d16c147215d59518d4c0cb9373cd4130b8,humaneval,answer,18,random,1.0,-1.428184151649475,-0.9281841516494751,False,True
3031,669dd7a9707995704189b0f7460846d16c147215d59518d4c0cb9373cd4130b8,humaneval,answer,20,toward,0.5,-1.7591023445129395,-0.30597740411758423,False,True
3031,669dd7a9707995704189b0f7460846d16c147215d59518d4c0cb9373cd4130b8,humaneval,answer,20,away,0.5,-1.2525283098220825,-0.5259658098220825,False,True
3031,669dd7a9707995704189b0f7460846d16c147215d59518d4c0cb9373cd4130b8,humaneval,answer,20,random,0.5,-1.4248199462890625,-0.4209137260913849,False,True
3031,669dd7a9707995704189b0f7460846d16c147215d59518d4c0cb9373cd4130b8,humaneval,answer,20,toward,1.0,-1.7136729955673218,-0.32304802536964417,False,True
3031,669dd7a9707995704189b0f7460846d16c147215d59518d4c0cb9373cd4130b8,humaneval,answer,20,away,1.0,-1.125133752822876,-0.695446252822876,False,True
3031,669dd7a9707995704189b0f7460846d16c147215d59518d4c0cb9373cd4130b8,humaneval,answer,20,random,1.0,-1.2804841995239258,-0.49923425912857056,False,True
3031,669dd7a9707995704189b0f7460846d16c147215d59518d4c0cb9373cd4130b8,humaneval,answer,22,toward,0.5,-1.9037144184112549,-0.2318393737077713,False,True
3031,669dd7a9707995704189b0f7460846d16c147215d59518d4c0cb9373cd4130b8,humaneval,answer,22,away,0.5,-1.2634207010269165,-0.6696707010269165,False,True
3031,669dd7a9707995704189b0f7460846d16c147215d59518d4c0cb9373cd4130b8,humaneval,answer,22,random,0.5,-2.014216423034668,-0.4048413634300232,False,True
3031,669dd7a9707995704189b0f7460846d16c147215d59518d4c0cb9373cd4130b8,humaneval,answer,22,toward,1.0,-2.240889310836792,-0.1471392959356308,False,True
3031,669dd7a9707995704189b0f7460846d16c147215d59518d4c0cb9373cd4130b8,humaneval,answer,22,away,1.0,-1.4228297472000122,-1.2978297472000122,False,False
3031,669dd7a9707995704189b0f7460846d16c147215d59518d4c0cb9373cd4130b8,humaneval,answer,22,random,1.0,-2.941005229949951,-0.8785051107406616,False,True
3031,669dd7a9707995704189b0f7460846d16c147215d59518d4c0cb9373cd4130b8,humaneval,answer,23,toward,0.5,-1.715903878211975,-0.2471538484096527,False,True
3031,669dd7a9707995704189b0f7460846d16c147215d59518d4c0cb9373cd4130b8,humaneval,answer,23,away,0.5,-1.550528645515442,-0.9099036455154419,False,True
3031,669dd7a9707995704189b0f7460846d16c147215d59518d4c0cb9373cd4130b8,humaneval,answer,23,random,0.5,-1.4662920236587524,-0.8178545236587524,False,True
3031,669dd7a9707995704189b0f7460846d16c147215d59518d4c0cb9373cd4130b8,humaneval,answer,23,toward,1.0,-1.758316993713379,-0.2583170533180237,False,True
3031,669dd7a9707995704189b0f7460846d16c147215d59518d4c0cb9373cd4130b8,humaneval,answer,23,away,1.0,-2.4950292110443115,-2.1669042110443115,False,True
3031,669dd7a9707995704189b0f7460846d16c147215d59518d4c0cb9373cd4130b8,humaneval,answer,23,random,1.0,-3.2837586402893066,-3.0259461402893066,False,False
3035,669dd7a9707995704189b0f7460846d16c147215d59518d4c0cb9373cd4130b8,humaneval,baseline,-1,none,0.0,-1.2779723405838013,-0.49672234058380127,False,True
3035,669dd7a9707995704189b0f7460846d16c147215d59518d4c0cb9373cd4130b8,humaneval,if,0,toward,0.5,-1.1859970092773438,-0.5453720092773438,False,True
3035,669dd7a9707995704189b0f7460846d16c147215d59518d4c0cb9373cd4130b8,humaneval,if,0,away,0.5,-1.3237890005111694,-0.49566397070884705,False,True
3035,669dd7a9707995704189b0f7460846d16c147215d59518d4c0cb9373cd4130b8,humaneval,if,0,random,0.5,-1.3019284009933472,-0.48942840099334717,False,True
3035,669dd7a9707995704189b0f7460846d16c147215d59518d4c0cb9373cd4130b8,humaneval,if,0,toward,1.0,-0.7942466139793396,-0.9114341139793396,True,False
3035,669dd7a9707995704189b0f7460846d16c147215d59518d4c0cb9373cd4130b8,humaneval,if,0,away,1.0,-0.9473352432250977,-0.7988977432250977,False,True
3035,669dd7a9707995704189b0f7460846d16c147215d59518d4c0cb9373cd4130b8,humaneval,if,0,random,1.0,-0.7864038944244385,-0.9270288944244385,True,False
3035,669dd7a9707995704189b0f7460846d16c147215d59518d4c0cb9373cd4130b8,humaneval,if,2,toward,0.5,-1.3423627614974976,-0.46736273169517517,False,True
3035,669dd7a9707995704189b0f7460846d16c147215d59518d4c0cb9373cd4130b8,humaneval,if,2,away,0.5,-1.1735291481018066,-0.5485291481018066,False,True
3035,669dd7a9707995704189b0f7460846d16c147215d59518d4c0cb9373cd4130b8,humaneval,if,2,random,0.5,-1.2803608179092407,-0.4991108179092407,False,True
3035,669dd7a9707995704189b0f7460846d16c147215d59518d4c0cb9373cd4130b8,humaneval,if,2,toward,1.0,-1.1764106750488281,-0.5904731750488281,False,True
3035,669dd7a9707995704189b0f7460846d16c147215d59518d4c0cb9373cd4130b8,humaneval,if,2,away,1.0,-1.1231874227523804,-0.5606874227523804,False,True
3035,669dd7a9707995704189b0f7460846d16c147215d59518d4c0cb9373cd4130b8,humaneval,if,2,random,1.0,-1.1235911846160889,-0.5767161250114441,False,True
3035,669dd7a9707995704189b0f7460846d16c147215d59518d4c0cb9373cd4130b8,humaneval,if,4,toward,0.5,-1.150561809539795,-0.5724368691444397,False,True
3035,669dd7a9707995704189b0f7460846d16c147215d59518d4c0cb9373cd4130b8,humaneval,if,4,away,0.5,-1.2467329502105713,-0.5123580098152161,False,True
3035,669dd7a9707995704189b0f7460846d16c147215d59518d4c0cb9373cd4130b8,humaneval,if,4,random,0.5,-1.2760224342346191,-0.4947724938392639,False,True
3035,669dd7a9707995704189b0f7460846d16c147215d59518d4c0cb9373cd4130b8,humaneval,if,4,toward,1.0,-0.7373471260070801,-0.9326596260070801,True,False
3035,669dd7a9707995704189b0f7460846d16c147215d59518d4c0cb9373cd4130b8,humaneval,if,4,away,1.0,-1.0598125457763672,-0.622312605381012,False,True
3035,669dd7a9707995704189b0f7460846d16c147215d59518d4c0cb9373cd4130b8,humaneval,if,4,random,1.0,-1.299943208694458,-0.45619314908981323,False,True
3035,669dd7a9707995704189b0f7460846d16c147215d59518d4c0cb9373cd4130b8,humaneval,if,6,toward,0.5,-1.1928861141204834,-0.5366361737251282,False,True
3035,669dd7a9707995704189b0f7460846d16c147215d59518d4c0cb9373cd4130b8,humaneval,if,6,away,0.5,-1.3475450277328491,-0.45691999793052673,False,True
3035,669dd7a9707995704189b0f7460846d16c147215d59518d4c0cb9373cd4130b8,humaneval,if,6,random,0.5,-1.2257150411605835,-0.5225900411605835,False,True
3035,669dd7a9707995704189b0f7460846d16c147215d59518d4c0cb9373cd4130b8,humaneval,if,6,toward,1.0,-1.0828522443771362,-0.5828522443771362,False,True
3035,669dd7a9707995704189b0f7460846d16c147215d59518d4c0cb9373cd4130b8,humaneval,if,6,away,1.0,-1.1936800479888916,-0.5218050479888916,False,True
3035,669dd7a9707995704189b0f7460846d16c147215d59518d4c0cb9373cd4130b8,humaneval,if,6,random,1.0,-1.1908113956451416,-0.5345614552497864,False,True
3035,669dd7a9707995704189b0f7460846d16c147215d59518d4c0cb9373cd4130b8,humaneval,if,8,toward,0.5,-1.2647954225540161,-0.4991704225540161,False,True
3035,669dd7a9707995704189b0f7460846d16c147215d59518d4c0cb9373cd4130b8,humaneval,if,8,away,0.5,-1.281375765800476,-0.5001257658004761,False,True
3035,669dd7a9707995704189b0f7460846d16c147215d59518d4c0cb9373cd4130b8,humaneval,if,8,random,0.5,-1.2911547422409058,-0.4942797124385834,False,True
3035,669dd7a9707995704189b0f7460846d16c147215d59518d4c0cb9373cd4130b8,humaneval,if,8,toward,1.0,-1.2414121627807617,-0.5070371031761169,False,True
3035,669dd7a9707995704189b0f7460846d16c147215d59518d4c0cb9373cd4130b8,humaneval,if,8,away,1.0,-1.2521202564239502,-0.5177452564239502,False,True
3035,669dd7a9707995704189b0f7460846d16c147215d59518d4c0cb9373cd4130b8,humaneval,if,8,random,1.0,-1.35399329662323,-0.46336832642555237,False,True
3035,669dd7a9707995704189b0f7460846d16c147215d59518d4c0cb9373cd4130b8,humaneval,if,10,toward,0.5,-1.2970854043960571,-0.48458540439605713,False,True
3035,669dd7a9707995704189b0f7460846d16c147215d59518d4c0cb9373cd4130b8,humaneval,if,10,away,0.5,-1.2387140989303589,-0.5199640989303589,False,True
3035,669dd7a9707995704189b0f7460846d16c147215d59518d4c0cb9373cd4130b8,humaneval,if,10,random,0.5,-1.281198501586914,-0.49994850158691406,False,True
3035,669dd7a9707995704189b0f7460846d16c147215d59518d4c0cb9373cd4130b8,humaneval,if,10,toward,1.0,-1.3184335231781006,-0.4746834933757782,False,True
3035,669dd7a9707995704189b0f7460846d16c147215d59518d4c0cb9373cd4130b8,humaneval,if,10,away,1.0,-1.0706863403320312,-0.6175613403320312,False,True
3035,669dd7a9707995704189b0f7460846d16c147215d59518d4c0cb9373cd4130b8,humaneval,if,10,random,1.0,-1.2656402587890625,-0.5156401991844177,False,True
3035,669dd7a9707995704189b0f7460846d16c147215d59518d4c0cb9373cd4130b8,humaneval,if,12,toward,0.5,-1.2991774082183838,-0.486677348613739,False,True
3035,669dd7a9707995704189b0f7460846d16c147215d59518d4c0cb9373cd4130b8,humaneval,if,12,away,0.5,-1.2277686595916748,-0.5246437191963196,False,True
3035,669dd7a9707995704189b0f7460846d16c147215d59518d4c0cb9373cd4130b8,humaneval,if,12,random,0.5,-1.2775771617889404,-0.49632713198661804,False,True
3035,669dd7a9707995704189b0f7460846d16c147215d59518d4c0cb9373cd4130b8,humaneval,if,12,toward,1.0,-1.309370756149292,-0.4812457263469696,False,True
3035,669dd7a9707995704189b0f7460846d16c147215d59518d4c0cb9373cd4130b8,humaneval,if,12,away,1.0,-1.1807223558425903,-0.5557223558425903,False,True
3035,669dd7a9707995704189b0f7460846d16c147215d59518d4c0cb9373cd4130b8,humaneval,if,12,random,1.0,-1.2784115076065063,-0.49716147780418396,False,True
3035,669dd7a9707995704189b0f7460846d16c147215d59518d4c0cb9373cd4130b8,humaneval,if,14,toward,0.5,-1.275472640991211,-0.4942227005958557,False,True
3035,669dd7a9707995704189b0f7460846d16c147215d59518d4c0cb9373cd4130b8,humaneval,if,14,away,0.5,-1.261033296585083,-0.5110332369804382,False,True
3035,669dd7a9707995704189b0f7460846d16c147215d59518d4c0cb9373cd4130b8,humaneval,if,14,random,0.5,-1.2880176305770874,-0.4911426305770874,False,True
3035,669dd7a9707995704189b0f7460846d16c147215d59518d4c0cb9373cd4130b8,humaneval,if,14,toward,1.0,-1.2714812755584717,-0.49023133516311646,False,True
3035,669dd7a9707995704189b0f7460846d16c147215d59518d4c0cb9373cd4130b8,humaneval,if,14,away,1.0,-1.2125418186187744,-0.5406668782234192,False,True
3035,669dd7a9707995704189b0f7460846d16c147215d59518d4c0cb9373cd4130b8,humaneval,if,14,random,1.0,-1.275881052017212,-0.4946311116218567,False,True
3035,669dd7a9707995704189b0f7460846d16c147215d59518d4c0cb9373cd4130b8,humaneval,if,16,toward,0.5,-1.276246190071106,-0.49499619007110596,False,True
3035,669dd7a9707995704189b0f7460846d16c147215d59518d4c0cb9373cd4130b8,humaneval,if,16,away,0.5,-1.2802103757858276,-0.49896034598350525,False,True
3035,669dd7a9707995704189b0f7460846d16c147215d59518d4c0cb9373cd4130b8,humaneval,if,16,random,0.5,-1.2774711847305298,-0.4962211847305298,False,True
3035,669dd7a9707995704189b0f7460846d16c147215d59518d4c0cb9373cd4130b8,humaneval,if,16,toward,1.0,-1.26386559009552,-0.49824056029319763,False,True
3035,669dd7a9707995704189b0f7460846d16c147215d59518d4c0cb9373cd4130b8,humaneval,if,16,away,1.0,-1.2960575819015503,-0.4991825819015503,False,True
3035,669dd7a9707995704189b0f7460846d16c147215d59518d4c0cb9373cd4130b8,humaneval,if,16,random,1.0,-1.2881104946136475,-0.4912354350090027,False,True
3035,669dd7a9707995704189b0f7460846d16c147215d59518d4c0cb9373cd4130b8,humaneval,if,18,toward,0.5,-1.2769091129302979,-0.4956591725349426,False,True
3035,669dd7a9707995704189b0f7460846d16c147215d59518d4c0cb9373cd4130b8,humaneval,if,18,away,0.5,-1.2798998355865479,-0.49864986538887024,False,True
3035,669dd7a9707995704189b0f7460846d16c147215d59518d4c0cb9373cd4130b8,humaneval,if,18,random,0.5,-1.2682652473449707,-0.5026401877403259,False,True
3035,669dd7a9707995704189b0f7460846d16c147215d59518d4c0cb9373cd4130b8,humaneval,if,18,toward,1.0,-1.2654848098754883,-0.4998597502708435,False,True
3035,669dd7a9707995704189b0f7460846d16c147215d59518d4c0cb9373cd4130b8,humaneval,if,18,away,1.0,-1.2927145957946777,-0.4958396255970001,False,True
3035,669dd7a9707995704189b0f7460846d16c147215d59518d4c0cb9373cd4130b8,humaneval,if,18,random,1.0,-1.269716501235962,-0.5040914416313171,False,True
3035,669dd7a9707995704189b0f7460846d16c147215d59518d4c0cb9373cd4130b8,humaneval,if,20,toward,0.5,-1.2776802778244019,-0.49643030762672424,False,True
3035,669dd7a9707995704189b0f7460846d16c147215d59518d4c0cb9373cd4130b8,humaneval,if,20,away,0.5,-1.2890048027038574,-0.4921298027038574,False,True
3035,669dd7a9707995704189b0f7460846d16c147215d59518d4c0cb9373cd4130b8,humaneval,if,20,random,0.5,-1.2890386581420898,-0.49216368794441223,False,True
3035,669dd7a9707995704189b0f7460846d16c147215d59518d4c0cb9373cd4130b8,humaneval,if,20,toward,1.0,-1.2880263328552246,-0.4911513924598694,False,True
3035,669dd7a9707995704189b0f7460846d16c147215d59518d4c0cb9373cd4130b8,humaneval,if,20,away,1.0,-1.28657865524292,-0.4897036850452423,False,True
3035,669dd7a9707995704189b0f7460846d16c147215d59518d4c0cb9373cd4130b8,humaneval,if,20,random,1.0,-1.2768054008483887,-0.49555540084838867,False,True
3035,669dd7a9707995704189b0f7460846d16c147215d59518d4c0cb9373cd4130b8,humaneval,if,22,toward,0.5,-1.2794440984725952,-0.4981940686702728,False,True
3035,669dd7a9707995704189b0f7460846d16c147215d59518d4c0cb9373cd4130b8,humaneval,if,22,away,0.5,-1.27821946144104,-0.49696946144104004,False,True
3035,669dd7a9707995704189b0f7460846d16c147215d59518d4c0cb9373cd4130b8,humaneval,if,22,random,0.5,-1.2783085107803345,-0.4970585107803345,False,True
3035,669dd7a9707995704189b0f7460846d16c147215d59518d4c0cb9373cd4130b8,humaneval,if,22,toward,1.0,-1.2783704996109009,-0.4971204996109009,False,True
3035,669dd7a9707995704189b0f7460846d16c147215d59518d4c0cb9373cd4130b8,humaneval,if,22,away,1.0,-1.2771228551864624,-0.4958728849887848,False,True
3035,669dd7a9707995704189b0f7460846d16c147215d59518d4c0cb9373cd4130b8,humaneval,if,22,random,1.0,-1.2788362503051758,-0.49758630990982056,False,True
3035,669dd7a9707995704189b0f7460846d16c147215d59518d4c0cb9373cd4130b8,humaneval,if,23,toward,0.5,-1.2779723405838013,-0.49672234058380127,False,True
3035,669dd7a9707995704189b0f7460846d16c147215d59518d4c0cb9373cd4130b8,humaneval,if,23,away,0.5,-1.2779723405838013,-0.49672234058380127,False,True
3035,669dd7a9707995704189b0f7460846d16c147215d59518d4c0cb9373cd4130b8,humaneval,if,23,random,0.5,-1.2779723405838013,-0.49672234058380127,False,True
3035,669dd7a9707995704189b0f7460846d16c147215d59518d4c0cb9373cd4130b8,humaneval,if,23,toward,1.0,-1.2779723405838013,-0.49672234058380127,False,True
3035,669dd7a9707995704189b0f7460846d16c147215d59518d4c0cb9373cd4130b8,humaneval,if,23,away,1.0,-1.2779723405838013,-0.49672234058380127,False,True
3035,669dd7a9707995704189b0f7460846d16c147215d59518d4c0cb9373cd4130b8,humaneval,if,23,random,1.0,-1.2779723405838013,-0.49672234058380127,False,True
3035,669dd7a9707995704189b0f7460846d16c147215d59518d4c0cb9373cd4130b8,humaneval,body_first,0,toward,0.5,-1.1894869804382324,-0.5488620400428772,False,True
3035,669dd7a9707995704189b0f7460846d16c147215d59518d4c0cb9373cd4130b8,humaneval,body_first,0,away,0.5,-1.3014470338821411,-0.4889470040798187,False,True
3035,669dd7a9707995704189b0f7460846d16c147215d59518d4c0cb9373cd4130b8,humaneval,body_first,0,random,0.5,-1.2389335632324219,-0.5201835036277771,False,True
3035,669dd7a9707995704189b0f7460846d16c147215d59518d4c0cb9373cd4130b8,humaneval,body_first,0,toward,1.0,-1.0662646293640137,-0.6443896293640137,False,True
3035,669dd7a9707995704189b0f7460846d16c147215d59518d4c0cb9373cd4130b8,humaneval,body_first,0,away,1.0,-1.2585458755493164,-0.5241708755493164,False,True
3035,669dd7a9707995704189b0f7460846d16c147215d59518d4c0cb9373cd4130b8,humaneval,body_first,0,random,1.0,-1.1011688709259033,-0.6167939305305481,False,True
3035,669dd7a9707995704189b0f7460846d16c147215d59518d4c0cb9373cd4130b8,humaneval,body_first,2,toward,0.5,-1.282111644744873,-0.500861644744873,False,True
3035,669dd7a9707995704189b0f7460846d16c147215d59518d4c0cb9373cd4130b8,humaneval,body_first,2,away,0.5,-1.2561147212982178,-0.5061147809028625,False,True
3035,669dd7a9707995704189b0f7460846d16c147215d59518d4c0cb9373cd4130b8,humaneval,body_first,2,random,0.5,-1.2256709337234497,-0.5225459337234497,False,True
3035,669dd7a9707995704189b0f7460846d16c147215d59518d4c0cb9373cd4130b8,humaneval,body_first,2,toward,1.0,-1.2499585151672363,-0.5155835151672363,False,True
3035,669dd7a9707995704189b0f7460846d16c147215d59518d4c0cb9373cd4130b8,humaneval,body_first,2,away,1.0,-1.2342560291290283,-0.5155060291290283,False,True
3035,669dd7a9707995704189b0f7460846d16c147215d59518d4c0cb9373cd4130b8,humaneval,body_first,2,random,1.0,-1.2104911804199219,-0.5229912400245667,False,True
3035,669dd7a9707995704189b0f7460846d16c147215d59518d4c0cb9373cd4130b8,humaneval,body_first,4,toward,0.5,-1.2869713306427002,-0.49009639024734497,False,True
3035,669dd7a9707995704189b0f7460846d16c147215d59518d4c0cb9373cd4130b8,humaneval,body_first,4,away,0.5,-1.279245376586914,-0.49799543619155884,False,True
3035,669dd7a9707995704189b0f7460846d16c147215d59518d4c0cb9373cd4130b8,humaneval,body_first,4,random,0.5,-1.294257402420044,-0.48175740242004395,False,True
3035,669dd7a9707995704189b0f7460846d16c147215d59518d4c0cb9373cd4130b8,humaneval,body_first,4,toward,1.0,-1.2530632019042969,-0.5030631422996521,False,True
3035,669dd7a9707995704189b0f7460846d16c147215d59518d4c0cb9373cd4130b8,humaneval,body_first,4,away,1.0,-1.2594759464263916,-0.5094759464263916,False,True
3035,669dd7a9707995704189b0f7460846d16c147215d59518d4c0cb9373cd4130b8,humaneval,body_first,4,random,1.0,-1.2912309169769287,-0.47873085737228394,False,True
3035,669dd7a9707995704189b0f7460846d16c147215d59518d4c0cb9373cd4130b8,humaneval,body_first,6,toward,0.5,-1.2639942169189453,-0.4983692765235901,False,True
3035,669dd7a9707995704189b0f7460846d16c147215d59518d4c0cb9373cd4130b8,humaneval,body_first,6,away,0.5,-1.2795112133026123,-0.4982612729072571,False,True
3035,669dd7a9707995704189b0f7460846d16c147215d59518d4c0cb9373cd4130b8,humaneval,body_first,6,random,0.5,-1.2550132274627686,-0.5050132274627686,False,True
3035,669dd7a9707995704189b0f7460846d16c147215d59518d4c0cb9373cd4130b8,humaneval,body_first,6,toward,1.0,-1.2521367073059082,-0.5021366477012634,False,True
3035,669dd7a9707995704189b0f7460846d16c147215d59518d4c0cb9373cd4130b8,humaneval,body_first,6,away,1.0,-1.2135521173477173,-0.5260521173477173,False,True
3035,669dd7a9707995704189b0f7460846d16c147215d59518d4c0cb9373cd4130b8,humaneval,body_first,6,random,1.0,-1.2214791774749756,-0.5183541774749756,False,True
3035,669dd7a9707995704189b0f7460846d16c147215d59518d4c0cb9373cd4130b8,humaneval,body_first,8,toward,0.5,-1.2763243913650513,-0.4950743615627289,False,True
3035,669dd7a9707995704189b0f7460846d16c147215d59518d4c0cb9373cd4130b8,humaneval,body_first,8,away,0.5,-1.2873497009277344,-0.49047476053237915,False,True
3035,669dd7a9707995704189b0f7460846d16c147215d59518d4c0cb9373cd4130b8,humaneval,body_first,8,random,0.5,-1.289144515991211,-0.49226948618888855,False,True
3035,669dd7a9707995704189b0f7460846d16c147215d59518d4c0cb9373cd4130b8,humaneval,body_first,8,toward,1.0,-1.2739789485931396,-0.49272894859313965,False,True
3035,669dd7a9707995704189b0f7460846d16c147215d59518d4c0cb9373cd4130b8,humaneval,body_first,8,away,1.0,-1.2852457761764526,-0.48837074637413025,False,True
3035,669dd7a9707995704189b0f7460846d16c147215d59518d4c0cb9373cd4130b8,humaneval,body_first,8,random,1.0,-1.3094944953918457,-0.4813694357872009,False,True
3035,669dd7a9707995704189b0f7460846d16c147215d59518d4c0cb9373cd4130b8,humaneval,body_first,10,toward,0.5,-1.288862943649292,-0.4919878840446472,False,True
3035,669dd7a9707995704189b0f7460846d16c147215d59518d4c0cb9373cd4130b8,humaneval,body_first,10,away,0.5,-1.276304006576538,-0.4950540065765381,False,True
3035,669dd7a9707995704189b0f7460846d16c147215d59518d4c0cb9373cd4130b8,humaneval,body_first,10,random,0.5,-1.263169527053833,-0.497544527053833,False,True
3035,669dd7a9707995704189b0f7460846d16c147215d59518d4c0cb9373cd4130b8,humaneval,body_first,10,toward,1.0,-1.2857728004455566,-0.48889780044555664,False,True
3035,669dd7a9707995704189b0f7460846d16c147215d59518d4c0cb9373cd4130b8,humaneval,body_first,10,away,1.0,-1.2647638320922852,-0.49913889169692993,False,True
3035,669dd7a9707995704189b0f7460846d16c147215d59518d4c0cb9373cd4130b8,humaneval,body_first,10,random,1.0,-1.2486640214920044,-0.4986640512943268,False,True
3035,669dd7a9707995704189b0f7460846d16c147215d59518d4c0cb9373cd4130b8,humaneval,body_first,12,toward,0.5,-1.2875274419784546,-0.490652471780777,False,True
3035,669dd7a9707995704189b0f7460846d16c147215d59518d4c0cb9373cd4130b8,humaneval,body_first,12,away,0.5,-1.2317837476730347,-0.5130337476730347,False,True
3035,669dd7a9707995704189b0f7460846d16c147215d59518d4c0cb9373cd4130b8,humaneval,body_first,12,random,0.5,-1.2525793313980103,-0.5025793313980103,False,True
3035,669dd7a9707995704189b0f7460846d16c147215d59518d4c0cb9373cd4130b8,humaneval,body_first,12,toward,1.0,-1.286313533782959,-0.48943859338760376,False,True
3035,669dd7a9707995704189b0f7460846d16c147215d59518d4c0cb9373cd4130b8,humaneval,body_first,12,away,1.0,-1.1771219968795776,-0.5364969968795776,False,True
3035,669dd7a9707995704189b0f7460846d16c147215d59518d4c0cb9373cd4130b8,humaneval,body_first,12,random,1.0,-1.2620153427124023,-0.4963904023170471,False,True
3035,669dd7a9707995704189b0f7460846d16c147215d59518d4c0cb9373cd4130b8,humaneval,body_first,14,toward,0.5,-1.2892210483551025,-0.49234598875045776,False,True
3035,669dd7a9707995704189b0f7460846d16c147215d59518d4c0cb9373cd4130b8,humaneval,body_first,14,away,0.5,-1.232171654701233,-0.5134216547012329,False,True
3035,669dd7a9707995704189b0f7460846d16c147215d59518d4c0cb9373cd4130b8,humaneval,body_first,14,random,0.5,-1.2770215272903442,-0.49577152729034424,False,True
3035,669dd7a9707995704189b0f7460846d16c147215d59518d4c0cb9373cd4130b8,humaneval,body_first,14,toward,1.0,-1.2785866260528564,-0.49733662605285645,False,True
3035,669dd7a9707995704189b0f7460846d16c147215d59518d4c0cb9373cd4130b8,humaneval,body_first,14,away,1.0,-1.1898308992385864,-0.5335808992385864,False,True
3035,669dd7a9707995704189b0f7460846d16c147215d59518d4c0cb9373cd4130b8,humaneval,body_first,14,random,1.0,-1.2661874294281006,-0.5005624294281006,False,True
3035,669dd7a9707995704189b0f7460846d16c147215d59518d4c0cb9373cd4130b8,humaneval,body_first,16,toward,0.5,-1.2767823934555054,-0.49553239345550537,False,True
3035,669dd7a9707995704189b0f7460846d16c147215d59518d4c0cb9373cd4130b8,humaneval,body_first,16,away,0.5,-1.267075777053833,-0.5014507174491882,False,True
3035,669dd7a9707995704189b0f7460846d16c147215d59518d4c0cb9373cd4130b8,humaneval,body_first,16,random,0.5,-1.276322841644287,-0.49507278203964233,False,True
3035,669dd7a9707995704189b0f7460846d16c147215d59518d4c0cb9373cd4130b8,humaneval,body_first,16,toward,1.0,-1.2447364330291748,-0.51036137342453,False,True
3035,669dd7a9707995704189b0f7460846d16c147215d59518d4c0cb9373cd4130b8,humaneval,body_first,16,away,1.0,-1.2447094917297363,-0.5103344917297363,False,True
3035,669dd7a9707995704189b0f7460846d16c147215d59518d4c0cb9373cd4130b8,humaneval,body_first,16,random,1.0,-1.2645066976547241,-0.49888166785240173,False,True
3035,669dd7a9707995704189b0f7460846d16c147215d59518d4c0cb9373cd4130b8,humaneval,body_first,18,toward,0.5,-1.2788716554641724,-0.49762165546417236,False,True
3035,669dd7a9707995704189b0f7460846d16c147215d59518d4c0cb9373cd4130b8,humaneval,body_first,18,away,0.5,-1.267091155052185,-0.5014661550521851,False,True
3035,669dd7a9707995704189b0f7460846d16c147215d59518d4c0cb9373cd4130b8,humaneval,body_first,18,random,0.5,-1.2765188217163086,-0.4952687621116638,False,True
3035,669dd7a9707995704189b0f7460846d16c147215d59518d4c0cb9373cd4130b8,humaneval,body_first,18,toward,1.0,-1.2667114734649658,-0.5010865330696106,False,True
3035,669dd7a9707995704189b0f7460846d16c147215d59518d4c0cb9373cd4130b8,humaneval,body_first,18,away,1.0,-1.2459468841552734,-0.5115718841552734,False,True
3035,669dd7a9707995704189b0f7460846d16c147215d59518d4c0cb9373cd4130b8,humaneval,body_first,18,random,1.0,-1.2664625644683838,-0.5008376240730286,False,True
3035,669dd7a9707995704189b0f7460846d16c147215d59518d4c0cb9373cd4130b8,humaneval,body_first,20,toward,0.5,-1.2778209447860718,-0.4965709447860718,False,True
3035,669dd7a9707995704189b0f7460846d16c147215d59518d4c0cb9373cd4130b8,humaneval,body_first,20,away,0.5,-1.2795765399932861,-0.49832648038864136,False,True
3035,669dd7a9707995704189b0f7460846d16c147215d59518d4c0cb9373cd4130b8,humaneval,body_first,20,random,0.5,-1.27814781665802,-0.49689781665802,False,True
3035,669dd7a9707995704189b0f7460846d16c147215d59518d4c0cb9373cd4130b8,humaneval,body_first,20,toward,1.0,-1.2904132604599,-0.4935382902622223,False,True
3035,669dd7a9707995704189b0f7460846d16c147215d59518d4c0cb9373cd4130b8,humaneval,body_first,20,away,1.0,-1.2880470752716064,-0.4911721348762512,False,True
3035,669dd7a9707995704189b0f7460846d16c147215d59518d4c0cb9373cd4130b8,humaneval,body_first,20,random,1.0,-1.2894067764282227,-0.49253177642822266,False,True
3035,669dd7a9707995704189b0f7460846d16c147215d59518d4c0cb9373cd4130b8,humaneval,body_first,22,toward,0.5,-1.2778408527374268,-0.496590793132782,False,True
3035,669dd7a9707995704189b0f7460846d16c147215d59518d4c0cb9373cd4130b8,humaneval,body_first,22,away,0.5,-1.2888917922973633,-0.49201685190200806,False,True
3035,669dd7a9707995704189b0f7460846d16c147215d59518d4c0cb9373cd4130b8,humaneval,body_first,22,random,0.5,-1.2780121564865112,-0.49676215648651123,False,True
3035,669dd7a9707995704189b0f7460846d16c147215d59518d4c0cb9373cd4130b8,humaneval,body_first,22,toward,1.0,-1.2796210050582886,-0.4983710050582886,False,True
3035,669dd7a9707995704189b0f7460846d16c147215d59518d4c0cb9373cd4130b8,humaneval,body_first,22,away,1.0,-1.2780499458312988,-0.49679988622665405,False,True
3035,669dd7a9707995704189b0f7460846d16c147215d59518d4c0cb9373cd4130b8,humaneval,body_first,22,random,1.0,-1.278228998184204,-0.4969790279865265,False,True
3035,669dd7a9707995704189b0f7460846d16c147215d59518d4c0cb9373cd4130b8,humaneval,body_first,23,toward,0.5,-1.2779723405838013,-0.49672234058380127,False,True
3035,669dd7a9707995704189b0f7460846d16c147215d59518d4c0cb9373cd4130b8,humaneval,body_first,23,away,0.5,-1.2779723405838013,-0.49672234058380127,False,True
3035,669dd7a9707995704189b0f7460846d16c147215d59518d4c0cb9373cd4130b8,humaneval,body_first,23,random,0.5,-1.2779723405838013,-0.49672234058380127,False,True
3035,669dd7a9707995704189b0f7460846d16c147215d59518d4c0cb9373cd4130b8,humaneval,body_first,23,toward,1.0,-1.2779723405838013,-0.49672234058380127,False,True
3035,669dd7a9707995704189b0f7460846d16c147215d59518d4c0cb9373cd4130b8,humaneval,body_first,23,away,1.0,-1.2779723405838013,-0.49672234058380127,False,True
3035,669dd7a9707995704189b0f7460846d16c147215d59518d4c0cb9373cd4130b8,humaneval,body_first,23,random,1.0,-1.2779723405838013,-0.49672234058380127,False,True
3035,669dd7a9707995704189b0f7460846d16c147215d59518d4c0cb9373cd4130b8,humaneval,answer,0,toward,0.5,-1.3119746446609497,-0.4994746148586273,False,True
3035,669dd7a9707995704189b0f7460846d16c147215d59518d4c0cb9373cd4130b8,humaneval,answer,0,away,0.5,-1.2769181728363037,-0.5112931728363037,False,True
3035,669dd7a9707995704189b0f7460846d16c147215d59518d4c0cb9373cd4130b8,humaneval,answer,0,random,0.5,-1.3549567461013794,-0.4643317759037018,False,True
3035,669dd7a9707995704189b0f7460846d16c147215d59518d4c0cb9373cd4130b8,humaneval,answer,0,toward,1.0,-1.3596134185791016,-0.47680097818374634,False,True
3035,669dd7a9707995704189b0f7460846d16c147215d59518d4c0cb9373cd4130b8,humaneval,answer,0,away,1.0,-1.3177769184112549,-0.5834019184112549,False,True
3035,669dd7a9707995704189b0f7460846d16c147215d59518d4c0cb9373cd4130b8,humaneval,answer,0,random,1.0,-1.4003510475158691,-0.5019136071205139,False,True
3035,669dd7a9707995704189b0f7460846d16c147215d59518d4c0cb9373cd4130b8,humaneval,answer,2,toward,0.5,-1.4955501556396484,-0.42523765563964844,False,True
3035,669dd7a9707995704189b0f7460846d16c147215d59518d4c0cb9373cd4130b8,humaneval,answer,2,away,0.5,-1.2746686935424805,-0.5090436935424805,False,True
3035,669dd7a9707995704189b0f7460846d16c147215d59518d4c0cb9373cd4130b8,humaneval,answer,2,random,0.5,-1.207149624824524,-0.5352746248245239,False,True
3035,669dd7a9707995704189b0f7460846d16c147215d59518d4c0cb9373cd4130b8,humaneval,answer,2,toward,1.0,-1.8249011039733887,-0.32880738377571106,False,True
3035,669dd7a9707995704189b0f7460846d16c147215d59518d4c0cb9373cd4130b8,humaneval,answer,2,away,1.0,-0.8581849336624146,-0.8425599336624146,False,True
3035,669dd7a9707995704189b0f7460846d16c147215d59518d4c0cb9373cd4130b8,humaneval,answer,2,random,1.0,-1.1930639743804932,-0.5680640339851379,False,True
3035,669dd7a9707995704189b0f7460846d16c147215d59518d4c0cb9373cd4130b8,humaneval,answer,4,toward,0.5,-1.4470255374908447,-0.41577550768852234,False,True
3035,669dd7a9707995704189b0f7460846d16c147215d59518d4c0cb9373cd4130b8,humaneval,answer,4,away,0.5,-1.0216026306152344,-0.6700401902198792,False,True
3035,669dd7a9707995704189b0f7460846d16c147215d59518d4c0cb9373cd4130b8,humaneval,answer,4,random,0.5,-1.1008741855621338,-0.569624125957489,False,True
3035,669dd7a9707995704189b0f7460846d16c147215d59518d4c0cb9373cd4130b8,humaneval,answer,4,toward,1.0,-1.1397879123687744,-0.5772879719734192,False,True
3035,669dd7a9707995704189b0f7460846d16c147215d59518d4c0cb9373cd4130b8,humaneval,answer,4,away,1.0,-0.851123571395874,-0.948291540145874,True,False
3035,669dd7a9707995704189b0f7460846d16c147215d59518d4c0cb9373cd4130b8,humaneval,answer,4,random,1.0,-0.9144279360771179,-0.8255607485771179,False,True
3035,669dd7a9707995704189b0f7460846d16c147215d59518d4c0cb9373cd4130b8,humaneval,answer,6,toward,0.5,-1.397172451019287,-0.4518599212169647,False,True
3035,669dd7a9707995704189b0f7460846d16c147215d59518d4c0cb9373cd4130b8,humaneval,answer,6,away,0.5,-0.9387035965919495,-0.7512035965919495,False,True
3035,669dd7a9707995704189b0f7460846d16c147215d59518d4c0cb9373cd4130b8,humaneval,answer,6,random,0.5,-1.2056963443756104,-0.7213213443756104,False,True
3035,669dd7a9707995704189b0f7460846d16c147215d59518d4c0cb9373cd4130b8,humaneval,answer,6,toward,1.0,-1.5310914516448975,-0.46859145164489746,False,True
3035,669dd7a9707995704189b0f7460846d16c147215d59518d4c0cb9373cd4130b8,humaneval,answer,6,away,1.0,-0.5753058791160583,-1.2471809387207031,True,False
3035,669dd7a9707995704189b0f7460846d16c147215d59518d4c0cb9373cd4130b8,humaneval,answer,6,random,1.0,-0.8414149284362793,-1.3882899284362793,True,False
3035,669dd7a9707995704189b0f7460846d16c147215d59518d4c0cb9373cd4130b8,humaneval,answer,8,toward,0.5,-1.0827573537826538,-0.5436948537826538,False,True
3035,669dd7a9707995704189b0f7460846d16c147215d59518d4c0cb9373cd4130b8,humaneval,answer,8,away,0.5,-1.4670737981796265,-0.5920737981796265,False,True
3035,669dd7a9707995704189b0f7460846d16c147215d59518d4c0cb9373cd4130b8,humaneval,answer,8,random,0.5,-1.2989251613616943,-0.5801751017570496,False,True
3035,669dd7a9707995704189b0f7460846d16c147215d59518d4c0cb9373cd4130b8,humaneval,answer,8,toward,1.0,-0.8912956714630127,-0.7155144214630127,False,True
3035,669dd7a9707995704189b0f7460846d16c147215d59518d4c0cb9373cd4130b8,humaneval,answer,8,away,1.0,-1.4488896131515503,-0.7613896131515503,False,True
3035,669dd7a9707995704189b0f7460846d16c147215d59518d4c0cb9373cd4130b8,humaneval,answer,8,random,1.0,-1.1972877979278564,-0.6972877979278564,False,True
3035,669dd7a9707995704189b0f7460846d16c147215d59518d4c0cb9373cd4130b8,humaneval,answer,10,toward,0.5,-0.41260799765586853,-1.350108027458191,True,False
3035,669dd7a9707995704189b0f7460846d16c147215d59518d4c0cb9373cd4130b8,humaneval,answer,10,away,0.5,-1.4100868701934814,-0.5038368701934814,False,True
3035,669dd7a9707995704189b0f7460846d16c147215d59518d4c0cb9373cd4130b8,humaneval,answer,10,random,0.5,-0.813143789768219,-0.844393789768219,True,False
3035,669dd7a9707995704189b0f7460846d16c147215d59518d4c0cb9373cd4130b8,humaneval,answer,10,toward,1.0,-0.35322335362434387,-1.6891608238220215,True,False
3035,669dd7a9707995704189b0f7460846d16c147215d59518d4c0cb9373cd4130b8,humaneval,answer,10,away,1.0,-1.420707106590271,-0.639457106590271,False,True
3035,669dd7a9707995704189b0f7460846d16c147215d59518d4c0cb9373cd4130b8,humaneval,answer,10,random,1.0,-0.6478077173233032,-1.2103077173233032,True,False
3035,669dd7a9707995704189b0f7460846d16c147215d59518d4c0cb9373cd4130b8,humaneval,answer,12,toward,0.5,-0.5865421295166016,-1.1412296295166016,True,False
3035,669dd7a9707995704189b0f7460846d16c147215d59518d4c0cb9373cd4130b8,humaneval,answer,12,away,0.5,-1.5763449668884277,-0.38884493708610535,False,True
3035,669dd7a9707995704189b0f7460846d16c147215d59518d4c0cb9373cd4130b8,humaneval,answer,12,random,0.5,-1.2002922296524048,-0.7862297296524048,False,True
3035,669dd7a9707995704189b0f7460846d16c147215d59518d4c0cb9373cd4130b8,humaneval,answer,12,toward,1.0,-0.5189290642738342,-2.5111165046691895,True,False
3035,669dd7a9707995704189b0f7460846d16c147215d59518d4c0cb9373cd4130b8,humaneval,answer,12,away,1.0,-1.5823215246200562,-0.48710665106773376,False,True
3035,669dd7a9707995704189b0f7460846d16c147215d59518d4c0cb9373cd4130b8,humaneval,answer,12,random,1.0,-1.334564208984375,-1.284637451171875,False,True
3035,669dd7a9707995704189b0f7460846d16c147215d59518d4c0cb9373cd4130b8,humaneval,answer,14,toward,0.5,-0.8766881823539734,-0.8053991198539734,False,True
3035,669dd7a9707995704189b0f7460846d16c147215d59518d4c0cb9373cd4130b8,humaneval,answer,14,away,0.5,-1.657403588294983,-0.3605286180973053,False,True
3035,669dd7a9707995704189b0f7460846d16c147215d59518d4c0cb9373cd4130b8,humaneval,answer,14,random,0.5,-1.1377077102661133,-0.6611452698707581,False,True
3035,669dd7a9707995704189b0f7460846d16c147215d59518d4c0cb9373cd4130b8,humaneval,answer,14,toward,1.0,-0.8288611769676208,-1.3874549865722656,True,False
3035,669dd7a9707995704189b0f7460846d16c147215d59518d4c0cb9373cd4130b8,humaneval,answer,14,away,1.0,-1.7587964534759521,-0.36035892367362976,False,True
3035,669dd7a9707995704189b0f7460846d16c147215d59518d4c0cb9373cd4130b8,humaneval,answer,14,random,1.0,-1.0750659704208374,-0.9227222204208374,False,True
3035,669dd7a9707995704189b0f7460846d16c147215d59518d4c0cb9373cd4130b8,humaneval,answer,16,toward,0.5,-0.5029845833778381,-1.2764220237731934,True,False
3035,669dd7a9707995704189b0f7460846d16c147215d59518d4c0cb9373cd4130b8,humaneval,answer,16,away,0.5,-2.1158287525177,-0.27207884192466736,False,True
3035,669dd7a9707995704189b0f7460846d16c147215d59518d4c0cb9373cd4130b8,humaneval,answer,16,random,0.5,-1.1689167022705078,-0.6923542618751526,False,True
3035,669dd7a9707995704189b0f7460846d16c147215d59518d4c0cb9373cd4130b8,humaneval,answer,16,toward,1.0,-0.5207854509353638,-2.505160331726074,True,False
3035,669dd7a9707995704189b0f7460846d16c147215d59518d4c0cb9373cd4130b8,humaneval,answer,16,away,1.0,-2.442401885986328,-0.25880804657936096,False,True
3035,669dd7a9707995704189b0f7460846d16c147215d59518d4c0cb9373cd4130b8,humaneval,answer,16,random,1.0,-1.256491780281067,-1.240866780281067,False,True
3035,669dd7a9707995704189b0f7460846d16c147215d59518d4c0cb9373cd4130b8,humaneval,answer,18,toward,0.5,-1.173232078552246,-0.5326071381568909,False,True
3035,669dd7a9707995704189b0f7460846d16c147215d59518d4c0cb9373cd4130b8,humaneval,answer,18,away,0.5,-1.399142861366272,-0.508517861366272,False,True
3035,669dd7a9707995704189b0f7460846d16c147215d59518d4c0cb9373cd4130b8,humaneval,answer,18,random,0.5,-1.6408857107162476,-0.34401071071624756,False,True
3035,669dd7a9707995704189b0f7460846d16c147215d59518d4c0cb9373cd4130b8,humaneval,answer,18,toward,1.0,-0.9032905101776123,-0.8329780101776123,False,True
3035,669dd7a9707995704189b0f7460846d16c147215d59518d4c0cb9373cd4130b8,humaneval,answer,18,away,1.0,-1.587342619895935,-0.5092176198959351,False,True
3035,669dd7a9707995704189b0f7460846d16c147215d59518d4c0cb9373cd4130b8,humaneval,answer,18,random,1.0,-1.9225373268127441,-0.24284976720809937,False,True
3035,669dd7a9707995704189b0f7460846d16c147215d59518d4c0cb9373cd4130b8,humaneval,answer,20,toward,0.5,-1.5447372198104858,-0.37286221981048584,False,True
3035,669dd7a9707995704189b0f7460846d16c147215d59518d4c0cb9373cd4130b8,humaneval,answer,20,away,0.5,-1.0465328693389893,-0.656396210193634,False,True
3035,669dd7a9707995704189b0f7460846d16c147215d59518d4c0cb9373cd4130b8,humaneval,answer,20,random,0.5,-1.497341275215149,-0.4035913050174713,False,True
3035,669dd7a9707995704189b0f7460846d16c147215d59518d4c0cb9373cd4130b8,humaneval,answer,20,toward,1.0,-1.4910876750946045,-0.3973376154899597,False,True
3035,669dd7a9707995704189b0f7460846d16c147215d59518d4c0cb9373cd4130b8,humaneval,answer,20,away,1.0,-0.9496480822563171,-0.8558980822563171,False,True
3035,669dd7a9707995704189b0f7460846d16c147215d59518d4c0cb9373cd4130b8,humaneval,answer,20,random,1.0,-1.6665799617767334,-0.3228299915790558,False,True
3035,669dd7a9707995704189b0f7460846d16c147215d59518d4c0cb9373cd4130b8,humaneval,answer,22,toward,0.5,-1.6649682521820068,-0.28996822237968445,False,True
3035,669dd7a9707995704189b0f7460846d16c147215d59518d4c0cb9373cd4130b8,humaneval,answer,22,away,0.5,-1.0668203830718994,-0.8246329426765442,False,True
3035,669dd7a9707995704189b0f7460846d16c147215d59518d4c0cb9373cd4130b8,humaneval,answer,22,random,0.5,-1.3156585693359375,-0.4211272597312927,False,True
3035,669dd7a9707995704189b0f7460846d16c147215d59518d4c0cb9373cd4130b8,humaneval,answer,22,toward,1.0,-1.971110463142395,-0.1898605078458786,False,True
3035,669dd7a9707995704189b0f7460846d16c147215d59518d4c0cb9373cd4130b8,humaneval,answer,22,away,1.0,-1.271630048751831,-1.521630048751831,False,False
3035,669dd7a9707995704189b0f7460846d16c147215d59518d4c0cb9373cd4130b8,humaneval,answer,22,random,1.0,-1.2473788261413574,-0.4485507011413574,False,True
3035,669dd7a9707995704189b0f7460846d16c147215d59518d4c0cb9373cd4130b8,humaneval,answer,23,toward,0.5,-1.4534286260604858,-0.3284286558628082,False,True
3035,669dd7a9707995704189b0f7460846d16c147215d59518d4c0cb9373cd4130b8,humaneval,answer,23,away,0.5,-1.399720311164856,-0.993470311164856,False,True
3035,669dd7a9707995704189b0f7460846d16c147215d59518d4c0cb9373cd4130b8,humaneval,answer,23,random,0.5,-0.8567859530448914,-0.6692859530448914,False,True
3035,669dd7a9707995704189b0f7460846d16c147215d59518d4c0cb9373cd4130b8,humaneval,answer,23,toward,1.0,-1.5241930484771729,-0.33669307827949524,False,True
3035,669dd7a9707995704189b0f7460846d16c147215d59518d4c0cb9373cd4130b8,humaneval,answer,23,away,1.0,-2.3703582286834717,-2.2141082286834717,False,True
3035,669dd7a9707995704189b0f7460846d16c147215d59518d4c0cb9373cd4130b8,humaneval,answer,23,random,1.0,-0.8608015179634094,-1.1264264583587646,True,False
3036,669dd7a9707995704189b0f7460846d16c147215d59518d4c0cb9373cd4130b8,humaneval,baseline,-1,none,0.0,-1.5832027196884155,-0.37226518988609314,False,True
3036,669dd7a9707995704189b0f7460846d16c147215d59518d4c0cb9373cd4130b8,humaneval,if,0,toward,0.5,-1.5070419311523438,-0.39766696095466614,False,True
3036,669dd7a9707995704189b0f7460846d16c147215d59518d4c0cb9373cd4130b8,humaneval,if,0,away,0.5,-1.6222256422042847,-0.38003814220428467,False,True
3036,669dd7a9707995704189b0f7460846d16c147215d59518d4c0cb9373cd4130b8,humaneval,if,0,random,0.5,-1.6645870208740234,-0.3520870804786682,False,True
3036,669dd7a9707995704189b0f7460846d16c147215d59518d4c0cb9373cd4130b8,humaneval,if,0,toward,1.0,-1.0346648693084717,-0.6909148693084717,False,True
3036,669dd7a9707995704189b0f7460846d16c147215d59518d4c0cb9373cd4130b8,humaneval,if,0,away,1.0,-1.2155637741088867,-0.6061888337135315,False,True
3036,669dd7a9707995704189b0f7460846d16c147215d59518d4c0cb9373cd4130b8,humaneval,if,0,random,1.0,-1.1822624206542969,-0.5728873610496521,False,True
3036,669dd7a9707995704189b0f7460846d16c147215d59518d4c0cb9373cd4130b8,humaneval,if,2,toward,0.5,-1.6548629999160767,-0.35017552971839905,False,True
3036,669dd7a9707995704189b0f7460846d16c147215d59518d4c0cb9373cd4130b8,humaneval,if,2,away,0.5,-1.4761061668395996,-0.40579360723495483,False,True
3036,669dd7a9707995704189b0f7460846d16c147215d59518d4c0cb9373cd4130b8,humaneval,if,2,random,0.5,-1.4120757579803467,-0.4433257281780243,False,True
3036,669dd7a9707995704189b0f7460846d16c147215d59518d4c0cb9373cd4130b8,humaneval,if,2,toward,1.0,-1.4267830848693848,-0.4658455550670624,False,True
3036,669dd7a9707995704189b0f7460846d16c147215d59518d4c0cb9373cd4130b8,humaneval,if,2,away,1.0,-1.4487992525100708,-0.4019242227077484,False,True
3036,669dd7a9707995704189b0f7460846d16c147215d59518d4c0cb9373cd4130b8,humaneval,if,2,random,1.0,-1.314319372177124,-0.49400684237480164,False,True
3036,669dd7a9707995704189b0f7460846d16c147215d59518d4c0cb9373cd4130b8,humaneval,if,4,toward,0.5,-1.4442644119262695,-0.4286394715309143,False,True
3036,669dd7a9707995704189b0f7460846d16c147215d59518d4c0cb9373cd4130b8,humaneval,if,4,away,0.5,-1.54779052734375,-0.3837279975414276,False,True
3036,669dd7a9707995704189b0f7460846d16c147215d59518d4c0cb9373cd4130b8,humaneval,if,4,random,0.5,-1.514688491821289,-0.39750099182128906,False,True
3036,669dd7a9707995704189b0f7460846d16c147215d59518d4c0cb9373cd4130b8,humaneval,if,4,toward,1.0,-0.9642401933670044,-0.7064276933670044,False,True
3036,669dd7a9707995704189b0f7460846d16c147215d59518d4c0cb9373cd4130b8,humaneval,if,4,away,1.0,-1.3346748352050781,-0.4674873352050781,False,True
3036,669dd7a9707995704189b0f7460846d16c147215d59518d4c0cb9373cd4130b8,humaneval,if,4,random,1.0,-1.421420931816101,-0.4292334020137787,False,True
3036,669dd7a9707995704189b0f7460846d16c147215d59518d4c0cb9373cd4130b8,humaneval,if,6,toward,0.5,-1.4987165927886963,-0.3971541225910187,False,True
3036,669dd7a9707995704189b0f7460846d16c147215d59518d4c0cb9373cd4130b8,humaneval,if,6,away,0.5,-1.661851406097412,-0.3415389657020569,False,True
3036,669dd7a9707995704189b0f7460846d16c147215d59518d4c0cb9373cd4130b8,humaneval,if,6,random,0.5,-1.5598971843719482,-0.37239721417427063,False,True
3036,669dd7a9707995704189b0f7460846d16c147215d59518d4c0cb9373cd4130b8,humaneval,if,6,toward,1.0,-1.3972078561782837,-0.4206453561782837,False,True
3036,669dd7a9707995704189b0f7460846d16c147215d59518d4c0cb9373cd4130b8,humaneval,if,6,away,1.0,-1.4982409477233887,-0.38886594772338867,False,True
3036,669dd7a9707995704189b0f7460846d16c147215d59518d4c0cb9373cd4130b8,humaneval,if,6,random,1.0,-1.5359935760498047,-0.3719310164451599,False,True
3036,669dd7a9707995704189b0f7460846d16c147215d59518d4c0cb9373cd4130b8,humaneval,if,8,toward,0.5,-1.5801500082015991,-0.36921247839927673,False,True
3036,669dd7a9707995704189b0f7460846d16c147215d59518d4c0cb9373cd4130b8,humaneval,if,8,away,0.5,-1.5794293880462646,-0.37630441784858704,False,True
3036,669dd7a9707995704189b0f7460846d16c147215d59518d4c0cb9373cd4130b8,humaneval,if,8,random,0.5,-1.5722955465316772,-0.37698301672935486,False,True
3036,669dd7a9707995704189b0f7460846d16c147215d59518d4c0cb9373cd4130b8,humaneval,if,8,toward,1.0,-1.5531201362609863,-0.3734326958656311,False,True
3036,669dd7a9707995704189b0f7460846d16c147215d59518d4c0cb9373cd4130b8,humaneval,if,8,away,1.0,-1.558874487876892,-0.3869995176792145,False,True
3036,669dd7a9707995704189b0f7460846d16c147215d59518d4c0cb9373cd4130b8,humaneval,if,8,random,1.0,-1.5619958639144897,-0.38230839371681213,False,True
3036,669dd7a9707995704189b0f7460846d16c147215d59518d4c0cb9373cd4130b8,humaneval,if,10,toward,0.5,-1.6041443347930908,-0.3619568347930908,False,True
3036,669dd7a9707995704189b0f7460846d16c147215d59518d4c0cb9373cd4130b8,humaneval,if,10,away,0.5,-1.5439414978027344,-0.3876914978027344,False,True
3036,669dd7a9707995704189b0f7460846d16c147215d59518d4c0cb9373cd4130b8,humaneval,if,10,random,0.5,-1.563302993774414,-0.3758029639720917,False,True
3036,669dd7a9707995704189b0f7460846d16c147215d59518d4c0cb9373cd4130b8,humaneval,if,10,toward,1.0,-1.6155749559402466,-0.3577624261379242,False,True
3036,669dd7a9707995704189b0f7460846d16c147215d59518d4c0cb9373cd4130b8,humaneval,if,10,away,1.0,-1.369640827178955,-0.4555782973766327,False,True
3036,669dd7a9707995704189b0f7460846d16c147215d59518d4c0cb9373cd4130b8,humaneval,if,10,random,1.0,-1.53279447555542,-0.3843570053577423,False,True
3036,669dd7a9707995704189b0f7460846d16c147215d59518d4c0cb9373cd4130b8,humaneval,if,12,toward,0.5,-1.612143635749817,-0.3621436059474945,False,True
3036,669dd7a9707995704189b0f7460846d16c147215d59518d4c0cb9373cd4130b8,humaneval,if,12,away,0.5,-1.531801462173462,-0.3911764919757843,False,True
3036,669dd7a9707995704189b0f7460846d16c147215d59518d4c0cb9373cd4130b8,humaneval,if,12,random,0.5,-1.581941843032837,-0.3710043132305145,False,True
3036,669dd7a9707995704189b0f7460846d16c147215d59518d4c0cb9373cd4130b8,humaneval,if,12,toward,1.0,-1.6060912609100342,-0.36390379071235657,False,True
3036,669dd7a9707995704189b0f7460846d16c147215d59518d4c0cb9373cd4130b8,humaneval,if,12,away,1.0,-1.4837496280670166,-0.4134371876716614,False,True
3036,669dd7a9707995704189b0f7460846d16c147215d59518d4c0cb9373cd4130b8,humaneval,if,12,random,1.0,-1.5849205255508423,-0.3661705255508423,False,True
3036,669dd7a9707995704189b0f7460846d16c147215d59518d4c0cb9373cd4130b8,humaneval,if,14,toward,0.5,-1.585698127746582,-0.36694809794425964,False,True
3036,669dd7a9707995704189b0f7460846d16c147215d59518d4c0cb9373cd4130b8,humaneval,if,14,away,0.5,-1.5682778358459473,-0.38077789545059204,False,True
3036,669dd7a9707995704189b0f7460846d16c147215d59518d4c0cb9373cd4130b8,humaneval,if,14,random,0.5,-1.5947881937026978,-0.36822566390037537,False,True
3036,669dd7a9707995704189b0f7460846d16c147215d59518d4c0cb9373cd4130b8,humaneval,if,14,toward,1.0,-1.5771338939666748,-0.3661963939666748,False,True
3036,669dd7a9707995704189b0f7460846d16c147215d59518d4c0cb9373cd4130b8,humaneval,if,14,away,1.0,-1.5061551332473755,-0.4045926034450531,False,True
3036,669dd7a9707995704189b0f7460846d16c147215d59518d4c0cb9373cd4130b8,humaneval,if,14,random,1.0,-1.6009154319763184,-0.36654049158096313,False,True
3036,669dd7a9707995704189b0f7460846d16c147215d59518d4c0cb9373cd4130b8,humaneval,if,16,toward,0.5,-1.5811984539031982,-0.37026098370552063,False,True
3036,669dd7a9707995704189b0f7460846d16c147215d59518d4c0cb9373cd4130b8,humaneval,if,16,away,0.5,-1.5857475996017456,-0.3748100996017456,False,True
3036,669dd7a9707995704189b0f7460846d16c147215d59518d4c0cb9373cd4130b8,humaneval,if,16,random,0.5,-1.5825555324554443,-0.37161800265312195,False,True
3036,669dd7a9707995704189b0f7460846d16c147215d59518d4c0cb9373cd4130b8,humaneval,if,16,toward,1.0,-1.5673596858978271,-0.37204721570014954,False,True
3036,669dd7a9707995704189b0f7460846d16c147215d59518d4c0cb9373cd4130b8,humaneval,if,16,away,1.0,-1.5670071840286255,-0.3873197138309479,False,True
3036,669dd7a9707995704189b0f7460846d16c147215d59518d4c0cb9373cd4130b8,humaneval,if,16,random,1.0,-1.5822625160217285,-0.37132498621940613,False,True
3036,669dd7a9707995704189b0f7460846d16c147215d59518d4c0cb9373cd4130b8,humaneval,if,18,toward,0.5,-1.581805944442749,-0.3708684742450714,False,True
3036,669dd7a9707995704189b0f7460846d16c147215d59518d4c0cb9373cd4130b8,humaneval,if,18,away,0.5,-1.5904169082641602,-0.3716668486595154,False,True
3036,669dd7a9707995704189b0f7460846d16c147215d59518d4c0cb9373cd4130b8,humaneval,if,18,random,0.5,-1.5831817388534546,-0.3722442388534546,False,True
3036,669dd7a9707995704189b0f7460846d16c147215d59518d4c0cb9373cd4130b8,humaneval,if,18,toward,1.0,-1.5689661502838135,-0.3736536502838135,False,True
3036,669dd7a9707995704189b0f7460846d16c147215d59518d4c0cb9373cd4130b8,humaneval,if,18,away,1.0,-1.5913748741149902,-0.3726249039173126,False,True
3036,669dd7a9707995704189b0f7460846d16c147215d59518d4c0cb9373cd4130b8,humaneval,if,18,random,1.0,-1.5825079679489136,-0.37157049775123596,False,True
3036,669dd7a9707995704189b0f7460846d16c147215d59518d4c0cb9373cd4130b8,humaneval,if,20,toward,0.5,-1.588877558708191,-0.37012752890586853,False,True
3036,669dd7a9707995704189b0f7460846d16c147215d59518d4c0cb9373cd4130b8,humaneval,if,20,away,0.5,-1.5893220901489258,-0.3705720901489258,False,True
3036,669dd7a9707995704189b0f7460846d16c147215d59518d4c0cb9373cd4130b8,humaneval,if,20,random,0.5,-1.588371753692627,-0.36962181329727173,False,True
3036,669dd7a9707995704189b0f7460846d16c147215d59518d4c0cb9373cd4130b8,humaneval,if,20,toward,1.0,-1.5833783149719238,-0.37244075536727905,False,True
3036,669dd7a9707995704189b0f7460846d16c147215d59518d4c0cb9373cd4130b8,humaneval,if,20,away,1.0,-1.5995142459869385,-0.3651392459869385,False,True
3036,669dd7a9707995704189b0f7460846d16c147215d59518d4c0cb9373cd4130b8,humaneval,if,20,random,1.0,-1.6057440042495728,-0.36355650424957275,False,True
3036,669dd7a9707995704189b0f7460846d16c147215d59518d4c0cb9373cd4130b8,humaneval,if,22,toward,0.5,-1.5832973718643188,-0.37235984206199646,False,True
3036,669dd7a9707995704189b0f7460846d16c147215d59518d4c0cb9373cd4130b8,humaneval,if,22,away,0.5,-1.588839054107666,-0.3700890839099884,False,True
3036,669dd7a9707995704189b0f7460846d16c147215d59518d4c0cb9373cd4130b8,humaneval,if,22,random,0.5,-1.5834287405014038,-0.3724912703037262,False,True
3036,669dd7a9707995704189b0f7460846d16c147215d59518d4c0cb9373cd4130b8,humaneval,if,22,toward,1.0,-1.5822956562042236,-0.37135812640190125,False,True
3036,669dd7a9707995704189b0f7460846d16c147215d59518d4c0cb9373cd4130b8,humaneval,if,22,away,1.0,-1.5885381698608398,-0.36978816986083984,False,True
3036,669dd7a9707995704189b0f7460846d16c147215d59518d4c0cb9373cd4130b8,humaneval,if,22,random,1.0,-1.577825665473938,-0.3747006952762604,False,True
3036,669dd7a9707995704189b0f7460846d16c147215d59518d4c0cb9373cd4130b8,humaneval,if,23,toward,0.5,-1.5832027196884155,-0.37226518988609314,False,True
3036,669dd7a9707995704189b0f7460846d16c147215d59518d4c0cb9373cd4130b8,humaneval,if,23,away,0.5,-1.5832027196884155,-0.37226518988609314,False,True
3036,669dd7a9707995704189b0f7460846d16c147215d59518d4c0cb9373cd4130b8,humaneval,if,23,random,0.5,-1.5832027196884155,-0.37226518988609314,False,True
3036,669dd7a9707995704189b0f7460846d16c147215d59518d4c0cb9373cd4130b8,humaneval,if,23,toward,1.0,-1.5832027196884155,-0.37226518988609314,False,True
3036,669dd7a9707995704189b0f7460846d16c147215d59518d4c0cb9373cd4130b8,humaneval,if,23,away,1.0,-1.5832027196884155,-0.37226518988609314,False,True
3036,669dd7a9707995704189b0f7460846d16c147215d59518d4c0cb9373cd4130b8,humaneval,if,23,random,1.0,-1.5832027196884155,-0.37226518988609314,False,True
3036,669dd7a9707995704189b0f7460846d16c147215d59518d4c0cb9373cd4130b8,humaneval,body_first,0,toward,0.5,-1.4951186180114746,-0.4091811776161194,False,True
3036,669dd7a9707995704189b0f7460846d16c147215d59518d4c0cb9373cd4130b8,humaneval,body_first,0,away,0.5,-1.6089848279953003,-0.3667973577976227,False,True
3036,669dd7a9707995704189b0f7460846d16c147215d59518d4c0cb9373cd4130b8,humaneval,body_first,0,random,0.5,-1.6080710887908936,-0.36588355898857117,False,True
3036,669dd7a9707995704189b0f7460846d16c147215d59518d4c0cb9373cd4130b8,humaneval,body_first,0,toward,1.0,-1.3511972427368164,-0.4840098023414612,False,True
3036,669dd7a9707995704189b0f7460846d16c147215d59518d4c0cb9373cd4130b8,humaneval,body_first,0,away,1.0,-1.5652344226837158,-0.39335939288139343,False,True
3036,669dd7a9707995704189b0f7460846d16c147215d59518d4c0cb9373cd4130b8,humaneval,body_first,0,random,1.0,-1.4809894561767578,-0.4184894561767578,False,True
3036,669dd7a9707995704189b0f7460846d16c147215d59518d4c0cb9373cd4130b8,humaneval,body_first,2,toward,0.5,-1.5919238328933716,-0.3731738328933716,False,True
3036,669dd7a9707995704189b0f7460846d16c147215d59518d4c0cb9373cd4130b8,humaneval,body_first,2,away,0.5,-1.5529239177703857,-0.38104894757270813,False,True
3036,669dd7a9707995704189b0f7460846d16c147215d59518d4c0cb9373cd4130b8,humaneval,body_first,2,random,0.5,-1.5730069875717163,-0.3776944875717163,False,True
3036,669dd7a9707995704189b0f7460846d16c147215d59518d4c0cb9373cd4130b8,humaneval,body_first,2,toward,1.0,-1.561021327972412,-0.3813337981700897,False,True
3036,669dd7a9707995704189b0f7460846d16c147215d59518d4c0cb9373cd4130b8,humaneval,body_first,2,away,1.0,-1.5454844236373901,-0.3814219534397125,False,True
3036,669dd7a9707995704189b0f7460846d16c147215d59518d4c0cb9373cd4130b8,humaneval,body_first,2,random,1.0,-1.5367742776870728,-0.39614927768707275,False,True
3036,669dd7a9707995704189b0f7460846d16c147215d59518d4c0cb9373cd4130b8,humaneval,body_first,4,toward,0.5,-1.5935475826263428,-0.366985023021698,False,True
3036,669dd7a9707995704189b0f7460846d16c147215d59518d4c0cb9373cd4130b8,humaneval,body_first,4,away,0.5,-1.5845856666564941,-0.37364816665649414,False,True
3036,669dd7a9707995704189b0f7460846d16c147215d59518d4c0cb9373cd4130b8,humaneval,body_first,4,random,0.5,-1.5879604816436768,-0.369210422039032,False,True
3036,669dd7a9707995704189b0f7460846d16c147215d59518d4c0cb9373cd4130b8,humaneval,body_first,4,toward,1.0,-1.5681111812591553,-0.37279874086380005,False,True
3036,669dd7a9707995704189b0f7460846d16c147215d59518d4c0cb9373cd4130b8,humaneval,body_first,4,away,1.0,-1.5629656314849854,-0.38327816128730774,False,True
3036,669dd7a9707995704189b0f7460846d16c147215d59518d4c0cb9373cd4130b8,humaneval,body_first,4,random,1.0,-1.5747568607330322,-0.37163183093070984,False,True
3036,669dd7a9707995704189b0f7460846d16c147215d59518d4c0cb9373cd4130b8,humaneval,body_first,6,toward,0.5,-1.5634911060333252,-0.3759910762310028,False,True
3036,669dd7a9707995704189b0f7460846d16c147215d59518d4c0cb9373cd4130b8,humaneval,body_first,6,away,0.5,-1.5907663106918335,-0.3720163106918335,False,True
3036,669dd7a9707995704189b0f7460846d16c147215d59518d4c0cb9373cd4130b8,humaneval,body_first,6,random,0.5,-1.5653725862503052,-0.3778725862503052,False,True
3036,669dd7a9707995704189b0f7460846d16c147215d59518d4c0cb9373cd4130b8,humaneval,body_first,6,toward,1.0,-1.5500932931900024,-0.37821826338768005,False,True
3036,669dd7a9707995704189b0f7460846d16c147215d59518d4c0cb9373cd4130b8,humaneval,body_first,6,away,1.0,-1.5301449298858643,-0.38951990008354187,False,True
3036,669dd7a9707995704189b0f7460846d16c147215d59518d4c0cb9373cd4130b8,humaneval,body_first,6,random,1.0,-1.5510953664779663,-0.3792203962802887,False,True
3036,669dd7a9707995704189b0f7460846d16c147215d59518d4c0cb9373cd4130b8,humaneval,body_first,8,toward,0.5,-1.581809639930725,-0.3708721101284027,False,True
3036,669dd7a9707995704189b0f7460846d16c147215d59518d4c0cb9373cd4130b8,humaneval,body_first,8,away,0.5,-1.587810754776001,-0.3690606951713562,False,True
3036,669dd7a9707995704189b0f7460846d16c147215d59518d4c0cb9373cd4130b8,humaneval,body_first,8,random,0.5,-1.571401596069336,-0.3760891258716583,False,True
3036,669dd7a9707995704189b0f7460846d16c147215d59518d4c0cb9373cd4130b8,humaneval,body_first,8,toward,1.0,-1.578521728515625,-0.3675841987133026,False,True
3036,669dd7a9707995704189b0f7460846d16c147215d59518d4c0cb9373cd4130b8,humaneval,body_first,8,away,1.0,-1.5799158811569214,-0.3689784109592438,False,True
3036,669dd7a9707995704189b0f7460846d16c147215d59518d4c0cb9373cd4130b8,humaneval,body_first,8,random,1.0,-1.5582306385040283,-0.37854307889938354,False,True
3036,669dd7a9707995704189b0f7460846d16c147215d59518d4c0cb9373cd4130b8,humaneval,body_first,10,toward,0.5,-1.5943323373794556,-0.36776983737945557,False,True
3036,669dd7a9707995704189b0f7460846d16c147215d59518d4c0cb9373cd4130b8,humaneval,body_first,10,away,0.5,-1.5822510719299316,-0.3713136315345764,False,True
3036,669dd7a9707995704189b0f7460846d16c147215d59518d4c0cb9373cd4130b8,humaneval,body_first,10,random,0.5,-1.5620663166046143,-0.37456628680229187,False,True
3036,669dd7a9707995704189b0f7460846d16c147215d59518d4c0cb9373cd4130b8,humaneval,body_first,10,toward,1.0,-1.597350835800171,-0.3629758059978485,False,True
3036,669dd7a9707995704189b0f7460846d16c147215d59518d4c0cb9373cd4130b8,humaneval,body_first,10,away,1.0,-1.5686843395233154,-0.37337180972099304,False,True
3036,669dd7a9707995704189b0f7460846d16c147215d59518d4c0cb9373cd4130b8,humaneval,body_first,10,random,1.0,-1.5462757349014282,-0.3744007647037506,False,True
3036,669dd7a9707995704189b0f7460846d16c147215d59518d4c0cb9373cd4130b8,humaneval,body_first,12,toward,0.5,-1.5879710912704468,-0.3692210614681244,False,True
3036,669dd7a9707995704189b0f7460846d16c147215d59518d4c0cb9373cd4130b8,humaneval,body_first,12,away,0.5,-1.5268445014953613,-0.3862195312976837,False,True
3036,669dd7a9707995704189b0f7460846d16c147215d59518d4c0cb9373cd4130b8,humaneval,body_first,12,random,0.5,-1.5549168586730957,-0.3752294182777405,False,True
3036,669dd7a9707995704189b0f7460846d16c147215d59518d4c0cb9373cd4130b8,humaneval,body_first,12,toward,1.0,-1.5866975784301758,-0.3679475784301758,False,True
3036,669dd7a9707995704189b0f7460846d16c147215d59518d4c0cb9373cd4130b8,humaneval,body_first,12,away,1.0,-1.4839454889297485,-0.3980080187320709,False,True
3036,669dd7a9707995704189b0f7460846d16c147215d59518d4c0cb9373cd4130b8,humaneval,body_first,12,random,1.0,-1.541035532951355,-0.376973032951355,False,True
3036,669dd7a9707995704189b0f7460846d16c147215d59518d4c0cb9373cd4130b8,humaneval,body_first,14,toward,0.5,-1.6008882522583008,-0.36651331186294556,False,True
3036,669dd7a9707995704189b0f7460846d16c147215d59518d4c0cb9373cd4130b8,humaneval,body_first,14,away,0.5,-1.5327532291412354,-0.38431575894355774,False,True
3036,669dd7a9707995704189b0f7460846d16c147215d59518d4c0cb9373cd4130b8,humaneval,body_first,14,random,0.5,-1.5894688367843628,-0.3707188367843628,False,True
3036,669dd7a9707995704189b0f7460846d16c147215d59518d4c0cb9373cd4130b8,humaneval,body_first,14,toward,1.0,-1.5713306665420532,-0.3760181665420532,False,True
3036,669dd7a9707995704189b0f7460846d16c147215d59518d4c0cb9373cd4130b8,humaneval,body_first,14,away,1.0,-1.4842350482940674,-0.3982974886894226,False,True
3036,669dd7a9707995704189b0f7460846d16c147215d59518d4c0cb9373cd4130b8,humaneval,body_first,14,random,1.0,-1.577747106552124,-0.3746221661567688,False,True
3036,669dd7a9707995704189b0f7460846d16c147215d59518d4c0cb9373cd4130b8,humaneval,body_first,16,toward,0.5,-1.5757527351379395,-0.37262776494026184,False,True
3036,669dd7a9707995704189b0f7460846d16c147215d59518d4c0cb9373cd4130b8,humaneval,body_first,16,away,0.5,-1.5593311786651611,-0.3796437382698059,False,True
3036,669dd7a9707995704189b0f7460846d16c147215d59518d4c0cb9373cd4130b8,humaneval,body_first,16,random,0.5,-1.5751920938491821,-0.37206709384918213,False,True
3036,669dd7a9707995704189b0f7460846d16c147215d59518d4c0cb9373cd4130b8,humaneval,body_first,16,toward,1.0,-1.556900978088379,-0.3772135078907013,False,True
3036,669dd7a9707995704189b0f7460846d16c147215d59518d4c0cb9373cd4130b8,humaneval,body_first,16,away,1.0,-1.5523252487182617,-0.3804503083229065,False,True
3036,669dd7a9707995704189b0f7460846d16c147215d59518d4c0cb9373cd4130b8,humaneval,body_first,16,random,1.0,-1.5548758506774902,-0.3751883804798126,False,True
3036,669dd7a9707995704189b0f7460846d16c147215d59518d4c0cb9373cd4130b8,humaneval,body_first,18,toward,0.5,-1.5830210447311401,-0.37208354473114014,False,True
3036,669dd7a9707995704189b0f7460846d16c147215d59518d4c0cb9373cd4130b8,humaneval,body_first,18,away,0.5,-1.571027159690857,-0.37571462988853455,False,True
3036,669dd7a9707995704189b0f7460846d16c147215d59518d4c0cb9373cd4130b8,humaneval,body_first,18,random,0.5,-1.5762438774108887,-0.3731188476085663,False,True
3036,669dd7a9707995704189b0f7460846d16c147215d59518d4c0cb9373cd4130b8,humaneval,body_first,18,toward,1.0,-1.5762659311294556,-0.37314093112945557,False,True
3036,669dd7a9707995704189b0f7460846d16c147215d59518d4c0cb9373cd4130b8,humaneval,body_first,18,away,1.0,-1.5587371587753296,-0.3790496289730072,False,True
3036,669dd7a9707995704189b0f7460846d16c147215d59518d4c0cb9373cd4130b8,humaneval,body_first,18,random,1.0,-1.5760442018508911,-0.3729192018508911,False,True
3036,669dd7a9707995704189b0f7460846d16c147215d59518d4c0cb9373cd4130b8,humaneval,body_first,20,toward,0.5,-1.584015965461731,-0.37307846546173096,False,True
3036,669dd7a9707995704189b0f7460846d16c147215d59518d4c0cb9373cd4130b8,humaneval,body_first,20,away,0.5,-1.5889878273010254,-0.3702377676963806,False,True
3036,669dd7a9707995704189b0f7460846d16c147215d59518d4c0cb9373cd4130b8,humaneval,body_first,20,random,0.5,-1.5895355939865112,-0.3707856237888336,False,True
3036,669dd7a9707995704189b0f7460846d16c147215d59518d4c0cb9373cd4130b8,humaneval,body_first,20,toward,1.0,-1.589248538017273,-0.37049853801727295,False,True
3036,669dd7a9707995704189b0f7460846d16c147215d59518d4c0cb9373cd4130b8,humaneval,body_first,20,away,1.0,-1.5836241245269775,-0.3726866543292999,False,True
3036,669dd7a9707995704189b0f7460846d16c147215d59518d4c0cb9373cd4130b8,humaneval,body_first,20,random,1.0,-1.6014039516448975,-0.36702895164489746,False,True
3036,669dd7a9707995704189b0f7460846d16c147215d59518d4c0cb9373cd4130b8,humaneval,body_first,22,toward,0.5,-1.5837924480438232,-0.37285488843917847,False,True
3036,669dd7a9707995704189b0f7460846d16c147215d59518d4c0cb9373cd4130b8,humaneval,body_first,22,away,0.5,-1.583240032196045,-0.3723025918006897,False,True
3036,669dd7a9707995704189b0f7460846d16c147215d59518d4c0cb9373cd4130b8,humaneval,body_first,22,random,0.5,-1.5830823183059692,-0.3721448481082916,False,True
3036,669dd7a9707995704189b0f7460846d16c147215d59518d4c0cb9373cd4130b8,humaneval,body_first,22,toward,1.0,-1.583863377571106,-0.37292584776878357,False,True
3036,669dd7a9707995704189b0f7460846d16c147215d59518d4c0cb9373cd4130b8,humaneval,body_first,22,away,1.0,-1.5833064317703247,-0.3723689615726471,False,True
3036,669dd7a9707995704189b0f7460846d16c147215d59518d4c0cb9373cd4130b8,humaneval,body_first,22,random,1.0,-1.5830295085906982,-0.372092068195343,False,True
3036,669dd7a9707995704189b0f7460846d16c147215d59518d4c0cb9373cd4130b8,humaneval,body_first,23,toward,0.5,-1.5832027196884155,-0.37226518988609314,False,True
3036,669dd7a9707995704189b0f7460846d16c147215d59518d4c0cb9373cd4130b8,humaneval,body_first,23,away,0.5,-1.5832027196884155,-0.37226518988609314,False,True
3036,669dd7a9707995704189b0f7460846d16c147215d59518d4c0cb9373cd4130b8,humaneval,body_first,23,random,0.5,-1.5832027196884155,-0.37226518988609314,False,True
3036,669dd7a9707995704189b0f7460846d16c147215d59518d4c0cb9373cd4130b8,humaneval,body_first,23,toward,1.0,-1.5832027196884155,-0.37226518988609314,False,True
3036,669dd7a9707995704189b0f7460846d16c147215d59518d4c0cb9373cd4130b8,humaneval,body_first,23,away,1.0,-1.5832027196884155,-0.37226518988609314,False,True
3036,669dd7a9707995704189b0f7460846d16c147215d59518d4c0cb9373cd4130b8,humaneval,body_first,23,random,1.0,-1.5832027196884155,-0.37226518988609314,False,True
3036,669dd7a9707995704189b0f7460846d16c147215d59518d4c0cb9373cd4130b8,humaneval,answer,0,toward,0.5,-1.6801245212554932,-0.3598119616508484,False,True
3036,669dd7a9707995704189b0f7460846d16c147215d59518d4c0cb9373cd4130b8,humaneval,answer,0,away,0.5,-1.5294431447982788,-0.3966306149959564,False,True
3036,669dd7a9707995704189b0f7460846d16c147215d59518d4c0cb9373cd4130b8,humaneval,answer,0,random,0.5,-1.6872920989990234,-0.3747921586036682,False,True
3036,669dd7a9707995704189b0f7460846d16c147215d59518d4c0cb9373cd4130b8,humaneval,answer,0,toward,1.0,-1.7068272829055786,-0.359171062707901,False,True
3036,669dd7a9707995704189b0f7460846d16c147215d59518d4c0cb9373cd4130b8,humaneval,answer,0,away,1.0,-1.5568089485168457,-0.4552464783191681,False,True
3036,669dd7a9707995704189b0f7460846d16c147215d59518d4c0cb9373cd4130b8,humaneval,answer,0,random,1.0,-1.9230144023895264,-0.32145190238952637,False,True
3036,669dd7a9707995704189b0f7460846d16c147215d59518d4c0cb9373cd4130b8,humaneval,answer,2,toward,0.5,-1.8404163122177124,-0.31697878241539,False,True
3036,669dd7a9707995704189b0f7460846d16c147215d59518d4c0cb9373cd4130b8,humaneval,answer,2,away,0.5,-1.5857000350952148,-0.38257497549057007,False,True
3036,669dd7a9707995704189b0f7460846d16c147215d59518d4c0cb9373cd4130b8,humaneval,answer,2,random,0.5,-1.4581305980682373,-0.4268805682659149,False,True
3036,669dd7a9707995704189b0f7460846d16c147215d59518d4c0cb9373cd4130b8,humaneval,answer,2,toward,1.0,-2.1551735401153564,-0.25746843218803406,False,True
3036,669dd7a9707995704189b0f7460846d16c147215d59518d4c0cb9373cd4130b8,humaneval,answer,2,away,1.0,-1.1118413209915161,-0.6430913209915161,False,True
3036,669dd7a9707995704189b0f7460846d16c147215d59518d4c0cb9373cd4130b8,humaneval,answer,2,random,1.0,-1.3060966730117798,-0.5209404230117798,False,True
3036,669dd7a9707995704189b0f7460846d16c147215d59518d4c0cb9373cd4130b8,humaneval,answer,4,toward,0.5,-1.8203437328338623,-0.2969062924385071,False,True
3036,669dd7a9707995704189b0f7460846d16c147215d59518d4c0cb9373cd4130b8,humaneval,answer,4,away,0.5,-1.2838826179504395,-0.5143513083457947,False,True
3036,669dd7a9707995704189b0f7460846d16c147215d59518d4c0cb9373cd4130b8,humaneval,answer,4,random,0.5,-1.290805459022522,-0.454867959022522,False,True
3036,669dd7a9707995704189b0f7460846d16c147215d59518d4c0cb9373cd4130b8,humaneval,answer,4,toward,1.0,-1.3455911874771118,-0.4705911874771118,False,True
3036,669dd7a9707995704189b0f7460846d16c147215d59518d4c0cb9373cd4130b8,humaneval,answer,4,away,1.0,-1.0440056324005127,-0.7861930727958679,False,True
3036,669dd7a9707995704189b0f7460846d16c147215d59518d4c0cb9373cd4130b8,humaneval,answer,4,random,1.0,-1.102018117904663,-0.5902993083000183,False,True
3036,669dd7a9707995704189b0f7460846d16c147215d59518d4c0cb9373cd4130b8,humaneval,answer,6,toward,0.5,-1.7308027744293213,-0.3323653042316437,False,True
3036,669dd7a9707995704189b0f7460846d16c147215d59518d4c0cb9373cd4130b8,humaneval,answer,6,away,0.5,-1.1194167137145996,-0.6194166541099548,False,True
3036,669dd7a9707995704189b0f7460846d16c147215d59518d4c0cb9373cd4130b8,humaneval,answer,6,random,0.5,-1.518131971359253,-0.42438191175460815,False,True
3036,669dd7a9707995704189b0f7460846d16c147215d59518d4c0cb9373cd4130b8,humaneval,answer,6,toward,1.0,-1.7985631227493286,-0.3766881227493286,False,True
3036,669dd7a9707995704189b0f7460846d16c147215d59518d4c0cb9373cd4130b8,humaneval,answer,6,away,1.0,-0.6753450036048889,-1.0894074440002441,True,False
3036,669dd7a9707995704189b0f7460846d16c147215d59518d4c0cb9373cd4130b8,humaneval,answer,6,random,1.0,-1.1518206596374512,-0.6049456596374512,False,True
3036,669dd7a9707995704189b0f7460846d16c147215d59518d4c0cb9373cd4130b8,humaneval,answer,8,toward,0.5,-1.4021778106689453,-0.3904590606689453,False,True
3036,669dd7a9707995704189b0f7460846d16c147215d59518d4c0cb9373cd4130b8,humaneval,answer,8,away,0.5,-1.6492372751235962,-0.5007997751235962,False,True
3036,669dd7a9707995704189b0f7460846d16c147215d59518d4c0cb9373cd4130b8,humaneval,answer,8,random,0.5,-1.304518461227417,-0.4295184016227722,False,True
3036,669dd7a9707995704189b0f7460846d16c147215d59518d4c0cb9373cd4130b8,humaneval,answer,8,toward,1.0,-1.186124563217163,-0.5220620632171631,False,True
3036,669dd7a9707995704189b0f7460846d16c147215d59518d4c0cb9373cd4130b8,humaneval,answer,8,away,1.0,-1.5427725315093994,-0.6833975911140442,False,True
3036,669dd7a9707995704189b0f7460846d16c147215d59518d4c0cb9373cd4130b8,humaneval,answer,8,random,1.0,-0.9103993773460388,-0.6916493773460388,False,True
3036,669dd7a9707995704189b0f7460846d16c147215d59518d4c0cb9373cd4130b8,humaneval,answer,10,toward,0.5,-0.6166019439697266,-1.0052738189697266,True,False
3036,669dd7a9707995704189b0f7460846d16c147215d59518d4c0cb9373cd4130b8,humaneval,answer,10,away,0.5,-1.579874873161316,-0.4236248731613159,False,True
3036,669dd7a9707995704189b0f7460846d16c147215d59518d4c0cb9373cd4130b8,humaneval,answer,10,random,0.5,-1.8362911939620972,-0.32066622376441956,False,True
3036,669dd7a9707995704189b0f7460846d16c147215d59518d4c0cb9373cd4130b8,humaneval,answer,10,toward,1.0,-0.4859284460544586,-1.4390534162521362,True,False
3036,669dd7a9707995704189b0f7460846d16c147215d59518d4c0cb9373cd4130b8,humaneval,answer,10,away,1.0,-1.5302680730819702,-0.5458930730819702,False,True
3036,669dd7a9707995704189b0f7460846d16c147215d59518d4c0cb9373cd4130b8,humaneval,answer,10,random,1.0,-2.0853660106658936,-0.3666161000728607,False,True
3036,669dd7a9707995704189b0f7460846d16c147215d59518d4c0cb9373cd4130b8,humaneval,answer,12,toward,0.5,-0.8295547366142273,-0.8510391116142273,True,False
3036,669dd7a9707995704189b0f7460846d16c147215d59518d4c0cb9373cd4130b8,humaneval,answer,12,away,0.5,-1.8217666149139404,-0.31395405530929565,False,True
3036,669dd7a9707995704189b0f7460846d16c147215d59518d4c0cb9373cd4130b8,humaneval,answer,12,random,0.5,-1.7681407928466797,-0.4204845130443573,False,True
3036,669dd7a9707995704189b0f7460846d16c147215d59518d4c0cb9373cd4130b8,humaneval,answer,12,toward,1.0,-0.6887872219085693,-2.1575372219085693,True,False
3036,669dd7a9707995704189b0f7460846d16c147215d59518d4c0cb9373cd4130b8,humaneval,answer,12,away,1.0,-1.72757887840271,-0.4385163486003876,False,True
3036,669dd7a9707995704189b0f7460846d16c147215d59518d4c0cb9373cd4130b8,humaneval,answer,12,random,1.0,-2.3893868923187256,-0.5221993327140808,False,True
3036,669dd7a9707995704189b0f7460846d16c147215d59518d4c0cb9373cd4130b8,humaneval,answer,14,toward,0.5,-1.1613223552703857,-0.5880802273750305,False,True
3036,669dd7a9707995704189b0f7460846d16c147215d59518d4c0cb9373cd4130b8,humaneval,answer,14,away,0.5,-1.8919639587402344,-0.298213928937912,False,True
3036,669dd7a9707995704189b0f7460846d16c147215d59518d4c0cb9373cd4130b8,humaneval,answer,14,random,0.5,-1.0564332008361816,-0.6931519508361816,False,True
3036,669dd7a9707995704189b0f7460846d16c147215d59518d4c0cb9373cd4130b8,humaneval,answer,14,toward,1.0,-1.0013381242752075,-1.1048537492752075,True,False
3036,669dd7a9707995704189b0f7460846d16c147215d59518d4c0cb9373cd4130b8,humaneval,answer,14,away,1.0,-1.8992462158203125,-0.3289336860179901,False,True
3036,669dd7a9707995704189b0f7460846d16c147215d59518d4c0cb9373cd4130b8,humaneval,answer,14,random,1.0,-0.8809061050415039,-1.365281105041504,True,False
3036,669dd7a9707995704189b0f7460846d16c147215d59518d4c0cb9373cd4130b8,humaneval,answer,16,toward,0.5,-0.7153255343437195,-0.9497005343437195,True,False
3036,669dd7a9707995704189b0f7460846d16c147215d59518d4c0cb9373cd4130b8,humaneval,answer,16,away,0.5,-2.3349881172180176,-0.233425572514534,False,True
3036,669dd7a9707995704189b0f7460846d16c147215d59518d4c0cb9373cd4130b8,humaneval,answer,16,random,0.5,-1.052464246749878,-0.6305893063545227,False,True
3036,669dd7a9707995704189b0f7460846d16c147215d59518d4c0cb9373cd4130b8,humaneval,answer,16,toward,1.0,-0.6172240972518921,-2.1406617164611816,True,False
3036,669dd7a9707995704189b0f7460846d16c147215d59518d4c0cb9373cd4130b8,humaneval,answer,16,away,1.0,-2.5808379650115967,-0.2409941852092743,False,True
3036,669dd7a9707995704189b0f7460846d16c147215d59518d4c0cb9373cd4130b8,humaneval,answer,16,random,1.0,-0.8786941766738892,-0.9490066766738892,True,False
3036,669dd7a9707995704189b0f7460846d16c147215d59518d4c0cb9373cd4130b8,humaneval,answer,18,toward,0.5,-1.497511625289917,-0.3881366550922394,False,True
3036,669dd7a9707995704189b0f7460846d16c147215d59518d4c0cb9373cd4130b8,humaneval,answer,18,away,0.5,-1.626870036125183,-0.4159325659275055,False,True
3036,669dd7a9707995704189b0f7460846d16c147215d59518d4c0cb9373cd4130b8,humaneval,answer,18,random,0.5,-1.5386298894882202,-0.3745674192905426,False,True
3036,669dd7a9707995704189b0f7460846d16c147215d59518d4c0cb9373cd4130b8,humaneval,answer,18,toward,1.0,-1.1590968370437622,-0.6356593370437622,False,True
3036,669dd7a9707995704189b0f7460846d16c147215d59518d4c0cb9373cd4130b8,humaneval,answer,18,away,1.0,-1.7766162157058716,-0.44067874550819397,False,True
3036,669dd7a9707995704189b0f7460846d16c147215d59518d4c0cb9373cd4130b8,humaneval,answer,18,random,1.0,-1.5141510963439941,-0.3657136559486389,False,True
3036,669dd7a9707995704189b0f7460846d16c147215d59518d4c0cb9373cd4130b8,humaneval,answer,20,toward,0.5,-1.8603458404541016,-0.28222090005874634,False,True
3036,669dd7a9707995704189b0f7460846d16c147215d59518d4c0cb9373cd4130b8,humaneval,answer,20,away,0.5,-1.3270325660705566,-0.4930482506752014,False,True
3036,669dd7a9707995704189b0f7460846d16c147215d59518d4c0cb9373cd4130b8,humaneval,answer,20,random,0.5,-1.4324833154678345,-0.4012332856655121,False,True
3036,669dd7a9707995704189b0f7460846d16c147215d59518d4c0cb9373cd4130b8,humaneval,answer,20,toward,1.0,-1.8129421472549438,-0.29731714725494385,False,True
3036,669dd7a9707995704189b0f7460846d16c147215d59518d4c0cb9373cd4130b8,humaneval,answer,20,away,1.0,-1.1951849460601807,-0.6561223864555359,False,True
3036,669dd7a9707995704189b0f7460846d16c147215d59518d4c0cb9373cd4130b8,humaneval,answer,20,random,1.0,-1.2045164108276367,-0.4896727204322815,False,True
3036,669dd7a9707995704189b0f7460846d16c147215d59518d4c0cb9373cd4130b8,humaneval,answer,22,toward,0.5,-2.0094311237335205,-0.21255618333816528,False,True
3036,669dd7a9707995704189b0f7460846d16c147215d59518d4c0cb9373cd4130b8,humaneval,answer,22,away,0.5,-1.344024896621704,-0.6252748370170593,False,True
3036,669dd7a9707995704189b0f7460846d16c147215d59518d4c0cb9373cd4130b8,humaneval,answer,22,random,0.5,-1.885169267654419,-0.28360676765441895,False,True
3036,669dd7a9707995704189b0f7460846d16c147215d59518d4c0cb9373cd4130b8,humaneval,answer,22,toward,1.0,-2.3800504207611084,-0.13005046546459198,False,True
3036,669dd7a9707995704189b0f7460846d16c147215d59518d4c0cb9373cd4130b8,humaneval,answer,22,away,1.0,-1.4986262321472168,-1.2486262321472168,False,False
3036,669dd7a9707995704189b0f7460846d16c147215d59518d4c0cb9373cd4130b8,humaneval,answer,22,random,1.0,-2.1140081882476807,-0.22338317334651947,False,True
3036,669dd7a9707995704189b0f7460846d16c147215d59518d4c0cb9373cd4130b8,humaneval,answer,23,toward,0.5,-1.8416444063186646,-0.21664445102214813,False,True
3036,669dd7a9707995704189b0f7460846d16c147215d59518d4c0cb9373cd4130b8,humaneval,answer,23,away,0.5,-1.625264286994934,-0.8947955369949341,False,True
3036,669dd7a9707995704189b0f7460846d16c147215d59518d4c0cb9373cd4130b8,humaneval,answer,23,random,0.5,-1.2820701599121094,-0.9617576599121094,False,True
3036,669dd7a9707995704189b0f7460846d16c147215d59518d4c0cb9373cd4130b8,humaneval,answer,23,toward,1.0,-1.883424162864685,-0.22717413306236267,False,True
3036,669dd7a9707995704189b0f7460846d16c147215d59518d4c0cb9373cd4130b8,humaneval,answer,23,away,1.0,-2.5848777294158936,-2.1942527294158936,False,True
3036,669dd7a9707995704189b0f7460846d16c147215d59518d4c0cb9373cd4130b8,humaneval,answer,23,random,1.0,-3.052948474884033,-3.396698474884033,False,False
3037,669dd7a9707995704189b0f7460846d16c147215d59518d4c0cb9373cd4130b8,humaneval,baseline,-1,none,0.0,-1.3243827819824219,-0.4806327819824219,False,True
3037,669dd7a9707995704189b0f7460846d16c147215d59518d4c0cb9373cd4130b8,humaneval,if,0,toward,0.5,-1.2404412031173706,-0.5216912031173706,False,True
3037,669dd7a9707995704189b0f7460846d16c147215d59518d4c0cb9373cd4130b8,humaneval,if,0,away,0.5,-1.372216820716858,-0.4815918505191803,False,True
3037,669dd7a9707995704189b0f7460846d16c147215d59518d4c0cb9373cd4130b8,humaneval,if,0,random,0.5,-1.3471013307571411,-0.4721013307571411,False,True
3037,669dd7a9707995704189b0f7460846d16c147215d59518d4c0cb9373cd4130b8,humaneval,if,0,toward,1.0,-0.8326140642166138,-0.8794890642166138,True,False
3037,669dd7a9707995704189b0f7460846d16c147215d59518d4c0cb9373cd4130b8,humaneval,if,0,away,1.0,-0.991858720779419,-0.773108720779419,False,True
3037,669dd7a9707995704189b0f7460846d16c147215d59518d4c0cb9373cd4130b8,humaneval,if,0,random,1.0,-1.0934913158416748,-0.6638038754463196,False,True
3037,669dd7a9707995704189b0f7460846d16c147215d59518d4c0cb9373cd4130b8,humaneval,if,2,toward,0.5,-1.4007508754730225,-0.4476258456707001,False,True
3037,669dd7a9707995704189b0f7460846d16c147215d59518d4c0cb9373cd4130b8,humaneval,if,2,away,0.5,-1.2178213596343994,-0.5303213596343994,False,True
3037,669dd7a9707995704189b0f7460846d16c147215d59518d4c0cb9373cd4130b8,humaneval,if,2,random,0.5,-1.3230658769607544,-0.479315847158432,False,True
3037,669dd7a9707995704189b0f7460846d16c147215d59518d4c0cb9373cd4130b8,humaneval,if,2,toward,1.0,-1.2221333980560303,-0.5736958384513855,False,True
3037,669dd7a9707995704189b0f7460846d16c147215d59518d4c0cb9373cd4130b8,humaneval,if,2,away,1.0,-1.186497688293457,-0.530247688293457,False,True
3037,669dd7a9707995704189b0f7460846d16c147215d59518d4c0cb9373cd4130b8,humaneval,if,2,random,1.0,-1.1312083005905151,-0.5843333005905151,False,True
3037,669dd7a9707995704189b0f7460846d16c147215d59518d4c0cb9373cd4130b8,humaneval,if,4,toward,0.5,-1.1994054317474365,-0.5509679913520813,False,True
3037,669dd7a9707995704189b0f7460846d16c147215d59518d4c0cb9373cd4130b8,humaneval,if,4,away,0.5,-1.2941343784332275,-0.4972594380378723,False,True
3037,669dd7a9707995704189b0f7460846d16c147215d59518d4c0cb9373cd4130b8,humaneval,if,4,random,0.5,-1.2898285388946533,-0.49295347929000854,False,True
3037,669dd7a9707995704189b0f7460846d16c147215d59518d4c0cb9373cd4130b8,humaneval,if,4,toward,1.0,-0.7691398859024048,-0.9019523859024048,True,False
3037,669dd7a9707995704189b0f7460846d16c147215d59518d4c0cb9373cd4130b8,humaneval,if,4,away,1.0,-1.1019001007080078,-0.6019001603126526,False,True
3037,669dd7a9707995704189b0f7460846d16c147215d59518d4c0cb9373cd4130b8,humaneval,if,4,random,1.0,-1.264351725578308,-0.4831017255783081,False,True
3037,669dd7a9707995704189b0f7460846d16c147215d59518d4c0cb9373cd4130b8,humaneval,if,6,toward,0.5,-1.2376803159713745,-0.5189303159713745,False,True
3037,669dd7a9707995704189b0f7460846d16c147215d59518d4c0cb9373cd4130b8,humaneval,if,6,away,0.5,-1.3940412998199463,-0.4409162700176239,False,True
3037,669dd7a9707995704189b0f7460846d16c147215d59518d4c0cb9373cd4130b8,humaneval,if,6,random,0.5,-1.278320074081421,-0.5048825740814209,False,True
3037,669dd7a9707995704189b0f7460846d16c147215d59518d4c0cb9373cd4130b8,humaneval,if,6,toward,1.0,-1.1352946758270264,-0.5571696758270264,False,True
3037,669dd7a9707995704189b0f7460846d16c147215d59518d4c0cb9373cd4130b8,humaneval,if,6,away,1.0,-1.2365598678588867,-0.5021848678588867,False,True
3037,669dd7a9707995704189b0f7460846d16c147215d59518d4c0cb9373cd4130b8,humaneval,if,6,random,1.0,-1.2943323850631714,-0.497457355260849,False,True
3037,669dd7a9707995704189b0f7460846d16c147215d59518d4c0cb9373cd4130b8,humaneval,if,8,toward,0.5,-1.310490369796753,-0.4823654294013977,False,True
3037,669dd7a9707995704189b0f7460846d16c147215d59518d4c0cb9373cd4130b8,humaneval,if,8,away,0.5,-1.328167200088501,-0.48441725969314575,False,True
3037,669dd7a9707995704189b0f7460846d16c147215d59518d4c0cb9373cd4130b8,humaneval,if,8,random,0.5,-1.321347951889038,-0.4775979518890381,False,True
3037,669dd7a9707995704189b0f7460846d16c147215d59518d4c0cb9373cd4130b8,humaneval,if,8,toward,1.0,-1.2976136207580566,-0.48511365056037903,False,True
3037,669dd7a9707995704189b0f7460846d16c147215d59518d4c0cb9373cd4130b8,humaneval,if,8,away,1.0,-1.2983953952789307,-0.5015203952789307,False,True
3037,669dd7a9707995704189b0f7460846d16c147215d59518d4c0cb9373cd4130b8,humaneval,if,8,random,1.0,-1.293601393699646,-0.481101393699646,False,True
3037,669dd7a9707995704189b0f7460846d16c147215d59518d4c0cb9373cd4130b8,humaneval,if,10,toward,0.5,-1.3431756496429443,-0.4681757092475891,False,True
3037,669dd7a9707995704189b0f7460846d16c147215d59518d4c0cb9373cd4130b8,humaneval,if,10,away,0.5,-1.2840203046798706,-0.5027703046798706,False,True
3037,669dd7a9707995704189b0f7460846d16c147215d59518d4c0cb9373cd4130b8,humaneval,if,10,random,0.5,-1.34637451171875,-0.4713744521141052,False,True
3037,669dd7a9707995704189b0f7460846d16c147215d59518d4c0cb9373cd4130b8,humaneval,if,10,toward,1.0,-1.364967942237854,-0.4587179124355316,False,True
3037,669dd7a9707995704189b0f7460846d16c147215d59518d4c0cb9373cd4130b8,humaneval,if,10,away,1.0,-1.112982153892517,-0.5973571538925171,False,True
3037,669dd7a9707995704189b0f7460846d16c147215d59518d4c0cb9373cd4130b8,humaneval,if,10,random,1.0,-1.3587568998336792,-0.4681318700313568,False,True
3037,669dd7a9707995704189b0f7460846d16c147215d59518d4c0cb9373cd4130b8,humaneval,if,12,toward,0.5,-1.3460822105407715,-0.47108227014541626,False,True
3037,669dd7a9707995704189b0f7460846d16c147215d59518d4c0cb9373cd4130b8,humaneval,if,12,away,0.5,-1.2832038402557373,-0.5019538998603821,False,True
3037,669dd7a9707995704189b0f7460846d16c147215d59518d4c0cb9373cd4130b8,humaneval,if,12,random,0.5,-1.3032164573669434,-0.4907163977622986,False,True
3037,669dd7a9707995704189b0f7460846d16c147215d59518d4c0cb9373cd4130b8,humaneval,if,12,toward,1.0,-1.3566956520080566,-0.4660707116127014,False,True
3037,669dd7a9707995704189b0f7460846d16c147215d59518d4c0cb9373cd4130b8,humaneval,if,12,away,1.0,-1.2242472171783447,-0.5367472767829895,False,True
3037,669dd7a9707995704189b0f7460846d16c147215d59518d4c0cb9373cd4130b8,humaneval,if,12,random,1.0,-1.272639274597168,-0.507014274597168,False,True
3037,669dd7a9707995704189b0f7460846d16c147215d59518d4c0cb9373cd4130b8,humaneval,if,14,toward,0.5,-1.331864833831787,-0.4724898636341095,False,True
3037,669dd7a9707995704189b0f7460846d16c147215d59518d4c0cb9373cd4130b8,humaneval,if,14,away,0.5,-1.3167037963867188,-0.48857876658439636,False,True
3037,669dd7a9707995704189b0f7460846d16c147215d59518d4c0cb9373cd4130b8,humaneval,if,14,random,0.5,-1.3337757587432861,-0.47440069913864136,False,True
3037,669dd7a9707995704189b0f7460846d16c147215d59518d4c0cb9373cd4130b8,humaneval,if,14,toward,1.0,-1.3183317184448242,-0.47458165884017944,False,True
3037,669dd7a9707995704189b0f7460846d16c147215d59518d4c0cb9373cd4130b8,humaneval,if,14,away,1.0,-1.2570216655731201,-0.5226466059684753,False,True
3037,669dd7a9707995704189b0f7460846d16c147215d59518d4c0cb9373cd4130b8,humaneval,if,14,random,1.0,-1.3220930099487305,-0.47834300994873047,False,True
3037,669dd7a9707995704189b0f7460846d16c147215d59518d4c0cb9373cd4130b8,humaneval,if,16,toward,0.5,-1.3120462894439697,-0.48392125964164734,False,True
3037,669dd7a9707995704189b0f7460846d16c147215d59518d4c0cb9373cd4130b8,humaneval,if,16,away,0.5,-1.3377416133880615,-0.4783666431903839,False,True
3037,669dd7a9707995704189b0f7460846d16c147215d59518d4c0cb9373cd4130b8,humaneval,if,16,random,0.5,-1.3410531282424927,-0.4738656282424927,False,True
3037,669dd7a9707995704189b0f7460846d16c147215d59518d4c0cb9373cd4130b8,humaneval,if,16,toward,1.0,-1.3092806339263916,-0.4811556339263916,False,True
3037,669dd7a9707995704189b0f7460846d16c147215d59518d4c0cb9373cd4130b8,humaneval,if,16,away,1.0,-1.3429410457611084,-0.483566015958786,False,True
3037,669dd7a9707995704189b0f7460846d16c147215d59518d4c0cb9373cd4130b8,humaneval,if,16,random,1.0,-1.346482753753662,-0.4714828133583069,False,True
3037,669dd7a9707995704189b0f7460846d16c147215d59518d4c0cb9373cd4130b8,humaneval,if,18,toward,0.5,-1.323679804801941,-0.4799298048019409,False,True
3037,669dd7a9707995704189b0f7460846d16c147215d59518d4c0cb9373cd4130b8,humaneval,if,18,away,0.5,-1.3369876146316528,-0.47761258482933044,False,True
3037,669dd7a9707995704189b0f7460846d16c147215d59518d4c0cb9373cd4130b8,humaneval,if,18,random,0.5,-1.323567271232605,-0.47981730103492737,False,True
3037,669dd7a9707995704189b0f7460846d16c147215d59518d4c0cb9373cd4130b8,humaneval,if,18,toward,1.0,-1.311042070388794,-0.48291707038879395,False,True
3037,669dd7a9707995704189b0f7460846d16c147215d59518d4c0cb9373cd4130b8,humaneval,if,18,away,1.0,-1.3279314041137695,-0.48418134450912476,False,True
3037,669dd7a9707995704189b0f7460846d16c147215d59518d4c0cb9373cd4130b8,humaneval,if,18,random,1.0,-1.3211627006530762,-0.4774126410484314,False,True
3037,669dd7a9707995704189b0f7460846d16c147215d59518d4c0cb9373cd4130b8,humaneval,if,20,toward,0.5,-1.3348814249038696,-0.475506454706192,False,True
3037,669dd7a9707995704189b0f7460846d16c147215d59518d4c0cb9373cd4130b8,humaneval,if,20,away,0.5,-1.3346776962280273,-0.4753027558326721,False,True
3037,669dd7a9707995704189b0f7460846d16c147215d59518d4c0cb9373cd4130b8,humaneval,if,20,random,0.5,-1.334685206413269,-0.47531020641326904,False,True
3037,669dd7a9707995704189b0f7460846d16c147215d59518d4c0cb9373cd4130b8,humaneval,if,20,toward,1.0,-1.32388436794281,-0.48013433814048767,False,True
3037,669dd7a9707995704189b0f7460846d16c147215d59518d4c0cb9373cd4130b8,humaneval,if,20,away,1.0,-1.3339674472808838,-0.47459250688552856,False,True
3037,669dd7a9707995704189b0f7460846d16c147215d59518d4c0cb9373cd4130b8,humaneval,if,20,random,1.0,-1.3229976892471313,-0.47924771904945374,False,True
3037,669dd7a9707995704189b0f7460846d16c147215d59518d4c0cb9373cd4130b8,humaneval,if,22,toward,0.5,-1.3244575262069702,-0.4807075262069702,False,True
3037,669dd7a9707995704189b0f7460846d16c147215d59518d4c0cb9373cd4130b8,humaneval,if,22,away,0.5,-1.3297724723815918,-0.4782100021839142,False,True
3037,669dd7a9707995704189b0f7460846d16c147215d59518d4c0cb9373cd4130b8,humaneval,if,22,random,0.5,-1.3239140510559082,-0.4801639914512634,False,True
3037,669dd7a9707995704189b0f7460846d16c147215d59518d4c0cb9373cd4130b8,humaneval,if,22,toward,1.0,-1.3231632709503174,-0.47941333055496216,False,True
3037,669dd7a9707995704189b0f7460846d16c147215d59518d4c0cb9373cd4130b8,humaneval,if,22,away,1.0,-1.3353474140167236,-0.47597241401672363,False,True
3037,669dd7a9707995704189b0f7460846d16c147215d59518d4c0cb9373cd4130b8,humaneval,if,22,random,1.0,-1.3241755962371826,-0.480425626039505,False,True
3037,669dd7a9707995704189b0f7460846d16c147215d59518d4c0cb9373cd4130b8,humaneval,if,23,toward,0.5,-1.3243827819824219,-0.4806327819824219,False,True
3037,669dd7a9707995704189b0f7460846d16c147215d59518d4c0cb9373cd4130b8,humaneval,if,23,away,0.5,-1.3243827819824219,-0.4806327819824219,False,True
3037,669dd7a9707995704189b0f7460846d16c147215d59518d4c0cb9373cd4130b8,humaneval,if,23,random,0.5,-1.3243827819824219,-0.4806327819824219,False,True
3037,669dd7a9707995704189b0f7460846d16c147215d59518d4c0cb9373cd4130b8,humaneval,if,23,toward,1.0,-1.3243827819824219,-0.4806327819824219,False,True
3037,669dd7a9707995704189b0f7460846d16c147215d59518d4c0cb9373cd4130b8,humaneval,if,23,away,1.0,-1.3243827819824219,-0.4806327819824219,False,True
3037,669dd7a9707995704189b0f7460846d16c147215d59518d4c0cb9373cd4130b8,humaneval,if,23,random,1.0,-1.3243827819824219,-0.4806327819824219,False,True
3037,669dd7a9707995704189b0f7460846d16c147215d59518d4c0cb9373cd4130b8,humaneval,body_first,0,toward,0.5,-1.2348055839538574,-0.5316806435585022,False,True
3037,669dd7a9707995704189b0f7460846d16c147215d59518d4c0cb9373cd4130b8,humaneval,body_first,0,away,0.5,-1.3489034175872803,-0.47390347719192505,False,True
3037,669dd7a9707995704189b0f7460846d16c147215d59518d4c0cb9373cd4130b8,humaneval,body_first,0,random,0.5,-1.2450941801071167,-0.5263441801071167,False,True
3037,669dd7a9707995704189b0f7460846d16c147215d59518d4c0cb9373cd4130b8,humaneval,body_first,0,toward,1.0,-1.1080608367919922,-0.6236857771873474,False,True
3037,669dd7a9707995704189b0f7460846d16c147215d59518d4c0cb9373cd4130b8,humaneval,body_first,0,away,1.0,-1.3047387599945068,-0.5078637599945068,False,True
3037,669dd7a9707995704189b0f7460846d16c147215d59518d4c0cb9373cd4130b8,humaneval,body_first,0,random,1.0,-1.147934079170227,-0.593246579170227,False,True
3037,669dd7a9707995704189b0f7460846d16c147215d59518d4c0cb9373cd4130b8,humaneval,body_first,2,toward,0.5,-1.3288328647613525,-0.4850828945636749,False,True
3037,669dd7a9707995704189b0f7460846d16c147215d59518d4c0cb9373cd4130b8,humaneval,body_first,2,away,0.5,-1.3030256032943726,-0.49052560329437256,False,True
3037,669dd7a9707995704189b0f7460846d16c147215d59518d4c0cb9373cd4130b8,humaneval,body_first,2,random,0.5,-1.2798815965652466,-0.49863162636756897,False,True
3037,669dd7a9707995704189b0f7460846d16c147215d59518d4c0cb9373cd4130b8,humaneval,body_first,2,toward,1.0,-1.2951314449310303,-0.49825650453567505,False,True
3037,669dd7a9707995704189b0f7460846d16c147215d59518d4c0cb9373cd4130b8,humaneval,body_first,2,away,1.0,-1.2905385494232178,-0.49366360902786255,False,True
3037,669dd7a9707995704189b0f7460846d16c147215d59518d4c0cb9373cd4130b8,humaneval,body_first,2,random,1.0,-1.2344870567321777,-0.515736997127533,False,True
3037,669dd7a9707995704189b0f7460846d16c147215d59518d4c0cb9373cd4130b8,humaneval,body_first,4,toward,0.5,-1.332956075668335,-0.47358113527297974,False,True
3037,669dd7a9707995704189b0f7460846d16c147215d59518d4c0cb9373cd4130b8,humaneval,body_first,4,away,0.5,-1.3369841575622559,-0.47760918736457825,False,True
3037,669dd7a9707995704189b0f7460846d16c147215d59518d4c0cb9373cd4130b8,humaneval,body_first,4,random,0.5,-1.3236730098724365,-0.4799230694770813,False,True
3037,669dd7a9707995704189b0f7460846d16c147215d59518d4c0cb9373cd4130b8,humaneval,body_first,4,toward,1.0,-1.3088881969451904,-0.48076313734054565,False,True
3037,669dd7a9707995704189b0f7460846d16c147215d59518d4c0cb9373cd4130b8,humaneval,body_first,4,away,1.0,-1.3064849376678467,-0.49398499727249146,False,True
3037,669dd7a9707995704189b0f7460846d16c147215d59518d4c0cb9373cd4130b8,humaneval,body_first,4,random,1.0,-1.309118390083313,-0.4809933602809906,False,True
3037,669dd7a9707995704189b0f7460846d16c147215d59518d4c0cb9373cd4130b8,humaneval,body_first,6,toward,0.5,-1.3107366561889648,-0.48261165618896484,False,True
3037,669dd7a9707995704189b0f7460846d16c147215d59518d4c0cb9373cd4130b8,humaneval,body_first,6,away,0.5,-1.3267271518707275,-0.4829772114753723,False,True
3037,669dd7a9707995704189b0f7460846d16c147215d59518d4c0cb9373cd4130b8,humaneval,body_first,6,random,0.5,-1.3367936611175537,-0.4774186909198761,False,True
3037,669dd7a9707995704189b0f7460846d16c147215d59518d4c0cb9373cd4130b8,humaneval,body_first,6,toward,1.0,-1.2880018949508667,-0.4911268949508667,False,True
3037,669dd7a9707995704189b0f7460846d16c147215d59518d4c0cb9373cd4130b8,humaneval,body_first,6,away,1.0,-1.2698259353637695,-0.5042009353637695,False,True
3037,669dd7a9707995704189b0f7460846d16c147215d59518d4c0cb9373cd4130b8,humaneval,body_first,6,random,1.0,-1.321520447731018,-0.47777044773101807,False,True
3037,669dd7a9707995704189b0f7460846d16c147215d59518d4c0cb9373cd4130b8,humaneval,body_first,8,toward,0.5,-1.3230640888214111,-0.47931408882141113,False,True
3037,669dd7a9707995704189b0f7460846d16c147215d59518d4c0cb9373cd4130b8,humaneval,body_first,8,away,0.5,-1.3445980548858643,-0.46959802508354187,False,True
3037,669dd7a9707995704189b0f7460846d16c147215d59518d4c0cb9373cd4130b8,humaneval,body_first,8,random,0.5,-1.3246796131134033,-0.4809296727180481,False,True
3037,669dd7a9707995704189b0f7460846d16c147215d59518d4c0cb9373cd4130b8,humaneval,body_first,8,toward,1.0,-1.3188725709915161,-0.4751225709915161,False,True
3037,669dd7a9707995704189b0f7460846d16c147215d59518d4c0cb9373cd4130b8,humaneval,body_first,8,away,1.0,-1.3195587396621704,-0.4758087396621704,False,True
3037,669dd7a9707995704189b0f7460846d16c147215d59518d4c0cb9373cd4130b8,humaneval,body_first,8,random,1.0,-1.3114013671875,-0.4832763671875,False,True
3037,669dd7a9707995704189b0f7460846d16c147215d59518d4c0cb9373cd4130b8,humaneval,body_first,10,toward,0.5,-1.3299674987792969,-0.47840505838394165,False,True
3037,669dd7a9707995704189b0f7460846d16c147215d59518d4c0cb9373cd4130b8,humaneval,body_first,10,away,0.5,-1.322515845298767,-0.4787658452987671,False,True
3037,669dd7a9707995704189b0f7460846d16c147215d59518d4c0cb9373cd4130b8,humaneval,body_first,10,random,0.5,-1.3217331171035767,-0.47798311710357666,False,True
3037,669dd7a9707995704189b0f7460846d16c147215d59518d4c0cb9373cd4130b8,humaneval,body_first,10,toward,1.0,-1.3314801454544067,-0.4721051752567291,False,True
3037,669dd7a9707995704189b0f7460846d16c147215d59518d4c0cb9373cd4130b8,humaneval,body_first,10,away,1.0,-1.3000361919403076,-0.4875361919403076,False,True
3037,669dd7a9707995704189b0f7460846d16c147215d59518d4c0cb9373cd4130b8,humaneval,body_first,10,random,1.0,-1.307889699935913,-0.4797646999359131,False,True
3037,669dd7a9707995704189b0f7460846d16c147215d59518d4c0cb9373cd4130b8,humaneval,body_first,12,toward,0.5,-1.3448081016540527,-0.46980804204940796,False,True
3037,669dd7a9707995704189b0f7460846d16c147215d59518d4c0cb9373cd4130b8,humaneval,body_first,12,away,0.5,-1.2774357795715332,-0.4961857497692108,False,True
3037,669dd7a9707995704189b0f7460846d16c147215d59518d4c0cb9373cd4130b8,humaneval,body_first,12,random,0.5,-1.2978930473327637,-0.48539307713508606,False,True
3037,669dd7a9707995704189b0f7460846d16c147215d59518d4c0cb9373cd4130b8,humaneval,body_first,12,toward,1.0,-1.3327878713607788,-0.4734128713607788,False,True
3037,669dd7a9707995704189b0f7460846d16c147215d59518d4c0cb9373cd4130b8,humaneval,body_first,12,away,1.0,-1.220994472503662,-0.5178694128990173,False,True
3037,669dd7a9707995704189b0f7460846d16c147215d59518d4c0cb9373cd4130b8,humaneval,body_first,12,random,1.0,-1.2733919620513916,-0.4921420216560364,False,True
3037,669dd7a9707995704189b0f7460846d16c147215d59518d4c0cb9373cd4130b8,humaneval,body_first,14,toward,0.5,-1.335477590560913,-0.4761025905609131,False,True
3037,669dd7a9707995704189b0f7460846d16c147215d59518d4c0cb9373cd4130b8,humaneval,body_first,14,away,0.5,-1.2783751487731934,-0.49712514877319336,False,True
3037,669dd7a9707995704189b0f7460846d16c147215d59518d4c0cb9373cd4130b8,humaneval,body_first,14,random,0.5,-1.3238160610198975,-0.48006612062454224,False,True
3037,669dd7a9707995704189b0f7460846d16c147215d59518d4c0cb9373cd4130b8,humaneval,body_first,14,toward,1.0,-1.3132280111312866,-0.4851030111312866,False,True
3037,669dd7a9707995704189b0f7460846d16c147215d59518d4c0cb9373cd4130b8,humaneval,body_first,14,away,1.0,-1.2337901592254639,-0.5150401592254639,False,True
3037,669dd7a9707995704189b0f7460846d16c147215d59518d4c0cb9373cd4130b8,humaneval,body_first,14,random,1.0,-1.3005406856536865,-0.48804062604904175,False,True
3037,669dd7a9707995704189b0f7460846d16c147215d59518d4c0cb9373cd4130b8,humaneval,body_first,16,toward,0.5,-1.322991132736206,-0.4792410731315613,False,True
3037,669dd7a9707995704189b0f7460846d16c147215d59518d4c0cb9373cd4130b8,humaneval,body_first,16,away,0.5,-1.3022732734680176,-0.4897732138633728,False,True
3037,669dd7a9707995704189b0f7460846d16c147215d59518d4c0cb9373cd4130b8,humaneval,body_first,16,random,0.5,-1.3228509426116943,-0.47910088300704956,False,True
3037,669dd7a9707995704189b0f7460846d16c147215d59518d4c0cb9373cd4130b8,humaneval,body_first,16,toward,1.0,-1.299700379371643,-0.48720040917396545,False,True
3037,669dd7a9707995704189b0f7460846d16c147215d59518d4c0cb9373cd4130b8,humaneval,body_first,16,away,1.0,-1.290956735610962,-0.4940817356109619,False,True
3037,669dd7a9707995704189b0f7460846d16c147215d59518d4c0cb9373cd4130b8,humaneval,body_first,16,random,1.0,-1.320924162864685,-0.47717416286468506,False,True
3037,669dd7a9707995704189b0f7460846d16c147215d59518d4c0cb9373cd4130b8,humaneval,body_first,18,toward,0.5,-1.3241989612579346,-0.4804489314556122,False,True
3037,669dd7a9707995704189b0f7460846d16c147215d59518d4c0cb9373cd4130b8,humaneval,body_first,18,away,0.5,-1.3121873140335083,-0.4840623140335083,False,True
3037,669dd7a9707995704189b0f7460846d16c147215d59518d4c0cb9373cd4130b8,humaneval,body_first,18,random,0.5,-1.3228609561920166,-0.479110985994339,False,True
3037,669dd7a9707995704189b0f7460846d16c147215d59518d4c0cb9373cd4130b8,humaneval,body_first,18,toward,1.0,-1.323944091796875,-0.4801941514015198,False,True
3037,669dd7a9707995704189b0f7460846d16c147215d59518d4c0cb9373cd4130b8,humaneval,body_first,18,away,1.0,-1.3008201122283936,-0.48832011222839355,False,True
3037,669dd7a9707995704189b0f7460846d16c147215d59518d4c0cb9373cd4130b8,humaneval,body_first,18,random,1.0,-1.3107151985168457,-0.4825901687145233,False,True
3037,669dd7a9707995704189b0f7460846d16c147215d59518d4c0cb9373cd4130b8,humaneval,body_first,20,toward,0.5,-1.3348755836486816,-0.47550058364868164,False,True
3037,669dd7a9707995704189b0f7460846d16c147215d59518d4c0cb9373cd4130b8,humaneval,body_first,20,away,0.5,-1.3245716094970703,-0.4808216691017151,False,True
3037,669dd7a9707995704189b0f7460846d16c147215d59518d4c0cb9373cd4130b8,humaneval,body_first,20,random,0.5,-1.3348822593688965,-0.4755071997642517,False,True
3037,669dd7a9707995704189b0f7460846d16c147215d59518d4c0cb9373cd4130b8,humaneval,body_first,20,toward,1.0,-1.346077799797058,-0.4710777997970581,False,True
3037,669dd7a9707995704189b0f7460846d16c147215d59518d4c0cb9373cd4130b8,humaneval,body_first,20,away,1.0,-1.3356107473373413,-0.4762357473373413,False,True
3037,669dd7a9707995704189b0f7460846d16c147215d59518d4c0cb9373cd4130b8,humaneval,body_first,20,random,1.0,-1.323495864868164,-0.4797458052635193,False,True
3037,669dd7a9707995704189b0f7460846d16c147215d59518d4c0cb9373cd4130b8,humaneval,body_first,22,toward,0.5,-1.335744857788086,-0.4763699173927307,False,True
3037,669dd7a9707995704189b0f7460846d16c147215d59518d4c0cb9373cd4130b8,humaneval,body_first,22,away,0.5,-1.3245879411697388,-0.48083794116973877,False,True
3037,669dd7a9707995704189b0f7460846d16c147215d59518d4c0cb9373cd4130b8,humaneval,body_first,22,random,0.5,-1.3348755836486816,-0.47550052404403687,False,True
3037,669dd7a9707995704189b0f7460846d16c147215d59518d4c0cb9373cd4130b8,humaneval,body_first,22,toward,1.0,-1.3252460956573486,-0.48149609565734863,False,True
3037,669dd7a9707995704189b0f7460846d16c147215d59518d4c0cb9373cd4130b8,humaneval,body_first,22,away,1.0,-1.3349361419677734,-0.4755612015724182,False,True
3037,669dd7a9707995704189b0f7460846d16c147215d59518d4c0cb9373cd4130b8,humaneval,body_first,22,random,1.0,-1.3351123332977295,-0.4757373034954071,False,True
3037,669dd7a9707995704189b0f7460846d16c147215d59518d4c0cb9373cd4130b8,humaneval,body_first,23,toward,0.5,-1.3243827819824219,-0.4806327819824219,False,True
3037,669dd7a9707995704189b0f7460846d16c147215d59518d4c0cb9373cd4130b8,humaneval,body_first,23,away,0.5,-1.3243827819824219,-0.4806327819824219,False,True
3037,669dd7a9707995704189b0f7460846d16c147215d59518d4c0cb9373cd4130b8,humaneval,body_first,23,random,0.5,-1.3243827819824219,-0.4806327819824219,False,True
3037,669dd7a9707995704189b0f7460846d16c147215d59518d4c0cb9373cd4130b8,humaneval,body_first,23,toward,1.0,-1.3243827819824219,-0.4806327819824219,False,True
3037,669dd7a9707995704189b0f7460846d16c147215d59518d4c0cb9373cd4130b8,humaneval,body_first,23,away,1.0,-1.3243827819824219,-0.4806327819824219,False,True
3037,669dd7a9707995704189b0f7460846d16c147215d59518d4c0cb9373cd4130b8,humaneval,body_first,23,random,1.0,-1.3243827819824219,-0.4806327819824219,False,True
3037,669dd7a9707995704189b0f7460846d16c147215d59518d4c0cb9373cd4130b8,humaneval,answer,0,toward,0.5,-1.3588569164276123,-0.4838568866252899,False,True
3037,669dd7a9707995704189b0f7460846d16c147215d59518d4c0cb9373cd4130b8,humaneval,answer,0,away,0.5,-1.3225531578063965,-0.49442818760871887,False,True
3037,669dd7a9707995704189b0f7460846d16c147215d59518d4c0cb9373cd4130b8,humaneval,answer,0,random,0.5,-1.391776204109192,-0.4542762041091919,False,True
3037,669dd7a9707995704189b0f7460846d16c147215d59518d4c0cb9373cd4130b8,humaneval,answer,0,toward,1.0,-1.4089473485946655,-0.4636348485946655,False,True
3037,669dd7a9707995704189b0f7460846d16c147215d59518d4c0cb9373cd4130b8,humaneval,answer,0,away,1.0,-1.3651713132858276,-0.5682963132858276,False,True
3037,669dd7a9707995704189b0f7460846d16c147215d59518d4c0cb9373cd4130b8,humaneval,answer,0,random,1.0,-1.3617377281188965,-0.45548778772354126,False,True
3037,669dd7a9707995704189b0f7460846d16c147215d59518d4c0cb9373cd4130b8,humaneval,answer,2,toward,0.5,-1.5511913299560547,-0.4105663001537323,False,True
3037,669dd7a9707995704189b0f7460846d16c147215d59518d4c0cb9373cd4130b8,humaneval,answer,2,away,0.5,-1.3334847688674927,-0.48973479866981506,False,True
3037,669dd7a9707995704189b0f7460846d16c147215d59518d4c0cb9373cd4130b8,humaneval,answer,2,random,0.5,-1.3281970024108887,-0.4610094428062439,False,True
3037,669dd7a9707995704189b0f7460846d16c147215d59518d4c0cb9373cd4130b8,humaneval,answer,2,toward,1.0,-1.8863089084625244,-0.3179495334625244,False,True
3037,669dd7a9707995704189b0f7460846d16c147215d59518d4c0cb9373cd4130b8,humaneval,answer,2,away,1.0,-0.9150238037109375,-0.8056488037109375,False,True
3037,669dd7a9707995704189b0f7460846d16c147215d59518d4c0cb9373cd4130b8,humaneval,answer,2,random,1.0,-1.0657739639282227,-0.6048364043235779,False,True
3037,669dd7a9707995704189b0f7460846d16c147215d59518d4c0cb9373cd4130b8,humaneval,answer,4,toward,0.5,-1.5075067281723022,-0.39813169836997986,False,True
3037,669dd7a9707995704189b0f7460846d16c147215d59518d4c0cb9373cd4130b8,humaneval,answer,4,away,0.5,-1.068042516708374,-0.6461675763130188,False,True
3037,669dd7a9707995704189b0f7460846d16c147215d59518d4c0cb9373cd4130b8,humaneval,answer,4,random,0.5,-1.2038589715957642,-0.6022964715957642,False,True
3037,669dd7a9707995704189b0f7460846d16c147215d59518d4c0cb9373cd4130b8,humaneval,answer,4,toward,1.0,-1.1729460954666138,-0.5635710954666138,False,True
3037,669dd7a9707995704189b0f7460846d16c147215d59518d4c0cb9373cd4130b8,humaneval,answer,4,away,1.0,-0.8950357437133789,-0.9204263687133789,True,False
3037,669dd7a9707995704189b0f7460846d16c147215d59518d4c0cb9373cd4130b8,humaneval,answer,4,random,1.0,-1.0191504955291748,-0.82090824842453,False,True
3037,669dd7a9707995704189b0f7460846d16c147215d59518d4c0cb9373cd4130b8,humaneval,answer,6,toward,0.5,-1.4507925510406494,-0.4351676106452942,False,True
3037,669dd7a9707995704189b0f7460846d16c147215d59518d4c0cb9373cd4130b8,humaneval,answer,6,away,0.5,-0.978619396686554,-0.728619396686554,False,True
3037,669dd7a9707995704189b0f7460846d16c147215d59518d4c0cb9373cd4130b8,humaneval,answer,6,random,0.5,-1.2174665927886963,-0.6002791523933411,False,True
3037,669dd7a9707995704189b0f7460846d16c147215d59518d4c0cb9373cd4130b8,humaneval,answer,6,toward,1.0,-1.5879186391830444,-0.45510613918304443,False,True
3037,669dd7a9707995704189b0f7460846d16c147215d59518d4c0cb9373cd4130b8,humaneval,answer,6,away,1.0,-0.5945234298706055,-1.2195234298706055,True,False
3037,669dd7a9707995704189b0f7460846d16c147215d59518d4c0cb9373cd4130b8,humaneval,answer,6,random,1.0,-0.8959730863571167,-0.9428480863571167,True,False
3037,669dd7a9707995704189b0f7460846d16c147215d59518d4c0cb9373cd4130b8,humaneval,answer,8,toward,0.5,-1.1256169080734253,-0.5240544080734253,False,True
3037,669dd7a9707995704189b0f7460846d16c147215d59518d4c0cb9373cd4130b8,humaneval,answer,8,away,0.5,-1.515880823135376,-0.5783807635307312,False,True
3037,669dd7a9707995704189b0f7460846d16c147215d59518d4c0cb9373cd4130b8,humaneval,answer,8,random,0.5,-1.2508916854858398,-0.7352666258811951,False,True
3037,669dd7a9707995704189b0f7460846d16c147215d59518d4c0cb9373cd4130b8,humaneval,answer,8,toward,1.0,-0.9241857528686523,-0.6976232528686523,False,True
3037,669dd7a9707995704189b0f7460846d16c147215d59518d4c0cb9373cd4130b8,humaneval,answer,8,away,1.0,-1.475249171257019,-0.756499171257019,False,True
3037,669dd7a9707995704189b0f7460846d16c147215d59518d4c0cb9373cd4130b8,humaneval,answer,8,random,1.0,-0.9207793474197388,-1.1043730974197388,True,False
3037,669dd7a9707995704189b0f7460846d16c147215d59518d4c0cb9373cd4130b8,humaneval,answer,10,toward,0.5,-0.43319642543792725,-1.3140558004379272,True,False
3037,669dd7a9707995704189b0f7460846d16c147215d59518d4c0cb9373cd4130b8,humaneval,answer,10,away,0.5,-1.4465985298156738,-0.4934735894203186,False,True
3037,669dd7a9707995704189b0f7460846d16c147215d59518d4c0cb9373cd4130b8,humaneval,answer,10,random,0.5,-1.4586410522460938,-0.4820786118507385,False,True
3037,669dd7a9707995704189b0f7460846d16c147215d59518d4c0cb9373cd4130b8,humaneval,answer,10,toward,1.0,-0.37018975615501404,-1.6787835359573364,True,False
3037,669dd7a9707995704189b0f7460846d16c147215d59518d4c0cb9373cd4130b8,humaneval,answer,10,away,1.0,-1.445273756980896,-0.632773756980896,False,True
3037,669dd7a9707995704189b0f7460846d16c147215d59518d4c0cb9373cd4130b8,humaneval,answer,10,random,1.0,-1.6050068140029907,-0.6675068140029907,False,True
3037,669dd7a9707995704189b0f7460846d16c147215d59518d4c0cb9373cd4130b8,humaneval,answer,12,toward,0.5,-0.6187577843666077,-1.105085849761963,True,False
3037,669dd7a9707995704189b0f7460846d16c147215d59518d4c0cb9373cd4130b8,humaneval,answer,12,away,0.5,-1.6259478330612183,-0.37594786286354065,False,True
3037,669dd7a9707995704189b0f7460846d16c147215d59518d4c0cb9373cd4130b8,humaneval,answer,12,random,0.5,-1.545283317565918,-0.49840837717056274,False,True
3037,669dd7a9707995704189b0f7460846d16c147215d59518d4c0cb9373cd4130b8,humaneval,answer,12,toward,1.0,-0.5727764964103699,-2.4868390560150146,True,False
3037,669dd7a9707995704189b0f7460846d16c147215d59518d4c0cb9373cd4130b8,humaneval,answer,12,away,1.0,-1.6144883632659912,-0.4806993007659912,False,True
3037,669dd7a9707995704189b0f7460846d16c147215d59518d4c0cb9373cd4130b8,humaneval,answer,12,random,1.0,-2.1371116638183594,-0.5121116042137146,False,True
3037,669dd7a9707995704189b0f7460846d16c147215d59518d4c0cb9373cd4130b8,humaneval,answer,14,toward,0.5,-0.9105182886123657,-0.7846637964248657,False,True
3037,669dd7a9707995704189b0f7460846d16c147215d59518d4c0cb9373cd4130b8,humaneval,answer,14,away,0.5,-1.7081772089004517,-0.3488021790981293,False,True
3037,669dd7a9707995704189b0f7460846d16c147215d59518d4c0cb9373cd4130b8,humaneval,answer,14,random,0.5,-1.4057422876358032,-0.41355475783348083,False,True
3037,669dd7a9707995704189b0f7460846d16c147215d59518d4c0cb9373cd4130b8,humaneval,answer,14,toward,1.0,-0.8523812890052795,-1.3680062294006348,True,False
3037,669dd7a9707995704189b0f7460846d16c147215d59518d4c0cb9373cd4130b8,humaneval,answer,14,away,1.0,-1.7874975204467773,-0.35781002044677734,False,True
3037,669dd7a9707995704189b0f7460846d16c147215d59518d4c0cb9373cd4130b8,humaneval,answer,14,random,1.0,-1.8345338106155396,-0.33453378081321716,False,True
3037,669dd7a9707995704189b0f7460846d16c147215d59518d4c0cb9373cd4130b8,humaneval,answer,16,toward,0.5,-0.5224438905715942,-1.2490063905715942,True,False
3037,669dd7a9707995704189b0f7460846d16c147215d59518d4c0cb9373cd4130b8,humaneval,answer,16,away,0.5,-2.171215534210205,-0.2649654746055603,False,True
3037,669dd7a9707995704189b0f7460846d16c147215d59518d4c0cb9373cd4130b8,humaneval,answer,16,random,0.5,-1.3698759078979492,-0.5964383482933044,False,True
3037,669dd7a9707995704189b0f7460846d16c147215d59518d4c0cb9373cd4130b8,humaneval,answer,16,toward,1.0,-0.5208354592323303,-2.5052103996276855,True,False
3037,669dd7a9707995704189b0f7460846d16c147215d59518d4c0cb9373cd4130b8,humaneval,answer,16,away,1.0,-2.4802660942077637,-0.25760987401008606,False,True
3037,669dd7a9707995704189b0f7460846d16c147215d59518d4c0cb9373cd4130b8,humaneval,answer,16,random,1.0,-1.666456699371338,-0.7328628897666931,False,True
3037,669dd7a9707995704189b0f7460846d16c147215d59518d4c0cb9373cd4130b8,humaneval,answer,18,toward,0.5,-1.2181110382080078,-0.5149860382080078,False,True
3037,669dd7a9707995704189b0f7460846d16c147215d59518d4c0cb9373cd4130b8,humaneval,answer,18,away,0.5,-1.4473423957824707,-0.4942174553871155,False,True
3037,669dd7a9707995704189b0f7460846d16c147215d59518d4c0cb9373cd4130b8,humaneval,answer,18,random,0.5,-1.5891945362091064,-0.42513206601142883,False,True
3037,669dd7a9707995704189b0f7460846d16c147215d59518d4c0cb9373cd4130b8,humaneval,answer,18,toward,1.0,-0.9447890520095825,-0.8041640520095825,False,True
3037,669dd7a9707995704189b0f7460846d16c147215d59518d4c0cb9373cd4130b8,humaneval,answer,18,away,1.0,-1.6279996633529663,-0.5029996633529663,False,True
3037,669dd7a9707995704189b0f7460846d16c147215d59518d4c0cb9373cd4130b8,humaneval,answer,18,random,1.0,-1.7784744501113892,-0.41714635491371155,False,True
3037,669dd7a9707995704189b0f7460846d16c147215d59518d4c0cb9373cd4130b8,humaneval,answer,20,toward,0.5,-1.6062898635864258,-0.356289803981781,False,True
3037,669dd7a9707995704189b0f7460846d16c147215d59518d4c0cb9373cd4130b8,humaneval,answer,20,away,0.5,-1.0923304557800293,-0.6333460807800293,False,True
3037,669dd7a9707995704189b0f7460846d16c147215d59518d4c0cb9373cd4130b8,humaneval,answer,20,random,0.5,-1.51165771484375,-0.39447021484375,False,True
3037,669dd7a9707995704189b0f7460846d16c147215d59518d4c0cb9373cd4130b8,humaneval,answer,20,toward,1.0,-1.5499796867370605,-0.3781047463417053,False,True
3037,669dd7a9707995704189b0f7460846d16c147215d59518d4c0cb9373cd4130b8,humaneval,answer,20,away,1.0,-0.991845428943634,-0.827782928943634,False,True
3037,669dd7a9707995704189b0f7460846d16c147215d59518d4c0cb9373cd4130b8,humaneval,answer,20,random,1.0,-1.5970652103424072,-0.35097143054008484,False,True
3037,669dd7a9707995704189b0f7460846d16c147215d59518d4c0cb9373cd4130b8,humaneval,answer,22,toward,0.5,-1.7166945934295654,-0.2791946232318878,False,True
3037,669dd7a9707995704189b0f7460846d16c147215d59518d4c0cb9373cd4130b8,humaneval,answer,22,away,0.5,-1.1122956275939941,-0.7997955679893494,False,True
3037,669dd7a9707995704189b0f7460846d16c147215d59518d4c0cb9373cd4130b8,humaneval,answer,22,random,0.5,-1.5645062923431396,-0.35356879234313965,False,True
3037,669dd7a9707995704189b0f7460846d16c147215d59518d4c0cb9373cd4130b8,humaneval,answer,22,toward,1.0,-2.025439977645874,-0.18168999254703522,False,True
3037,669dd7a9707995704189b0f7460846d16c147215d59518d4c0cb9373cd4130b8,humaneval,answer,22,away,1.0,-1.3265856504440308,-1.4984606504440308,False,False
3037,669dd7a9707995704189b0f7460846d16c147215d59518d4c0cb9373cd4130b8,humaneval,answer,22,random,1.0,-1.8657962083816528,-0.28767117857933044,False,True
3037,669dd7a9707995704189b0f7460846d16c147215d59518d4c0cb9373cd4130b8,humaneval,answer,23,toward,0.5,-1.5226638317108154,-0.30391380190849304,False,True
3037,669dd7a9707995704189b0f7460846d16c147215d59518d4c0cb9373cd4130b8,humaneval,answer,23,away,0.5,-1.4516148567199707,-0.9984898567199707,False,True
3037,669dd7a9707995704189b0f7460846d16c147215d59518d4c0cb9373cd4130b8,humaneval,answer,23,random,0.5,-1.1891347169876099,-0.6813222169876099,False,True
3037,669dd7a9707995704189b0f7460846d16c147215d59518d4c0cb9373cd4130b8,humaneval,answer,23,toward,1.0,-1.5669699907302856,-0.31697002053260803,False,True
3037,669dd7a9707995704189b0f7460846d16c147215d59518d4c0cb9373cd4130b8,humaneval,answer,23,away,1.0,-2.4479284286499023,-2.2604284286499023,False,True
3037,669dd7a9707995704189b0f7460846d16c147215d59518d4c0cb9373cd4130b8,humaneval,answer,23,random,1.0,-2.090501308441162,-1.8873761892318726,False,True
3040,ae78bda3ea64bac636429fcfbff2ddbecc41552c57997c1772257ce8c0c96d19,humaneval,baseline,-1,none,0.0,-1.4742628335952759,-0.2789503335952759,False,True
3040,ae78bda3ea64bac636429fcfbff2ddbecc41552c57997c1772257ce8c0c96d19,humaneval,if,0,toward,0.5,-1.4531748294830322,-0.28520604968070984,False,True
3040,ae78bda3ea64bac636429fcfbff2ddbecc41552c57997c1772257ce8c0c96d19,humaneval,if,0,away,0.5,-1.4413925409317017,-0.28904882073402405,False,True
3040,ae78bda3ea64bac636429fcfbff2ddbecc41552c57997c1772257ce8c0c96d19,humaneval,if,0,random,0.5,-1.4324941635131836,-0.291869193315506,False,True
3040,ae78bda3ea64bac636429fcfbff2ddbecc41552c57997c1772257ce8c0c96d19,humaneval,if,0,toward,1.0,-1.331510066986084,-0.33151009678840637,False,True
3040,ae78bda3ea64bac636429fcfbff2ddbecc41552c57997c1772257ce8c0c96d19,humaneval,if,0,away,1.0,-1.3167555332183838,-0.340192973613739,False,True
3040,ae78bda3ea64bac636429fcfbff2ddbecc41552c57997c1772257ce8c0c96d19,humaneval,if,0,random,1.0,-1.3109039068222046,-0.3382476270198822,False,True
3040,ae78bda3ea64bac636429fcfbff2ddbecc41552c57997c1772257ce8c0c96d19,humaneval,if,2,toward,0.5,-1.4473397731781006,-0.2871835231781006,False,True
3040,ae78bda3ea64bac636429fcfbff2ddbecc41552c57997c1772257ce8c0c96d19,humaneval,if,2,away,0.5,-1.4831392765045166,-0.2761080861091614,False,True
3040,ae78bda3ea64bac636429fcfbff2ddbecc41552c57997c1772257ce8c0c96d19,humaneval,if,2,random,0.5,-1.4651994705200195,-0.28160572052001953,False,True
3040,ae78bda3ea64bac636429fcfbff2ddbecc41552c57997c1772257ce8c0c96d19,humaneval,if,2,toward,1.0,-1.3221113681793213,-0.3338301181793213,False,True
3040,ae78bda3ea64bac636429fcfbff2ddbecc41552c57997c1772257ce8c0c96d19,humaneval,if,2,away,1.0,-1.4951715469360352,-0.27251529693603516,False,True
3040,ae78bda3ea64bac636429fcfbff2ddbecc41552c57997c1772257ce8c0c96d19,humaneval,if,2,random,1.0,-1.4188015460968018,-0.29770782589912415,False,True
3040,ae78bda3ea64bac636429fcfbff2ddbecc41552c57997c1772257ce8c0c96d19,humaneval,if,4,toward,0.5,-1.4623593091964722,-0.28267180919647217,False,True
3040,ae78bda3ea64bac636429fcfbff2ddbecc41552c57997c1772257ce8c0c96d19,humaneval,if,4,away,0.5,-1.4924836158752441,-0.27373364567756653,False,True
3040,ae78bda3ea64bac636429fcfbff2ddbecc41552c57997c1772257ce8c0c96d19,humaneval,if,4,random,0.5,-1.4742621183395386,-0.2789496183395386,False,True
3040,ae78bda3ea64bac636429fcfbff2ddbecc41552c57997c1772257ce8c0c96d19,humaneval,if,4,toward,1.0,-1.4022516012191772,-0.30459532141685486,False,True
3040,ae78bda3ea64bac636429fcfbff2ddbecc41552c57997c1772257ce8c0c96d19,humaneval,if,4,away,1.0,-1.5077506303787231,-0.26946938037872314,False,True
3040,ae78bda3ea64bac636429fcfbff2ddbecc41552c57997c1772257ce8c0c96d19,humaneval,if,4,random,1.0,-1.4653141498565674,-0.2817203998565674,False,True
3040,ae78bda3ea64bac636429fcfbff2ddbecc41552c57997c1772257ce8c0c96d19,humaneval,if,6,toward,0.5,-1.4712891578674316,-0.27988293766975403,False,True
3040,ae78bda3ea64bac636429fcfbff2ddbecc41552c57997c1772257ce8c0c96d19,humaneval,if,6,away,0.5,-1.4803316593170166,-0.2772065997123718,False,True
3040,ae78bda3ea64bac636429fcfbff2ddbecc41552c57997c1772257ce8c0c96d19,humaneval,if,6,random,0.5,-1.4682226181030273,-0.28072264790534973,False,True
3040,ae78bda3ea64bac636429fcfbff2ddbecc41552c57997c1772257ce8c0c96d19,humaneval,if,6,toward,1.0,-1.4711860418319702,-0.2797797620296478,False,True
3040,ae78bda3ea64bac636429fcfbff2ddbecc41552c57997c1772257ce8c0c96d19,humaneval,if,6,away,1.0,-1.4776359796524048,-0.2784172594547272,False,True
3040,ae78bda3ea64bac636429fcfbff2ddbecc41552c57997c1772257ce8c0c96d19,humaneval,if,6,random,1.0,-1.4594249725341797,-0.2836436629295349,False,True
3040,ae78bda3ea64bac636429fcfbff2ddbecc41552c57997c1772257ce8c0c96d19,humaneval,if,8,toward,0.5,-1.4772061109542847,-0.27798736095428467,False,True
3040,ae78bda3ea64bac636429fcfbff2ddbecc41552c57997c1772257ce8c0c96d19,humaneval,if,8,away,0.5,-1.4713237285614014,-0.279917448759079,False,True
3040,ae78bda3ea64bac636429fcfbff2ddbecc41552c57997c1772257ce8c0c96d19,humaneval,if,8,random,0.5,-1.4742803573608398,-0.2789679169654846,False,True
3040,ae78bda3ea64bac636429fcfbff2ddbecc41552c57997c1772257ce8c0c96d19,humaneval,if,8,toward,1.0,-1.4713525772094727,-0.27994635701179504,False,True
3040,ae78bda3ea64bac636429fcfbff2ddbecc41552c57997c1772257ce8c0c96d19,humaneval,if,8,away,1.0,-1.471301794052124,-0.279895544052124,False,True
3040,ae78bda3ea64bac636429fcfbff2ddbecc41552c57997c1772257ce8c0c96d19,humaneval,if,8,random,1.0,-1.4743061065673828,-0.27899354696273804,False,True
3040,ae78bda3ea64bac636429fcfbff2ddbecc41552c57997c1772257ce8c0c96d19,humaneval,if,10,toward,0.5,-1.4743001461029053,-0.2789875864982605,False,True
3040,ae78bda3ea64bac636429fcfbff2ddbecc41552c57997c1772257ce8c0c96d19,humaneval,if,10,away,0.5,-1.4742844104766846,-0.2789718806743622,False,True
3040,ae78bda3ea64bac636429fcfbff2ddbecc41552c57997c1772257ce8c0c96d19,humaneval,if,10,random,0.5,-1.4772086143493652,-0.2779898941516876,False,True
3040,ae78bda3ea64bac636429fcfbff2ddbecc41552c57997c1772257ce8c0c96d19,humaneval,if,10,toward,1.0,-1.4742963314056396,-0.2789838910102844,False,True
3040,ae78bda3ea64bac636429fcfbff2ddbecc41552c57997c1772257ce8c0c96d19,humaneval,if,10,away,1.0,-1.4743244647979736,-0.2790120244026184,False,True
3040,ae78bda3ea64bac636429fcfbff2ddbecc41552c57997c1772257ce8c0c96d19,humaneval,if,10,random,1.0,-1.4772106409072876,-0.2779918611049652,False,True
3040,ae78bda3ea64bac636429fcfbff2ddbecc41552c57997c1772257ce8c0c96d19,humaneval,if,12,toward,0.5,-1.4742240905761719,-0.27891165018081665,False,True
3040,ae78bda3ea64bac636429fcfbff2ddbecc41552c57997c1772257ce8c0c96d19,humaneval,if,12,away,0.5,-1.4742255210876465,-0.27891308069229126,False,True
3040,ae78bda3ea64bac636429fcfbff2ddbecc41552c57997c1772257ce8c0c96d19,humaneval,if,12,random,0.5,-1.4742408990859985,-0.2789284288883209,False,True
3040,ae78bda3ea64bac636429fcfbff2ddbecc41552c57997c1772257ce8c0c96d19,humaneval,if,12,toward,1.0,-1.474275827407837,-0.2789633274078369,False,True
3040,ae78bda3ea64bac636429fcfbff2ddbecc41552c57997c1772257ce8c0c96d19,humaneval,if,12,away,1.0,-1.471304178237915,-0.27989789843559265,False,True
3040,ae78bda3ea64bac636429fcfbff2ddbecc41552c57997c1772257ce8c0c96d19,humaneval,if,12,random,1.0,-1.4713081121444702,-0.2799018621444702,False,True
3040,ae78bda3ea64bac636429fcfbff2ddbecc41552c57997c1772257ce8c0c96d19,humaneval,if,14,toward,0.5,-1.4743067026138306,-0.2789941728115082,False,True
3040,ae78bda3ea64bac636429fcfbff2ddbecc41552c57997c1772257ce8c0c96d19,humaneval,if,14,away,0.5,-1.4712965488433838,-0.279890239238739,False,True
3040,ae78bda3ea64bac636429fcfbff2ddbecc41552c57997c1772257ce8c0c96d19,humaneval,if,14,random,0.5,-1.4742523431777954,-0.2789398729801178,False,True
3040,ae78bda3ea64bac636429fcfbff2ddbecc41552c57997c1772257ce8c0c96d19,humaneval,if,14,toward,1.0,-1.474303126335144,-0.27899065613746643,False,True
3040,ae78bda3ea64bac636429fcfbff2ddbecc41552c57997c1772257ce8c0c96d19,humaneval,if,14,away,1.0,-1.4683291912078857,-0.28082913160324097,False,True
3040,ae78bda3ea64bac636429fcfbff2ddbecc41552c57997c1772257ce8c0c96d19,humaneval,if,14,random,1.0,-1.4742662906646729,-0.2789538502693176,False,True
3040,ae78bda3ea64bac636429fcfbff2ddbecc41552c57997c1772257ce8c0c96d19,humaneval,if,16,toward,0.5,-1.477226734161377,-0.27800801396369934,False,True
3040,ae78bda3ea64bac636429fcfbff2ddbecc41552c57997c1772257ce8c0c96d19,humaneval,if,16,away,0.5,-1.4742705821990967,-0.2789580821990967,False,True
3040,ae78bda3ea64bac636429fcfbff2ddbecc41552c57997c1772257ce8c0c96d19,humaneval,if,16,random,0.5,-1.4742059707641602,-0.2788934111595154,False,True
3040,ae78bda3ea64bac636429fcfbff2ddbecc41552c57997c1772257ce8c0c96d19,humaneval,if,16,toward,1.0,-1.4743064641952515,-0.27899399399757385,False,True
3040,ae78bda3ea64bac636429fcfbff2ddbecc41552c57997c1772257ce8c0c96d19,humaneval,if,16,away,1.0,-1.4741852283477783,-0.2788727581501007,False,True
3040,ae78bda3ea64bac636429fcfbff2ddbecc41552c57997c1772257ce8c0c96d19,humaneval,if,16,random,1.0,-1.4742887020111084,-0.2789761424064636,False,True
3040,ae78bda3ea64bac636429fcfbff2ddbecc41552c57997c1772257ce8c0c96d19,humaneval,if,18,toward,0.5,-1.4742528200149536,-0.2789403200149536,False,True
3040,ae78bda3ea64bac636429fcfbff2ddbecc41552c57997c1772257ce8c0c96d19,humaneval,if,18,away,0.5,-1.4772125482559204,-0.277993768453598,False,True
3040,ae78bda3ea64bac636429fcfbff2ddbecc41552c57997c1772257ce8c0c96d19,humaneval,if,18,random,0.5,-1.4712908267974854,-0.2798846364021301,False,True
3040,ae78bda3ea64bac636429fcfbff2ddbecc41552c57997c1772257ce8c0c96d19,humaneval,if,18,toward,1.0,-1.47425377368927,-0.27894124388694763,False,True
3040,ae78bda3ea64bac636429fcfbff2ddbecc41552c57997c1772257ce8c0c96d19,humaneval,if,18,away,1.0,-1.4743406772613525,-0.27902817726135254,False,True
3040,ae78bda3ea64bac636429fcfbff2ddbecc41552c57997c1772257ce8c0c96d19,humaneval,if,18,random,1.0,-1.477221965789795,-0.2780032455921173,False,True
3040,ae78bda3ea64bac636429fcfbff2ddbecc41552c57997c1772257ce8c0c96d19,humaneval,if,20,toward,0.5,-1.474277377128601,-0.2789648473262787,False,True
3040,ae78bda3ea64bac636429fcfbff2ddbecc41552c57997c1772257ce8c0c96d19,humaneval,if,20,away,0.5,-1.474234938621521,-0.2789224684238434,False,True
3040,ae78bda3ea64bac636429fcfbff2ddbecc41552c57997c1772257ce8c0c96d19,humaneval,if,20,random,0.5,-1.4772578477859497,-0.2780390977859497,False,True
3040,ae78bda3ea64bac636429fcfbff2ddbecc41552c57997c1772257ce8c0c96d19,humaneval,if,20,toward,1.0,-1.4742499589920044,-0.278937429189682,False,True
3040,ae78bda3ea64bac636429fcfbff2ddbecc41552c57997c1772257ce8c0c96d19,humaneval,if,20,away,1.0,-1.4742262363433838,-0.2789137065410614,False,True
3040,ae78bda3ea64bac636429fcfbff2ddbecc41552c57997c1772257ce8c0c96d19,humaneval,if,20,random,1.0,-1.474270224571228,-0.278957724571228,False,True
3040,ae78bda3ea64bac636429fcfbff2ddbecc41552c57997c1772257ce8c0c96d19,humaneval,if,22,toward,0.5,-1.474290370941162,-0.2789778411388397,False,True
3040,ae78bda3ea64bac636429fcfbff2ddbecc41552c57997c1772257ce8c0c96d19,humaneval,if,22,away,0.5,-1.4742673635482788,-0.2789548337459564,False,True
3040,ae78bda3ea64bac636429fcfbff2ddbecc41552c57997c1772257ce8c0c96d19,humaneval,if,22,random,0.5,-1.4742538928985596,-0.27894142270088196,False,True
3040,ae78bda3ea64bac636429fcfbff2ddbecc41552c57997c1772257ce8c0c96d19,humaneval,if,22,toward,1.0,-1.4743359088897705,-0.2790233790874481,False,True
3040,ae78bda3ea64bac636429fcfbff2ddbecc41552c57997c1772257ce8c0c96d19,humaneval,if,22,away,1.0,-1.4742506742477417,-0.2789381742477417,False,True
3040,ae78bda3ea64bac636429fcfbff2ddbecc41552c57997c1772257ce8c0c96d19,humaneval,if,22,random,1.0,-1.4742703437805176,-0.27895790338516235,False,True
3040,ae78bda3ea64bac636429fcfbff2ddbecc41552c57997c1772257ce8c0c96d19,humaneval,if,23,toward,0.5,-1.4742704629898071,-0.2789579927921295,False,True
3040,ae78bda3ea64bac636429fcfbff2ddbecc41552c57997c1772257ce8c0c96d19,humaneval,if,23,away,0.5,-1.4742704629898071,-0.2789579927921295,False,True
3040,ae78bda3ea64bac636429fcfbff2ddbecc41552c57997c1772257ce8c0c96d19,humaneval,if,23,random,0.5,-1.4742704629898071,-0.2789579927921295,False,True
3040,ae78bda3ea64bac636429fcfbff2ddbecc41552c57997c1772257ce8c0c96d19,humaneval,if,23,toward,1.0,-1.4742704629898071,-0.2789579927921295,False,True
3040,ae78bda3ea64bac636429fcfbff2ddbecc41552c57997c1772257ce8c0c96d19,humaneval,if,23,away,1.0,-1.4742704629898071,-0.2789579927921295,False,True
3040,ae78bda3ea64bac636429fcfbff2ddbecc41552c57997c1772257ce8c0c96d19,humaneval,if,23,random,1.0,-1.4742704629898071,-0.2789579927921295,False,True
3040,ae78bda3ea64bac636429fcfbff2ddbecc41552c57997c1772257ce8c0c96d19,humaneval,body_first,0,toward,0.5,-1.468247890472412,-0.2807479500770569,False,True
3040,ae78bda3ea64bac636429fcfbff2ddbecc41552c57997c1772257ce8c0c96d19,humaneval,body_first,0,away,0.5,-1.4682574272155762,-0.2807573974132538,False,True
3040,ae78bda3ea64bac636429fcfbff2ddbecc41552c57997c1772257ce8c0c96d19,humaneval,body_first,0,random,0.5,-1.4682426452636719,-0.2807426154613495,False,True
3040,ae78bda3ea64bac636429fcfbff2ddbecc41552c57997c1772257ce8c0c96d19,humaneval,body_first,0,toward,1.0,-1.4624398946762085,-0.2827524244785309,False,True
3040,ae78bda3ea64bac636429fcfbff2ddbecc41552c57997c1772257ce8c0c96d19,humaneval,body_first,0,away,1.0,-1.4505605697631836,-0.286498099565506,False,True
3040,ae78bda3ea64bac636429fcfbff2ddbecc41552c57997c1772257ce8c0c96d19,humaneval,body_first,0,random,1.0,-1.4454405307769775,-0.2891905903816223,False,True
3040,ae78bda3ea64bac636429fcfbff2ddbecc41552c57997c1772257ce8c0c96d19,humaneval,body_first,2,toward,0.5,-1.4772282838821411,-0.2780095636844635,False,True
3040,ae78bda3ea64bac636429fcfbff2ddbecc41552c57997c1772257ce8c0c96d19,humaneval,body_first,2,away,0.5,-1.4772326946258545,-0.2780139744281769,False,True
3040,ae78bda3ea64bac636429fcfbff2ddbecc41552c57997c1772257ce8c0c96d19,humaneval,body_first,2,random,0.5,-1.4742012023925781,-0.27888864278793335,False,True
3040,ae78bda3ea64bac636429fcfbff2ddbecc41552c57997c1772257ce8c0c96d19,humaneval,body_first,2,toward,1.0,-1.477367639541626,-0.27814894914627075,False,True
3040,ae78bda3ea64bac636429fcfbff2ddbecc41552c57997c1772257ce8c0c96d19,humaneval,body_first,2,away,1.0,-1.4774953126907349,-0.27827656269073486,False,True
3040,ae78bda3ea64bac636429fcfbff2ddbecc41552c57997c1772257ce8c0c96d19,humaneval,body_first,2,random,1.0,-1.4684765338897705,-0.2809765934944153,False,True
3040,ae78bda3ea64bac636429fcfbff2ddbecc41552c57997c1772257ce8c0c96d19,humaneval,body_first,4,toward,0.5,-1.471330165863037,-0.2799239158630371,False,True
3040,ae78bda3ea64bac636429fcfbff2ddbecc41552c57997c1772257ce8c0c96d19,humaneval,body_first,4,away,0.5,-1.47420072555542,-0.27888819575309753,False,True
3040,ae78bda3ea64bac636429fcfbff2ddbecc41552c57997c1772257ce8c0c96d19,humaneval,body_first,4,random,0.5,-1.4772303104400635,-0.2780115604400635,False,True
3040,ae78bda3ea64bac636429fcfbff2ddbecc41552c57997c1772257ce8c0c96d19,humaneval,body_first,4,toward,1.0,-1.4683289527893066,-0.28082895278930664,False,True
3040,ae78bda3ea64bac636429fcfbff2ddbecc41552c57997c1772257ce8c0c96d19,humaneval,body_first,4,away,1.0,-1.474202036857605,-0.278889536857605,False,True
3040,ae78bda3ea64bac636429fcfbff2ddbecc41552c57997c1772257ce8c0c96d19,humaneval,body_first,4,random,1.0,-1.4713201522827148,-0.27991393208503723,False,True
3040,ae78bda3ea64bac636429fcfbff2ddbecc41552c57997c1772257ce8c0c96d19,humaneval,body_first,6,toward,0.5,-1.471374273300171,-0.2799679934978485,False,True
3040,ae78bda3ea64bac636429fcfbff2ddbecc41552c57997c1772257ce8c0c96d19,humaneval,body_first,6,away,0.5,-1.477136492729187,-0.277917742729187,False,True
3040,ae78bda3ea64bac636429fcfbff2ddbecc41552c57997c1772257ce8c0c96d19,humaneval,body_first,6,random,0.5,-1.4712722301483154,-0.27986598014831543,False,True
3040,ae78bda3ea64bac636429fcfbff2ddbecc41552c57997c1772257ce8c0c96d19,humaneval,body_first,6,toward,1.0,-1.4743587970733643,-0.27904629707336426,False,True
3040,ae78bda3ea64bac636429fcfbff2ddbecc41552c57997c1772257ce8c0c96d19,humaneval,body_first,6,away,1.0,-1.4920049905776978,-0.27325499057769775,False,True
3040,ae78bda3ea64bac636429fcfbff2ddbecc41552c57997c1772257ce8c0c96d19,humaneval,body_first,6,random,1.0,-1.4741430282592773,-0.27883055806159973,False,True
3040,ae78bda3ea64bac636429fcfbff2ddbecc41552c57997c1772257ce8c0c96d19,humaneval,body_first,8,toward,0.5,-1.4742465019226074,-0.2789340019226074,False,True
3040,ae78bda3ea64bac636429fcfbff2ddbecc41552c57997c1772257ce8c0c96d19,humaneval,body_first,8,away,0.5,-1.4712638854980469,-0.2798576056957245,False,True
3040,ae78bda3ea64bac636429fcfbff2ddbecc41552c57997c1772257ce8c0c96d19,humaneval,body_first,8,random,0.5,-1.474260926246643,-0.27894842624664307,False,True
3040,ae78bda3ea64bac636429fcfbff2ddbecc41552c57997c1772257ce8c0c96d19,humaneval,body_first,8,toward,1.0,-1.4742217063903809,-0.27890920639038086,False,True
3040,ae78bda3ea64bac636429fcfbff2ddbecc41552c57997c1772257ce8c0c96d19,humaneval,body_first,8,away,1.0,-1.471144199371338,-0.2797379493713379,False,True
3040,ae78bda3ea64bac636429fcfbff2ddbecc41552c57997c1772257ce8c0c96d19,humaneval,body_first,8,random,1.0,-1.4742038249969482,-0.27889135479927063,False,True
3040,ae78bda3ea64bac636429fcfbff2ddbecc41552c57997c1772257ce8c0c96d19,humaneval,body_first,10,toward,0.5,-1.4771713018417358,-0.2779525816440582,False,True
3040,ae78bda3ea64bac636429fcfbff2ddbecc41552c57997c1772257ce8c0c96d19,humaneval,body_first,10,away,0.5,-1.4742796421051025,-0.2789672017097473,False,True
3040,ae78bda3ea64bac636429fcfbff2ddbecc41552c57997c1772257ce8c0c96d19,humaneval,body_first,10,random,0.5,-1.4742984771728516,-0.2789859473705292,False,True
3040,ae78bda3ea64bac636429fcfbff2ddbecc41552c57997c1772257ce8c0c96d19,humaneval,body_first,10,toward,1.0,-1.47434663772583,-0.2790341079235077,False,True
3040,ae78bda3ea64bac636429fcfbff2ddbecc41552c57997c1772257ce8c0c96d19,humaneval,body_first,10,away,1.0,-1.4712684154510498,-0.2798621952533722,False,True
3040,ae78bda3ea64bac636429fcfbff2ddbecc41552c57997c1772257ce8c0c96d19,humaneval,body_first,10,random,1.0,-1.4772478342056274,-0.27802905440330505,False,True
3040,ae78bda3ea64bac636429fcfbff2ddbecc41552c57997c1772257ce8c0c96d19,humaneval,body_first,12,toward,0.5,-1.4742012023925781,-0.2788887321949005,False,True
3040,ae78bda3ea64bac636429fcfbff2ddbecc41552c57997c1772257ce8c0c96d19,humaneval,body_first,12,away,0.5,-1.4742770195007324,-0.2789645791053772,False,True
3040,ae78bda3ea64bac636429fcfbff2ddbecc41552c57997c1772257ce8c0c96d19,humaneval,body_first,12,random,0.5,-1.4742696285247803,-0.2789570987224579,False,True
3040,ae78bda3ea64bac636429fcfbff2ddbecc41552c57997c1772257ce8c0c96d19,humaneval,body_first,12,toward,1.0,-1.4773083925247192,-0.27808964252471924,False,True
3040,ae78bda3ea64bac636429fcfbff2ddbecc41552c57997c1772257ce8c0c96d19,humaneval,body_first,12,away,1.0,-1.4742976427078247,-0.2789851427078247,False,True
3040,ae78bda3ea64bac636429fcfbff2ddbecc41552c57997c1772257ce8c0c96d19,humaneval,body_first,12,random,1.0,-1.47129225730896,-0.2798859775066376,False,True
3040,ae78bda3ea64bac636429fcfbff2ddbecc41552c57997c1772257ce8c0c96d19,humaneval,body_first,14,toward,0.5,-1.4742661714553833,-0.2789536714553833,False,True
3040,ae78bda3ea64bac636429fcfbff2ddbecc41552c57997c1772257ce8c0c96d19,humaneval,body_first,14,away,0.5,-1.4742941856384277,-0.27898162603378296,False,True
3040,ae78bda3ea64bac636429fcfbff2ddbecc41552c57997c1772257ce8c0c96d19,humaneval,body_first,14,random,0.5,-1.474265456199646,-0.278952956199646,False,True
3040,ae78bda3ea64bac636429fcfbff2ddbecc41552c57997c1772257ce8c0c96d19,humaneval,body_first,14,toward,1.0,-1.4742804765701294,-0.2789680063724518,False,True
3040,ae78bda3ea64bac636429fcfbff2ddbecc41552c57997c1772257ce8c0c96d19,humaneval,body_first,14,away,1.0,-1.47129225730896,-0.27988606691360474,False,True
3040,ae78bda3ea64bac636429fcfbff2ddbecc41552c57997c1772257ce8c0c96d19,humaneval,body_first,14,random,1.0,-1.4742774963378906,-0.278965026140213,False,True
3040,ae78bda3ea64bac636429fcfbff2ddbecc41552c57997c1772257ce8c0c96d19,humaneval,body_first,16,toward,0.5,-1.4742791652679443,-0.27896666526794434,False,True
3040,ae78bda3ea64bac636429fcfbff2ddbecc41552c57997c1772257ce8c0c96d19,humaneval,body_first,16,away,0.5,-1.4742430448532104,-0.27893057465553284,False,True
3040,ae78bda3ea64bac636429fcfbff2ddbecc41552c57997c1772257ce8c0c96d19,humaneval,body_first,16,random,0.5,-1.477244257926941,-0.2780255377292633,False,True
3040,ae78bda3ea64bac636429fcfbff2ddbecc41552c57997c1772257ce8c0c96d19,humaneval,body_first,16,toward,1.0,-1.4772355556488037,-0.2780167758464813,False,True
3040,ae78bda3ea64bac636429fcfbff2ddbecc41552c57997c1772257ce8c0c96d19,humaneval,body_first,16,away,1.0,-1.474267840385437,-0.2789553105831146,False,True
3040,ae78bda3ea64bac636429fcfbff2ddbecc41552c57997c1772257ce8c0c96d19,humaneval,body_first,16,random,1.0,-1.4742780923843384,-0.2789655923843384,False,True
3040,ae78bda3ea64bac636429fcfbff2ddbecc41552c57997c1772257ce8c0c96d19,humaneval,body_first,18,toward,0.5,-1.477250099182129,-0.2780313193798065,False,True
3040,ae78bda3ea64bac636429fcfbff2ddbecc41552c57997c1772257ce8c0c96d19,humaneval,body_first,18,away,0.5,-1.47427499294281,-0.27896252274513245,False,True
3040,ae78bda3ea64bac636429fcfbff2ddbecc41552c57997c1772257ce8c0c96d19,humaneval,body_first,18,random,0.5,-1.47422456741333,-0.27891209721565247,False,True
3040,ae78bda3ea64bac636429fcfbff2ddbecc41552c57997c1772257ce8c0c96d19,humaneval,body_first,18,toward,1.0,-1.4742820262908936,-0.27896955609321594,False,True
3040,ae78bda3ea64bac636429fcfbff2ddbecc41552c57997c1772257ce8c0c96d19,humaneval,body_first,18,away,1.0,-1.4713470935821533,-0.27994078397750854,False,True
3040,ae78bda3ea64bac636429fcfbff2ddbecc41552c57997c1772257ce8c0c96d19,humaneval,body_first,18,random,1.0,-1.4742577075958252,-0.2789452075958252,False,True
3040,ae78bda3ea64bac636429fcfbff2ddbecc41552c57997c1772257ce8c0c96d19,humaneval,body_first,20,toward,0.5,-1.4743008613586426,-0.27898839116096497,False,True
3040,ae78bda3ea64bac636429fcfbff2ddbecc41552c57997c1772257ce8c0c96d19,humaneval,body_first,20,away,0.5,-1.47425377368927,-0.27894124388694763,False,True
3040,ae78bda3ea64bac636429fcfbff2ddbecc41552c57997c1772257ce8c0c96d19,humaneval,body_first,20,random,0.5,-1.4742988348007202,-0.2789863348007202,False,True
3040,ae78bda3ea64bac636429fcfbff2ddbecc41552c57997c1772257ce8c0c96d19,humaneval,body_first,20,toward,1.0,-1.4742484092712402,-0.27893590927124023,False,True
3040,ae78bda3ea64bac636429fcfbff2ddbecc41552c57997c1772257ce8c0c96d19,humaneval,body_first,20,away,1.0,-1.4742634296417236,-0.27895087003707886,False,True
3040,ae78bda3ea64bac636429fcfbff2ddbecc41552c57997c1772257ce8c0c96d19,humaneval,body_first,20,random,1.0,-1.4742562770843506,-0.2789437472820282,False,True
3040,ae78bda3ea64bac636429fcfbff2ddbecc41552c57997c1772257ce8c0c96d19,humaneval,body_first,22,toward,0.5,-1.4742720127105713,-0.2789594531059265,False,True
3040,ae78bda3ea64bac636429fcfbff2ddbecc41552c57997c1772257ce8c0c96d19,humaneval,body_first,22,away,0.5,-1.4772452116012573,-0.27802643179893494,False,True
3040,ae78bda3ea64bac636429fcfbff2ddbecc41552c57997c1772257ce8c0c96d19,humaneval,body_first,22,random,0.5,-1.4742732048034668,-0.2789607048034668,False,True
3040,ae78bda3ea64bac636429fcfbff2ddbecc41552c57997c1772257ce8c0c96d19,humaneval,body_first,22,toward,1.0,-1.4742827415466309,-0.2789701819419861,False,True
3040,ae78bda3ea64bac636429fcfbff2ddbecc41552c57997c1772257ce8c0c96d19,humaneval,body_first,22,away,1.0,-1.4742319583892822,-0.27891939878463745,False,True
3040,ae78bda3ea64bac636429fcfbff2ddbecc41552c57997c1772257ce8c0c96d19,humaneval,body_first,22,random,1.0,-1.4742807149887085,-0.2789681851863861,False,True
3040,ae78bda3ea64bac636429fcfbff2ddbecc41552c57997c1772257ce8c0c96d19,humaneval,body_first,23,toward,0.5,-1.4742704629898071,-0.2789579927921295,False,True
3040,ae78bda3ea64bac636429fcfbff2ddbecc41552c57997c1772257ce8c0c96d19,humaneval,body_first,23,away,0.5,-1.4742704629898071,-0.2789579927921295,False,True
3040,ae78bda3ea64bac636429fcfbff2ddbecc41552c57997c1772257ce8c0c96d19,humaneval,body_first,23,random,0.5,-1.4742704629898071,-0.2789579927921295,False,True
3040,ae78bda3ea64bac636429fcfbff2ddbecc41552c57997c1772257ce8c0c96d19,humaneval,body_first,23,toward,1.0,-1.4742704629898071,-0.2789579927921295,False,True
3040,ae78bda3ea64bac636429fcfbff2ddbecc41552c57997c1772257ce8c0c96d19,humaneval,body_first,23,away,1.0,-1.4742704629898071,-0.2789579927921295,False,True
3040,ae78bda3ea64bac636429fcfbff2ddbecc41552c57997c1772257ce8c0c96d19,humaneval,body_first,23,random,1.0,-1.4742704629898071,-0.2789579927921295,False,True
3040,ae78bda3ea64bac636429fcfbff2ddbecc41552c57997c1772257ce8c0c96d19,humaneval,answer,0,toward,0.5,-1.422349214553833,-0.293442964553833,False,True
3040,ae78bda3ea64bac636429fcfbff2ddbecc41552c57997c1772257ce8c0c96d19,humaneval,answer,0,away,0.5,-1.581352710723877,-0.25127455592155457,False,True
3040,ae78bda3ea64bac636429fcfbff2ddbecc41552c57997c1772257ce8c0c96d19,humaneval,answer,0,random,0.5,-1.598978042602539,-0.24741552770137787,False,True
3040,ae78bda3ea64bac636429fcfbff2ddbecc41552c57997c1772257ce8c0c96d19,humaneval,answer,0,toward,1.0,-1.4198236465454102,-0.2953118681907654,False,True
3040,ae78bda3ea64bac636429fcfbff2ddbecc41552c57997c1772257ce8c0c96d19,humaneval,answer,0,away,1.0,-1.5785771608352661,-0.2611943781375885,False,True
3040,ae78bda3ea64bac636429fcfbff2ddbecc41552c57997c1772257ce8c0c96d19,humaneval,answer,0,random,1.0,-1.6920928955078125,-0.23310846090316772,False,True
3040,ae78bda3ea64bac636429fcfbff2ddbecc41552c57997c1772257ce8c0c96d19,humaneval,answer,2,toward,0.5,-1.54727303981781,-0.25430428981781006,False,True
3040,ae78bda3ea64bac636429fcfbff2ddbecc41552c57997c1772257ce8c0c96d19,humaneval,answer,2,away,0.5,-1.5539840459823608,-0.2610153257846832,False,True
3040,ae78bda3ea64bac636429fcfbff2ddbecc41552c57997c1772257ce8c0c96d19,humaneval,answer,2,random,0.5,-1.5539977550506592,-0.25712281465530396,False,True
3040,ae78bda3ea64bac636429fcfbff2ddbecc41552c57997c1772257ce8c0c96d19,humaneval,answer,2,toward,1.0,-1.9695707559585571,-0.16097699105739594,False,True
3040,ae78bda3ea64bac636429fcfbff2ddbecc41552c57997c1772257ce8c0c96d19,humaneval,answer,2,away,1.0,-1.4083452224731445,-0.31264209747314453,False,True
3040,ae78bda3ea64bac636429fcfbff2ddbecc41552c57997c1772257ce8c0c96d19,humaneval,answer,2,random,1.0,-1.5684621334075928,-0.25864771008491516,False,True
3040,ae78bda3ea64bac636429fcfbff2ddbecc41552c57997c1772257ce8c0c96d19,humaneval,answer,4,toward,0.5,-1.6689748764038086,-0.22366240620613098,False,True
3040,ae78bda3ea64bac636429fcfbff2ddbecc41552c57997c1772257ce8c0c96d19,humaneval,answer,4,away,0.5,-1.3153373003005981,-0.33877483010292053,False,True
3040,ae78bda3ea64bac636429fcfbff2ddbecc41552c57997c1772257ce8c0c96d19,humaneval,answer,4,random,0.5,-1.495468258857727,-0.27281197905540466,False,True
3040,ae78bda3ea64bac636429fcfbff2ddbecc41552c57997c1772257ce8c0c96d19,humaneval,answer,4,toward,1.0,-1.398592472076416,-0.30484241247177124,False,True
3040,ae78bda3ea64bac636429fcfbff2ddbecc41552c57997c1772257ce8c0c96d19,humaneval,answer,4,away,1.0,-1.1942481994628906,-0.3973732590675354,False,True
3040,ae78bda3ea64bac636429fcfbff2ddbecc41552c57997c1772257ce8c0c96d19,humaneval,answer,4,random,1.0,-1.421223521232605,-0.300129771232605,False,True
3040,ae78bda3ea64bac636429fcfbff2ddbecc41552c57997c1772257ce8c0c96d19,humaneval,answer,6,toward,0.5,-1.5618282556533813,-0.25128141045570374,False,True
3040,ae78bda3ea64bac636429fcfbff2ddbecc41552c57997c1772257ce8c0c96d19,humaneval,answer,6,away,0.5,-1.2548611164093018,-0.36423617601394653,False,True
3040,ae78bda3ea64bac636429fcfbff2ddbecc41552c57997c1772257ce8c0c96d19,humaneval,answer,6,random,0.5,-1.598225712776184,-0.24666324257850647,False,True
3040,ae78bda3ea64bac636429fcfbff2ddbecc41552c57997c1772257ce8c0c96d19,humaneval,answer,6,toward,1.0,-1.4965753555297852,-0.2661065459251404,False,True
3040,ae78bda3ea64bac636429fcfbff2ddbecc41552c57997c1772257ce8c0c96d19,humaneval,answer,6,away,1.0,-0.9549602270126343,-0.5389446020126343,False,True
3040,ae78bda3ea64bac636429fcfbff2ddbecc41552c57997c1772257ce8c0c96d19,humaneval,answer,6,random,1.0,-1.5335845947265625,-0.2757720947265625,False,True
3040,ae78bda3ea64bac636429fcfbff2ddbecc41552c57997c1772257ce8c0c96d19,humaneval,answer,8,toward,0.5,-1.0223824977874756,-0.46874406933784485,False,True
3040,ae78bda3ea64bac636429fcfbff2ddbecc41552c57997c1772257ce8c0c96d19,humaneval,answer,8,away,0.5,-2.0333895683288574,-0.15838944911956787,False,True
3040,ae78bda3ea64bac636429fcfbff2ddbecc41552c57997c1772257ce8c0c96d19,humaneval,answer,8,random,0.5,-1.436488151550293,-0.2919568717479706,False,True
3040,ae78bda3ea64bac636429fcfbff2ddbecc41552c57997c1772257ce8c0c96d19,humaneval,answer,8,toward,1.0,-0.8467237949371338,-0.5889112949371338,False,True
3040,ae78bda3ea64bac636429fcfbff2ddbecc41552c57997c1772257ce8c0c96d19,humaneval,answer,8,away,1.0,-2.1652235984802246,-0.14569222927093506,False,True
3040,ae78bda3ea64bac636429fcfbff2ddbecc41552c57997c1772257ce8c0c96d19,humaneval,answer,8,random,1.0,-1.2700574398040771,-0.35599491000175476,False,True
3040,ae78bda3ea64bac636429fcfbff2ddbecc41552c57997c1772257ce8c0c96d19,humaneval,answer,10,toward,0.5,-1.1823170185089111,-0.38739511370658875,False,True
3040,ae78bda3ea64bac636429fcfbff2ddbecc41552c57997c1772257ce8c0c96d19,humaneval,answer,10,away,0.5,-1.6727824211120605,-0.22746987640857697,False,True
3040,ae78bda3ea64bac636429fcfbff2ddbecc41552c57997c1772257ce8c0c96d19,humaneval,answer,10,random,0.5,-1.7311131954193115,-0.22330071032047272,False,True
3040,ae78bda3ea64bac636429fcfbff2ddbecc41552c57997c1772257ce8c0c96d19,humaneval,answer,10,toward,1.0,-1.229455828666687,-0.377893328666687,False,True
3040,ae78bda3ea64bac636429fcfbff2ddbecc41552c57997c1772257ce8c0c96d19,humaneval,answer,10,away,1.0,-1.6576594114303589,-0.2514094412326813,False,True
3040,ae78bda3ea64bac636429fcfbff2ddbecc41552c57997c1772257ce8c0c96d19,humaneval,answer,10,random,1.0,-1.7588857412338257,-0.2588857114315033,False,True
3040,ae78bda3ea64bac636429fcfbff2ddbecc41552c57997c1772257ce8c0c96d19,humaneval,answer,12,toward,0.5,-1.0383942127227783,-0.47980040311813354,False,True
3040,ae78bda3ea64bac636429fcfbff2ddbecc41552c57997c1772257ce8c0c96d19,humaneval,answer,12,away,0.5,-1.7913269996643066,-0.20026251673698425,False,True
3040,ae78bda3ea64bac636429fcfbff2ddbecc41552c57997c1772257ce8c0c96d19,humaneval,answer,12,random,0.5,-1.4000732898712158,-0.30632323026657104,False,True
3040,ae78bda3ea64bac636429fcfbff2ddbecc41552c57997c1772257ce8c0c96d19,humaneval,answer,12,toward,1.0,-0.7870841026306152,-0.8989005088806152,True,False
3040,ae78bda3ea64bac636429fcfbff2ddbecc41552c57997c1772257ce8c0c96d19,humaneval,answer,12,away,1.0,-1.6736643314361572,-0.23616428673267365,False,True
3040,ae78bda3ea64bac636429fcfbff2ddbecc41552c57997c1772257ce8c0c96d19,humaneval,answer,12,random,1.0,-0.9206709861755371,-0.5534834861755371,False,True
3040,ae78bda3ea64bac636429fcfbff2ddbecc41552c57997c1772257ce8c0c96d19,humaneval,answer,14,toward,0.5,-1.0649014711380005,-0.4677335023880005,False,True
3040,ae78bda3ea64bac636429fcfbff2ddbecc41552c57997c1772257ce8c0c96d19,humaneval,answer,14,away,0.5,-1.7530717849731445,-0.21010303497314453,False,True
3040,ae78bda3ea64bac636429fcfbff2ddbecc41552c57997c1772257ce8c0c96d19,humaneval,answer,14,random,0.5,-1.112656831741333,-0.42515677213668823,False,True
3040,ae78bda3ea64bac636429fcfbff2ddbecc41552c57997c1772257ce8c0c96d19,humaneval,answer,14,toward,1.0,-0.8123487234115601,-0.9451612234115601,True,False
3040,ae78bda3ea64bac636429fcfbff2ddbecc41552c57997c1772257ce8c0c96d19,humaneval,answer,14,away,1.0,-1.636190414428711,-0.24361228942871094,False,True
3040,ae78bda3ea64bac636429fcfbff2ddbecc41552c57997c1772257ce8c0c96d19,humaneval,answer,14,random,1.0,-0.6841990947723389,-0.7545115947723389,True,False
3040,ae78bda3ea64bac636429fcfbff2ddbecc41552c57997c1772257ce8c0c96d19,humaneval,answer,16,toward,0.5,-0.7988525032997131,-0.6445556282997131,False,True
3040,ae78bda3ea64bac636429fcfbff2ddbecc41552c57997c1772257ce8c0c96d19,humaneval,answer,16,away,0.5,-1.8356443643569946,-0.19111306965351105,False,True
3040,ae78bda3ea64bac636429fcfbff2ddbecc41552c57997c1772257ce8c0c96d19,humaneval,answer,16,random,0.5,-1.0172830820083618,-0.4821268320083618,False,True
3040,ae78bda3ea64bac636429fcfbff2ddbecc41552c57997c1772257ce8c0c96d19,humaneval,answer,16,toward,1.0,-0.413848340511322,-1.5661921501159668,True,False
3040,ae78bda3ea64bac636429fcfbff2ddbecc41552c57997c1772257ce8c0c96d19,humaneval,answer,16,away,1.0,-1.8524023294448853,-0.19322265684604645,False,True
3040,ae78bda3ea64bac636429fcfbff2ddbecc41552c57997c1772257ce8c0c96d19,humaneval,answer,16,random,1.0,-0.6677071452140808,-0.7798287272453308,True,False
3040,ae78bda3ea64bac636429fcfbff2ddbecc41552c57997c1772257ce8c0c96d19,humaneval,answer,18,toward,0.5,-1.4853593111038208,-0.2744218111038208,False,True
3040,ae78bda3ea64bac636429fcfbff2ddbecc41552c57997c1772257ce8c0c96d19,humaneval,answer,18,away,0.5,-1.4145331382751465,-0.3051581382751465,False,True
3040,ae78bda3ea64bac636429fcfbff2ddbecc41552c57997c1772257ce8c0c96d19,humaneval,answer,18,random,0.5,-2.0895791053771973,-0.1432899832725525,False,True
3040,ae78bda3ea64bac636429fcfbff2ddbecc41552c57997c1772257ce8c0c96d19,humaneval,answer,18,toward,1.0,-1.3363715410232544,-0.3441840410232544,False,True
3040,ae78bda3ea64bac636429fcfbff2ddbecc41552c57997c1772257ce8c0c96d19,humaneval,answer,18,away,1.0,-1.450395107269287,-0.3019576072692871,False,True
3040,ae78bda3ea64bac636429fcfbff2ddbecc41552c57997c1772257ce8c0c96d19,humaneval,answer,18,random,1.0,-2.8324570655822754,-0.06780864298343658,False,True
3040,ae78bda3ea64bac636429fcfbff2ddbecc41552c57997c1772257ce8c0c96d19,humaneval,answer,20,toward,0.5,-1.8967405557632446,-0.1779906004667282,False,True
3040,ae78bda3ea64bac636429fcfbff2ddbecc41552c57997c1772257ce8c0c96d19,humaneval,answer,20,away,0.5,-1.2002099752426147,-0.38770994544029236,False,True
3040,ae78bda3ea64bac636429fcfbff2ddbecc41552c57997c1772257ce8c0c96d19,humaneval,answer,20,random,0.5,-1.428825855255127,-0.29210716485977173,False,True
3040,ae78bda3ea64bac636429fcfbff2ddbecc41552c57997c1772257ce8c0c96d19,humaneval,answer,20,toward,1.0,-1.9863423109054565,-0.17384235560894012,False,True
3040,ae78bda3ea64bac636429fcfbff2ddbecc41552c57997c1772257ce8c0c96d19,humaneval,answer,20,away,1.0,-1.0484989881515503,-0.4781864881515503,False,True
3040,ae78bda3ea64bac636429fcfbff2ddbecc41552c57997c1772257ce8c0c96d19,humaneval,answer,20,random,1.0,-1.3139725923538208,-0.3295975923538208,False,True
3040,ae78bda3ea64bac636429fcfbff2ddbecc41552c57997c1772257ce8c0c96d19,humaneval,answer,22,toward,0.5,-1.997999906539917,-0.1542498618364334,False,True
3040,ae78bda3ea64bac636429fcfbff2ddbecc41552c57997c1772257ce8c0c96d19,humaneval,answer,22,away,0.5,-1.1498935222625732,-0.415518581867218,False,True
3040,ae78bda3ea64bac636429fcfbff2ddbecc41552c57997c1772257ce8c0c96d19,humaneval,answer,22,random,0.5,-1.199577808380127,-0.3834156394004822,False,True
3040,ae78bda3ea64bac636429fcfbff2ddbecc41552c57997c1772257ce8c0c96d19,humaneval,answer,22,toward,1.0,-2.4689643383026123,-0.09396428614854813,False,True
3040,ae78bda3ea64bac636429fcfbff2ddbecc41552c57997c1772257ce8c0c96d19,humaneval,answer,22,away,1.0,-0.891007125377655,-0.641007125377655,False,True
3040,ae78bda3ea64bac636429fcfbff2ddbecc41552c57997c1772257ce8c0c96d19,humaneval,answer,22,random,1.0,-0.9112412333488464,-0.5616318583488464,False,True
3040,ae78bda3ea64bac636429fcfbff2ddbecc41552c57997c1772257ce8c0c96d19,humaneval,answer,23,toward,0.5,-1.9392060041427612,-0.15795601904392242,False,True
3040,ae78bda3ea64bac636429fcfbff2ddbecc41552c57997c1772257ce8c0c96d19,humaneval,answer,23,away,0.5,-1.2342967987060547,-0.5546092391014099,False,True
3040,ae78bda3ea64bac636429fcfbff2ddbecc41552c57997c1772257ce8c0c96d19,humaneval,answer,23,random,0.5,-2.52459454536438,-0.09881336241960526,False,True
3040,ae78bda3ea64bac636429fcfbff2ddbecc41552c57997c1772257ce8c0c96d19,humaneval,answer,23,toward,1.0,-2.0493104457855225,-0.1430603414773941,False,True
3040,ae78bda3ea64bac636429fcfbff2ddbecc41552c57997c1772257ce8c0c96d19,humaneval,answer,23,away,1.0,-1.8283169269561768,-1.4533169269561768,False,True
3040,ae78bda3ea64bac636429fcfbff2ddbecc41552c57997c1772257ce8c0c96d19,humaneval,answer,23,random,1.0,-3.1272213459014893,-0.13112768530845642,False,True
3042,ae78bda3ea64bac636429fcfbff2ddbecc41552c57997c1772257ce8c0c96d19,humaneval,baseline,-1,none,0.0,-1.4742704629898071,-0.2789579927921295,False,True
3042,ae78bda3ea64bac636429fcfbff2ddbecc41552c57997c1772257ce8c0c96d19,humaneval,if,0,toward,0.5,-1.359311580657959,-0.316342830657959,False,True
3042,ae78bda3ea64bac636429fcfbff2ddbecc41552c57997c1772257ce8c0c96d19,humaneval,if,0,away,0.5,-1.5316561460494995,-0.2621248662471771,False,True
3042,ae78bda3ea64bac636429fcfbff2ddbecc41552c57997c1772257ce8c0c96d19,humaneval,if,0,random,0.5,-1.4887380599975586,-0.2738942801952362,False,True
3042,ae78bda3ea64bac636429fcfbff2ddbecc41552c57997c1772257ce8c0c96d19,humaneval,if,0,toward,1.0,-1.0625003576278687,-0.45703163743019104,False,True
3042,ae78bda3ea64bac636429fcfbff2ddbecc41552c57997c1772257ce8c0c96d19,humaneval,if,0,away,1.0,-1.3786672353744507,-0.3200734853744507,False,True
3042,ae78bda3ea64bac636429fcfbff2ddbecc41552c57997c1772257ce8c0c96d19,humaneval,if,0,random,1.0,-1.4039171934127808,-0.30821406841278076,False,True
3042,ae78bda3ea64bac636429fcfbff2ddbecc41552c57997c1772257ce8c0c96d19,humaneval,if,2,toward,0.5,-1.5496221780776978,-0.25665342807769775,False,True
3042,ae78bda3ea64bac636429fcfbff2ddbecc41552c57997c1772257ce8c0c96d19,humaneval,if,2,away,0.5,-1.5190106630325317,-0.26510438323020935,False,True
3042,ae78bda3ea64bac636429fcfbff2ddbecc41552c57997c1772257ce8c0c96d19,humaneval,if,2,random,0.5,-1.47384774684906,-0.27853527665138245,False,True
3042,ae78bda3ea64bac636429fcfbff2ddbecc41552c57997c1772257ce8c0c96d19,humaneval,if,2,toward,1.0,-1.7302438020706177,-0.2136422097682953,False,True
3042,ae78bda3ea64bac636429fcfbff2ddbecc41552c57997c1772257ce8c0c96d19,humaneval,if,2,away,1.0,-1.083252191543579,-0.4504396915435791,False,True
3042,ae78bda3ea64bac636429fcfbff2ddbecc41552c57997c1772257ce8c0c96d19,humaneval,if,2,random,1.0,-1.3524441719055176,-0.3290066123008728,False,True
3042,ae78bda3ea64bac636429fcfbff2ddbecc41552c57997c1772257ce8c0c96d19,humaneval,if,4,toward,0.5,-1.5141568183898926,-0.26806312799453735,False,True
3042,ae78bda3ea64bac636429fcfbff2ddbecc41552c57997c1772257ce8c0c96d19,humaneval,if,4,away,0.5,-1.3797155618667603,-0.30940309166908264,False,True
3042,ae78bda3ea64bac636429fcfbff2ddbecc41552c57997c1772257ce8c0c96d19,humaneval,if,4,random,0.5,-1.5192431211471558,-0.2653368413448334,False,True
3042,ae78bda3ea64bac636429fcfbff2ddbecc41552c57997c1772257ce8c0c96d19,humaneval,if,4,toward,1.0,-1.571329116821289,-0.2549228072166443,False,True
3042,ae78bda3ea64bac636429fcfbff2ddbecc41552c57997c1772257ce8c0c96d19,humaneval,if,4,away,1.0,-1.2879115343093872,-0.3465052843093872,False,True
3042,ae78bda3ea64bac636429fcfbff2ddbecc41552c57997c1772257ce8c0c96d19,humaneval,if,4,random,1.0,-1.543951153755188,-0.2587948739528656,False,True
3042,ae78bda3ea64bac636429fcfbff2ddbecc41552c57997c1772257ce8c0c96d19,humaneval,if,6,toward,0.5,-1.506884217262268,-0.2686029374599457,False,True
3042,ae78bda3ea64bac636429fcfbff2ddbecc41552c57997c1772257ce8c0c96d19,humaneval,if,6,away,0.5,-1.4654470682144165,-0.2818533480167389,False,True
3042,ae78bda3ea64bac636429fcfbff2ddbecc41552c57997c1772257ce8c0c96d19,humaneval,if,6,random,0.5,-1.4682869911193848,-0.28078702092170715,False,True
3042,ae78bda3ea64bac636429fcfbff2ddbecc41552c57997c1772257ce8c0c96d19,humaneval,if,6,toward,1.0,-1.5314826965332031,-0.2619515061378479,False,True
3042,ae78bda3ea64bac636429fcfbff2ddbecc41552c57997c1772257ce8c0c96d19,humaneval,if,6,away,1.0,-1.4833256006240845,-0.27629438042640686,False,True
3042,ae78bda3ea64bac636429fcfbff2ddbecc41552c57997c1772257ce8c0c96d19,humaneval,if,6,random,1.0,-1.4716615676879883,-0.28025537729263306,False,True
3042,ae78bda3ea64bac636429fcfbff2ddbecc41552c57997c1772257ce8c0c96d19,humaneval,if,8,toward,0.5,-1.4653725624084473,-0.28177887201309204,False,True
3042,ae78bda3ea64bac636429fcfbff2ddbecc41552c57997c1772257ce8c0c96d19,humaneval,if,8,away,0.5,-1.4802852869033813,-0.27716025710105896,False,True
3042,ae78bda3ea64bac636429fcfbff2ddbecc41552c57997c1772257ce8c0c96d19,humaneval,if,8,random,0.5,-1.4802030324935913,-0.2770780324935913,False,True
3042,ae78bda3ea64bac636429fcfbff2ddbecc41552c57997c1772257ce8c0c96d19,humaneval,if,8,toward,1.0,-1.4532380104064941,-0.28526923060417175,False,True
3042,ae78bda3ea64bac636429fcfbff2ddbecc41552c57997c1772257ce8c0c96d19,humaneval,if,8,away,1.0,-1.4805994033813477,-0.2774743437767029,False,True
3042,ae78bda3ea64bac636429fcfbff2ddbecc41552c57997c1772257ce8c0c96d19,humaneval,if,8,random,1.0,-1.4860210418701172,-0.2750835120677948,False,True
3042,ae78bda3ea64bac636429fcfbff2ddbecc41552c57997c1772257ce8c0c96d19,humaneval,if,10,toward,0.5,-1.4533895254135132,-0.2854207754135132,False,True
3042,ae78bda3ea64bac636429fcfbff2ddbecc41552c57997c1772257ce8c0c96d19,humaneval,if,10,away,0.5,-1.480387806892395,-0.277262806892395,False,True
3042,ae78bda3ea64bac636429fcfbff2ddbecc41552c57997c1772257ce8c0c96d19,humaneval,if,10,random,0.5,-1.4741322994232178,-0.27881982922554016,False,True
3042,ae78bda3ea64bac636429fcfbff2ddbecc41552c57997c1772257ce8c0c96d19,humaneval,if,10,toward,1.0,-1.3685637712478638,-0.31387630105018616,False,True
3042,ae78bda3ea64bac636429fcfbff2ddbecc41552c57997c1772257ce8c0c96d19,humaneval,if,10,away,1.0,-1.4899543523788452,-0.2751105725765228,False,True
3042,ae78bda3ea64bac636429fcfbff2ddbecc41552c57997c1772257ce8c0c96d19,humaneval,if,10,random,1.0,-1.474260926246643,-0.27894842624664307,False,True
3042,ae78bda3ea64bac636429fcfbff2ddbecc41552c57997c1772257ce8c0c96d19,humaneval,if,12,toward,0.5,-1.4594383239746094,-0.28365713357925415,False,True
3042,ae78bda3ea64bac636429fcfbff2ddbecc41552c57997c1772257ce8c0c96d19,humaneval,if,12,away,0.5,-1.48019278049469,-0.27706781029701233,False,True
3042,ae78bda3ea64bac636429fcfbff2ddbecc41552c57997c1772257ce8c0c96d19,humaneval,if,12,random,0.5,-1.4772087335586548,-0.2779899835586548,False,True
3042,ae78bda3ea64bac636429fcfbff2ddbecc41552c57997c1772257ce8c0c96d19,humaneval,if,12,toward,1.0,-1.4152615070343018,-0.298073947429657,False,True
3042,ae78bda3ea64bac636429fcfbff2ddbecc41552c57997c1772257ce8c0c96d19,humaneval,if,12,away,1.0,-1.492086410522461,-0.2733364403247833,False,True
3042,ae78bda3ea64bac636429fcfbff2ddbecc41552c57997c1772257ce8c0c96d19,humaneval,if,12,random,1.0,-1.4713330268859863,-0.2799268066883087,False,True
3042,ae78bda3ea64bac636429fcfbff2ddbecc41552c57997c1772257ce8c0c96d19,humaneval,if,14,toward,0.5,-1.4595125913619995,-0.2837313711643219,False,True
3042,ae78bda3ea64bac636429fcfbff2ddbecc41552c57997c1772257ce8c0c96d19,humaneval,if,14,away,0.5,-1.4772733449935913,-0.2780546247959137,False,True
3042,ae78bda3ea64bac636429fcfbff2ddbecc41552c57997c1772257ce8c0c96d19,humaneval,if,14,random,0.5,-1.47421395778656,-0.27890145778656006,False,True
3042,ae78bda3ea64bac636429fcfbff2ddbecc41552c57997c1772257ce8c0c96d19,humaneval,if,14,toward,1.0,-1.4214515686035156,-0.29645153880119324,False,True
3042,ae78bda3ea64bac636429fcfbff2ddbecc41552c57997c1772257ce8c0c96d19,humaneval,if,14,away,1.0,-1.4832494258880615,-0.2762182354927063,False,True
3042,ae78bda3ea64bac636429fcfbff2ddbecc41552c57997c1772257ce8c0c96d19,humaneval,if,14,random,1.0,-1.4627795219421387,-0.28309208154678345,False,True
3042,ae78bda3ea64bac636429fcfbff2ddbecc41552c57997c1772257ce8c0c96d19,humaneval,if,16,toward,0.5,-1.47441565990448,-0.27910318970680237,False,True
3042,ae78bda3ea64bac636429fcfbff2ddbecc41552c57997c1772257ce8c0c96d19,humaneval,if,16,away,0.5,-1.4742742776870728,-0.27896180748939514,False,True
3042,ae78bda3ea64bac636429fcfbff2ddbecc41552c57997c1772257ce8c0c96d19,humaneval,if,16,random,0.5,-1.4741663932800293,-0.2788539230823517,False,True
3042,ae78bda3ea64bac636429fcfbff2ddbecc41552c57997c1772257ce8c0c96d19,humaneval,if,16,toward,1.0,-1.4746724367141724,-0.27935990691185,False,True
3042,ae78bda3ea64bac636429fcfbff2ddbecc41552c57997c1772257ce8c0c96d19,humaneval,if,16,away,1.0,-1.4655038118362427,-0.28191009163856506,False,True
3042,ae78bda3ea64bac636429fcfbff2ddbecc41552c57997c1772257ce8c0c96d19,humaneval,if,16,random,1.0,-1.4655840396881104,-0.28199028968811035,False,True
3042,ae78bda3ea64bac636429fcfbff2ddbecc41552c57997c1772257ce8c0c96d19,humaneval,if,18,toward,0.5,-1.4742807149887085,-0.2789681851863861,False,True
3042,ae78bda3ea64bac636429fcfbff2ddbecc41552c57997c1772257ce8c0c96d19,humaneval,if,18,away,0.5,-1.4742896556854248,-0.2789772152900696,False,True
3042,ae78bda3ea64bac636429fcfbff2ddbecc41552c57997c1772257ce8c0c96d19,humaneval,if,18,random,0.5,-1.4743515253067017,-0.2790389955043793,False,True
3042,ae78bda3ea64bac636429fcfbff2ddbecc41552c57997c1772257ce8c0c96d19,humaneval,if,18,toward,1.0,-1.4713877439498901,-0.27998149394989014,False,True
3042,ae78bda3ea64bac636429fcfbff2ddbecc41552c57997c1772257ce8c0c96d19,humaneval,if,18,away,1.0,-1.4771825075149536,-0.277963787317276,False,True
3042,ae78bda3ea64bac636429fcfbff2ddbecc41552c57997c1772257ce8c0c96d19,humaneval,if,18,random,1.0,-1.4773683547973633,-0.27814966440200806,False,True
3042,ae78bda3ea64bac636429fcfbff2ddbecc41552c57997c1772257ce8c0c96d19,humaneval,if,20,toward,0.5,-1.4742491245269775,-0.27893662452697754,False,True
3042,ae78bda3ea64bac636429fcfbff2ddbecc41552c57997c1772257ce8c0c96d19,humaneval,if,20,away,0.5,-1.477277159690857,-0.27805840969085693,False,True
3042,ae78bda3ea64bac636429fcfbff2ddbecc41552c57997c1772257ce8c0c96d19,humaneval,if,20,random,0.5,-1.4742759466171265,-0.2789634168148041,False,True
3042,ae78bda3ea64bac636429fcfbff2ddbecc41552c57997c1772257ce8c0c96d19,humaneval,if,20,toward,1.0,-1.4741379022598267,-0.27882540225982666,False,True
3042,ae78bda3ea64bac636429fcfbff2ddbecc41552c57997c1772257ce8c0c96d19,humaneval,if,20,away,1.0,-1.4773271083831787,-0.2781084179878235,False,True
3042,ae78bda3ea64bac636429fcfbff2ddbecc41552c57997c1772257ce8c0c96d19,humaneval,if,20,random,1.0,-1.4772130250930786,-0.277994304895401,False,True
3042,ae78bda3ea64bac636429fcfbff2ddbecc41552c57997c1772257ce8c0c96d19,humaneval,if,22,toward,0.5,-1.474345088005066,-0.2790325880050659,False,True
3042,ae78bda3ea64bac636429fcfbff2ddbecc41552c57997c1772257ce8c0c96d19,humaneval,if,22,away,0.5,-1.4742257595062256,-0.2789132595062256,False,True
3042,ae78bda3ea64bac636429fcfbff2ddbecc41552c57997c1772257ce8c0c96d19,humaneval,if,22,random,0.5,-1.474307656288147,-0.278995156288147,False,True
3042,ae78bda3ea64bac636429fcfbff2ddbecc41552c57997c1772257ce8c0c96d19,humaneval,if,22,toward,1.0,-1.471339225769043,-0.27993303537368774,False,True
3042,ae78bda3ea64bac636429fcfbff2ddbecc41552c57997c1772257ce8c0c96d19,humaneval,if,22,away,1.0,-1.4742169380187988,-0.27890443801879883,False,True
3042,ae78bda3ea64bac636429fcfbff2ddbecc41552c57997c1772257ce8c0c96d19,humaneval,if,22,random,1.0,-1.4714492559432983,-0.2800430357456207,False,True
3042,ae78bda3ea64bac636429fcfbff2ddbecc41552c57997c1772257ce8c0c96d19,humaneval,if,23,toward,0.5,-1.4742704629898071,-0.2789579927921295,False,True
3042,ae78bda3ea64bac636429fcfbff2ddbecc41552c57997c1772257ce8c0c96d19,humaneval,if,23,away,0.5,-1.4742704629898071,-0.2789579927921295,False,True
3042,ae78bda3ea64bac636429fcfbff2ddbecc41552c57997c1772257ce8c0c96d19,humaneval,if,23,random,0.5,-1.4742704629898071,-0.2789579927921295,False,True
3042,ae78bda3ea64bac636429fcfbff2ddbecc41552c57997c1772257ce8c0c96d19,humaneval,if,23,toward,1.0,-1.4742704629898071,-0.2789579927921295,False,True
3042,ae78bda3ea64bac636429fcfbff2ddbecc41552c57997c1772257ce8c0c96d19,humaneval,if,23,away,1.0,-1.4742704629898071,-0.2789579927921295,False,True
3042,ae78bda3ea64bac636429fcfbff2ddbecc41552c57997c1772257ce8c0c96d19,humaneval,if,23,random,1.0,-1.4742704629898071,-0.2789579927921295,False,True
3042,ae78bda3ea64bac636429fcfbff2ddbecc41552c57997c1772257ce8c0c96d19,humaneval,body_first,0,toward,0.5,-1.4681308269500732,-0.28063079714775085,False,True
3042,ae78bda3ea64bac636429fcfbff2ddbecc41552c57997c1772257ce8c0c96d19,humaneval,body_first,0,away,0.5,-1.4650968313217163,-0.2815030813217163,False,True
3042,ae78bda3ea64bac636429fcfbff2ddbecc41552c57997c1772257ce8c0c96d19,humaneval,body_first,0,random,0.5,-1.4681813716888428,-0.28068140149116516,False,True
3042,ae78bda3ea64bac636429fcfbff2ddbecc41552c57997c1772257ce8c0c96d19,humaneval,body_first,0,toward,1.0,-1.4559658765792847,-0.28409087657928467,False,True
3042,ae78bda3ea64bac636429fcfbff2ddbecc41552c57997c1772257ce8c0c96d19,humaneval,body_first,0,away,1.0,-1.4500446319580078,-0.2859821021556854,False,True
3042,ae78bda3ea64bac636429fcfbff2ddbecc41552c57997c1772257ce8c0c96d19,humaneval,body_first,0,random,1.0,-1.471065640449524,-0.27965936064720154,False,True
3042,ae78bda3ea64bac636429fcfbff2ddbecc41552c57997c1772257ce8c0c96d19,humaneval,body_first,2,toward,0.5,-1.4741133451461792,-0.2788008749485016,False,True
3042,ae78bda3ea64bac636429fcfbff2ddbecc41552c57997c1772257ce8c0c96d19,humaneval,body_first,2,away,0.5,-1.471226692199707,-0.27982038259506226,False,True
3042,ae78bda3ea64bac636429fcfbff2ddbecc41552c57997c1772257ce8c0c96d19,humaneval,body_first,2,random,0.5,-1.4771943092346191,-0.27797552943229675,False,True
3042,ae78bda3ea64bac636429fcfbff2ddbecc41552c57997c1772257ce8c0c96d19,humaneval,body_first,2,toward,1.0,-1.48314368724823,-0.2761124074459076,False,True
3042,ae78bda3ea64bac636429fcfbff2ddbecc41552c57997c1772257ce8c0c96d19,humaneval,body_first,2,away,1.0,-1.474371314048767,-0.2790588438510895,False,True
3042,ae78bda3ea64bac636429fcfbff2ddbecc41552c57997c1772257ce8c0c96d19,humaneval,body_first,2,random,1.0,-1.4711030721664429,-0.27969685196876526,False,True
3042,ae78bda3ea64bac636429fcfbff2ddbecc41552c57997c1772257ce8c0c96d19,humaneval,body_first,4,toward,0.5,-1.4772790670394897,-0.27806028723716736,False,True
3042,ae78bda3ea64bac636429fcfbff2ddbecc41552c57997c1772257ce8c0c96d19,humaneval,body_first,4,away,0.5,-1.4712865352630615,-0.27988022565841675,False,True
3042,ae78bda3ea64bac636429fcfbff2ddbecc41552c57997c1772257ce8c0c96d19,humaneval,body_first,4,random,0.5,-1.4742615222930908,-0.27894899249076843,False,True
3042,ae78bda3ea64bac636429fcfbff2ddbecc41552c57997c1772257ce8c0c96d19,humaneval,body_first,4,toward,1.0,-1.4772834777832031,-0.2780647277832031,False,True
3042,ae78bda3ea64bac636429fcfbff2ddbecc41552c57997c1772257ce8c0c96d19,humaneval,body_first,4,away,1.0,-1.4683456420898438,-0.2808457016944885,False,True
3042,ae78bda3ea64bac636429fcfbff2ddbecc41552c57997c1772257ce8c0c96d19,humaneval,body_first,4,random,1.0,-1.4712893962860107,-0.27988311648368835,False,True
3042,ae78bda3ea64bac636429fcfbff2ddbecc41552c57997c1772257ce8c0c96d19,humaneval,body_first,6,toward,0.5,-1.4802289009094238,-0.2771039605140686,False,True
3042,ae78bda3ea64bac636429fcfbff2ddbecc41552c57997c1772257ce8c0c96d19,humaneval,body_first,6,away,0.5,-1.471224069595337,-0.2798178791999817,False,True
3042,ae78bda3ea64bac636429fcfbff2ddbecc41552c57997c1772257ce8c0c96d19,humaneval,body_first,6,random,0.5,-1.4741896390914917,-0.2788771092891693,False,True
3042,ae78bda3ea64bac636429fcfbff2ddbecc41552c57997c1772257ce8c0c96d19,humaneval,body_first,6,toward,1.0,-1.4891506433486938,-0.27430689334869385,False,True
3042,ae78bda3ea64bac636429fcfbff2ddbecc41552c57997c1772257ce8c0c96d19,humaneval,body_first,6,away,1.0,-1.468257188796997,-0.2807571291923523,False,True
3042,ae78bda3ea64bac636429fcfbff2ddbecc41552c57997c1772257ce8c0c96d19,humaneval,body_first,6,random,1.0,-1.4682154655456543,-0.2807155251502991,False,True
3042,ae78bda3ea64bac636429fcfbff2ddbecc41552c57997c1772257ce8c0c96d19,humaneval,body_first,8,toward,0.5,-1.4712486267089844,-0.2798423767089844,False,True
3042,ae78bda3ea64bac636429fcfbff2ddbecc41552c57997c1772257ce8c0c96d19,humaneval,body_first,8,away,0.5,-1.4712644815444946,-0.27985823154449463,False,True
3042,ae78bda3ea64bac636429fcfbff2ddbecc41552c57997c1772257ce8c0c96d19,humaneval,body_first,8,random,0.5,-1.47425377368927,-0.2789413034915924,False,True
3042,ae78bda3ea64bac636429fcfbff2ddbecc41552c57997c1772257ce8c0c96d19,humaneval,body_first,8,toward,1.0,-1.471184492111206,-0.27977821230888367,False,True
3042,ae78bda3ea64bac636429fcfbff2ddbecc41552c57997c1772257ce8c0c96d19,humaneval,body_first,8,away,1.0,-1.474306583404541,-0.278994083404541,False,True
3042,ae78bda3ea64bac636429fcfbff2ddbecc41552c57997c1772257ce8c0c96d19,humaneval,body_first,8,random,1.0,-1.4742991924285889,-0.27898669242858887,False,True
3042,ae78bda3ea64bac636429fcfbff2ddbecc41552c57997c1772257ce8c0c96d19,humaneval,body_first,10,toward,0.5,-1.4742677211761475,-0.27895522117614746,False,True
3042,ae78bda3ea64bac636429fcfbff2ddbecc41552c57997c1772257ce8c0c96d19,humaneval,body_first,10,away,0.5,-1.4772818088531494,-0.2780630886554718,False,True
3042,ae78bda3ea64bac636429fcfbff2ddbecc41552c57997c1772257ce8c0c96d19,humaneval,body_first,10,random,0.5,-1.4742810726165771,-0.2789686322212219,False,True
3042,ae78bda3ea64bac636429fcfbff2ddbecc41552c57997c1772257ce8c0c96d19,humaneval,body_first,10,toward,1.0,-1.4712854623794556,-0.27987924218177795,False,True
3042,ae78bda3ea64bac636429fcfbff2ddbecc41552c57997c1772257ce8c0c96d19,humaneval,body_first,10,away,1.0,-1.4743633270263672,-0.2790507972240448,False,True
3042,ae78bda3ea64bac636429fcfbff2ddbecc41552c57997c1772257ce8c0c96d19,humaneval,body_first,10,random,1.0,-1.4714462757110596,-0.2800399661064148,False,True
3042,ae78bda3ea64bac636429fcfbff2ddbecc41552c57997c1772257ce8c0c96d19,humaneval,body_first,12,toward,0.5,-1.4742300510406494,-0.2789176106452942,False,True
3042,ae78bda3ea64bac636429fcfbff2ddbecc41552c57997c1772257ce8c0c96d19,humaneval,body_first,12,away,0.5,-1.474285364151001,-0.2789728045463562,False,True
3042,ae78bda3ea64bac636429fcfbff2ddbecc41552c57997c1772257ce8c0c96d19,humaneval,body_first,12,random,0.5,-1.477195382118225,-0.2779766023159027,False,True
3042,ae78bda3ea64bac636429fcfbff2ddbecc41552c57997c1772257ce8c0c96d19,humaneval,body_first,12,toward,1.0,-1.4742506742477417,-0.2789381742477417,False,True
3042,ae78bda3ea64bac636429fcfbff2ddbecc41552c57997c1772257ce8c0c96d19,humaneval,body_first,12,away,1.0,-1.4772870540618896,-0.27806833386421204,False,True
3042,ae78bda3ea64bac636429fcfbff2ddbecc41552c57997c1772257ce8c0c96d19,humaneval,body_first,12,random,1.0,-1.474222183227539,-0.2789096534252167,False,True
3042,ae78bda3ea64bac636429fcfbff2ddbecc41552c57997c1772257ce8c0c96d19,humaneval,body_first,14,toward,0.5,-1.4743303060531616,-0.2790178060531616,False,True
3042,ae78bda3ea64bac636429fcfbff2ddbecc41552c57997c1772257ce8c0c96d19,humaneval,body_first,14,away,0.5,-1.4742704629898071,-0.2789579927921295,False,True
3042,ae78bda3ea64bac636429fcfbff2ddbecc41552c57997c1772257ce8c0c96d19,humaneval,body_first,14,random,0.5,-1.47129487991333,-0.27988868951797485,False,True
3042,ae78bda3ea64bac636429fcfbff2ddbecc41552c57997c1772257ce8c0c96d19,humaneval,body_first,14,toward,1.0,-1.4683327674865723,-0.2808327376842499,False,True
3042,ae78bda3ea64bac636429fcfbff2ddbecc41552c57997c1772257ce8c0c96d19,humaneval,body_first,14,away,1.0,-1.477271318435669,-0.27805253863334656,False,True
3042,ae78bda3ea64bac636429fcfbff2ddbecc41552c57997c1772257ce8c0c96d19,humaneval,body_first,14,random,1.0,-1.4713703393936157,-0.2799641191959381,False,True
3042,ae78bda3ea64bac636429fcfbff2ddbecc41552c57997c1772257ce8c0c96d19,humaneval,body_first,16,toward,0.5,-1.4742833375930786,-0.2789708077907562,False,True
3042,ae78bda3ea64bac636429fcfbff2ddbecc41552c57997c1772257ce8c0c96d19,humaneval,body_first,16,away,0.5,-1.4772229194641113,-0.27800413966178894,False,True
3042,ae78bda3ea64bac636429fcfbff2ddbecc41552c57997c1772257ce8c0c96d19,humaneval,body_first,16,random,0.5,-1.4742813110351562,-0.27896881103515625,False,True
3042,ae78bda3ea64bac636429fcfbff2ddbecc41552c57997c1772257ce8c0c96d19,humaneval,body_first,16,toward,1.0,-1.474246859550476,-0.2789343595504761,False,True
3042,ae78bda3ea64bac636429fcfbff2ddbecc41552c57997c1772257ce8c0c96d19,humaneval,body_first,16,away,1.0,-1.4742796421051025,-0.27896711230278015,False,True
3042,ae78bda3ea64bac636429fcfbff2ddbecc41552c57997c1772257ce8c0c96d19,humaneval,body_first,16,random,1.0,-1.4743022918701172,-0.2789897620677948,False,True
3042,ae78bda3ea64bac636429fcfbff2ddbecc41552c57997c1772257ce8c0c96d19,humaneval,body_first,18,toward,0.5,-1.4742858409881592,-0.2789733409881592,False,True
3042,ae78bda3ea64bac636429fcfbff2ddbecc41552c57997c1772257ce8c0c96d19,humaneval,body_first,18,away,0.5,-1.474257469177246,-0.27894502878189087,False,True
3042,ae78bda3ea64bac636429fcfbff2ddbecc41552c57997c1772257ce8c0c96d19,humaneval,body_first,18,random,0.5,-1.4742581844329834,-0.278945654630661,False,True
3042,ae78bda3ea64bac636429fcfbff2ddbecc41552c57997c1772257ce8c0c96d19,humaneval,body_first,18,toward,1.0,-1.4772613048553467,-0.2780425250530243,False,True
3042,ae78bda3ea64bac636429fcfbff2ddbecc41552c57997c1772257ce8c0c96d19,humaneval,body_first,18,away,1.0,-1.4742662906646729,-0.2789538502693176,False,True
3042,ae78bda3ea64bac636429fcfbff2ddbecc41552c57997c1772257ce8c0c96d19,humaneval,body_first,18,random,1.0,-1.4742600917816162,-0.27894753217697144,False,True
3042,ae78bda3ea64bac636429fcfbff2ddbecc41552c57997c1772257ce8c0c96d19,humaneval,body_first,20,toward,0.5,-1.4772751331329346,-0.27805641293525696,False,True
3042,ae78bda3ea64bac636429fcfbff2ddbecc41552c57997c1772257ce8c0c96d19,humaneval,body_first,20,away,0.5,-1.4742846488952637,-0.27897217869758606,False,True
3042,ae78bda3ea64bac636429fcfbff2ddbecc41552c57997c1772257ce8c0c96d19,humaneval,body_first,20,random,0.5,-1.474278211593628,-0.2789657711982727,False,True
3042,ae78bda3ea64bac636429fcfbff2ddbecc41552c57997c1772257ce8c0c96d19,humaneval,body_first,20,toward,1.0,-1.4742921590805054,-0.27897965908050537,False,True
3042,ae78bda3ea64bac636429fcfbff2ddbecc41552c57997c1772257ce8c0c96d19,humaneval,body_first,20,away,1.0,-1.4742637872695923,-0.2789513170719147,False,True
3042,ae78bda3ea64bac636429fcfbff2ddbecc41552c57997c1772257ce8c0c96d19,humaneval,body_first,20,random,1.0,-1.474247694015503,-0.27893519401550293,False,True
3042,ae78bda3ea64bac636429fcfbff2ddbecc41552c57997c1772257ce8c0c96d19,humaneval,body_first,22,toward,0.5,-1.4742751121520996,-0.2789626121520996,False,True
3042,ae78bda3ea64bac636429fcfbff2ddbecc41552c57997c1772257ce8c0c96d19,humaneval,body_first,22,away,0.5,-1.4742435216903687,-0.27893105149269104,False,True
3042,ae78bda3ea64bac636429fcfbff2ddbecc41552c57997c1772257ce8c0c96d19,humaneval,body_first,22,random,0.5,-1.4742472171783447,-0.27893465757369995,False,True
3042,ae78bda3ea64bac636429fcfbff2ddbecc41552c57997c1772257ce8c0c96d19,humaneval,body_first,22,toward,1.0,-1.4742956161499023,-0.27898308634757996,False,True
3042,ae78bda3ea64bac636429fcfbff2ddbecc41552c57997c1772257ce8c0c96d19,humaneval,body_first,22,away,1.0,-1.4772694110870361,-0.27805063128471375,False,True
3042,ae78bda3ea64bac636429fcfbff2ddbecc41552c57997c1772257ce8c0c96d19,humaneval,body_first,22,random,1.0,-1.474250078201294,-0.27893760800361633,False,True
3042,ae78bda3ea64bac636429fcfbff2ddbecc41552c57997c1772257ce8c0c96d19,humaneval,body_first,23,toward,0.5,-1.4742704629898071,-0.2789579927921295,False,True
3042,ae78bda3ea64bac636429fcfbff2ddbecc41552c57997c1772257ce8c0c96d19,humaneval,body_first,23,away,0.5,-1.4742704629898071,-0.2789579927921295,False,True
3042,ae78bda3ea64bac636429fcfbff2ddbecc41552c57997c1772257ce8c0c96d19,humaneval,body_first,23,random,0.5,-1.4742704629898071,-0.2789579927921295,False,True
3042,ae78bda3ea64bac636429fcfbff2ddbecc41552c57997c1772257ce8c0c96d19,humaneval,body_first,23,toward,1.0,-1.4742704629898071,-0.2789579927921295,False,True
3042,ae78bda3ea64bac636429fcfbff2ddbecc41552c57997c1772257ce8c0c96d19,humaneval,body_first,23,away,1.0,-1.4742704629898071,-0.2789579927921295,False,True
3042,ae78bda3ea64bac636429fcfbff2ddbecc41552c57997c1772257ce8c0c96d19,humaneval,body_first,23,random,1.0,-1.4742704629898071,-0.2789579927921295,False,True
3042,ae78bda3ea64bac636429fcfbff2ddbecc41552c57997c1772257ce8c0c96d19,humaneval,answer,0,toward,0.5,-1.581352710723877,-0.25127455592155457,False,True
3042,ae78bda3ea64bac636429fcfbff2ddbecc41552c57997c1772257ce8c0c96d19,humaneval,answer,0,away,0.5,-1.422349214553833,-0.293442964553833,False,True
3042,ae78bda3ea64bac636429fcfbff2ddbecc41552c57997c1772257ce8c0c96d19,humaneval,answer,0,random,0.5,-1.6379534006118774,-0.23365652561187744,False,True
3042,ae78bda3ea64bac636429fcfbff2ddbecc41552c57997c1772257ce8c0c96d19,humaneval,answer,0,toward,1.0,-1.5785771608352661,-0.2611943781375885,False,True
3042,ae78bda3ea64bac636429fcfbff2ddbecc41552c57997c1772257ce8c0c96d19,humaneval,answer,0,away,1.0,-1.4198236465454102,-0.2953118681907654,False,True
3042,ae78bda3ea64bac636429fcfbff2ddbecc41552c57997c1772257ce8c0c96d19,humaneval,answer,0,random,1.0,-1.6277036666870117,-0.2407408356666565,False,True
3042,ae78bda3ea64bac636429fcfbff2ddbecc41552c57997c1772257ce8c0c96d19,humaneval,answer,2,toward,0.5,-1.5539840459823608,-0.2610153257846832,False,True
3042,ae78bda3ea64bac636429fcfbff2ddbecc41552c57997c1772257ce8c0c96d19,humaneval,answer,2,away,0.5,-1.54727303981781,-0.25430428981781006,False,True
3042,ae78bda3ea64bac636429fcfbff2ddbecc41552c57997c1772257ce8c0c96d19,humaneval,answer,2,random,0.5,-1.5702944993972778,-0.2519351541996002,False,True
3042,ae78bda3ea64bac636429fcfbff2ddbecc41552c57997c1772257ce8c0c96d19,humaneval,answer,2,toward,1.0,-1.4083452224731445,-0.31264209747314453,False,True
3042,ae78bda3ea64bac636429fcfbff2ddbecc41552c57997c1772257ce8c0c96d19,humaneval,answer,2,away,1.0,-1.9695707559585571,-0.16097699105739594,False,True
3042,ae78bda3ea64bac636429fcfbff2ddbecc41552c57997c1772257ce8c0c96d19,humaneval,answer,2,random,1.0,-1.5150500535964966,-0.2727404832839966,False,True
3042,ae78bda3ea64bac636429fcfbff2ddbecc41552c57997c1772257ce8c0c96d19,humaneval,answer,4,toward,0.5,-1.3153373003005981,-0.33877483010292053,False,True
3042,ae78bda3ea64bac636429fcfbff2ddbecc41552c57997c1772257ce8c0c96d19,humaneval,answer,4,away,0.5,-1.6689748764038086,-0.22366240620613098,False,True
3042,ae78bda3ea64bac636429fcfbff2ddbecc41552c57997c1772257ce8c0c96d19,humaneval,answer,4,random,0.5,-1.5195056200027466,-0.2695056200027466,False,True
3042,ae78bda3ea64bac636429fcfbff2ddbecc41552c57997c1772257ce8c0c96d19,humaneval,answer,4,toward,1.0,-1.1942481994628906,-0.3973732590675354,False,True
3042,ae78bda3ea64bac636429fcfbff2ddbecc41552c57997c1772257ce8c0c96d19,humaneval,answer,4,away,1.0,-1.398592472076416,-0.30484241247177124,False,True
3042,ae78bda3ea64bac636429fcfbff2ddbecc41552c57997c1772257ce8c0c96d19,humaneval,answer,4,random,1.0,-1.4445291757583618,-0.29804477095603943,False,True
3042,ae78bda3ea64bac636429fcfbff2ddbecc41552c57997c1772257ce8c0c96d19,humaneval,answer,6,toward,0.5,-1.2548611164093018,-0.36423617601394653,False,True
3042,ae78bda3ea64bac636429fcfbff2ddbecc41552c57997c1772257ce8c0c96d19,humaneval,answer,6,away,0.5,-1.5618282556533813,-0.25128141045570374,False,True
3042,ae78bda3ea64bac636429fcfbff2ddbecc41552c57997c1772257ce8c0c96d19,humaneval,answer,6,random,0.5,-1.3683497905731201,-0.3136622905731201,False,True
3042,ae78bda3ea64bac636429fcfbff2ddbecc41552c57997c1772257ce8c0c96d19,humaneval,answer,6,toward,1.0,-0.9549602270126343,-0.5389446020126343,False,True
3042,ae78bda3ea64bac636429fcfbff2ddbecc41552c57997c1772257ce8c0c96d19,humaneval,answer,6,away,1.0,-1.4965753555297852,-0.2661065459251404,False,True
3042,ae78bda3ea64bac636429fcfbff2ddbecc41552c57997c1772257ce8c0c96d19,humaneval,answer,6,random,1.0,-1.0279496908187866,-0.4654496908187866,False,True
3042,ae78bda3ea64bac636429fcfbff2ddbecc41552c57997c1772257ce8c0c96d19,humaneval,answer,8,toward,0.5,-2.0333895683288574,-0.15838944911956787,False,True
3042,ae78bda3ea64bac636429fcfbff2ddbecc41552c57997c1772257ce8c0c96d19,humaneval,answer,8,away,0.5,-1.0223824977874756,-0.46874406933784485,False,True
3042,ae78bda3ea64bac636429fcfbff2ddbecc41552c57997c1772257ce8c0c96d19,humaneval,answer,8,random,0.5,-1.6581894159317017,-0.22850188612937927,False,True
3042,ae78bda3ea64bac636429fcfbff2ddbecc41552c57997c1772257ce8c0c96d19,humaneval,answer,8,toward,1.0,-2.1652235984802246,-0.14569222927093506,False,True
3042,ae78bda3ea64bac636429fcfbff2ddbecc41552c57997c1772257ce8c0c96d19,humaneval,answer,8,away,1.0,-0.8467237949371338,-0.5889112949371338,False,True
3042,ae78bda3ea64bac636429fcfbff2ddbecc41552c57997c1772257ce8c0c96d19,humaneval,answer,8,random,1.0,-1.6577026844024658,-0.22801513969898224,False,True
3042,ae78bda3ea64bac636429fcfbff2ddbecc41552c57997c1772257ce8c0c96d19,humaneval,answer,10,toward,0.5,-1.6727824211120605,-0.22746987640857697,False,True
3042,ae78bda3ea64bac636429fcfbff2ddbecc41552c57997c1772257ce8c0c96d19,humaneval,answer,10,away,0.5,-1.1823170185089111,-0.38739511370658875,False,True
3042,ae78bda3ea64bac636429fcfbff2ddbecc41552c57997c1772257ce8c0c96d19,humaneval,answer,10,random,0.5,-1.8029389381408691,-0.19356387853622437,False,True
3042,ae78bda3ea64bac636429fcfbff2ddbecc41552c57997c1772257ce8c0c96d19,humaneval,answer,10,toward,1.0,-1.6576594114303589,-0.2514094412326813,False,True
3042,ae78bda3ea64bac636429fcfbff2ddbecc41552c57997c1772257ce8c0c96d19,humaneval,answer,10,away,1.0,-1.229455828666687,-0.377893328666687,False,True
3042,ae78bda3ea64bac636429fcfbff2ddbecc41552c57997c1772257ce8c0c96d19,humaneval,answer,10,random,1.0,-1.9904518127441406,-0.162326842546463,False,True
3042,ae78bda3ea64bac636429fcfbff2ddbecc41552c57997c1772257ce8c0c96d19,humaneval,answer,12,toward,0.5,-1.7913269996643066,-0.20026251673698425,False,True
3042,ae78bda3ea64bac636429fcfbff2ddbecc41552c57997c1772257ce8c0c96d19,humaneval,answer,12,away,0.5,-1.0383942127227783,-0.47980040311813354,False,True
3042,ae78bda3ea64bac636429fcfbff2ddbecc41552c57997c1772257ce8c0c96d19,humaneval,answer,12,random,0.5,-1.5361605882644653,-0.26662930846214294,False,True
3042,ae78bda3ea64bac636429fcfbff2ddbecc41552c57997c1772257ce8c0c96d19,humaneval,answer,12,toward,1.0,-1.6736643314361572,-0.23616428673267365,False,True
3042,ae78bda3ea64bac636429fcfbff2ddbecc41552c57997c1772257ce8c0c96d19,humaneval,answer,12,away,1.0,-0.7870841026306152,-0.8989005088806152,True,False
3042,ae78bda3ea64bac636429fcfbff2ddbecc41552c57997c1772257ce8c0c96d19,humaneval,answer,12,random,1.0,-1.543593168258667,-0.285780668258667,False,True
3042,ae78bda3ea64bac636429fcfbff2ddbecc41552c57997c1772257ce8c0c96d19,humaneval,answer,14,toward,0.5,-1.7530717849731445,-0.21010303497314453,False,True
3042,ae78bda3ea64bac636429fcfbff2ddbecc41552c57997c1772257ce8c0c96d19,humaneval,answer,14,away,0.5,-1.0649014711380005,-0.4677335023880005,False,True
3042,ae78bda3ea64bac636429fcfbff2ddbecc41552c57997c1772257ce8c0c96d19,humaneval,answer,14,random,0.5,-1.1184152364730835,-0.4387277662754059,False,True
3042,ae78bda3ea64bac636429fcfbff2ddbecc41552c57997c1772257ce8c0c96d19,humaneval,answer,14,toward,1.0,-1.636190414428711,-0.24361228942871094,False,True
3042,ae78bda3ea64bac636429fcfbff2ddbecc41552c57997c1772257ce8c0c96d19,humaneval,answer,14,away,1.0,-0.8123487234115601,-0.9451612234115601,True,False
3042,ae78bda3ea64bac636429fcfbff2ddbecc41552c57997c1772257ce8c0c96d19,humaneval,answer,14,random,1.0,-0.910023033618927,-0.634632408618927,False,True
3042,ae78bda3ea64bac636429fcfbff2ddbecc41552c57997c1772257ce8c0c96d19,humaneval,answer,16,toward,0.5,-1.8356443643569946,-0.19111306965351105,False,True
3042,ae78bda3ea64bac636429fcfbff2ddbecc41552c57997c1772257ce8c0c96d19,humaneval,answer,16,away,0.5,-0.7988525032997131,-0.6445556282997131,False,True
3042,ae78bda3ea64bac636429fcfbff2ddbecc41552c57997c1772257ce8c0c96d19,humaneval,answer,16,random,0.5,-1.3851842880249023,-0.30705922842025757,False,True
3042,ae78bda3ea64bac636429fcfbff2ddbecc41552c57997c1772257ce8c0c96d19,humaneval,answer,16,toward,1.0,-1.8524023294448853,-0.19322265684604645,False,True
3042,ae78bda3ea64bac636429fcfbff2ddbecc41552c57997c1772257ce8c0c96d19,humaneval,answer,16,away,1.0,-0.413848340511322,-1.5661921501159668,True,False
3042,ae78bda3ea64bac636429fcfbff2ddbecc41552c57997c1772257ce8c0c96d19,humaneval,answer,16,random,1.0,-1.2587090730667114,-0.37589654326438904,False,True
3042,ae78bda3ea64bac636429fcfbff2ddbecc41552c57997c1772257ce8c0c96d19,humaneval,answer,18,toward,0.5,-1.4145331382751465,-0.3051581382751465,False,True
3042,ae78bda3ea64bac636429fcfbff2ddbecc41552c57997c1772257ce8c0c96d19,humaneval,answer,18,away,0.5,-1.4853593111038208,-0.2744218111038208,False,True
3042,ae78bda3ea64bac636429fcfbff2ddbecc41552c57997c1772257ce8c0c96d19,humaneval,answer,18,random,0.5,-1.206850290298462,-0.38263148069381714,False,True
3042,ae78bda3ea64bac636429fcfbff2ddbecc41552c57997c1772257ce8c0c96d19,humaneval,answer,18,toward,1.0,-1.450395107269287,-0.3019576072692871,False,True
3042,ae78bda3ea64bac636429fcfbff2ddbecc41552c57997c1772257ce8c0c96d19,humaneval,answer,18,away,1.0,-1.3363715410232544,-0.3441840410232544,False,True
3042,ae78bda3ea64bac636429fcfbff2ddbecc41552c57997c1772257ce8c0c96d19,humaneval,answer,18,random,1.0,-0.9496374726295471,-0.5277624726295471,False,True
3042,ae78bda3ea64bac636429fcfbff2ddbecc41552c57997c1772257ce8c0c96d19,humaneval,answer,20,toward,0.5,-1.2002099752426147,-0.38770994544029236,False,True
3042,ae78bda3ea64bac636429fcfbff2ddbecc41552c57997c1772257ce8c0c96d19,humaneval,answer,20,away,0.5,-1.8967405557632446,-0.1779906004667282,False,True
3042,ae78bda3ea64bac636429fcfbff2ddbecc41552c57997c1772257ce8c0c96d19,humaneval,answer,20,random,0.5,-1.4848135709762573,-0.27387604117393494,False,True
3042,ae78bda3ea64bac636429fcfbff2ddbecc41552c57997c1772257ce8c0c96d19,humaneval,answer,20,toward,1.0,-1.0484989881515503,-0.4781864881515503,False,True
3042,ae78bda3ea64bac636429fcfbff2ddbecc41552c57997c1772257ce8c0c96d19,humaneval,answer,20,away,1.0,-1.9863423109054565,-0.17384235560894012,False,True
3042,ae78bda3ea64bac636429fcfbff2ddbecc41552c57997c1772257ce8c0c96d19,humaneval,answer,20,random,1.0,-1.4430866241455078,-0.2868365943431854,False,True
3042,ae78bda3ea64bac636429fcfbff2ddbecc41552c57997c1772257ce8c0c96d19,humaneval,answer,22,toward,0.5,-1.1498935222625732,-0.415518581867218,False,True
3042,ae78bda3ea64bac636429fcfbff2ddbecc41552c57997c1772257ce8c0c96d19,humaneval,answer,22,away,0.5,-1.997999906539917,-0.1542498618364334,False,True
3042,ae78bda3ea64bac636429fcfbff2ddbecc41552c57997c1772257ce8c0c96d19,humaneval,answer,22,random,0.5,-0.9104105234146118,-0.5479837656021118,False,True
3042,ae78bda3ea64bac636429fcfbff2ddbecc41552c57997c1772257ce8c0c96d19,humaneval,answer,22,toward,1.0,-0.891007125377655,-0.641007125377655,False,True
3042,ae78bda3ea64bac636429fcfbff2ddbecc41552c57997c1772257ce8c0c96d19,humaneval,answer,22,away,1.0,-2.4689643383026123,-0.09396428614854813,False,True
3042,ae78bda3ea64bac636429fcfbff2ddbecc41552c57997c1772257ce8c0c96d19,humaneval,answer,22,random,1.0,-0.5220610499382019,-0.9537321925163269,True,False
3042,ae78bda3ea64bac636429fcfbff2ddbecc41552c57997c1772257ce8c0c96d19,humaneval,answer,23,toward,0.5,-1.2342967987060547,-0.5546092391014099,False,True
3042,ae78bda3ea64bac636429fcfbff2ddbecc41552c57997c1772257ce8c0c96d19,humaneval,answer,23,away,0.5,-1.9392060041427612,-0.15795601904392242,False,True
3042,ae78bda3ea64bac636429fcfbff2ddbecc41552c57997c1772257ce8c0c96d19,humaneval,answer,23,random,0.5,-0.9266000390052795,-0.5906625390052795,False,True
3042,ae78bda3ea64bac636429fcfbff2ddbecc41552c57997c1772257ce8c0c96d19,humaneval,answer,23,toward,1.0,-1.8283169269561768,-1.4533169269561768,False,True
3042,ae78bda3ea64bac636429fcfbff2ddbecc41552c57997c1772257ce8c0c96d19,humaneval,answer,23,away,1.0,-2.0221428871154785,-0.1471429020166397,False,True
3042,ae78bda3ea64bac636429fcfbff2ddbecc41552c57997c1772257ce8c0c96d19,humaneval,answer,23,random,1.0,-0.9317947626113892,-1.2403885126113892,True,False
3045,11e595a2aae90f5bd3db9d5b0b25f8ecf7d7d5524a765b95acef9500fd88a64f,humaneval,baseline,-1,none,0.0,-2.8297672271728516,-0.0953921303153038,False,True
3045,11e595a2aae90f5bd3db9d5b0b25f8ecf7d7d5524a765b95acef9500fd88a64f,humaneval,if,0,toward,0.5,-2.800321340560913,-0.09719626605510712,False,True
3045,11e595a2aae90f5bd3db9d5b0b25f8ecf7d7d5524a765b95acef9500fd88a64f,humaneval,if,0,away,0.5,-2.8593502044677734,-0.09372519701719284,False,True
3045,11e595a2aae90f5bd3db9d5b0b25f8ecf7d7d5524a765b95acef9500fd88a64f,humaneval,if,0,random,0.5,-2.7424206733703613,-0.10179567337036133,False,True
3045,11e595a2aae90f5bd3db9d5b0b25f8ecf7d7d5524a765b95acef9500fd88a64f,humaneval,if,0,toward,1.0,-1.9090564250946045,-0.2449938952922821,False,True
3045,11e595a2aae90f5bd3db9d5b0b25f8ecf7d7d5524a765b95acef9500fd88a64f,humaneval,if,0,away,1.0,-2.7919304370880127,-0.10443037003278732,False,True
3045,11e595a2aae90f5bd3db9d5b0b25f8ecf7d7d5524a765b95acef9500fd88a64f,humaneval,if,0,random,1.0,-1.9090701341629028,-0.2371951788663864,False,True
3045,11e595a2aae90f5bd3db9d5b0b25f8ecf7d7d5524a765b95acef9500fd88a64f,humaneval,if,2,toward,0.5,-2.6767520904541016,-0.11425203084945679,False,True
3045,11e595a2aae90f5bd3db9d5b0b25f8ecf7d7d5524a765b95acef9500fd88a64f,humaneval,if,2,away,0.5,-2.9145569801330566,-0.08643186092376709,False,True
3045,11e595a2aae90f5bd3db9d5b0b25f8ecf7d7d5524a765b95acef9500fd88a64f,humaneval,if,2,random,0.5,-2.8552072048187256,-0.08958229422569275,False,True
3045,11e595a2aae90f5bd3db9d5b0b25f8ecf7d7d5524a765b95acef9500fd88a64f,humaneval,if,2,toward,1.0,-1.6415115594863892,-0.35147249698638916,False,True
3045,11e595a2aae90f5bd3db9d5b0b25f8ecf7d7d5524a765b95acef9500fd88a64f,humaneval,if,2,away,1.0,-2.56315279006958,-0.1256527602672577,False,True
3045,11e595a2aae90f5bd3db9d5b0b25f8ecf7d7d5524a765b95acef9500fd88a64f,humaneval,if,2,random,1.0,-2.8118972778320312,-0.09314724802970886,False,True
3045,11e595a2aae90f5bd3db9d5b0b25f8ecf7d7d5524a765b95acef9500fd88a64f,humaneval,if,4,toward,0.5,-2.469066619873047,-0.13312914967536926,False,True
3045,11e595a2aae90f5bd3db9d5b0b25f8ecf7d7d5524a765b95acef9500fd88a64f,humaneval,if,4,away,0.5,-2.9001505374908447,-0.08765046298503876,False,True
3045,11e595a2aae90f5bd3db9d5b0b25f8ecf7d7d5524a765b95acef9500fd88a64f,humaneval,if,4,random,0.5,-2.9013500213623047,-0.08885002136230469,False,True
3045,11e595a2aae90f5bd3db9d5b0b25f8ecf7d7d5524a765b95acef9500fd88a64f,humaneval,if,4,toward,1.0,-1.6270917654037476,-0.32240426540374756,False,True
3045,11e595a2aae90f5bd3db9d5b0b25f8ecf7d7d5524a765b95acef9500fd88a64f,humaneval,if,4,away,1.0,-2.8434770107269287,-0.09347692877054214,False,True
3045,11e595a2aae90f5bd3db9d5b0b25f8ecf7d7d5524a765b95acef9500fd88a64f,humaneval,if,4,random,1.0,-2.8339297771453857,-0.09955467283725739,False,True
3045,11e595a2aae90f5bd3db9d5b0b25f8ecf7d7d5524a765b95acef9500fd88a64f,humaneval,if,6,toward,0.5,-2.698051929473877,-0.104301817715168,False,True
3045,11e595a2aae90f5bd3db9d5b0b25f8ecf7d7d5524a765b95acef9500fd88a64f,humaneval,if,6,away,0.5,-2.833378553390503,-0.0990036278963089,False,True
3045,11e595a2aae90f5bd3db9d5b0b25f8ecf7d7d5524a765b95acef9500fd88a64f,humaneval,if,6,random,0.5,-2.755913496017456,-0.09966355562210083,False,True
3045,11e595a2aae90f5bd3db9d5b0b25f8ecf7d7d5524a765b95acef9500fd88a64f,humaneval,if,6,toward,1.0,-2.539018154144287,-0.11714312434196472,False,True
3045,11e595a2aae90f5bd3db9d5b0b25f8ecf7d7d5524a765b95acef9500fd88a64f,humaneval,if,6,away,1.0,-2.6810309886932373,-0.12634356319904327,False,True
3045,11e595a2aae90f5bd3db9d5b0b25f8ecf7d7d5524a765b95acef9500fd88a64f,humaneval,if,6,random,1.0,-2.6124160289764404,-0.11241599917411804,False,True
3045,11e595a2aae90f5bd3db9d5b0b25f8ecf7d7d5524a765b95acef9500fd88a64f,humaneval,if,8,toward,0.5,-2.9014177322387695,-0.08891764283180237,False,True
3045,11e595a2aae90f5bd3db9d5b0b25f8ecf7d7d5524a765b95acef9500fd88a64f,humaneval,if,8,away,0.5,-2.7728447914123535,-0.10096970945596695,False,True
3045,11e595a2aae90f5bd3db9d5b0b25f8ecf7d7d5524a765b95acef9500fd88a64f,humaneval,if,8,random,0.5,-2.773991346359253,-0.10211637616157532,False,True
3045,11e595a2aae90f5bd3db9d5b0b25f8ecf7d7d5524a765b95acef9500fd88a64f,humaneval,if,8,toward,1.0,-2.784973382949829,-0.09747345745563507,False,True
3045,11e595a2aae90f5bd3db9d5b0b25f8ecf7d7d5524a765b95acef9500fd88a64f,humaneval,if,8,away,1.0,-2.701766014099121,-0.10801606625318527,False,True
3045,11e595a2aae90f5bd3db9d5b0b25f8ecf7d7d5524a765b95acef9500fd88a64f,humaneval,if,8,random,1.0,-2.7031497955322266,-0.10939974337816238,False,True
3045,11e595a2aae90f5bd3db9d5b0b25f8ecf7d7d5524a765b95acef9500fd88a64f,humaneval,if,10,toward,0.5,-2.886789321899414,-0.0899142399430275,False,True
3045,11e595a2aae90f5bd3db9d5b0b25f8ecf7d7d5524a765b95acef9500fd88a64f,humaneval,if,10,away,0.5,-2.7155909538269043,-0.1062159314751625,False,True
3045,11e595a2aae90f5bd3db9d5b0b25f8ecf7d7d5524a765b95acef9500fd88a64f,humaneval,if,10,random,0.5,-2.8152408599853516,-0.09649097919464111,False,True
3045,11e595a2aae90f5bd3db9d5b0b25f8ecf7d7d5524a765b95acef9500fd88a64f,humaneval,if,10,toward,1.0,-2.858834743499756,-0.09320969879627228,False,True
3045,11e595a2aae90f5bd3db9d5b0b25f8ecf7d7d5524a765b95acef9500fd88a64f,humaneval,if,10,away,1.0,-2.5753605365753174,-0.12223545461893082,False,True
3045,11e595a2aae90f5bd3db9d5b0b25f8ecf7d7d5524a765b95acef9500fd88a64f,humaneval,if,10,random,1.0,-2.7863357067108154,-0.09883560985326767,False,True
3045,11e595a2aae90f5bd3db9d5b0b25f8ecf7d7d5524a765b95acef9500fd88a64f,humaneval,if,12,toward,0.5,-2.815063714981079,-0.09631365537643433,False,True
3045,11e595a2aae90f5bd3db9d5b0b25f8ecf7d7d5524a765b95acef9500fd88a64f,humaneval,if,12,away,0.5,-2.8009119033813477,-0.09778690338134766,False,True
3045,11e595a2aae90f5bd3db9d5b0b25f8ecf7d7d5524a765b95acef9500fd88a64f,humaneval,if,12,random,0.5,-2.8150341510772705,-0.09628409892320633,False,True
3045,11e595a2aae90f5bd3db9d5b0b25f8ecf7d7d5524a765b95acef9500fd88a64f,humaneval,if,12,toward,1.0,-2.758147716522217,-0.10189763456583023,False,True
3045,11e595a2aae90f5bd3db9d5b0b25f8ecf7d7d5524a765b95acef9500fd88a64f,humaneval,if,12,away,1.0,-2.716808795928955,-0.10743379592895508,False,True
3045,11e595a2aae90f5bd3db9d5b0b25f8ecf7d7d5524a765b95acef9500fd88a64f,humaneval,if,12,random,1.0,-2.7292466163635254,-0.10424650460481644,False,True
3045,11e595a2aae90f5bd3db9d5b0b25f8ecf7d7d5524a765b95acef9500fd88a64f,humaneval,if,14,toward,0.5,-2.816004753112793,-0.09725478291511536,False,True
3045,11e595a2aae90f5bd3db9d5b0b25f8ecf7d7d5524a765b95acef9500fd88a64f,humaneval,if,14,away,0.5,-2.800503730773926,-0.09737861901521683,False,True
3045,11e595a2aae90f5bd3db9d5b0b25f8ecf7d7d5524a765b95acef9500fd88a64f,humaneval,if,14,random,0.5,-2.7865512371063232,-0.0990513488650322,False,True
3045,11e595a2aae90f5bd3db9d5b0b25f8ecf7d7d5524a765b95acef9500fd88a64f,humaneval,if,14,toward,1.0,-2.8025808334350586,-0.09945593029260635,False,True
3045,11e595a2aae90f5bd3db9d5b0b25f8ecf7d7d5524a765b95acef9500fd88a64f,humaneval,if,14,away,1.0,-2.7297844886779785,-0.10478436946868896,False,True
3045,11e595a2aae90f5bd3db9d5b0b25f8ecf7d7d5524a765b95acef9500fd88a64f,humaneval,if,14,random,1.0,-2.7508156299591064,-0.1023782268166542,False,True
3045,11e595a2aae90f5bd3db9d5b0b25f8ecf7d7d5524a765b95acef9500fd88a64f,humaneval,if,16,toward,0.5,-2.8156566619873047,-0.09690665453672409,False,True
3045,11e595a2aae90f5bd3db9d5b0b25f8ecf7d7d5524a765b95acef9500fd88a64f,humaneval,if,16,away,0.5,-2.800985097885132,-0.09786008298397064,False,True
3045,11e595a2aae90f5bd3db9d5b0b25f8ecf7d7d5524a765b95acef9500fd88a64f,humaneval,if,16,random,0.5,-2.844403028488159,-0.09440304338932037,False,True
3045,11e595a2aae90f5bd3db9d5b0b25f8ecf7d7d5524a765b95acef9500fd88a64f,humaneval,if,16,toward,1.0,-2.801614284515381,-0.09848932921886444,False,True
3045,11e595a2aae90f5bd3db9d5b0b25f8ecf7d7d5524a765b95acef9500fd88a64f,humaneval,if,16,away,1.0,-2.75881028175354,-0.10256039351224899,False,True
3045,11e595a2aae90f5bd3db9d5b0b25f8ecf7d7d5524a765b95acef9500fd88a64f,humaneval,if,16,random,1.0,-2.8449411392211914,-0.09494123607873917,False,True
3045,11e595a2aae90f5bd3db9d5b0b25f8ecf7d7d5524a765b95acef9500fd88a64f,humaneval,if,18,toward,0.5,-2.815352439880371,-0.09660235047340393,False,True
3045,11e595a2aae90f5bd3db9d5b0b25f8ecf7d7d5524a765b95acef9500fd88a64f,humaneval,if,18,away,0.5,-2.8296291828155518,-0.09525427967309952,False,True
3045,11e595a2aae90f5bd3db9d5b0b25f8ecf7d7d5524a765b95acef9500fd88a64f,humaneval,if,18,random,0.5,-2.815315008163452,-0.0965651199221611,False,True
3045,11e595a2aae90f5bd3db9d5b0b25f8ecf7d7d5524a765b95acef9500fd88a64f,humaneval,if,18,toward,1.0,-2.801161289215088,-0.0980362668633461,False,True
3045,11e595a2aae90f5bd3db9d5b0b25f8ecf7d7d5524a765b95acef9500fd88a64f,humaneval,if,18,away,1.0,-2.843968391418457,-0.09396841377019882,False,True
3045,11e595a2aae90f5bd3db9d5b0b25f8ecf7d7d5524a765b95acef9500fd88a64f,humaneval,if,18,random,1.0,-2.8151309490203857,-0.09638099372386932,False,True
3045,11e595a2aae90f5bd3db9d5b0b25f8ecf7d7d5524a765b95acef9500fd88a64f,humaneval,if,20,toward,0.5,-2.8299012184143066,-0.09552627056837082,False,True
3045,11e595a2aae90f5bd3db9d5b0b25f8ecf7d7d5524a765b95acef9500fd88a64f,humaneval,if,20,away,0.5,-2.8294143676757812,-0.09503944963216782,False,True
3045,11e595a2aae90f5bd3db9d5b0b25f8ecf7d7d5524a765b95acef9500fd88a64f,humaneval,if,20,random,0.5,-2.844050645828247,-0.09405055642127991,False,True
3045,11e595a2aae90f5bd3db9d5b0b25f8ecf7d7d5524a765b95acef9500fd88a64f,humaneval,if,20,toward,1.0,-2.8153793811798096,-0.096629299223423,False,True
3045,11e595a2aae90f5bd3db9d5b0b25f8ecf7d7d5524a765b95acef9500fd88a64f,humaneval,if,20,away,1.0,-2.84318470954895,-0.09318471699953079,False,True
3045,11e595a2aae90f5bd3db9d5b0b25f8ecf7d7d5524a765b95acef9500fd88a64f,humaneval,if,20,random,1.0,-2.8440921306610107,-0.0940922275185585,False,True
3045,11e595a2aae90f5bd3db9d5b0b25f8ecf7d7d5524a765b95acef9500fd88a64f,humaneval,if,22,toward,0.5,-2.8151280879974365,-0.09637817740440369,False,True
3045,11e595a2aae90f5bd3db9d5b0b25f8ecf7d7d5524a765b95acef9500fd88a64f,humaneval,if,22,away,0.5,-2.815390110015869,-0.09664012491703033,False,True
3045,11e595a2aae90f5bd3db9d5b0b25f8ecf7d7d5524a765b95acef9500fd88a64f,humaneval,if,22,random,0.5,-2.815239667892456,-0.09648967534303665,False,True
3045,11e595a2aae90f5bd3db9d5b0b25f8ecf7d7d5524a765b95acef9500fd88a64f,humaneval,if,22,toward,1.0,-2.829658031463623,-0.09528310596942902,False,True
3045,11e595a2aae90f5bd3db9d5b0b25f8ecf7d7d5524a765b95acef9500fd88a64f,humaneval,if,22,away,1.0,-2.8155698776245117,-0.09681976586580276,False,True
3045,11e595a2aae90f5bd3db9d5b0b25f8ecf7d7d5524a765b95acef9500fd88a64f,humaneval,if,22,random,1.0,-2.829949378967285,-0.09557448327541351,False,True
3045,11e595a2aae90f5bd3db9d5b0b25f8ecf7d7d5524a765b95acef9500fd88a64f,humaneval,if,23,toward,0.5,-2.8297672271728516,-0.0953921303153038,False,True
3045,11e595a2aae90f5bd3db9d5b0b25f8ecf7d7d5524a765b95acef9500fd88a64f,humaneval,if,23,away,0.5,-2.8297672271728516,-0.0953921303153038,False,True
3045,11e595a2aae90f5bd3db9d5b0b25f8ecf7d7d5524a765b95acef9500fd88a64f,humaneval,if,23,random,0.5,-2.8297672271728516,-0.0953921303153038,False,True
3045,11e595a2aae90f5bd3db9d5b0b25f8ecf7d7d5524a765b95acef9500fd88a64f,humaneval,if,23,toward,1.0,-2.8297672271728516,-0.0953921303153038,False,True
3045,11e595a2aae90f5bd3db9d5b0b25f8ecf7d7d5524a765b95acef9500fd88a64f,humaneval,if,23,away,1.0,-2.8297672271728516,-0.0953921303153038,False,True
3045,11e595a2aae90f5bd3db9d5b0b25f8ecf7d7d5524a765b95acef9500fd88a64f,humaneval,if,23,random,1.0,-2.8297672271728516,-0.0953921303153038,False,True
3045,11e595a2aae90f5bd3db9d5b0b25f8ecf7d7d5524a765b95acef9500fd88a64f,humaneval,body_first,0,toward,0.5,-2.8297970294952393,-0.0954219251871109,False,True
3045,11e595a2aae90f5bd3db9d5b0b25f8ecf7d7d5524a765b95acef9500fd88a64f,humaneval,body_first,0,away,0.5,-2.815070867538452,-0.09632091224193573,False,True
3045,11e595a2aae90f5bd3db9d5b0b25f8ecf7d7d5524a765b95acef9500fd88a64f,humaneval,body_first,0,random,0.5,-2.815324068069458,-0.09657399356365204,False,True
3045,11e595a2aae90f5bd3db9d5b0b25f8ecf7d7d5524a765b95acef9500fd88a64f,humaneval,body_first,0,toward,1.0,-2.8709182739257812,-0.08966828882694244,False,True
3045,11e595a2aae90f5bd3db9d5b0b25f8ecf7d7d5524a765b95acef9500fd88a64f,humaneval,body_first,0,away,1.0,-2.757249355316162,-0.10099934041500092,False,True
3045,11e595a2aae90f5bd3db9d5b0b25f8ecf7d7d5524a765b95acef9500fd88a64f,humaneval,body_first,0,random,1.0,-2.7842090129852295,-0.09670906513929367,False,True
3045,11e595a2aae90f5bd3db9d5b0b25f8ecf7d7d5524a765b95acef9500fd88a64f,humaneval,body_first,2,toward,0.5,-2.843494415283203,-0.09349451214075089,False,True
3045,11e595a2aae90f5bd3db9d5b0b25f8ecf7d7d5524a765b95acef9500fd88a64f,humaneval,body_first,2,away,0.5,-2.8011927604675293,-0.09806782752275467,False,True
3045,11e595a2aae90f5bd3db9d5b0b25f8ecf7d7d5524a765b95acef9500fd88a64f,humaneval,body_first,2,random,0.5,-2.8292737007141113,-0.09489862620830536,False,True
3045,11e595a2aae90f5bd3db9d5b0b25f8ecf7d7d5524a765b95acef9500fd88a64f,humaneval,body_first,2,toward,1.0,-2.886249303817749,-0.08937419950962067,False,True
3045,11e595a2aae90f5bd3db9d5b0b25f8ecf7d7d5524a765b95acef9500fd88a64f,humaneval,body_first,2,away,1.0,-2.7282934188842773,-0.10329344868659973,False,True
3045,11e595a2aae90f5bd3db9d5b0b25f8ecf7d7d5524a765b95acef9500fd88a64f,humaneval,body_first,2,random,1.0,-2.871145725250244,-0.08989560604095459,False,True
3045,11e595a2aae90f5bd3db9d5b0b25f8ecf7d7d5524a765b95acef9500fd88a64f,humaneval,body_first,4,toward,0.5,-2.844144821166992,-0.09414485096931458,False,True
3045,11e595a2aae90f5bd3db9d5b0b25f8ecf7d7d5524a765b95acef9500fd88a64f,humaneval,body_first,4,away,0.5,-2.8007938861846924,-0.0976688414812088,False,True
3045,11e595a2aae90f5bd3db9d5b0b25f8ecf7d7d5524a765b95acef9500fd88a64f,humaneval,body_first,4,random,0.5,-2.829509735107422,-0.09513483941555023,False,True
3045,11e595a2aae90f5bd3db9d5b0b25f8ecf7d7d5524a765b95acef9500fd88a64f,humaneval,body_first,4,toward,1.0,-2.8441386222839355,-0.09413866698741913,False,True
3045,11e595a2aae90f5bd3db9d5b0b25f8ecf7d7d5524a765b95acef9500fd88a64f,humaneval,body_first,4,away,1.0,-2.7718331813812256,-0.09995808452367783,False,True
3045,11e595a2aae90f5bd3db9d5b0b25f8ecf7d7d5524a765b95acef9500fd88a64f,humaneval,body_first,4,random,1.0,-2.8289308547973633,-0.09455597400665283,False,True
3045,11e595a2aae90f5bd3db9d5b0b25f8ecf7d7d5524a765b95acef9500fd88a64f,humaneval,body_first,6,toward,0.5,-2.829617977142334,-0.09524290263652802,False,True
3045,11e595a2aae90f5bd3db9d5b0b25f8ecf7d7d5524a765b95acef9500fd88a64f,humaneval,body_first,6,away,0.5,-2.8292717933654785,-0.09489678591489792,False,True
3045,11e595a2aae90f5bd3db9d5b0b25f8ecf7d7d5524a765b95acef9500fd88a64f,humaneval,body_first,6,random,0.5,-2.8292720317840576,-0.09489710628986359,False,True
3045,11e595a2aae90f5bd3db9d5b0b25f8ecf7d7d5524a765b95acef9500fd88a64f,humaneval,body_first,6,toward,1.0,-2.829617977142334,-0.09524300694465637,False,True
3045,11e595a2aae90f5bd3db9d5b0b25f8ecf7d7d5524a765b95acef9500fd88a64f,humaneval,body_first,6,away,1.0,-2.8149960041046143,-0.09624610096216202,False,True
3045,11e595a2aae90f5bd3db9d5b0b25f8ecf7d7d5524a765b95acef9500fd88a64f,humaneval,body_first,6,random,1.0,-2.829185962677002,-0.09481102228164673,False,True
3045,11e595a2aae90f5bd3db9d5b0b25f8ecf7d7d5524a765b95acef9500fd88a64f,humaneval,body_first,8,toward,0.5,-2.8293099403381348,-0.09493505209684372,False,True
3045,11e595a2aae90f5bd3db9d5b0b25f8ecf7d7d5524a765b95acef9500fd88a64f,humaneval,body_first,8,away,0.5,-2.8298373222351074,-0.09546223282814026,False,True
3045,11e595a2aae90f5bd3db9d5b0b25f8ecf7d7d5524a765b95acef9500fd88a64f,humaneval,body_first,8,random,0.5,-2.8293251991271973,-0.0949501246213913,False,True
3045,11e595a2aae90f5bd3db9d5b0b25f8ecf7d7d5524a765b95acef9500fd88a64f,humaneval,body_first,8,toward,1.0,-2.829319715499878,-0.09494481235742569,False,True
3045,11e595a2aae90f5bd3db9d5b0b25f8ecf7d7d5524a765b95acef9500fd88a64f,humaneval,body_first,8,away,1.0,-2.8294360637664795,-0.09506101906299591,False,True
3045,11e595a2aae90f5bd3db9d5b0b25f8ecf7d7d5524a765b95acef9500fd88a64f,humaneval,body_first,8,random,1.0,-2.82940411567688,-0.09502915292978287,False,True
3045,11e595a2aae90f5bd3db9d5b0b25f8ecf7d7d5524a765b95acef9500fd88a64f,humaneval,body_first,10,toward,0.5,-2.8297669887542725,-0.09539201855659485,False,True
3045,11e595a2aae90f5bd3db9d5b0b25f8ecf7d7d5524a765b95acef9500fd88a64f,humaneval,body_first,10,away,0.5,-2.829437255859375,-0.09506221860647202,False,True
3045,11e595a2aae90f5bd3db9d5b0b25f8ecf7d7d5524a765b95acef9500fd88a64f,humaneval,body_first,10,random,0.5,-2.8294355869293213,-0.09506069868803024,False,True
3045,11e595a2aae90f5bd3db9d5b0b25f8ecf7d7d5524a765b95acef9500fd88a64f,humaneval,body_first,10,toward,1.0,-2.8151981830596924,-0.09644810855388641,False,True
3045,11e595a2aae90f5bd3db9d5b0b25f8ecf7d7d5524a765b95acef9500fd88a64f,humaneval,body_first,10,away,1.0,-2.829585313796997,-0.09521027654409409,False,True
3045,11e595a2aae90f5bd3db9d5b0b25f8ecf7d7d5524a765b95acef9500fd88a64f,humaneval,body_first,10,random,1.0,-2.815230131149292,-0.09648004174232483,False,True
3045,11e595a2aae90f5bd3db9d5b0b25f8ecf7d7d5524a765b95acef9500fd88a64f,humaneval,body_first,12,toward,0.5,-2.829340696334839,-0.09496573358774185,False,True
3045,11e595a2aae90f5bd3db9d5b0b25f8ecf7d7d5524a765b95acef9500fd88a64f,humaneval,body_first,12,away,0.5,-2.8153812885284424,-0.09663135558366776,False,True
3045,11e595a2aae90f5bd3db9d5b0b25f8ecf7d7d5524a765b95acef9500fd88a64f,humaneval,body_first,12,random,0.5,-2.8297672271728516,-0.0953921303153038,False,True
3045,11e595a2aae90f5bd3db9d5b0b25f8ecf7d7d5524a765b95acef9500fd88a64f,humaneval,body_first,12,toward,1.0,-2.829437255859375,-0.09506221860647202,False,True
3045,11e595a2aae90f5bd3db9d5b0b25f8ecf7d7d5524a765b95acef9500fd88a64f,humaneval,body_first,12,away,1.0,-2.8151278495788574,-0.09637785702943802,False,True
3045,11e595a2aae90f5bd3db9d5b0b25f8ecf7d7d5524a765b95acef9500fd88a64f,humaneval,body_first,12,random,1.0,-2.815110206604004,-0.09636010229587555,False,True
3045,11e595a2aae90f5bd3db9d5b0b25f8ecf7d7d5524a765b95acef9500fd88a64f,humaneval,body_first,14,toward,0.5,-2.829437255859375,-0.09506221860647202,False,True
3045,11e595a2aae90f5bd3db9d5b0b25f8ecf7d7d5524a765b95acef9500fd88a64f,humaneval,body_first,14,away,0.5,-2.8294355869293213,-0.09506048262119293,False,True
3045,11e595a2aae90f5bd3db9d5b0b25f8ecf7d7d5524a765b95acef9500fd88a64f,humaneval,body_first,14,random,0.5,-2.829585075378418,-0.09521017223596573,False,True
3045,11e595a2aae90f5bd3db9d5b0b25f8ecf7d7d5524a765b95acef9500fd88a64f,humaneval,body_first,14,toward,1.0,-2.8293633460998535,-0.0949883908033371,False,True
3045,11e595a2aae90f5bd3db9d5b0b25f8ecf7d7d5524a765b95acef9500fd88a64f,humaneval,body_first,14,away,1.0,-2.8151261806488037,-0.09637612104415894,False,True
3045,11e595a2aae90f5bd3db9d5b0b25f8ecf7d7d5524a765b95acef9500fd88a64f,humaneval,body_first,14,random,1.0,-2.815505027770996,-0.09675505757331848,False,True
3045,11e595a2aae90f5bd3db9d5b0b25f8ecf7d7d5524a765b95acef9500fd88a64f,humaneval,body_first,16,toward,0.5,-2.8293542861938477,-0.09497928619384766,False,True
3045,11e595a2aae90f5bd3db9d5b0b25f8ecf7d7d5524a765b95acef9500fd88a64f,humaneval,body_first,16,away,0.5,-2.815141439437866,-0.09639138728380203,False,True
3045,11e595a2aae90f5bd3db9d5b0b25f8ecf7d7d5524a765b95acef9500fd88a64f,humaneval,body_first,16,random,0.5,-2.8297669887542725,-0.0953919067978859,False,True
3045,11e595a2aae90f5bd3db9d5b0b25f8ecf7d7d5524a765b95acef9500fd88a64f,humaneval,body_first,16,toward,1.0,-2.8293557167053223,-0.09498080611228943,False,True
3045,11e595a2aae90f5bd3db9d5b0b25f8ecf7d7d5524a765b95acef9500fd88a64f,humaneval,body_first,16,away,1.0,-2.8297650814056396,-0.09539006650447845,False,True
3045,11e595a2aae90f5bd3db9d5b0b25f8ecf7d7d5524a765b95acef9500fd88a64f,humaneval,body_first,16,random,1.0,-2.8294284343719482,-0.09505333006381989,False,True
3045,11e595a2aae90f5bd3db9d5b0b25f8ecf7d7d5524a765b95acef9500fd88a64f,humaneval,body_first,18,toward,0.5,-2.8293421268463135,-0.09496714174747467,False,True
3045,11e595a2aae90f5bd3db9d5b0b25f8ecf7d7d5524a765b95acef9500fd88a64f,humaneval,body_first,18,away,0.5,-2.8294358253479004,-0.0950608029961586,False,True
3045,11e595a2aae90f5bd3db9d5b0b25f8ecf7d7d5524a765b95acef9500fd88a64f,humaneval,body_first,18,random,0.5,-2.8297669887542725,-0.0953919067978859,False,True
3045,11e595a2aae90f5bd3db9d5b0b25f8ecf7d7d5524a765b95acef9500fd88a64f,humaneval,body_first,18,toward,1.0,-2.829437494277954,-0.09506243467330933,False,True
3045,11e595a2aae90f5bd3db9d5b0b25f8ecf7d7d5524a765b95acef9500fd88a64f,humaneval,body_first,18,away,1.0,-2.829785108566284,-0.09541011601686478,False,True
3045,11e595a2aae90f5bd3db9d5b0b25f8ecf7d7d5524a765b95acef9500fd88a64f,humaneval,body_first,18,random,1.0,-2.829617500305176,-0.09524257481098175,False,True
3045,11e595a2aae90f5bd3db9d5b0b25f8ecf7d7d5524a765b95acef9500fd88a64f,humaneval,body_first,20,toward,0.5,-2.8298118114471436,-0.09543687850236893,False,True
3045,11e595a2aae90f5bd3db9d5b0b25f8ecf7d7d5524a765b95acef9500fd88a64f,humaneval,body_first,20,away,0.5,-2.8294358253479004,-0.09506091475486755,False,True
3045,11e595a2aae90f5bd3db9d5b0b25f8ecf7d7d5524a765b95acef9500fd88a64f,humaneval,body_first,20,random,0.5,-2.829437255859375,-0.09506232291460037,False,True
3045,11e595a2aae90f5bd3db9d5b0b25f8ecf7d7d5524a765b95acef9500fd88a64f,humaneval,body_first,20,toward,1.0,-2.829850912094116,-0.09547599405050278,False,True
3045,11e595a2aae90f5bd3db9d5b0b25f8ecf7d7d5524a765b95acef9500fd88a64f,humaneval,body_first,20,away,1.0,-2.8299121856689453,-0.0955372154712677,False,True
3045,11e595a2aae90f5bd3db9d5b0b25f8ecf7d7d5524a765b95acef9500fd88a64f,humaneval,body_first,20,random,1.0,-2.8440511226654053,-0.09405121207237244,False,True
3045,11e595a2aae90f5bd3db9d5b0b25f8ecf7d7d5524a765b95acef9500fd88a64f,humaneval,body_first,22,toward,0.5,-2.829340934753418,-0.0949658453464508,False,True
3045,11e595a2aae90f5bd3db9d5b0b25f8ecf7d7d5524a765b95acef9500fd88a64f,humaneval,body_first,22,away,0.5,-2.815088987350464,-0.09633898735046387,False,True
3045,11e595a2aae90f5bd3db9d5b0b25f8ecf7d7d5524a765b95acef9500fd88a64f,humaneval,body_first,22,random,0.5,-2.8297669887542725,-0.09539201855659485,False,True
3045,11e595a2aae90f5bd3db9d5b0b25f8ecf7d7d5524a765b95acef9500fd88a64f,humaneval,body_first,22,toward,1.0,-2.829315662384033,-0.09494069218635559,False,True
3045,11e595a2aae90f5bd3db9d5b0b25f8ecf7d7d5524a765b95acef9500fd88a64f,humaneval,body_first,22,away,1.0,-2.8151025772094727,-0.09635252505540848,False,True
3045,11e595a2aae90f5bd3db9d5b0b25f8ecf7d7d5524a765b95acef9500fd88a64f,humaneval,body_first,22,random,1.0,-2.8294284343719482,-0.09505333006381989,False,True
3045,11e595a2aae90f5bd3db9d5b0b25f8ecf7d7d5524a765b95acef9500fd88a64f,humaneval,body_first,23,toward,0.5,-2.8297672271728516,-0.0953921303153038,False,True
3045,11e595a2aae90f5bd3db9d5b0b25f8ecf7d7d5524a765b95acef9500fd88a64f,humaneval,body_first,23,away,0.5,-2.8297672271728516,-0.0953921303153038,False,True
3045,11e595a2aae90f5bd3db9d5b0b25f8ecf7d7d5524a765b95acef9500fd88a64f,humaneval,body_first,23,random,0.5,-2.8297672271728516,-0.0953921303153038,False,True
3045,11e595a2aae90f5bd3db9d5b0b25f8ecf7d7d5524a765b95acef9500fd88a64f,humaneval,body_first,23,toward,1.0,-2.8297672271728516,-0.0953921303153038,False,True
3045,11e595a2aae90f5bd3db9d5b0b25f8ecf7d7d5524a765b95acef9500fd88a64f,humaneval,body_first,23,away,1.0,-2.8297672271728516,-0.0953921303153038,False,True
3045,11e595a2aae90f5bd3db9d5b0b25f8ecf7d7d5524a765b95acef9500fd88a64f,humaneval,body_first,23,random,1.0,-2.8297672271728516,-0.0953921303153038,False,True
3045,11e595a2aae90f5bd3db9d5b0b25f8ecf7d7d5524a765b95acef9500fd88a64f,humaneval,answer,0,toward,0.5,-2.842707395553589,-0.09270729869604111,False,True
3045,11e595a2aae90f5bd3db9d5b0b25f8ecf7d7d5524a765b95acef9500fd88a64f,humaneval,answer,0,away,0.5,-3.0496826171875,-0.08093256503343582,False,True
3045,11e595a2aae90f5bd3db9d5b0b25f8ecf7d7d5524a765b95acef9500fd88a64f,humaneval,answer,0,random,0.5,-2.753950834274292,-0.09770073741674423,False,True
3045,11e595a2aae90f5bd3db9d5b0b25f8ecf7d7d5524a765b95acef9500fd88a64f,humaneval,answer,0,toward,1.0,-3.062530517578125,-0.07815544307231903,False,True
3045,11e595a2aae90f5bd3db9d5b0b25f8ecf7d7d5524a765b95acef9500fd88a64f,humaneval,answer,0,away,1.0,-3.2305171489715576,-0.058642156422138214,False,True
3045,11e595a2aae90f5bd3db9d5b0b25f8ecf7d7d5524a765b95acef9500fd88a64f,humaneval,answer,0,random,1.0,-3.0540263652801514,-0.06965140253305435,False,True
3045,11e595a2aae90f5bd3db9d5b0b25f8ecf7d7d5524a765b95acef9500fd88a64f,humaneval,answer,2,toward,0.5,-2.812901496887207,-0.094151571393013,False,True
3045,11e595a2aae90f5bd3db9d5b0b25f8ecf7d7d5524a765b95acef9500fd88a64f,humaneval,answer,2,away,0.5,-2.7323381900787354,-0.10733818262815475,False,True
3045,11e595a2aae90f5bd3db9d5b0b25f8ecf7d7d5524a765b95acef9500fd88a64f,humaneval,answer,2,random,0.5,-3.0044894218444824,-0.082614466547966,False,True
3045,11e595a2aae90f5bd3db9d5b0b25f8ecf7d7d5524a765b95acef9500fd88a64f,humaneval,answer,2,toward,1.0,-3.2511796951293945,-0.06367967277765274,False,True
3045,11e595a2aae90f5bd3db9d5b0b25f8ecf7d7d5524a765b95acef9500fd88a64f,humaneval,answer,2,away,1.0,-2.4292941093444824,-0.13241910934448242,False,True
3045,11e595a2aae90f5bd3db9d5b0b25f8ecf7d7d5524a765b95acef9500fd88a64f,humaneval,answer,2,random,1.0,-3.117337942123413,-0.07046286761760712,False,True
3045,11e595a2aae90f5bd3db9d5b0b25f8ecf7d7d5524a765b95acef9500fd88a64f,humaneval,answer,4,toward,0.5,-2.9194421768188477,-0.09131728857755661,False,True
3045,11e595a2aae90f5bd3db9d5b0b25f8ecf7d7d5524a765b95acef9500fd88a64f,humaneval,answer,4,away,0.5,-2.885899782180786,-0.0890248492360115,False,True
3045,11e595a2aae90f5bd3db9d5b0b25f8ecf7d7d5524a765b95acef9500fd88a64f,humaneval,answer,4,random,0.5,-2.828465700149536,-0.1097157672047615,False,True
3045,11e595a2aae90f5bd3db9d5b0b25f8ecf7d7d5524a765b95acef9500fd88a64f,humaneval,answer,4,toward,1.0,-2.835953950881958,-0.10157891362905502,False,True
3045,11e595a2aae90f5bd3db9d5b0b25f8ecf7d7d5524a765b95acef9500fd88a64f,humaneval,answer,4,away,1.0,-2.9529895782470703,-0.0779896154999733,False,True
3045,11e595a2aae90f5bd3db9d5b0b25f8ecf7d7d5524a765b95acef9500fd88a64f,humaneval,answer,4,random,1.0,-3.1836469173431396,-0.07427194714546204,False,True
3045,11e595a2aae90f5bd3db9d5b0b25f8ecf7d7d5524a765b95acef9500fd88a64f,humaneval,answer,6,toward,0.5,-2.8899786472320557,-0.07747862488031387,False,True
3045,11e595a2aae90f5bd3db9d5b0b25f8ecf7d7d5524a765b95acef9500fd88a64f,humaneval,answer,6,away,0.5,-2.8166656494140625,-0.09791575372219086,False,True
3045,11e595a2aae90f5bd3db9d5b0b25f8ecf7d7d5524a765b95acef9500fd88a64f,humaneval,answer,6,random,0.5,-2.921691417694092,-0.07794153690338135,False,True
3045,11e595a2aae90f5bd3db9d5b0b25f8ecf7d7d5524a765b95acef9500fd88a64f,humaneval,answer,6,toward,1.0,-3.1673920154571533,-0.058016907423734665,False,True
3045,11e595a2aae90f5bd3db9d5b0b25f8ecf7d7d5524a765b95acef9500fd88a64f,humaneval,answer,6,away,1.0,-3.0173697471618652,-0.07986985892057419,False,True
3045,11e595a2aae90f5bd3db9d5b0b25f8ecf7d7d5524a765b95acef9500fd88a64f,humaneval,answer,6,random,1.0,-3.2726199626922607,-0.053869929164648056,False,True
3045,11e595a2aae90f5bd3db9d5b0b25f8ecf7d7d5524a765b95acef9500fd88a64f,humaneval,answer,8,toward,0.5,-2.666532278060913,-0.10403230786323547,False,True
3045,11e595a2aae90f5bd3db9d5b0b25f8ecf7d7d5524a765b95acef9500fd88a64f,humaneval,answer,8,away,0.5,-2.868549108505249,-0.08729919791221619,False,True
3045,11e595a2aae90f5bd3db9d5b0b25f8ecf7d7d5524a765b95acef9500fd88a64f,humaneval,answer,8,random,0.5,-2.3228132724761963,-0.16949300467967987,False,True
3045,11e595a2aae90f5bd3db9d5b0b25f8ecf7d7d5524a765b95acef9500fd88a64f,humaneval,answer,8,toward,1.0,-2.485543727874756,-0.12616872787475586,False,True
3045,11e595a2aae90f5bd3db9d5b0b25f8ecf7d7d5524a765b95acef9500fd88a64f,humaneval,answer,8,away,1.0,-2.885998487472534,-0.08411864936351776,False,True
3045,11e595a2aae90f5bd3db9d5b0b25f8ecf7d7d5524a765b95acef9500fd88a64f,humaneval,answer,8,random,1.0,-2.0714073181152344,-0.227657288312912,False,True
3045,11e595a2aae90f5bd3db9d5b0b25f8ecf7d7d5524a765b95acef9500fd88a64f,humaneval,answer,10,toward,0.5,-2.4582531452178955,-0.1691906899213791,False,True
3045,11e595a2aae90f5bd3db9d5b0b25f8ecf7d7d5524a765b95acef9500fd88a64f,humaneval,answer,10,away,0.5,-3.169489860534668,-0.0601147823035717,False,True
3045,11e595a2aae90f5bd3db9d5b0b25f8ecf7d7d5524a765b95acef9500fd88a64f,humaneval,answer,10,random,0.5,-3.449343204498291,-0.04309320077300072,False,True
3045,11e595a2aae90f5bd3db9d5b0b25f8ecf7d7d5524a765b95acef9500fd88a64f,humaneval,answer,10,toward,1.0,-1.8353283405303955,-0.5540783405303955,False,True
3045,11e595a2aae90f5bd3db9d5b0b25f8ecf7d7d5524a765b95acef9500fd88a64f,humaneval,answer,10,away,1.0,-2.9108991622924805,-0.06714919954538345,False,True
3045,11e595a2aae90f5bd3db9d5b0b25f8ecf7d7d5524a765b95acef9500fd88a64f,humaneval,answer,10,random,1.0,-2.798088788986206,-0.08715137839317322,False,True
3045,11e595a2aae90f5bd3db9d5b0b25f8ecf7d7d5524a765b95acef9500fd88a64f,humaneval,answer,12,toward,0.5,-2.1486093997955322,-0.2423594743013382,False,True
3045,11e595a2aae90f5bd3db9d5b0b25f8ecf7d7d5524a765b95acef9500fd88a64f,humaneval,answer,12,away,0.5,-2.7043213844299316,-0.10275876522064209,False,True
3045,11e595a2aae90f5bd3db9d5b0b25f8ecf7d7d5524a765b95acef9500fd88a64f,humaneval,answer,12,random,0.5,-2.2807397842407227,-0.16941159963607788,False,True
3045,11e595a2aae90f5bd3db9d5b0b25f8ecf7d7d5524a765b95acef9500fd88a64f,humaneval,answer,12,toward,1.0,-1.6988905668258667,-1.2223280668258667,False,True
3045,11e595a2aae90f5bd3db9d5b0b25f8ecf7d7d5524a765b95acef9500fd88a64f,humaneval,answer,12,away,1.0,-2.4965741634368896,-0.12297406047582626,False,True
3045,11e595a2aae90f5bd3db9d5b0b25f8ecf7d7d5524a765b95acef9500fd88a64f,humaneval,answer,12,random,1.0,-2.01798152923584,-0.24845023453235626,False,True
3045,11e595a2aae90f5bd3db9d5b0b25f8ecf7d7d5524a765b95acef9500fd88a64f,humaneval,answer,14,toward,0.5,-2.49923038482666,-0.20235544443130493,False,True
3045,11e595a2aae90f5bd3db9d5b0b25f8ecf7d7d5524a765b95acef9500fd88a64f,humaneval,answer,14,away,0.5,-3.072827100753784,-0.07282713055610657,False,True
3045,11e595a2aae90f5bd3db9d5b0b25f8ecf7d7d5524a765b95acef9500fd88a64f,humaneval,answer,14,random,0.5,-1.9527074098587036,-0.2671605050563812,False,True
3045,11e595a2aae90f5bd3db9d5b0b25f8ecf7d7d5524a765b95acef9500fd88a64f,humaneval,answer,14,toward,1.0,-2.3758633136749268,-0.46619534492492676,False,True
3045,11e595a2aae90f5bd3db9d5b0b25f8ecf7d7d5524a765b95acef9500fd88a64f,humaneval,answer,14,away,1.0,-3.271669864654541,-0.06854479759931564,False,True
3045,11e595a2aae90f5bd3db9d5b0b25f8ecf7d7d5524a765b95acef9500fd88a64f,humaneval,answer,14,random,1.0,-1.6219271421432495,-0.4266146421432495,False,True
3045,11e595a2aae90f5bd3db9d5b0b25f8ecf7d7d5524a765b95acef9500fd88a64f,humaneval,answer,16,toward,0.5,-2.2609493732452393,-0.2023555487394333,False,True
3045,11e595a2aae90f5bd3db9d5b0b25f8ecf7d7d5524a765b95acef9500fd88a64f,humaneval,answer,16,away,0.5,-3.4587318897247314,-0.05248184874653816,False,True
3045,11e595a2aae90f5bd3db9d5b0b25f8ecf7d7d5524a765b95acef9500fd88a64f,humaneval,answer,16,random,0.5,-2.297405958175659,-0.1665465384721756,False,True
3045,11e595a2aae90f5bd3db9d5b0b25f8ecf7d7d5524a765b95acef9500fd88a64f,humaneval,answer,16,toward,1.0,-1.8990585803985596,-0.41468361020088196,False,True
3045,11e595a2aae90f5bd3db9d5b0b25f8ecf7d7d5524a765b95acef9500fd88a64f,humaneval,answer,16,away,1.0,-3.8366470336914062,-0.03977198153734207,False,True
3045,11e595a2aae90f5bd3db9d5b0b25f8ecf7d7d5524a765b95acef9500fd88a64f,humaneval,answer,16,random,1.0,-1.8824551105499268,-0.31604889035224915,False,True
3045,11e595a2aae90f5bd3db9d5b0b25f8ecf7d7d5524a765b95acef9500fd88a64f,humaneval,answer,18,toward,0.5,-2.8159401416778564,-0.19875258207321167,False,True
3045,11e595a2aae90f5bd3db9d5b0b25f8ecf7d7d5524a765b95acef9500fd88a64f,humaneval,answer,18,away,0.5,-2.8910536766052246,-0.07855379581451416,False,True
3045,11e595a2aae90f5bd3db9d5b0b25f8ecf7d7d5524a765b95acef9500fd88a64f,humaneval,answer,18,random,0.5,-2.8983399868011475,-0.11709000170230865,False,True
3045,11e595a2aae90f5bd3db9d5b0b25f8ecf7d7d5524a765b95acef9500fd88a64f,humaneval,answer,18,toward,1.0,-2.7091586589813232,-0.568533718585968,False,True
3045,11e595a2aae90f5bd3db9d5b0b25f8ecf7d7d5524a765b95acef9500fd88a64f,humaneval,answer,18,away,1.0,-3.0069072246551514,-0.06940720230340958,False,True
3045,11e595a2aae90f5bd3db9d5b0b25f8ecf7d7d5524a765b95acef9500fd88a64f,humaneval,answer,18,random,1.0,-2.8140268325805664,-0.17340174317359924,False,True
3045,11e595a2aae90f5bd3db9d5b0b25f8ecf7d7d5524a765b95acef9500fd88a64f,humaneval,answer,20,toward,0.5,-3.449930191040039,-0.20774264633655548,False,True
3045,11e595a2aae90f5bd3db9d5b0b25f8ecf7d7d5524a765b95acef9500fd88a64f,humaneval,answer,20,away,0.5,-2.4708738327026367,-0.11149885505437851,False,True
3045,11e595a2aae90f5bd3db9d5b0b25f8ecf7d7d5524a765b95acef9500fd88a64f,humaneval,answer,20,random,0.5,-2.226167917251587,-0.1480429619550705,False,True
3045,11e595a2aae90f5bd3db9d5b0b25f8ecf7d7d5524a765b95acef9500fd88a64f,humaneval,answer,20,toward,1.0,-4.3080291748046875,-0.765060305595398,False,True
3045,11e595a2aae90f5bd3db9d5b0b25f8ecf7d7d5524a765b95acef9500fd88a64f,humaneval,answer,20,away,1.0,-2.2142226696014404,-0.13609756529331207,False,True
3045,11e595a2aae90f5bd3db9d5b0b25f8ecf7d7d5524a765b95acef9500fd88a64f,humaneval,answer,20,random,1.0,-1.7911741733551025,-0.21304915845394135,False,True
3045,11e595a2aae90f5bd3db9d5b0b25f8ecf7d7d5524a765b95acef9500fd88a64f,humaneval,answer,22,toward,0.5,-3.7222912311553955,-0.15979115664958954,False,True
3045,11e595a2aae90f5bd3db9d5b0b25f8ecf7d7d5524a765b95acef9500fd88a64f,humaneval,answer,22,away,0.5,-2.2937614917755127,-0.12188642472028732,False,True
3045,11e595a2aae90f5bd3db9d5b0b25f8ecf7d7d5524a765b95acef9500fd88a64f,humaneval,answer,22,random,0.5,-2.615938425064087,-0.10031334310770035,False,True
3045,11e595a2aae90f5bd3db9d5b0b25f8ecf7d7d5524a765b95acef9500fd88a64f,humaneval,answer,22,toward,1.0,-4.708982467651367,-0.5839823484420776,False,True
3045,11e595a2aae90f5bd3db9d5b0b25f8ecf7d7d5524a765b95acef9500fd88a64f,humaneval,answer,22,away,1.0,-1.9514226913452148,-0.17017269134521484,False,True
3045,11e595a2aae90f5bd3db9d5b0b25f8ecf7d7d5524a765b95acef9500fd88a64f,humaneval,answer,22,random,1.0,-2.4625895023345947,-0.11102711409330368,False,True
3045,11e595a2aae90f5bd3db9d5b0b25f8ecf7d7d5524a765b95acef9500fd88a64f,humaneval,answer,23,toward,0.5,-4.511636257171631,-0.046792563050985336,False,True
3045,11e595a2aae90f5bd3db9d5b0b25f8ecf7d7d5524a765b95acef9500fd88a64f,humaneval,answer,23,away,0.5,-1.9190044403076172,-0.24712945520877838,False,True
3045,11e595a2aae90f5bd3db9d5b0b25f8ecf7d7d5524a765b95acef9500fd88a64f,humaneval,answer,23,random,0.5,-1.786015510559082,-0.27039048075675964,False,True
3045,11e595a2aae90f5bd3db9d5b0b25f8ecf7d7d5524a765b95acef9500fd88a64f,humaneval,answer,23,toward,1.0,-5.593861103057861,-0.5001109838485718,False,True
3045,11e595a2aae90f5bd3db9d5b0b25f8ecf7d7d5524a765b95acef9500fd88a64f,humaneval,answer,23,away,1.0,-1.5970242023468018,-0.534524142742157,False,True
3045,11e595a2aae90f5bd3db9d5b0b25f8ecf7d7d5524a765b95acef9500fd88a64f,humaneval,answer,23,random,1.0,-1.213024616241455,-0.7286496758460999,False,True
3046,11e595a2aae90f5bd3db9d5b0b25f8ecf7d7d5524a765b95acef9500fd88a64f,humaneval,baseline,-1,none,0.0,-3.0659713745117188,-0.08159628510475159,False,True
3046,11e595a2aae90f5bd3db9d5b0b25f8ecf7d7d5524a765b95acef9500fd88a64f,humaneval,if,0,toward,0.5,-3.036289691925049,-0.083164744079113,False,True
3046,11e595a2aae90f5bd3db9d5b0b25f8ecf7d7d5524a765b95acef9500fd88a64f,humaneval,if,0,away,0.5,-3.0806827545166016,-0.08068285882472992,False,True
3046,11e595a2aae90f5bd3db9d5b0b25f8ecf7d7d5524a765b95acef9500fd88a64f,humaneval,if,0,random,0.5,-2.950193405151367,-0.09081829339265823,False,True
3046,11e595a2aae90f5bd3db9d5b0b25f8ecf7d7d5524a765b95acef9500fd88a64f,humaneval,if,0,toward,1.0,-2.0629045963287354,-0.21915468573570251,False,True
3046,11e595a2aae90f5bd3db9d5b0b25f8ecf7d7d5524a765b95acef9500fd88a64f,humaneval,if,0,away,1.0,-2.9812171459198,-0.09059205651283264,False,True
3046,11e595a2aae90f5bd3db9d5b0b25f8ecf7d7d5524a765b95acef9500fd88a64f,humaneval,if,0,random,1.0,-1.863561987876892,-0.2854369878768921,False,True
3046,11e595a2aae90f5bd3db9d5b0b25f8ecf7d7d5524a765b95acef9500fd88a64f,humaneval,if,2,toward,0.5,-2.9101412296295166,-0.09764127433300018,False,True
3046,11e595a2aae90f5bd3db9d5b0b25f8ecf7d7d5524a765b95acef9500fd88a64f,humaneval,if,2,away,0.5,-3.1520495414733887,-0.07392458617687225,False,True
3046,11e595a2aae90f5bd3db9d5b0b25f8ecf7d7d5524a765b95acef9500fd88a64f,humaneval,if,2,random,0.5,-3.0933055877685547,-0.07768049091100693,False,True
3046,11e595a2aae90f5bd3db9d5b0b25f8ecf7d7d5524a765b95acef9500fd88a64f,humaneval,if,2,toward,1.0,-1.787304162979126,-0.3141595721244812,False,True
3046,11e595a2aae90f5bd3db9d5b0b25f8ecf7d7d5524a765b95acef9500fd88a64f,humaneval,if,2,away,1.0,-2.7953314781188965,-0.10783157497644424,False,True
3046,11e595a2aae90f5bd3db9d5b0b25f8ecf7d7d5524a765b95acef9500fd88a64f,humaneval,if,2,random,1.0,-3.035888433456421,-0.08276350051164627,False,True
3046,11e595a2aae90f5bd3db9d5b0b25f8ecf7d7d5524a765b95acef9500fd88a64f,humaneval,if,4,toward,0.5,-2.691426992416382,-0.113302081823349,False,True
3046,11e595a2aae90f5bd3db9d5b0b25f8ecf7d7d5524a765b95acef9500fd88a64f,humaneval,if,4,away,0.5,-3.137202024459839,-0.0747019425034523,False,True
3046,11e595a2aae90f5bd3db9d5b0b25f8ecf7d7d5524a765b95acef9500fd88a64f,humaneval,if,4,random,0.5,-2.9491734504699707,-0.08979851752519608,False,True
3046,11e595a2aae90f5bd3db9d5b0b25f8ecf7d7d5524a765b95acef9500fd88a64f,humaneval,if,4,toward,1.0,-1.777705430984497,-0.28551799058914185,False,True
3046,11e595a2aae90f5bd3db9d5b0b25f8ecf7d7d5524a765b95acef9500fd88a64f,humaneval,if,4,away,1.0,-3.0794434547424316,-0.07944340258836746,False,True
3046,11e595a2aae90f5bd3db9d5b0b25f8ecf7d7d5524a765b95acef9500fd88a64f,humaneval,if,4,random,1.0,-2.8097591400146484,-0.1066342294216156,False,True
3046,11e595a2aae90f5bd3db9d5b0b25f8ecf7d7d5524a765b95acef9500fd88a64f,humaneval,if,6,toward,0.5,-2.9178786277770996,-0.08975362032651901,False,True
3046,11e595a2aae90f5bd3db9d5b0b25f8ecf7d7d5524a765b95acef9500fd88a64f,humaneval,if,6,away,0.5,-3.0546092987060547,-0.08585941791534424,False,True
3046,11e595a2aae90f5bd3db9d5b0b25f8ecf7d7d5524a765b95acef9500fd88a64f,humaneval,if,6,random,0.5,-3.094766855239868,-0.0791417732834816,False,True
3046,11e595a2aae90f5bd3db9d5b0b25f8ecf7d7d5524a765b95acef9500fd88a64f,humaneval,if,6,toward,1.0,-2.7565817832946777,-0.10033178329467773,False,True
3046,11e595a2aae90f5bd3db9d5b0b25f8ecf7d7d5524a765b95acef9500fd88a64f,humaneval,if,6,away,1.0,-2.8766021728515625,-0.11097707599401474,False,True
3046,11e595a2aae90f5bd3db9d5b0b25f8ecf7d7d5524a765b95acef9500fd88a64f,humaneval,if,6,random,1.0,-2.978741407394409,-0.08811633288860321,False,True
3046,11e595a2aae90f5bd3db9d5b0b25f8ecf7d7d5524a765b95acef9500fd88a64f,humaneval,if,8,toward,0.5,-3.1242148876190186,-0.07733993977308273,False,True
3046,11e595a2aae90f5bd3db9d5b0b25f8ecf7d7d5524a765b95acef9500fd88a64f,humaneval,if,8,away,0.5,-2.9934298992156982,-0.0871800035238266,False,True
3046,11e595a2aae90f5bd3db9d5b0b25f8ecf7d7d5524a765b95acef9500fd88a64f,humaneval,if,8,random,0.5,-3.037090539932251,-0.08396564424037933,False,True
3046,11e595a2aae90f5bd3db9d5b0b25f8ecf7d7d5524a765b95acef9500fd88a64f,humaneval,if,8,toward,1.0,-3.0352094173431396,-0.0820843055844307,False,True
3046,11e595a2aae90f5bd3db9d5b0b25f8ecf7d7d5524a765b95acef9500fd88a64f,humaneval,if,8,away,1.0,-2.950571298599243,-0.09119629114866257,False,True
3046,11e595a2aae90f5bd3db9d5b0b25f8ecf7d7d5524a765b95acef9500fd88a64f,humaneval,if,8,random,1.0,-2.9236114025115967,-0.09548629075288773,False,True
3046,11e595a2aae90f5bd3db9d5b0b25f8ecf7d7d5524a765b95acef9500fd88a64f,humaneval,if,10,toward,0.5,-3.1240720748901367,-0.07719715684652328,False,True
3046,11e595a2aae90f5bd3db9d5b0b25f8ecf7d7d5524a765b95acef9500fd88a64f,humaneval,if,10,away,0.5,-2.964674711227417,-0.08967482298612595,False,True
3046,11e595a2aae90f5bd3db9d5b0b25f8ecf7d7d5524a765b95acef9500fd88a64f,humaneval,if,10,random,0.5,-3.080862045288086,-0.08086197823286057,False,True
3046,11e595a2aae90f5bd3db9d5b0b25f8ecf7d7d5524a765b95acef9500fd88a64f,humaneval,if,10,toward,1.0,-3.0955848693847656,-0.07995988428592682,False,True
3046,11e595a2aae90f5bd3db9d5b0b25f8ecf7d7d5524a765b95acef9500fd88a64f,humaneval,if,10,away,1.0,-2.8362441062927246,-0.10186921060085297,False,True
3046,11e595a2aae90f5bd3db9d5b0b25f8ecf7d7d5524a765b95acef9500fd88a64f,humaneval,if,10,random,1.0,-3.023240566253662,-0.0857406035065651,False,True
3046,11e595a2aae90f5bd3db9d5b0b25f8ecf7d7d5524a765b95acef9500fd88a64f,humaneval,if,12,toward,0.5,-3.0514254570007324,-0.08267548680305481,False,True
3046,11e595a2aae90f5bd3db9d5b0b25f8ecf7d7d5524a765b95acef9500fd88a64f,humaneval,if,12,away,0.5,-3.0512475967407227,-0.08249767869710922,False,True
3046,11e595a2aae90f5bd3db9d5b0b25f8ecf7d7d5524a765b95acef9500fd88a64f,humaneval,if,12,random,0.5,-3.0370514392852783,-0.08392640203237534,False,True
3046,11e595a2aae90f5bd3db9d5b0b25f8ecf7d7d5524a765b95acef9500fd88a64f,humaneval,if,12,toward,1.0,-2.993424892425537,-0.08717498183250427,False,True
3046,11e595a2aae90f5bd3db9d5b0b25f8ecf7d7d5524a765b95acef9500fd88a64f,humaneval,if,12,away,1.0,-2.951521873474121,-0.09214691817760468,False,True
3046,11e595a2aae90f5bd3db9d5b0b25f8ecf7d7d5524a765b95acef9500fd88a64f,humaneval,if,12,random,1.0,-2.9509499073028564,-0.0915750190615654,False,True
3046,11e595a2aae90f5bd3db9d5b0b25f8ecf7d7d5524a765b95acef9500fd88a64f,humaneval,if,14,toward,0.5,-3.051936626434326,-0.083186574280262,False,True
3046,11e595a2aae90f5bd3db9d5b0b25f8ecf7d7d5524a765b95acef9500fd88a64f,humaneval,if,14,away,0.5,-3.036447048187256,-0.08332192897796631,False,True
3046,11e595a2aae90f5bd3db9d5b0b25f8ecf7d7d5524a765b95acef9500fd88a64f,humaneval,if,14,random,0.5,-3.036911964416504,-0.08378707617521286,False,True
3046,11e595a2aae90f5bd3db9d5b0b25f8ecf7d7d5524a765b95acef9500fd88a64f,humaneval,if,14,toward,1.0,-3.0384933948516846,-0.08536830544471741,False,True
3046,11e595a2aae90f5bd3db9d5b0b25f8ecf7d7d5524a765b95acef9500fd88a64f,humaneval,if,14,away,1.0,-2.9503650665283203,-0.09098994731903076,False,True
3046,11e595a2aae90f5bd3db9d5b0b25f8ecf7d7d5524a765b95acef9500fd88a64f,humaneval,if,14,random,1.0,-2.993497610092163,-0.08724763244390488,False,True
3046,11e595a2aae90f5bd3db9d5b0b25f8ecf7d7d5524a765b95acef9500fd88a64f,humaneval,if,16,toward,0.5,-3.0514113903045654,-0.08266133069992065,False,True
3046,11e595a2aae90f5bd3db9d5b0b25f8ecf7d7d5524a765b95acef9500fd88a64f,humaneval,if,16,away,0.5,-3.036665916442871,-0.08354093134403229,False,True
3046,11e595a2aae90f5bd3db9d5b0b25f8ecf7d7d5524a765b95acef9500fd88a64f,humaneval,if,16,random,0.5,-3.065683126449585,-0.08130816370248795,False,True
3046,11e595a2aae90f5bd3db9d5b0b25f8ecf7d7d5524a765b95acef9500fd88a64f,humaneval,if,16,toward,1.0,-3.022897720336914,-0.08539775013923645,False,True
3046,11e595a2aae90f5bd3db9d5b0b25f8ecf7d7d5524a765b95acef9500fd88a64f,humaneval,if,16,away,1.0,-2.9941184520721436,-0.08786851912736893,False,True
3046,11e595a2aae90f5bd3db9d5b0b25f8ecf7d7d5524a765b95acef9500fd88a64f,humaneval,if,16,random,1.0,-3.0509068965911865,-0.08215700089931488,False,True
3046,11e595a2aae90f5bd3db9d5b0b25f8ecf7d7d5524a765b95acef9500fd88a64f,humaneval,if,18,toward,0.5,-3.0659475326538086,-0.08157244324684143,False,True
3046,11e595a2aae90f5bd3db9d5b0b25f8ecf7d7d5524a765b95acef9500fd88a64f,humaneval,if,18,away,0.5,-3.0656888484954834,-0.08131377398967743,False,True
3046,11e595a2aae90f5bd3db9d5b0b25f8ecf7d7d5524a765b95acef9500fd88a64f,humaneval,if,18,random,0.5,-3.022481918334961,-0.08498196303844452,False,True
3046,11e595a2aae90f5bd3db9d5b0b25f8ecf7d7d5524a765b95acef9500fd88a64f,humaneval,if,18,toward,1.0,-3.0516138076782227,-0.0828636884689331,False,True
3046,11e595a2aae90f5bd3db9d5b0b25f8ecf7d7d5524a765b95acef9500fd88a64f,humaneval,if,18,away,1.0,-3.0951120853424072,-0.07948700338602066,False,True
3046,11e595a2aae90f5bd3db9d5b0b25f8ecf7d7d5524a765b95acef9500fd88a64f,humaneval,if,18,random,1.0,-2.9936909675598145,-0.08744098246097565,False,True
3046,11e595a2aae90f5bd3db9d5b0b25f8ecf7d7d5524a765b95acef9500fd88a64f,humaneval,if,20,toward,0.5,-3.065640449523926,-0.0812654122710228,False,True
3046,11e595a2aae90f5bd3db9d5b0b25f8ecf7d7d5524a765b95acef9500fd88a64f,humaneval,if,20,away,0.5,-3.0655736923217773,-0.08119869977235794,False,True
3046,11e595a2aae90f5bd3db9d5b0b25f8ecf7d7d5524a765b95acef9500fd88a64f,humaneval,if,20,random,0.5,-3.0801541805267334,-0.08015409857034683,False,True
3046,11e595a2aae90f5bd3db9d5b0b25f8ecf7d7d5524a765b95acef9500fd88a64f,humaneval,if,20,toward,1.0,-3.051326036453247,-0.08257593959569931,False,True
3046,11e595a2aae90f5bd3db9d5b0b25f8ecf7d7d5524a765b95acef9500fd88a64f,humaneval,if,20,away,1.0,-3.0945701599121094,-0.07894515991210938,False,True
3046,11e595a2aae90f5bd3db9d5b0b25f8ecf7d7d5524a765b95acef9500fd88a64f,humaneval,if,20,random,1.0,-3.1092047691345215,-0.07795476913452148,False,True
3046,11e595a2aae90f5bd3db9d5b0b25f8ecf7d7d5524a765b95acef9500fd88a64f,humaneval,if,22,toward,0.5,-3.0656135082244873,-0.08123848587274551,False,True
3046,11e595a2aae90f5bd3db9d5b0b25f8ecf7d7d5524a765b95acef9500fd88a64f,humaneval,if,22,away,0.5,-3.0659139156341553,-0.08153881877660751,False,True
3046,11e595a2aae90f5bd3db9d5b0b25f8ecf7d7d5524a765b95acef9500fd88a64f,humaneval,if,22,random,0.5,-3.065464973449707,-0.08108998835086823,False,True
3046,11e595a2aae90f5bd3db9d5b0b25f8ecf7d7d5524a765b95acef9500fd88a64f,humaneval,if,22,toward,1.0,-3.065541982650757,-0.08116704225540161,False,True
3046,11e595a2aae90f5bd3db9d5b0b25f8ecf7d7d5524a765b95acef9500fd88a64f,humaneval,if,22,away,1.0,-3.0661911964416504,-0.08181621879339218,False,True
3046,11e595a2aae90f5bd3db9d5b0b25f8ecf7d7d5524a765b95acef9500fd88a64f,humaneval,if,22,random,1.0,-3.0654501914978027,-0.0810752585530281,False,True
3046,11e595a2aae90f5bd3db9d5b0b25f8ecf7d7d5524a765b95acef9500fd88a64f,humaneval,if,23,toward,0.5,-3.0659713745117188,-0.08159628510475159,False,True
3046,11e595a2aae90f5bd3db9d5b0b25f8ecf7d7d5524a765b95acef9500fd88a64f,humaneval,if,23,away,0.5,-3.0659713745117188,-0.08159628510475159,False,True
3046,11e595a2aae90f5bd3db9d5b0b25f8ecf7d7d5524a765b95acef9500fd88a64f,humaneval,if,23,random,0.5,-3.0659713745117188,-0.08159628510475159,False,True
3046,11e595a2aae90f5bd3db9d5b0b25f8ecf7d7d5524a765b95acef9500fd88a64f,humaneval,if,23,toward,1.0,-3.0659713745117188,-0.08159628510475159,False,True
3046,11e595a2aae90f5bd3db9d5b0b25f8ecf7d7d5524a765b95acef9500fd88a64f,humaneval,if,23,away,1.0,-3.0659713745117188,-0.08159628510475159,False,True
3046,11e595a2aae90f5bd3db9d5b0b25f8ecf7d7d5524a765b95acef9500fd88a64f,humaneval,if,23,random,1.0,-3.0659713745117188,-0.08159628510475159,False,True
3046,11e595a2aae90f5bd3db9d5b0b25f8ecf7d7d5524a765b95acef9500fd88a64f,humaneval,body_first,0,toward,0.5,-3.080338478088379,-0.0803384855389595,False,True
3046,11e595a2aae90f5bd3db9d5b0b25f8ecf7d7d5524a765b95acef9500fd88a64f,humaneval,body_first,0,away,0.5,-3.036545753479004,-0.08342073857784271,False,True
3046,11e595a2aae90f5bd3db9d5b0b25f8ecf7d7d5524a765b95acef9500fd88a64f,humaneval,body_first,0,random,0.5,-3.065476179122925,-0.0811012014746666,False,True
3046,11e595a2aae90f5bd3db9d5b0b25f8ecf7d7d5524a765b95acef9500fd88a64f,humaneval,body_first,0,toward,1.0,-3.093451738357544,-0.07782673835754395,False,True
3046,11e595a2aae90f5bd3db9d5b0b25f8ecf7d7d5524a765b95acef9500fd88a64f,humaneval,body_first,0,away,1.0,-3.006730079650879,-0.08485516160726547,False,True
3046,11e595a2aae90f5bd3db9d5b0b25f8ecf7d7d5524a765b95acef9500fd88a64f,humaneval,body_first,0,random,1.0,-3.0493760108947754,-0.08062611520290375,False,True
3046,11e595a2aae90f5bd3db9d5b0b25f8ecf7d7d5524a765b95acef9500fd88a64f,humaneval,body_first,2,toward,0.5,-3.0945448875427246,-0.07891982048749924,False,True
3046,11e595a2aae90f5bd3db9d5b0b25f8ecf7d7d5524a765b95acef9500fd88a64f,humaneval,body_first,2,away,0.5,-3.022221326828003,-0.08472132682800293,False,True
3046,11e595a2aae90f5bd3db9d5b0b25f8ecf7d7d5524a765b95acef9500fd88a64f,humaneval,body_first,2,random,0.5,-3.080214500427246,-0.08021438866853714,False,True
3046,11e595a2aae90f5bd3db9d5b0b25f8ecf7d7d5524a765b95acef9500fd88a64f,humaneval,body_first,2,toward,1.0,-3.1085760593414307,-0.07732614874839783,False,True
3046,11e595a2aae90f5bd3db9d5b0b25f8ecf7d7d5524a765b95acef9500fd88a64f,humaneval,body_first,2,away,1.0,-2.962974786758423,-0.08797486126422882,False,True
3046,11e595a2aae90f5bd3db9d5b0b25f8ecf7d7d5524a765b95acef9500fd88a64f,humaneval,body_first,2,random,1.0,-3.0938615798950195,-0.07823669165372849,False,True
3046,11e595a2aae90f5bd3db9d5b0b25f8ecf7d7d5524a765b95acef9500fd88a64f,humaneval,body_first,4,toward,0.5,-3.080487012863159,-0.08048698306083679,False,True
3046,11e595a2aae90f5bd3db9d5b0b25f8ecf7d7d5524a765b95acef9500fd88a64f,humaneval,body_first,4,away,0.5,-3.0509302616119385,-0.08218017220497131,False,True
3046,11e595a2aae90f5bd3db9d5b0b25f8ecf7d7d5524a765b95acef9500fd88a64f,humaneval,body_first,4,random,0.5,-3.0659706592559814,-0.08159562200307846,False,True
3046,11e595a2aae90f5bd3db9d5b0b25f8ecf7d7d5524a765b95acef9500fd88a64f,humaneval,body_first,4,toward,1.0,-3.080177068710327,-0.08017698675394058,False,True
3046,11e595a2aae90f5bd3db9d5b0b25f8ecf7d7d5524a765b95acef9500fd88a64f,humaneval,body_first,4,away,1.0,-3.0074408054351807,-0.08556585013866425,False,True
3046,11e595a2aae90f5bd3db9d5b0b25f8ecf7d7d5524a765b95acef9500fd88a64f,humaneval,body_first,4,random,1.0,-3.065615653991699,-0.0812406837940216,False,True
3046,11e595a2aae90f5bd3db9d5b0b25f8ecf7d7d5524a765b95acef9500fd88a64f,humaneval,body_first,6,toward,0.5,-3.0659711360931396,-0.08159617334604263,False,True
3046,11e595a2aae90f5bd3db9d5b0b25f8ecf7d7d5524a765b95acef9500fd88a64f,humaneval,body_first,6,away,0.5,-3.06567645072937,-0.08130135387182236,False,True
3046,11e595a2aae90f5bd3db9d5b0b25f8ecf7d7d5524a765b95acef9500fd88a64f,humaneval,body_first,6,random,0.5,-3.0654661655426025,-0.08109109103679657,False,True
3046,11e595a2aae90f5bd3db9d5b0b25f8ecf7d7d5524a765b95acef9500fd88a64f,humaneval,body_first,6,toward,1.0,-3.080803871154785,-0.08080381900072098,False,True
3046,11e595a2aae90f5bd3db9d5b0b25f8ecf7d7d5524a765b95acef9500fd88a64f,humaneval,body_first,6,away,1.0,-3.0514256954193115,-0.08267559856176376,False,True
3046,11e595a2aae90f5bd3db9d5b0b25f8ecf7d7d5524a765b95acef9500fd88a64f,humaneval,body_first,6,random,1.0,-3.0509116649627686,-0.08216172456741333,False,True
3046,11e595a2aae90f5bd3db9d5b0b25f8ecf7d7d5524a765b95acef9500fd88a64f,humaneval,body_first,8,toward,0.5,-3.051081418991089,-0.08233135938644409,False,True
3046,11e595a2aae90f5bd3db9d5b0b25f8ecf7d7d5524a765b95acef9500fd88a64f,humaneval,body_first,8,away,0.5,-3.065929412841797,-0.08155453205108643,False,True
3046,11e595a2aae90f5bd3db9d5b0b25f8ecf7d7d5524a765b95acef9500fd88a64f,humaneval,body_first,8,random,0.5,-3.0659713745117188,-0.08159628510475159,False,True
3046,11e595a2aae90f5bd3db9d5b0b25f8ecf7d7d5524a765b95acef9500fd88a64f,humaneval,body_first,8,toward,1.0,-3.0654890537261963,-0.08111406117677689,False,True
3046,11e595a2aae90f5bd3db9d5b0b25f8ecf7d7d5524a765b95acef9500fd88a64f,humaneval,body_first,8,away,1.0,-3.0659902095794678,-0.08161517977714539,False,True
3046,11e595a2aae90f5bd3db9d5b0b25f8ecf7d7d5524a765b95acef9500fd88a64f,humaneval,body_first,8,random,1.0,-3.05124568939209,-0.08249559253454208,False,True
3046,11e595a2aae90f5bd3db9d5b0b25f8ecf7d7d5524a765b95acef9500fd88a64f,humaneval,body_first,10,toward,0.5,-3.0510988235473633,-0.08234881609678268,False,True
3046,11e595a2aae90f5bd3db9d5b0b25f8ecf7d7d5524a765b95acef9500fd88a64f,humaneval,body_first,10,away,0.5,-3.0659711360931396,-0.08159617334604263,False,True
3046,11e595a2aae90f5bd3db9d5b0b25f8ecf7d7d5524a765b95acef9500fd88a64f,humaneval,body_first,10,random,0.5,-3.06595778465271,-0.08158288151025772,False,True
3046,11e595a2aae90f5bd3db9d5b0b25f8ecf7d7d5524a765b95acef9500fd88a64f,humaneval,body_first,10,toward,1.0,-3.0511722564697266,-0.08242226392030716,False,True
3046,11e595a2aae90f5bd3db9d5b0b25f8ecf7d7d5524a765b95acef9500fd88a64f,humaneval,body_first,10,away,1.0,-3.0510988235473633,-0.08234892785549164,False,True
3046,11e595a2aae90f5bd3db9d5b0b25f8ecf7d7d5524a765b95acef9500fd88a64f,humaneval,body_first,10,random,1.0,-3.0512137413024902,-0.08246375620365143,False,True
3046,11e595a2aae90f5bd3db9d5b0b25f8ecf7d7d5524a765b95acef9500fd88a64f,humaneval,body_first,12,toward,0.5,-3.065915107727051,-0.08154002577066422,False,True
3046,11e595a2aae90f5bd3db9d5b0b25f8ecf7d7d5524a765b95acef9500fd88a64f,humaneval,body_first,12,away,0.5,-3.0659711360931396,-0.08159606158733368,False,True
3046,11e595a2aae90f5bd3db9d5b0b25f8ecf7d7d5524a765b95acef9500fd88a64f,humaneval,body_first,12,random,0.5,-3.0658936500549316,-0.08151870965957642,False,True
3046,11e595a2aae90f5bd3db9d5b0b25f8ecf7d7d5524a765b95acef9500fd88a64f,humaneval,body_first,12,toward,1.0,-3.0510799884796143,-0.08233004808425903,False,True
3046,11e595a2aae90f5bd3db9d5b0b25f8ecf7d7d5524a765b95acef9500fd88a64f,humaneval,body_first,12,away,1.0,-3.051319122314453,-0.08256902545690536,False,True
3046,11e595a2aae90f5bd3db9d5b0b25f8ecf7d7d5524a765b95acef9500fd88a64f,humaneval,body_first,12,random,1.0,-3.0512266159057617,-0.08247660100460052,False,True
3046,11e595a2aae90f5bd3db9d5b0b25f8ecf7d7d5524a765b95acef9500fd88a64f,humaneval,body_first,14,toward,0.5,-3.0659713745117188,-0.08159638941287994,False,True
3046,11e595a2aae90f5bd3db9d5b0b25f8ecf7d7d5524a765b95acef9500fd88a64f,humaneval,body_first,14,away,0.5,-3.065955877304077,-0.08158089965581894,False,True
3046,11e595a2aae90f5bd3db9d5b0b25f8ecf7d7d5524a765b95acef9500fd88a64f,humaneval,body_first,14,random,0.5,-3.0655720233917236,-0.08119694143533707,False,True
3046,11e595a2aae90f5bd3db9d5b0b25f8ecf7d7d5524a765b95acef9500fd88a64f,humaneval,body_first,14,toward,1.0,-3.051081657409668,-0.08233169466257095,False,True
3046,11e595a2aae90f5bd3db9d5b0b25f8ecf7d7d5524a765b95acef9500fd88a64f,humaneval,body_first,14,away,1.0,-3.065756320953369,-0.08138135820627213,False,True
3046,11e595a2aae90f5bd3db9d5b0b25f8ecf7d7d5524a765b95acef9500fd88a64f,humaneval,body_first,14,random,1.0,-3.051051616668701,-0.08230149745941162,False,True
3046,11e595a2aae90f5bd3db9d5b0b25f8ecf7d7d5524a765b95acef9500fd88a64f,humaneval,body_first,16,toward,0.5,-3.0654993057250977,-0.08112439513206482,False,True
3046,11e595a2aae90f5bd3db9d5b0b25f8ecf7d7d5524a765b95acef9500fd88a64f,humaneval,body_first,16,away,0.5,-3.0659565925598145,-0.08158156275749207,False,True
3046,11e595a2aae90f5bd3db9d5b0b25f8ecf7d7d5524a765b95acef9500fd88a64f,humaneval,body_first,16,random,0.5,-3.0654990673065186,-0.08112417906522751,False,True
3046,11e595a2aae90f5bd3db9d5b0b25f8ecf7d7d5524a765b95acef9500fd88a64f,humaneval,body_first,16,toward,1.0,-3.051081418991089,-0.08233135938644409,False,True
3046,11e595a2aae90f5bd3db9d5b0b25f8ecf7d7d5524a765b95acef9500fd88a64f,humaneval,body_first,16,away,1.0,-3.0659561157226562,-0.0815812274813652,False,True
3046,11e595a2aae90f5bd3db9d5b0b25f8ecf7d7d5524a765b95acef9500fd88a64f,humaneval,body_first,16,random,1.0,-3.051079750061035,-0.08232971280813217,False,True
3046,11e595a2aae90f5bd3db9d5b0b25f8ecf7d7d5524a765b95acef9500fd88a64f,humaneval,body_first,18,toward,0.5,-3.0659563541412354,-0.08158145099878311,False,True
3046,11e595a2aae90f5bd3db9d5b0b25f8ecf7d7d5524a765b95acef9500fd88a64f,humaneval,body_first,18,away,0.5,-3.065915107727051,-0.08154002577066422,False,True
3046,11e595a2aae90f5bd3db9d5b0b25f8ecf7d7d5524a765b95acef9500fd88a64f,humaneval,body_first,18,random,0.5,-3.0659713745117188,-0.08159638941287994,False,True
3046,11e595a2aae90f5bd3db9d5b0b25f8ecf7d7d5524a765b95acef9500fd88a64f,humaneval,body_first,18,toward,1.0,-3.0659728050231934,-0.0815977081656456,False,True
3046,11e595a2aae90f5bd3db9d5b0b25f8ecf7d7d5524a765b95acef9500fd88a64f,humaneval,body_first,18,away,1.0,-3.0659706592559814,-0.08159573376178741,False,True
3046,11e595a2aae90f5bd3db9d5b0b25f8ecf7d7d5524a765b95acef9500fd88a64f,humaneval,body_first,18,random,1.0,-3.0655717849731445,-0.08119682967662811,False,True
3046,11e595a2aae90f5bd3db9d5b0b25f8ecf7d7d5524a765b95acef9500fd88a64f,humaneval,body_first,20,toward,0.5,-3.065730094909668,-0.08135498315095901,False,True
3046,11e595a2aae90f5bd3db9d5b0b25f8ecf7d7d5524a765b95acef9500fd88a64f,humaneval,body_first,20,away,0.5,-3.06571626663208,-0.08134135603904724,False,True
3046,11e595a2aae90f5bd3db9d5b0b25f8ecf7d7d5524a765b95acef9500fd88a64f,humaneval,body_first,20,random,0.5,-3.0655720233917236,-0.08119694143533707,False,True
3046,11e595a2aae90f5bd3db9d5b0b25f8ecf7d7d5524a765b95acef9500fd88a64f,humaneval,body_first,20,toward,1.0,-3.0655055046081543,-0.08113043755292892,False,True
3046,11e595a2aae90f5bd3db9d5b0b25f8ecf7d7d5524a765b95acef9500fd88a64f,humaneval,body_first,20,away,1.0,-3.0659563541412354,-0.08158145099878311,False,True
3046,11e595a2aae90f5bd3db9d5b0b25f8ecf7d7d5524a765b95acef9500fd88a64f,humaneval,body_first,20,random,1.0,-3.0655529499053955,-0.08117792755365372,False,True
3046,11e595a2aae90f5bd3db9d5b0b25f8ecf7d7d5524a765b95acef9500fd88a64f,humaneval,body_first,22,toward,0.5,-3.0655717849731445,-0.08119682967662811,False,True
3046,11e595a2aae90f5bd3db9d5b0b25f8ecf7d7d5524a765b95acef9500fd88a64f,humaneval,body_first,22,away,0.5,-3.0658934116363525,-0.0815184935927391,False,True
3046,11e595a2aae90f5bd3db9d5b0b25f8ecf7d7d5524a765b95acef9500fd88a64f,humaneval,body_first,22,random,0.5,-3.065716505050659,-0.0813414677977562,False,True
3046,11e595a2aae90f5bd3db9d5b0b25f8ecf7d7d5524a765b95acef9500fd88a64f,humaneval,body_first,22,toward,1.0,-3.065716505050659,-0.0813414677977562,False,True
3046,11e595a2aae90f5bd3db9d5b0b25f8ecf7d7d5524a765b95acef9500fd88a64f,humaneval,body_first,22,away,1.0,-3.0655717849731445,-0.08119682967662811,False,True
3046,11e595a2aae90f5bd3db9d5b0b25f8ecf7d7d5524a765b95acef9500fd88a64f,humaneval,body_first,22,random,1.0,-3.0659713745117188,-0.08159628510475159,False,True
3046,11e595a2aae90f5bd3db9d5b0b25f8ecf7d7d5524a765b95acef9500fd88a64f,humaneval,body_first,23,toward,0.5,-3.0659713745117188,-0.08159628510475159,False,True
3046,11e595a2aae90f5bd3db9d5b0b25f8ecf7d7d5524a765b95acef9500fd88a64f,humaneval,body_first,23,away,0.5,-3.0659713745117188,-0.08159628510475159,False,True
3046,11e595a2aae90f5bd3db9d5b0b25f8ecf7d7d5524a765b95acef9500fd88a64f,humaneval,body_first,23,random,0.5,-3.0659713745117188,-0.08159628510475159,False,True
3046,11e595a2aae90f5bd3db9d5b0b25f8ecf7d7d5524a765b95acef9500fd88a64f,humaneval,body_first,23,toward,1.0,-3.0659713745117188,-0.08159628510475159,False,True
3046,11e595a2aae90f5bd3db9d5b0b25f8ecf7d7d5524a765b95acef9500fd88a64f,humaneval,body_first,23,away,1.0,-3.0659713745117188,-0.08159628510475159,False,True
3046,11e595a2aae90f5bd3db9d5b0b25f8ecf7d7d5524a765b95acef9500fd88a64f,humaneval,body_first,23,random,1.0,-3.0659713745117188,-0.08159628510475159,False,True
3046,11e595a2aae90f5bd3db9d5b0b25f8ecf7d7d5524a765b95acef9500fd88a64f,humaneval,answer,0,toward,0.5,-3.064568281173706,-0.08019337803125381,False,True
3046,11e595a2aae90f5bd3db9d5b0b25f8ecf7d7d5524a765b95acef9500fd88a64f,humaneval,answer,0,away,0.5,-3.272671937942505,-0.06954699009656906,False,True
3046,11e595a2aae90f5bd3db9d5b0b25f8ecf7d7d5524a765b95acef9500fd88a64f,humaneval,answer,0,random,0.5,-3.143871784210205,-0.08137168735265732,False,True
3046,11e595a2aae90f5bd3db9d5b0b25f8ecf7d7d5524a765b95acef9500fd88a64f,humaneval,answer,0,toward,1.0,-3.2566070556640625,-0.06910698860883713,False,True
3046,11e595a2aae90f5bd3db9d5b0b25f8ecf7d7d5524a765b95acef9500fd88a64f,humaneval,answer,0,away,1.0,-3.440925359725952,-0.050300437957048416,False,True
3046,11e595a2aae90f5bd3db9d5b0b25f8ecf7d7d5524a765b95acef9500fd88a64f,humaneval,answer,0,random,1.0,-3.333050489425659,-0.06742548942565918,False,True
3046,11e595a2aae90f5bd3db9d5b0b25f8ecf7d7d5524a765b95acef9500fd88a64f,humaneval,answer,2,toward,0.5,-3.0487184524536133,-0.07996846735477448,False,True
3046,11e595a2aae90f5bd3db9d5b0b25f8ecf7d7d5524a765b95acef9500fd88a64f,humaneval,answer,2,away,0.5,-2.9657881259918213,-0.09078814089298248,False,True
3046,11e595a2aae90f5bd3db9d5b0b25f8ecf7d7d5524a765b95acef9500fd88a64f,humaneval,answer,2,random,0.5,-3.447648048400879,-0.05702301487326622,False,True
3046,11e595a2aae90f5bd3db9d5b0b25f8ecf7d7d5524a765b95acef9500fd88a64f,humaneval,answer,2,toward,1.0,-3.5067355632781982,-0.053610656410455704,False,True
3046,11e595a2aae90f5bd3db9d5b0b25f8ecf7d7d5524a765b95acef9500fd88a64f,humaneval,answer,2,away,1.0,-2.6426546573638916,-0.11140459030866623,False,True
3046,11e595a2aae90f5bd3db9d5b0b25f8ecf7d7d5524a765b95acef9500fd88a64f,humaneval,answer,2,random,1.0,-3.6060805320739746,-0.04358052462339401,False,True
3046,11e595a2aae90f5bd3db9d5b0b25f8ecf7d7d5524a765b95acef9500fd88a64f,humaneval,answer,4,toward,0.5,-3.171529531478882,-0.07777953892946243,False,True
3046,11e595a2aae90f5bd3db9d5b0b25f8ecf7d7d5524a765b95acef9500fd88a64f,humaneval,answer,4,away,0.5,-3.0933706760406494,-0.07774578779935837,False,True
3046,11e595a2aae90f5bd3db9d5b0b25f8ecf7d7d5524a765b95acef9500fd88a64f,humaneval,answer,4,random,0.5,-3.241642713546753,-0.06976769864559174,False,True
3046,11e595a2aae90f5bd3db9d5b0b25f8ecf7d7d5524a765b95acef9500fd88a64f,humaneval,answer,4,toward,1.0,-3.1155035495758057,-0.08425343781709671,False,True
3046,11e595a2aae90f5bd3db9d5b0b25f8ecf7d7d5524a765b95acef9500fd88a64f,humaneval,answer,4,away,1.0,-3.115990161895752,-0.06911510974168777,False,True
3046,11e595a2aae90f5bd3db9d5b0b25f8ecf7d7d5524a765b95acef9500fd88a64f,humaneval,answer,4,random,1.0,-3.501380205154419,-0.04825523495674133,False,True
3046,11e595a2aae90f5bd3db9d5b0b25f8ecf7d7d5524a765b95acef9500fd88a64f,humaneval,answer,6,toward,0.5,-3.187089204788208,-0.06208917871117592,False,True
3046,11e595a2aae90f5bd3db9d5b0b25f8ecf7d7d5524a765b95acef9500fd88a64f,humaneval,answer,6,away,0.5,-3.038250207901001,-0.08512528985738754,False,True
3046,11e595a2aae90f5bd3db9d5b0b25f8ecf7d7d5524a765b95acef9500fd88a64f,humaneval,answer,6,random,0.5,-2.893416166305542,-0.10435368865728378,False,True
3046,11e595a2aae90f5bd3db9d5b0b25f8ecf7d7d5524a765b95acef9500fd88a64f,humaneval,answer,6,toward,1.0,-3.4976470470428467,-0.04452195763587952,False,True
3046,11e595a2aae90f5bd3db9d5b0b25f8ecf7d7d5524a765b95acef9500fd88a64f,humaneval,answer,6,away,1.0,-3.181811809539795,-0.07243680208921432,False,True
3046,11e595a2aae90f5bd3db9d5b0b25f8ecf7d7d5524a765b95acef9500fd88a64f,humaneval,answer,6,random,1.0,-2.883282423019409,-0.10203252732753754,False,True
3046,11e595a2aae90f5bd3db9d5b0b25f8ecf7d7d5524a765b95acef9500fd88a64f,humaneval,answer,8,toward,0.5,-2.9287681579589844,-0.0850180983543396,False,True
3046,11e595a2aae90f5bd3db9d5b0b25f8ecf7d7d5524a765b95acef9500fd88a64f,humaneval,answer,8,away,0.5,-3.0685179233551025,-0.07633039355278015,False,True
3046,11e595a2aae90f5bd3db9d5b0b25f8ecf7d7d5524a765b95acef9500fd88a64f,humaneval,answer,8,random,0.5,-3.5956296920776367,-0.04875469580292702,False,True
3046,11e595a2aae90f5bd3db9d5b0b25f8ecf7d7d5524a765b95acef9500fd88a64f,humaneval,answer,8,toward,1.0,-2.8154776096343994,-0.09672757238149643,False,True
3046,11e595a2aae90f5bd3db9d5b0b25f8ecf7d7d5524a765b95acef9500fd88a64f,humaneval,answer,8,away,1.0,-3.0430030822753906,-0.0742531344294548,False,True
3046,11e595a2aae90f5bd3db9d5b0b25f8ecf7d7d5524a765b95acef9500fd88a64f,humaneval,answer,8,random,1.0,-3.5544168949127197,-0.05441683158278465,False,True
3046,11e595a2aae90f5bd3db9d5b0b25f8ecf7d7d5524a765b95acef9500fd88a64f,humaneval,answer,10,toward,0.5,-2.608964681625366,-0.15583977103233337,False,True
3046,11e595a2aae90f5bd3db9d5b0b25f8ecf7d7d5524a765b95acef9500fd88a64f,humaneval,answer,10,away,0.5,-3.3351616859436035,-0.0539117231965065,False,True
3046,11e595a2aae90f5bd3db9d5b0b25f8ecf7d7d5524a765b95acef9500fd88a64f,humaneval,answer,10,random,0.5,-2.7573516368865967,-0.11672654747962952,False,True
3046,11e595a2aae90f5bd3db9d5b0b25f8ecf7d7d5524a765b95acef9500fd88a64f,humaneval,answer,10,toward,1.0,-1.8853877782821655,-0.5260127782821655,False,True
3046,11e595a2aae90f5bd3db9d5b0b25f8ecf7d7d5524a765b95acef9500fd88a64f,humaneval,answer,10,away,1.0,-3.0148203372955322,-0.061695415526628494,False,True
3046,11e595a2aae90f5bd3db9d5b0b25f8ecf7d7d5524a765b95acef9500fd88a64f,humaneval,answer,10,random,1.0,-2.5555896759033203,-0.13371479511260986,False,True
3046,11e595a2aae90f5bd3db9d5b0b25f8ecf7d7d5524a765b95acef9500fd88a64f,humaneval,answer,12,toward,0.5,-2.322566032409668,-0.22100360691547394,False,True
3046,11e595a2aae90f5bd3db9d5b0b25f8ecf7d7d5524a765b95acef9500fd88a64f,humaneval,answer,12,away,0.5,-2.9164719581604004,-0.0883469507098198,False,True
3046,11e595a2aae90f5bd3db9d5b0b25f8ecf7d7d5524a765b95acef9500fd88a64f,humaneval,answer,12,random,0.5,-3.063389301300049,-0.08292052894830704,False,True
3046,11e595a2aae90f5bd3db9d5b0b25f8ecf7d7d5524a765b95acef9500fd88a64f,humaneval,answer,12,toward,1.0,-1.7968757152557373,-1.1699225902557373,False,True
3046,11e595a2aae90f5bd3db9d5b0b25f8ecf7d7d5524a765b95acef9500fd88a64f,humaneval,answer,12,away,1.0,-2.6453843116760254,-0.11022806167602539,False,True
3046,11e595a2aae90f5bd3db9d5b0b25f8ecf7d7d5524a765b95acef9500fd88a64f,humaneval,answer,12,random,1.0,-2.5497536659240723,-0.14350378513336182,False,True
3046,11e595a2aae90f5bd3db9d5b0b25f8ecf7d7d5524a765b95acef9500fd88a64f,humaneval,answer,14,toward,0.5,-2.722694158554077,-0.17581918835639954,False,True
3046,11e595a2aae90f5bd3db9d5b0b25f8ecf7d7d5524a765b95acef9500fd88a64f,humaneval,answer,14,away,0.5,-3.2667176723480225,-0.06359276175498962,False,True
3046,11e595a2aae90f5bd3db9d5b0b25f8ecf7d7d5524a765b95acef9500fd88a64f,humaneval,answer,14,random,0.5,-3.069323778152466,-0.10057383030653,False,True
3046,11e595a2aae90f5bd3db9d5b0b25f8ecf7d7d5524a765b95acef9500fd88a64f,humaneval,answer,14,toward,1.0,-2.5625417232513428,-0.43705347180366516,False,True
3046,11e595a2aae90f5bd3db9d5b0b25f8ecf7d7d5524a765b95acef9500fd88a64f,humaneval,answer,14,away,1.0,-3.4514119625091553,-0.06078684702515602,False,True
3046,11e595a2aae90f5bd3db9d5b0b25f8ecf7d7d5524a765b95acef9500fd88a64f,humaneval,answer,14,random,1.0,-3.3945398330688477,-0.12891486287117004,False,True
3046,11e595a2aae90f5bd3db9d5b0b25f8ecf7d7d5524a765b95acef9500fd88a64f,humaneval,answer,16,toward,0.5,-2.493778705596924,-0.17737241089344025,False,True
3046,11e595a2aae90f5bd3db9d5b0b25f8ecf7d7d5524a765b95acef9500fd88a64f,humaneval,answer,16,away,0.5,-3.670914649963379,-0.045914746820926666,False,True
3046,11e595a2aae90f5bd3db9d5b0b25f8ecf7d7d5524a765b95acef9500fd88a64f,humaneval,answer,16,random,0.5,-2.742633581161499,-0.10200852155685425,False,True
3046,11e595a2aae90f5bd3db9d5b0b25f8ecf7d7d5524a765b95acef9500fd88a64f,humaneval,answer,16,toward,1.0,-2.070486068725586,-0.39079856872558594,False,True
3046,11e595a2aae90f5bd3db9d5b0b25f8ecf7d7d5524a765b95acef9500fd88a64f,humaneval,answer,16,away,1.0,-4.019436359405518,-0.03506137803196907,False,True
3046,11e595a2aae90f5bd3db9d5b0b25f8ecf7d7d5524a765b95acef9500fd88a64f,humaneval,answer,16,random,1.0,-2.233431577682495,-0.17093150317668915,False,True
3046,11e595a2aae90f5bd3db9d5b0b25f8ecf7d7d5524a765b95acef9500fd88a64f,humaneval,answer,18,toward,0.5,-3.0107028484344482,-0.18257777392864227,False,True
3046,11e595a2aae90f5bd3db9d5b0b25f8ecf7d7d5524a765b95acef9500fd88a64f,humaneval,answer,18,away,0.5,-3.0984437465667725,-0.06719378381967545,False,True
3046,11e595a2aae90f5bd3db9d5b0b25f8ecf7d7d5524a765b95acef9500fd88a64f,humaneval,answer,18,random,0.5,-3.2135541439056396,-0.08855405449867249,False,True
3046,11e595a2aae90f5bd3db9d5b0b25f8ecf7d7d5524a765b95acef9500fd88a64f,humaneval,answer,18,toward,1.0,-2.8585166931152344,-0.5469932556152344,False,True
3046,11e595a2aae90f5bd3db9d5b0b25f8ecf7d7d5524a765b95acef9500fd88a64f,humaneval,answer,18,away,1.0,-3.1705775260925293,-0.061202604323625565,False,True
3046,11e595a2aae90f5bd3db9d5b0b25f8ecf7d7d5524a765b95acef9500fd88a64f,humaneval,answer,18,random,1.0,-3.4615721702575684,-0.09438470751047134,False,True
3046,11e595a2aae90f5bd3db9d5b0b25f8ecf7d7d5524a765b95acef9500fd88a64f,humaneval,answer,20,toward,0.5,-3.6739981174468994,-0.18962307274341583,False,True
3046,11e595a2aae90f5bd3db9d5b0b25f8ecf7d7d5524a765b95acef9500fd88a64f,humaneval,answer,20,away,0.5,-2.6872427463531494,-0.09349266439676285,False,True
3046,11e595a2aae90f5bd3db9d5b0b25f8ecf7d7d5524a765b95acef9500fd88a64f,humaneval,answer,20,random,0.5,-3.4614150524139404,-0.07078999280929565,False,True
3046,11e595a2aae90f5bd3db9d5b0b25f8ecf7d7d5524a765b95acef9500fd88a64f,humaneval,answer,20,toward,1.0,-4.456033706665039,-0.72165846824646,False,True
3046,11e595a2aae90f5bd3db9d5b0b25f8ecf7d7d5524a765b95acef9500fd88a64f,humaneval,answer,20,away,1.0,-2.382657527923584,-0.11703252792358398,False,True
3046,11e595a2aae90f5bd3db9d5b0b25f8ecf7d7d5524a765b95acef9500fd88a64f,humaneval,answer,20,random,1.0,-3.7559309005737305,-0.0684308111667633,False,True
3046,11e595a2aae90f5bd3db9d5b0b25f8ecf7d7d5524a765b95acef9500fd88a64f,humaneval,answer,22,toward,0.5,-3.961566925048828,-0.14711378514766693,False,True
3046,11e595a2aae90f5bd3db9d5b0b25f8ecf7d7d5524a765b95acef9500fd88a64f,humaneval,answer,22,away,0.5,-2.5356991291046143,-0.0981990173459053,False,True
3046,11e595a2aae90f5bd3db9d5b0b25f8ecf7d7d5524a765b95acef9500fd88a64f,humaneval,answer,22,random,0.5,-3.0859155654907227,-0.0781029611825943,False,True
3046,11e595a2aae90f5bd3db9d5b0b25f8ecf7d7d5524a765b95acef9500fd88a64f,humaneval,answer,22,toward,1.0,-4.908891677856445,-0.5417039394378662,False,True
3046,11e595a2aae90f5bd3db9d5b0b25f8ecf7d7d5524a765b95acef9500fd88a64f,humaneval,answer,22,away,1.0,-2.15543794631958,-0.13981302082538605,False,True
3046,11e595a2aae90f5bd3db9d5b0b25f8ecf7d7d5524a765b95acef9500fd88a64f,humaneval,answer,22,random,1.0,-3.0210952758789062,-0.08750160038471222,False,True
3046,11e595a2aae90f5bd3db9d5b0b25f8ecf7d7d5524a765b95acef9500fd88a64f,humaneval,answer,23,toward,0.5,-4.889771461486816,-0.040772631764411926,False,True
3046,11e595a2aae90f5bd3db9d5b0b25f8ecf7d7d5524a765b95acef9500fd88a64f,humaneval,answer,23,away,0.5,-2.080876350402832,-0.22150130569934845,False,True
3046,11e595a2aae90f5bd3db9d5b0b25f8ecf7d7d5524a765b95acef9500fd88a64f,humaneval,answer,23,random,0.5,-2.370208263397217,-0.2608332335948944,False,True
3046,11e595a2aae90f5bd3db9d5b0b25f8ecf7d7d5524a765b95acef9500fd88a64f,humaneval,answer,23,toward,1.0,-6.003060817718506,-0.47181063890457153,False,True
3046,11e595a2aae90f5bd3db9d5b0b25f8ecf7d7d5524a765b95acef9500fd88a64f,humaneval,answer,23,away,1.0,-1.6998674869537354,-0.5123674869537354,False,True
3046,11e595a2aae90f5bd3db9d5b0b25f8ecf7d7d5524a765b95acef9500fd88a64f,humaneval,answer,23,random,1.0,-2.188403606414795,-0.9774660468101501,False,True
3080,c7223ed63e8da56fc5c76a3ed76e3b33606f192abb9fcc5f79999a7313515fa7,humaneval,baseline,-1,none,0.0,-4.568065643310547,-0.16005335748195648,False,True
3080,c7223ed63e8da56fc5c76a3ed76e3b33606f192abb9fcc5f79999a7313515fa7,humaneval,if,0,toward,0.5,-4.691722869873047,-0.15276893973350525,False,True
3080,c7223ed63e8da56fc5c76a3ed76e3b33606f192abb9fcc5f79999a7313515fa7,humaneval,if,0,away,0.5,-4.675625324249268,-0.1512627750635147,False,True
3080,c7223ed63e8da56fc5c76a3ed76e3b33606f192abb9fcc5f79999a7313515fa7,humaneval,if,0,random,0.5,-4.571422576904297,-0.1575356274843216,False,True
3080,c7223ed63e8da56fc5c76a3ed76e3b33606f192abb9fcc5f79999a7313515fa7,humaneval,if,0,toward,1.0,-5.097954273223877,-0.13369779288768768,False,True
3080,c7223ed63e8da56fc5c76a3ed76e3b33606f192abb9fcc5f79999a7313515fa7,humaneval,if,0,away,1.0,-4.803712844848633,-0.15439002215862274,False,True
3080,c7223ed63e8da56fc5c76a3ed76e3b33606f192abb9fcc5f79999a7313515fa7,humaneval,if,0,random,1.0,-4.3161516189575195,-0.1995541751384735,False,True
3080,c7223ed63e8da56fc5c76a3ed76e3b33606f192abb9fcc5f79999a7313515fa7,humaneval,if,2,toward,0.5,-4.706884384155273,-0.15199418365955353,False,True
3080,c7223ed63e8da56fc5c76a3ed76e3b33606f192abb9fcc5f79999a7313515fa7,humaneval,if,2,away,0.5,-4.576286792755127,-0.1594134271144867,False,True
3080,c7223ed63e8da56fc5c76a3ed76e3b33606f192abb9fcc5f79999a7313515fa7,humaneval,if,2,random,0.5,-4.476807117462158,-0.16574662923812866,False,True
3080,c7223ed63e8da56fc5c76a3ed76e3b33606f192abb9fcc5f79999a7313515fa7,humaneval,if,2,toward,1.0,-5.164257049560547,-0.1212303414940834,False,True
3080,c7223ed63e8da56fc5c76a3ed76e3b33606f192abb9fcc5f79999a7313515fa7,humaneval,if,2,away,1.0,-4.597545146942139,-0.1684451699256897,False,True
3080,c7223ed63e8da56fc5c76a3ed76e3b33606f192abb9fcc5f79999a7313515fa7,humaneval,if,2,random,1.0,-4.349116325378418,-0.17097239196300507,False,True
3080,c7223ed63e8da56fc5c76a3ed76e3b33606f192abb9fcc5f79999a7313515fa7,humaneval,if,4,toward,0.5,-4.541327953338623,-0.16330456733703613,False,True
3080,c7223ed63e8da56fc5c76a3ed76e3b33606f192abb9fcc5f79999a7313515fa7,humaneval,if,4,away,0.5,-4.421961784362793,-0.17112380266189575,False,True
3080,c7223ed63e8da56fc5c76a3ed76e3b33606f192abb9fcc5f79999a7313515fa7,humaneval,if,4,random,0.5,-5.061806678771973,-0.12723827362060547,False,True
3080,c7223ed63e8da56fc5c76a3ed76e3b33606f192abb9fcc5f79999a7313515fa7,humaneval,if,4,toward,1.0,-4.36615514755249,-0.18205036222934723,False,True
3080,c7223ed63e8da56fc5c76a3ed76e3b33606f192abb9fcc5f79999a7313515fa7,humaneval,if,4,away,1.0,-4.26382303237915,-0.18577370047569275,False,True
3080,c7223ed63e8da56fc5c76a3ed76e3b33606f192abb9fcc5f79999a7313515fa7,humaneval,if,4,random,1.0,-5.483283519744873,-0.11157264560461044,False,True
3080,c7223ed63e8da56fc5c76a3ed76e3b33606f192abb9fcc5f79999a7313515fa7,humaneval,if,6,toward,0.5,-4.894773960113525,-0.14422953128814697,False,True
3080,c7223ed63e8da56fc5c76a3ed76e3b33606f192abb9fcc5f79999a7313515fa7,humaneval,if,6,away,0.5,-4.429638862609863,-0.16327732801437378,False,True
3080,c7223ed63e8da56fc5c76a3ed76e3b33606f192abb9fcc5f79999a7313515fa7,humaneval,if,6,random,0.5,-4.736052989959717,-0.14776092767715454,False,True
3080,c7223ed63e8da56fc5c76a3ed76e3b33606f192abb9fcc5f79999a7313515fa7,humaneval,if,6,toward,1.0,-5.191523551940918,-0.12909016013145447,False,True
3080,c7223ed63e8da56fc5c76a3ed76e3b33606f192abb9fcc5f79999a7313515fa7,humaneval,if,6,away,1.0,-4.453338146209717,-0.1578015834093094,False,True
3080,c7223ed63e8da56fc5c76a3ed76e3b33606f192abb9fcc5f79999a7313515fa7,humaneval,if,6,random,1.0,-4.942687511444092,-0.13072505593299866,False,True
3080,c7223ed63e8da56fc5c76a3ed76e3b33606f192abb9fcc5f79999a7313515fa7,humaneval,if,8,toward,0.5,-4.583527565002441,-0.16377869248390198,False,True
3080,c7223ed63e8da56fc5c76a3ed76e3b33606f192abb9fcc5f79999a7313515fa7,humaneval,if,8,away,0.5,-4.508876323699951,-0.15577857196331024,False,True
3080,c7223ed63e8da56fc5c76a3ed76e3b33606f192abb9fcc5f79999a7313515fa7,humaneval,if,8,random,0.5,-4.701007843017578,-0.15175288915634155,False,True
3080,c7223ed63e8da56fc5c76a3ed76e3b33606f192abb9fcc5f79999a7313515fa7,humaneval,if,8,toward,1.0,-4.732565879821777,-0.1539316475391388,False,True
3080,c7223ed63e8da56fc5c76a3ed76e3b33606f192abb9fcc5f79999a7313515fa7,humaneval,if,8,away,1.0,-4.475896835327148,-0.1579858362674713,False,True
3080,c7223ed63e8da56fc5c76a3ed76e3b33606f192abb9fcc5f79999a7313515fa7,humaneval,if,8,random,1.0,-4.908191204071045,-0.13611295819282532,False,True
3080,c7223ed63e8da56fc5c76a3ed76e3b33606f192abb9fcc5f79999a7313515fa7,humaneval,if,10,toward,0.5,-4.5251007080078125,-0.16147789359092712,False,True
3080,c7223ed63e8da56fc5c76a3ed76e3b33606f192abb9fcc5f79999a7313515fa7,humaneval,if,10,away,0.5,-4.443964004516602,-0.1690548062324524,False,True
3080,c7223ed63e8da56fc5c76a3ed76e3b33606f192abb9fcc5f79999a7313515fa7,humaneval,if,10,random,0.5,-4.298554420471191,-0.1843382716178894,False,True
3080,c7223ed63e8da56fc5c76a3ed76e3b33606f192abb9fcc5f79999a7313515fa7,humaneval,if,10,toward,1.0,-4.753856658935547,-0.14532490074634552,False,True
3080,c7223ed63e8da56fc5c76a3ed76e3b33606f192abb9fcc5f79999a7313515fa7,humaneval,if,10,away,1.0,-4.452228546142578,-0.16404958069324493,False,True
3080,c7223ed63e8da56fc5c76a3ed76e3b33606f192abb9fcc5f79999a7313515fa7,humaneval,if,10,random,1.0,-4.388421535491943,-0.17677493393421173,False,True
3080,c7223ed63e8da56fc5c76a3ed76e3b33606f192abb9fcc5f79999a7313515fa7,humaneval,if,12,toward,0.5,-4.854777812957764,-0.14465390145778656,False,True
3080,c7223ed63e8da56fc5c76a3ed76e3b33606f192abb9fcc5f79999a7313515fa7,humaneval,if,12,away,0.5,-4.535192489624023,-0.1612130105495453,False,True
3080,c7223ed63e8da56fc5c76a3ed76e3b33606f192abb9fcc5f79999a7313515fa7,humaneval,if,12,random,0.5,-4.505644798278809,-0.16130331158638,False,True
3080,c7223ed63e8da56fc5c76a3ed76e3b33606f192abb9fcc5f79999a7313515fa7,humaneval,if,12,toward,1.0,-5.056445121765137,-0.13822169601917267,False,True
3080,c7223ed63e8da56fc5c76a3ed76e3b33606f192abb9fcc5f79999a7313515fa7,humaneval,if,12,away,1.0,-4.583287239074707,-0.15861724317073822,False,True
3080,c7223ed63e8da56fc5c76a3ed76e3b33606f192abb9fcc5f79999a7313515fa7,humaneval,if,12,random,1.0,-4.531603813171387,-0.1577557772397995,False,True
3080,c7223ed63e8da56fc5c76a3ed76e3b33606f192abb9fcc5f79999a7313515fa7,humaneval,if,14,toward,0.5,-4.659984111785889,-0.1549115926027298,False,True
3080,c7223ed63e8da56fc5c76a3ed76e3b33606f192abb9fcc5f79999a7313515fa7,humaneval,if,14,away,0.5,-4.530037879943848,-0.1641203910112381,False,True
3080,c7223ed63e8da56fc5c76a3ed76e3b33606f192abb9fcc5f79999a7313515fa7,humaneval,if,14,random,0.5,-4.616878032684326,-0.15847888588905334,False,True
3080,c7223ed63e8da56fc5c76a3ed76e3b33606f192abb9fcc5f79999a7313515fa7,humaneval,if,14,toward,1.0,-4.750065326690674,-0.14963281154632568,False,True
3080,c7223ed63e8da56fc5c76a3ed76e3b33606f192abb9fcc5f79999a7313515fa7,humaneval,if,14,away,1.0,-4.532812595367432,-0.16432876884937286,False,True
3080,c7223ed63e8da56fc5c76a3ed76e3b33606f192abb9fcc5f79999a7313515fa7,humaneval,if,14,random,1.0,-4.654623031616211,-0.1570202261209488,False,True
3080,c7223ed63e8da56fc5c76a3ed76e3b33606f192abb9fcc5f79999a7313515fa7,humaneval,if,16,toward,0.5,-4.563870906829834,-0.16216659545898438,False,True
3080,c7223ed63e8da56fc5c76a3ed76e3b33606f192abb9fcc5f79999a7313515fa7,humaneval,if,16,away,0.5,-4.55101203918457,-0.161322683095932,False,True
3080,c7223ed63e8da56fc5c76a3ed76e3b33606f192abb9fcc5f79999a7313515fa7,humaneval,if,16,random,0.5,-4.586407661437988,-0.16016244888305664,False,True
3080,c7223ed63e8da56fc5c76a3ed76e3b33606f192abb9fcc5f79999a7313515fa7,humaneval,if,16,toward,1.0,-4.636573314666748,-0.15417629480361938,False,True
3080,c7223ed63e8da56fc5c76a3ed76e3b33606f192abb9fcc5f79999a7313515fa7,humaneval,if,16,away,1.0,-4.552183628082275,-0.1620740443468094,False,True
3080,c7223ed63e8da56fc5c76a3ed76e3b33606f192abb9fcc5f79999a7313515fa7,humaneval,if,16,random,1.0,-4.562836170196533,-0.15985628962516785,False,True
3080,c7223ed63e8da56fc5c76a3ed76e3b33606f192abb9fcc5f79999a7313515fa7,humaneval,if,18,toward,0.5,-4.594813346862793,-0.15820638835430145,False,True
3080,c7223ed63e8da56fc5c76a3ed76e3b33606f192abb9fcc5f79999a7313515fa7,humaneval,if,18,away,0.5,-4.566208839416504,-0.16088372468948364,False,True
3080,c7223ed63e8da56fc5c76a3ed76e3b33606f192abb9fcc5f79999a7313515fa7,humaneval,if,18,random,0.5,-4.567565441131592,-0.16325505077838898,False,True
3080,c7223ed63e8da56fc5c76a3ed76e3b33606f192abb9fcc5f79999a7313515fa7,humaneval,if,18,toward,1.0,-4.581670761108398,-0.16098429262638092,False,True
3080,c7223ed63e8da56fc5c76a3ed76e3b33606f192abb9fcc5f79999a7313515fa7,humaneval,if,18,away,1.0,-4.5742292404174805,-0.15740680694580078,False,True
3080,c7223ed63e8da56fc5c76a3ed76e3b33606f192abb9fcc5f79999a7313515fa7,humaneval,if,18,random,1.0,-4.60098123550415,-0.16140252351760864,False,True
3080,c7223ed63e8da56fc5c76a3ed76e3b33606f192abb9fcc5f79999a7313515fa7,humaneval,if,20,toward,0.5,-4.568235397338867,-0.1607225388288498,False,True
3080,c7223ed63e8da56fc5c76a3ed76e3b33606f192abb9fcc5f79999a7313515fa7,humaneval,if,20,away,0.5,-4.564503192901611,-0.1607089340686798,False,True
3080,c7223ed63e8da56fc5c76a3ed76e3b33606f192abb9fcc5f79999a7313515fa7,humaneval,if,20,random,0.5,-4.5680742263793945,-0.16083358228206635,False,True
3080,c7223ed63e8da56fc5c76a3ed76e3b33606f192abb9fcc5f79999a7313515fa7,humaneval,if,20,toward,1.0,-4.5848588943481445,-0.15961962938308716,False,True
3080,c7223ed63e8da56fc5c76a3ed76e3b33606f192abb9fcc5f79999a7313515fa7,humaneval,if,20,away,1.0,-4.563089370727539,-0.15941646695137024,False,True
3080,c7223ed63e8da56fc5c76a3ed76e3b33606f192abb9fcc5f79999a7313515fa7,humaneval,if,20,random,1.0,-4.564094543457031,-0.15945692360401154,False,True
3080,c7223ed63e8da56fc5c76a3ed76e3b33606f192abb9fcc5f79999a7313515fa7,humaneval,if,22,toward,0.5,-4.565598487854004,-0.16077207028865814,False,True
3080,c7223ed63e8da56fc5c76a3ed76e3b33606f192abb9fcc5f79999a7313515fa7,humaneval,if,22,away,0.5,-4.56552791595459,-0.16071350872516632,False,True
3080,c7223ed63e8da56fc5c76a3ed76e3b33606f192abb9fcc5f79999a7313515fa7,humaneval,if,22,random,0.5,-4.567510604858398,-0.16077928245067596,False,True
3080,c7223ed63e8da56fc5c76a3ed76e3b33606f192abb9fcc5f79999a7313515fa7,humaneval,if,22,toward,1.0,-4.566763401031494,-0.15871255099773407,False,True
3080,c7223ed63e8da56fc5c76a3ed76e3b33606f192abb9fcc5f79999a7313515fa7,humaneval,if,22,away,1.0,-4.566412925720215,-0.1608184576034546,False,True
3080,c7223ed63e8da56fc5c76a3ed76e3b33606f192abb9fcc5f79999a7313515fa7,humaneval,if,22,random,1.0,-4.580695629119873,-0.15847623348236084,False,True
3080,c7223ed63e8da56fc5c76a3ed76e3b33606f192abb9fcc5f79999a7313515fa7,humaneval,if,23,toward,0.5,-4.577197074890137,-0.1583356261253357,False,True
3080,c7223ed63e8da56fc5c76a3ed76e3b33606f192abb9fcc5f79999a7313515fa7,humaneval,if,23,away,0.5,-4.577197074890137,-0.1583356261253357,False,True
3080,c7223ed63e8da56fc5c76a3ed76e3b33606f192abb9fcc5f79999a7313515fa7,humaneval,if,23,random,0.5,-4.577197074890137,-0.1583356261253357,False,True
3080,c7223ed63e8da56fc5c76a3ed76e3b33606f192abb9fcc5f79999a7313515fa7,humaneval,if,23,toward,1.0,-4.577197074890137,-0.1583356261253357,False,True
3080,c7223ed63e8da56fc5c76a3ed76e3b33606f192abb9fcc5f79999a7313515fa7,humaneval,if,23,away,1.0,-4.577197074890137,-0.1583356261253357,False,True
3080,c7223ed63e8da56fc5c76a3ed76e3b33606f192abb9fcc5f79999a7313515fa7,humaneval,if,23,random,1.0,-4.577197074890137,-0.1583356261253357,False,True
3080,c7223ed63e8da56fc5c76a3ed76e3b33606f192abb9fcc5f79999a7313515fa7,humaneval,body_first,0,toward,0.5,-4.746983528137207,-0.14492154121398926,False,True
3080,c7223ed63e8da56fc5c76a3ed76e3b33606f192abb9fcc5f79999a7313515fa7,humaneval,body_first,0,away,0.5,-4.543450355529785,-0.1609685719013214,False,True
3080,c7223ed63e8da56fc5c76a3ed76e3b33606f192abb9fcc5f79999a7313515fa7,humaneval,body_first,0,random,0.5,-4.669042587280273,-0.15124504268169403,False,True
3080,c7223ed63e8da56fc5c76a3ed76e3b33606f192abb9fcc5f79999a7313515fa7,humaneval,body_first,0,toward,1.0,-4.837458610534668,-0.13248467445373535,False,True
3080,c7223ed63e8da56fc5c76a3ed76e3b33606f192abb9fcc5f79999a7313515fa7,humaneval,body_first,0,away,1.0,-4.622067451477051,-0.15455591678619385,False,True
3080,c7223ed63e8da56fc5c76a3ed76e3b33606f192abb9fcc5f79999a7313515fa7,humaneval,body_first,0,random,1.0,-4.920770645141602,-0.12872087955474854,False,True
3080,c7223ed63e8da56fc5c76a3ed76e3b33606f192abb9fcc5f79999a7313515fa7,humaneval,body_first,2,toward,0.5,-4.544137954711914,-0.1641552895307541,False,True
3080,c7223ed63e8da56fc5c76a3ed76e3b33606f192abb9fcc5f79999a7313515fa7,humaneval,body_first,2,away,0.5,-4.445707321166992,-0.16617003083229065,False,True
3080,c7223ed63e8da56fc5c76a3ed76e3b33606f192abb9fcc5f79999a7313515fa7,humaneval,body_first,2,random,0.5,-4.455268859863281,-0.16635972261428833,False,True
3080,c7223ed63e8da56fc5c76a3ed76e3b33606f192abb9fcc5f79999a7313515fa7,humaneval,body_first,2,toward,1.0,-4.549473762512207,-0.16499903798103333,False,True
3080,c7223ed63e8da56fc5c76a3ed76e3b33606f192abb9fcc5f79999a7313515fa7,humaneval,body_first,2,away,1.0,-4.432159423828125,-0.16910997033119202,False,True
3080,c7223ed63e8da56fc5c76a3ed76e3b33606f192abb9fcc5f79999a7313515fa7,humaneval,body_first,2,random,1.0,-4.342859268188477,-0.1775532066822052,False,True
3080,c7223ed63e8da56fc5c76a3ed76e3b33606f192abb9fcc5f79999a7313515fa7,humaneval,body_first,4,toward,0.5,-4.681755542755127,-0.15148738026618958,False,True
3080,c7223ed63e8da56fc5c76a3ed76e3b33606f192abb9fcc5f79999a7313515fa7,humaneval,body_first,4,away,0.5,-4.492199897766113,-0.16755473613739014,False,True
3080,c7223ed63e8da56fc5c76a3ed76e3b33606f192abb9fcc5f79999a7313515fa7,humaneval,body_first,4,random,0.5,-4.598537445068359,-0.15898622572422028,False,True
3080,c7223ed63e8da56fc5c76a3ed76e3b33606f192abb9fcc5f79999a7313515fa7,humaneval,body_first,4,toward,1.0,-4.876591682434082,-0.1465444713830948,False,True
3080,c7223ed63e8da56fc5c76a3ed76e3b33606f192abb9fcc5f79999a7313515fa7,humaneval,body_first,4,away,1.0,-4.484346866607666,-0.172062948346138,False,True
3080,c7223ed63e8da56fc5c76a3ed76e3b33606f192abb9fcc5f79999a7313515fa7,humaneval,body_first,4,random,1.0,-4.615628242492676,-0.15885941684246063,False,True
3080,c7223ed63e8da56fc5c76a3ed76e3b33606f192abb9fcc5f79999a7313515fa7,humaneval,body_first,6,toward,0.5,-4.83213996887207,-0.14370658993721008,False,True
3080,c7223ed63e8da56fc5c76a3ed76e3b33606f192abb9fcc5f79999a7313515fa7,humaneval,body_first,6,away,0.5,-4.539314270019531,-0.1644299179315567,False,True
3080,c7223ed63e8da56fc5c76a3ed76e3b33606f192abb9fcc5f79999a7313515fa7,humaneval,body_first,6,random,0.5,-4.480667591094971,-0.1678369790315628,False,True
3080,c7223ed63e8da56fc5c76a3ed76e3b33606f192abb9fcc5f79999a7313515fa7,humaneval,body_first,6,toward,1.0,-5.330426216125488,-0.12000537663698196,False,True
3080,c7223ed63e8da56fc5c76a3ed76e3b33606f192abb9fcc5f79999a7313515fa7,humaneval,body_first,6,away,1.0,-4.493715763092041,-0.1720203012228012,False,True
3080,c7223ed63e8da56fc5c76a3ed76e3b33606f192abb9fcc5f79999a7313515fa7,humaneval,body_first,6,random,1.0,-4.471344470977783,-0.1729406714439392,False,True
3080,c7223ed63e8da56fc5c76a3ed76e3b33606f192abb9fcc5f79999a7313515fa7,humaneval,body_first,8,toward,0.5,-4.563342094421387,-0.16228973865509033,False,True
3080,c7223ed63e8da56fc5c76a3ed76e3b33606f192abb9fcc5f79999a7313515fa7,humaneval,body_first,8,away,0.5,-4.690242290496826,-0.15166828036308289,False,True
3080,c7223ed63e8da56fc5c76a3ed76e3b33606f192abb9fcc5f79999a7313515fa7,humaneval,body_first,8,random,0.5,-4.598102569580078,-0.15702734887599945,False,True
3080,c7223ed63e8da56fc5c76a3ed76e3b33606f192abb9fcc5f79999a7313515fa7,humaneval,body_first,8,toward,1.0,-4.789976119995117,-0.1455877274274826,False,True
3080,c7223ed63e8da56fc5c76a3ed76e3b33606f192abb9fcc5f79999a7313515fa7,humaneval,body_first,8,away,1.0,-4.945793628692627,-0.13737063109874725,False,True
3080,c7223ed63e8da56fc5c76a3ed76e3b33606f192abb9fcc5f79999a7313515fa7,humaneval,body_first,8,random,1.0,-4.816983699798584,-0.1427602469921112,False,True
3080,c7223ed63e8da56fc5c76a3ed76e3b33606f192abb9fcc5f79999a7313515fa7,humaneval,body_first,10,toward,0.5,-4.722951889038086,-0.15036940574645996,False,True
3080,c7223ed63e8da56fc5c76a3ed76e3b33606f192abb9fcc5f79999a7313515fa7,humaneval,body_first,10,away,0.5,-4.484831809997559,-0.16445863246917725,False,True
3080,c7223ed63e8da56fc5c76a3ed76e3b33606f192abb9fcc5f79999a7313515fa7,humaneval,body_first,10,random,0.5,-4.552300930023193,-0.16187989711761475,False,True
3080,c7223ed63e8da56fc5c76a3ed76e3b33606f192abb9fcc5f79999a7313515fa7,humaneval,body_first,10,toward,1.0,-4.884855270385742,-0.14054031670093536,False,True
3080,c7223ed63e8da56fc5c76a3ed76e3b33606f192abb9fcc5f79999a7313515fa7,humaneval,body_first,10,away,1.0,-4.497901916503906,-0.16281095147132874,False,True
3080,c7223ed63e8da56fc5c76a3ed76e3b33606f192abb9fcc5f79999a7313515fa7,humaneval,body_first,10,random,1.0,-4.618054389953613,-0.1562783122062683,False,True
3080,c7223ed63e8da56fc5c76a3ed76e3b33606f192abb9fcc5f79999a7313515fa7,humaneval,body_first,12,toward,0.5,-4.8563995361328125,-0.14324918389320374,False,True
3080,c7223ed63e8da56fc5c76a3ed76e3b33606f192abb9fcc5f79999a7313515fa7,humaneval,body_first,12,away,0.5,-4.484551429748535,-0.16443072259426117,False,True
3080,c7223ed63e8da56fc5c76a3ed76e3b33606f192abb9fcc5f79999a7313515fa7,humaneval,body_first,12,random,0.5,-4.507467269897461,-0.1618262529373169,False,True
3080,c7223ed63e8da56fc5c76a3ed76e3b33606f192abb9fcc5f79999a7313515fa7,humaneval,body_first,12,toward,1.0,-5.056602478027344,-0.1304791122674942,False,True
3080,c7223ed63e8da56fc5c76a3ed76e3b33606f192abb9fcc5f79999a7313515fa7,humaneval,body_first,12,away,1.0,-4.570093631744385,-0.15635304152965546,False,True
3080,c7223ed63e8da56fc5c76a3ed76e3b33606f192abb9fcc5f79999a7313515fa7,humaneval,body_first,12,random,1.0,-4.449377059936523,-0.16455328464508057,False,True
3080,c7223ed63e8da56fc5c76a3ed76e3b33606f192abb9fcc5f79999a7313515fa7,humaneval,body_first,14,toward,0.5,-4.683307647705078,-0.15263694524765015,False,True
3080,c7223ed63e8da56fc5c76a3ed76e3b33606f192abb9fcc5f79999a7313515fa7,humaneval,body_first,14,away,0.5,-4.458362579345703,-0.16700531542301178,False,True
3080,c7223ed63e8da56fc5c76a3ed76e3b33606f192abb9fcc5f79999a7313515fa7,humaneval,body_first,14,random,0.5,-4.648280143737793,-0.15291401743888855,False,True
3080,c7223ed63e8da56fc5c76a3ed76e3b33606f192abb9fcc5f79999a7313515fa7,humaneval,body_first,14,toward,1.0,-4.721732139587402,-0.15152466297149658,False,True
3080,c7223ed63e8da56fc5c76a3ed76e3b33606f192abb9fcc5f79999a7313515fa7,humaneval,body_first,14,away,1.0,-4.400421619415283,-0.16900335252285004,False,True
3080,c7223ed63e8da56fc5c76a3ed76e3b33606f192abb9fcc5f79999a7313515fa7,humaneval,body_first,14,random,1.0,-4.797553062438965,-0.14553424715995789,False,True
3080,c7223ed63e8da56fc5c76a3ed76e3b33606f192abb9fcc5f79999a7313515fa7,humaneval,body_first,16,toward,0.5,-4.577908039093018,-0.15812264382839203,False,True
3080,c7223ed63e8da56fc5c76a3ed76e3b33606f192abb9fcc5f79999a7313515fa7,humaneval,body_first,16,away,0.5,-4.566878318786621,-0.1588793396949768,False,True
3080,c7223ed63e8da56fc5c76a3ed76e3b33606f192abb9fcc5f79999a7313515fa7,humaneval,body_first,16,random,0.5,-4.579920768737793,-0.15684761106967926,False,True
3080,c7223ed63e8da56fc5c76a3ed76e3b33606f192abb9fcc5f79999a7313515fa7,humaneval,body_first,16,toward,1.0,-4.546353816986084,-0.1599888652563095,False,True
3080,c7223ed63e8da56fc5c76a3ed76e3b33606f192abb9fcc5f79999a7313515fa7,humaneval,body_first,16,away,1.0,-4.558152198791504,-0.15958772599697113,False,True
3080,c7223ed63e8da56fc5c76a3ed76e3b33606f192abb9fcc5f79999a7313515fa7,humaneval,body_first,16,random,1.0,-4.579690456390381,-0.15587496757507324,False,True
3080,c7223ed63e8da56fc5c76a3ed76e3b33606f192abb9fcc5f79999a7313515fa7,humaneval,body_first,18,toward,0.5,-4.565878868103027,-0.1607249677181244,False,True
3080,c7223ed63e8da56fc5c76a3ed76e3b33606f192abb9fcc5f79999a7313515fa7,humaneval,body_first,18,away,0.5,-4.583742141723633,-0.15898245573043823,False,True
3080,c7223ed63e8da56fc5c76a3ed76e3b33606f192abb9fcc5f79999a7313515fa7,humaneval,body_first,18,random,0.5,-4.583771228790283,-0.1596820205450058,False,True
3080,c7223ed63e8da56fc5c76a3ed76e3b33606f192abb9fcc5f79999a7313515fa7,humaneval,body_first,18,toward,1.0,-4.59626579284668,-0.157514750957489,False,True
3080,c7223ed63e8da56fc5c76a3ed76e3b33606f192abb9fcc5f79999a7313515fa7,humaneval,body_first,18,away,1.0,-4.579155921936035,-0.15827813744544983,False,True
3080,c7223ed63e8da56fc5c76a3ed76e3b33606f192abb9fcc5f79999a7313515fa7,humaneval,body_first,18,random,1.0,-4.584617614746094,-0.1597534567117691,False,True
3080,c7223ed63e8da56fc5c76a3ed76e3b33606f192abb9fcc5f79999a7313515fa7,humaneval,body_first,20,toward,0.5,-4.570690155029297,-0.16069340705871582,False,True
3080,c7223ed63e8da56fc5c76a3ed76e3b33606f192abb9fcc5f79999a7313515fa7,humaneval,body_first,20,away,0.5,-4.565437316894531,-0.16077065467834473,False,True
3080,c7223ed63e8da56fc5c76a3ed76e3b33606f192abb9fcc5f79999a7313515fa7,humaneval,body_first,20,random,0.5,-4.583384990692139,-0.15784811973571777,False,True
3080,c7223ed63e8da56fc5c76a3ed76e3b33606f192abb9fcc5f79999a7313515fa7,humaneval,body_first,20,toward,1.0,-4.569909572601318,-0.16064295172691345,False,True
3080,c7223ed63e8da56fc5c76a3ed76e3b33606f192abb9fcc5f79999a7313515fa7,humaneval,body_first,20,away,1.0,-4.5511016845703125,-0.1622326821088791,False,True
3080,c7223ed63e8da56fc5c76a3ed76e3b33606f192abb9fcc5f79999a7313515fa7,humaneval,body_first,20,random,1.0,-4.5814127922058105,-0.15848112106323242,False,True
3080,c7223ed63e8da56fc5c76a3ed76e3b33606f192abb9fcc5f79999a7313515fa7,humaneval,body_first,22,toward,0.5,-4.565532684326172,-0.16090929508209229,False,True
3080,c7223ed63e8da56fc5c76a3ed76e3b33606f192abb9fcc5f79999a7313515fa7,humaneval,body_first,22,away,0.5,-4.566904067993164,-0.15936198830604553,False,True
3080,c7223ed63e8da56fc5c76a3ed76e3b33606f192abb9fcc5f79999a7313515fa7,humaneval,body_first,22,random,0.5,-4.5801849365234375,-0.15841692686080933,False,True
3080,c7223ed63e8da56fc5c76a3ed76e3b33606f192abb9fcc5f79999a7313515fa7,humaneval,body_first,22,toward,1.0,-4.581700801849365,-0.15853340923786163,False,True
3080,c7223ed63e8da56fc5c76a3ed76e3b33606f192abb9fcc5f79999a7313515fa7,humaneval,body_first,22,away,1.0,-4.5564775466918945,-0.16235025227069855,False,True
3080,c7223ed63e8da56fc5c76a3ed76e3b33606f192abb9fcc5f79999a7313515fa7,humaneval,body_first,22,random,1.0,-4.569192886352539,-0.1607772558927536,False,True
3080,c7223ed63e8da56fc5c76a3ed76e3b33606f192abb9fcc5f79999a7313515fa7,humaneval,body_first,23,toward,0.5,-4.577197074890137,-0.1583356261253357,False,True
3080,c7223ed63e8da56fc5c76a3ed76e3b33606f192abb9fcc5f79999a7313515fa7,humaneval,body_first,23,away,0.5,-4.577197074890137,-0.1583356261253357,False,True
3080,c7223ed63e8da56fc5c76a3ed76e3b33606f192abb9fcc5f79999a7313515fa7,humaneval,body_first,23,random,0.5,-4.577197074890137,-0.1583356261253357,False,True
3080,c7223ed63e8da56fc5c76a3ed76e3b33606f192abb9fcc5f79999a7313515fa7,humaneval,body_first,23,toward,1.0,-4.577197074890137,-0.1583356261253357,False,True
3080,c7223ed63e8da56fc5c76a3ed76e3b33606f192abb9fcc5f79999a7313515fa7,humaneval,body_first,23,away,1.0,-4.577197074890137,-0.1583356261253357,False,True
3080,c7223ed63e8da56fc5c76a3ed76e3b33606f192abb9fcc5f79999a7313515fa7,humaneval,body_first,23,random,1.0,-4.577197074890137,-0.1583356261253357,False,True
3080,c7223ed63e8da56fc5c76a3ed76e3b33606f192abb9fcc5f79999a7313515fa7,humaneval,answer,0,toward,0.5,-4.828625679016113,-0.1464015543460846,False,True
3080,c7223ed63e8da56fc5c76a3ed76e3b33606f192abb9fcc5f79999a7313515fa7,humaneval,answer,0,away,0.5,-4.35582160949707,-0.17238056659698486,False,True
3080,c7223ed63e8da56fc5c76a3ed76e3b33606f192abb9fcc5f79999a7313515fa7,humaneval,answer,0,random,0.5,-4.903219223022461,-0.13324297964572906,False,True
3080,c7223ed63e8da56fc5c76a3ed76e3b33606f192abb9fcc5f79999a7313515fa7,humaneval,answer,0,toward,1.0,-4.5035786628723145,-0.16931378841400146,False,True
3080,c7223ed63e8da56fc5c76a3ed76e3b33606f192abb9fcc5f79999a7313515fa7,humaneval,answer,0,away,1.0,-4.088058948516846,-0.20448064804077148,False,True
3080,c7223ed63e8da56fc5c76a3ed76e3b33606f192abb9fcc5f79999a7313515fa7,humaneval,answer,0,random,1.0,-5.371145725250244,-0.11299122869968414,False,True
3080,c7223ed63e8da56fc5c76a3ed76e3b33606f192abb9fcc5f79999a7313515fa7,humaneval,answer,2,toward,0.5,-4.38279914855957,-0.19234350323677063,False,True
3080,c7223ed63e8da56fc5c76a3ed76e3b33606f192abb9fcc5f79999a7313515fa7,humaneval,answer,2,away,0.5,-5.132323265075684,-0.11610114574432373,False,True
3080,c7223ed63e8da56fc5c76a3ed76e3b33606f192abb9fcc5f79999a7313515fa7,humaneval,answer,2,random,0.5,-4.280965805053711,-0.17335271835327148,False,True
3080,c7223ed63e8da56fc5c76a3ed76e3b33606f192abb9fcc5f79999a7313515fa7,humaneval,answer,2,toward,1.0,-4.181257247924805,-0.2333647906780243,False,True
3080,c7223ed63e8da56fc5c76a3ed76e3b33606f192abb9fcc5f79999a7313515fa7,humaneval,answer,2,away,1.0,-5.565939903259277,-0.08651047199964523,False,True
3080,c7223ed63e8da56fc5c76a3ed76e3b33606f192abb9fcc5f79999a7313515fa7,humaneval,answer,2,random,1.0,-3.9737939834594727,-0.20659366250038147,False,True
3080,c7223ed63e8da56fc5c76a3ed76e3b33606f192abb9fcc5f79999a7313515fa7,humaneval,answer,4,toward,0.5,-3.8595452308654785,-0.24200411140918732,False,True
3080,c7223ed63e8da56fc5c76a3ed76e3b33606f192abb9fcc5f79999a7313515fa7,humaneval,answer,4,away,0.5,-4.8741302490234375,-0.11865822970867157,False,True
3080,c7223ed63e8da56fc5c76a3ed76e3b33606f192abb9fcc5f79999a7313515fa7,humaneval,answer,4,random,0.5,-4.035305500030518,-0.19327090680599213,False,True
3080,c7223ed63e8da56fc5c76a3ed76e3b33606f192abb9fcc5f79999a7313515fa7,humaneval,answer,4,toward,1.0,-3.6863155364990234,-0.31448107957839966,False,True
3080,c7223ed63e8da56fc5c76a3ed76e3b33606f192abb9fcc5f79999a7313515fa7,humaneval,answer,4,away,1.0,-4.511040210723877,-0.12705761194229126,False,True
3080,c7223ed63e8da56fc5c76a3ed76e3b33606f192abb9fcc5f79999a7313515fa7,humaneval,answer,4,random,1.0,-3.666811466217041,-0.22974053025245667,False,True
3080,c7223ed63e8da56fc5c76a3ed76e3b33606f192abb9fcc5f79999a7313515fa7,humaneval,answer,6,toward,0.5,-3.6335573196411133,-0.23363161087036133,False,True
3080,c7223ed63e8da56fc5c76a3ed76e3b33606f192abb9fcc5f79999a7313515fa7,humaneval,answer,6,away,0.5,-5.467541217803955,-0.13374671339988708,False,True
3080,c7223ed63e8da56fc5c76a3ed76e3b33606f192abb9fcc5f79999a7313515fa7,humaneval,answer,6,random,0.5,-4.933492660522461,-0.13336066901683807,False,True
3080,c7223ed63e8da56fc5c76a3ed76e3b33606f192abb9fcc5f79999a7313515fa7,humaneval,answer,6,toward,1.0,-2.794050931930542,-0.43186938762664795,False,True
3080,c7223ed63e8da56fc5c76a3ed76e3b33606f192abb9fcc5f79999a7313515fa7,humaneval,answer,6,away,1.0,-6.585198402404785,-0.11535383760929108,False,True
3080,c7223ed63e8da56fc5c76a3ed76e3b33606f192abb9fcc5f79999a7313515fa7,humaneval,answer,6,random,1.0,-5.518784523010254,-0.10939525067806244,False,True
3080,c7223ed63e8da56fc5c76a3ed76e3b33606f192abb9fcc5f79999a7313515fa7,humaneval,answer,8,toward,0.5,-5.123784065246582,-0.17161652445793152,False,True
3080,c7223ed63e8da56fc5c76a3ed76e3b33606f192abb9fcc5f79999a7313515fa7,humaneval,answer,8,away,0.5,-3.68100905418396,-0.28133827447891235,False,True
3080,c7223ed63e8da56fc5c76a3ed76e3b33606f192abb9fcc5f79999a7313515fa7,humaneval,answer,8,random,0.5,-4.0004801750183105,-0.2284797877073288,False,True
3080,c7223ed63e8da56fc5c76a3ed76e3b33606f192abb9fcc5f79999a7313515fa7,humaneval,answer,8,toward,1.0,-4.7603631019592285,-0.217386856675148,False,True
3080,c7223ed63e8da56fc5c76a3ed76e3b33606f192abb9fcc5f79999a7313515fa7,humaneval,answer,8,away,1.0,-3.4467267990112305,-0.5840091705322266,False,True
3080,c7223ed63e8da56fc5c76a3ed76e3b33606f192abb9fcc5f79999a7313515fa7,humaneval,answer,8,random,1.0,-3.158604621887207,-0.5026608109474182,False,True
3080,c7223ed63e8da56fc5c76a3ed76e3b33606f192abb9fcc5f79999a7313515fa7,humaneval,answer,10,toward,0.5,-5.457282066345215,-0.1098923310637474,False,True
3080,c7223ed63e8da56fc5c76a3ed76e3b33606f192abb9fcc5f79999a7313515fa7,humaneval,answer,10,away,0.5,-3.1240077018737793,-0.4888342618942261,False,True
3080,c7223ed63e8da56fc5c76a3ed76e3b33606f192abb9fcc5f79999a7313515fa7,humaneval,answer,10,random,0.5,-4.745169639587402,-0.15489321947097778,False,True
3080,c7223ed63e8da56fc5c76a3ed76e3b33606f192abb9fcc5f79999a7313515fa7,humaneval,answer,10,toward,1.0,-6.162600517272949,-0.09210788458585739,False,True
3080,c7223ed63e8da56fc5c76a3ed76e3b33606f192abb9fcc5f79999a7313515fa7,humaneval,answer,10,away,1.0,-2.278526544570923,-2.4501430988311768,False,False
3080,c7223ed63e8da56fc5c76a3ed76e3b33606f192abb9fcc5f79999a7313515fa7,humaneval,answer,10,random,1.0,-3.924213409423828,-0.36535781621932983,False,True
3080,c7223ed63e8da56fc5c76a3ed76e3b33606f192abb9fcc5f79999a7313515fa7,humaneval,answer,12,toward,0.5,-5.7267889976501465,-0.16092239320278168,False,True
3080,c7223ed63e8da56fc5c76a3ed76e3b33606f192abb9fcc5f79999a7313515fa7,humaneval,answer,12,away,0.5,-2.567425012588501,-0.7775039672851562,False,True
3080,c7223ed63e8da56fc5c76a3ed76e3b33606f192abb9fcc5f79999a7313515fa7,humaneval,answer,12,random,0.5,-3.603184700012207,-0.38947758078575134,False,True
3080,c7223ed63e8da56fc5c76a3ed76e3b33606f192abb9fcc5f79999a7313515fa7,humaneval,answer,12,toward,1.0,-6.088054656982422,-0.25417807698249817,False,True
3080,c7223ed63e8da56fc5c76a3ed76e3b33606f192abb9fcc5f79999a7313515fa7,humaneval,answer,12,away,1.0,-2.070279121398926,-2.698345184326172,False,False
3080,c7223ed63e8da56fc5c76a3ed76e3b33606f192abb9fcc5f79999a7313515fa7,humaneval,answer,12,random,1.0,-3.1752429008483887,-0.8302967548370361,False,True
3080,c7223ed63e8da56fc5c76a3ed76e3b33606f192abb9fcc5f79999a7313515fa7,humaneval,answer,14,toward,0.5,-5.823254108428955,-0.12502838671207428,False,True
3080,c7223ed63e8da56fc5c76a3ed76e3b33606f192abb9fcc5f79999a7313515fa7,humaneval,answer,14,away,0.5,-2.7758140563964844,-0.5912259817123413,False,True
3080,c7223ed63e8da56fc5c76a3ed76e3b33606f192abb9fcc5f79999a7313515fa7,humaneval,answer,14,random,0.5,-4.170323371887207,-0.1755973994731903,False,True
3080,c7223ed63e8da56fc5c76a3ed76e3b33606f192abb9fcc5f79999a7313515fa7,humaneval,answer,14,toward,1.0,-6.412338733673096,-0.1309596449136734,False,True
3080,c7223ed63e8da56fc5c76a3ed76e3b33606f192abb9fcc5f79999a7313515fa7,humaneval,answer,14,away,1.0,-2.218754768371582,-1.6671618223190308,False,False
3080,c7223ed63e8da56fc5c76a3ed76e3b33606f192abb9fcc5f79999a7313515fa7,humaneval,answer,14,random,1.0,-3.3718156814575195,-0.35886937379837036,False,True
3080,c7223ed63e8da56fc5c76a3ed76e3b33606f192abb9fcc5f79999a7313515fa7,humaneval,answer,16,toward,0.5,-6.054401397705078,-0.11089705675840378,False,True
3080,c7223ed63e8da56fc5c76a3ed76e3b33606f192abb9fcc5f79999a7313515fa7,humaneval,answer,16,away,0.5,-2.6564712524414062,-0.678558886051178,False,True
3080,c7223ed63e8da56fc5c76a3ed76e3b33606f192abb9fcc5f79999a7313515fa7,humaneval,answer,16,random,0.5,-4.991173267364502,-0.12772950530052185,False,True
3080,c7223ed63e8da56fc5c76a3ed76e3b33606f192abb9fcc5f79999a7313515fa7,humaneval,answer,16,toward,1.0,-6.712299823760986,-0.11250623315572739,False,True
3080,c7223ed63e8da56fc5c76a3ed76e3b33606f192abb9fcc5f79999a7313515fa7,humaneval,answer,16,away,1.0,-2.0982823371887207,-2.387967109680176,False,False
3080,c7223ed63e8da56fc5c76a3ed76e3b33606f192abb9fcc5f79999a7313515fa7,humaneval,answer,16,random,1.0,-5.327070713043213,-0.1508965641260147,False,True
3080,c7223ed63e8da56fc5c76a3ed76e3b33606f192abb9fcc5f79999a7313515fa7,humaneval,answer,18,toward,0.5,-6.40275239944458,-0.06409882009029388,False,True
3080,c7223ed63e8da56fc5c76a3ed76e3b33606f192abb9fcc5f79999a7313515fa7,humaneval,answer,18,away,0.5,-2.765375852584839,-0.7428590059280396,False,True
3080,c7223ed63e8da56fc5c76a3ed76e3b33606f192abb9fcc5f79999a7313515fa7,humaneval,answer,18,random,0.5,-4.238155364990234,-0.1701313704252243,False,True
3080,c7223ed63e8da56fc5c76a3ed76e3b33606f192abb9fcc5f79999a7313515fa7,humaneval,answer,18,toward,1.0,-7.83055305480957,-0.038138497620821,False,True
3080,c7223ed63e8da56fc5c76a3ed76e3b33606f192abb9fcc5f79999a7313515fa7,humaneval,answer,18,away,1.0,-2.128173351287842,-2.1506073474884033,False,False
3080,c7223ed63e8da56fc5c76a3ed76e3b33606f192abb9fcc5f79999a7313515fa7,humaneval,answer,18,random,1.0,-4.048523902893066,-0.19956333935260773,False,True
3080,c7223ed63e8da56fc5c76a3ed76e3b33606f192abb9fcc5f79999a7313515fa7,humaneval,answer,20,toward,0.5,-6.1912665367126465,-0.06180412694811821,False,True
3080,c7223ed63e8da56fc5c76a3ed76e3b33606f192abb9fcc5f79999a7313515fa7,humaneval,answer,20,away,0.5,-3.7744083404541016,-0.35690024495124817,False,True
3080,c7223ed63e8da56fc5c76a3ed76e3b33606f192abb9fcc5f79999a7313515fa7,humaneval,answer,20,random,0.5,-5.153511047363281,-0.08176425844430923,False,True
3080,c7223ed63e8da56fc5c76a3ed76e3b33606f192abb9fcc5f79999a7313515fa7,humaneval,answer,20,toward,1.0,-8.278549194335938,-0.023073870688676834,False,True
3080,c7223ed63e8da56fc5c76a3ed76e3b33606f192abb9fcc5f79999a7313515fa7,humaneval,answer,20,away,1.0,-3.5053915977478027,-0.9136974811553955,False,True
3080,c7223ed63e8da56fc5c76a3ed76e3b33606f192abb9fcc5f79999a7313515fa7,humaneval,answer,20,random,1.0,-6.454827308654785,-0.03460477665066719,False,True
3080,c7223ed63e8da56fc5c76a3ed76e3b33606f192abb9fcc5f79999a7313515fa7,humaneval,answer,22,toward,0.5,-6.081333160400391,-0.041839849203825,False,True
3080,c7223ed63e8da56fc5c76a3ed76e3b33606f192abb9fcc5f79999a7313515fa7,humaneval,answer,22,away,0.5,-3.9700818061828613,-0.3453788459300995,False,True
3080,c7223ed63e8da56fc5c76a3ed76e3b33606f192abb9fcc5f79999a7313515fa7,humaneval,answer,22,random,0.5,-5.503120422363281,-0.06311655044555664,False,True
3080,c7223ed63e8da56fc5c76a3ed76e3b33606f192abb9fcc5f79999a7313515fa7,humaneval,answer,22,toward,1.0,-8.235300064086914,-0.007887409068644047,False,True
3080,c7223ed63e8da56fc5c76a3ed76e3b33606f192abb9fcc5f79999a7313515fa7,humaneval,answer,22,away,1.0,-3.679680824279785,-1.4001667499542236,False,False
3080,c7223ed63e8da56fc5c76a3ed76e3b33606f192abb9fcc5f79999a7313515fa7,humaneval,answer,22,random,1.0,-7.028204917907715,-0.016483087092638016,False,True
3080,c7223ed63e8da56fc5c76a3ed76e3b33606f192abb9fcc5f79999a7313515fa7,humaneval,answer,23,toward,0.5,-4.858949661254883,-0.17055684328079224,False,True
3080,c7223ed63e8da56fc5c76a3ed76e3b33606f192abb9fcc5f79999a7313515fa7,humaneval,answer,23,away,0.5,-3.786466360092163,-0.35197994112968445,False,True
3080,c7223ed63e8da56fc5c76a3ed76e3b33606f192abb9fcc5f79999a7313515fa7,humaneval,answer,23,random,0.5,-5.408158302307129,-0.4111717939376831,False,True
3080,c7223ed63e8da56fc5c76a3ed76e3b33606f192abb9fcc5f79999a7313515fa7,humaneval,answer,23,toward,1.0,-5.000133991241455,-0.3859601616859436,False,True
3080,c7223ed63e8da56fc5c76a3ed76e3b33606f192abb9fcc5f79999a7313515fa7,humaneval,answer,23,away,1.0,-3.194965362548828,-0.9479789733886719,False,True
3080,c7223ed63e8da56fc5c76a3ed76e3b33606f192abb9fcc5f79999a7313515fa7,humaneval,answer,23,random,1.0,-6.564491271972656,-1.583129644393921,False,False
3082,c7223ed63e8da56fc5c76a3ed76e3b33606f192abb9fcc5f79999a7313515fa7,humaneval,baseline,-1,none,0.0,-5.055981636047363,-0.12703651189804077,False,True
3082,c7223ed63e8da56fc5c76a3ed76e3b33606f192abb9fcc5f79999a7313515fa7,humaneval,if,0,toward,0.5,-5.104825973510742,-0.12485858052968979,False,True
3082,c7223ed63e8da56fc5c76a3ed76e3b33606f192abb9fcc5f79999a7313515fa7,humaneval,if,0,away,0.5,-5.135333061218262,-0.12224579602479935,False,True
3082,c7223ed63e8da56fc5c76a3ed76e3b33606f192abb9fcc5f79999a7313515fa7,humaneval,if,0,random,0.5,-5.143280982971191,-0.12050260603427887,False,True
3082,c7223ed63e8da56fc5c76a3ed76e3b33606f192abb9fcc5f79999a7313515fa7,humaneval,if,0,toward,1.0,-5.316587924957275,-0.1178344264626503,False,True
3082,c7223ed63e8da56fc5c76a3ed76e3b33606f192abb9fcc5f79999a7313515fa7,humaneval,if,0,away,1.0,-5.042529106140137,-0.13956505060195923,False,True
3082,c7223ed63e8da56fc5c76a3ed76e3b33606f192abb9fcc5f79999a7313515fa7,humaneval,if,0,random,1.0,-5.2510833740234375,-0.12763601541519165,False,True
3082,c7223ed63e8da56fc5c76a3ed76e3b33606f192abb9fcc5f79999a7313515fa7,humaneval,if,2,toward,0.5,-5.1206159591674805,-0.12446246296167374,False,True
3082,c7223ed63e8da56fc5c76a3ed76e3b33606f192abb9fcc5f79999a7313515fa7,humaneval,if,2,away,0.5,-5.155333995819092,-0.12498525530099869,False,True
3082,c7223ed63e8da56fc5c76a3ed76e3b33606f192abb9fcc5f79999a7313515fa7,humaneval,if,2,random,0.5,-5.054163455963135,-0.1363649070262909,False,True
3082,c7223ed63e8da56fc5c76a3ed76e3b33606f192abb9fcc5f79999a7313515fa7,humaneval,if,2,toward,1.0,-5.436864852905273,-0.10671073198318481,False,True
3082,c7223ed63e8da56fc5c76a3ed76e3b33606f192abb9fcc5f79999a7313515fa7,humaneval,if,2,away,1.0,-5.47718620300293,-0.1339142769575119,False,True
3082,c7223ed63e8da56fc5c76a3ed76e3b33606f192abb9fcc5f79999a7313515fa7,humaneval,if,2,random,1.0,-5.309188365936279,-0.12635301053524017,False,True
3082,c7223ed63e8da56fc5c76a3ed76e3b33606f192abb9fcc5f79999a7313515fa7,humaneval,if,4,toward,0.5,-5.0002031326293945,-0.13174200057983398,False,True
3082,c7223ed63e8da56fc5c76a3ed76e3b33606f192abb9fcc5f79999a7313515fa7,humaneval,if,4,away,0.5,-5.098139762878418,-0.12909990549087524,False,True
3082,c7223ed63e8da56fc5c76a3ed76e3b33606f192abb9fcc5f79999a7313515fa7,humaneval,if,4,random,0.5,-5.006241798400879,-0.1342722773551941,False,True
3082,c7223ed63e8da56fc5c76a3ed76e3b33606f192abb9fcc5f79999a7313515fa7,humaneval,if,4,toward,1.0,-4.9324750900268555,-0.13926246762275696,False,True
3082,c7223ed63e8da56fc5c76a3ed76e3b33606f192abb9fcc5f79999a7313515fa7,humaneval,if,4,away,1.0,-5.021315574645996,-0.1409531980752945,False,True
3082,c7223ed63e8da56fc5c76a3ed76e3b33606f192abb9fcc5f79999a7313515fa7,humaneval,if,4,random,1.0,-4.963428020477295,-0.13194291293621063,False,True
3082,c7223ed63e8da56fc5c76a3ed76e3b33606f192abb9fcc5f79999a7313515fa7,humaneval,if,6,toward,0.5,-5.073951721191406,-0.12284206598997116,False,True
3082,c7223ed63e8da56fc5c76a3ed76e3b33606f192abb9fcc5f79999a7313515fa7,humaneval,if,6,away,0.5,-5.118560314178467,-0.1268412172794342,False,True
3082,c7223ed63e8da56fc5c76a3ed76e3b33606f192abb9fcc5f79999a7313515fa7,humaneval,if,6,random,0.5,-5.049629211425781,-0.13503526151180267,False,True
3082,c7223ed63e8da56fc5c76a3ed76e3b33606f192abb9fcc5f79999a7313515fa7,humaneval,if,6,toward,1.0,-5.103796482086182,-0.11305883526802063,False,True
3082,c7223ed63e8da56fc5c76a3ed76e3b33606f192abb9fcc5f79999a7313515fa7,humaneval,if,6,away,1.0,-5.1765971183776855,-0.1172466054558754,False,True
3082,c7223ed63e8da56fc5c76a3ed76e3b33606f192abb9fcc5f79999a7313515fa7,humaneval,if,6,random,1.0,-5.0816969871521,-0.1387239545583725,False,True
3082,c7223ed63e8da56fc5c76a3ed76e3b33606f192abb9fcc5f79999a7313515fa7,humaneval,if,8,toward,0.5,-4.96273946762085,-0.133121520280838,False,True
3082,c7223ed63e8da56fc5c76a3ed76e3b33606f192abb9fcc5f79999a7313515fa7,humaneval,if,8,away,0.5,-5.204606533050537,-0.12114765495061874,False,True
3082,c7223ed63e8da56fc5c76a3ed76e3b33606f192abb9fcc5f79999a7313515fa7,humaneval,if,8,random,0.5,-5.10163688659668,-0.12493559718132019,False,True
3082,c7223ed63e8da56fc5c76a3ed76e3b33606f192abb9fcc5f79999a7313515fa7,humaneval,if,8,toward,1.0,-4.954346656799316,-0.12867046892642975,False,True
3082,c7223ed63e8da56fc5c76a3ed76e3b33606f192abb9fcc5f79999a7313515fa7,humaneval,if,8,away,1.0,-5.185567855834961,-0.11976936459541321,False,True
3082,c7223ed63e8da56fc5c76a3ed76e3b33606f192abb9fcc5f79999a7313515fa7,humaneval,if,8,random,1.0,-5.108882904052734,-0.11962923407554626,False,True
3082,c7223ed63e8da56fc5c76a3ed76e3b33606f192abb9fcc5f79999a7313515fa7,humaneval,if,10,toward,0.5,-5.037309169769287,-0.12504342198371887,False,True
3082,c7223ed63e8da56fc5c76a3ed76e3b33606f192abb9fcc5f79999a7313515fa7,humaneval,if,10,away,0.5,-5.112148761749268,-0.1299690306186676,False,True
3082,c7223ed63e8da56fc5c76a3ed76e3b33606f192abb9fcc5f79999a7313515fa7,humaneval,if,10,random,0.5,-5.136639595031738,-0.12454488128423691,False,True
3082,c7223ed63e8da56fc5c76a3ed76e3b33606f192abb9fcc5f79999a7313515fa7,humaneval,if,10,toward,1.0,-5.110438346862793,-0.1174781322479248,False,True
3082,c7223ed63e8da56fc5c76a3ed76e3b33606f192abb9fcc5f79999a7313515fa7,humaneval,if,10,away,1.0,-5.074755668640137,-0.13041099905967712,False,True
3082,c7223ed63e8da56fc5c76a3ed76e3b33606f192abb9fcc5f79999a7313515fa7,humaneval,if,10,random,1.0,-5.215671539306641,-0.11794769018888474,False,True
3082,c7223ed63e8da56fc5c76a3ed76e3b33606f192abb9fcc5f79999a7313515fa7,humaneval,if,12,toward,0.5,-5.084341049194336,-0.12388137727975845,False,True
3082,c7223ed63e8da56fc5c76a3ed76e3b33606f192abb9fcc5f79999a7313515fa7,humaneval,if,12,away,0.5,-5.074979782104492,-0.12532879412174225,False,True
3082,c7223ed63e8da56fc5c76a3ed76e3b33606f192abb9fcc5f79999a7313515fa7,humaneval,if,12,random,0.5,-5.031590461730957,-0.13064639270305634,False,True
3082,c7223ed63e8da56fc5c76a3ed76e3b33606f192abb9fcc5f79999a7313515fa7,humaneval,if,12,toward,1.0,-5.162137985229492,-0.11899738758802414,False,True
3082,c7223ed63e8da56fc5c76a3ed76e3b33606f192abb9fcc5f79999a7313515fa7,humaneval,if,12,away,1.0,-5.09968900680542,-0.12660901248455048,False,True
3082,c7223ed63e8da56fc5c76a3ed76e3b33606f192abb9fcc5f79999a7313515fa7,humaneval,if,12,random,1.0,-5.06259822845459,-0.12756729125976562,False,True
3082,c7223ed63e8da56fc5c76a3ed76e3b33606f192abb9fcc5f79999a7313515fa7,humaneval,if,14,toward,0.5,-5.102027893066406,-0.12452751398086548,False,True
3082,c7223ed63e8da56fc5c76a3ed76e3b33606f192abb9fcc5f79999a7313515fa7,humaneval,if,14,away,0.5,-5.066595554351807,-0.12911635637283325,False,True
3082,c7223ed63e8da56fc5c76a3ed76e3b33606f192abb9fcc5f79999a7313515fa7,humaneval,if,14,random,0.5,-5.074093818664551,-0.12990841269493103,False,True
3082,c7223ed63e8da56fc5c76a3ed76e3b33606f192abb9fcc5f79999a7313515fa7,humaneval,if,14,toward,1.0,-5.104300022125244,-0.1246081292629242,False,True
3082,c7223ed63e8da56fc5c76a3ed76e3b33606f192abb9fcc5f79999a7313515fa7,humaneval,if,14,away,1.0,-5.090237617492676,-0.1286764293909073,False,True
3082,c7223ed63e8da56fc5c76a3ed76e3b33606f192abb9fcc5f79999a7313515fa7,humaneval,if,14,random,1.0,-5.07785177230835,-0.13178452849388123,False,True
3082,c7223ed63e8da56fc5c76a3ed76e3b33606f192abb9fcc5f79999a7313515fa7,humaneval,if,16,toward,0.5,-5.0671844482421875,-0.12887084484100342,False,True
3082,c7223ed63e8da56fc5c76a3ed76e3b33606f192abb9fcc5f79999a7313515fa7,humaneval,if,16,away,0.5,-5.070886611938477,-0.12844790518283844,False,True
3082,c7223ed63e8da56fc5c76a3ed76e3b33606f192abb9fcc5f79999a7313515fa7,humaneval,if,16,random,0.5,-5.083486557006836,-0.12741848826408386,False,True
3082,c7223ed63e8da56fc5c76a3ed76e3b33606f192abb9fcc5f79999a7313515fa7,humaneval,if,16,toward,1.0,-5.066426753997803,-0.12806789577007294,False,True
3082,c7223ed63e8da56fc5c76a3ed76e3b33606f192abb9fcc5f79999a7313515fa7,humaneval,if,16,away,1.0,-5.033628463745117,-0.1289820373058319,False,True
3082,c7223ed63e8da56fc5c76a3ed76e3b33606f192abb9fcc5f79999a7313515fa7,humaneval,if,16,random,1.0,-5.095081329345703,-0.1257748156785965,False,True
3082,c7223ed63e8da56fc5c76a3ed76e3b33606f192abb9fcc5f79999a7313515fa7,humaneval,if,18,toward,0.5,-5.052728652954102,-0.12921065092086792,False,True
3082,c7223ed63e8da56fc5c76a3ed76e3b33606f192abb9fcc5f79999a7313515fa7,humaneval,if,18,away,0.5,-5.066573143005371,-0.12805184721946716,False,True
3082,c7223ed63e8da56fc5c76a3ed76e3b33606f192abb9fcc5f79999a7313515fa7,humaneval,if,18,random,0.5,-5.067182540893555,-0.12837263941764832,False,True
3082,c7223ed63e8da56fc5c76a3ed76e3b33606f192abb9fcc5f79999a7313515fa7,humaneval,if,18,toward,1.0,-5.020331382751465,-0.1297534704208374,False,True
3082,c7223ed63e8da56fc5c76a3ed76e3b33606f192abb9fcc5f79999a7313515fa7,humaneval,if,18,away,1.0,-5.048130035400391,-0.12815463542938232,False,True
3082,c7223ed63e8da56fc5c76a3ed76e3b33606f192abb9fcc5f79999a7313515fa7,humaneval,if,18,random,1.0,-5.065189361572266,-0.12896327674388885,False,True
3082,c7223ed63e8da56fc5c76a3ed76e3b33606f192abb9fcc5f79999a7313515fa7,humaneval,if,20,toward,0.5,-5.068104267120361,-0.12843680381774902,False,True
3082,c7223ed63e8da56fc5c76a3ed76e3b33606f192abb9fcc5f79999a7313515fa7,humaneval,if,20,away,0.5,-5.045845985412598,-0.12791088223457336,False,True
3082,c7223ed63e8da56fc5c76a3ed76e3b33606f192abb9fcc5f79999a7313515fa7,humaneval,if,20,random,0.5,-5.063362121582031,-0.12778080999851227,False,True
3082,c7223ed63e8da56fc5c76a3ed76e3b33606f192abb9fcc5f79999a7313515fa7,humaneval,if,20,toward,1.0,-5.030681133270264,-0.12928827106952667,False,True
3082,c7223ed63e8da56fc5c76a3ed76e3b33606f192abb9fcc5f79999a7313515fa7,humaneval,if,20,away,1.0,-5.058426380157471,-0.12604987621307373,False,True
3082,c7223ed63e8da56fc5c76a3ed76e3b33606f192abb9fcc5f79999a7313515fa7,humaneval,if,20,random,1.0,-5.05380916595459,-0.12707051634788513,False,True
3082,c7223ed63e8da56fc5c76a3ed76e3b33606f192abb9fcc5f79999a7313515fa7,humaneval,if,22,toward,0.5,-5.056515216827393,-0.12975555658340454,False,True
3082,c7223ed63e8da56fc5c76a3ed76e3b33606f192abb9fcc5f79999a7313515fa7,humaneval,if,22,away,0.5,-5.06682014465332,-0.12892156839370728,False,True
3082,c7223ed63e8da56fc5c76a3ed76e3b33606f192abb9fcc5f79999a7313515fa7,humaneval,if,22,random,0.5,-5.072482109069824,-0.12895573675632477,False,True
3082,c7223ed63e8da56fc5c76a3ed76e3b33606f192abb9fcc5f79999a7313515fa7,humaneval,if,22,toward,1.0,-5.0589823722839355,-0.1300213634967804,False,True
3082,c7223ed63e8da56fc5c76a3ed76e3b33606f192abb9fcc5f79999a7313515fa7,humaneval,if,22,away,1.0,-5.054439544677734,-0.13054198026657104,False,True
3082,c7223ed63e8da56fc5c76a3ed76e3b33606f192abb9fcc5f79999a7313515fa7,humaneval,if,22,random,1.0,-5.070108890533447,-0.12868502736091614,False,True
3082,c7223ed63e8da56fc5c76a3ed76e3b33606f192abb9fcc5f79999a7313515fa7,humaneval,if,23,toward,0.5,-5.084785461425781,-0.12703651189804077,False,True
3082,c7223ed63e8da56fc5c76a3ed76e3b33606f192abb9fcc5f79999a7313515fa7,humaneval,if,23,away,0.5,-5.084785461425781,-0.12703651189804077,False,True
3082,c7223ed63e8da56fc5c76a3ed76e3b33606f192abb9fcc5f79999a7313515fa7,humaneval,if,23,random,0.5,-5.084785461425781,-0.12703651189804077,False,True
3082,c7223ed63e8da56fc5c76a3ed76e3b33606f192abb9fcc5f79999a7313515fa7,humaneval,if,23,toward,1.0,-5.084785461425781,-0.12703651189804077,False,True
3082,c7223ed63e8da56fc5c76a3ed76e3b33606f192abb9fcc5f79999a7313515fa7,humaneval,if,23,away,1.0,-5.084785461425781,-0.12703651189804077,False,True
3082,c7223ed63e8da56fc5c76a3ed76e3b33606f192abb9fcc5f79999a7313515fa7,humaneval,if,23,random,1.0,-5.084785461425781,-0.12703651189804077,False,True
3082,c7223ed63e8da56fc5c76a3ed76e3b33606f192abb9fcc5f79999a7313515fa7,humaneval,body_first,0,toward,0.5,-5.171656131744385,-0.1194426417350769,False,True
3082,c7223ed63e8da56fc5c76a3ed76e3b33606f192abb9fcc5f79999a7313515fa7,humaneval,body_first,0,away,0.5,-5.103928089141846,-0.12334852665662766,False,True
3082,c7223ed63e8da56fc5c76a3ed76e3b33606f192abb9fcc5f79999a7313515fa7,humaneval,body_first,0,random,0.5,-5.142394542694092,-0.12399964034557343,False,True
3082,c7223ed63e8da56fc5c76a3ed76e3b33606f192abb9fcc5f79999a7313515fa7,humaneval,body_first,0,toward,1.0,-5.29387903213501,-0.11010762304067612,False,True
3082,c7223ed63e8da56fc5c76a3ed76e3b33606f192abb9fcc5f79999a7313515fa7,humaneval,body_first,0,away,1.0,-5.129035949707031,-0.12127859890460968,False,True
3082,c7223ed63e8da56fc5c76a3ed76e3b33606f192abb9fcc5f79999a7313515fa7,humaneval,body_first,0,random,1.0,-5.229245185852051,-0.11228197067975998,False,True
3082,c7223ed63e8da56fc5c76a3ed76e3b33606f192abb9fcc5f79999a7313515fa7,humaneval,body_first,2,toward,0.5,-5.060697078704834,-0.1270526796579361,False,True
3082,c7223ed63e8da56fc5c76a3ed76e3b33606f192abb9fcc5f79999a7313515fa7,humaneval,body_first,2,away,0.5,-5.003927230834961,-0.13336995244026184,False,True
3082,c7223ed63e8da56fc5c76a3ed76e3b33606f192abb9fcc5f79999a7313515fa7,humaneval,body_first,2,random,0.5,-5.171045780181885,-0.12190119922161102,False,True
3082,c7223ed63e8da56fc5c76a3ed76e3b33606f192abb9fcc5f79999a7313515fa7,humaneval,body_first,2,toward,1.0,-5.055812835693359,-0.1294243335723877,False,True
3082,c7223ed63e8da56fc5c76a3ed76e3b33606f192abb9fcc5f79999a7313515fa7,humaneval,body_first,2,away,1.0,-4.954681396484375,-0.1353144496679306,False,True
3082,c7223ed63e8da56fc5c76a3ed76e3b33606f192abb9fcc5f79999a7313515fa7,humaneval,body_first,2,random,1.0,-5.242623805999756,-0.11423831433057785,False,True
3082,c7223ed63e8da56fc5c76a3ed76e3b33606f192abb9fcc5f79999a7313515fa7,humaneval,body_first,4,toward,0.5,-5.108194351196289,-0.1251295804977417,False,True
3082,c7223ed63e8da56fc5c76a3ed76e3b33606f192abb9fcc5f79999a7313515fa7,humaneval,body_first,4,away,0.5,-4.9991374015808105,-0.1348017305135727,False,True
3082,c7223ed63e8da56fc5c76a3ed76e3b33606f192abb9fcc5f79999a7313515fa7,humaneval,body_first,4,random,0.5,-5.06618595123291,-0.12721790373325348,False,True
3082,c7223ed63e8da56fc5c76a3ed76e3b33606f192abb9fcc5f79999a7313515fa7,humaneval,body_first,4,toward,1.0,-5.121699333190918,-0.1254962980747223,False,True
3082,c7223ed63e8da56fc5c76a3ed76e3b33606f192abb9fcc5f79999a7313515fa7,humaneval,body_first,4,away,1.0,-5.015445232391357,-0.13552798330783844,False,True
3082,c7223ed63e8da56fc5c76a3ed76e3b33606f192abb9fcc5f79999a7313515fa7,humaneval,body_first,4,random,1.0,-5.107663154602051,-0.12173054367303848,False,True
3082,c7223ed63e8da56fc5c76a3ed76e3b33606f192abb9fcc5f79999a7313515fa7,humaneval,body_first,6,toward,0.5,-5.137413501739502,-0.11917950958013535,False,True
3082,c7223ed63e8da56fc5c76a3ed76e3b33606f192abb9fcc5f79999a7313515fa7,humaneval,body_first,6,away,0.5,-5.041834831237793,-0.13488486409187317,False,True
3082,c7223ed63e8da56fc5c76a3ed76e3b33606f192abb9fcc5f79999a7313515fa7,humaneval,body_first,6,random,0.5,-5.078165531158447,-0.12913574278354645,False,True
3082,c7223ed63e8da56fc5c76a3ed76e3b33606f192abb9fcc5f79999a7313515fa7,humaneval,body_first,6,toward,1.0,-5.288240432739258,-0.10530348122119904,False,True
3082,c7223ed63e8da56fc5c76a3ed76e3b33606f192abb9fcc5f79999a7313515fa7,humaneval,body_first,6,away,1.0,-5.021265029907227,-0.13655544817447662,False,True
3082,c7223ed63e8da56fc5c76a3ed76e3b33606f192abb9fcc5f79999a7313515fa7,humaneval,body_first,6,random,1.0,-5.0706939697265625,-0.12873366475105286,False,True
3082,c7223ed63e8da56fc5c76a3ed76e3b33606f192abb9fcc5f79999a7313515fa7,humaneval,body_first,8,toward,0.5,-5.035977363586426,-0.1264525055885315,False,True
3082,c7223ed63e8da56fc5c76a3ed76e3b33606f192abb9fcc5f79999a7313515fa7,humaneval,body_first,8,away,0.5,-5.101092338562012,-0.1250695139169693,False,True
3082,c7223ed63e8da56fc5c76a3ed76e3b33606f192abb9fcc5f79999a7313515fa7,humaneval,body_first,8,random,0.5,-5.061335563659668,-0.12639009952545166,False,True
3082,c7223ed63e8da56fc5c76a3ed76e3b33606f192abb9fcc5f79999a7313515fa7,humaneval,body_first,8,toward,1.0,-5.087430953979492,-0.11772538721561432,False,True
3082,c7223ed63e8da56fc5c76a3ed76e3b33606f192abb9fcc5f79999a7313515fa7,humaneval,body_first,8,away,1.0,-5.210633277893066,-0.11369369924068451,False,True
3082,c7223ed63e8da56fc5c76a3ed76e3b33606f192abb9fcc5f79999a7313515fa7,humaneval,body_first,8,random,1.0,-5.105282783508301,-0.12088634818792343,False,True
3082,c7223ed63e8da56fc5c76a3ed76e3b33606f192abb9fcc5f79999a7313515fa7,humaneval,body_first,10,toward,0.5,-5.062433242797852,-0.12398037314414978,False,True
3082,c7223ed63e8da56fc5c76a3ed76e3b33606f192abb9fcc5f79999a7313515fa7,humaneval,body_first,10,away,0.5,-5.011898040771484,-0.13341961801052094,False,True
3082,c7223ed63e8da56fc5c76a3ed76e3b33606f192abb9fcc5f79999a7313515fa7,humaneval,body_first,10,random,0.5,-5.076097011566162,-0.1284988671541214,False,True
3082,c7223ed63e8da56fc5c76a3ed76e3b33606f192abb9fcc5f79999a7313515fa7,humaneval,body_first,10,toward,1.0,-5.105693340301514,-0.11752942949533463,False,True
3082,c7223ed63e8da56fc5c76a3ed76e3b33606f192abb9fcc5f79999a7313515fa7,humaneval,body_first,10,away,1.0,-5.056964874267578,-0.1255318522453308,False,True
3082,c7223ed63e8da56fc5c76a3ed76e3b33606f192abb9fcc5f79999a7313515fa7,humaneval,body_first,10,random,1.0,-5.084181308746338,-0.12443698942661285,False,True
3082,c7223ed63e8da56fc5c76a3ed76e3b33606f192abb9fcc5f79999a7313515fa7,humaneval,body_first,12,toward,0.5,-5.156989574432373,-0.11958396434783936,False,True
3082,c7223ed63e8da56fc5c76a3ed76e3b33606f192abb9fcc5f79999a7313515fa7,humaneval,body_first,12,away,0.5,-5.017897605895996,-0.12962990999221802,False,True
3082,c7223ed63e8da56fc5c76a3ed76e3b33606f192abb9fcc5f79999a7313515fa7,humaneval,body_first,12,random,0.5,-5.096486568450928,-0.12274960428476334,False,True
3082,c7223ed63e8da56fc5c76a3ed76e3b33606f192abb9fcc5f79999a7313515fa7,humaneval,body_first,12,toward,1.0,-5.214087009429932,-0.11401242017745972,False,True
3082,c7223ed63e8da56fc5c76a3ed76e3b33606f192abb9fcc5f79999a7313515fa7,humaneval,body_first,12,away,1.0,-5.068569660186768,-0.12626707553863525,False,True
3082,c7223ed63e8da56fc5c76a3ed76e3b33606f192abb9fcc5f79999a7313515fa7,humaneval,body_first,12,random,1.0,-5.1260881423950195,-0.11963219195604324,False,True
3082,c7223ed63e8da56fc5c76a3ed76e3b33606f192abb9fcc5f79999a7313515fa7,humaneval,body_first,14,toward,0.5,-5.080465316772461,-0.12639178335666656,False,True
3082,c7223ed63e8da56fc5c76a3ed76e3b33606f192abb9fcc5f79999a7313515fa7,humaneval,body_first,14,away,0.5,-5.055545806884766,-0.1273481696844101,False,True
3082,c7223ed63e8da56fc5c76a3ed76e3b33606f192abb9fcc5f79999a7313515fa7,humaneval,body_first,14,random,0.5,-5.133766174316406,-0.12296678125858307,False,True
3082,c7223ed63e8da56fc5c76a3ed76e3b33606f192abb9fcc5f79999a7313515fa7,humaneval,body_first,14,toward,1.0,-5.113286018371582,-0.12620455026626587,False,True
3082,c7223ed63e8da56fc5c76a3ed76e3b33606f192abb9fcc5f79999a7313515fa7,humaneval,body_first,14,away,1.0,-5.079590797424316,-0.12974540889263153,False,True
3082,c7223ed63e8da56fc5c76a3ed76e3b33606f192abb9fcc5f79999a7313515fa7,humaneval,body_first,14,random,1.0,-5.139369964599609,-0.124416783452034,False,True
3082,c7223ed63e8da56fc5c76a3ed76e3b33606f192abb9fcc5f79999a7313515fa7,humaneval,body_first,16,toward,0.5,-5.063979148864746,-0.12844067811965942,False,True
3082,c7223ed63e8da56fc5c76a3ed76e3b33606f192abb9fcc5f79999a7313515fa7,humaneval,body_first,16,away,0.5,-5.096158981323242,-0.12474820017814636,False,True
3082,c7223ed63e8da56fc5c76a3ed76e3b33606f192abb9fcc5f79999a7313515fa7,humaneval,body_first,16,random,0.5,-5.046473979949951,-0.12922783195972443,False,True
3082,c7223ed63e8da56fc5c76a3ed76e3b33606f192abb9fcc5f79999a7313515fa7,humaneval,body_first,16,toward,1.0,-5.042605400085449,-0.12644703686237335,False,True
3082,c7223ed63e8da56fc5c76a3ed76e3b33606f192abb9fcc5f79999a7313515fa7,humaneval,body_first,16,away,1.0,-5.0607147216796875,-0.12541671097278595,False,True
3082,c7223ed63e8da56fc5c76a3ed76e3b33606f192abb9fcc5f79999a7313515fa7,humaneval,body_first,16,random,1.0,-5.101365089416504,-0.12656983733177185,False,True
3082,c7223ed63e8da56fc5c76a3ed76e3b33606f192abb9fcc5f79999a7313515fa7,humaneval,body_first,18,toward,0.5,-5.039241790771484,-0.12755228579044342,False,True
3082,c7223ed63e8da56fc5c76a3ed76e3b33606f192abb9fcc5f79999a7313515fa7,humaneval,body_first,18,away,0.5,-5.098260402679443,-0.12584428489208221,False,True
3082,c7223ed63e8da56fc5c76a3ed76e3b33606f192abb9fcc5f79999a7313515fa7,humaneval,body_first,18,random,0.5,-5.041516304016113,-0.12761880457401276,False,True
3082,c7223ed63e8da56fc5c76a3ed76e3b33606f192abb9fcc5f79999a7313515fa7,humaneval,body_first,18,toward,1.0,-5.048248291015625,-0.12854310870170593,False,True
3082,c7223ed63e8da56fc5c76a3ed76e3b33606f192abb9fcc5f79999a7313515fa7,humaneval,body_first,18,away,1.0,-5.0848565101623535,-0.12666510045528412,False,True
3082,c7223ed63e8da56fc5c76a3ed76e3b33606f192abb9fcc5f79999a7313515fa7,humaneval,body_first,18,random,1.0,-5.028934478759766,-0.12816523015499115,False,True
3082,c7223ed63e8da56fc5c76a3ed76e3b33606f192abb9fcc5f79999a7313515fa7,humaneval,body_first,20,toward,0.5,-5.059866905212402,-0.127027690410614,False,True
3082,c7223ed63e8da56fc5c76a3ed76e3b33606f192abb9fcc5f79999a7313515fa7,humaneval,body_first,20,away,0.5,-5.062402248382568,-0.12597566843032837,False,True
3082,c7223ed63e8da56fc5c76a3ed76e3b33606f192abb9fcc5f79999a7313515fa7,humaneval,body_first,20,random,0.5,-5.081876277923584,-0.12703388929367065,False,True
3082,c7223ed63e8da56fc5c76a3ed76e3b33606f192abb9fcc5f79999a7313515fa7,humaneval,body_first,20,toward,1.0,-5.08456563949585,-0.12707766890525818,False,True
3082,c7223ed63e8da56fc5c76a3ed76e3b33606f192abb9fcc5f79999a7313515fa7,humaneval,body_first,20,away,1.0,-5.04410457611084,-0.1289314180612564,False,True
3082,c7223ed63e8da56fc5c76a3ed76e3b33606f192abb9fcc5f79999a7313515fa7,humaneval,body_first,20,random,1.0,-5.054406642913818,-0.12618091702461243,False,True
3082,c7223ed63e8da56fc5c76a3ed76e3b33606f192abb9fcc5f79999a7313515fa7,humaneval,body_first,22,toward,0.5,-5.061802387237549,-0.12675341963768005,False,True
3082,c7223ed63e8da56fc5c76a3ed76e3b33606f192abb9fcc5f79999a7313515fa7,humaneval,body_first,22,away,0.5,-5.0669426918029785,-0.12778016924858093,False,True
3082,c7223ed63e8da56fc5c76a3ed76e3b33606f192abb9fcc5f79999a7313515fa7,humaneval,body_first,22,random,0.5,-5.077794551849365,-0.12681055068969727,False,True
3082,c7223ed63e8da56fc5c76a3ed76e3b33606f192abb9fcc5f79999a7313515fa7,humaneval,body_first,22,toward,1.0,-5.029233932495117,-0.12978488206863403,False,True
3082,c7223ed63e8da56fc5c76a3ed76e3b33606f192abb9fcc5f79999a7313515fa7,humaneval,body_first,22,away,1.0,-5.068808555603027,-0.1278611570596695,False,True
3082,c7223ed63e8da56fc5c76a3ed76e3b33606f192abb9fcc5f79999a7313515fa7,humaneval,body_first,22,random,1.0,-5.062882423400879,-0.127837136387825,False,True
3082,c7223ed63e8da56fc5c76a3ed76e3b33606f192abb9fcc5f79999a7313515fa7,humaneval,body_first,23,toward,0.5,-5.084785461425781,-0.12703651189804077,False,True
3082,c7223ed63e8da56fc5c76a3ed76e3b33606f192abb9fcc5f79999a7313515fa7,humaneval,body_first,23,away,0.5,-5.084785461425781,-0.12703651189804077,False,True
3082,c7223ed63e8da56fc5c76a3ed76e3b33606f192abb9fcc5f79999a7313515fa7,humaneval,body_first,23,random,0.5,-5.084785461425781,-0.12703651189804077,False,True
3082,c7223ed63e8da56fc5c76a3ed76e3b33606f192abb9fcc5f79999a7313515fa7,humaneval,body_first,23,toward,1.0,-5.084785461425781,-0.12703651189804077,False,True
3082,c7223ed63e8da56fc5c76a3ed76e3b33606f192abb9fcc5f79999a7313515fa7,humaneval,body_first,23,away,1.0,-5.084785461425781,-0.12703651189804077,False,True
3082,c7223ed63e8da56fc5c76a3ed76e3b33606f192abb9fcc5f79999a7313515fa7,humaneval,body_first,23,random,1.0,-5.084785461425781,-0.12703651189804077,False,True
3082,c7223ed63e8da56fc5c76a3ed76e3b33606f192abb9fcc5f79999a7313515fa7,humaneval,answer,0,toward,0.5,-5.240449905395508,-0.11659839749336243,False,True
3082,c7223ed63e8da56fc5c76a3ed76e3b33606f192abb9fcc5f79999a7313515fa7,humaneval,answer,0,away,0.5,-4.973933219909668,-0.1335868239402771,False,True
3082,c7223ed63e8da56fc5c76a3ed76e3b33606f192abb9fcc5f79999a7313515fa7,humaneval,answer,0,random,0.5,-4.994817733764648,-0.13831782341003418,False,True
3082,c7223ed63e8da56fc5c76a3ed76e3b33606f192abb9fcc5f79999a7313515fa7,humaneval,answer,0,toward,1.0,-5.299729347229004,-0.12180938571691513,False,True
3082,c7223ed63e8da56fc5c76a3ed76e3b33606f192abb9fcc5f79999a7313515fa7,humaneval,answer,0,away,1.0,-4.753037452697754,-0.1530451774597168,False,True
3082,c7223ed63e8da56fc5c76a3ed76e3b33606f192abb9fcc5f79999a7313515fa7,humaneval,answer,0,random,1.0,-4.741869926452637,-0.18615101277828217,False,True
3082,c7223ed63e8da56fc5c76a3ed76e3b33606f192abb9fcc5f79999a7313515fa7,humaneval,answer,2,toward,0.5,-4.996277332305908,-0.14800573885440826,False,True
3082,c7223ed63e8da56fc5c76a3ed76e3b33606f192abb9fcc5f79999a7313515fa7,humaneval,answer,2,away,0.5,-5.370502471923828,-0.09963700920343399,False,True
3082,c7223ed63e8da56fc5c76a3ed76e3b33606f192abb9fcc5f79999a7313515fa7,humaneval,answer,2,random,0.5,-5.367458343505859,-0.11801570653915405,False,True
3082,c7223ed63e8da56fc5c76a3ed76e3b33606f192abb9fcc5f79999a7313515fa7,humaneval,answer,2,toward,1.0,-4.8294196128845215,-0.17461028695106506,False,True
3082,c7223ed63e8da56fc5c76a3ed76e3b33606f192abb9fcc5f79999a7313515fa7,humaneval,answer,2,away,1.0,-5.81619930267334,-0.07536206394433975,False,True
3082,c7223ed63e8da56fc5c76a3ed76e3b33606f192abb9fcc5f79999a7313515fa7,humaneval,answer,2,random,1.0,-5.4569854736328125,-0.10735317319631577,False,True
3082,c7223ed63e8da56fc5c76a3ed76e3b33606f192abb9fcc5f79999a7313515fa7,humaneval,answer,4,toward,0.5,-4.694422721862793,-0.1673898845911026,False,True
3082,c7223ed63e8da56fc5c76a3ed76e3b33606f192abb9fcc5f79999a7313515fa7,humaneval,answer,4,away,0.5,-5.189849376678467,-0.09727900475263596,False,True
3082,c7223ed63e8da56fc5c76a3ed76e3b33606f192abb9fcc5f79999a7313515fa7,humaneval,answer,4,random,0.5,-4.803783893585205,-0.1532871574163437,False,True
3082,c7223ed63e8da56fc5c76a3ed76e3b33606f192abb9fcc5f79999a7313515fa7,humaneval,answer,4,toward,1.0,-4.324187278747559,-0.22804494202136993,False,True
3082,c7223ed63e8da56fc5c76a3ed76e3b33606f192abb9fcc5f79999a7313515fa7,humaneval,answer,4,away,1.0,-5.001662731170654,-0.09734995663166046,False,True
3082,c7223ed63e8da56fc5c76a3ed76e3b33606f192abb9fcc5f79999a7313515fa7,humaneval,answer,4,random,1.0,-4.535449028015137,-0.1760021597146988,False,True
3082,c7223ed63e8da56fc5c76a3ed76e3b33606f192abb9fcc5f79999a7313515fa7,humaneval,answer,6,toward,0.5,-4.734046459197998,-0.16521106660366058,False,True
3082,c7223ed63e8da56fc5c76a3ed76e3b33606f192abb9fcc5f79999a7313515fa7,humaneval,answer,6,away,0.5,-5.31857442855835,-0.12096820771694183,False,True
3082,c7223ed63e8da56fc5c76a3ed76e3b33606f192abb9fcc5f79999a7313515fa7,humaneval,answer,6,random,0.5,-4.569432735443115,-0.181343212723732,False,True
3082,c7223ed63e8da56fc5c76a3ed76e3b33606f192abb9fcc5f79999a7313515fa7,humaneval,answer,6,toward,1.0,-4.350616455078125,-0.2787008285522461,False,True
3082,c7223ed63e8da56fc5c76a3ed76e3b33606f192abb9fcc5f79999a7313515fa7,humaneval,answer,6,away,1.0,-5.8565473556518555,-0.11178597807884216,False,True
3082,c7223ed63e8da56fc5c76a3ed76e3b33606f192abb9fcc5f79999a7313515fa7,humaneval,answer,6,random,1.0,-3.9644172191619873,-0.3952610492706299,False,True
3082,c7223ed63e8da56fc5c76a3ed76e3b33606f192abb9fcc5f79999a7313515fa7,humaneval,answer,8,toward,0.5,-5.186080455780029,-0.15742024779319763,False,True
3082,c7223ed63e8da56fc5c76a3ed76e3b33606f192abb9fcc5f79999a7313515fa7,humaneval,answer,8,away,0.5,-4.178869247436523,-0.1857752799987793,False,True
3082,c7223ed63e8da56fc5c76a3ed76e3b33606f192abb9fcc5f79999a7313515fa7,humaneval,answer,8,random,0.5,-4.774457931518555,-0.171898752450943,False,True
3082,c7223ed63e8da56fc5c76a3ed76e3b33606f192abb9fcc5f79999a7313515fa7,humaneval,answer,8,toward,1.0,-4.779401779174805,-0.195754274725914,False,True
3082,c7223ed63e8da56fc5c76a3ed76e3b33606f192abb9fcc5f79999a7313515fa7,humaneval,answer,8,away,1.0,-2.8137879371643066,-0.48915520310401917,False,True
3082,c7223ed63e8da56fc5c76a3ed76e3b33606f192abb9fcc5f79999a7313515fa7,humaneval,answer,8,random,1.0,-4.1050286293029785,-0.26058706641197205,False,True
3082,c7223ed63e8da56fc5c76a3ed76e3b33606f192abb9fcc5f79999a7313515fa7,humaneval,answer,10,toward,0.5,-5.417241096496582,-0.09728127717971802,False,True
3082,c7223ed63e8da56fc5c76a3ed76e3b33606f192abb9fcc5f79999a7313515fa7,humaneval,answer,10,away,0.5,-3.9097821712493896,-0.38124504685401917,False,True
3082,c7223ed63e8da56fc5c76a3ed76e3b33606f192abb9fcc5f79999a7313515fa7,humaneval,answer,10,random,0.5,-4.944117069244385,-0.10007349401712418,False,True
3082,c7223ed63e8da56fc5c76a3ed76e3b33606f192abb9fcc5f79999a7313515fa7,humaneval,answer,10,toward,1.0,-5.704597473144531,-0.0880519300699234,False,True
3082,c7223ed63e8da56fc5c76a3ed76e3b33606f192abb9fcc5f79999a7313515fa7,humaneval,answer,10,away,1.0,-2.732816219329834,-2.205321788787842,False,False
3082,c7223ed63e8da56fc5c76a3ed76e3b33606f192abb9fcc5f79999a7313515fa7,humaneval,answer,10,random,1.0,-4.273580551147461,-0.12618952989578247,False,True
3082,c7223ed63e8da56fc5c76a3ed76e3b33606f192abb9fcc5f79999a7313515fa7,humaneval,answer,12,toward,0.5,-5.2477192878723145,-0.15509627759456635,False,True
3082,c7223ed63e8da56fc5c76a3ed76e3b33606f192abb9fcc5f79999a7313515fa7,humaneval,answer,12,away,0.5,-3.6861732006073,-0.5461446642875671,False,True
3082,c7223ed63e8da56fc5c76a3ed76e3b33606f192abb9fcc5f79999a7313515fa7,humaneval,answer,12,random,0.5,-4.844050407409668,-0.15816761553287506,False,True
3082,c7223ed63e8da56fc5c76a3ed76e3b33606f192abb9fcc5f79999a7313515fa7,humaneval,answer,12,toward,1.0,-4.924196720123291,-0.2492140829563141,False,True
3082,c7223ed63e8da56fc5c76a3ed76e3b33606f192abb9fcc5f79999a7313515fa7,humaneval,answer,12,away,1.0,-2.933431386947632,-2.264504909515381,False,False
3082,c7223ed63e8da56fc5c76a3ed76e3b33606f192abb9fcc5f79999a7313515fa7,humaneval,answer,12,random,1.0,-4.136202812194824,-0.3535253405570984,False,True
3082,c7223ed63e8da56fc5c76a3ed76e3b33606f192abb9fcc5f79999a7313515fa7,humaneval,answer,14,toward,0.5,-5.477088928222656,-0.11986982822418213,False,True
3082,c7223ed63e8da56fc5c76a3ed76e3b33606f192abb9fcc5f79999a7313515fa7,humaneval,answer,14,away,0.5,-4.360149383544922,-0.35573917627334595,False,True
3082,c7223ed63e8da56fc5c76a3ed76e3b33606f192abb9fcc5f79999a7313515fa7,humaneval,answer,14,random,0.5,-4.734036445617676,-0.1858213096857071,False,True
3082,c7223ed63e8da56fc5c76a3ed76e3b33606f192abb9fcc5f79999a7313515fa7,humaneval,answer,14,toward,1.0,-5.63860559463501,-0.12624017894268036,False,True
3082,c7223ed63e8da56fc5c76a3ed76e3b33606f192abb9fcc5f79999a7313515fa7,humaneval,answer,14,away,1.0,-3.442121982574463,-1.2316620349884033,False,False
3082,c7223ed63e8da56fc5c76a3ed76e3b33606f192abb9fcc5f79999a7313515fa7,humaneval,answer,14,random,1.0,-4.1929545402526855,-0.41267427802085876,False,True
3082,c7223ed63e8da56fc5c76a3ed76e3b33606f192abb9fcc5f79999a7313515fa7,humaneval,answer,16,toward,0.5,-5.677809715270996,-0.10936404764652252,False,True
3082,c7223ed63e8da56fc5c76a3ed76e3b33606f192abb9fcc5f79999a7313515fa7,humaneval,answer,16,away,0.5,-3.7963547706604004,-0.42443087697029114,False,True
3082,c7223ed63e8da56fc5c76a3ed76e3b33606f192abb9fcc5f79999a7313515fa7,humaneval,answer,16,random,0.5,-5.870148658752441,-0.10230052471160889,False,True
3082,c7223ed63e8da56fc5c76a3ed76e3b33606f192abb9fcc5f79999a7313515fa7,humaneval,answer,16,toward,1.0,-5.804563522338867,-0.11274726688861847,False,True
3082,c7223ed63e8da56fc5c76a3ed76e3b33606f192abb9fcc5f79999a7313515fa7,humaneval,answer,16,away,1.0,-2.7173261642456055,-1.999669075012207,False,False
3082,c7223ed63e8da56fc5c76a3ed76e3b33606f192abb9fcc5f79999a7313515fa7,humaneval,answer,16,random,1.0,-6.439118385314941,-0.10953768342733383,False,True
3082,c7223ed63e8da56fc5c76a3ed76e3b33606f192abb9fcc5f79999a7313515fa7,humaneval,answer,18,toward,0.5,-5.902209758758545,-0.06259498745203018,False,True
3082,c7223ed63e8da56fc5c76a3ed76e3b33606f192abb9fcc5f79999a7313515fa7,humaneval,answer,18,away,0.5,-3.6944022178649902,-0.5438427925109863,False,True
3082,c7223ed63e8da56fc5c76a3ed76e3b33606f192abb9fcc5f79999a7313515fa7,humaneval,answer,18,random,0.5,-4.380683898925781,-0.1975179761648178,False,True
3082,c7223ed63e8da56fc5c76a3ed76e3b33606f192abb9fcc5f79999a7313515fa7,humaneval,answer,18,toward,1.0,-6.450954437255859,-0.03914628177881241,False,True
3082,c7223ed63e8da56fc5c76a3ed76e3b33606f192abb9fcc5f79999a7313515fa7,humaneval,answer,18,away,1.0,-2.9704391956329346,-1.7967352867126465,False,False
3082,c7223ed63e8da56fc5c76a3ed76e3b33606f192abb9fcc5f79999a7313515fa7,humaneval,answer,18,random,1.0,-3.893472671508789,-0.3314601182937622,False,True
3082,c7223ed63e8da56fc5c76a3ed76e3b33606f192abb9fcc5f79999a7313515fa7,humaneval,answer,20,toward,0.5,-5.6393208503723145,-0.05708077922463417,False,True
3082,c7223ed63e8da56fc5c76a3ed76e3b33606f192abb9fcc5f79999a7313515fa7,humaneval,answer,20,away,0.5,-4.056983947753906,-0.29291701316833496,False,True
3082,c7223ed63e8da56fc5c76a3ed76e3b33606f192abb9fcc5f79999a7313515fa7,humaneval,answer,20,random,0.5,-5.1206560134887695,-0.1200425997376442,False,True
3082,c7223ed63e8da56fc5c76a3ed76e3b33606f192abb9fcc5f79999a7313515fa7,humaneval,answer,20,toward,1.0,-6.376509666442871,-0.023368896916508675,False,True
3082,c7223ed63e8da56fc5c76a3ed76e3b33606f192abb9fcc5f79999a7313515fa7,humaneval,answer,20,away,1.0,-2.8946757316589355,-0.8096641898155212,False,True
3082,c7223ed63e8da56fc5c76a3ed76e3b33606f192abb9fcc5f79999a7313515fa7,humaneval,answer,20,random,1.0,-5.41182804107666,-0.08223474770784378,False,True
3082,c7223ed63e8da56fc5c76a3ed76e3b33606f192abb9fcc5f79999a7313515fa7,humaneval,answer,22,toward,0.5,-6.850403785705566,-0.03477611392736435,False,True
3082,c7223ed63e8da56fc5c76a3ed76e3b33606f192abb9fcc5f79999a7313515fa7,humaneval,answer,22,away,0.5,-3.8533105850219727,-0.27114394307136536,False,True
3082,c7223ed63e8da56fc5c76a3ed76e3b33606f192abb9fcc5f79999a7313515fa7,humaneval,answer,22,random,0.5,-4.891393184661865,-0.11571884900331497,False,True
3082,c7223ed63e8da56fc5c76a3ed76e3b33606f192abb9fcc5f79999a7313515fa7,humaneval,answer,22,toward,1.0,-9.426151275634766,-0.006927874870598316,False,True
3082,c7223ed63e8da56fc5c76a3ed76e3b33606f192abb9fcc5f79999a7313515fa7,humaneval,answer,22,away,1.0,-2.4209132194519043,-1.2456293106079102,False,False
3082,c7223ed63e8da56fc5c76a3ed76e3b33606f192abb9fcc5f79999a7313515fa7,humaneval,answer,22,random,1.0,-4.753112316131592,-0.10854880511760712,False,True
3082,c7223ed63e8da56fc5c76a3ed76e3b33606f192abb9fcc5f79999a7313515fa7,humaneval,answer,23,toward,0.5,-5.433861255645752,-0.1443473845720291,False,True
3082,c7223ed63e8da56fc5c76a3ed76e3b33606f192abb9fcc5f79999a7313515fa7,humaneval,answer,23,away,0.5,-4.14047384262085,-0.2922508120536804,False,True
3082,c7223ed63e8da56fc5c76a3ed76e3b33606f192abb9fcc5f79999a7313515fa7,humaneval,answer,23,random,0.5,-6.04724645614624,-0.10527344048023224,False,True
3082,c7223ed63e8da56fc5c76a3ed76e3b33606f192abb9fcc5f79999a7313515fa7,humaneval,answer,23,toward,1.0,-5.596113681793213,-0.3611719608306885,False,True
3082,c7223ed63e8da56fc5c76a3ed76e3b33606f192abb9fcc5f79999a7313515fa7,humaneval,answer,23,away,1.0,-3.44136381149292,-0.843140721321106,False,True
3082,c7223ed63e8da56fc5c76a3ed76e3b33606f192abb9fcc5f79999a7313515fa7,humaneval,answer,23,random,1.0,-6.809091091156006,-0.6483681201934814,False,True
3084,c7223ed63e8da56fc5c76a3ed76e3b33606f192abb9fcc5f79999a7313515fa7,humaneval,baseline,-1,none,0.0,-5.256854057312012,-0.15260379016399384,False,True
3084,c7223ed63e8da56fc5c76a3ed76e3b33606f192abb9fcc5f79999a7313515fa7,humaneval,if,0,toward,0.5,-5.300269603729248,-0.14743302762508392,False,True
3084,c7223ed63e8da56fc5c76a3ed76e3b33606f192abb9fcc5f79999a7313515fa7,humaneval,if,0,away,0.5,-5.352325439453125,-0.1426374614238739,False,True
3084,c7223ed63e8da56fc5c76a3ed76e3b33606f192abb9fcc5f79999a7313515fa7,humaneval,if,0,random,0.5,-5.304266929626465,-0.1481442153453827,False,True
3084,c7223ed63e8da56fc5c76a3ed76e3b33606f192abb9fcc5f79999a7313515fa7,humaneval,if,0,toward,1.0,-5.595961570739746,-0.1369306892156601,False,True
3084,c7223ed63e8da56fc5c76a3ed76e3b33606f192abb9fcc5f79999a7313515fa7,humaneval,if,0,away,1.0,-5.382667541503906,-0.16180860996246338,False,True
3084,c7223ed63e8da56fc5c76a3ed76e3b33606f192abb9fcc5f79999a7313515fa7,humaneval,if,0,random,1.0,-5.409402847290039,-0.1814304143190384,False,True
3084,c7223ed63e8da56fc5c76a3ed76e3b33606f192abb9fcc5f79999a7313515fa7,humaneval,if,2,toward,0.5,-5.364925861358643,-0.14458726346492767,False,True
3084,c7223ed63e8da56fc5c76a3ed76e3b33606f192abb9fcc5f79999a7313515fa7,humaneval,if,2,away,0.5,-5.34131383895874,-0.14975351095199585,False,True
3084,c7223ed63e8da56fc5c76a3ed76e3b33606f192abb9fcc5f79999a7313515fa7,humaneval,if,2,random,0.5,-5.292483329772949,-0.15214695036411285,False,True
3084,c7223ed63e8da56fc5c76a3ed76e3b33606f192abb9fcc5f79999a7313515fa7,humaneval,if,2,toward,1.0,-5.69594144821167,-0.1253463476896286,False,True
3084,c7223ed63e8da56fc5c76a3ed76e3b33606f192abb9fcc5f79999a7313515fa7,humaneval,if,2,away,1.0,-5.597573757171631,-0.1621464192867279,False,True
3084,c7223ed63e8da56fc5c76a3ed76e3b33606f192abb9fcc5f79999a7313515fa7,humaneval,if,2,random,1.0,-5.336063861846924,-0.15041279792785645,False,True
3084,c7223ed63e8da56fc5c76a3ed76e3b33606f192abb9fcc5f79999a7313515fa7,humaneval,if,4,toward,0.5,-5.235119342803955,-0.15421603620052338,False,True
3084,c7223ed63e8da56fc5c76a3ed76e3b33606f192abb9fcc5f79999a7313515fa7,humaneval,if,4,away,0.5,-5.220439434051514,-0.1620301455259323,False,True
3084,c7223ed63e8da56fc5c76a3ed76e3b33606f192abb9fcc5f79999a7313515fa7,humaneval,if,4,random,0.5,-5.31280517578125,-0.14645427465438843,False,True
3084,c7223ed63e8da56fc5c76a3ed76e3b33606f192abb9fcc5f79999a7313515fa7,humaneval,if,4,toward,1.0,-5.192683696746826,-0.16885939240455627,False,True
3084,c7223ed63e8da56fc5c76a3ed76e3b33606f192abb9fcc5f79999a7313515fa7,humaneval,if,4,away,1.0,-5.219386577606201,-0.18612685799598694,False,True
3084,c7223ed63e8da56fc5c76a3ed76e3b33606f192abb9fcc5f79999a7313515fa7,humaneval,if,4,random,1.0,-5.448581695556641,-0.14166973531246185,False,True
3084,c7223ed63e8da56fc5c76a3ed76e3b33606f192abb9fcc5f79999a7313515fa7,humaneval,if,6,toward,0.5,-5.316895961761475,-0.14211897552013397,False,True
3084,c7223ed63e8da56fc5c76a3ed76e3b33606f192abb9fcc5f79999a7313515fa7,humaneval,if,6,away,0.5,-5.300602436065674,-0.15253746509552002,False,True
3084,c7223ed63e8da56fc5c76a3ed76e3b33606f192abb9fcc5f79999a7313515fa7,humaneval,if,6,random,0.5,-5.372450828552246,-0.1379680335521698,False,True
3084,c7223ed63e8da56fc5c76a3ed76e3b33606f192abb9fcc5f79999a7313515fa7,humaneval,if,6,toward,1.0,-5.409457206726074,-0.13200445473194122,False,True
3084,c7223ed63e8da56fc5c76a3ed76e3b33606f192abb9fcc5f79999a7313515fa7,humaneval,if,6,away,1.0,-5.3447418212890625,-0.14467307925224304,False,True
3084,c7223ed63e8da56fc5c76a3ed76e3b33606f192abb9fcc5f79999a7313515fa7,humaneval,if,6,random,1.0,-5.435870170593262,-0.1368919163942337,False,True
3084,c7223ed63e8da56fc5c76a3ed76e3b33606f192abb9fcc5f79999a7313515fa7,humaneval,if,8,toward,0.5,-5.198707580566406,-0.1579645723104477,False,True
3084,c7223ed63e8da56fc5c76a3ed76e3b33606f192abb9fcc5f79999a7313515fa7,humaneval,if,8,away,0.5,-5.404308319091797,-0.14535953104496002,False,True
3084,c7223ed63e8da56fc5c76a3ed76e3b33606f192abb9fcc5f79999a7313515fa7,humaneval,if,8,random,0.5,-5.304830074310303,-0.15102264285087585,False,True
3084,c7223ed63e8da56fc5c76a3ed76e3b33606f192abb9fcc5f79999a7313515fa7,humaneval,if,8,toward,1.0,-5.224050521850586,-0.15156452357769012,False,True
3084,c7223ed63e8da56fc5c76a3ed76e3b33606f192abb9fcc5f79999a7313515fa7,humaneval,if,8,away,1.0,-5.387468338012695,-0.1415921300649643,False,True
3084,c7223ed63e8da56fc5c76a3ed76e3b33606f192abb9fcc5f79999a7313515fa7,humaneval,if,8,random,1.0,-5.383519172668457,-0.14015212655067444,False,True
3084,c7223ed63e8da56fc5c76a3ed76e3b33606f192abb9fcc5f79999a7313515fa7,humaneval,if,10,toward,0.5,-5.186046600341797,-0.15563645958900452,False,True
3084,c7223ed63e8da56fc5c76a3ed76e3b33606f192abb9fcc5f79999a7313515fa7,humaneval,if,10,away,0.5,-5.314605236053467,-0.15341518819332123,False,True
3084,c7223ed63e8da56fc5c76a3ed76e3b33606f192abb9fcc5f79999a7313515fa7,humaneval,if,10,random,0.5,-5.305619239807129,-0.14537973701953888,False,True
3084,c7223ed63e8da56fc5c76a3ed76e3b33606f192abb9fcc5f79999a7313515fa7,humaneval,if,10,toward,1.0,-5.20448112487793,-0.1406797170639038,False,True
3084,c7223ed63e8da56fc5c76a3ed76e3b33606f192abb9fcc5f79999a7313515fa7,humaneval,if,10,away,1.0,-5.399195671081543,-0.15334965288639069,False,True
3084,c7223ed63e8da56fc5c76a3ed76e3b33606f192abb9fcc5f79999a7313515fa7,humaneval,if,10,random,1.0,-5.395362377166748,-0.13986827433109283,False,True
3084,c7223ed63e8da56fc5c76a3ed76e3b33606f192abb9fcc5f79999a7313515fa7,humaneval,if,12,toward,0.5,-5.2764058113098145,-0.14381375908851624,False,True
3084,c7223ed63e8da56fc5c76a3ed76e3b33606f192abb9fcc5f79999a7313515fa7,humaneval,if,12,away,0.5,-5.255178451538086,-0.15516631305217743,False,True
3084,c7223ed63e8da56fc5c76a3ed76e3b33606f192abb9fcc5f79999a7313515fa7,humaneval,if,12,random,0.5,-5.275468826293945,-0.14858973026275635,False,True
3084,c7223ed63e8da56fc5c76a3ed76e3b33606f192abb9fcc5f79999a7313515fa7,humaneval,if,12,toward,1.0,-5.26922607421875,-0.13555151224136353,False,True
3084,c7223ed63e8da56fc5c76a3ed76e3b33606f192abb9fcc5f79999a7313515fa7,humaneval,if,12,away,1.0,-5.299738883972168,-0.14716245234012604,False,True
3084,c7223ed63e8da56fc5c76a3ed76e3b33606f192abb9fcc5f79999a7313515fa7,humaneval,if,12,random,1.0,-5.275556564331055,-0.149131178855896,False,True
3084,c7223ed63e8da56fc5c76a3ed76e3b33606f192abb9fcc5f79999a7313515fa7,humaneval,if,14,toward,0.5,-5.253636360168457,-0.1506405621767044,False,True
3084,c7223ed63e8da56fc5c76a3ed76e3b33606f192abb9fcc5f79999a7313515fa7,humaneval,if,14,away,0.5,-5.274200439453125,-0.1528475284576416,False,True
3084,c7223ed63e8da56fc5c76a3ed76e3b33606f192abb9fcc5f79999a7313515fa7,humaneval,if,14,random,0.5,-5.249831676483154,-0.15149229764938354,False,True
3084,c7223ed63e8da56fc5c76a3ed76e3b33606f192abb9fcc5f79999a7313515fa7,humaneval,if,14,toward,1.0,-5.26020622253418,-0.14470618963241577,False,True
3084,c7223ed63e8da56fc5c76a3ed76e3b33606f192abb9fcc5f79999a7313515fa7,humaneval,if,14,away,1.0,-5.231256484985352,-0.15481071174144745,False,True
3084,c7223ed63e8da56fc5c76a3ed76e3b33606f192abb9fcc5f79999a7313515fa7,humaneval,if,14,random,1.0,-5.248206615447998,-0.1533716320991516,False,True
3084,c7223ed63e8da56fc5c76a3ed76e3b33606f192abb9fcc5f79999a7313515fa7,humaneval,if,16,toward,0.5,-5.250611305236816,-0.15142785012722015,False,True
3084,c7223ed63e8da56fc5c76a3ed76e3b33606f192abb9fcc5f79999a7313515fa7,humaneval,if,16,away,0.5,-5.271969318389893,-0.14994952082633972,False,True
3084,c7223ed63e8da56fc5c76a3ed76e3b33606f192abb9fcc5f79999a7313515fa7,humaneval,if,16,random,0.5,-5.253782272338867,-0.15265269577503204,False,True
3084,c7223ed63e8da56fc5c76a3ed76e3b33606f192abb9fcc5f79999a7313515fa7,humaneval,if,16,toward,1.0,-5.242834568023682,-0.15040746331214905,False,True
3084,c7223ed63e8da56fc5c76a3ed76e3b33606f192abb9fcc5f79999a7313515fa7,humaneval,if,16,away,1.0,-5.23895263671875,-0.15136636793613434,False,True
3084,c7223ed63e8da56fc5c76a3ed76e3b33606f192abb9fcc5f79999a7313515fa7,humaneval,if,16,random,1.0,-5.207157135009766,-0.15312986075878143,False,True
3084,c7223ed63e8da56fc5c76a3ed76e3b33606f192abb9fcc5f79999a7313515fa7,humaneval,if,18,toward,0.5,-5.247633934020996,-0.15184558928012848,False,True
3084,c7223ed63e8da56fc5c76a3ed76e3b33606f192abb9fcc5f79999a7313515fa7,humaneval,if,18,away,0.5,-5.270222187042236,-0.15101055800914764,False,True
3084,c7223ed63e8da56fc5c76a3ed76e3b33606f192abb9fcc5f79999a7313515fa7,humaneval,if,18,random,0.5,-5.245858669281006,-0.1535232663154602,False,True
3084,c7223ed63e8da56fc5c76a3ed76e3b33606f192abb9fcc5f79999a7313515fa7,humaneval,if,18,toward,1.0,-5.2182393074035645,-0.15257921814918518,False,True
3084,c7223ed63e8da56fc5c76a3ed76e3b33606f192abb9fcc5f79999a7313515fa7,humaneval,if,18,away,1.0,-5.245280742645264,-0.15435314178466797,False,True
3084,c7223ed63e8da56fc5c76a3ed76e3b33606f192abb9fcc5f79999a7313515fa7,humaneval,if,18,random,1.0,-5.234495639801025,-0.1514895260334015,False,True
3084,c7223ed63e8da56fc5c76a3ed76e3b33606f192abb9fcc5f79999a7313515fa7,humaneval,if,20,toward,0.5,-5.256524562835693,-0.1533742994070053,False,True
3084,c7223ed63e8da56fc5c76a3ed76e3b33606f192abb9fcc5f79999a7313515fa7,humaneval,if,20,away,0.5,-5.284067153930664,-0.15109243988990784,False,True
3084,c7223ed63e8da56fc5c76a3ed76e3b33606f192abb9fcc5f79999a7313515fa7,humaneval,if,20,random,0.5,-5.250273704528809,-0.15537217259407043,False,True
3084,c7223ed63e8da56fc5c76a3ed76e3b33606f192abb9fcc5f79999a7313515fa7,humaneval,if,20,toward,1.0,-5.2421746253967285,-0.1546744853258133,False,True
3084,c7223ed63e8da56fc5c76a3ed76e3b33606f192abb9fcc5f79999a7313515fa7,humaneval,if,20,away,1.0,-5.2531328201293945,-0.15260276198387146,False,True
3084,c7223ed63e8da56fc5c76a3ed76e3b33606f192abb9fcc5f79999a7313515fa7,humaneval,if,20,random,1.0,-5.2828145027160645,-0.15092742443084717,False,True
3084,c7223ed63e8da56fc5c76a3ed76e3b33606f192abb9fcc5f79999a7313515fa7,humaneval,if,22,toward,0.5,-5.25592565536499,-0.15177348256111145,False,True
3084,c7223ed63e8da56fc5c76a3ed76e3b33606f192abb9fcc5f79999a7313515fa7,humaneval,if,22,away,0.5,-5.246285915374756,-0.15256725251674652,False,True
3084,c7223ed63e8da56fc5c76a3ed76e3b33606f192abb9fcc5f79999a7313515fa7,humaneval,if,22,random,0.5,-5.241413593292236,-0.1541174352169037,False,True
3084,c7223ed63e8da56fc5c76a3ed76e3b33606f192abb9fcc5f79999a7313515fa7,humaneval,if,22,toward,1.0,-5.273694038391113,-0.1510317623615265,False,True
3084,c7223ed63e8da56fc5c76a3ed76e3b33606f192abb9fcc5f79999a7313515fa7,humaneval,if,22,away,1.0,-5.240475654602051,-0.1527927815914154,False,True
3084,c7223ed63e8da56fc5c76a3ed76e3b33606f192abb9fcc5f79999a7313515fa7,humaneval,if,22,random,1.0,-5.248538494110107,-0.15279646217823029,False,True
3084,c7223ed63e8da56fc5c76a3ed76e3b33606f192abb9fcc5f79999a7313515fa7,humaneval,if,23,toward,0.5,-5.255441188812256,-0.15260379016399384,False,True
3084,c7223ed63e8da56fc5c76a3ed76e3b33606f192abb9fcc5f79999a7313515fa7,humaneval,if,23,away,0.5,-5.255441188812256,-0.15260379016399384,False,True
3084,c7223ed63e8da56fc5c76a3ed76e3b33606f192abb9fcc5f79999a7313515fa7,humaneval,if,23,random,0.5,-5.255441188812256,-0.15260379016399384,False,True
3084,c7223ed63e8da56fc5c76a3ed76e3b33606f192abb9fcc5f79999a7313515fa7,humaneval,if,23,toward,1.0,-5.255441188812256,-0.15260379016399384,False,True
3084,c7223ed63e8da56fc5c76a3ed76e3b33606f192abb9fcc5f79999a7313515fa7,humaneval,if,23,away,1.0,-5.255441188812256,-0.15260379016399384,False,True
3084,c7223ed63e8da56fc5c76a3ed76e3b33606f192abb9fcc5f79999a7313515fa7,humaneval,if,23,random,1.0,-5.255441188812256,-0.15260379016399384,False,True
3084,c7223ed63e8da56fc5c76a3ed76e3b33606f192abb9fcc5f79999a7313515fa7,humaneval,body_first,0,toward,0.5,-5.353038787841797,-0.14235897362232208,False,True
3084,c7223ed63e8da56fc5c76a3ed76e3b33606f192abb9fcc5f79999a7313515fa7,humaneval,body_first,0,away,0.5,-5.278480052947998,-0.1515224128961563,False,True
3084,c7223ed63e8da56fc5c76a3ed76e3b33606f192abb9fcc5f79999a7313515fa7,humaneval,body_first,0,random,0.5,-5.292749404907227,-0.1471063792705536,False,True
3084,c7223ed63e8da56fc5c76a3ed76e3b33606f192abb9fcc5f79999a7313515fa7,humaneval,body_first,0,toward,1.0,-5.452118873596191,-0.13076281547546387,False,True
3084,c7223ed63e8da56fc5c76a3ed76e3b33606f192abb9fcc5f79999a7313515fa7,humaneval,body_first,0,away,1.0,-5.2776265144348145,-0.1461849808692932,False,True
3084,c7223ed63e8da56fc5c76a3ed76e3b33606f192abb9fcc5f79999a7313515fa7,humaneval,body_first,0,random,1.0,-5.3594465255737305,-0.13749167323112488,False,True
3084,c7223ed63e8da56fc5c76a3ed76e3b33606f192abb9fcc5f79999a7313515fa7,humaneval,body_first,2,toward,0.5,-5.23250675201416,-0.15399961173534393,False,True
3084,c7223ed63e8da56fc5c76a3ed76e3b33606f192abb9fcc5f79999a7313515fa7,humaneval,body_first,2,away,0.5,-5.195981979370117,-0.1591324359178543,False,True
3084,c7223ed63e8da56fc5c76a3ed76e3b33606f192abb9fcc5f79999a7313515fa7,humaneval,body_first,2,random,0.5,-5.202610015869141,-0.15367376804351807,False,True
3084,c7223ed63e8da56fc5c76a3ed76e3b33606f192abb9fcc5f79999a7313515fa7,humaneval,body_first,2,toward,1.0,-5.223885536193848,-0.1522713303565979,False,True
3084,c7223ed63e8da56fc5c76a3ed76e3b33606f192abb9fcc5f79999a7313515fa7,humaneval,body_first,2,away,1.0,-5.163841724395752,-0.1584884524345398,False,True
3084,c7223ed63e8da56fc5c76a3ed76e3b33606f192abb9fcc5f79999a7313515fa7,humaneval,body_first,2,random,1.0,-5.108823299407959,-0.15988940000534058,False,True
3084,c7223ed63e8da56fc5c76a3ed76e3b33606f192abb9fcc5f79999a7313515fa7,humaneval,body_first,4,toward,0.5,-5.296280860900879,-0.14557722210884094,False,True
3084,c7223ed63e8da56fc5c76a3ed76e3b33606f192abb9fcc5f79999a7313515fa7,humaneval,body_first,4,away,0.5,-5.21573543548584,-0.16096755862236023,False,True
3084,c7223ed63e8da56fc5c76a3ed76e3b33606f192abb9fcc5f79999a7313515fa7,humaneval,body_first,4,random,0.5,-5.311457633972168,-0.1440519094467163,False,True
3084,c7223ed63e8da56fc5c76a3ed76e3b33606f192abb9fcc5f79999a7313515fa7,humaneval,body_first,4,toward,1.0,-5.362365245819092,-0.14002321660518646,False,True
3084,c7223ed63e8da56fc5c76a3ed76e3b33606f192abb9fcc5f79999a7313515fa7,humaneval,body_first,4,away,1.0,-5.270127296447754,-0.15998469293117523,False,True
3084,c7223ed63e8da56fc5c76a3ed76e3b33606f192abb9fcc5f79999a7313515fa7,humaneval,body_first,4,random,1.0,-5.387704849243164,-0.13776415586471558,False,True
3084,c7223ed63e8da56fc5c76a3ed76e3b33606f192abb9fcc5f79999a7313515fa7,humaneval,body_first,6,toward,0.5,-5.335914611816406,-0.1383332908153534,False,True
3084,c7223ed63e8da56fc5c76a3ed76e3b33606f192abb9fcc5f79999a7313515fa7,humaneval,body_first,6,away,0.5,-5.258808612823486,-0.1559487134218216,False,True
3084,c7223ed63e8da56fc5c76a3ed76e3b33606f192abb9fcc5f79999a7313515fa7,humaneval,body_first,6,random,0.5,-5.286685943603516,-0.1489533931016922,False,True
3084,c7223ed63e8da56fc5c76a3ed76e3b33606f192abb9fcc5f79999a7313515fa7,humaneval,body_first,6,toward,1.0,-5.4890241622924805,-0.1207524985074997,False,True
3084,c7223ed63e8da56fc5c76a3ed76e3b33606f192abb9fcc5f79999a7313515fa7,humaneval,body_first,6,away,1.0,-5.267855644226074,-0.15886186063289642,False,True
3084,c7223ed63e8da56fc5c76a3ed76e3b33606f192abb9fcc5f79999a7313515fa7,humaneval,body_first,6,random,1.0,-5.338100433349609,-0.13990236818790436,False,True
3084,c7223ed63e8da56fc5c76a3ed76e3b33606f192abb9fcc5f79999a7313515fa7,humaneval,body_first,8,toward,0.5,-5.24251651763916,-0.1512867510318756,False,True
3084,c7223ed63e8da56fc5c76a3ed76e3b33606f192abb9fcc5f79999a7313515fa7,humaneval,body_first,8,away,0.5,-5.345456123352051,-0.146480530500412,False,True
3084,c7223ed63e8da56fc5c76a3ed76e3b33606f192abb9fcc5f79999a7313515fa7,humaneval,body_first,8,random,0.5,-5.310055255889893,-0.14760459959506989,False,True
3084,c7223ed63e8da56fc5c76a3ed76e3b33606f192abb9fcc5f79999a7313515fa7,humaneval,body_first,8,toward,1.0,-5.327049732208252,-0.14011098444461823,False,True
3084,c7223ed63e8da56fc5c76a3ed76e3b33606f192abb9fcc5f79999a7313515fa7,humaneval,body_first,8,away,1.0,-5.500224590301514,-0.134555846452713,False,True
3084,c7223ed63e8da56fc5c76a3ed76e3b33606f192abb9fcc5f79999a7313515fa7,humaneval,body_first,8,random,1.0,-5.348023414611816,-0.14487451314926147,False,True
3084,c7223ed63e8da56fc5c76a3ed76e3b33606f192abb9fcc5f79999a7313515fa7,humaneval,body_first,10,toward,0.5,-5.339788436889648,-0.1423349827528,False,True
3084,c7223ed63e8da56fc5c76a3ed76e3b33606f192abb9fcc5f79999a7313515fa7,humaneval,body_first,10,away,0.5,-5.223381519317627,-0.16023801267147064,False,True
3084,c7223ed63e8da56fc5c76a3ed76e3b33606f192abb9fcc5f79999a7313515fa7,humaneval,body_first,10,random,0.5,-5.276957988739014,-0.14668942987918854,False,True
3084,c7223ed63e8da56fc5c76a3ed76e3b33606f192abb9fcc5f79999a7313515fa7,humaneval,body_first,10,toward,1.0,-5.368265628814697,-0.137121319770813,False,True
3084,c7223ed63e8da56fc5c76a3ed76e3b33606f192abb9fcc5f79999a7313515fa7,humaneval,body_first,10,away,1.0,-5.258066654205322,-0.15465834736824036,False,True
3084,c7223ed63e8da56fc5c76a3ed76e3b33606f192abb9fcc5f79999a7313515fa7,humaneval,body_first,10,random,1.0,-5.337468147277832,-0.14455311000347137,False,True
3084,c7223ed63e8da56fc5c76a3ed76e3b33606f192abb9fcc5f79999a7313515fa7,humaneval,body_first,12,toward,0.5,-5.347543716430664,-0.13982753455638885,False,True
3084,c7223ed63e8da56fc5c76a3ed76e3b33606f192abb9fcc5f79999a7313515fa7,humaneval,body_first,12,away,0.5,-5.242697715759277,-0.15361569821834564,False,True
3084,c7223ed63e8da56fc5c76a3ed76e3b33606f192abb9fcc5f79999a7313515fa7,humaneval,body_first,12,random,0.5,-5.186710834503174,-0.1638670414686203,False,True
3084,c7223ed63e8da56fc5c76a3ed76e3b33606f192abb9fcc5f79999a7313515fa7,humaneval,body_first,12,toward,1.0,-5.400049686431885,-0.1307665854692459,False,True
3084,c7223ed63e8da56fc5c76a3ed76e3b33606f192abb9fcc5f79999a7313515fa7,humaneval,body_first,12,away,1.0,-5.282538890838623,-0.14694635570049286,False,True
3084,c7223ed63e8da56fc5c76a3ed76e3b33606f192abb9fcc5f79999a7313515fa7,humaneval,body_first,12,random,1.0,-5.201591968536377,-0.15756374597549438,False,True
3084,c7223ed63e8da56fc5c76a3ed76e3b33606f192abb9fcc5f79999a7313515fa7,humaneval,body_first,14,toward,0.5,-5.2980546951293945,-0.1471627652645111,False,True
3084,c7223ed63e8da56fc5c76a3ed76e3b33606f192abb9fcc5f79999a7313515fa7,humaneval,body_first,14,away,0.5,-5.229146480560303,-0.15622182190418243,False,True
3084,c7223ed63e8da56fc5c76a3ed76e3b33606f192abb9fcc5f79999a7313515fa7,humaneval,body_first,14,random,0.5,-5.315822124481201,-0.14763258397579193,False,True
3084,c7223ed63e8da56fc5c76a3ed76e3b33606f192abb9fcc5f79999a7313515fa7,humaneval,body_first,14,toward,1.0,-5.290585041046143,-0.15025094151496887,False,True
3084,c7223ed63e8da56fc5c76a3ed76e3b33606f192abb9fcc5f79999a7313515fa7,humaneval,body_first,14,away,1.0,-5.206794738769531,-0.1605750322341919,False,True
3084,c7223ed63e8da56fc5c76a3ed76e3b33606f192abb9fcc5f79999a7313515fa7,humaneval,body_first,14,random,1.0,-5.354659557342529,-0.14367613196372986,False,True
3084,c7223ed63e8da56fc5c76a3ed76e3b33606f192abb9fcc5f79999a7313515fa7,humaneval,body_first,16,toward,0.5,-5.266201972961426,-0.1488635241985321,False,True
3084,c7223ed63e8da56fc5c76a3ed76e3b33606f192abb9fcc5f79999a7313515fa7,humaneval,body_first,16,away,0.5,-5.287727355957031,-0.15134228765964508,False,True
3084,c7223ed63e8da56fc5c76a3ed76e3b33606f192abb9fcc5f79999a7313515fa7,humaneval,body_first,16,random,0.5,-5.2361907958984375,-0.15260419249534607,False,True
3084,c7223ed63e8da56fc5c76a3ed76e3b33606f192abb9fcc5f79999a7313515fa7,humaneval,body_first,16,toward,1.0,-5.2420783042907715,-0.15161246061325073,False,True
3084,c7223ed63e8da56fc5c76a3ed76e3b33606f192abb9fcc5f79999a7313515fa7,humaneval,body_first,16,away,1.0,-5.2859344482421875,-0.14894446730613708,False,True
3084,c7223ed63e8da56fc5c76a3ed76e3b33606f192abb9fcc5f79999a7313515fa7,humaneval,body_first,16,random,1.0,-5.2457146644592285,-0.15100501477718353,False,True
3084,c7223ed63e8da56fc5c76a3ed76e3b33606f192abb9fcc5f79999a7313515fa7,humaneval,body_first,18,toward,0.5,-5.2539143562316895,-0.15110895037651062,False,True
3084,c7223ed63e8da56fc5c76a3ed76e3b33606f192abb9fcc5f79999a7313515fa7,humaneval,body_first,18,away,0.5,-5.256381988525391,-0.15448696911334991,False,True
3084,c7223ed63e8da56fc5c76a3ed76e3b33606f192abb9fcc5f79999a7313515fa7,humaneval,body_first,18,random,0.5,-5.284552097320557,-0.1491306573152542,False,True
3084,c7223ed63e8da56fc5c76a3ed76e3b33606f192abb9fcc5f79999a7313515fa7,humaneval,body_first,18,toward,1.0,-5.243741512298584,-0.15240298211574554,False,True
3084,c7223ed63e8da56fc5c76a3ed76e3b33606f192abb9fcc5f79999a7313515fa7,humaneval,body_first,18,away,1.0,-5.284378528594971,-0.1508398801088333,False,True
3084,c7223ed63e8da56fc5c76a3ed76e3b33606f192abb9fcc5f79999a7313515fa7,humaneval,body_first,18,random,1.0,-5.263212203979492,-0.1511608064174652,False,True
3084,c7223ed63e8da56fc5c76a3ed76e3b33606f192abb9fcc5f79999a7313515fa7,humaneval,body_first,20,toward,0.5,-5.245105743408203,-0.15409567952156067,False,True
3084,c7223ed63e8da56fc5c76a3ed76e3b33606f192abb9fcc5f79999a7313515fa7,humaneval,body_first,20,away,0.5,-5.256295204162598,-0.1526697874069214,False,True
3084,c7223ed63e8da56fc5c76a3ed76e3b33606f192abb9fcc5f79999a7313515fa7,humaneval,body_first,20,random,0.5,-5.257857322692871,-0.154015451669693,False,True
3084,c7223ed63e8da56fc5c76a3ed76e3b33606f192abb9fcc5f79999a7313515fa7,humaneval,body_first,20,toward,1.0,-5.243979454040527,-0.153437077999115,False,True
3084,c7223ed63e8da56fc5c76a3ed76e3b33606f192abb9fcc5f79999a7313515fa7,humaneval,body_first,20,away,1.0,-5.281774520874023,-0.15114769339561462,False,True
3084,c7223ed63e8da56fc5c76a3ed76e3b33606f192abb9fcc5f79999a7313515fa7,humaneval,body_first,20,random,1.0,-5.274839878082275,-0.15032458305358887,False,True
3084,c7223ed63e8da56fc5c76a3ed76e3b33606f192abb9fcc5f79999a7313515fa7,humaneval,body_first,22,toward,0.5,-5.257690906524658,-0.1517980545759201,False,True
3084,c7223ed63e8da56fc5c76a3ed76e3b33606f192abb9fcc5f79999a7313515fa7,humaneval,body_first,22,away,0.5,-5.246318817138672,-0.15409986674785614,False,True
3084,c7223ed63e8da56fc5c76a3ed76e3b33606f192abb9fcc5f79999a7313515fa7,humaneval,body_first,22,random,0.5,-5.256913185119629,-0.15112678706645966,False,True
3084,c7223ed63e8da56fc5c76a3ed76e3b33606f192abb9fcc5f79999a7313515fa7,humaneval,body_first,22,toward,1.0,-5.243053913116455,-0.15403629839420319,False,True
3084,c7223ed63e8da56fc5c76a3ed76e3b33606f192abb9fcc5f79999a7313515fa7,humaneval,body_first,22,away,1.0,-5.272169589996338,-0.15039125084877014,False,True
3084,c7223ed63e8da56fc5c76a3ed76e3b33606f192abb9fcc5f79999a7313515fa7,humaneval,body_first,22,random,1.0,-5.24836540222168,-0.15410283207893372,False,True
3084,c7223ed63e8da56fc5c76a3ed76e3b33606f192abb9fcc5f79999a7313515fa7,humaneval,body_first,23,toward,0.5,-5.255441188812256,-0.15260379016399384,False,True
3084,c7223ed63e8da56fc5c76a3ed76e3b33606f192abb9fcc5f79999a7313515fa7,humaneval,body_first,23,away,0.5,-5.255441188812256,-0.15260379016399384,False,True
3084,c7223ed63e8da56fc5c76a3ed76e3b33606f192abb9fcc5f79999a7313515fa7,humaneval,body_first,23,random,0.5,-5.255441188812256,-0.15260379016399384,False,True
3084,c7223ed63e8da56fc5c76a3ed76e3b33606f192abb9fcc5f79999a7313515fa7,humaneval,body_first,23,toward,1.0,-5.255441188812256,-0.15260379016399384,False,True
3084,c7223ed63e8da56fc5c76a3ed76e3b33606f192abb9fcc5f79999a7313515fa7,humaneval,body_first,23,away,1.0,-5.255441188812256,-0.15260379016399384,False,True
3084,c7223ed63e8da56fc5c76a3ed76e3b33606f192abb9fcc5f79999a7313515fa7,humaneval,body_first,23,random,1.0,-5.255441188812256,-0.15260379016399384,False,True
3084,c7223ed63e8da56fc5c76a3ed76e3b33606f192abb9fcc5f79999a7313515fa7,humaneval,answer,0,toward,0.5,-5.457186222076416,-0.13923072814941406,False,True
3084,c7223ed63e8da56fc5c76a3ed76e3b33606f192abb9fcc5f79999a7313515fa7,humaneval,answer,0,away,0.5,-5.0615692138671875,-0.1624891757965088,False,True
3084,c7223ed63e8da56fc5c76a3ed76e3b33606f192abb9fcc5f79999a7313515fa7,humaneval,answer,0,random,0.5,-5.108964920043945,-0.16037724912166595,False,True
3084,c7223ed63e8da56fc5c76a3ed76e3b33606f192abb9fcc5f79999a7313515fa7,humaneval,answer,0,toward,1.0,-5.700645923614502,-0.15923725068569183,False,True
3084,c7223ed63e8da56fc5c76a3ed76e3b33606f192abb9fcc5f79999a7313515fa7,humaneval,answer,0,away,1.0,-4.816571235656738,-0.19549685716629028,False,True
3084,c7223ed63e8da56fc5c76a3ed76e3b33606f192abb9fcc5f79999a7313515fa7,humaneval,answer,0,random,1.0,-4.981822967529297,-0.186768040060997,False,True
3084,c7223ed63e8da56fc5c76a3ed76e3b33606f192abb9fcc5f79999a7313515fa7,humaneval,answer,2,toward,0.5,-5.291737079620361,-0.17784661054611206,False,True
3084,c7223ed63e8da56fc5c76a3ed76e3b33606f192abb9fcc5f79999a7313515fa7,humaneval,answer,2,away,0.5,-5.418270111083984,-0.12015550583600998,False,True
3084,c7223ed63e8da56fc5c76a3ed76e3b33606f192abb9fcc5f79999a7313515fa7,humaneval,answer,2,random,0.5,-5.622846603393555,-0.1366441547870636,False,True
3084,c7223ed63e8da56fc5c76a3ed76e3b33606f192abb9fcc5f79999a7313515fa7,humaneval,answer,2,toward,1.0,-5.181558609008789,-0.21665434539318085,False,True
3084,c7223ed63e8da56fc5c76a3ed76e3b33606f192abb9fcc5f79999a7313515fa7,humaneval,answer,2,away,1.0,-5.81191349029541,-0.09193598479032516,False,True
3084,c7223ed63e8da56fc5c76a3ed76e3b33606f192abb9fcc5f79999a7313515fa7,humaneval,answer,2,random,1.0,-5.531835079193115,-0.18408186733722687,False,True
3084,c7223ed63e8da56fc5c76a3ed76e3b33606f192abb9fcc5f79999a7313515fa7,humaneval,answer,4,toward,0.5,-4.977668762207031,-0.21396131813526154,False,True
3084,c7223ed63e8da56fc5c76a3ed76e3b33606f192abb9fcc5f79999a7313515fa7,humaneval,answer,4,away,0.5,-5.201694488525391,-0.11984550952911377,False,True
3084,c7223ed63e8da56fc5c76a3ed76e3b33606f192abb9fcc5f79999a7313515fa7,humaneval,answer,4,random,0.5,-5.47277307510376,-0.10290289670228958,False,True
3084,c7223ed63e8da56fc5c76a3ed76e3b33606f192abb9fcc5f79999a7313515fa7,humaneval,answer,4,toward,1.0,-4.707383632659912,-0.2746462821960449,False,True
3084,c7223ed63e8da56fc5c76a3ed76e3b33606f192abb9fcc5f79999a7313515fa7,humaneval,answer,4,away,1.0,-4.835685729980469,-0.1256657987833023,False,True
3084,c7223ed63e8da56fc5c76a3ed76e3b33606f192abb9fcc5f79999a7313515fa7,humaneval,answer,4,random,1.0,-5.59130859375,-0.0729651153087616,False,True
3084,c7223ed63e8da56fc5c76a3ed76e3b33606f192abb9fcc5f79999a7313515fa7,humaneval,answer,6,toward,0.5,-4.893648147583008,-0.20526279509067535,False,True
3084,c7223ed63e8da56fc5c76a3ed76e3b33606f192abb9fcc5f79999a7313515fa7,humaneval,answer,6,away,0.5,-5.545543670654297,-0.13755805790424347,False,True
3084,c7223ed63e8da56fc5c76a3ed76e3b33606f192abb9fcc5f79999a7313515fa7,humaneval,answer,6,random,0.5,-5.15825080871582,-0.15776249766349792,False,True
3084,c7223ed63e8da56fc5c76a3ed76e3b33606f192abb9fcc5f79999a7313515fa7,humaneval,answer,6,toward,1.0,-4.515764236450195,-0.35631299018859863,False,True
3084,c7223ed63e8da56fc5c76a3ed76e3b33606f192abb9fcc5f79999a7313515fa7,humaneval,answer,6,away,1.0,-6.180486679077148,-0.12152386456727982,False,True
3084,c7223ed63e8da56fc5c76a3ed76e3b33606f192abb9fcc5f79999a7313515fa7,humaneval,answer,6,random,1.0,-5.133913993835449,-0.16155558824539185,False,True
3084,c7223ed63e8da56fc5c76a3ed76e3b33606f192abb9fcc5f79999a7313515fa7,humaneval,answer,8,toward,0.5,-5.461126327514648,-0.17579849064350128,False,True
3084,c7223ed63e8da56fc5c76a3ed76e3b33606f192abb9fcc5f79999a7313515fa7,humaneval,answer,8,away,0.5,-4.490481853485107,-0.23207268118858337,False,True
3084,c7223ed63e8da56fc5c76a3ed76e3b33606f192abb9fcc5f79999a7313515fa7,humaneval,answer,8,random,0.5,-4.35201358795166,-0.3177415132522583,False,True
3084,c7223ed63e8da56fc5c76a3ed76e3b33606f192abb9fcc5f79999a7313515fa7,humaneval,answer,8,toward,1.0,-5.339303016662598,-0.22122816741466522,False,True
3084,c7223ed63e8da56fc5c76a3ed76e3b33606f192abb9fcc5f79999a7313515fa7,humaneval,answer,8,away,1.0,-3.0484910011291504,-0.5508277416229248,False,True
3084,c7223ed63e8da56fc5c76a3ed76e3b33606f192abb9fcc5f79999a7313515fa7,humaneval,answer,8,random,1.0,-3.666929244995117,-0.6210015416145325,False,True
3084,c7223ed63e8da56fc5c76a3ed76e3b33606f192abb9fcc5f79999a7313515fa7,humaneval,answer,10,toward,0.5,-5.785171031951904,-0.11408495903015137,False,True
3084,c7223ed63e8da56fc5c76a3ed76e3b33606f192abb9fcc5f79999a7313515fa7,humaneval,answer,10,away,0.5,-4.037257671356201,-0.4529915452003479,False,True
3084,c7223ed63e8da56fc5c76a3ed76e3b33606f192abb9fcc5f79999a7313515fa7,humaneval,answer,10,random,0.5,-5.102667808532715,-0.1815493255853653,False,True
3084,c7223ed63e8da56fc5c76a3ed76e3b33606f192abb9fcc5f79999a7313515fa7,humaneval,answer,10,toward,1.0,-6.282724380493164,-0.09788321703672409,False,True
3084,c7223ed63e8da56fc5c76a3ed76e3b33606f192abb9fcc5f79999a7313515fa7,humaneval,answer,10,away,1.0,-2.891207218170166,-2.3384764194488525,False,False
3084,c7223ed63e8da56fc5c76a3ed76e3b33606f192abb9fcc5f79999a7313515fa7,humaneval,answer,10,random,1.0,-4.818352699279785,-0.2267296016216278,False,True
3084,c7223ed63e8da56fc5c76a3ed76e3b33606f192abb9fcc5f79999a7313515fa7,humaneval,answer,12,toward,0.5,-5.668058395385742,-0.1661464124917984,False,True
3084,c7223ed63e8da56fc5c76a3ed76e3b33606f192abb9fcc5f79999a7313515fa7,humaneval,answer,12,away,0.5,-4.004972457885742,-0.6455628871917725,False,True
3084,c7223ed63e8da56fc5c76a3ed76e3b33606f192abb9fcc5f79999a7313515fa7,humaneval,answer,12,random,0.5,-4.932578086853027,-0.1431741863489151,False,True
3084,c7223ed63e8da56fc5c76a3ed76e3b33606f192abb9fcc5f79999a7313515fa7,humaneval,answer,12,toward,1.0,-5.530000686645508,-0.2572465240955353,False,True
3084,c7223ed63e8da56fc5c76a3ed76e3b33606f192abb9fcc5f79999a7313515fa7,humaneval,answer,12,away,1.0,-3.1614232063293457,-2.4406349658966064,False,False
3084,c7223ed63e8da56fc5c76a3ed76e3b33606f192abb9fcc5f79999a7313515fa7,humaneval,answer,12,random,1.0,-4.128289699554443,-0.5065511465072632,False,True
3084,c7223ed63e8da56fc5c76a3ed76e3b33606f192abb9fcc5f79999a7313515fa7,humaneval,answer,14,toward,0.5,-5.8264031410217285,-0.12867654860019684,False,True
3084,c7223ed63e8da56fc5c76a3ed76e3b33606f192abb9fcc5f79999a7313515fa7,humaneval,answer,14,away,0.5,-4.757245063781738,-0.4738745391368866,False,True
3084,c7223ed63e8da56fc5c76a3ed76e3b33606f192abb9fcc5f79999a7313515fa7,humaneval,answer,14,random,0.5,-5.284944534301758,-0.1509598195552826,False,True
3084,c7223ed63e8da56fc5c76a3ed76e3b33606f192abb9fcc5f79999a7313515fa7,humaneval,answer,14,toward,1.0,-6.069065093994141,-0.1333082914352417,False,True
3084,c7223ed63e8da56fc5c76a3ed76e3b33606f192abb9fcc5f79999a7313515fa7,humaneval,answer,14,away,1.0,-3.9031119346618652,-1.3992226123809814,False,False
3084,c7223ed63e8da56fc5c76a3ed76e3b33606f192abb9fcc5f79999a7313515fa7,humaneval,answer,14,random,1.0,-4.510271072387695,-0.459763765335083,False,True
3084,c7223ed63e8da56fc5c76a3ed76e3b33606f192abb9fcc5f79999a7313515fa7,humaneval,answer,16,toward,0.5,-5.896008491516113,-0.11582354456186295,False,True
3084,c7223ed63e8da56fc5c76a3ed76e3b33606f192abb9fcc5f79999a7313515fa7,humaneval,answer,16,away,0.5,-4.220300674438477,-0.5591875314712524,False,True
3084,c7223ed63e8da56fc5c76a3ed76e3b33606f192abb9fcc5f79999a7313515fa7,humaneval,answer,16,random,0.5,-5.258403778076172,-0.20264644920825958,False,True
3084,c7223ed63e8da56fc5c76a3ed76e3b33606f192abb9fcc5f79999a7313515fa7,humaneval,answer,16,toward,1.0,-6.088581085205078,-0.1165936291217804,False,True
3084,c7223ed63e8da56fc5c76a3ed76e3b33606f192abb9fcc5f79999a7313515fa7,humaneval,answer,16,away,1.0,-3.1346092224121094,-2.125641107559204,False,False
3084,c7223ed63e8da56fc5c76a3ed76e3b33606f192abb9fcc5f79999a7313515fa7,humaneval,answer,16,random,1.0,-5.014305114746094,-0.312323659658432,False,True
3084,c7223ed63e8da56fc5c76a3ed76e3b33606f192abb9fcc5f79999a7313515fa7,humaneval,answer,18,toward,0.5,-6.153350830078125,-0.06627379357814789,False,True
3084,c7223ed63e8da56fc5c76a3ed76e3b33606f192abb9fcc5f79999a7313515fa7,humaneval,answer,18,away,0.5,-4.004925727844238,-0.6634566783905029,False,True
3084,c7223ed63e8da56fc5c76a3ed76e3b33606f192abb9fcc5f79999a7313515fa7,humaneval,answer,18,random,0.5,-5.145956039428711,-0.20739170908927917,False,True
3084,c7223ed63e8da56fc5c76a3ed76e3b33606f192abb9fcc5f79999a7313515fa7,humaneval,answer,18,toward,1.0,-6.7746148109436035,-0.03980715200304985,False,True
3084,c7223ed63e8da56fc5c76a3ed76e3b33606f192abb9fcc5f79999a7313515fa7,humaneval,answer,18,away,1.0,-3.206942081451416,-1.976152777671814,False,False
3084,c7223ed63e8da56fc5c76a3ed76e3b33606f192abb9fcc5f79999a7313515fa7,humaneval,answer,18,random,1.0,-4.701925277709961,-0.25228163599967957,False,True
3084,c7223ed63e8da56fc5c76a3ed76e3b33606f192abb9fcc5f79999a7313515fa7,humaneval,answer,20,toward,0.5,-5.905984401702881,-0.062470801174640656,False,True
3084,c7223ed63e8da56fc5c76a3ed76e3b33606f192abb9fcc5f79999a7313515fa7,humaneval,answer,20,away,0.5,-4.164787292480469,-0.34098100662231445,False,True
3084,c7223ed63e8da56fc5c76a3ed76e3b33606f192abb9fcc5f79999a7313515fa7,humaneval,answer,20,random,0.5,-5.212957382202148,-0.11591324955224991,False,True
3084,c7223ed63e8da56fc5c76a3ed76e3b33606f192abb9fcc5f79999a7313515fa7,humaneval,answer,20,toward,1.0,-6.722196102142334,-0.023468229919672012,False,True
3084,c7223ed63e8da56fc5c76a3ed76e3b33606f192abb9fcc5f79999a7313515fa7,humaneval,answer,20,away,1.0,-2.9579663276672363,-0.876841127872467,False,True
3084,c7223ed63e8da56fc5c76a3ed76e3b33606f192abb9fcc5f79999a7313515fa7,humaneval,answer,20,random,1.0,-5.201498031616211,-0.08098797500133514,False,True
3084,c7223ed63e8da56fc5c76a3ed76e3b33606f192abb9fcc5f79999a7313515fa7,humaneval,answer,22,toward,0.5,-7.080441474914551,-0.04041389003396034,False,True
3084,c7223ed63e8da56fc5c76a3ed76e3b33606f192abb9fcc5f79999a7313515fa7,humaneval,answer,22,away,0.5,-3.932589054107666,-0.3202246129512787,False,True
3084,c7223ed63e8da56fc5c76a3ed76e3b33606f192abb9fcc5f79999a7313515fa7,humaneval,answer,22,random,0.5,-4.888554573059082,-0.15604989230632782,False,True
3084,c7223ed63e8da56fc5c76a3ed76e3b33606f192abb9fcc5f79999a7313515fa7,humaneval,answer,22,toward,1.0,-9.627270698547363,-0.0075547704473137856,False,True
3084,c7223ed63e8da56fc5c76a3ed76e3b33606f192abb9fcc5f79999a7313515fa7,humaneval,answer,22,away,1.0,-2.4855313301086426,-1.3121832609176636,True,False
3084,c7223ed63e8da56fc5c76a3ed76e3b33606f192abb9fcc5f79999a7313515fa7,humaneval,answer,22,random,1.0,-4.611653804779053,-0.16487905383110046,False,True
3084,c7223ed63e8da56fc5c76a3ed76e3b33606f192abb9fcc5f79999a7313515fa7,humaneval,answer,23,toward,0.5,-5.62255334854126,-0.1603412926197052,False,True
3084,c7223ed63e8da56fc5c76a3ed76e3b33606f192abb9fcc5f79999a7313515fa7,humaneval,answer,23,away,0.5,-4.357162952423096,-0.3480757474899292,False,True
3084,c7223ed63e8da56fc5c76a3ed76e3b33606f192abb9fcc5f79999a7313515fa7,humaneval,answer,23,random,0.5,-5.443410396575928,-0.6061980724334717,False,True
3084,c7223ed63e8da56fc5c76a3ed76e3b33606f192abb9fcc5f79999a7313515fa7,humaneval,answer,23,toward,1.0,-5.7699761390686035,-0.36635756492614746,False,True
3084,c7223ed63e8da56fc5c76a3ed76e3b33606f192abb9fcc5f79999a7313515fa7,humaneval,answer,23,away,1.0,-3.7095274925231934,-0.9504401683807373,False,True
3084,c7223ed63e8da56fc5c76a3ed76e3b33606f192abb9fcc5f79999a7313515fa7,humaneval,answer,23,random,1.0,-7.931249618530273,-3.6740846633911133,False,False
3086,c7223ed63e8da56fc5c76a3ed76e3b33606f192abb9fcc5f79999a7313515fa7,humaneval,baseline,-1,none,0.0,-15.049331665039062,-0.15050889551639557,False,True
3086,c7223ed63e8da56fc5c76a3ed76e3b33606f192abb9fcc5f79999a7313515fa7,humaneval,if,0,toward,0.5,-15.062299728393555,-0.1483738273382187,False,True
3086,c7223ed63e8da56fc5c76a3ed76e3b33606f192abb9fcc5f79999a7313515fa7,humaneval,if,0,away,0.5,-15.160512924194336,-0.1414692997932434,False,True
3086,c7223ed63e8da56fc5c76a3ed76e3b33606f192abb9fcc5f79999a7313515fa7,humaneval,if,0,random,0.5,-15.095661163330078,-0.14392103254795074,False,True
3086,c7223ed63e8da56fc5c76a3ed76e3b33606f192abb9fcc5f79999a7313515fa7,humaneval,if,0,toward,1.0,-15.260534286499023,-0.13792866468429565,False,True
3086,c7223ed63e8da56fc5c76a3ed76e3b33606f192abb9fcc5f79999a7313515fa7,humaneval,if,0,away,1.0,-15.164337158203125,-0.16180597245693207,False,True
3086,c7223ed63e8da56fc5c76a3ed76e3b33606f192abb9fcc5f79999a7313515fa7,humaneval,if,0,random,1.0,-15.182391166687012,-0.15095417201519012,False,True
3086,c7223ed63e8da56fc5c76a3ed76e3b33606f192abb9fcc5f79999a7313515fa7,humaneval,if,2,toward,0.5,-15.223213195800781,-0.1436430960893631,False,True
3086,c7223ed63e8da56fc5c76a3ed76e3b33606f192abb9fcc5f79999a7313515fa7,humaneval,if,2,away,0.5,-15.181668281555176,-0.14686369895935059,False,True
3086,c7223ed63e8da56fc5c76a3ed76e3b33606f192abb9fcc5f79999a7313515fa7,humaneval,if,2,random,0.5,-14.998050689697266,-0.15129628777503967,False,True
3086,c7223ed63e8da56fc5c76a3ed76e3b33606f192abb9fcc5f79999a7313515fa7,humaneval,if,2,toward,1.0,-15.60859489440918,-0.12405387312173843,False,True
3086,c7223ed63e8da56fc5c76a3ed76e3b33606f192abb9fcc5f79999a7313515fa7,humaneval,if,2,away,1.0,-15.442970275878906,-0.15983626246452332,False,True
3086,c7223ed63e8da56fc5c76a3ed76e3b33606f192abb9fcc5f79999a7313515fa7,humaneval,if,2,random,1.0,-15.305099487304688,-0.132833793759346,False,True
3086,c7223ed63e8da56fc5c76a3ed76e3b33606f192abb9fcc5f79999a7313515fa7,humaneval,if,4,toward,0.5,-14.99056339263916,-0.15027329325675964,False,True
3086,c7223ed63e8da56fc5c76a3ed76e3b33606f192abb9fcc5f79999a7313515fa7,humaneval,if,4,away,0.5,-15.084318161010742,-0.1509169638156891,False,True
3086,c7223ed63e8da56fc5c76a3ed76e3b33606f192abb9fcc5f79999a7313515fa7,humaneval,if,4,random,0.5,-15.109598159790039,-0.14955377578735352,False,True
3086,c7223ed63e8da56fc5c76a3ed76e3b33606f192abb9fcc5f79999a7313515fa7,humaneval,if,4,toward,1.0,-14.833106994628906,-0.16557440161705017,False,True
3086,c7223ed63e8da56fc5c76a3ed76e3b33606f192abb9fcc5f79999a7313515fa7,humaneval,if,4,away,1.0,-14.94371223449707,-0.17685693502426147,False,True
3086,c7223ed63e8da56fc5c76a3ed76e3b33606f192abb9fcc5f79999a7313515fa7,humaneval,if,4,random,1.0,-15.097209930419922,-0.16002288460731506,False,True
3086,c7223ed63e8da56fc5c76a3ed76e3b33606f192abb9fcc5f79999a7313515fa7,humaneval,if,6,toward,0.5,-14.973798751831055,-0.14302530884742737,False,True
3086,c7223ed63e8da56fc5c76a3ed76e3b33606f192abb9fcc5f79999a7313515fa7,humaneval,if,6,away,0.5,-15.113368034362793,-0.14859919250011444,False,True
3086,c7223ed63e8da56fc5c76a3ed76e3b33606f192abb9fcc5f79999a7313515fa7,humaneval,if,6,random,0.5,-15.00090503692627,-0.14955110847949982,False,True
3086,c7223ed63e8da56fc5c76a3ed76e3b33606f192abb9fcc5f79999a7313515fa7,humaneval,if,6,toward,1.0,-14.826019287109375,-0.13796159625053406,False,True
3086,c7223ed63e8da56fc5c76a3ed76e3b33606f192abb9fcc5f79999a7313515fa7,humaneval,if,6,away,1.0,-15.176545143127441,-0.1426168978214264,False,True
3086,c7223ed63e8da56fc5c76a3ed76e3b33606f192abb9fcc5f79999a7313515fa7,humaneval,if,6,random,1.0,-14.891860961914062,-0.1481383591890335,False,True
3086,c7223ed63e8da56fc5c76a3ed76e3b33606f192abb9fcc5f79999a7313515fa7,humaneval,if,8,toward,0.5,-14.906362533569336,-0.15551820397377014,False,True
3086,c7223ed63e8da56fc5c76a3ed76e3b33606f192abb9fcc5f79999a7313515fa7,humaneval,if,8,away,0.5,-15.194266319274902,-0.14142873883247375,False,True
3086,c7223ed63e8da56fc5c76a3ed76e3b33606f192abb9fcc5f79999a7313515fa7,humaneval,if,8,random,0.5,-15.015832901000977,-0.15225444734096527,False,True
3086,c7223ed63e8da56fc5c76a3ed76e3b33606f192abb9fcc5f79999a7313515fa7,humaneval,if,8,toward,1.0,-14.942155838012695,-0.14943858981132507,False,True
3086,c7223ed63e8da56fc5c76a3ed76e3b33606f192abb9fcc5f79999a7313515fa7,humaneval,if,8,away,1.0,-15.131019592285156,-0.13824161887168884,False,True
3086,c7223ed63e8da56fc5c76a3ed76e3b33606f192abb9fcc5f79999a7313515fa7,humaneval,if,8,random,1.0,-15.102275848388672,-0.14131127297878265,False,True
3086,c7223ed63e8da56fc5c76a3ed76e3b33606f192abb9fcc5f79999a7313515fa7,humaneval,if,10,toward,0.5,-15.003961563110352,-0.14786189794540405,False,True
3086,c7223ed63e8da56fc5c76a3ed76e3b33606f192abb9fcc5f79999a7313515fa7,humaneval,if,10,away,0.5,-15.027847290039062,-0.15425731241703033,False,True
3086,c7223ed63e8da56fc5c76a3ed76e3b33606f192abb9fcc5f79999a7313515fa7,humaneval,if,10,random,0.5,-14.94514274597168,-0.15455672144889832,False,True
3086,c7223ed63e8da56fc5c76a3ed76e3b33606f192abb9fcc5f79999a7313515fa7,humaneval,if,10,toward,1.0,-15.159477233886719,-0.1400519162416458,False,True
3086,c7223ed63e8da56fc5c76a3ed76e3b33606f192abb9fcc5f79999a7313515fa7,humaneval,if,10,away,1.0,-15.007004737854004,-0.14963240921497345,False,True
3086,c7223ed63e8da56fc5c76a3ed76e3b33606f192abb9fcc5f79999a7313515fa7,humaneval,if,10,random,1.0,-15.004236221313477,-0.15157896280288696,False,True
3086,c7223ed63e8da56fc5c76a3ed76e3b33606f192abb9fcc5f79999a7313515fa7,humaneval,if,12,toward,0.5,-15.037751197814941,-0.1447484791278839,False,True
3086,c7223ed63e8da56fc5c76a3ed76e3b33606f192abb9fcc5f79999a7313515fa7,humaneval,if,12,away,0.5,-14.98855972290039,-0.14937186241149902,False,True
3086,c7223ed63e8da56fc5c76a3ed76e3b33606f192abb9fcc5f79999a7313515fa7,humaneval,if,12,random,0.5,-15.03924560546875,-0.153018981218338,False,True
3086,c7223ed63e8da56fc5c76a3ed76e3b33606f192abb9fcc5f79999a7313515fa7,humaneval,if,12,toward,1.0,-15.072016716003418,-0.13785597681999207,False,True
3086,c7223ed63e8da56fc5c76a3ed76e3b33606f192abb9fcc5f79999a7313515fa7,humaneval,if,12,away,1.0,-15.072193145751953,-0.14494681358337402,False,True
3086,c7223ed63e8da56fc5c76a3ed76e3b33606f192abb9fcc5f79999a7313515fa7,humaneval,if,12,random,1.0,-15.055255889892578,-0.14856640994548798,False,True
3086,c7223ed63e8da56fc5c76a3ed76e3b33606f192abb9fcc5f79999a7313515fa7,humaneval,if,14,toward,0.5,-15.0313720703125,-0.14893367886543274,False,True
3086,c7223ed63e8da56fc5c76a3ed76e3b33606f192abb9fcc5f79999a7313515fa7,humaneval,if,14,away,0.5,-14.987297058105469,-0.15038622915744781,False,True
3086,c7223ed63e8da56fc5c76a3ed76e3b33606f192abb9fcc5f79999a7313515fa7,humaneval,if,14,random,0.5,-15.047107696533203,-0.14575313031673431,False,True
3086,c7223ed63e8da56fc5c76a3ed76e3b33606f192abb9fcc5f79999a7313515fa7,humaneval,if,14,toward,1.0,-15.07778549194336,-0.14589139819145203,False,True
3086,c7223ed63e8da56fc5c76a3ed76e3b33606f192abb9fcc5f79999a7313515fa7,humaneval,if,14,away,1.0,-15.04214096069336,-0.15207752585411072,False,True
3086,c7223ed63e8da56fc5c76a3ed76e3b33606f192abb9fcc5f79999a7313515fa7,humaneval,if,14,random,1.0,-15.002969741821289,-0.14896254241466522,False,True
3086,c7223ed63e8da56fc5c76a3ed76e3b33606f192abb9fcc5f79999a7313515fa7,humaneval,if,16,toward,0.5,-15.010213851928711,-0.15095776319503784,False,True
3086,c7223ed63e8da56fc5c76a3ed76e3b33606f192abb9fcc5f79999a7313515fa7,humaneval,if,16,away,0.5,-14.95380973815918,-0.14938613772392273,False,True
3086,c7223ed63e8da56fc5c76a3ed76e3b33606f192abb9fcc5f79999a7313515fa7,humaneval,if,16,random,0.5,-14.975696563720703,-0.149581179022789,False,True
3086,c7223ed63e8da56fc5c76a3ed76e3b33606f192abb9fcc5f79999a7313515fa7,humaneval,if,16,toward,1.0,-15.000454902648926,-0.14668263494968414,False,True
3086,c7223ed63e8da56fc5c76a3ed76e3b33606f192abb9fcc5f79999a7313515fa7,humaneval,if,16,away,1.0,-15.009479522705078,-0.14875443279743195,False,True
3086,c7223ed63e8da56fc5c76a3ed76e3b33606f192abb9fcc5f79999a7313515fa7,humaneval,if,16,random,1.0,-14.994709968566895,-0.15036837756633759,False,True
3086,c7223ed63e8da56fc5c76a3ed76e3b33606f192abb9fcc5f79999a7313515fa7,humaneval,if,18,toward,0.5,-15.020475387573242,-0.14850331842899323,False,True
3086,c7223ed63e8da56fc5c76a3ed76e3b33606f192abb9fcc5f79999a7313515fa7,humaneval,if,18,away,0.5,-15.008943557739258,-0.1508498191833496,False,True
3086,c7223ed63e8da56fc5c76a3ed76e3b33606f192abb9fcc5f79999a7313515fa7,humaneval,if,18,random,0.5,-14.988252639770508,-0.15062077343463898,False,True
3086,c7223ed63e8da56fc5c76a3ed76e3b33606f192abb9fcc5f79999a7313515fa7,humaneval,if,18,toward,1.0,-14.992084503173828,-0.148332417011261,False,True
3086,c7223ed63e8da56fc5c76a3ed76e3b33606f192abb9fcc5f79999a7313515fa7,humaneval,if,18,away,1.0,-15.01992130279541,-0.1476193070411682,False,True
3086,c7223ed63e8da56fc5c76a3ed76e3b33606f192abb9fcc5f79999a7313515fa7,humaneval,if,18,random,1.0,-15.032760620117188,-0.14680606126785278,False,True
3086,c7223ed63e8da56fc5c76a3ed76e3b33606f192abb9fcc5f79999a7313515fa7,humaneval,if,20,toward,0.5,-14.996312141418457,-0.14682315289974213,False,True
3086,c7223ed63e8da56fc5c76a3ed76e3b33606f192abb9fcc5f79999a7313515fa7,humaneval,if,20,away,0.5,-14.978215217590332,-0.14681459963321686,False,True
3086,c7223ed63e8da56fc5c76a3ed76e3b33606f192abb9fcc5f79999a7313515fa7,humaneval,if,20,random,0.5,-14.968146324157715,-0.15094967186450958,False,True
3086,c7223ed63e8da56fc5c76a3ed76e3b33606f192abb9fcc5f79999a7313515fa7,humaneval,if,20,toward,1.0,-14.977827072143555,-0.15004514157772064,False,True
3086,c7223ed63e8da56fc5c76a3ed76e3b33606f192abb9fcc5f79999a7313515fa7,humaneval,if,20,away,1.0,-14.995353698730469,-0.15097682178020477,False,True
3086,c7223ed63e8da56fc5c76a3ed76e3b33606f192abb9fcc5f79999a7313515fa7,humaneval,if,20,random,1.0,-14.986907958984375,-0.1508215218782425,False,True
3086,c7223ed63e8da56fc5c76a3ed76e3b33606f192abb9fcc5f79999a7313515fa7,humaneval,if,22,toward,0.5,-14.97283935546875,-0.15067921578884125,False,True
3086,c7223ed63e8da56fc5c76a3ed76e3b33606f192abb9fcc5f79999a7313515fa7,humaneval,if,22,away,0.5,-15.032100677490234,-0.14682850241661072,False,True
3086,c7223ed63e8da56fc5c76a3ed76e3b33606f192abb9fcc5f79999a7313515fa7,humaneval,if,22,random,0.5,-15.00265884399414,-0.14674851298332214,False,True
3086,c7223ed63e8da56fc5c76a3ed76e3b33606f192abb9fcc5f79999a7313515fa7,humaneval,if,22,toward,1.0,-14.984161376953125,-0.1492205113172531,False,True
3086,c7223ed63e8da56fc5c76a3ed76e3b33606f192abb9fcc5f79999a7313515fa7,humaneval,if,22,away,1.0,-14.975008010864258,-0.1507260650396347,False,True
3086,c7223ed63e8da56fc5c76a3ed76e3b33606f192abb9fcc5f79999a7313515fa7,humaneval,if,22,random,1.0,-14.995895385742188,-0.15079015493392944,False,True
3086,c7223ed63e8da56fc5c76a3ed76e3b33606f192abb9fcc5f79999a7313515fa7,humaneval,if,23,toward,0.5,-14.949249267578125,-0.15043576061725616,False,True
3086,c7223ed63e8da56fc5c76a3ed76e3b33606f192abb9fcc5f79999a7313515fa7,humaneval,if,23,away,0.5,-14.949249267578125,-0.15043576061725616,False,True
3086,c7223ed63e8da56fc5c76a3ed76e3b33606f192abb9fcc5f79999a7313515fa7,humaneval,if,23,random,0.5,-14.949249267578125,-0.15043576061725616,False,True
3086,c7223ed63e8da56fc5c76a3ed76e3b33606f192abb9fcc5f79999a7313515fa7,humaneval,if,23,toward,1.0,-14.949249267578125,-0.15043576061725616,False,True
3086,c7223ed63e8da56fc5c76a3ed76e3b33606f192abb9fcc5f79999a7313515fa7,humaneval,if,23,away,1.0,-14.949249267578125,-0.15043576061725616,False,True
3086,c7223ed63e8da56fc5c76a3ed76e3b33606f192abb9fcc5f79999a7313515fa7,humaneval,if,23,random,1.0,-14.949249267578125,-0.15043576061725616,False,True
3086,c7223ed63e8da56fc5c76a3ed76e3b33606f192abb9fcc5f79999a7313515fa7,humaneval,body_first,0,toward,0.5,-15.079545974731445,-0.13961149752140045,False,True
3086,c7223ed63e8da56fc5c76a3ed76e3b33606f192abb9fcc5f79999a7313515fa7,humaneval,body_first,0,away,0.5,-15.128436088562012,-0.14482595026493073,False,True
3086,c7223ed63e8da56fc5c76a3ed76e3b33606f192abb9fcc5f79999a7313515fa7,humaneval,body_first,0,random,0.5,-14.986091613769531,-0.15373530983924866,False,True
3086,c7223ed63e8da56fc5c76a3ed76e3b33606f192abb9fcc5f79999a7313515fa7,humaneval,body_first,0,toward,1.0,-15.236322402954102,-0.1272854059934616,False,True
3086,c7223ed63e8da56fc5c76a3ed76e3b33606f192abb9fcc5f79999a7313515fa7,humaneval,body_first,0,away,1.0,-15.128165245056152,-0.143451526761055,False,True
3086,c7223ed63e8da56fc5c76a3ed76e3b33606f192abb9fcc5f79999a7313515fa7,humaneval,body_first,0,random,1.0,-14.878152847290039,-0.15847603976726532,False,True
3086,c7223ed63e8da56fc5c76a3ed76e3b33606f192abb9fcc5f79999a7313515fa7,humaneval,body_first,2,toward,0.5,-15.064409255981445,-0.14857010543346405,False,True
3086,c7223ed63e8da56fc5c76a3ed76e3b33606f192abb9fcc5f79999a7313515fa7,humaneval,body_first,2,away,0.5,-14.94921588897705,-0.1570761501789093,False,True
3086,c7223ed63e8da56fc5c76a3ed76e3b33606f192abb9fcc5f79999a7313515fa7,humaneval,body_first,2,random,0.5,-15.01559066772461,-0.1491466909646988,False,True
3086,c7223ed63e8da56fc5c76a3ed76e3b33606f192abb9fcc5f79999a7313515fa7,humaneval,body_first,2,toward,1.0,-15.01133918762207,-0.14699172973632812,False,True
3086,c7223ed63e8da56fc5c76a3ed76e3b33606f192abb9fcc5f79999a7313515fa7,humaneval,body_first,2,away,1.0,-14.889713287353516,-0.1549668312072754,False,True
3086,c7223ed63e8da56fc5c76a3ed76e3b33606f192abb9fcc5f79999a7313515fa7,humaneval,body_first,2,random,1.0,-15.054961204528809,-0.14373384416103363,False,True
3086,c7223ed63e8da56fc5c76a3ed76e3b33606f192abb9fcc5f79999a7313515fa7,humaneval,body_first,4,toward,0.5,-15.08314323425293,-0.14527356624603271,False,True
3086,c7223ed63e8da56fc5c76a3ed76e3b33606f192abb9fcc5f79999a7313515fa7,humaneval,body_first,4,away,0.5,-14.94783878326416,-0.15757352113723755,False,True
3086,c7223ed63e8da56fc5c76a3ed76e3b33606f192abb9fcc5f79999a7313515fa7,humaneval,body_first,4,random,0.5,-14.96552848815918,-0.15476353466510773,False,True
3086,c7223ed63e8da56fc5c76a3ed76e3b33606f192abb9fcc5f79999a7313515fa7,humaneval,body_first,4,toward,1.0,-15.102590560913086,-0.1503324806690216,False,True
3086,c7223ed63e8da56fc5c76a3ed76e3b33606f192abb9fcc5f79999a7313515fa7,humaneval,body_first,4,away,1.0,-14.892583847045898,-0.1600436121225357,False,True
3086,c7223ed63e8da56fc5c76a3ed76e3b33606f192abb9fcc5f79999a7313515fa7,humaneval,body_first,4,random,1.0,-15.001703262329102,-0.16365502774715424,False,True
3086,c7223ed63e8da56fc5c76a3ed76e3b33606f192abb9fcc5f79999a7313515fa7,humaneval,body_first,6,toward,0.5,-15.062934875488281,-0.13831336796283722,False,True
3086,c7223ed63e8da56fc5c76a3ed76e3b33606f192abb9fcc5f79999a7313515fa7,humaneval,body_first,6,away,0.5,-14.98077392578125,-0.15508320927619934,False,True
3086,c7223ed63e8da56fc5c76a3ed76e3b33606f192abb9fcc5f79999a7313515fa7,humaneval,body_first,6,random,0.5,-15.01884937286377,-0.15426374971866608,False,True
3086,c7223ed63e8da56fc5c76a3ed76e3b33606f192abb9fcc5f79999a7313515fa7,humaneval,body_first,6,toward,1.0,-15.184921264648438,-0.12593047320842743,False,True
3086,c7223ed63e8da56fc5c76a3ed76e3b33606f192abb9fcc5f79999a7313515fa7,humaneval,body_first,6,away,1.0,-14.900004386901855,-0.15819793939590454,False,True
3086,c7223ed63e8da56fc5c76a3ed76e3b33606f192abb9fcc5f79999a7313515fa7,humaneval,body_first,6,random,1.0,-15.02119255065918,-0.15241321921348572,False,True
3086,c7223ed63e8da56fc5c76a3ed76e3b33606f192abb9fcc5f79999a7313515fa7,humaneval,body_first,8,toward,0.5,-14.958457946777344,-0.15128059685230255,False,True
3086,c7223ed63e8da56fc5c76a3ed76e3b33606f192abb9fcc5f79999a7313515fa7,humaneval,body_first,8,away,0.5,-15.055437088012695,-0.1441231369972229,False,True
3086,c7223ed63e8da56fc5c76a3ed76e3b33606f192abb9fcc5f79999a7313515fa7,humaneval,body_first,8,random,0.5,-14.967752456665039,-0.14887070655822754,False,True
3086,c7223ed63e8da56fc5c76a3ed76e3b33606f192abb9fcc5f79999a7313515fa7,humaneval,body_first,8,toward,1.0,-14.987713813781738,-0.14303739368915558,False,True
3086,c7223ed63e8da56fc5c76a3ed76e3b33606f192abb9fcc5f79999a7313515fa7,humaneval,body_first,8,away,1.0,-15.192047119140625,-0.13349513709545135,False,True
3086,c7223ed63e8da56fc5c76a3ed76e3b33606f192abb9fcc5f79999a7313515fa7,humaneval,body_first,8,random,1.0,-14.968120574951172,-0.14272521436214447,False,True
3086,c7223ed63e8da56fc5c76a3ed76e3b33606f192abb9fcc5f79999a7313515fa7,humaneval,body_first,10,toward,0.5,-14.96292495727539,-0.1479618400335312,False,True
3086,c7223ed63e8da56fc5c76a3ed76e3b33606f192abb9fcc5f79999a7313515fa7,humaneval,body_first,10,away,0.5,-15.006458282470703,-0.15343964099884033,False,True
3086,c7223ed63e8da56fc5c76a3ed76e3b33606f192abb9fcc5f79999a7313515fa7,humaneval,body_first,10,random,0.5,-14.978303909301758,-0.14329752326011658,False,True
3086,c7223ed63e8da56fc5c76a3ed76e3b33606f192abb9fcc5f79999a7313515fa7,humaneval,body_first,10,toward,1.0,-14.940862655639648,-0.1405915915966034,False,True
3086,c7223ed63e8da56fc5c76a3ed76e3b33606f192abb9fcc5f79999a7313515fa7,humaneval,body_first,10,away,1.0,-15.041494369506836,-0.14836622774600983,False,True
3086,c7223ed63e8da56fc5c76a3ed76e3b33606f192abb9fcc5f79999a7313515fa7,humaneval,body_first,10,random,1.0,-15.0516357421875,-0.14077861607074738,False,True
3086,c7223ed63e8da56fc5c76a3ed76e3b33606f192abb9fcc5f79999a7313515fa7,humaneval,body_first,12,toward,0.5,-15.027857780456543,-0.1405012607574463,False,True
3086,c7223ed63e8da56fc5c76a3ed76e3b33606f192abb9fcc5f79999a7313515fa7,humaneval,body_first,12,away,0.5,-15.011800765991211,-0.1520760953426361,False,True
3086,c7223ed63e8da56fc5c76a3ed76e3b33606f192abb9fcc5f79999a7313515fa7,humaneval,body_first,12,random,0.5,-14.992307662963867,-0.14752139151096344,False,True
3086,c7223ed63e8da56fc5c76a3ed76e3b33606f192abb9fcc5f79999a7313515fa7,humaneval,body_first,12,toward,1.0,-15.14946174621582,-0.13389134407043457,False,True
3086,c7223ed63e8da56fc5c76a3ed76e3b33606f192abb9fcc5f79999a7313515fa7,humaneval,body_first,12,away,1.0,-15.058808326721191,-0.14525386691093445,False,True
3086,c7223ed63e8da56fc5c76a3ed76e3b33606f192abb9fcc5f79999a7313515fa7,humaneval,body_first,12,random,1.0,-15.059545516967773,-0.14178414642810822,False,True
3086,c7223ed63e8da56fc5c76a3ed76e3b33606f192abb9fcc5f79999a7313515fa7,humaneval,body_first,14,toward,0.5,-14.986527442932129,-0.14708085358142853,False,True
3086,c7223ed63e8da56fc5c76a3ed76e3b33606f192abb9fcc5f79999a7313515fa7,humaneval,body_first,14,away,0.5,-15.003061294555664,-0.1501130610704422,False,True
3086,c7223ed63e8da56fc5c76a3ed76e3b33606f192abb9fcc5f79999a7313515fa7,humaneval,body_first,14,random,0.5,-14.99935245513916,-0.14765581488609314,False,True
3086,c7223ed63e8da56fc5c76a3ed76e3b33606f192abb9fcc5f79999a7313515fa7,humaneval,body_first,14,toward,1.0,-15.108027458190918,-0.14489586651325226,False,True
3086,c7223ed63e8da56fc5c76a3ed76e3b33606f192abb9fcc5f79999a7313515fa7,humaneval,body_first,14,away,1.0,-15.002403259277344,-0.15385030210018158,False,True
3086,c7223ed63e8da56fc5c76a3ed76e3b33606f192abb9fcc5f79999a7313515fa7,humaneval,body_first,14,random,1.0,-15.00860595703125,-0.1457674503326416,False,True
3086,c7223ed63e8da56fc5c76a3ed76e3b33606f192abb9fcc5f79999a7313515fa7,humaneval,body_first,16,toward,0.5,-15.045608520507812,-0.15107031166553497,False,True
3086,c7223ed63e8da56fc5c76a3ed76e3b33606f192abb9fcc5f79999a7313515fa7,humaneval,body_first,16,away,0.5,-15.040379524230957,-0.14620341360569,False,True
3086,c7223ed63e8da56fc5c76a3ed76e3b33606f192abb9fcc5f79999a7313515fa7,humaneval,body_first,16,random,0.5,-15.051926612854004,-0.1463286429643631,False,True
3086,c7223ed63e8da56fc5c76a3ed76e3b33606f192abb9fcc5f79999a7313515fa7,humaneval,body_first,16,toward,1.0,-14.97029972076416,-0.14943253993988037,False,True
3086,c7223ed63e8da56fc5c76a3ed76e3b33606f192abb9fcc5f79999a7313515fa7,humaneval,body_first,16,away,1.0,-15.058934211730957,-0.14442579448223114,False,True
3086,c7223ed63e8da56fc5c76a3ed76e3b33606f192abb9fcc5f79999a7313515fa7,humaneval,body_first,16,random,1.0,-15.044902801513672,-0.14637303352355957,False,True
3086,c7223ed63e8da56fc5c76a3ed76e3b33606f192abb9fcc5f79999a7313515fa7,humaneval,body_first,18,toward,0.5,-15.007148742675781,-0.14675356447696686,False,True
3086,c7223ed63e8da56fc5c76a3ed76e3b33606f192abb9fcc5f79999a7313515fa7,humaneval,body_first,18,away,0.5,-14.965108871459961,-0.15031647682189941,False,True
3086,c7223ed63e8da56fc5c76a3ed76e3b33606f192abb9fcc5f79999a7313515fa7,humaneval,body_first,18,random,0.5,-15.032752990722656,-0.14978255331516266,False,True
3086,c7223ed63e8da56fc5c76a3ed76e3b33606f192abb9fcc5f79999a7313515fa7,humaneval,body_first,18,toward,1.0,-15.007305145263672,-0.14654786884784698,False,True
3086,c7223ed63e8da56fc5c76a3ed76e3b33606f192abb9fcc5f79999a7313515fa7,humaneval,body_first,18,away,1.0,-15.061588287353516,-0.14812438189983368,False,True
3086,c7223ed63e8da56fc5c76a3ed76e3b33606f192abb9fcc5f79999a7313515fa7,humaneval,body_first,18,random,1.0,-14.976876258850098,-0.15012137591838837,False,True
3086,c7223ed63e8da56fc5c76a3ed76e3b33606f192abb9fcc5f79999a7313515fa7,humaneval,body_first,20,toward,0.5,-14.982114791870117,-0.14704309403896332,False,True
3086,c7223ed63e8da56fc5c76a3ed76e3b33606f192abb9fcc5f79999a7313515fa7,humaneval,body_first,20,away,0.5,-14.997541427612305,-0.15087944269180298,False,True
3086,c7223ed63e8da56fc5c76a3ed76e3b33606f192abb9fcc5f79999a7313515fa7,humaneval,body_first,20,random,0.5,-14.93324089050293,-0.1508805751800537,False,True
3086,c7223ed63e8da56fc5c76a3ed76e3b33606f192abb9fcc5f79999a7313515fa7,humaneval,body_first,20,toward,1.0,-14.987157821655273,-0.15044304728507996,False,True
3086,c7223ed63e8da56fc5c76a3ed76e3b33606f192abb9fcc5f79999a7313515fa7,humaneval,body_first,20,away,1.0,-14.993667602539062,-0.15079742670059204,False,True
3086,c7223ed63e8da56fc5c76a3ed76e3b33606f192abb9fcc5f79999a7313515fa7,humaneval,body_first,20,random,1.0,-15.018308639526367,-0.15087616443634033,False,True
3086,c7223ed63e8da56fc5c76a3ed76e3b33606f192abb9fcc5f79999a7313515fa7,humaneval,body_first,22,toward,0.5,-15.014659881591797,-0.147104412317276,False,True
3086,c7223ed63e8da56fc5c76a3ed76e3b33606f192abb9fcc5f79999a7313515fa7,humaneval,body_first,22,away,0.5,-15.03323745727539,-0.14694306254386902,False,True
3086,c7223ed63e8da56fc5c76a3ed76e3b33606f192abb9fcc5f79999a7313515fa7,humaneval,body_first,22,random,0.5,-15.007286071777344,-0.1467040479183197,False,True
3086,c7223ed63e8da56fc5c76a3ed76e3b33606f192abb9fcc5f79999a7313515fa7,humaneval,body_first,22,toward,1.0,-14.979721069335938,-0.15042611956596375,False,True
3086,c7223ed63e8da56fc5c76a3ed76e3b33606f192abb9fcc5f79999a7313515fa7,humaneval,body_first,22,away,1.0,-14.981328964233398,-0.15090107917785645,False,True
3086,c7223ed63e8da56fc5c76a3ed76e3b33606f192abb9fcc5f79999a7313515fa7,humaneval,body_first,22,random,1.0,-14.950227737426758,-0.15123920142650604,False,True
3086,c7223ed63e8da56fc5c76a3ed76e3b33606f192abb9fcc5f79999a7313515fa7,humaneval,body_first,23,toward,0.5,-14.949249267578125,-0.15043576061725616,False,True
3086,c7223ed63e8da56fc5c76a3ed76e3b33606f192abb9fcc5f79999a7313515fa7,humaneval,body_first,23,away,0.5,-14.949249267578125,-0.15043576061725616,False,True
3086,c7223ed63e8da56fc5c76a3ed76e3b33606f192abb9fcc5f79999a7313515fa7,humaneval,body_first,23,random,0.5,-14.949249267578125,-0.15043576061725616,False,True
3086,c7223ed63e8da56fc5c76a3ed76e3b33606f192abb9fcc5f79999a7313515fa7,humaneval,body_first,23,toward,1.0,-14.949249267578125,-0.15043576061725616,False,True
3086,c7223ed63e8da56fc5c76a3ed76e3b33606f192abb9fcc5f79999a7313515fa7,humaneval,body_first,23,away,1.0,-14.949249267578125,-0.15043576061725616,False,True
3086,c7223ed63e8da56fc5c76a3ed76e3b33606f192abb9fcc5f79999a7313515fa7,humaneval,body_first,23,random,1.0,-14.949249267578125,-0.15043576061725616,False,True
3086,c7223ed63e8da56fc5c76a3ed76e3b33606f192abb9fcc5f79999a7313515fa7,humaneval,answer,0,toward,0.5,-15.285440444946289,-0.13691852986812592,False,True
3086,c7223ed63e8da56fc5c76a3ed76e3b33606f192abb9fcc5f79999a7313515fa7,humaneval,answer,0,away,0.5,-14.770795822143555,-0.1570601612329483,False,True
3086,c7223ed63e8da56fc5c76a3ed76e3b33606f192abb9fcc5f79999a7313515fa7,humaneval,answer,0,random,0.5,-15.489127159118652,-0.13677151501178741,False,True
3086,c7223ed63e8da56fc5c76a3ed76e3b33606f192abb9fcc5f79999a7313515fa7,humaneval,answer,0,toward,1.0,-15.54562759399414,-0.1451421082019806,False,True
3086,c7223ed63e8da56fc5c76a3ed76e3b33606f192abb9fcc5f79999a7313515fa7,humaneval,answer,0,away,1.0,-14.505069732666016,-0.18454496562480927,False,True
3086,c7223ed63e8da56fc5c76a3ed76e3b33606f192abb9fcc5f79999a7313515fa7,humaneval,answer,0,random,1.0,-15.825172424316406,-0.13483130931854248,False,True
3086,c7223ed63e8da56fc5c76a3ed76e3b33606f192abb9fcc5f79999a7313515fa7,humaneval,answer,2,toward,0.5,-14.994800567626953,-0.1720711886882782,False,True
3086,c7223ed63e8da56fc5c76a3ed76e3b33606f192abb9fcc5f79999a7313515fa7,humaneval,answer,2,away,0.5,-15.154902458190918,-0.12172822654247284,False,True
3086,c7223ed63e8da56fc5c76a3ed76e3b33606f192abb9fcc5f79999a7313515fa7,humaneval,answer,2,random,0.5,-14.970178604125977,-0.16193130612373352,False,True
3086,c7223ed63e8da56fc5c76a3ed76e3b33606f192abb9fcc5f79999a7313515fa7,humaneval,answer,2,toward,1.0,-14.873604774475098,-0.20707708597183228,False,True
3086,c7223ed63e8da56fc5c76a3ed76e3b33606f192abb9fcc5f79999a7313515fa7,humaneval,answer,2,away,1.0,-15.23975944519043,-0.09338822215795517,False,True
3086,c7223ed63e8da56fc5c76a3ed76e3b33606f192abb9fcc5f79999a7313515fa7,humaneval,answer,2,random,1.0,-14.908990859985352,-0.184591144323349,False,True
3086,c7223ed63e8da56fc5c76a3ed76e3b33606f192abb9fcc5f79999a7313515fa7,humaneval,answer,4,toward,0.5,-14.475763320922852,-0.19743020832538605,False,True
3086,c7223ed63e8da56fc5c76a3ed76e3b33606f192abb9fcc5f79999a7313515fa7,humaneval,answer,4,away,0.5,-15.153423309326172,-0.12149282544851303,False,True
3086,c7223ed63e8da56fc5c76a3ed76e3b33606f192abb9fcc5f79999a7313515fa7,humaneval,answer,4,random,0.5,-15.671689987182617,-0.1283247172832489,False,True
3086,c7223ed63e8da56fc5c76a3ed76e3b33606f192abb9fcc5f79999a7313515fa7,humaneval,answer,4,toward,1.0,-13.97754192352295,-0.26106950640678406,False,True
3086,c7223ed63e8da56fc5c76a3ed76e3b33606f192abb9fcc5f79999a7313515fa7,humaneval,answer,4,away,1.0,-14.85986042022705,-0.11847812682390213,False,True
3086,c7223ed63e8da56fc5c76a3ed76e3b33606f192abb9fcc5f79999a7313515fa7,humaneval,answer,4,random,1.0,-15.897096633911133,-0.15861541032791138,False,True
3086,c7223ed63e8da56fc5c76a3ed76e3b33606f192abb9fcc5f79999a7313515fa7,humaneval,answer,6,toward,0.5,-14.642526626586914,-0.19337810575962067,False,True
3086,c7223ed63e8da56fc5c76a3ed76e3b33606f192abb9fcc5f79999a7313515fa7,humaneval,answer,6,away,0.5,-15.364534378051758,-0.14281626045703888,False,True
3086,c7223ed63e8da56fc5c76a3ed76e3b33606f192abb9fcc5f79999a7313515fa7,humaneval,answer,6,random,0.5,-14.912955284118652,-0.15223048627376556,False,True
3086,c7223ed63e8da56fc5c76a3ed76e3b33606f192abb9fcc5f79999a7313515fa7,humaneval,answer,6,toward,1.0,-14.045985221862793,-0.3402985632419586,False,True
3086,c7223ed63e8da56fc5c76a3ed76e3b33606f192abb9fcc5f79999a7313515fa7,humaneval,answer,6,away,1.0,-16.01278305053711,-0.1259118765592575,False,True
3086,c7223ed63e8da56fc5c76a3ed76e3b33606f192abb9fcc5f79999a7313515fa7,humaneval,answer,6,random,1.0,-14.90854263305664,-0.15353922545909882,False,True
3086,c7223ed63e8da56fc5c76a3ed76e3b33606f192abb9fcc5f79999a7313515fa7,humaneval,answer,8,toward,0.5,-15.25600814819336,-0.17806273698806763,False,True
3086,c7223ed63e8da56fc5c76a3ed76e3b33606f192abb9fcc5f79999a7313515fa7,humaneval,answer,8,away,0.5,-14.151895523071289,-0.21170756220817566,False,True
3086,c7223ed63e8da56fc5c76a3ed76e3b33606f192abb9fcc5f79999a7313515fa7,humaneval,answer,8,random,0.5,-14.893006324768066,-0.2071283459663391,False,True
3086,c7223ed63e8da56fc5c76a3ed76e3b33606f192abb9fcc5f79999a7313515fa7,humaneval,answer,8,toward,1.0,-15.017279624938965,-0.22471921145915985,False,True
3086,c7223ed63e8da56fc5c76a3ed76e3b33606f192abb9fcc5f79999a7313515fa7,humaneval,answer,8,away,1.0,-12.838903427124023,-0.4992061257362366,False,True
3086,c7223ed63e8da56fc5c76a3ed76e3b33606f192abb9fcc5f79999a7313515fa7,humaneval,answer,8,random,1.0,-14.379240989685059,-0.4418349266052246,False,True
3086,c7223ed63e8da56fc5c76a3ed76e3b33606f192abb9fcc5f79999a7313515fa7,humaneval,answer,10,toward,0.5,-15.762469291687012,-0.10975657403469086,False,True
3086,c7223ed63e8da56fc5c76a3ed76e3b33606f192abb9fcc5f79999a7313515fa7,humaneval,answer,10,away,0.5,-13.628069877624512,-0.436429500579834,False,True
3086,c7223ed63e8da56fc5c76a3ed76e3b33606f192abb9fcc5f79999a7313515fa7,humaneval,answer,10,random,0.5,-15.002275466918945,-0.17889632284641266,False,True
3086,c7223ed63e8da56fc5c76a3ed76e3b33606f192abb9fcc5f79999a7313515fa7,humaneval,answer,10,toward,1.0,-16.148456573486328,-0.09646423906087875,False,True
3086,c7223ed63e8da56fc5c76a3ed76e3b33606f192abb9fcc5f79999a7313515fa7,humaneval,answer,10,away,1.0,-12.093395233154297,-2.233382225036621,False,False
3086,c7223ed63e8da56fc5c76a3ed76e3b33606f192abb9fcc5f79999a7313515fa7,humaneval,answer,10,random,1.0,-15.00538158416748,-0.2519683241844177,False,True
3086,c7223ed63e8da56fc5c76a3ed76e3b33606f192abb9fcc5f79999a7313515fa7,humaneval,answer,12,toward,0.5,-15.311285018920898,-0.16771674156188965,False,True
3086,c7223ed63e8da56fc5c76a3ed76e3b33606f192abb9fcc5f79999a7313515fa7,humaneval,answer,12,away,0.5,-13.645895957946777,-0.6190482378005981,False,True
3086,c7223ed63e8da56fc5c76a3ed76e3b33606f192abb9fcc5f79999a7313515fa7,humaneval,answer,12,random,0.5,-14.409226417541504,-0.3159002661705017,False,True
3086,c7223ed63e8da56fc5c76a3ed76e3b33606f192abb9fcc5f79999a7313515fa7,humaneval,answer,12,toward,1.0,-14.846634864807129,-0.24953700602054596,False,True
3086,c7223ed63e8da56fc5c76a3ed76e3b33606f192abb9fcc5f79999a7313515fa7,humaneval,answer,12,away,1.0,-12.79255485534668,-2.531526565551758,False,False
3086,c7223ed63e8da56fc5c76a3ed76e3b33606f192abb9fcc5f79999a7313515fa7,humaneval,answer,12,random,1.0,-13.779378890991211,-0.5995609760284424,False,True
3086,c7223ed63e8da56fc5c76a3ed76e3b33606f192abb9fcc5f79999a7313515fa7,humaneval,answer,14,toward,0.5,-15.356164932250977,-0.13412758708000183,False,True
3086,c7223ed63e8da56fc5c76a3ed76e3b33606f192abb9fcc5f79999a7313515fa7,humaneval,answer,14,away,0.5,-14.301342010498047,-0.41837435960769653,False,True
3086,c7223ed63e8da56fc5c76a3ed76e3b33606f192abb9fcc5f79999a7313515fa7,humaneval,answer,14,random,0.5,-14.488088607788086,-0.20033638179302216,False,True
3086,c7223ed63e8da56fc5c76a3ed76e3b33606f192abb9fcc5f79999a7313515fa7,humaneval,answer,14,toward,1.0,-15.372447967529297,-0.13416855037212372,False,True
3086,c7223ed63e8da56fc5c76a3ed76e3b33606f192abb9fcc5f79999a7313515fa7,humaneval,answer,14,away,1.0,-13.330333709716797,-1.4072604179382324,False,False
3086,c7223ed63e8da56fc5c76a3ed76e3b33606f192abb9fcc5f79999a7313515fa7,humaneval,answer,14,random,1.0,-13.475510597229004,-0.41241875290870667,False,True
3086,c7223ed63e8da56fc5c76a3ed76e3b33606f192abb9fcc5f79999a7313515fa7,humaneval,answer,16,toward,0.5,-15.484966278076172,-0.12231436371803284,False,True
3086,c7223ed63e8da56fc5c76a3ed76e3b33606f192abb9fcc5f79999a7313515fa7,humaneval,answer,16,away,0.5,-13.79852294921875,-0.4873918294906616,False,True
3086,c7223ed63e8da56fc5c76a3ed76e3b33606f192abb9fcc5f79999a7313515fa7,humaneval,answer,16,random,0.5,-13.688373565673828,-0.34287527203559875,False,True
3086,c7223ed63e8da56fc5c76a3ed76e3b33606f192abb9fcc5f79999a7313515fa7,humaneval,answer,16,toward,1.0,-15.531277656555176,-0.12079116702079773,False,True
3086,c7223ed63e8da56fc5c76a3ed76e3b33606f192abb9fcc5f79999a7313515fa7,humaneval,answer,16,away,1.0,-12.516489028930664,-2.1339285373687744,False,False
3086,c7223ed63e8da56fc5c76a3ed76e3b33606f192abb9fcc5f79999a7313515fa7,humaneval,answer,16,random,1.0,-12.504927635192871,-0.9298160672187805,False,False
3086,c7223ed63e8da56fc5c76a3ed76e3b33606f192abb9fcc5f79999a7313515fa7,humaneval,answer,18,toward,0.5,-15.723803520202637,-0.0721651092171669,False,True
3086,c7223ed63e8da56fc5c76a3ed76e3b33606f192abb9fcc5f79999a7313515fa7,humaneval,answer,18,away,0.5,-13.730240821838379,-0.5889239311218262,False,True
3086,c7223ed63e8da56fc5c76a3ed76e3b33606f192abb9fcc5f79999a7313515fa7,humaneval,answer,18,random,0.5,-14.512331008911133,-0.1776302605867386,False,True
3086,c7223ed63e8da56fc5c76a3ed76e3b33606f192abb9fcc5f79999a7313515fa7,humaneval,answer,18,toward,1.0,-16.321781158447266,-0.043370623141527176,False,True
3086,c7223ed63e8da56fc5c76a3ed76e3b33606f192abb9fcc5f79999a7313515fa7,humaneval,answer,18,away,1.0,-12.857897758483887,-1.834160327911377,False,False
3086,c7223ed63e8da56fc5c76a3ed76e3b33606f192abb9fcc5f79999a7313515fa7,humaneval,answer,18,random,1.0,-14.020166397094727,-0.24914532899856567,False,True
3086,c7223ed63e8da56fc5c76a3ed76e3b33606f192abb9fcc5f79999a7313515fa7,humaneval,answer,20,toward,0.5,-15.675488471984863,-0.06816526502370834,False,True
3086,c7223ed63e8da56fc5c76a3ed76e3b33606f192abb9fcc5f79999a7313515fa7,humaneval,answer,20,away,0.5,-13.903311729431152,-0.33821430802345276,False,True
3086,c7223ed63e8da56fc5c76a3ed76e3b33606f192abb9fcc5f79999a7313515fa7,humaneval,answer,20,random,0.5,-14.645149230957031,-0.14072902500629425,False,True
3086,c7223ed63e8da56fc5c76a3ed76e3b33606f192abb9fcc5f79999a7313515fa7,humaneval,answer,20,toward,1.0,-16.431869506835938,-0.027766482904553413,False,True
3086,c7223ed63e8da56fc5c76a3ed76e3b33606f192abb9fcc5f79999a7313515fa7,humaneval,answer,20,away,1.0,-12.720073699951172,-0.8936439752578735,False,False
3086,c7223ed63e8da56fc5c76a3ed76e3b33606f192abb9fcc5f79999a7313515fa7,humaneval,answer,20,random,1.0,-14.247089385986328,-0.16232065856456757,False,True
3086,c7223ed63e8da56fc5c76a3ed76e3b33606f192abb9fcc5f79999a7313515fa7,humaneval,answer,22,toward,0.5,-16.805587768554688,-0.04030054062604904,False,True
3086,c7223ed63e8da56fc5c76a3ed76e3b33606f192abb9fcc5f79999a7313515fa7,humaneval,answer,22,away,0.5,-13.661886215209961,-0.313246488571167,False,True
3086,c7223ed63e8da56fc5c76a3ed76e3b33606f192abb9fcc5f79999a7313515fa7,humaneval,answer,22,random,0.5,-14.711636543273926,-0.14824515581130981,False,True
3086,c7223ed63e8da56fc5c76a3ed76e3b33606f192abb9fcc5f79999a7313515fa7,humaneval,answer,22,toward,1.0,-19.42521858215332,-0.008009813725948334,False,True
3086,c7223ed63e8da56fc5c76a3ed76e3b33606f192abb9fcc5f79999a7313515fa7,humaneval,answer,22,away,1.0,-12.324323654174805,-1.3337775468826294,False,False
3086,c7223ed63e8da56fc5c76a3ed76e3b33606f192abb9fcc5f79999a7313515fa7,humaneval,answer,22,random,1.0,-15.017168045043945,-0.08985550701618195,False,True
3086,c7223ed63e8da56fc5c76a3ed76e3b33606f192abb9fcc5f79999a7313515fa7,humaneval,answer,23,toward,0.5,-15.373588562011719,-0.15210998058319092,False,True
3086,c7223ed63e8da56fc5c76a3ed76e3b33606f192abb9fcc5f79999a7313515fa7,humaneval,answer,23,away,0.5,-14.026458740234375,-0.3526405394077301,False,True
3086,c7223ed63e8da56fc5c76a3ed76e3b33606f192abb9fcc5f79999a7313515fa7,humaneval,answer,23,random,0.5,-13.576448440551758,-0.9401085376739502,False,True
3086,c7223ed63e8da56fc5c76a3ed76e3b33606f192abb9fcc5f79999a7313515fa7,humaneval,answer,23,toward,1.0,-15.557779312133789,-0.34395965933799744,False,True
3086,c7223ed63e8da56fc5c76a3ed76e3b33606f192abb9fcc5f79999a7313515fa7,humaneval,answer,23,away,1.0,-13.527935028076172,-0.9416114687919617,False,True
3086,c7223ed63e8da56fc5c76a3ed76e3b33606f192abb9fcc5f79999a7313515fa7,humaneval,answer,23,random,1.0,-13.921741485595703,-2.8197927474975586,False,False
3088,c7223ed63e8da56fc5c76a3ed76e3b33606f192abb9fcc5f79999a7313515fa7,humaneval,baseline,-1,none,0.0,-13.90716552734375,-0.19835379719734192,False,True
3088,c7223ed63e8da56fc5c76a3ed76e3b33606f192abb9fcc5f79999a7313515fa7,humaneval,if,0,toward,0.5,-14.045797348022461,-0.18890655040740967,False,True
3088,c7223ed63e8da56fc5c76a3ed76e3b33606f192abb9fcc5f79999a7313515fa7,humaneval,if,0,away,0.5,-13.991292953491211,-0.18005773425102234,False,True
3088,c7223ed63e8da56fc5c76a3ed76e3b33606f192abb9fcc5f79999a7313515fa7,humaneval,if,0,random,0.5,-13.92277717590332,-0.16729922592639923,False,True
3088,c7223ed63e8da56fc5c76a3ed76e3b33606f192abb9fcc5f79999a7313515fa7,humaneval,if,0,toward,1.0,-14.00723648071289,-0.17588168382644653,False,True
3088,c7223ed63e8da56fc5c76a3ed76e3b33606f192abb9fcc5f79999a7313515fa7,humaneval,if,0,away,1.0,-13.696008682250977,-0.19954167306423187,False,True
3088,c7223ed63e8da56fc5c76a3ed76e3b33606f192abb9fcc5f79999a7313515fa7,humaneval,if,0,random,1.0,-13.848920822143555,-0.18222324550151825,False,True
3088,c7223ed63e8da56fc5c76a3ed76e3b33606f192abb9fcc5f79999a7313515fa7,humaneval,if,2,toward,0.5,-13.927350997924805,-0.18944120407104492,False,True
3088,c7223ed63e8da56fc5c76a3ed76e3b33606f192abb9fcc5f79999a7313515fa7,humaneval,if,2,away,0.5,-13.999452590942383,-0.19939060509204865,False,True
3088,c7223ed63e8da56fc5c76a3ed76e3b33606f192abb9fcc5f79999a7313515fa7,humaneval,if,2,random,0.5,-13.777620315551758,-0.20451512932777405,False,True
3088,c7223ed63e8da56fc5c76a3ed76e3b33606f192abb9fcc5f79999a7313515fa7,humaneval,if,2,toward,1.0,-14.107117652893066,-0.15297099947929382,False,True
3088,c7223ed63e8da56fc5c76a3ed76e3b33606f192abb9fcc5f79999a7313515fa7,humaneval,if,2,away,1.0,-14.188799858093262,-0.21361044049263,False,True
3088,c7223ed63e8da56fc5c76a3ed76e3b33606f192abb9fcc5f79999a7313515fa7,humaneval,if,2,random,1.0,-13.806196212768555,-0.1904262900352478,False,True
3088,c7223ed63e8da56fc5c76a3ed76e3b33606f192abb9fcc5f79999a7313515fa7,humaneval,if,4,toward,0.5,-13.793766975402832,-0.1956256628036499,False,True
3088,c7223ed63e8da56fc5c76a3ed76e3b33606f192abb9fcc5f79999a7313515fa7,humaneval,if,4,away,0.5,-13.917797088623047,-0.21124760806560516,False,True
3088,c7223ed63e8da56fc5c76a3ed76e3b33606f192abb9fcc5f79999a7313515fa7,humaneval,if,4,random,0.5,-13.943188667297363,-0.18623997271060944,False,True
3088,c7223ed63e8da56fc5c76a3ed76e3b33606f192abb9fcc5f79999a7313515fa7,humaneval,if,4,toward,1.0,-13.726329803466797,-0.2152288556098938,False,True
3088,c7223ed63e8da56fc5c76a3ed76e3b33606f192abb9fcc5f79999a7313515fa7,humaneval,if,4,away,1.0,-13.719146728515625,-0.2418653964996338,False,True
3088,c7223ed63e8da56fc5c76a3ed76e3b33606f192abb9fcc5f79999a7313515fa7,humaneval,if,4,random,1.0,-13.922311782836914,-0.1606580764055252,False,True
3088,c7223ed63e8da56fc5c76a3ed76e3b33606f192abb9fcc5f79999a7313515fa7,humaneval,if,6,toward,0.5,-13.859374046325684,-0.1778877228498459,False,True
3088,c7223ed63e8da56fc5c76a3ed76e3b33606f192abb9fcc5f79999a7313515fa7,humaneval,if,6,away,0.5,-14.036825180053711,-0.20390594005584717,False,True
3088,c7223ed63e8da56fc5c76a3ed76e3b33606f192abb9fcc5f79999a7313515fa7,humaneval,if,6,random,0.5,-13.934491157531738,-0.17224270105361938,False,True
3088,c7223ed63e8da56fc5c76a3ed76e3b33606f192abb9fcc5f79999a7313515fa7,humaneval,if,6,toward,1.0,-13.798388481140137,-0.16176074743270874,False,True
3088,c7223ed63e8da56fc5c76a3ed76e3b33606f192abb9fcc5f79999a7313515fa7,humaneval,if,6,away,1.0,-13.981306076049805,-0.19495345652103424,False,True
3088,c7223ed63e8da56fc5c76a3ed76e3b33606f192abb9fcc5f79999a7313515fa7,humaneval,if,6,random,1.0,-14.049055099487305,-0.1575363427400589,False,True
3088,c7223ed63e8da56fc5c76a3ed76e3b33606f192abb9fcc5f79999a7313515fa7,humaneval,if,8,toward,0.5,-13.733550071716309,-0.2005014419555664,False,True
3088,c7223ed63e8da56fc5c76a3ed76e3b33606f192abb9fcc5f79999a7313515fa7,humaneval,if,8,away,0.5,-14.042680740356445,-0.18797586858272552,False,True
3088,c7223ed63e8da56fc5c76a3ed76e3b33606f192abb9fcc5f79999a7313515fa7,humaneval,if,8,random,0.5,-13.907316207885742,-0.1816592663526535,False,True
3088,c7223ed63e8da56fc5c76a3ed76e3b33606f192abb9fcc5f79999a7313515fa7,humaneval,if,8,toward,1.0,-13.730451583862305,-0.19294266402721405,False,True
3088,c7223ed63e8da56fc5c76a3ed76e3b33606f192abb9fcc5f79999a7313515fa7,humaneval,if,8,away,1.0,-13.845537185668945,-0.1930939257144928,False,True
3088,c7223ed63e8da56fc5c76a3ed76e3b33606f192abb9fcc5f79999a7313515fa7,humaneval,if,8,random,1.0,-14.000129699707031,-0.1615975797176361,False,True
3088,c7223ed63e8da56fc5c76a3ed76e3b33606f192abb9fcc5f79999a7313515fa7,humaneval,if,10,toward,0.5,-13.781455993652344,-0.20032867789268494,False,True
3088,c7223ed63e8da56fc5c76a3ed76e3b33606f192abb9fcc5f79999a7313515fa7,humaneval,if,10,away,0.5,-13.889741897583008,-0.20322206616401672,False,True
3088,c7223ed63e8da56fc5c76a3ed76e3b33606f192abb9fcc5f79999a7313515fa7,humaneval,if,10,random,0.5,-13.864209175109863,-0.20682092010974884,False,True
3088,c7223ed63e8da56fc5c76a3ed76e3b33606f192abb9fcc5f79999a7313515fa7,humaneval,if,10,toward,1.0,-13.72835922241211,-0.1807112693786621,False,True
3088,c7223ed63e8da56fc5c76a3ed76e3b33606f192abb9fcc5f79999a7313515fa7,humaneval,if,10,away,1.0,-13.817615509033203,-0.2047586888074875,False,True
3088,c7223ed63e8da56fc5c76a3ed76e3b33606f192abb9fcc5f79999a7313515fa7,humaneval,if,10,random,1.0,-13.816085815429688,-0.20665600895881653,False,True
3088,c7223ed63e8da56fc5c76a3ed76e3b33606f192abb9fcc5f79999a7313515fa7,humaneval,if,12,toward,0.5,-13.843759536743164,-0.1761409044265747,False,True
3088,c7223ed63e8da56fc5c76a3ed76e3b33606f192abb9fcc5f79999a7313515fa7,humaneval,if,12,away,0.5,-13.891992568969727,-0.19760876893997192,False,True
3088,c7223ed63e8da56fc5c76a3ed76e3b33606f192abb9fcc5f79999a7313515fa7,humaneval,if,12,random,0.5,-13.836709976196289,-0.1940053254365921,False,True
3088,c7223ed63e8da56fc5c76a3ed76e3b33606f192abb9fcc5f79999a7313515fa7,humaneval,if,12,toward,1.0,-13.808479309082031,-0.16877581179141998,False,True
3088,c7223ed63e8da56fc5c76a3ed76e3b33606f192abb9fcc5f79999a7313515fa7,humaneval,if,12,away,1.0,-13.905567169189453,-0.19346220791339874,False,True
3088,c7223ed63e8da56fc5c76a3ed76e3b33606f192abb9fcc5f79999a7313515fa7,humaneval,if,12,random,1.0,-13.83574390411377,-0.1881442815065384,False,True
3088,c7223ed63e8da56fc5c76a3ed76e3b33606f192abb9fcc5f79999a7313515fa7,humaneval,if,14,toward,0.5,-13.863567352294922,-0.1919364482164383,False,True
3088,c7223ed63e8da56fc5c76a3ed76e3b33606f192abb9fcc5f79999a7313515fa7,humaneval,if,14,away,0.5,-13.887760162353516,-0.19595225155353546,False,True
3088,c7223ed63e8da56fc5c76a3ed76e3b33606f192abb9fcc5f79999a7313515fa7,humaneval,if,14,random,0.5,-13.91067123413086,-0.19362026453018188,False,True
3088,c7223ed63e8da56fc5c76a3ed76e3b33606f192abb9fcc5f79999a7313515fa7,humaneval,if,14,toward,1.0,-13.923500061035156,-0.18294943869113922,False,True
3088,c7223ed63e8da56fc5c76a3ed76e3b33606f192abb9fcc5f79999a7313515fa7,humaneval,if,14,away,1.0,-13.884969711303711,-0.20039238035678864,False,True
3088,c7223ed63e8da56fc5c76a3ed76e3b33606f192abb9fcc5f79999a7313515fa7,humaneval,if,14,random,1.0,-13.890586853027344,-0.1957942694425583,False,True
3088,c7223ed63e8da56fc5c76a3ed76e3b33606f192abb9fcc5f79999a7313515fa7,humaneval,if,16,toward,0.5,-13.896858215332031,-0.19317205250263214,False,True
3088,c7223ed63e8da56fc5c76a3ed76e3b33606f192abb9fcc5f79999a7313515fa7,humaneval,if,16,away,0.5,-13.870889663696289,-0.19872932136058807,False,True
3088,c7223ed63e8da56fc5c76a3ed76e3b33606f192abb9fcc5f79999a7313515fa7,humaneval,if,16,random,0.5,-13.871644973754883,-0.19640283286571503,False,True
3088,c7223ed63e8da56fc5c76a3ed76e3b33606f192abb9fcc5f79999a7313515fa7,humaneval,if,16,toward,1.0,-13.863204956054688,-0.1911664456129074,False,True
3088,c7223ed63e8da56fc5c76a3ed76e3b33606f192abb9fcc5f79999a7313515fa7,humaneval,if,16,away,1.0,-13.888808250427246,-0.19723908603191376,False,True
3088,c7223ed63e8da56fc5c76a3ed76e3b33606f192abb9fcc5f79999a7313515fa7,humaneval,if,16,random,1.0,-13.867866516113281,-0.19680483639240265,False,True
3088,c7223ed63e8da56fc5c76a3ed76e3b33606f192abb9fcc5f79999a7313515fa7,humaneval,if,18,toward,0.5,-13.855339050292969,-0.19627146422863007,False,True
3088,c7223ed63e8da56fc5c76a3ed76e3b33606f192abb9fcc5f79999a7313515fa7,humaneval,if,18,away,0.5,-13.888794898986816,-0.19857558608055115,False,True
3088,c7223ed63e8da56fc5c76a3ed76e3b33606f192abb9fcc5f79999a7313515fa7,humaneval,if,18,random,0.5,-13.925247192382812,-0.1933879256248474,False,True
3088,c7223ed63e8da56fc5c76a3ed76e3b33606f192abb9fcc5f79999a7313515fa7,humaneval,if,18,toward,1.0,-13.78966999053955,-0.1945643424987793,False,True
3088,c7223ed63e8da56fc5c76a3ed76e3b33606f192abb9fcc5f79999a7313515fa7,humaneval,if,18,away,1.0,-13.905826568603516,-0.19345788657665253,False,True
3088,c7223ed63e8da56fc5c76a3ed76e3b33606f192abb9fcc5f79999a7313515fa7,humaneval,if,18,random,1.0,-13.900285720825195,-0.1964644342660904,False,True
3088,c7223ed63e8da56fc5c76a3ed76e3b33606f192abb9fcc5f79999a7313515fa7,humaneval,if,20,toward,0.5,-13.853023529052734,-0.198430135846138,False,True
3088,c7223ed63e8da56fc5c76a3ed76e3b33606f192abb9fcc5f79999a7313515fa7,humaneval,if,20,away,0.5,-13.88330078125,-0.19857069849967957,False,True
3088,c7223ed63e8da56fc5c76a3ed76e3b33606f192abb9fcc5f79999a7313515fa7,humaneval,if,20,random,0.5,-13.911962509155273,-0.19306975603103638,False,True
3088,c7223ed63e8da56fc5c76a3ed76e3b33606f192abb9fcc5f79999a7313515fa7,humaneval,if,20,toward,1.0,-13.853266716003418,-0.19458818435668945,False,True
3088,c7223ed63e8da56fc5c76a3ed76e3b33606f192abb9fcc5f79999a7313515fa7,humaneval,if,20,away,1.0,-13.887880325317383,-0.19727402925491333,False,True
3088,c7223ed63e8da56fc5c76a3ed76e3b33606f192abb9fcc5f79999a7313515fa7,humaneval,if,20,random,1.0,-13.914276123046875,-0.19310630857944489,False,True
3088,c7223ed63e8da56fc5c76a3ed76e3b33606f192abb9fcc5f79999a7313515fa7,humaneval,if,22,toward,0.5,-13.895980834960938,-0.19853433966636658,False,True
3088,c7223ed63e8da56fc5c76a3ed76e3b33606f192abb9fcc5f79999a7313515fa7,humaneval,if,22,away,0.5,-13.860788345336914,-0.19704215228557587,False,True
3088,c7223ed63e8da56fc5c76a3ed76e3b33606f192abb9fcc5f79999a7313515fa7,humaneval,if,22,random,0.5,-13.864866256713867,-0.1933325082063675,False,True
3088,c7223ed63e8da56fc5c76a3ed76e3b33606f192abb9fcc5f79999a7313515fa7,humaneval,if,22,toward,1.0,-13.84196662902832,-0.1970493048429489,False,True
3088,c7223ed63e8da56fc5c76a3ed76e3b33606f192abb9fcc5f79999a7313515fa7,humaneval,if,22,away,1.0,-13.889484405517578,-0.19348469376564026,False,True
3088,c7223ed63e8da56fc5c76a3ed76e3b33606f192abb9fcc5f79999a7313515fa7,humaneval,if,22,random,1.0,-13.873563766479492,-0.19710548222064972,False,True
3088,c7223ed63e8da56fc5c76a3ed76e3b33606f192abb9fcc5f79999a7313515fa7,humaneval,if,23,toward,0.5,-13.855535507202148,-0.19835379719734192,False,True
3088,c7223ed63e8da56fc5c76a3ed76e3b33606f192abb9fcc5f79999a7313515fa7,humaneval,if,23,away,0.5,-13.855535507202148,-0.19835379719734192,False,True
3088,c7223ed63e8da56fc5c76a3ed76e3b33606f192abb9fcc5f79999a7313515fa7,humaneval,if,23,random,0.5,-13.855535507202148,-0.19835379719734192,False,True
3088,c7223ed63e8da56fc5c76a3ed76e3b33606f192abb9fcc5f79999a7313515fa7,humaneval,if,23,toward,1.0,-13.855535507202148,-0.19835379719734192,False,True
3088,c7223ed63e8da56fc5c76a3ed76e3b33606f192abb9fcc5f79999a7313515fa7,humaneval,if,23,away,1.0,-13.855535507202148,-0.19835379719734192,False,True
3088,c7223ed63e8da56fc5c76a3ed76e3b33606f192abb9fcc5f79999a7313515fa7,humaneval,if,23,random,1.0,-13.855535507202148,-0.19835379719734192,False,True
3088,c7223ed63e8da56fc5c76a3ed76e3b33606f192abb9fcc5f79999a7313515fa7,humaneval,body_first,0,toward,0.5,-13.927469253540039,-0.17755059897899628,False,True
3088,c7223ed63e8da56fc5c76a3ed76e3b33606f192abb9fcc5f79999a7313515fa7,humaneval,body_first,0,away,0.5,-13.857446670532227,-0.19378329813480377,False,True
3088,c7223ed63e8da56fc5c76a3ed76e3b33606f192abb9fcc5f79999a7313515fa7,humaneval,body_first,0,random,0.5,-13.934045791625977,-0.18115495145320892,False,True
3088,c7223ed63e8da56fc5c76a3ed76e3b33606f192abb9fcc5f79999a7313515fa7,humaneval,body_first,0,toward,1.0,-13.939453125,-0.1672516167163849,False,True
3088,c7223ed63e8da56fc5c76a3ed76e3b33606f192abb9fcc5f79999a7313515fa7,humaneval,body_first,0,away,1.0,-13.781599998474121,-0.19183480739593506,False,True
3088,c7223ed63e8da56fc5c76a3ed76e3b33606f192abb9fcc5f79999a7313515fa7,humaneval,body_first,0,random,1.0,-13.912071228027344,-0.16375026106834412,False,True
3088,c7223ed63e8da56fc5c76a3ed76e3b33606f192abb9fcc5f79999a7313515fa7,humaneval,body_first,2,toward,0.5,-13.957928657531738,-0.1952027827501297,False,True
3088,c7223ed63e8da56fc5c76a3ed76e3b33606f192abb9fcc5f79999a7313515fa7,humaneval,body_first,2,away,0.5,-13.83942985534668,-0.2051110416650772,False,True
3088,c7223ed63e8da56fc5c76a3ed76e3b33606f192abb9fcc5f79999a7313515fa7,humaneval,body_first,2,random,0.5,-13.869181632995605,-0.2009419947862625,False,True
3088,c7223ed63e8da56fc5c76a3ed76e3b33606f192abb9fcc5f79999a7313515fa7,humaneval,body_first,2,toward,1.0,-13.958051681518555,-0.19780129194259644,False,True
3088,c7223ed63e8da56fc5c76a3ed76e3b33606f192abb9fcc5f79999a7313515fa7,humaneval,body_first,2,away,1.0,-13.838750839233398,-0.20340271294116974,False,True
3088,c7223ed63e8da56fc5c76a3ed76e3b33606f192abb9fcc5f79999a7313515fa7,humaneval,body_first,2,random,1.0,-13.827864646911621,-0.20122288167476654,False,True
3088,c7223ed63e8da56fc5c76a3ed76e3b33606f192abb9fcc5f79999a7313515fa7,humaneval,body_first,4,toward,0.5,-13.939318656921387,-0.1849559247493744,False,True
3088,c7223ed63e8da56fc5c76a3ed76e3b33606f192abb9fcc5f79999a7313515fa7,humaneval,body_first,4,away,0.5,-13.807332992553711,-0.20449599623680115,False,True
3088,c7223ed63e8da56fc5c76a3ed76e3b33606f192abb9fcc5f79999a7313515fa7,humaneval,body_first,4,random,0.5,-13.9313383102417,-0.18594494462013245,False,True
3088,c7223ed63e8da56fc5c76a3ed76e3b33606f192abb9fcc5f79999a7313515fa7,humaneval,body_first,4,toward,1.0,-13.971895217895508,-0.1803583800792694,False,True
3088,c7223ed63e8da56fc5c76a3ed76e3b33606f192abb9fcc5f79999a7313515fa7,humaneval,body_first,4,away,1.0,-13.725646018981934,-0.20805251598358154,False,True
3088,c7223ed63e8da56fc5c76a3ed76e3b33606f192abb9fcc5f79999a7313515fa7,humaneval,body_first,4,random,1.0,-14.041175842285156,-0.17052678763866425,False,True
3088,c7223ed63e8da56fc5c76a3ed76e3b33606f192abb9fcc5f79999a7313515fa7,humaneval,body_first,6,toward,0.5,-13.957796096801758,-0.1737115979194641,False,True
3088,c7223ed63e8da56fc5c76a3ed76e3b33606f192abb9fcc5f79999a7313515fa7,humaneval,body_first,6,away,0.5,-13.790108680725098,-0.20642435550689697,False,True
3088,c7223ed63e8da56fc5c76a3ed76e3b33606f192abb9fcc5f79999a7313515fa7,humaneval,body_first,6,random,0.5,-13.949542999267578,-0.1742754727602005,False,True
3088,c7223ed63e8da56fc5c76a3ed76e3b33606f192abb9fcc5f79999a7313515fa7,humaneval,body_first,6,toward,1.0,-14.060916900634766,-0.14478448033332825,False,True
3088,c7223ed63e8da56fc5c76a3ed76e3b33606f192abb9fcc5f79999a7313515fa7,humaneval,body_first,6,away,1.0,-13.729994773864746,-0.20758138597011566,False,True
3088,c7223ed63e8da56fc5c76a3ed76e3b33606f192abb9fcc5f79999a7313515fa7,humaneval,body_first,6,random,1.0,-13.934179306030273,-0.16617952287197113,False,True
3088,c7223ed63e8da56fc5c76a3ed76e3b33606f192abb9fcc5f79999a7313515fa7,humaneval,body_first,8,toward,0.5,-13.829292297363281,-0.19868779182434082,False,True
3088,c7223ed63e8da56fc5c76a3ed76e3b33606f192abb9fcc5f79999a7313515fa7,humaneval,body_first,8,away,0.5,-13.899895668029785,-0.185175359249115,False,True
3088,c7223ed63e8da56fc5c76a3ed76e3b33606f192abb9fcc5f79999a7313515fa7,humaneval,body_first,8,random,0.5,-13.891773223876953,-0.1953735053539276,False,True
3088,c7223ed63e8da56fc5c76a3ed76e3b33606f192abb9fcc5f79999a7313515fa7,humaneval,body_first,8,toward,1.0,-13.763733863830566,-0.17975640296936035,False,True
3088,c7223ed63e8da56fc5c76a3ed76e3b33606f192abb9fcc5f79999a7313515fa7,humaneval,body_first,8,away,1.0,-13.849651336669922,-0.16548186540603638,False,True
3088,c7223ed63e8da56fc5c76a3ed76e3b33606f192abb9fcc5f79999a7313515fa7,humaneval,body_first,8,random,1.0,-13.847572326660156,-0.19072836637496948,False,True
3088,c7223ed63e8da56fc5c76a3ed76e3b33606f192abb9fcc5f79999a7313515fa7,humaneval,body_first,10,toward,0.5,-13.798307418823242,-0.18485654890537262,False,True
3088,c7223ed63e8da56fc5c76a3ed76e3b33606f192abb9fcc5f79999a7313515fa7,humaneval,body_first,10,away,0.5,-13.857877731323242,-0.2067962884902954,False,True
3088,c7223ed63e8da56fc5c76a3ed76e3b33606f192abb9fcc5f79999a7313515fa7,humaneval,body_first,10,random,0.5,-13.86711597442627,-0.19759312272071838,False,True
3088,c7223ed63e8da56fc5c76a3ed76e3b33606f192abb9fcc5f79999a7313515fa7,humaneval,body_first,10,toward,1.0,-13.706347465515137,-0.17269445955753326,False,True
3088,c7223ed63e8da56fc5c76a3ed76e3b33606f192abb9fcc5f79999a7313515fa7,humaneval,body_first,10,away,1.0,-13.837052345275879,-0.20288345217704773,False,True
3088,c7223ed63e8da56fc5c76a3ed76e3b33606f192abb9fcc5f79999a7313515fa7,humaneval,body_first,10,random,1.0,-13.788542747497559,-0.190268412232399,False,True
3088,c7223ed63e8da56fc5c76a3ed76e3b33606f192abb9fcc5f79999a7313515fa7,humaneval,body_first,12,toward,0.5,-13.85300064086914,-0.1712869256734848,False,True
3088,c7223ed63e8da56fc5c76a3ed76e3b33606f192abb9fcc5f79999a7313515fa7,humaneval,body_first,12,away,0.5,-13.844914436340332,-0.1997867226600647,False,True
3088,c7223ed63e8da56fc5c76a3ed76e3b33606f192abb9fcc5f79999a7313515fa7,humaneval,body_first,12,random,0.5,-13.90561580657959,-0.1888851374387741,False,True
3088,c7223ed63e8da56fc5c76a3ed76e3b33606f192abb9fcc5f79999a7313515fa7,humaneval,body_first,12,toward,1.0,-13.845516204833984,-0.16036799550056458,False,True
3088,c7223ed63e8da56fc5c76a3ed76e3b33606f192abb9fcc5f79999a7313515fa7,humaneval,body_first,12,away,1.0,-13.846010208129883,-0.19118967652320862,False,True
3088,c7223ed63e8da56fc5c76a3ed76e3b33606f192abb9fcc5f79999a7313515fa7,humaneval,body_first,12,random,1.0,-13.886911392211914,-0.17942528426647186,False,True
3088,c7223ed63e8da56fc5c76a3ed76e3b33606f192abb9fcc5f79999a7313515fa7,humaneval,body_first,14,toward,0.5,-13.85596752166748,-0.18841978907585144,False,True
3088,c7223ed63e8da56fc5c76a3ed76e3b33606f192abb9fcc5f79999a7313515fa7,humaneval,body_first,14,away,0.5,-13.848085403442383,-0.2036881446838379,False,True
3088,c7223ed63e8da56fc5c76a3ed76e3b33606f192abb9fcc5f79999a7313515fa7,humaneval,body_first,14,random,0.5,-13.881160736083984,-0.1941583901643753,False,True
3088,c7223ed63e8da56fc5c76a3ed76e3b33606f192abb9fcc5f79999a7313515fa7,humaneval,body_first,14,toward,1.0,-13.80538558959961,-0.18485158681869507,False,True
3088,c7223ed63e8da56fc5c76a3ed76e3b33606f192abb9fcc5f79999a7313515fa7,humaneval,body_first,14,away,1.0,-13.838664054870605,-0.20838338136672974,False,True
3088,c7223ed63e8da56fc5c76a3ed76e3b33606f192abb9fcc5f79999a7313515fa7,humaneval,body_first,14,random,1.0,-13.843746185302734,-0.18517258763313293,False,True
3088,c7223ed63e8da56fc5c76a3ed76e3b33606f192abb9fcc5f79999a7313515fa7,humaneval,body_first,16,toward,0.5,-13.883699417114258,-0.19524289667606354,False,True
3088,c7223ed63e8da56fc5c76a3ed76e3b33606f192abb9fcc5f79999a7313515fa7,humaneval,body_first,16,away,0.5,-13.864378929138184,-0.1949051022529602,False,True
3088,c7223ed63e8da56fc5c76a3ed76e3b33606f192abb9fcc5f79999a7313515fa7,humaneval,body_first,16,random,0.5,-13.875755310058594,-0.19652438163757324,False,True
3088,c7223ed63e8da56fc5c76a3ed76e3b33606f192abb9fcc5f79999a7313515fa7,humaneval,body_first,16,toward,1.0,-13.891244888305664,-0.19181078672409058,False,True
3088,c7223ed63e8da56fc5c76a3ed76e3b33606f192abb9fcc5f79999a7313515fa7,humaneval,body_first,16,away,1.0,-13.922026634216309,-0.19475243985652924,False,True
3088,c7223ed63e8da56fc5c76a3ed76e3b33606f192abb9fcc5f79999a7313515fa7,humaneval,body_first,16,random,1.0,-13.86463451385498,-0.19390811026096344,False,True
3088,c7223ed63e8da56fc5c76a3ed76e3b33606f192abb9fcc5f79999a7313515fa7,humaneval,body_first,18,toward,0.5,-13.882345199584961,-0.19301962852478027,False,True
3088,c7223ed63e8da56fc5c76a3ed76e3b33606f192abb9fcc5f79999a7313515fa7,humaneval,body_first,18,away,0.5,-13.898433685302734,-0.19303515553474426,False,True
3088,c7223ed63e8da56fc5c76a3ed76e3b33606f192abb9fcc5f79999a7313515fa7,humaneval,body_first,18,random,0.5,-13.904071807861328,-0.1927448809146881,False,True
3088,c7223ed63e8da56fc5c76a3ed76e3b33606f192abb9fcc5f79999a7313515fa7,humaneval,body_first,18,toward,1.0,-13.852492332458496,-0.19622287154197693,False,True
3088,c7223ed63e8da56fc5c76a3ed76e3b33606f192abb9fcc5f79999a7313515fa7,humaneval,body_first,18,away,1.0,-13.922511100769043,-0.19278961420059204,False,True
3088,c7223ed63e8da56fc5c76a3ed76e3b33606f192abb9fcc5f79999a7313515fa7,humaneval,body_first,18,random,1.0,-13.92108154296875,-0.19430671632289886,False,True
3088,c7223ed63e8da56fc5c76a3ed76e3b33606f192abb9fcc5f79999a7313515fa7,humaneval,body_first,20,toward,0.5,-13.883675575256348,-0.1933237761259079,False,True
3088,c7223ed63e8da56fc5c76a3ed76e3b33606f192abb9fcc5f79999a7313515fa7,humaneval,body_first,20,away,0.5,-13.862171173095703,-0.1984245777130127,False,True
3088,c7223ed63e8da56fc5c76a3ed76e3b33606f192abb9fcc5f79999a7313515fa7,humaneval,body_first,20,random,0.5,-13.879903793334961,-0.197056844830513,False,True
3088,c7223ed63e8da56fc5c76a3ed76e3b33606f192abb9fcc5f79999a7313515fa7,humaneval,body_first,20,toward,1.0,-13.910698890686035,-0.1932414323091507,False,True
3088,c7223ed63e8da56fc5c76a3ed76e3b33606f192abb9fcc5f79999a7313515fa7,humaneval,body_first,20,away,1.0,-13.87205982208252,-0.19300960004329681,False,True
3088,c7223ed63e8da56fc5c76a3ed76e3b33606f192abb9fcc5f79999a7313515fa7,humaneval,body_first,20,random,1.0,-13.938154220581055,-0.1930345743894577,False,True
3088,c7223ed63e8da56fc5c76a3ed76e3b33606f192abb9fcc5f79999a7313515fa7,humaneval,body_first,22,toward,0.5,-13.845453262329102,-0.1983357071876526,False,True
3088,c7223ed63e8da56fc5c76a3ed76e3b33606f192abb9fcc5f79999a7313515fa7,humaneval,body_first,22,away,0.5,-13.840866088867188,-0.19860480725765228,False,True
3088,c7223ed63e8da56fc5c76a3ed76e3b33606f192abb9fcc5f79999a7313515fa7,humaneval,body_first,22,random,0.5,-13.88693618774414,-0.19298376142978668,False,True
3088,c7223ed63e8da56fc5c76a3ed76e3b33606f192abb9fcc5f79999a7313515fa7,humaneval,body_first,22,toward,1.0,-13.845735549926758,-0.1985100954771042,False,True
3088,c7223ed63e8da56fc5c76a3ed76e3b33606f192abb9fcc5f79999a7313515fa7,humaneval,body_first,22,away,1.0,-13.885294914245605,-0.19308960437774658,False,True
3088,c7223ed63e8da56fc5c76a3ed76e3b33606f192abb9fcc5f79999a7313515fa7,humaneval,body_first,22,random,1.0,-13.869447708129883,-0.19314542412757874,False,True
3088,c7223ed63e8da56fc5c76a3ed76e3b33606f192abb9fcc5f79999a7313515fa7,humaneval,body_first,23,toward,0.5,-13.855535507202148,-0.19835379719734192,False,True
3088,c7223ed63e8da56fc5c76a3ed76e3b33606f192abb9fcc5f79999a7313515fa7,humaneval,body_first,23,away,0.5,-13.855535507202148,-0.19835379719734192,False,True
3088,c7223ed63e8da56fc5c76a3ed76e3b33606f192abb9fcc5f79999a7313515fa7,humaneval,body_first,23,random,0.5,-13.855535507202148,-0.19835379719734192,False,True
3088,c7223ed63e8da56fc5c76a3ed76e3b33606f192abb9fcc5f79999a7313515fa7,humaneval,body_first,23,toward,1.0,-13.855535507202148,-0.19835379719734192,False,True
3088,c7223ed63e8da56fc5c76a3ed76e3b33606f192abb9fcc5f79999a7313515fa7,humaneval,body_first,23,away,1.0,-13.855535507202148,-0.19835379719734192,False,True
3088,c7223ed63e8da56fc5c76a3ed76e3b33606f192abb9fcc5f79999a7313515fa7,humaneval,body_first,23,random,1.0,-13.855535507202148,-0.19835379719734192,False,True
3088,c7223ed63e8da56fc5c76a3ed76e3b33606f192abb9fcc5f79999a7313515fa7,humaneval,answer,0,toward,0.5,-14.196243286132812,-0.17329157888889313,False,True
3088,c7223ed63e8da56fc5c76a3ed76e3b33606f192abb9fcc5f79999a7313515fa7,humaneval,answer,0,away,0.5,-13.589003562927246,-0.2123555839061737,False,True
3088,c7223ed63e8da56fc5c76a3ed76e3b33606f192abb9fcc5f79999a7313515fa7,humaneval,answer,0,random,0.5,-13.619560241699219,-0.21839098632335663,False,True
3088,c7223ed63e8da56fc5c76a3ed76e3b33606f192abb9fcc5f79999a7313515fa7,humaneval,answer,0,toward,1.0,-14.384005546569824,-0.1962779313325882,False,True
3088,c7223ed63e8da56fc5c76a3ed76e3b33606f192abb9fcc5f79999a7313515fa7,humaneval,answer,0,away,1.0,-13.213820457458496,-0.2577027380466461,False,True
3088,c7223ed63e8da56fc5c76a3ed76e3b33606f192abb9fcc5f79999a7313515fa7,humaneval,answer,0,random,1.0,-13.235032081604004,-0.2950539290904999,False,True
3088,c7223ed63e8da56fc5c76a3ed76e3b33606f192abb9fcc5f79999a7313515fa7,humaneval,answer,2,toward,0.5,-13.987530708312988,-0.23314188420772552,False,True
3088,c7223ed63e8da56fc5c76a3ed76e3b33606f192abb9fcc5f79999a7313515fa7,humaneval,answer,2,away,0.5,-13.923574447631836,-0.15409067273139954,False,True
3088,c7223ed63e8da56fc5c76a3ed76e3b33606f192abb9fcc5f79999a7313515fa7,humaneval,answer,2,random,0.5,-13.903343200683594,-0.22245533764362335,False,True
3088,c7223ed63e8da56fc5c76a3ed76e3b33606f192abb9fcc5f79999a7313515fa7,humaneval,answer,2,toward,1.0,-13.913588523864746,-0.2876083254814148,False,True
3088,c7223ed63e8da56fc5c76a3ed76e3b33606f192abb9fcc5f79999a7313515fa7,humaneval,answer,2,away,1.0,-13.909849166870117,-0.11707643419504166,False,True
3088,c7223ed63e8da56fc5c76a3ed76e3b33606f192abb9fcc5f79999a7313515fa7,humaneval,answer,2,random,1.0,-13.92849349975586,-0.22746017575263977,False,True
3088,c7223ed63e8da56fc5c76a3ed76e3b33606f192abb9fcc5f79999a7313515fa7,humaneval,answer,4,toward,0.5,-13.640263557434082,-0.2730018198490143,False,True
3088,c7223ed63e8da56fc5c76a3ed76e3b33606f192abb9fcc5f79999a7313515fa7,humaneval,answer,4,away,0.5,-13.979117393493652,-0.16122965514659882,False,True
3088,c7223ed63e8da56fc5c76a3ed76e3b33606f192abb9fcc5f79999a7313515fa7,humaneval,answer,4,random,0.5,-13.826974868774414,-0.25040313601493835,False,True
3088,c7223ed63e8da56fc5c76a3ed76e3b33606f192abb9fcc5f79999a7313515fa7,humaneval,answer,4,toward,1.0,-13.23478889465332,-0.3291298747062683,False,True
3088,c7223ed63e8da56fc5c76a3ed76e3b33606f192abb9fcc5f79999a7313515fa7,humaneval,answer,4,away,1.0,-13.841310501098633,-0.17317478358745575,False,True
3088,c7223ed63e8da56fc5c76a3ed76e3b33606f192abb9fcc5f79999a7313515fa7,humaneval,answer,4,random,1.0,-13.773075103759766,-0.29986900091171265,False,True
3088,c7223ed63e8da56fc5c76a3ed76e3b33606f192abb9fcc5f79999a7313515fa7,humaneval,answer,6,toward,0.5,-13.982245445251465,-0.2683323323726654,False,True
3088,c7223ed63e8da56fc5c76a3ed76e3b33606f192abb9fcc5f79999a7313515fa7,humaneval,answer,6,away,0.5,-13.848796844482422,-0.1716480553150177,False,True
3088,c7223ed63e8da56fc5c76a3ed76e3b33606f192abb9fcc5f79999a7313515fa7,humaneval,answer,6,random,0.5,-13.510808944702148,-0.28384193778038025,False,True
3088,c7223ed63e8da56fc5c76a3ed76e3b33606f192abb9fcc5f79999a7313515fa7,humaneval,answer,6,toward,1.0,-13.93838882446289,-0.4612414240837097,False,True
3088,c7223ed63e8da56fc5c76a3ed76e3b33606f192abb9fcc5f79999a7313515fa7,humaneval,answer,6,away,1.0,-14.398393630981445,-0.13774411380290985,False,True
3088,c7223ed63e8da56fc5c76a3ed76e3b33606f192abb9fcc5f79999a7313515fa7,humaneval,answer,6,random,1.0,-13.151741981506348,-0.4042072296142578,False,True
3088,c7223ed63e8da56fc5c76a3ed76e3b33606f192abb9fcc5f79999a7313515fa7,humaneval,answer,8,toward,0.5,-13.984807968139648,-0.20752772688865662,False,True
3088,c7223ed63e8da56fc5c76a3ed76e3b33606f192abb9fcc5f79999a7313515fa7,humaneval,answer,8,away,0.5,-13.315860748291016,-0.32613763213157654,False,True
3088,c7223ed63e8da56fc5c76a3ed76e3b33606f192abb9fcc5f79999a7313515fa7,humaneval,answer,8,random,0.5,-14.135380744934082,-0.18118916451931,False,True
3088,c7223ed63e8da56fc5c76a3ed76e3b33606f192abb9fcc5f79999a7313515fa7,humaneval,answer,8,toward,1.0,-13.798101425170898,-0.2643696963787079,False,True
3088,c7223ed63e8da56fc5c76a3ed76e3b33606f192abb9fcc5f79999a7313515fa7,humaneval,answer,8,away,1.0,-12.245270729064941,-0.6298073530197144,False,True
3088,c7223ed63e8da56fc5c76a3ed76e3b33606f192abb9fcc5f79999a7313515fa7,humaneval,answer,8,random,1.0,-14.260588645935059,-0.22084695100784302,False,True
3088,c7223ed63e8da56fc5c76a3ed76e3b33606f192abb9fcc5f79999a7313515fa7,humaneval,answer,10,toward,0.5,-14.215133666992188,-0.1354956179857254,False,True
3088,c7223ed63e8da56fc5c76a3ed76e3b33606f192abb9fcc5f79999a7313515fa7,humaneval,answer,10,away,0.5,-12.946638107299805,-0.544858992099762,False,True
3088,c7223ed63e8da56fc5c76a3ed76e3b33606f192abb9fcc5f79999a7313515fa7,humaneval,answer,10,random,0.5,-14.35445785522461,-0.13449425995349884,False,True
3088,c7223ed63e8da56fc5c76a3ed76e3b33606f192abb9fcc5f79999a7313515fa7,humaneval,answer,10,toward,1.0,-14.398017883300781,-0.11503905057907104,False,True
3088,c7223ed63e8da56fc5c76a3ed76e3b33606f192abb9fcc5f79999a7313515fa7,humaneval,answer,10,away,1.0,-11.548500061035156,-2.4096622467041016,False,False
3088,c7223ed63e8da56fc5c76a3ed76e3b33606f192abb9fcc5f79999a7313515fa7,humaneval,answer,10,random,1.0,-14.920831680297852,-0.22794653475284576,False,True
3088,c7223ed63e8da56fc5c76a3ed76e3b33606f192abb9fcc5f79999a7313515fa7,humaneval,answer,12,toward,0.5,-13.765213012695312,-0.18667398393154144,False,True
3088,c7223ed63e8da56fc5c76a3ed76e3b33606f192abb9fcc5f79999a7313515fa7,humaneval,answer,12,away,0.5,-12.853328704833984,-0.8497779369354248,False,True
3088,c7223ed63e8da56fc5c76a3ed76e3b33606f192abb9fcc5f79999a7313515fa7,humaneval,answer,12,random,0.5,-12.752248764038086,-0.3120330572128296,False,True
3088,c7223ed63e8da56fc5c76a3ed76e3b33606f192abb9fcc5f79999a7313515fa7,humaneval,answer,12,toward,1.0,-13.140155792236328,-0.278959721326828,False,True
3088,c7223ed63e8da56fc5c76a3ed76e3b33606f192abb9fcc5f79999a7313515fa7,humaneval,answer,12,away,1.0,-12.113960266113281,-2.7612617015838623,False,False
3088,c7223ed63e8da56fc5c76a3ed76e3b33606f192abb9fcc5f79999a7313515fa7,humaneval,answer,12,random,1.0,-11.613822937011719,-0.6659344434738159,False,True
3088,c7223ed63e8da56fc5c76a3ed76e3b33606f192abb9fcc5f79999a7313515fa7,humaneval,answer,14,toward,0.5,-14.153762817382812,-0.14297592639923096,False,True
3088,c7223ed63e8da56fc5c76a3ed76e3b33606f192abb9fcc5f79999a7313515fa7,humaneval,answer,14,away,0.5,-13.431197166442871,-0.6630194783210754,False,True
3088,c7223ed63e8da56fc5c76a3ed76e3b33606f192abb9fcc5f79999a7313515fa7,humaneval,answer,14,random,0.5,-13.314573287963867,-0.23409873247146606,False,True
3088,c7223ed63e8da56fc5c76a3ed76e3b33606f192abb9fcc5f79999a7313515fa7,humaneval,answer,14,toward,1.0,-14.056161880493164,-0.14185874164104462,False,True
3088,c7223ed63e8da56fc5c76a3ed76e3b33606f192abb9fcc5f79999a7313515fa7,humaneval,answer,14,away,1.0,-12.31086540222168,-1.715691328048706,False,False
3088,c7223ed63e8da56fc5c76a3ed76e3b33606f192abb9fcc5f79999a7313515fa7,humaneval,answer,14,random,1.0,-12.239913940429688,-0.40387582778930664,False,True
3088,c7223ed63e8da56fc5c76a3ed76e3b33606f192abb9fcc5f79999a7313515fa7,humaneval,answer,16,toward,0.5,-14.248934745788574,-0.1279333382844925,False,True
3088,c7223ed63e8da56fc5c76a3ed76e3b33606f192abb9fcc5f79999a7313515fa7,humaneval,answer,16,away,0.5,-13.069412231445312,-0.7319490313529968,False,True
3088,c7223ed63e8da56fc5c76a3ed76e3b33606f192abb9fcc5f79999a7313515fa7,humaneval,answer,16,random,0.5,-13.88467025756836,-0.21399201452732086,False,True
3088,c7223ed63e8da56fc5c76a3ed76e3b33606f192abb9fcc5f79999a7313515fa7,humaneval,answer,16,toward,1.0,-14.135793685913086,-0.12367798388004303,False,True
3088,c7223ed63e8da56fc5c76a3ed76e3b33606f192abb9fcc5f79999a7313515fa7,humaneval,answer,16,away,1.0,-11.750664710998535,-2.4649739265441895,False,False
3088,c7223ed63e8da56fc5c76a3ed76e3b33606f192abb9fcc5f79999a7313515fa7,humaneval,answer,16,random,1.0,-13.549302101135254,-0.23622123897075653,False,True
3088,c7223ed63e8da56fc5c76a3ed76e3b33606f192abb9fcc5f79999a7313515fa7,humaneval,answer,18,toward,0.5,-14.224132537841797,-0.07782243937253952,False,True
3088,c7223ed63e8da56fc5c76a3ed76e3b33606f192abb9fcc5f79999a7313515fa7,humaneval,answer,18,away,0.5,-12.949145317077637,-0.803263247013092,False,True
3088,c7223ed63e8da56fc5c76a3ed76e3b33606f192abb9fcc5f79999a7313515fa7,humaneval,answer,18,random,0.5,-13.503482818603516,-0.20351067185401917,False,True
3088,c7223ed63e8da56fc5c76a3ed76e3b33606f192abb9fcc5f79999a7313515fa7,humaneval,answer,18,toward,1.0,-14.513566970825195,-0.04395170509815216,False,True
3088,c7223ed63e8da56fc5c76a3ed76e3b33606f192abb9fcc5f79999a7313515fa7,humaneval,answer,18,away,1.0,-12.236320495605469,-2.186196804046631,False,False
3088,c7223ed63e8da56fc5c76a3ed76e3b33606f192abb9fcc5f79999a7313515fa7,humaneval,answer,18,random,1.0,-12.835396766662598,-0.29168301820755005,False,True
3088,c7223ed63e8da56fc5c76a3ed76e3b33606f192abb9fcc5f79999a7313515fa7,humaneval,answer,20,toward,0.5,-14.15633487701416,-0.07701648771762848,False,True
3088,c7223ed63e8da56fc5c76a3ed76e3b33606f192abb9fcc5f79999a7313515fa7,humaneval,answer,20,away,0.5,-13.080879211425781,-0.42959538102149963,False,True
3088,c7223ed63e8da56fc5c76a3ed76e3b33606f192abb9fcc5f79999a7313515fa7,humaneval,answer,20,random,0.5,-13.393735885620117,-0.22074361145496368,False,True
3088,c7223ed63e8da56fc5c76a3ed76e3b33606f192abb9fcc5f79999a7313515fa7,humaneval,answer,20,toward,1.0,-14.83906364440918,-0.02820512279868126,False,True
3088,c7223ed63e8da56fc5c76a3ed76e3b33606f192abb9fcc5f79999a7313515fa7,humaneval,answer,20,away,1.0,-12.059314727783203,-1.0288562774658203,False,False
3088,c7223ed63e8da56fc5c76a3ed76e3b33606f192abb9fcc5f79999a7313515fa7,humaneval,answer,20,random,1.0,-13.064631462097168,-0.21577902138233185,False,True
3088,c7223ed63e8da56fc5c76a3ed76e3b33606f192abb9fcc5f79999a7313515fa7,humaneval,answer,22,toward,0.5,-15.49832534790039,-0.050547536462545395,False,True
3088,c7223ed63e8da56fc5c76a3ed76e3b33606f192abb9fcc5f79999a7313515fa7,humaneval,answer,22,away,0.5,-12.761458396911621,-0.41171538829803467,False,True
3088,c7223ed63e8da56fc5c76a3ed76e3b33606f192abb9fcc5f79999a7313515fa7,humaneval,answer,22,random,0.5,-15.440174102783203,-0.05383039265871048,False,True
3088,c7223ed63e8da56fc5c76a3ed76e3b33606f192abb9fcc5f79999a7313515fa7,humaneval,answer,22,toward,1.0,-17.960729598999023,-0.009415035136044025,False,True
3088,c7223ed63e8da56fc5c76a3ed76e3b33606f192abb9fcc5f79999a7313515fa7,humaneval,answer,22,away,1.0,-11.400018692016602,-1.5315897464752197,False,False
3088,c7223ed63e8da56fc5c76a3ed76e3b33606f192abb9fcc5f79999a7313515fa7,humaneval,answer,22,random,1.0,-17.87773323059082,-0.014874974265694618,False,True
3088,c7223ed63e8da56fc5c76a3ed76e3b33606f192abb9fcc5f79999a7313515fa7,humaneval,answer,23,toward,0.5,-14.308534622192383,-0.1802912950515747,False,True
3088,c7223ed63e8da56fc5c76a3ed76e3b33606f192abb9fcc5f79999a7313515fa7,humaneval,answer,23,away,0.5,-13.038198471069336,-0.44901812076568604,False,True
3088,c7223ed63e8da56fc5c76a3ed76e3b33606f192abb9fcc5f79999a7313515fa7,humaneval,answer,23,random,0.5,-16.572362899780273,-0.18630705773830414,False,True
3088,c7223ed63e8da56fc5c76a3ed76e3b33606f192abb9fcc5f79999a7313515fa7,humaneval,answer,23,toward,1.0,-14.471380233764648,-0.36852777004241943,False,True
3088,c7223ed63e8da56fc5c76a3ed76e3b33606f192abb9fcc5f79999a7313515fa7,humaneval,answer,23,away,1.0,-12.48608684539795,-1.1156556606292725,False,True
3088,c7223ed63e8da56fc5c76a3ed76e3b33606f192abb9fcc5f79999a7313515fa7,humaneval,answer,23,random,1.0,-18.523292541503906,-0.9653627872467041,False,True
3093,95f1c23dd3f5caa17218238727d9b9581a1d6fe8348c113fc523f89e9c2b76e8,humaneval,baseline,-1,none,0.0,-3.5755319595336914,-0.8013321161270142,False,True
3093,95f1c23dd3f5caa17218238727d9b9581a1d6fe8348c113fc523f89e9c2b76e8,humaneval,if,0,toward,0.5,-3.584616184234619,-0.8001448512077332,False,True
3093,95f1c23dd3f5caa17218238727d9b9581a1d6fe8348c113fc523f89e9c2b76e8,humaneval,if,0,away,0.5,-3.652089834213257,-0.8041573762893677,False,True
3093,95f1c23dd3f5caa17218238727d9b9581a1d6fe8348c113fc523f89e9c2b76e8,humaneval,if,0,random,0.5,-3.5682809352874756,-0.7855216860771179,False,True
3093,95f1c23dd3f5caa17218238727d9b9581a1d6fe8348c113fc523f89e9c2b76e8,humaneval,if,0,toward,1.0,-3.6378748416900635,-0.7646095156669617,False,True
3093,95f1c23dd3f5caa17218238727d9b9581a1d6fe8348c113fc523f89e9c2b76e8,humaneval,if,0,away,1.0,-3.5525965690612793,-0.8369998335838318,False,True
3093,95f1c23dd3f5caa17218238727d9b9581a1d6fe8348c113fc523f89e9c2b76e8,humaneval,if,0,random,1.0,-3.4620652198791504,-0.8594075441360474,False,True
3093,95f1c23dd3f5caa17218238727d9b9581a1d6fe8348c113fc523f89e9c2b76e8,humaneval,if,2,toward,0.5,-3.703406572341919,-0.7802543044090271,False,True
3093,95f1c23dd3f5caa17218238727d9b9581a1d6fe8348c113fc523f89e9c2b76e8,humaneval,if,2,away,0.5,-3.7342498302459717,-0.8328852653503418,False,True
3093,95f1c23dd3f5caa17218238727d9b9581a1d6fe8348c113fc523f89e9c2b76e8,humaneval,if,2,random,0.5,-3.570796251296997,-0.7772855162620544,False,True
3093,95f1c23dd3f5caa17218238727d9b9581a1d6fe8348c113fc523f89e9c2b76e8,humaneval,if,2,toward,1.0,-3.937729835510254,-0.7228429913520813,False,True
3093,95f1c23dd3f5caa17218238727d9b9581a1d6fe8348c113fc523f89e9c2b76e8,humaneval,if,2,away,1.0,-3.427400827407837,-0.8660313487052917,False,True
3093,95f1c23dd3f5caa17218238727d9b9581a1d6fe8348c113fc523f89e9c2b76e8,humaneval,if,2,random,1.0,-3.786245346069336,-0.7373960018157959,False,True
3093,95f1c23dd3f5caa17218238727d9b9581a1d6fe8348c113fc523f89e9c2b76e8,humaneval,if,4,toward,0.5,-3.603732109069824,-0.7812800407409668,False,True
3093,95f1c23dd3f5caa17218238727d9b9581a1d6fe8348c113fc523f89e9c2b76e8,humaneval,if,4,away,0.5,-3.6213347911834717,-0.8177699446678162,False,True
3093,95f1c23dd3f5caa17218238727d9b9581a1d6fe8348c113fc523f89e9c2b76e8,humaneval,if,4,random,0.5,-3.621877670288086,-0.7765683531761169,False,True
3093,95f1c23dd3f5caa17218238727d9b9581a1d6fe8348c113fc523f89e9c2b76e8,humaneval,if,4,toward,1.0,-3.780595302581787,-0.7943040132522583,False,True
3093,95f1c23dd3f5caa17218238727d9b9581a1d6fe8348c113fc523f89e9c2b76e8,humaneval,if,4,away,1.0,-3.3313076496124268,-0.828079104423523,False,True
3093,95f1c23dd3f5caa17218238727d9b9581a1d6fe8348c113fc523f89e9c2b76e8,humaneval,if,4,random,1.0,-3.669177532196045,-0.7761983871459961,False,True
3093,95f1c23dd3f5caa17218238727d9b9581a1d6fe8348c113fc523f89e9c2b76e8,humaneval,if,6,toward,0.5,-3.6373960971832275,-0.7433326840400696,False,True
3093,95f1c23dd3f5caa17218238727d9b9581a1d6fe8348c113fc523f89e9c2b76e8,humaneval,if,6,away,0.5,-3.458460569381714,-0.8006330132484436,False,True
3093,95f1c23dd3f5caa17218238727d9b9581a1d6fe8348c113fc523f89e9c2b76e8,humaneval,if,6,random,0.5,-3.5070443153381348,-0.7790874242782593,False,True
3093,95f1c23dd3f5caa17218238727d9b9581a1d6fe8348c113fc523f89e9c2b76e8,humaneval,if,6,toward,1.0,-3.594271421432495,-0.7343249917030334,False,True
3093,95f1c23dd3f5caa17218238727d9b9581a1d6fe8348c113fc523f89e9c2b76e8,humaneval,if,6,away,1.0,-3.4336721897125244,-0.7673200368881226,False,True
3093,95f1c23dd3f5caa17218238727d9b9581a1d6fe8348c113fc523f89e9c2b76e8,humaneval,if,6,random,1.0,-3.4086692333221436,-0.7918010354042053,False,True
3093,95f1c23dd3f5caa17218238727d9b9581a1d6fe8348c113fc523f89e9c2b76e8,humaneval,if,8,toward,0.5,-3.5843567848205566,-0.7689683437347412,False,True
3093,95f1c23dd3f5caa17218238727d9b9581a1d6fe8348c113fc523f89e9c2b76e8,humaneval,if,8,away,0.5,-3.5243940353393555,-0.8091612458229065,False,True
3093,95f1c23dd3f5caa17218238727d9b9581a1d6fe8348c113fc523f89e9c2b76e8,humaneval,if,8,random,0.5,-3.61981463432312,-0.769907534122467,False,True
3093,95f1c23dd3f5caa17218238727d9b9581a1d6fe8348c113fc523f89e9c2b76e8,humaneval,if,8,toward,1.0,-3.546590566635132,-0.7446324229240417,False,True
3093,95f1c23dd3f5caa17218238727d9b9581a1d6fe8348c113fc523f89e9c2b76e8,humaneval,if,8,away,1.0,-3.424180030822754,-0.7826282978057861,False,True
3093,95f1c23dd3f5caa17218238727d9b9581a1d6fe8348c113fc523f89e9c2b76e8,humaneval,if,8,random,1.0,-3.6092147827148438,-0.767436683177948,False,True
3093,95f1c23dd3f5caa17218238727d9b9581a1d6fe8348c113fc523f89e9c2b76e8,humaneval,if,10,toward,0.5,-3.524224042892456,-0.7778214812278748,False,True
3093,95f1c23dd3f5caa17218238727d9b9581a1d6fe8348c113fc523f89e9c2b76e8,humaneval,if,10,away,0.5,-3.5465002059936523,-0.8020613789558411,False,True
3093,95f1c23dd3f5caa17218238727d9b9581a1d6fe8348c113fc523f89e9c2b76e8,humaneval,if,10,random,0.5,-3.5394153594970703,-0.792274534702301,False,True
3093,95f1c23dd3f5caa17218238727d9b9581a1d6fe8348c113fc523f89e9c2b76e8,humaneval,if,10,toward,1.0,-3.4561667442321777,-0.71723473072052,False,True
3093,95f1c23dd3f5caa17218238727d9b9581a1d6fe8348c113fc523f89e9c2b76e8,humaneval,if,10,away,1.0,-3.5705130100250244,-0.7879036664962769,False,True
3093,95f1c23dd3f5caa17218238727d9b9581a1d6fe8348c113fc523f89e9c2b76e8,humaneval,if,10,random,1.0,-3.5188887119293213,-0.7869046926498413,False,True
3093,95f1c23dd3f5caa17218238727d9b9581a1d6fe8348c113fc523f89e9c2b76e8,humaneval,if,12,toward,0.5,-3.6026904582977295,-0.8126435279846191,False,True
3093,95f1c23dd3f5caa17218238727d9b9581a1d6fe8348c113fc523f89e9c2b76e8,humaneval,if,12,away,0.5,-3.5534510612487793,-0.7847405672073364,False,True
3093,95f1c23dd3f5caa17218238727d9b9581a1d6fe8348c113fc523f89e9c2b76e8,humaneval,if,12,random,0.5,-3.609016180038452,-0.7923842668533325,False,True
3093,95f1c23dd3f5caa17218238727d9b9581a1d6fe8348c113fc523f89e9c2b76e8,humaneval,if,12,toward,1.0,-3.587038993835449,-0.8026278018951416,False,True
3093,95f1c23dd3f5caa17218238727d9b9581a1d6fe8348c113fc523f89e9c2b76e8,humaneval,if,12,away,1.0,-3.558824062347412,-0.7852057814598083,False,True
3093,95f1c23dd3f5caa17218238727d9b9581a1d6fe8348c113fc523f89e9c2b76e8,humaneval,if,12,random,1.0,-3.6197402477264404,-0.8012306094169617,False,True
3093,95f1c23dd3f5caa17218238727d9b9581a1d6fe8348c113fc523f89e9c2b76e8,humaneval,if,14,toward,0.5,-3.586446762084961,-0.7990276217460632,False,True
3093,95f1c23dd3f5caa17218238727d9b9581a1d6fe8348c113fc523f89e9c2b76e8,humaneval,if,14,away,0.5,-3.573578357696533,-0.7974476218223572,False,True
3093,95f1c23dd3f5caa17218238727d9b9581a1d6fe8348c113fc523f89e9c2b76e8,humaneval,if,14,random,0.5,-3.59122633934021,-0.7891660928726196,False,True
3093,95f1c23dd3f5caa17218238727d9b9581a1d6fe8348c113fc523f89e9c2b76e8,humaneval,if,14,toward,1.0,-3.5824315547943115,-0.8002793788909912,False,True
3093,95f1c23dd3f5caa17218238727d9b9581a1d6fe8348c113fc523f89e9c2b76e8,humaneval,if,14,away,1.0,-3.570671319961548,-0.7997839450836182,False,True
3093,95f1c23dd3f5caa17218238727d9b9581a1d6fe8348c113fc523f89e9c2b76e8,humaneval,if,14,random,1.0,-3.572539806365967,-0.7935602068901062,False,True
3093,95f1c23dd3f5caa17218238727d9b9581a1d6fe8348c113fc523f89e9c2b76e8,humaneval,if,16,toward,0.5,-3.5792627334594727,-0.8016961216926575,False,True
3093,95f1c23dd3f5caa17218238727d9b9581a1d6fe8348c113fc523f89e9c2b76e8,humaneval,if,16,away,0.5,-3.565203905105591,-0.7979840040206909,False,True
3093,95f1c23dd3f5caa17218238727d9b9581a1d6fe8348c113fc523f89e9c2b76e8,humaneval,if,16,random,0.5,-3.5528600215911865,-0.8045698404312134,False,True
3093,95f1c23dd3f5caa17218238727d9b9581a1d6fe8348c113fc523f89e9c2b76e8,humaneval,if,16,toward,1.0,-3.601191520690918,-0.8097878098487854,False,True
3093,95f1c23dd3f5caa17218238727d9b9581a1d6fe8348c113fc523f89e9c2b76e8,humaneval,if,16,away,1.0,-3.546924352645874,-0.8023868203163147,False,True
3093,95f1c23dd3f5caa17218238727d9b9581a1d6fe8348c113fc523f89e9c2b76e8,humaneval,if,16,random,1.0,-3.562808036804199,-0.8050763010978699,False,True
3093,95f1c23dd3f5caa17218238727d9b9581a1d6fe8348c113fc523f89e9c2b76e8,humaneval,if,18,toward,0.5,-3.5692241191864014,-0.7849689722061157,False,True
3093,95f1c23dd3f5caa17218238727d9b9581a1d6fe8348c113fc523f89e9c2b76e8,humaneval,if,18,away,0.5,-3.574336528778076,-0.7969834208488464,False,True
3093,95f1c23dd3f5caa17218238727d9b9581a1d6fe8348c113fc523f89e9c2b76e8,humaneval,if,18,random,0.5,-3.576569080352783,-0.8003815412521362,False,True
3093,95f1c23dd3f5caa17218238727d9b9581a1d6fe8348c113fc523f89e9c2b76e8,humaneval,if,18,toward,1.0,-3.5873265266418457,-0.7979270219802856,False,True
3093,95f1c23dd3f5caa17218238727d9b9581a1d6fe8348c113fc523f89e9c2b76e8,humaneval,if,18,away,1.0,-3.5610220432281494,-0.7987139821052551,False,True
3093,95f1c23dd3f5caa17218238727d9b9581a1d6fe8348c113fc523f89e9c2b76e8,humaneval,if,18,random,1.0,-3.55049991607666,-0.8022436499595642,False,True
3093,95f1c23dd3f5caa17218238727d9b9581a1d6fe8348c113fc523f89e9c2b76e8,humaneval,if,20,toward,0.5,-3.5493783950805664,-0.8042448163032532,False,True
3093,95f1c23dd3f5caa17218238727d9b9581a1d6fe8348c113fc523f89e9c2b76e8,humaneval,if,20,away,0.5,-3.5768704414367676,-0.7977903485298157,False,True
3093,95f1c23dd3f5caa17218238727d9b9581a1d6fe8348c113fc523f89e9c2b76e8,humaneval,if,20,random,0.5,-3.573488235473633,-0.7974253296852112,False,True
3093,95f1c23dd3f5caa17218238727d9b9581a1d6fe8348c113fc523f89e9c2b76e8,humaneval,if,20,toward,1.0,-3.5669124126434326,-0.7974251508712769,False,True
3093,95f1c23dd3f5caa17218238727d9b9581a1d6fe8348c113fc523f89e9c2b76e8,humaneval,if,20,away,1.0,-3.5633163452148438,-0.7977944612503052,False,True
3093,95f1c23dd3f5caa17218238727d9b9581a1d6fe8348c113fc523f89e9c2b76e8,humaneval,if,20,random,1.0,-3.545128107070923,-0.7869706153869629,False,True
3093,95f1c23dd3f5caa17218238727d9b9581a1d6fe8348c113fc523f89e9c2b76e8,humaneval,if,22,toward,0.5,-3.553581714630127,-0.8038495182991028,False,True
3093,95f1c23dd3f5caa17218238727d9b9581a1d6fe8348c113fc523f89e9c2b76e8,humaneval,if,22,away,0.5,-3.58034348487854,-0.7977991104125977,False,True
3093,95f1c23dd3f5caa17218238727d9b9581a1d6fe8348c113fc523f89e9c2b76e8,humaneval,if,22,random,0.5,-3.570160150527954,-0.7888162732124329,False,True
3093,95f1c23dd3f5caa17218238727d9b9581a1d6fe8348c113fc523f89e9c2b76e8,humaneval,if,22,toward,1.0,-3.583367109298706,-0.8007777333259583,False,True
3093,95f1c23dd3f5caa17218238727d9b9581a1d6fe8348c113fc523f89e9c2b76e8,humaneval,if,22,away,1.0,-3.5790905952453613,-0.7982366681098938,False,True
3093,95f1c23dd3f5caa17218238727d9b9581a1d6fe8348c113fc523f89e9c2b76e8,humaneval,if,22,random,1.0,-3.5795810222625732,-0.7982441782951355,False,True
3093,95f1c23dd3f5caa17218238727d9b9581a1d6fe8348c113fc523f89e9c2b76e8,humaneval,if,23,toward,0.5,-3.5662784576416016,-0.7857101559638977,False,True
3093,95f1c23dd3f5caa17218238727d9b9581a1d6fe8348c113fc523f89e9c2b76e8,humaneval,if,23,away,0.5,-3.5662784576416016,-0.7857101559638977,False,True
3093,95f1c23dd3f5caa17218238727d9b9581a1d6fe8348c113fc523f89e9c2b76e8,humaneval,if,23,random,0.5,-3.5662784576416016,-0.7857101559638977,False,True
3093,95f1c23dd3f5caa17218238727d9b9581a1d6fe8348c113fc523f89e9c2b76e8,humaneval,if,23,toward,1.0,-3.5662784576416016,-0.7857101559638977,False,True
3093,95f1c23dd3f5caa17218238727d9b9581a1d6fe8348c113fc523f89e9c2b76e8,humaneval,if,23,away,1.0,-3.5662784576416016,-0.7857101559638977,False,True
3093,95f1c23dd3f5caa17218238727d9b9581a1d6fe8348c113fc523f89e9c2b76e8,humaneval,if,23,random,1.0,-3.5662784576416016,-0.7857101559638977,False,True
3093,95f1c23dd3f5caa17218238727d9b9581a1d6fe8348c113fc523f89e9c2b76e8,humaneval,body_first,0,toward,0.5,-3.555534601211548,-0.8014969825744629,False,True
3093,95f1c23dd3f5caa17218238727d9b9581a1d6fe8348c113fc523f89e9c2b76e8,humaneval,body_first,0,away,0.5,-3.536651372909546,-0.7891031503677368,False,True
3093,95f1c23dd3f5caa17218238727d9b9581a1d6fe8348c113fc523f89e9c2b76e8,humaneval,body_first,0,random,0.5,-3.544001817703247,-0.8019803762435913,False,True
3093,95f1c23dd3f5caa17218238727d9b9581a1d6fe8348c113fc523f89e9c2b76e8,humaneval,body_first,0,toward,1.0,-3.4826507568359375,-0.8088492155075073,False,True
3093,95f1c23dd3f5caa17218238727d9b9581a1d6fe8348c113fc523f89e9c2b76e8,humaneval,body_first,0,away,1.0,-3.4846715927124023,-0.8094085454940796,False,True
3093,95f1c23dd3f5caa17218238727d9b9581a1d6fe8348c113fc523f89e9c2b76e8,humaneval,body_first,0,random,1.0,-3.4830265045166016,-0.8099711537361145,False,True
3093,95f1c23dd3f5caa17218238727d9b9581a1d6fe8348c113fc523f89e9c2b76e8,humaneval,body_first,2,toward,0.5,-3.58406400680542,-0.7972612380981445,False,True
3093,95f1c23dd3f5caa17218238727d9b9581a1d6fe8348c113fc523f89e9c2b76e8,humaneval,body_first,2,away,0.5,-3.5933337211608887,-0.8107218742370605,False,True
3093,95f1c23dd3f5caa17218238727d9b9581a1d6fe8348c113fc523f89e9c2b76e8,humaneval,body_first,2,random,0.5,-3.5765790939331055,-0.7979027628898621,False,True
3093,95f1c23dd3f5caa17218238727d9b9581a1d6fe8348c113fc523f89e9c2b76e8,humaneval,body_first,2,toward,1.0,-3.5532925128936768,-0.7981474995613098,False,True
3093,95f1c23dd3f5caa17218238727d9b9581a1d6fe8348c113fc523f89e9c2b76e8,humaneval,body_first,2,away,1.0,-3.573070764541626,-0.7988271117210388,False,True
3093,95f1c23dd3f5caa17218238727d9b9581a1d6fe8348c113fc523f89e9c2b76e8,humaneval,body_first,2,random,1.0,-3.5698342323303223,-0.7980732917785645,False,True
3093,95f1c23dd3f5caa17218238727d9b9581a1d6fe8348c113fc523f89e9c2b76e8,humaneval,body_first,4,toward,0.5,-3.5798072814941406,-0.7988184094429016,False,True
3093,95f1c23dd3f5caa17218238727d9b9581a1d6fe8348c113fc523f89e9c2b76e8,humaneval,body_first,4,away,0.5,-3.5708627700805664,-0.7985184192657471,False,True
3093,95f1c23dd3f5caa17218238727d9b9581a1d6fe8348c113fc523f89e9c2b76e8,humaneval,body_first,4,random,0.5,-3.5752007961273193,-0.7981849908828735,False,True
3093,95f1c23dd3f5caa17218238727d9b9581a1d6fe8348c113fc523f89e9c2b76e8,humaneval,body_first,4,toward,1.0,-3.565899133682251,-0.7970285415649414,False,True
3093,95f1c23dd3f5caa17218238727d9b9581a1d6fe8348c113fc523f89e9c2b76e8,humaneval,body_first,4,away,1.0,-3.5676822662353516,-0.7880668640136719,False,True
3093,95f1c23dd3f5caa17218238727d9b9581a1d6fe8348c113fc523f89e9c2b76e8,humaneval,body_first,4,random,1.0,-3.576594591140747,-0.7979209423065186,False,True
3093,95f1c23dd3f5caa17218238727d9b9581a1d6fe8348c113fc523f89e9c2b76e8,humaneval,body_first,6,toward,0.5,-3.5746264457702637,-0.7973640561103821,False,True
3093,95f1c23dd3f5caa17218238727d9b9581a1d6fe8348c113fc523f89e9c2b76e8,humaneval,body_first,6,away,0.5,-3.5822060108184814,-0.7992609143257141,False,True
3093,95f1c23dd3f5caa17218238727d9b9581a1d6fe8348c113fc523f89e9c2b76e8,humaneval,body_first,6,random,0.5,-3.5747647285461426,-0.7985740900039673,False,True
3093,95f1c23dd3f5caa17218238727d9b9581a1d6fe8348c113fc523f89e9c2b76e8,humaneval,body_first,6,toward,1.0,-3.5651047229766846,-0.7860692739486694,False,True
3093,95f1c23dd3f5caa17218238727d9b9581a1d6fe8348c113fc523f89e9c2b76e8,humaneval,body_first,6,away,1.0,-3.5871174335479736,-0.7982602715492249,False,True
3093,95f1c23dd3f5caa17218238727d9b9581a1d6fe8348c113fc523f89e9c2b76e8,humaneval,body_first,6,random,1.0,-3.5922482013702393,-0.8014420866966248,False,True
3093,95f1c23dd3f5caa17218238727d9b9581a1d6fe8348c113fc523f89e9c2b76e8,humaneval,body_first,8,toward,0.5,-3.5811338424682617,-0.7988536357879639,False,True
3093,95f1c23dd3f5caa17218238727d9b9581a1d6fe8348c113fc523f89e9c2b76e8,humaneval,body_first,8,away,0.5,-3.60764217376709,-0.7950147986412048,False,True
3093,95f1c23dd3f5caa17218238727d9b9581a1d6fe8348c113fc523f89e9c2b76e8,humaneval,body_first,8,random,0.5,-3.5819265842437744,-0.8006084561347961,False,True
3093,95f1c23dd3f5caa17218238727d9b9581a1d6fe8348c113fc523f89e9c2b76e8,humaneval,body_first,8,toward,1.0,-3.57692813873291,-0.7985537648200989,False,True
3093,95f1c23dd3f5caa17218238727d9b9581a1d6fe8348c113fc523f89e9c2b76e8,humaneval,body_first,8,away,1.0,-3.5865447521209717,-0.8010745048522949,False,True
3093,95f1c23dd3f5caa17218238727d9b9581a1d6fe8348c113fc523f89e9c2b76e8,humaneval,body_first,8,random,1.0,-3.5755302906036377,-0.7881908416748047,False,True
3093,95f1c23dd3f5caa17218238727d9b9581a1d6fe8348c113fc523f89e9c2b76e8,humaneval,body_first,10,toward,0.5,-3.567136764526367,-0.7862755656242371,False,True
3093,95f1c23dd3f5caa17218238727d9b9581a1d6fe8348c113fc523f89e9c2b76e8,humaneval,body_first,10,away,0.5,-3.5764267444610596,-0.7981231808662415,False,True
3093,95f1c23dd3f5caa17218238727d9b9581a1d6fe8348c113fc523f89e9c2b76e8,humaneval,body_first,10,random,0.5,-3.573971748352051,-0.7983057498931885,False,True
3093,95f1c23dd3f5caa17218238727d9b9581a1d6fe8348c113fc523f89e9c2b76e8,humaneval,body_first,10,toward,1.0,-3.581552028656006,-0.8008196949958801,False,True
3093,95f1c23dd3f5caa17218238727d9b9581a1d6fe8348c113fc523f89e9c2b76e8,humaneval,body_first,10,away,1.0,-3.5812485218048096,-0.8005694150924683,False,True
3093,95f1c23dd3f5caa17218238727d9b9581a1d6fe8348c113fc523f89e9c2b76e8,humaneval,body_first,10,random,1.0,-3.581862211227417,-0.8011195659637451,False,True
3093,95f1c23dd3f5caa17218238727d9b9581a1d6fe8348c113fc523f89e9c2b76e8,humaneval,body_first,12,toward,0.5,-3.5797905921936035,-0.7999052405357361,False,True
3093,95f1c23dd3f5caa17218238727d9b9581a1d6fe8348c113fc523f89e9c2b76e8,humaneval,body_first,12,away,0.5,-3.5807673931121826,-0.797903835773468,False,True
3093,95f1c23dd3f5caa17218238727d9b9581a1d6fe8348c113fc523f89e9c2b76e8,humaneval,body_first,12,random,0.5,-3.5806915760040283,-0.7981785535812378,False,True
3093,95f1c23dd3f5caa17218238727d9b9581a1d6fe8348c113fc523f89e9c2b76e8,humaneval,body_first,12,toward,1.0,-3.54838228225708,-0.8036596775054932,False,True
3093,95f1c23dd3f5caa17218238727d9b9581a1d6fe8348c113fc523f89e9c2b76e8,humaneval,body_first,12,away,1.0,-3.556088447570801,-0.8033106327056885,False,True
3093,95f1c23dd3f5caa17218238727d9b9581a1d6fe8348c113fc523f89e9c2b76e8,humaneval,body_first,12,random,1.0,-3.581517219543457,-0.7972733974456787,False,True
3093,95f1c23dd3f5caa17218238727d9b9581a1d6fe8348c113fc523f89e9c2b76e8,humaneval,body_first,14,toward,0.5,-3.5798139572143555,-0.7990967035293579,False,True
3093,95f1c23dd3f5caa17218238727d9b9581a1d6fe8348c113fc523f89e9c2b76e8,humaneval,body_first,14,away,0.5,-3.551475763320923,-0.8030145764350891,False,True
3093,95f1c23dd3f5caa17218238727d9b9581a1d6fe8348c113fc523f89e9c2b76e8,humaneval,body_first,14,random,0.5,-3.5674219131469727,-0.7981153726577759,False,True
3093,95f1c23dd3f5caa17218238727d9b9581a1d6fe8348c113fc523f89e9c2b76e8,humaneval,body_first,14,toward,1.0,-3.5795421600341797,-0.7987309694290161,False,True
3093,95f1c23dd3f5caa17218238727d9b9581a1d6fe8348c113fc523f89e9c2b76e8,humaneval,body_first,14,away,1.0,-3.577133893966675,-0.7976878881454468,False,True
3093,95f1c23dd3f5caa17218238727d9b9581a1d6fe8348c113fc523f89e9c2b76e8,humaneval,body_first,14,random,1.0,-3.564781904220581,-0.7858757972717285,False,True
3093,95f1c23dd3f5caa17218238727d9b9581a1d6fe8348c113fc523f89e9c2b76e8,humaneval,body_first,16,toward,0.5,-3.580249309539795,-0.7985671162605286,False,True
3093,95f1c23dd3f5caa17218238727d9b9581a1d6fe8348c113fc523f89e9c2b76e8,humaneval,body_first,16,away,0.5,-3.568486213684082,-0.7983323335647583,False,True
3093,95f1c23dd3f5caa17218238727d9b9581a1d6fe8348c113fc523f89e9c2b76e8,humaneval,body_first,16,random,0.5,-3.578916549682617,-0.8003867268562317,False,True
3093,95f1c23dd3f5caa17218238727d9b9581a1d6fe8348c113fc523f89e9c2b76e8,humaneval,body_first,16,toward,1.0,-3.5820353031158447,-0.8011932373046875,False,True
3093,95f1c23dd3f5caa17218238727d9b9581a1d6fe8348c113fc523f89e9c2b76e8,humaneval,body_first,16,away,1.0,-3.5789055824279785,-0.7996077537536621,False,True
3093,95f1c23dd3f5caa17218238727d9b9581a1d6fe8348c113fc523f89e9c2b76e8,humaneval,body_first,16,random,1.0,-3.5801215171813965,-0.8007128834724426,False,True
3093,95f1c23dd3f5caa17218238727d9b9581a1d6fe8348c113fc523f89e9c2b76e8,humaneval,body_first,18,toward,0.5,-3.568498134613037,-0.7857543230056763,False,True
3093,95f1c23dd3f5caa17218238727d9b9581a1d6fe8348c113fc523f89e9c2b76e8,humaneval,body_first,18,away,0.5,-3.5758144855499268,-0.7976953983306885,False,True
3093,95f1c23dd3f5caa17218238727d9b9581a1d6fe8348c113fc523f89e9c2b76e8,humaneval,body_first,18,random,0.5,-3.5665669441223145,-0.7857525944709778,False,True
3093,95f1c23dd3f5caa17218238727d9b9581a1d6fe8348c113fc523f89e9c2b76e8,humaneval,body_first,18,toward,1.0,-3.579068660736084,-0.7982521653175354,False,True
3093,95f1c23dd3f5caa17218238727d9b9581a1d6fe8348c113fc523f89e9c2b76e8,humaneval,body_first,18,away,1.0,-3.5734291076660156,-0.7995843291282654,False,True
3093,95f1c23dd3f5caa17218238727d9b9581a1d6fe8348c113fc523f89e9c2b76e8,humaneval,body_first,18,random,1.0,-3.578451633453369,-0.7980010509490967,False,True
3093,95f1c23dd3f5caa17218238727d9b9581a1d6fe8348c113fc523f89e9c2b76e8,humaneval,body_first,20,toward,0.5,-3.581127643585205,-0.7986332178115845,False,True
3093,95f1c23dd3f5caa17218238727d9b9581a1d6fe8348c113fc523f89e9c2b76e8,humaneval,body_first,20,away,0.5,-3.5813770294189453,-0.7987009286880493,False,True
3093,95f1c23dd3f5caa17218238727d9b9581a1d6fe8348c113fc523f89e9c2b76e8,humaneval,body_first,20,random,0.5,-3.5664026737213135,-0.7982943058013916,False,True
3093,95f1c23dd3f5caa17218238727d9b9581a1d6fe8348c113fc523f89e9c2b76e8,humaneval,body_first,20,toward,1.0,-3.573119640350342,-0.7983852624893188,False,True
3093,95f1c23dd3f5caa17218238727d9b9581a1d6fe8348c113fc523f89e9c2b76e8,humaneval,body_first,20,away,1.0,-3.5784220695495605,-0.7978065013885498,False,True
3093,95f1c23dd3f5caa17218238727d9b9581a1d6fe8348c113fc523f89e9c2b76e8,humaneval,body_first,20,random,1.0,-3.575601577758789,-0.7969082593917847,False,True
3093,95f1c23dd3f5caa17218238727d9b9581a1d6fe8348c113fc523f89e9c2b76e8,humaneval,body_first,22,toward,0.5,-3.580305576324463,-0.7973732948303223,False,True
3093,95f1c23dd3f5caa17218238727d9b9581a1d6fe8348c113fc523f89e9c2b76e8,humaneval,body_first,22,away,0.5,-3.5777292251586914,-0.7984498739242554,False,True
3093,95f1c23dd3f5caa17218238727d9b9581a1d6fe8348c113fc523f89e9c2b76e8,humaneval,body_first,22,random,0.5,-3.5637965202331543,-0.7857177257537842,False,True
3093,95f1c23dd3f5caa17218238727d9b9581a1d6fe8348c113fc523f89e9c2b76e8,humaneval,body_first,22,toward,1.0,-3.580951690673828,-0.7982920408248901,False,True
3093,95f1c23dd3f5caa17218238727d9b9581a1d6fe8348c113fc523f89e9c2b76e8,humaneval,body_first,22,away,1.0,-3.579454183578491,-0.7977408170700073,False,True
3093,95f1c23dd3f5caa17218238727d9b9581a1d6fe8348c113fc523f89e9c2b76e8,humaneval,body_first,22,random,1.0,-3.5793299674987793,-0.7987614274024963,False,True
3093,95f1c23dd3f5caa17218238727d9b9581a1d6fe8348c113fc523f89e9c2b76e8,humaneval,body_first,23,toward,0.5,-3.5662784576416016,-0.7857101559638977,False,True
3093,95f1c23dd3f5caa17218238727d9b9581a1d6fe8348c113fc523f89e9c2b76e8,humaneval,body_first,23,away,0.5,-3.5662784576416016,-0.7857101559638977,False,True
3093,95f1c23dd3f5caa17218238727d9b9581a1d6fe8348c113fc523f89e9c2b76e8,humaneval,body_first,23,random,0.5,-3.5662784576416016,-0.7857101559638977,False,True
3093,95f1c23dd3f5caa17218238727d9b9581a1d6fe8348c113fc523f89e9c2b76e8,humaneval,body_first,23,toward,1.0,-3.5662784576416016,-0.7857101559638977,False,True
3093,95f1c23dd3f5caa17218238727d9b9581a1d6fe8348c113fc523f89e9c2b76e8,humaneval,body_first,23,away,1.0,-3.5662784576416016,-0.7857101559638977,False,True
3093,95f1c23dd3f5caa17218238727d9b9581a1d6fe8348c113fc523f89e9c2b76e8,humaneval,body_first,23,random,1.0,-3.5662784576416016,-0.7857101559638977,False,True
3093,95f1c23dd3f5caa17218238727d9b9581a1d6fe8348c113fc523f89e9c2b76e8,humaneval,answer,0,toward,0.5,-3.53200364112854,-0.8333369493484497,False,True
3093,95f1c23dd3f5caa17218238727d9b9581a1d6fe8348c113fc523f89e9c2b76e8,humaneval,answer,0,away,0.5,-3.614891290664673,-0.7447989583015442,False,True
3093,95f1c23dd3f5caa17218238727d9b9581a1d6fe8348c113fc523f89e9c2b76e8,humaneval,answer,0,random,0.5,-3.5879528522491455,-0.7881906628608704,False,True
3093,95f1c23dd3f5caa17218238727d9b9581a1d6fe8348c113fc523f89e9c2b76e8,humaneval,answer,0,toward,1.0,-3.4246468544006348,-0.8027966022491455,False,True
3093,95f1c23dd3f5caa17218238727d9b9581a1d6fe8348c113fc523f89e9c2b76e8,humaneval,answer,0,away,1.0,-3.5329430103302,-0.6666980385780334,False,True
3093,95f1c23dd3f5caa17218238727d9b9581a1d6fe8348c113fc523f89e9c2b76e8,humaneval,answer,0,random,1.0,-3.5742483139038086,-0.7925803661346436,False,True
3093,95f1c23dd3f5caa17218238727d9b9581a1d6fe8348c113fc523f89e9c2b76e8,humaneval,answer,2,toward,0.5,-3.4540505409240723,-0.8258638381958008,False,True
3093,95f1c23dd3f5caa17218238727d9b9581a1d6fe8348c113fc523f89e9c2b76e8,humaneval,answer,2,away,0.5,-3.681699752807617,-0.7476462125778198,False,True
3093,95f1c23dd3f5caa17218238727d9b9581a1d6fe8348c113fc523f89e9c2b76e8,humaneval,answer,2,random,0.5,-3.4400107860565186,-0.7245067358016968,False,True
3093,95f1c23dd3f5caa17218238727d9b9581a1d6fe8348c113fc523f89e9c2b76e8,humaneval,answer,2,toward,1.0,-3.395008087158203,-0.8695619106292725,False,True
3093,95f1c23dd3f5caa17218238727d9b9581a1d6fe8348c113fc523f89e9c2b76e8,humaneval,answer,2,away,1.0,-3.68119215965271,-0.636932373046875,False,True
3093,95f1c23dd3f5caa17218238727d9b9581a1d6fe8348c113fc523f89e9c2b76e8,humaneval,answer,2,random,1.0,-3.256618022918701,-0.6765469908714294,False,True
3093,95f1c23dd3f5caa17218238727d9b9581a1d6fe8348c113fc523f89e9c2b76e8,humaneval,answer,4,toward,0.5,-3.3410964012145996,-0.7777299880981445,False,True
3093,95f1c23dd3f5caa17218238727d9b9581a1d6fe8348c113fc523f89e9c2b76e8,humaneval,answer,4,away,0.5,-3.6796860694885254,-0.8114231824874878,False,True
3093,95f1c23dd3f5caa17218238727d9b9581a1d6fe8348c113fc523f89e9c2b76e8,humaneval,answer,4,random,0.5,-3.7858798503875732,-0.8521412014961243,False,True
3093,95f1c23dd3f5caa17218238727d9b9581a1d6fe8348c113fc523f89e9c2b76e8,humaneval,answer,4,toward,1.0,-3.2971484661102295,-0.7708263993263245,False,True
3093,95f1c23dd3f5caa17218238727d9b9581a1d6fe8348c113fc523f89e9c2b76e8,humaneval,answer,4,away,1.0,-3.3374500274658203,-0.7975348234176636,False,True
3093,95f1c23dd3f5caa17218238727d9b9581a1d6fe8348c113fc523f89e9c2b76e8,humaneval,answer,4,random,1.0,-3.6754345893859863,-0.7755771279335022,False,True
3093,95f1c23dd3f5caa17218238727d9b9581a1d6fe8348c113fc523f89e9c2b76e8,humaneval,answer,6,toward,0.5,-3.1940488815307617,-0.8135664463043213,False,True
3093,95f1c23dd3f5caa17218238727d9b9581a1d6fe8348c113fc523f89e9c2b76e8,humaneval,answer,6,away,0.5,-3.865476608276367,-0.7616191506385803,False,True
3093,95f1c23dd3f5caa17218238727d9b9581a1d6fe8348c113fc523f89e9c2b76e8,humaneval,answer,6,random,0.5,-3.510572910308838,-0.8986840844154358,False,True
3093,95f1c23dd3f5caa17218238727d9b9581a1d6fe8348c113fc523f89e9c2b76e8,humaneval,answer,6,toward,1.0,-2.7855687141418457,-0.8239240646362305,False,True
3093,95f1c23dd3f5caa17218238727d9b9581a1d6fe8348c113fc523f89e9c2b76e8,humaneval,answer,6,away,1.0,-3.999004602432251,-0.8017805218696594,False,True
3093,95f1c23dd3f5caa17218238727d9b9581a1d6fe8348c113fc523f89e9c2b76e8,humaneval,answer,6,random,1.0,-3.397251605987549,-1.0237010717391968,False,True
3093,95f1c23dd3f5caa17218238727d9b9581a1d6fe8348c113fc523f89e9c2b76e8,humaneval,answer,8,toward,0.5,-3.620661973953247,-0.9274568557739258,False,True
3093,95f1c23dd3f5caa17218238727d9b9581a1d6fe8348c113fc523f89e9c2b76e8,humaneval,answer,8,away,0.5,-3.344409465789795,-0.6648306250572205,False,True
3093,95f1c23dd3f5caa17218238727d9b9581a1d6fe8348c113fc523f89e9c2b76e8,humaneval,answer,8,random,0.5,-3.2836875915527344,-0.681394636631012,False,True
3093,95f1c23dd3f5caa17218238727d9b9581a1d6fe8348c113fc523f89e9c2b76e8,humaneval,answer,8,toward,1.0,-3.967923641204834,-1.4830918312072754,False,False
3093,95f1c23dd3f5caa17218238727d9b9581a1d6fe8348c113fc523f89e9c2b76e8,humaneval,answer,8,away,1.0,-3.0373873710632324,-0.5788134336471558,False,True
3093,95f1c23dd3f5caa17218238727d9b9581a1d6fe8348c113fc523f89e9c2b76e8,humaneval,answer,8,random,1.0,-3.1016910076141357,-0.7841441631317139,False,True
3093,95f1c23dd3f5caa17218238727d9b9581a1d6fe8348c113fc523f89e9c2b76e8,humaneval,answer,10,toward,0.5,-4.133242607116699,-0.9591260552406311,False,True
3093,95f1c23dd3f5caa17218238727d9b9581a1d6fe8348c113fc523f89e9c2b76e8,humaneval,answer,10,away,0.5,-2.959193229675293,-0.7072428464889526,False,True
3093,95f1c23dd3f5caa17218238727d9b9581a1d6fe8348c113fc523f89e9c2b76e8,humaneval,answer,10,random,0.5,-3.4316201210021973,-0.7907153964042664,False,True
3093,95f1c23dd3f5caa17218238727d9b9581a1d6fe8348c113fc523f89e9c2b76e8,humaneval,answer,10,toward,1.0,-4.457830905914307,-1.0648908615112305,False,False
3093,95f1c23dd3f5caa17218238727d9b9581a1d6fe8348c113fc523f89e9c2b76e8,humaneval,answer,10,away,1.0,-2.332559108734131,-0.692611575126648,False,True
3093,95f1c23dd3f5caa17218238727d9b9581a1d6fe8348c113fc523f89e9c2b76e8,humaneval,answer,10,random,1.0,-3.1656670570373535,-0.7661910653114319,False,True
3093,95f1c23dd3f5caa17218238727d9b9581a1d6fe8348c113fc523f89e9c2b76e8,humaneval,answer,12,toward,0.5,-4.108590602874756,-1.279555320739746,False,False
3093,95f1c23dd3f5caa17218238727d9b9581a1d6fe8348c113fc523f89e9c2b76e8,humaneval,answer,12,away,0.5,-2.938119888305664,-0.5039560198783875,False,True
3093,95f1c23dd3f5caa17218238727d9b9581a1d6fe8348c113fc523f89e9c2b76e8,humaneval,answer,12,random,0.5,-3.4548685550689697,-0.7245938181877136,False,True
3093,95f1c23dd3f5caa17218238727d9b9581a1d6fe8348c113fc523f89e9c2b76e8,humaneval,answer,12,toward,1.0,-4.346635341644287,-1.6779987812042236,False,False
3093,95f1c23dd3f5caa17218238727d9b9581a1d6fe8348c113fc523f89e9c2b76e8,humaneval,answer,12,away,1.0,-2.481945753097534,-0.44572222232818604,False,True
3093,95f1c23dd3f5caa17218238727d9b9581a1d6fe8348c113fc523f89e9c2b76e8,humaneval,answer,12,random,1.0,-3.1863019466400146,-0.6254005432128906,False,True
3093,95f1c23dd3f5caa17218238727d9b9581a1d6fe8348c113fc523f89e9c2b76e8,humaneval,answer,14,toward,0.5,-4.113324165344238,-1.2975337505340576,False,False
3093,95f1c23dd3f5caa17218238727d9b9581a1d6fe8348c113fc523f89e9c2b76e8,humaneval,answer,14,away,0.5,-3.1069090366363525,-0.5155854821205139,False,True
3093,95f1c23dd3f5caa17218238727d9b9581a1d6fe8348c113fc523f89e9c2b76e8,humaneval,answer,14,random,0.5,-3.4029741287231445,-0.5907934904098511,False,True
3093,95f1c23dd3f5caa17218238727d9b9581a1d6fe8348c113fc523f89e9c2b76e8,humaneval,answer,14,toward,1.0,-4.6075334548950195,-1.8735318183898926,False,False
3093,95f1c23dd3f5caa17218238727d9b9581a1d6fe8348c113fc523f89e9c2b76e8,humaneval,answer,14,away,1.0,-2.7299745082855225,-0.38562384247779846,False,True
3093,95f1c23dd3f5caa17218238727d9b9581a1d6fe8348c113fc523f89e9c2b76e8,humaneval,answer,14,random,1.0,-3.144388198852539,-0.4113173484802246,False,True
3093,95f1c23dd3f5caa17218238727d9b9581a1d6fe8348c113fc523f89e9c2b76e8,humaneval,answer,16,toward,0.5,-4.259664058685303,-1.4920587539672852,False,False
3093,95f1c23dd3f5caa17218238727d9b9581a1d6fe8348c113fc523f89e9c2b76e8,humaneval,answer,16,away,0.5,-3.0325798988342285,-0.40423163771629333,False,True
3093,95f1c23dd3f5caa17218238727d9b9581a1d6fe8348c113fc523f89e9c2b76e8,humaneval,answer,16,random,0.5,-3.5086565017700195,-0.766017735004425,False,True
3093,95f1c23dd3f5caa17218238727d9b9581a1d6fe8348c113fc523f89e9c2b76e8,humaneval,answer,16,toward,1.0,-4.886070251464844,-2.2115416526794434,False,False
3093,95f1c23dd3f5caa17218238727d9b9581a1d6fe8348c113fc523f89e9c2b76e8,humaneval,answer,16,away,1.0,-2.757567882537842,-0.307738333940506,False,True
3093,95f1c23dd3f5caa17218238727d9b9581a1d6fe8348c113fc523f89e9c2b76e8,humaneval,answer,16,random,1.0,-3.5313029289245605,-0.8108958005905151,False,True
3093,95f1c23dd3f5caa17218238727d9b9581a1d6fe8348c113fc523f89e9c2b76e8,humaneval,answer,18,toward,0.5,-4.15225887298584,-1.3376437425613403,False,False
3093,95f1c23dd3f5caa17218238727d9b9581a1d6fe8348c113fc523f89e9c2b76e8,humaneval,answer,18,away,0.5,-3.248720169067383,-0.47049006819725037,False,True
3093,95f1c23dd3f5caa17218238727d9b9581a1d6fe8348c113fc523f89e9c2b76e8,humaneval,answer,18,random,0.5,-3.586113214492798,-0.7805328369140625,False,True
3093,95f1c23dd3f5caa17218238727d9b9581a1d6fe8348c113fc523f89e9c2b76e8,humaneval,answer,18,toward,1.0,-4.873668670654297,-2.1245391368865967,False,False
3093,95f1c23dd3f5caa17218238727d9b9581a1d6fe8348c113fc523f89e9c2b76e8,humaneval,answer,18,away,1.0,-3.125912666320801,-0.32763099670410156,False,True
3093,95f1c23dd3f5caa17218238727d9b9581a1d6fe8348c113fc523f89e9c2b76e8,humaneval,answer,18,random,1.0,-3.611506700515747,-0.8031383752822876,False,True
3093,95f1c23dd3f5caa17218238727d9b9581a1d6fe8348c113fc523f89e9c2b76e8,humaneval,answer,20,toward,0.5,-3.8695409297943115,-1.1164181232452393,False,False
3093,95f1c23dd3f5caa17218238727d9b9581a1d6fe8348c113fc523f89e9c2b76e8,humaneval,answer,20,away,0.5,-3.3329010009765625,-0.5538477301597595,False,True
3093,95f1c23dd3f5caa17218238727d9b9581a1d6fe8348c113fc523f89e9c2b76e8,humaneval,answer,20,random,0.5,-3.4906930923461914,-0.6768120527267456,False,True
3093,95f1c23dd3f5caa17218238727d9b9581a1d6fe8348c113fc523f89e9c2b76e8,humaneval,answer,20,toward,1.0,-4.48252010345459,-1.7346632480621338,False,False
3093,95f1c23dd3f5caa17218238727d9b9581a1d6fe8348c113fc523f89e9c2b76e8,humaneval,answer,20,away,1.0,-3.0929975509643555,-0.3703882694244385,False,True
3093,95f1c23dd3f5caa17218238727d9b9581a1d6fe8348c113fc523f89e9c2b76e8,humaneval,answer,20,random,1.0,-3.3650436401367188,-0.5799449682235718,False,True
3093,95f1c23dd3f5caa17218238727d9b9581a1d6fe8348c113fc523f89e9c2b76e8,humaneval,answer,22,toward,0.5,-4.290938854217529,-1.5301661491394043,False,False
3093,95f1c23dd3f5caa17218238727d9b9581a1d6fe8348c113fc523f89e9c2b76e8,humaneval,answer,22,away,0.5,-3.2327942848205566,-0.46434247493743896,False,True
3093,95f1c23dd3f5caa17218238727d9b9581a1d6fe8348c113fc523f89e9c2b76e8,humaneval,answer,22,random,0.5,-3.589339256286621,-0.8360028862953186,False,True
3093,95f1c23dd3f5caa17218238727d9b9581a1d6fe8348c113fc523f89e9c2b76e8,humaneval,answer,22,toward,1.0,-6.404548645019531,-3.665071487426758,False,False
3093,95f1c23dd3f5caa17218238727d9b9581a1d6fe8348c113fc523f89e9c2b76e8,humaneval,answer,22,away,1.0,-3.0475027561187744,-0.2808687090873718,False,True
3093,95f1c23dd3f5caa17218238727d9b9581a1d6fe8348c113fc523f89e9c2b76e8,humaneval,answer,22,random,1.0,-3.64070200920105,-0.8714539408683777,False,True
3093,95f1c23dd3f5caa17218238727d9b9581a1d6fe8348c113fc523f89e9c2b76e8,humaneval,answer,23,toward,0.5,-4.138060092926025,-1.3638601303100586,False,False
3093,95f1c23dd3f5caa17218238727d9b9581a1d6fe8348c113fc523f89e9c2b76e8,humaneval,answer,23,away,0.5,-3.3030223846435547,-0.5288224220275879,False,True
3093,95f1c23dd3f5caa17218238727d9b9581a1d6fe8348c113fc523f89e9c2b76e8,humaneval,answer,23,random,0.5,-3.756833791732788,-0.9826340079307556,False,True
3093,95f1c23dd3f5caa17218238727d9b9581a1d6fe8348c113fc523f89e9c2b76e8,humaneval,answer,23,toward,1.0,-4.77502965927124,-2.0008296966552734,False,False
3093,95f1c23dd3f5caa17218238727d9b9581a1d6fe8348c113fc523f89e9c2b76e8,humaneval,answer,23,away,1.0,-3.3442835807800293,-0.5700838565826416,False,True
3093,95f1c23dd3f5caa17218238727d9b9581a1d6fe8348c113fc523f89e9c2b76e8,humaneval,answer,23,random,1.0,-5.126766204833984,-2.3525662422180176,False,True
3101,318a4943910c16b3ff8fb79b2657c29ee14b27279ef9f7ed6da3f2ded1848820,humaneval,baseline,-1,none,0.0,-2.468855619430542,-0.10948052257299423,False,True
3101,318a4943910c16b3ff8fb79b2657c29ee14b27279ef9f7ed6da3f2ded1848820,humaneval,if,0,toward,0.5,-2.3699347972869873,-0.11993475258350372,False,True
3101,318a4943910c16b3ff8fb79b2657c29ee14b27279ef9f7ed6da3f2ded1848820,humaneval,if,0,away,0.5,-2.4261505603790283,-0.11365050077438354,False,True
3101,318a4943910c16b3ff8fb79b2657c29ee14b27279ef9f7ed6da3f2ded1848820,humaneval,if,0,random,0.5,-2.419158458709717,-0.11447084695100784,False,True
3101,318a4943910c16b3ff8fb79b2657c29ee14b27279ef9f7ed6da3f2ded1848820,humaneval,if,0,toward,1.0,-1.911589503288269,-0.19283945858478546,False,True
3101,318a4943910c16b3ff8fb79b2657c29ee14b27279ef9f7ed6da3f2ded1848820,humaneval,if,0,away,1.0,-2.0720579624176025,-0.1658080369234085,False,True
3101,318a4943910c16b3ff8fb79b2657c29ee14b27279ef9f7ed6da3f2ded1848820,humaneval,if,0,random,1.0,-1.964808464050293,-0.1835584193468094,False,True
3101,318a4943910c16b3ff8fb79b2657c29ee14b27279ef9f7ed6da3f2ded1848820,humaneval,if,2,toward,0.5,-2.50359845161438,-0.10516087710857391,False,True
3101,318a4943910c16b3ff8fb79b2657c29ee14b27279ef9f7ed6da3f2ded1848820,humaneval,if,2,away,0.5,-2.3842732906341553,-0.11864827573299408,False,True
3101,318a4943910c16b3ff8fb79b2657c29ee14b27279ef9f7ed6da3f2ded1848820,humaneval,if,2,random,0.5,-2.3280482292175293,-0.12492328882217407,False,True
3101,318a4943910c16b3ff8fb79b2657c29ee14b27279ef9f7ed6da3f2ded1848820,humaneval,if,2,toward,1.0,-2.581840991973877,-0.09746610373258591,False,True
3101,318a4943910c16b3ff8fb79b2657c29ee14b27279ef9f7ed6da3f2ded1848820,humaneval,if,2,away,1.0,-1.9972528219223022,-0.17694033682346344,False,True
3101,318a4943910c16b3ff8fb79b2657c29ee14b27279ef9f7ed6da3f2ded1848820,humaneval,if,2,random,1.0,-2.016205310821533,-0.1724553108215332,False,True
3101,318a4943910c16b3ff8fb79b2657c29ee14b27279ef9f7ed6da3f2ded1848820,humaneval,if,4,toward,0.5,-2.490316867828369,-0.1075044572353363,False,True
3101,318a4943910c16b3ff8fb79b2657c29ee14b27279ef9f7ed6da3f2ded1848820,humaneval,if,4,away,0.5,-2.397937774658203,-0.1166878268122673,False,True
3101,318a4943910c16b3ff8fb79b2657c29ee14b27279ef9f7ed6da3f2ded1848820,humaneval,if,4,random,0.5,-2.433053970336914,-0.11274141073226929,False,True
3101,318a4943910c16b3ff8fb79b2657c29ee14b27279ef9f7ed6da3f2ded1848820,humaneval,if,4,toward,1.0,-2.5266964435577393,-0.10482151061296463,False,True
3101,318a4943910c16b3ff8fb79b2657c29ee14b27279ef9f7ed6da3f2ded1848820,humaneval,if,4,away,1.0,-2.198354959487915,-0.14366745948791504,False,True
3101,318a4943910c16b3ff8fb79b2657c29ee14b27279ef9f7ed6da3f2ded1848820,humaneval,if,4,random,1.0,-2.404539108276367,-0.11547672748565674,False,True
3101,318a4943910c16b3ff8fb79b2657c29ee14b27279ef9f7ed6da3f2ded1848820,humaneval,if,6,toward,0.5,-2.5046112537384033,-0.10617369413375854,False,True
3101,318a4943910c16b3ff8fb79b2657c29ee14b27279ef9f7ed6da3f2ded1848820,humaneval,if,6,away,0.5,-2.3908309936523438,-0.11739343404769897,False,True
3101,318a4943910c16b3ff8fb79b2657c29ee14b27279ef9f7ed6da3f2ded1848820,humaneval,if,6,random,0.5,-2.4542312622070312,-0.11048118025064468,False,True
3101,318a4943910c16b3ff8fb79b2657c29ee14b27279ef9f7ed6da3f2ded1848820,humaneval,if,6,toward,1.0,-2.5555858612060547,-0.10246097296476364,False,True
3101,318a4943910c16b3ff8fb79b2657c29ee14b27279ef9f7ed6da3f2ded1848820,humaneval,if,6,away,1.0,-2.334652900695801,-0.12371548265218735,False,True
3101,318a4943910c16b3ff8fb79b2657c29ee14b27279ef9f7ed6da3f2ded1848820,humaneval,if,6,random,1.0,-2.4110496044158936,-0.11417471617460251,False,True
3101,318a4943910c16b3ff8fb79b2657c29ee14b27279ef9f7ed6da3f2ded1848820,humaneval,if,8,toward,0.5,-2.440670967102051,-0.11254607141017914,False,True
3101,318a4943910c16b3ff8fb79b2657c29ee14b27279ef9f7ed6da3f2ded1848820,humaneval,if,8,away,0.5,-2.4333534240722656,-0.11304084211587906,False,True
3101,318a4943910c16b3ff8fb79b2657c29ee14b27279ef9f7ed6da3f2ded1848820,humaneval,if,8,random,0.5,-2.4548380374908447,-0.11108813434839249,False,True
3101,318a4943910c16b3ff8fb79b2657c29ee14b27279ef9f7ed6da3f2ded1848820,humaneval,if,8,toward,1.0,-2.4477529525756836,-0.11181550472974777,False,True
3101,318a4943910c16b3ff8fb79b2657c29ee14b27279ef9f7ed6da3f2ded1848820,humaneval,if,8,away,1.0,-2.363570213317871,-0.12138281762599945,False,True
3101,318a4943910c16b3ff8fb79b2657c29ee14b27279ef9f7ed6da3f2ded1848820,humaneval,if,8,random,1.0,-2.476337194442749,-0.10914977639913559,False,True
3101,318a4943910c16b3ff8fb79b2657c29ee14b27279ef9f7ed6da3f2ded1848820,humaneval,if,10,toward,0.5,-2.4333202838897705,-0.11300773173570633,False,True
3101,318a4943910c16b3ff8fb79b2657c29ee14b27279ef9f7ed6da3f2ded1848820,humaneval,if,10,away,0.5,-2.4478461742401123,-0.11190877109766006,False,True
3101,318a4943910c16b3ff8fb79b2657c29ee14b27279ef9f7ed6da3f2ded1848820,humaneval,if,10,random,0.5,-2.4475841522216797,-0.11164674162864685,False,True
3101,318a4943910c16b3ff8fb79b2657c29ee14b27279ef9f7ed6da3f2ded1848820,humaneval,if,10,toward,1.0,-2.328233480453491,-0.125108540058136,False,True
3101,318a4943910c16b3ff8fb79b2657c29ee14b27279ef9f7ed6da3f2ded1848820,humaneval,if,10,away,1.0,-2.426912307739258,-0.11441227048635483,False,True
3101,318a4943910c16b3ff8fb79b2657c29ee14b27279ef9f7ed6da3f2ded1848820,humaneval,if,10,random,1.0,-2.45469331741333,-0.1109432578086853,False,True
3101,318a4943910c16b3ff8fb79b2657c29ee14b27279ef9f7ed6da3f2ded1848820,humaneval,if,12,toward,0.5,-2.4616925716400146,-0.11013004928827286,False,True
3101,318a4943910c16b3ff8fb79b2657c29ee14b27279ef9f7ed6da3f2ded1848820,humaneval,if,12,away,0.5,-2.4549596309661865,-0.11120951920747757,False,True
3101,318a4943910c16b3ff8fb79b2657c29ee14b27279ef9f7ed6da3f2ded1848820,humaneval,if,12,random,0.5,-2.475876808166504,-0.1086893230676651,False,True
3101,318a4943910c16b3ff8fb79b2657c29ee14b27279ef9f7ed6da3f2ded1848820,humaneval,if,12,toward,1.0,-2.4550538063049316,-0.11130380630493164,False,True
3101,318a4943910c16b3ff8fb79b2657c29ee14b27279ef9f7ed6da3f2ded1848820,humaneval,if,12,away,1.0,-2.4410362243652344,-0.112911157310009,False,True
3101,318a4943910c16b3ff8fb79b2657c29ee14b27279ef9f7ed6da3f2ded1848820,humaneval,if,12,random,1.0,-2.476086139678955,-0.10889856517314911,False,True
3101,318a4943910c16b3ff8fb79b2657c29ee14b27279ef9f7ed6da3f2ded1848820,humaneval,if,14,toward,0.5,-2.440340042114258,-0.112215057015419,False,True
3101,318a4943910c16b3ff8fb79b2657c29ee14b27279ef9f7ed6da3f2ded1848820,humaneval,if,14,away,0.5,-2.4475977420806885,-0.11166028678417206,False,True
3101,318a4943910c16b3ff8fb79b2657c29ee14b27279ef9f7ed6da3f2ded1848820,humaneval,if,14,random,0.5,-2.4473679065704346,-0.11143039911985397,False,True
3101,318a4943910c16b3ff8fb79b2657c29ee14b27279ef9f7ed6da3f2ded1848820,humaneval,if,14,toward,1.0,-2.412238121032715,-0.11536307632923126,False,True
3101,318a4943910c16b3ff8fb79b2657c29ee14b27279ef9f7ed6da3f2ded1848820,humaneval,if,14,away,1.0,-2.440831184387207,-0.11270616203546524,False,True
3101,318a4943910c16b3ff8fb79b2657c29ee14b27279ef9f7ed6da3f2ded1848820,humaneval,if,14,random,1.0,-2.4401650428771973,-0.1120399758219719,False,True
3101,318a4943910c16b3ff8fb79b2657c29ee14b27279ef9f7ed6da3f2ded1848820,humaneval,if,16,toward,0.5,-2.4545702934265137,-0.1108202338218689,False,True
3101,318a4943910c16b3ff8fb79b2657c29ee14b27279ef9f7ed6da3f2ded1848820,humaneval,if,16,away,0.5,-2.461761951446533,-0.11019934713840485,False,True
3101,318a4943910c16b3ff8fb79b2657c29ee14b27279ef9f7ed6da3f2ded1848820,humaneval,if,16,random,0.5,-2.4618618488311768,-0.11029938608407974,False,True
3101,318a4943910c16b3ff8fb79b2657c29ee14b27279ef9f7ed6da3f2ded1848820,humaneval,if,16,toward,1.0,-2.4336013793945312,-0.1132887750864029,False,True
3101,318a4943910c16b3ff8fb79b2657c29ee14b27279ef9f7ed6da3f2ded1848820,humaneval,if,16,away,1.0,-2.440638780593872,-0.11251379549503326,False,True
3101,318a4943910c16b3ff8fb79b2657c29ee14b27279ef9f7ed6da3f2ded1848820,humaneval,if,16,random,1.0,-2.4478633403778076,-0.11192592978477478,False,True
3101,318a4943910c16b3ff8fb79b2657c29ee14b27279ef9f7ed6da3f2ded1848820,humaneval,if,18,toward,0.5,-2.4617252349853516,-0.11016282439231873,False,True
3101,318a4943910c16b3ff8fb79b2657c29ee14b27279ef9f7ed6da3f2ded1848820,humaneval,if,18,away,0.5,-2.4545836448669434,-0.11083357036113739,False,True
3101,318a4943910c16b3ff8fb79b2657c29ee14b27279ef9f7ed6da3f2ded1848820,humaneval,if,18,random,0.5,-2.4617459774017334,-0.11018354445695877,False,True
3101,318a4943910c16b3ff8fb79b2657c29ee14b27279ef9f7ed6da3f2ded1848820,humaneval,if,18,toward,1.0,-2.454507827758789,-0.11075781285762787,False,True
3101,318a4943910c16b3ff8fb79b2657c29ee14b27279ef9f7ed6da3f2ded1848820,humaneval,if,18,away,1.0,-2.447627544403076,-0.11169002950191498,False,True
3101,318a4943910c16b3ff8fb79b2657c29ee14b27279ef9f7ed6da3f2ded1848820,humaneval,if,18,random,1.0,-2.4474282264709473,-0.1114906445145607,False,True
3101,318a4943910c16b3ff8fb79b2657c29ee14b27279ef9f7ed6da3f2ded1848820,humaneval,if,20,toward,0.5,-2.461594820022583,-0.1100323423743248,False,True
3101,318a4943910c16b3ff8fb79b2657c29ee14b27279ef9f7ed6da3f2ded1848820,humaneval,if,20,away,0.5,-2.461780071258545,-0.11021749675273895,False,True
3101,318a4943910c16b3ff8fb79b2657c29ee14b27279ef9f7ed6da3f2ded1848820,humaneval,if,20,random,0.5,-2.4615814685821533,-0.11001888662576675,False,True
3101,318a4943910c16b3ff8fb79b2657c29ee14b27279ef9f7ed6da3f2ded1848820,humaneval,if,20,toward,1.0,-2.46167254447937,-0.1101100817322731,False,True
3101,318a4943910c16b3ff8fb79b2657c29ee14b27279ef9f7ed6da3f2ded1848820,humaneval,if,20,away,1.0,-2.4618539810180664,-0.11029137670993805,False,True
3101,318a4943910c16b3ff8fb79b2657c29ee14b27279ef9f7ed6da3f2ded1848820,humaneval,if,20,random,1.0,-2.4615731239318848,-0.1100105568766594,False,True
3101,318a4943910c16b3ff8fb79b2657c29ee14b27279ef9f7ed6da3f2ded1848820,humaneval,if,22,toward,0.5,-2.454608678817749,-0.11085864901542664,False,True
3101,318a4943910c16b3ff8fb79b2657c29ee14b27279ef9f7ed6da3f2ded1848820,humaneval,if,22,away,0.5,-2.4617693424224854,-0.11020682007074356,False,True
3101,318a4943910c16b3ff8fb79b2657c29ee14b27279ef9f7ed6da3f2ded1848820,humaneval,if,22,random,0.5,-2.4616565704345703,-0.11009406298398972,False,True
3101,318a4943910c16b3ff8fb79b2657c29ee14b27279ef9f7ed6da3f2ded1848820,humaneval,if,22,toward,1.0,-2.4546618461608887,-0.11091189086437225,False,True
3101,318a4943910c16b3ff8fb79b2657c29ee14b27279ef9f7ed6da3f2ded1848820,humaneval,if,22,away,1.0,-2.45461368560791,-0.11086376756429672,False,True
3101,318a4943910c16b3ff8fb79b2657c29ee14b27279ef9f7ed6da3f2ded1848820,humaneval,if,22,random,1.0,-2.4688711166381836,-0.1094961166381836,False,True
3101,318a4943910c16b3ff8fb79b2657c29ee14b27279ef9f7ed6da3f2ded1848820,humaneval,if,23,toward,0.5,-2.468855619430542,-0.10948052257299423,False,True
3101,318a4943910c16b3ff8fb79b2657c29ee14b27279ef9f7ed6da3f2ded1848820,humaneval,if,23,away,0.5,-2.468855619430542,-0.10948052257299423,False,True
3101,318a4943910c16b3ff8fb79b2657c29ee14b27279ef9f7ed6da3f2ded1848820,humaneval,if,23,random,0.5,-2.468855619430542,-0.10948052257299423,False,True
3101,318a4943910c16b3ff8fb79b2657c29ee14b27279ef9f7ed6da3f2ded1848820,humaneval,if,23,toward,1.0,-2.468855619430542,-0.10948052257299423,False,True
3101,318a4943910c16b3ff8fb79b2657c29ee14b27279ef9f7ed6da3f2ded1848820,humaneval,if,23,away,1.0,-2.468855619430542,-0.10948052257299423,False,True
3101,318a4943910c16b3ff8fb79b2657c29ee14b27279ef9f7ed6da3f2ded1848820,humaneval,if,23,random,1.0,-2.468855619430542,-0.10948052257299423,False,True
3101,318a4943910c16b3ff8fb79b2657c29ee14b27279ef9f7ed6da3f2ded1848820,humaneval,body_first,0,toward,0.5,-2.4190781116485596,-0.11439058184623718,False,True
3101,318a4943910c16b3ff8fb79b2657c29ee14b27279ef9f7ed6da3f2ded1848820,humaneval,body_first,0,away,0.5,-2.418987274169922,-0.11429987847805023,False,True
3101,318a4943910c16b3ff8fb79b2657c29ee14b27279ef9f7ed6da3f2ded1848820,humaneval,body_first,0,random,0.5,-2.4403343200683594,-0.11220930516719818,False,True
3101,318a4943910c16b3ff8fb79b2657c29ee14b27279ef9f7ed6da3f2ded1848820,humaneval,body_first,0,toward,1.0,-2.2373809814453125,-0.1358184814453125,False,True
3101,318a4943910c16b3ff8fb79b2657c29ee14b27279ef9f7ed6da3f2ded1848820,humaneval,body_first,0,away,1.0,-2.293088912963867,-0.1290263533592224,False,True
3101,318a4943910c16b3ff8fb79b2657c29ee14b27279ef9f7ed6da3f2ded1848820,humaneval,body_first,0,random,1.0,-2.341451644897461,-0.12270162999629974,False,True
3101,318a4943910c16b3ff8fb79b2657c29ee14b27279ef9f7ed6da3f2ded1848820,humaneval,body_first,2,toward,0.5,-2.3422319889068604,-0.12348202615976334,False,True
3101,318a4943910c16b3ff8fb79b2657c29ee14b27279ef9f7ed6da3f2ded1848820,humaneval,body_first,2,away,0.5,-2.5110256671905518,-0.1047755628824234,False,True
3101,318a4943910c16b3ff8fb79b2657c29ee14b27279ef9f7ed6da3f2ded1848820,humaneval,body_first,2,random,0.5,-2.461705207824707,-0.11014275252819061,False,True
3101,318a4943910c16b3ff8fb79b2657c29ee14b27279ef9f7ed6da3f2ded1848820,humaneval,body_first,2,toward,1.0,-2.25195574760437,-0.13476818799972534,False,True
3101,318a4943910c16b3ff8fb79b2657c29ee14b27279ef9f7ed6da3f2ded1848820,humaneval,body_first,2,away,1.0,-2.5109922885894775,-0.1047423928976059,False,True
3101,318a4943910c16b3ff8fb79b2657c29ee14b27279ef9f7ed6da3f2ded1848820,humaneval,body_first,2,random,1.0,-2.468916416168213,-0.10954131186008453,False,True
3101,318a4943910c16b3ff8fb79b2657c29ee14b27279ef9f7ed6da3f2ded1848820,humaneval,body_first,4,toward,0.5,-2.497455596923828,-0.10683051496744156,False,True
3101,318a4943910c16b3ff8fb79b2657c29ee14b27279ef9f7ed6da3f2ded1848820,humaneval,body_first,4,away,0.5,-2.4403300285339355,-0.11220493912696838,False,True
3101,318a4943910c16b3ff8fb79b2657c29ee14b27279ef9f7ed6da3f2ded1848820,humaneval,body_first,4,random,0.5,-2.433505058288574,-0.11319265514612198,False,True
3101,318a4943910c16b3ff8fb79b2657c29ee14b27279ef9f7ed6da3f2ded1848820,humaneval,body_first,4,toward,1.0,-2.4708733558654785,-0.11149832606315613,False,True
3101,318a4943910c16b3ff8fb79b2657c29ee14b27279ef9f7ed6da3f2ded1848820,humaneval,body_first,4,away,1.0,-2.4475157260894775,-0.11157829314470291,False,True
3101,318a4943910c16b3ff8fb79b2657c29ee14b27279ef9f7ed6da3f2ded1848820,humaneval,body_first,4,random,1.0,-2.41916561126709,-0.11447818577289581,False,True
3101,318a4943910c16b3ff8fb79b2657c29ee14b27279ef9f7ed6da3f2ded1848820,humaneval,body_first,6,toward,0.5,-2.4333927631378174,-0.11308033764362335,False,True
3101,318a4943910c16b3ff8fb79b2657c29ee14b27279ef9f7ed6da3f2ded1848820,humaneval,body_first,6,away,0.5,-2.4832100868225098,-0.10821004956960678,False,True
3101,318a4943910c16b3ff8fb79b2657c29ee14b27279ef9f7ed6da3f2ded1848820,humaneval,body_first,6,random,0.5,-2.4267656803131104,-0.11426564306020737,False,True
3101,318a4943910c16b3ff8fb79b2657c29ee14b27279ef9f7ed6da3f2ded1848820,humaneval,body_first,6,toward,1.0,-2.370441198348999,-0.12044120579957962,False,True
3101,318a4943910c16b3ff8fb79b2657c29ee14b27279ef9f7ed6da3f2ded1848820,humaneval,body_first,6,away,1.0,-2.4691128730773926,-0.10973777621984482,False,True
3101,318a4943910c16b3ff8fb79b2657c29ee14b27279ef9f7ed6da3f2ded1848820,humaneval,body_first,6,random,1.0,-2.398618459701538,-0.1173684224486351,False,True
3101,318a4943910c16b3ff8fb79b2657c29ee14b27279ef9f7ed6da3f2ded1848820,humaneval,body_first,8,toward,0.5,-2.447173595428467,-0.11123597621917725,False,True
3101,318a4943910c16b3ff8fb79b2657c29ee14b27279ef9f7ed6da3f2ded1848820,humaneval,body_first,8,away,0.5,-2.468876600265503,-0.10950157046318054,False,True
3101,318a4943910c16b3ff8fb79b2657c29ee14b27279ef9f7ed6da3f2ded1848820,humaneval,body_first,8,random,0.5,-2.4405357837677,-0.1124107837677002,False,True
3101,318a4943910c16b3ff8fb79b2657c29ee14b27279ef9f7ed6da3f2ded1848820,humaneval,body_first,8,toward,1.0,-2.4892213344573975,-0.10640886425971985,False,True
3101,318a4943910c16b3ff8fb79b2657c29ee14b27279ef9f7ed6da3f2ded1848820,humaneval,body_first,8,away,1.0,-2.4759490489959717,-0.10876160860061646,False,True
3101,318a4943910c16b3ff8fb79b2657c29ee14b27279ef9f7ed6da3f2ded1848820,humaneval,body_first,8,random,1.0,-2.4406561851501465,-0.11253126710653305,False,True
3101,318a4943910c16b3ff8fb79b2657c29ee14b27279ef9f7ed6da3f2ded1848820,humaneval,body_first,10,toward,0.5,-2.4826693534851074,-0.10766931623220444,False,True
3101,318a4943910c16b3ff8fb79b2657c29ee14b27279ef9f7ed6da3f2ded1848820,humaneval,body_first,10,away,0.5,-2.4760541915893555,-0.1088666021823883,False,True
3101,318a4943910c16b3ff8fb79b2657c29ee14b27279ef9f7ed6da3f2ded1848820,humaneval,body_first,10,random,0.5,-2.4827840328216553,-0.10778395086526871,False,True
3101,318a4943910c16b3ff8fb79b2657c29ee14b27279ef9f7ed6da3f2ded1848820,humaneval,body_first,10,toward,1.0,-2.5319480895996094,-0.10226049274206161,False,True
3101,318a4943910c16b3ff8fb79b2657c29ee14b27279ef9f7ed6da3f2ded1848820,humaneval,body_first,10,away,1.0,-2.4830451011657715,-0.10804517567157745,False,True
3101,318a4943910c16b3ff8fb79b2657c29ee14b27279ef9f7ed6da3f2ded1848820,humaneval,body_first,10,random,1.0,-2.525193452835083,-0.10331839323043823,False,True
3101,318a4943910c16b3ff8fb79b2657c29ee14b27279ef9f7ed6da3f2ded1848820,humaneval,body_first,12,toward,0.5,-2.4967570304870605,-0.10613199323415756,False,True
3101,318a4943910c16b3ff8fb79b2657c29ee14b27279ef9f7ed6da3f2ded1848820,humaneval,body_first,12,away,0.5,-2.4479472637176514,-0.11200970411300659,False,True
3101,318a4943910c16b3ff8fb79b2657c29ee14b27279ef9f7ed6da3f2ded1848820,humaneval,body_first,12,random,0.5,-2.475902795791626,-0.10871519893407822,False,True
3101,318a4943910c16b3ff8fb79b2657c29ee14b27279ef9f7ed6da3f2ded1848820,humaneval,body_first,12,toward,1.0,-2.503737688064575,-0.10530026257038116,False,True
3101,318a4943910c16b3ff8fb79b2657c29ee14b27279ef9f7ed6da3f2ded1848820,humaneval,body_first,12,away,1.0,-2.419999599456787,-0.11531219631433487,False,True
3101,318a4943910c16b3ff8fb79b2657c29ee14b27279ef9f7ed6da3f2ded1848820,humaneval,body_first,12,random,1.0,-2.489838123321533,-0.10702568292617798,False,True
3101,318a4943910c16b3ff8fb79b2657c29ee14b27279ef9f7ed6da3f2ded1848820,humaneval,body_first,14,toward,0.5,-2.4684197902679443,-0.10904481261968613,False,True
3101,318a4943910c16b3ff8fb79b2657c29ee14b27279ef9f7ed6da3f2ded1848820,humaneval,body_first,14,away,0.5,-2.433809757232666,-0.11349716782569885,False,True
3101,318a4943910c16b3ff8fb79b2657c29ee14b27279ef9f7ed6da3f2ded1848820,humaneval,body_first,14,random,0.5,-2.4471936225891113,-0.11125624179840088,False,True
3101,318a4943910c16b3ff8fb79b2657c29ee14b27279ef9f7ed6da3f2ded1848820,humaneval,body_first,14,toward,1.0,-2.446636438369751,-0.11069890856742859,False,True
3101,318a4943910c16b3ff8fb79b2657c29ee14b27279ef9f7ed6da3f2ded1848820,humaneval,body_first,14,away,1.0,-2.4198832511901855,-0.11519565433263779,False,True
3101,318a4943910c16b3ff8fb79b2657c29ee14b27279ef9f7ed6da3f2ded1848820,humaneval,body_first,14,random,1.0,-2.439716100692749,-0.11159108579158783,False,True
3101,318a4943910c16b3ff8fb79b2657c29ee14b27279ef9f7ed6da3f2ded1848820,humaneval,body_first,16,toward,0.5,-2.447275400161743,-0.11133783310651779,False,True
3101,318a4943910c16b3ff8fb79b2657c29ee14b27279ef9f7ed6da3f2ded1848820,humaneval,body_first,16,away,0.5,-2.461728096008301,-0.11016549915075302,False,True
3101,318a4943910c16b3ff8fb79b2657c29ee14b27279ef9f7ed6da3f2ded1848820,humaneval,body_first,16,random,0.5,-2.4545743465423584,-0.11082439869642258,False,True
3101,318a4943910c16b3ff8fb79b2657c29ee14b27279ef9f7ed6da3f2ded1848820,humaneval,body_first,16,toward,1.0,-2.4186108112335205,-0.11392338573932648,False,True
3101,318a4943910c16b3ff8fb79b2657c29ee14b27279ef9f7ed6da3f2ded1848820,humaneval,body_first,16,away,1.0,-2.4471657276153564,-0.11122829467058182,False,True
3101,318a4943910c16b3ff8fb79b2657c29ee14b27279ef9f7ed6da3f2ded1848820,humaneval,body_first,16,random,1.0,-2.454244613647461,-0.11049452424049377,False,True
3101,318a4943910c16b3ff8fb79b2657c29ee14b27279ef9f7ed6da3f2ded1848820,humaneval,body_first,18,toward,0.5,-2.4616572856903076,-0.11009470373392105,False,True
3101,318a4943910c16b3ff8fb79b2657c29ee14b27279ef9f7ed6da3f2ded1848820,humaneval,body_first,18,away,0.5,-2.4615724086761475,-0.11000991612672806,False,True
3101,318a4943910c16b3ff8fb79b2657c29ee14b27279ef9f7ed6da3f2ded1848820,humaneval,body_first,18,random,0.5,-2.461670160293579,-0.11010772734880447,False,True
3101,318a4943910c16b3ff8fb79b2657c29ee14b27279ef9f7ed6da3f2ded1848820,humaneval,body_first,18,toward,1.0,-2.447622776031494,-0.11168523132801056,False,True
3101,318a4943910c16b3ff8fb79b2657c29ee14b27279ef9f7ed6da3f2ded1848820,humaneval,body_first,18,away,1.0,-2.4472544193267822,-0.11131682246923447,False,True
3101,318a4943910c16b3ff8fb79b2657c29ee14b27279ef9f7ed6da3f2ded1848820,humaneval,body_first,18,random,1.0,-2.454519748687744,-0.11076986789703369,False,True
3101,318a4943910c16b3ff8fb79b2657c29ee14b27279ef9f7ed6da3f2ded1848820,humaneval,body_first,20,toward,0.5,-2.454793691635132,-0.11104375869035721,False,True
3101,318a4943910c16b3ff8fb79b2657c29ee14b27279ef9f7ed6da3f2ded1848820,humaneval,body_first,20,away,0.5,-2.4687321186065674,-0.10935720801353455,False,True
3101,318a4943910c16b3ff8fb79b2657c29ee14b27279ef9f7ed6da3f2ded1848820,humaneval,body_first,20,random,0.5,-2.4618546962738037,-0.1102922260761261,False,True
3101,318a4943910c16b3ff8fb79b2657c29ee14b27279ef9f7ed6da3f2ded1848820,humaneval,body_first,20,toward,1.0,-2.4691028594970703,-0.10972784459590912,False,True
3101,318a4943910c16b3ff8fb79b2657c29ee14b27279ef9f7ed6da3f2ded1848820,humaneval,body_first,20,away,1.0,-2.468895673751831,-0.10952058434486389,False,True
3101,318a4943910c16b3ff8fb79b2657c29ee14b27279ef9f7ed6da3f2ded1848820,humaneval,body_first,20,random,1.0,-2.4547696113586426,-0.11101964861154556,False,True
3101,318a4943910c16b3ff8fb79b2657c29ee14b27279ef9f7ed6da3f2ded1848820,humaneval,body_first,22,toward,0.5,-2.454580783843994,-0.11083079874515533,False,True
3101,318a4943910c16b3ff8fb79b2657c29ee14b27279ef9f7ed6da3f2ded1848820,humaneval,body_first,22,away,0.5,-2.4617648124694824,-0.11020233482122421,False,True
3101,318a4943910c16b3ff8fb79b2657c29ee14b27279ef9f7ed6da3f2ded1848820,humaneval,body_first,22,random,0.5,-2.4618570804595947,-0.11029468476772308,False,True
3101,318a4943910c16b3ff8fb79b2657c29ee14b27279ef9f7ed6da3f2ded1848820,humaneval,body_first,22,toward,1.0,-2.461869716644287,-0.11030728369951248,False,True
3101,318a4943910c16b3ff8fb79b2657c29ee14b27279ef9f7ed6da3f2ded1848820,humaneval,body_first,22,away,1.0,-2.454578399658203,-0.1108284518122673,False,True
3101,318a4943910c16b3ff8fb79b2657c29ee14b27279ef9f7ed6da3f2ded1848820,humaneval,body_first,22,random,1.0,-2.454577922821045,-0.11082791537046432,False,True
3101,318a4943910c16b3ff8fb79b2657c29ee14b27279ef9f7ed6da3f2ded1848820,humaneval,body_first,23,toward,0.5,-2.468855619430542,-0.10948052257299423,False,True
3101,318a4943910c16b3ff8fb79b2657c29ee14b27279ef9f7ed6da3f2ded1848820,humaneval,body_first,23,away,0.5,-2.468855619430542,-0.10948052257299423,False,True
3101,318a4943910c16b3ff8fb79b2657c29ee14b27279ef9f7ed6da3f2ded1848820,humaneval,body_first,23,random,0.5,-2.468855619430542,-0.10948052257299423,False,True
3101,318a4943910c16b3ff8fb79b2657c29ee14b27279ef9f7ed6da3f2ded1848820,humaneval,body_first,23,toward,1.0,-2.468855619430542,-0.10948052257299423,False,True
3101,318a4943910c16b3ff8fb79b2657c29ee14b27279ef9f7ed6da3f2ded1848820,humaneval,body_first,23,away,1.0,-2.468855619430542,-0.10948052257299423,False,True
3101,318a4943910c16b3ff8fb79b2657c29ee14b27279ef9f7ed6da3f2ded1848820,humaneval,body_first,23,random,1.0,-2.468855619430542,-0.10948052257299423,False,True
3101,318a4943910c16b3ff8fb79b2657c29ee14b27279ef9f7ed6da3f2ded1848820,humaneval,answer,0,toward,0.5,-2.5106871128082275,-0.10443713515996933,False,True
3101,318a4943910c16b3ff8fb79b2657c29ee14b27279ef9f7ed6da3f2ded1848820,humaneval,answer,0,away,0.5,-2.6100406646728516,-0.09441573172807693,False,True
3101,318a4943910c16b3ff8fb79b2657c29ee14b27279ef9f7ed6da3f2ded1848820,humaneval,answer,0,random,0.5,-2.278055191040039,-0.13743016123771667,False,True
3101,318a4943910c16b3ff8fb79b2657c29ee14b27279ef9f7ed6da3f2ded1848820,humaneval,answer,0,toward,1.0,-2.4695358276367188,-0.11016079783439636,False,True
3101,318a4943910c16b3ff8fb79b2657c29ee14b27279ef9f7ed6da3f2ded1848820,humaneval,answer,0,away,1.0,-2.6497321128845215,-0.08723222464323044,False,True
3101,318a4943910c16b3ff8fb79b2657c29ee14b27279ef9f7ed6da3f2ded1848820,humaneval,answer,0,random,1.0,-2.0280332565307617,-0.16865819692611694,False,True
3101,318a4943910c16b3ff8fb79b2657c29ee14b27279ef9f7ed6da3f2ded1848820,humaneval,answer,2,toward,0.5,-2.3255741596221924,-0.13026157021522522,False,True
3101,318a4943910c16b3ff8fb79b2657c29ee14b27279ef9f7ed6da3f2ded1848820,humaneval,answer,2,away,0.5,-2.7670726776123047,-0.0795726552605629,False,True
3101,318a4943910c16b3ff8fb79b2657c29ee14b27279ef9f7ed6da3f2ded1848820,humaneval,answer,2,random,0.5,-2.2411162853240967,-0.1395537555217743,False,True
3101,318a4943910c16b3ff8fb79b2657c29ee14b27279ef9f7ed6da3f2ded1848820,humaneval,answer,2,toward,1.0,-1.8475769758224487,-0.20695196092128754,False,True
3101,318a4943910c16b3ff8fb79b2657c29ee14b27279ef9f7ed6da3f2ded1848820,humaneval,answer,2,away,1.0,-3.1778512001037598,-0.05285121127963066,False,True
3101,318a4943910c16b3ff8fb79b2657c29ee14b27279ef9f7ed6da3f2ded1848820,humaneval,answer,2,random,1.0,-1.8399114608764648,-0.20709899067878723,False,True
3101,318a4943910c16b3ff8fb79b2657c29ee14b27279ef9f7ed6da3f2ded1848820,humaneval,answer,4,toward,0.5,-2.148991107940674,-0.14899098873138428,False,True
3101,318a4943910c16b3ff8fb79b2657c29ee14b27279ef9f7ed6da3f2ded1848820,humaneval,answer,4,away,0.5,-2.4931511878967285,-0.10252628475427628,False,True
3101,318a4943910c16b3ff8fb79b2657c29ee14b27279ef9f7ed6da3f2ded1848820,humaneval,answer,4,random,0.5,-2.866152286529541,-0.07708988338708878,False,True
3101,318a4943910c16b3ff8fb79b2657c29ee14b27279ef9f7ed6da3f2ded1848820,humaneval,answer,4,toward,1.0,-1.9360684156417847,-0.1860683709383011,False,True
3101,318a4943910c16b3ff8fb79b2657c29ee14b27279ef9f7ed6da3f2ded1848820,humaneval,answer,4,away,1.0,-1.7782557010650635,-0.21575568616390228,False,True
3101,318a4943910c16b3ff8fb79b2657c29ee14b27279ef9f7ed6da3f2ded1848820,humaneval,answer,4,random,1.0,-2.692600965499878,-0.09103838354349136,False,True
3101,318a4943910c16b3ff8fb79b2657c29ee14b27279ef9f7ed6da3f2ded1848820,humaneval,answer,6,toward,0.5,-2.008300542831421,-0.17236299812793732,False,True
3101,318a4943910c16b3ff8fb79b2657c29ee14b27279ef9f7ed6da3f2ded1848820,humaneval,answer,6,away,0.5,-2.6248230934143066,-0.09357300400733948,False,True
3101,318a4943910c16b3ff8fb79b2657c29ee14b27279ef9f7ed6da3f2ded1848820,humaneval,answer,6,random,0.5,-2.0332658290863037,-0.1738908439874649,False,True
3101,318a4943910c16b3ff8fb79b2657c29ee14b27279ef9f7ed6da3f2ded1848820,humaneval,answer,6,toward,1.0,-1.5959033966064453,-0.26777833700180054,False,True
3101,318a4943910c16b3ff8fb79b2657c29ee14b27279ef9f7ed6da3f2ded1848820,humaneval,answer,6,away,1.0,-2.564760446548462,-0.09601036459207535,False,True
3101,318a4943910c16b3ff8fb79b2657c29ee14b27279ef9f7ed6da3f2ded1848820,humaneval,answer,6,random,1.0,-1.5751879215240479,-0.29393789172172546,False,True
3101,318a4943910c16b3ff8fb79b2657c29ee14b27279ef9f7ed6da3f2ded1848820,humaneval,answer,8,toward,0.5,-2.2888450622558594,-0.14040762186050415,False,True
3101,318a4943910c16b3ff8fb79b2657c29ee14b27279ef9f7ed6da3f2ded1848820,humaneval,answer,8,away,0.5,-2.6950066089630127,-0.08563151210546494,False,True
3101,318a4943910c16b3ff8fb79b2657c29ee14b27279ef9f7ed6da3f2ded1848820,humaneval,answer,8,random,0.5,-2.508345603942871,-0.1020956039428711,False,True
3101,318a4943910c16b3ff8fb79b2657c29ee14b27279ef9f7ed6da3f2ded1848820,humaneval,answer,8,toward,1.0,-1.9312933683395386,-0.23598089814186096,False,True
3101,318a4943910c16b3ff8fb79b2657c29ee14b27279ef9f7ed6da3f2ded1848820,humaneval,answer,8,away,1.0,-2.373516321182251,-0.1235162690281868,False,True
3101,318a4943910c16b3ff8fb79b2657c29ee14b27279ef9f7ed6da3f2ded1848820,humaneval,answer,8,random,1.0,-2.23867130279541,-0.1292962282896042,False,True
3101,318a4943910c16b3ff8fb79b2657c29ee14b27279ef9f7ed6da3f2ded1848820,humaneval,answer,10,toward,0.5,-1.8699673414230347,-0.20785798132419586,False,True
3101,318a4943910c16b3ff8fb79b2657c29ee14b27279ef9f7ed6da3f2ded1848820,humaneval,answer,10,away,0.5,-2.5298919677734375,-0.10801703482866287,False,True
3101,318a4943910c16b3ff8fb79b2657c29ee14b27279ef9f7ed6da3f2ded1848820,humaneval,answer,10,random,0.5,-2.2155816555023193,-0.14917533099651337,False,True
3101,318a4943910c16b3ff8fb79b2657c29ee14b27279ef9f7ed6da3f2ded1848820,humaneval,answer,10,toward,1.0,-1.3878493309020996,-0.4698806405067444,False,True
3101,318a4943910c16b3ff8fb79b2657c29ee14b27279ef9f7ed6da3f2ded1848820,humaneval,answer,10,away,1.0,-1.3796770572662354,-0.36405205726623535,False,True
3101,318a4943910c16b3ff8fb79b2657c29ee14b27279ef9f7ed6da3f2ded1848820,humaneval,answer,10,random,1.0,-2.0262510776519775,-0.2215636819601059,False,True
3101,318a4943910c16b3ff8fb79b2657c29ee14b27279ef9f7ed6da3f2ded1848820,humaneval,answer,12,toward,0.5,-2.006667375564575,-0.17854247987270355,False,True
3101,318a4943910c16b3ff8fb79b2657c29ee14b27279ef9f7ed6da3f2ded1848820,humaneval,answer,12,away,0.5,-2.7336812019348145,-0.09305623173713684,False,True
3101,318a4943910c16b3ff8fb79b2657c29ee14b27279ef9f7ed6da3f2ded1848820,humaneval,answer,12,random,0.5,-2.5594422817230225,-0.10631722211837769,False,True
3101,318a4943910c16b3ff8fb79b2657c29ee14b27279ef9f7ed6da3f2ded1848820,humaneval,answer,12,toward,1.0,-1.6026486158370972,-0.29014864563941956,False,True
3101,318a4943910c16b3ff8fb79b2657c29ee14b27279ef9f7ed6da3f2ded1848820,humaneval,answer,12,away,1.0,-2.1447105407714844,-0.22283565998077393,False,True
3101,318a4943910c16b3ff8fb79b2657c29ee14b27279ef9f7ed6da3f2ded1848820,humaneval,answer,12,random,1.0,-1.9740326404571533,-0.2084076702594757,False,True
3101,318a4943910c16b3ff8fb79b2657c29ee14b27279ef9f7ed6da3f2ded1848820,humaneval,answer,14,toward,0.5,-2.207278251647949,-0.14673133194446564,False,True
3101,318a4943910c16b3ff8fb79b2657c29ee14b27279ef9f7ed6da3f2ded1848820,humaneval,answer,14,away,0.5,-2.3942086696624756,-0.12858356535434723,False,True
3101,318a4943910c16b3ff8fb79b2657c29ee14b27279ef9f7ed6da3f2ded1848820,humaneval,answer,14,random,0.5,-2.0429744720458984,-0.22266192734241486,False,True
3101,318a4943910c16b3ff8fb79b2657c29ee14b27279ef9f7ed6da3f2ded1848820,humaneval,answer,14,toward,1.0,-1.9921609163284302,-0.19528594613075256,False,True
3101,318a4943910c16b3ff8fb79b2657c29ee14b27279ef9f7ed6da3f2ded1848820,humaneval,answer,14,away,1.0,-1.9417870044708252,-0.2620995342731476,False,True
3101,318a4943910c16b3ff8fb79b2657c29ee14b27279ef9f7ed6da3f2ded1848820,humaneval,answer,14,random,1.0,-1.7028768062591553,-0.5622518062591553,False,True
3101,318a4943910c16b3ff8fb79b2657c29ee14b27279ef9f7ed6da3f2ded1848820,humaneval,answer,16,toward,0.5,-2.7394556999206543,-0.09101824462413788,False,True
3101,318a4943910c16b3ff8fb79b2657c29ee14b27279ef9f7ed6da3f2ded1848820,humaneval,answer,16,away,0.5,-1.9305732250213623,-0.19619818031787872,False,True
3101,318a4943910c16b3ff8fb79b2657c29ee14b27279ef9f7ed6da3f2ded1848820,humaneval,answer,16,random,0.5,-2.684762477874756,-0.09882491827011108,False,True
3101,318a4943910c16b3ff8fb79b2657c29ee14b27279ef9f7ed6da3f2ded1848820,humaneval,answer,16,toward,1.0,-2.7488608360290527,-0.10042332112789154,False,True
3101,318a4943910c16b3ff8fb79b2657c29ee14b27279ef9f7ed6da3f2ded1848820,humaneval,answer,16,away,1.0,-1.2807337045669556,-0.5893274545669556,False,True
3101,318a4943910c16b3ff8fb79b2657c29ee14b27279ef9f7ed6da3f2ded1848820,humaneval,answer,16,random,1.0,-2.7349371910095215,-0.1177496537566185,False,True
3101,318a4943910c16b3ff8fb79b2657c29ee14b27279ef9f7ed6da3f2ded1848820,humaneval,answer,18,toward,0.5,-2.268043041229248,-0.15085555613040924,False,True
3101,318a4943910c16b3ff8fb79b2657c29ee14b27279ef9f7ed6da3f2ded1848820,humaneval,answer,18,away,0.5,-2.627993583679199,-0.08893105387687683,False,True
3101,318a4943910c16b3ff8fb79b2657c29ee14b27279ef9f7ed6da3f2ded1848820,humaneval,answer,18,random,0.5,-2.8004043102264404,-0.09727933257818222,False,True
3101,318a4943910c16b3ff8fb79b2657c29ee14b27279ef9f7ed6da3f2ded1848820,humaneval,answer,18,toward,1.0,-2.287538766860962,-0.1781637817621231,False,True
3101,318a4943910c16b3ff8fb79b2657c29ee14b27279ef9f7ed6da3f2ded1848820,humaneval,answer,18,away,1.0,-2.2225236892700195,-0.14049245417118073,False,True
3101,318a4943910c16b3ff8fb79b2657c29ee14b27279ef9f7ed6da3f2ded1848820,humaneval,answer,18,random,1.0,-3.225847005844116,-0.09303440153598785,False,True
3101,318a4943910c16b3ff8fb79b2657c29ee14b27279ef9f7ed6da3f2ded1848820,humaneval,answer,20,toward,0.5,-1.9842177629470825,-0.1873427778482437,False,True
3101,318a4943910c16b3ff8fb79b2657c29ee14b27279ef9f7ed6da3f2ded1848820,humaneval,answer,20,away,0.5,-3.0184273719787598,-0.06530237197875977,False,True
3101,318a4943910c16b3ff8fb79b2657c29ee14b27279ef9f7ed6da3f2ded1848820,humaneval,answer,20,random,0.5,-2.665661334991455,-0.08753622323274612,False,True
3101,318a4943910c16b3ff8fb79b2657c29ee14b27279ef9f7ed6da3f2ded1848820,humaneval,answer,20,toward,1.0,-1.7109508514404297,-0.27345091104507446,False,True
3101,318a4943910c16b3ff8fb79b2657c29ee14b27279ef9f7ed6da3f2ded1848820,humaneval,answer,20,away,1.0,-3.0802884101867676,-0.0685696229338646,False,True
3101,318a4943910c16b3ff8fb79b2657c29ee14b27279ef9f7ed6da3f2ded1848820,humaneval,answer,20,random,1.0,-2.775092840194702,-0.07978037744760513,False,True
3101,318a4943910c16b3ff8fb79b2657c29ee14b27279ef9f7ed6da3f2ded1848820,humaneval,answer,22,toward,0.5,-2.019646406173706,-0.19152145087718964,False,True
3101,318a4943910c16b3ff8fb79b2657c29ee14b27279ef9f7ed6da3f2ded1848820,humaneval,answer,22,away,0.5,-3.1609926223754883,-0.05161762237548828,False,True
3101,318a4943910c16b3ff8fb79b2657c29ee14b27279ef9f7ed6da3f2ded1848820,humaneval,answer,22,random,0.5,-2.894406318664551,-0.06628138571977615,False,True
3101,318a4943910c16b3ff8fb79b2657c29ee14b27279ef9f7ed6da3f2ded1848820,humaneval,answer,22,toward,1.0,-1.7153674364089966,-0.4184924364089966,False,True
3101,318a4943910c16b3ff8fb79b2657c29ee14b27279ef9f7ed6da3f2ded1848820,humaneval,answer,22,away,1.0,-3.7012197971343994,-0.029344869777560234,False,True
3101,318a4943910c16b3ff8fb79b2657c29ee14b27279ef9f7ed6da3f2ded1848820,humaneval,answer,22,random,1.0,-3.3521392345428467,-0.03963931277394295,False,True
3101,318a4943910c16b3ff8fb79b2657c29ee14b27279ef9f7ed6da3f2ded1848820,humaneval,answer,23,toward,0.5,-1.9134395122528076,-0.44468945264816284,False,True
3101,318a4943910c16b3ff8fb79b2657c29ee14b27279ef9f7ed6da3f2ded1848820,humaneval,answer,23,away,0.5,-3.712880849838257,-0.025380859151482582,False,True
3101,318a4943910c16b3ff8fb79b2657c29ee14b27279ef9f7ed6da3f2ded1848820,humaneval,answer,23,random,0.5,-2.855478525161743,-0.0820409283041954,False,True
3101,318a4943910c16b3ff8fb79b2657c29ee14b27279ef9f7ed6da3f2ded1848820,humaneval,answer,23,toward,1.0,-2.554384469985962,-1.570009469985962,False,True
3101,318a4943910c16b3ff8fb79b2657c29ee14b27279ef9f7ed6da3f2ded1848820,humaneval,answer,23,away,1.0,-4.049180507659912,-0.01793055795133114,False,True
3101,318a4943910c16b3ff8fb79b2657c29ee14b27279ef9f7ed6da3f2ded1848820,humaneval,answer,23,random,1.0,-3.009883403778076,-0.28332099318504333,False,True
3104,318a4943910c16b3ff8fb79b2657c29ee14b27279ef9f7ed6da3f2ded1848820,humaneval,baseline,-1,none,0.0,-2.103325843811035,-0.1580132246017456,False,True
3104,318a4943910c16b3ff8fb79b2657c29ee14b27279ef9f7ed6da3f2ded1848820,humaneval,if,0,toward,0.5,-2.042649745941162,-0.16764970123767853,False,True
3104,318a4943910c16b3ff8fb79b2657c29ee14b27279ef9f7ed6da3f2ded1848820,humaneval,if,0,away,0.5,-2.076021194458008,-0.16195857524871826,False,True
3104,318a4943910c16b3ff8fb79b2657c29ee14b27279ef9f7ed6da3f2ded1848820,humaneval,if,0,random,0.5,-2.0094103813171387,-0.17347300052642822,False,True
3104,318a4943910c16b3ff8fb79b2657c29ee14b27279ef9f7ed6da3f2ded1848820,humaneval,if,0,toward,1.0,-1.6597062349319458,-0.2534562349319458,False,True
3104,318a4943910c16b3ff8fb79b2657c29ee14b27279ef9f7ed6da3f2ded1848820,humaneval,if,0,away,1.0,-1.8054872751235962,-0.219549760222435,False,True
3104,318a4943910c16b3ff8fb79b2657c29ee14b27279ef9f7ed6da3f2ded1848820,humaneval,if,0,random,1.0,-1.5475753545761108,-0.28976285457611084,False,True
3104,318a4943910c16b3ff8fb79b2657c29ee14b27279ef9f7ed6da3f2ded1848820,humaneval,if,2,toward,0.5,-2.143282175064087,-0.1510947048664093,False,True
3104,318a4943910c16b3ff8fb79b2657c29ee14b27279ef9f7ed6da3f2ded1848820,humaneval,if,2,away,0.5,-2.049516201019287,-0.16670365631580353,False,True
3104,318a4943910c16b3ff8fb79b2657c29ee14b27279ef9f7ed6da3f2ded1848820,humaneval,if,2,random,0.5,-2.0826852321624756,-0.16081024706363678,False,True
3104,318a4943910c16b3ff8fb79b2657c29ee14b27279ef9f7ed6da3f2ded1848820,humaneval,if,2,toward,1.0,-2.204437255859375,-0.141937255859375,False,True
3104,318a4943910c16b3ff8fb79b2657c29ee14b27279ef9f7ed6da3f2ded1848820,humaneval,if,2,away,1.0,-1.7284870147705078,-0.23629945516586304,False,True
3104,318a4943910c16b3ff8fb79b2657c29ee14b27279ef9f7ed6da3f2ded1848820,humaneval,if,2,random,1.0,-1.8901084661483765,-0.19479601085186005,False,True
3104,318a4943910c16b3ff8fb79b2657c29ee14b27279ef9f7ed6da3f2ded1848820,humaneval,if,4,toward,0.5,-2.1240668296813965,-0.15531675517559052,False,True
3104,318a4943910c16b3ff8fb79b2657c29ee14b27279ef9f7ed6da3f2ded1848820,humaneval,if,4,away,0.5,-2.04899263381958,-0.16618002951145172,False,True
3104,318a4943910c16b3ff8fb79b2657c29ee14b27279ef9f7ed6da3f2ded1848820,humaneval,if,4,random,0.5,-2.0829551219940186,-0.16108009219169617,False,True
3104,318a4943910c16b3ff8fb79b2657c29ee14b27279ef9f7ed6da3f2ded1848820,humaneval,if,4,toward,1.0,-2.1521754264831543,-0.15217530727386475,False,True
3104,318a4943910c16b3ff8fb79b2657c29ee14b27279ef9f7ed6da3f2ded1848820,humaneval,if,4,away,1.0,-1.8993144035339355,-0.19618937373161316,False,True
3104,318a4943910c16b3ff8fb79b2657c29ee14b27279ef9f7ed6da3f2ded1848820,humaneval,if,4,random,1.0,-2.055981159210205,-0.16535617411136627,False,True
3104,318a4943910c16b3ff8fb79b2657c29ee14b27279ef9f7ed6da3f2ded1848820,humaneval,if,6,toward,0.5,-2.1444056034088135,-0.15221810340881348,False,True
3104,318a4943910c16b3ff8fb79b2657c29ee14b27279ef9f7ed6da3f2ded1848820,humaneval,if,6,away,0.5,-2.042293071746826,-0.16729296743869781,False,True
3104,318a4943910c16b3ff8fb79b2657c29ee14b27279ef9f7ed6da3f2ded1848820,humaneval,if,6,random,0.5,-2.0630388259887695,-0.1646014153957367,False,True
3104,318a4943910c16b3ff8fb79b2657c29ee14b27279ef9f7ed6da3f2ded1848820,humaneval,if,6,toward,1.0,-2.186786413192749,-0.1477240025997162,False,True
3104,318a4943910c16b3ff8fb79b2657c29ee14b27279ef9f7ed6da3f2ded1848820,humaneval,if,6,away,1.0,-1.9821794033050537,-0.1774919182062149,False,True
3104,318a4943910c16b3ff8fb79b2657c29ee14b27279ef9f7ed6da3f2ded1848820,humaneval,if,6,random,1.0,-2.022726535797119,-0.17116397619247437,False,True
3104,318a4943910c16b3ff8fb79b2657c29ee14b27279ef9f7ed6da3f2ded1848820,humaneval,if,8,toward,0.5,-2.0968821048736572,-0.15938211977481842,False,True
3104,318a4943910c16b3ff8fb79b2657c29ee14b27279ef9f7ed6da3f2ded1848820,humaneval,if,8,away,0.5,-2.076146125793457,-0.1620836704969406,False,True
3104,318a4943910c16b3ff8fb79b2657c29ee14b27279ef9f7ed6da3f2ded1848820,humaneval,if,8,random,0.5,-2.0901572704315186,-0.16046974062919617,False,True
3104,318a4943910c16b3ff8fb79b2657c29ee14b27279ef9f7ed6da3f2ded1848820,humaneval,if,8,toward,1.0,-2.0968737602233887,-0.15937387943267822,False,True
3104,318a4943910c16b3ff8fb79b2657c29ee14b27279ef9f7ed6da3f2ded1848820,humaneval,if,8,away,1.0,-2.0166866779327393,-0.17293675243854523,False,True
3104,318a4943910c16b3ff8fb79b2657c29ee14b27279ef9f7ed6da3f2ded1848820,humaneval,if,8,random,1.0,-2.0973243713378906,-0.15982438623905182,False,True
3104,318a4943910c16b3ff8fb79b2657c29ee14b27279ef9f7ed6da3f2ded1848820,humaneval,if,10,toward,0.5,-2.076226234436035,-0.1621638536453247,False,True
3104,318a4943910c16b3ff8fb79b2657c29ee14b27279ef9f7ed6da3f2ded1848820,humaneval,if,10,away,0.5,-2.0966813564300537,-0.15918144583702087,False,True
3104,318a4943910c16b3ff8fb79b2657c29ee14b27279ef9f7ed6da3f2ded1848820,humaneval,if,10,random,0.5,-2.1032402515411377,-0.1579277217388153,False,True
3104,318a4943910c16b3ff8fb79b2657c29ee14b27279ef9f7ed6da3f2ded1848820,humaneval,if,10,toward,1.0,-1.969184160232544,-0.18012166023254395,False,True
3104,318a4943910c16b3ff8fb79b2657c29ee14b27279ef9f7ed6da3f2ded1848820,humaneval,if,10,away,1.0,-2.076899290084839,-0.16283679008483887,False,True
3104,318a4943910c16b3ff8fb79b2657c29ee14b27279ef9f7ed6da3f2ded1848820,humaneval,if,10,random,1.0,-2.1166024208068848,-0.15566492080688477,False,True
3104,318a4943910c16b3ff8fb79b2657c29ee14b27279ef9f7ed6da3f2ded1848820,humaneval,if,12,toward,0.5,-2.1033053398132324,-0.15799276530742645,False,True
3104,318a4943910c16b3ff8fb79b2657c29ee14b27279ef9f7ed6da3f2ded1848820,humaneval,if,12,away,0.5,-2.096750259399414,-0.1592503786087036,False,True
3104,318a4943910c16b3ff8fb79b2657c29ee14b27279ef9f7ed6da3f2ded1848820,humaneval,if,12,random,0.5,-2.109800100326538,-0.15667517483234406,False,True
3104,318a4943910c16b3ff8fb79b2657c29ee14b27279ef9f7ed6da3f2ded1848820,humaneval,if,12,toward,1.0,-2.090094804763794,-0.1604074090719223,False,True
3104,318a4943910c16b3ff8fb79b2657c29ee14b27279ef9f7ed6da3f2ded1848820,humaneval,if,12,away,1.0,-2.0837786197662354,-0.161903515458107,False,True
3104,318a4943910c16b3ff8fb79b2657c29ee14b27279ef9f7ed6da3f2ded1848820,humaneval,if,12,random,1.0,-2.096769332885742,-0.1592692732810974,False,True
3104,318a4943910c16b3ff8fb79b2657c29ee14b27279ef9f7ed6da3f2ded1848820,humaneval,if,14,toward,0.5,-2.0895814895629883,-0.15989387035369873,False,True
3104,318a4943910c16b3ff8fb79b2657c29ee14b27279ef9f7ed6da3f2ded1848820,humaneval,if,14,away,0.5,-2.09659743309021,-0.15909746289253235,False,True
3104,318a4943910c16b3ff8fb79b2657c29ee14b27279ef9f7ed6da3f2ded1848820,humaneval,if,14,random,0.5,-2.103259325027466,-0.15794675052165985,False,True
3104,318a4943910c16b3ff8fb79b2657c29ee14b27279ef9f7ed6da3f2ded1848820,humaneval,if,14,toward,1.0,-2.062708854675293,-0.16427141427993774,False,True
3104,318a4943910c16b3ff8fb79b2657c29ee14b27279ef9f7ed6da3f2ded1848820,humaneval,if,14,away,1.0,-2.0831985473632812,-0.16132360696792603,False,True
3104,318a4943910c16b3ff8fb79b2657c29ee14b27279ef9f7ed6da3f2ded1848820,humaneval,if,14,random,1.0,-2.0833425521850586,-0.16146744787693024,False,True
3104,318a4943910c16b3ff8fb79b2657c29ee14b27279ef9f7ed6da3f2ded1848820,humaneval,if,16,toward,0.5,-2.0965685844421387,-0.15906858444213867,False,True
3104,318a4943910c16b3ff8fb79b2657c29ee14b27279ef9f7ed6da3f2ded1848820,humaneval,if,16,away,0.5,-2.103334903717041,-0.15802238881587982,False,True
3104,318a4943910c16b3ff8fb79b2657c29ee14b27279ef9f7ed6da3f2ded1848820,humaneval,if,16,random,0.5,-2.096583843231201,-0.15908394753932953,False,True
3104,318a4943910c16b3ff8fb79b2657c29ee14b27279ef9f7ed6da3f2ded1848820,humaneval,if,16,toward,1.0,-2.0764148235321045,-0.1623522788286209,False,True
3104,318a4943910c16b3ff8fb79b2657c29ee14b27279ef9f7ed6da3f2ded1848820,humaneval,if,16,away,1.0,-2.0899577140808105,-0.1602701097726822,False,True
3104,318a4943910c16b3ff8fb79b2657c29ee14b27279ef9f7ed6da3f2ded1848820,humaneval,if,16,random,1.0,-2.096764326095581,-0.15926429629325867,False,True
3104,318a4943910c16b3ff8fb79b2657c29ee14b27279ef9f7ed6da3f2ded1848820,humaneval,if,18,toward,0.5,-2.103239059448242,-0.1579264998435974,False,True
3104,318a4943910c16b3ff8fb79b2657c29ee14b27279ef9f7ed6da3f2ded1848820,humaneval,if,18,away,0.5,-2.096595525741577,-0.1590956300497055,False,True
3104,318a4943910c16b3ff8fb79b2657c29ee14b27279ef9f7ed6da3f2ded1848820,humaneval,if,18,random,0.5,-2.103273868560791,-0.1579614132642746,False,True
3104,318a4943910c16b3ff8fb79b2657c29ee14b27279ef9f7ed6da3f2ded1848820,humaneval,if,18,toward,1.0,-2.1033530235290527,-0.15804049372673035,False,True
3104,318a4943910c16b3ff8fb79b2657c29ee14b27279ef9f7ed6da3f2ded1848820,humaneval,if,18,away,1.0,-2.096592903137207,-0.1590929925441742,False,True
3104,318a4943910c16b3ff8fb79b2657c29ee14b27279ef9f7ed6da3f2ded1848820,humaneval,if,18,random,1.0,-2.0897374153137207,-0.16005000472068787,False,True
3104,318a4943910c16b3ff8fb79b2657c29ee14b27279ef9f7ed6da3f2ded1848820,humaneval,if,20,toward,0.5,-2.103148937225342,-0.15783651173114777,False,True
3104,318a4943910c16b3ff8fb79b2657c29ee14b27279ef9f7ed6da3f2ded1848820,humaneval,if,20,away,0.5,-2.103261947631836,-0.15794940292835236,False,True
3104,318a4943910c16b3ff8fb79b2657c29ee14b27279ef9f7ed6da3f2ded1848820,humaneval,if,20,random,0.5,-2.0965754985809326,-0.15907560288906097,False,True
3104,318a4943910c16b3ff8fb79b2657c29ee14b27279ef9f7ed6da3f2ded1848820,humaneval,if,20,toward,1.0,-2.1032137870788574,-0.15790125727653503,False,True
3104,318a4943910c16b3ff8fb79b2657c29ee14b27279ef9f7ed6da3f2ded1848820,humaneval,if,20,away,1.0,-2.096491813659668,-0.15899181365966797,False,True
3104,318a4943910c16b3ff8fb79b2657c29ee14b27279ef9f7ed6da3f2ded1848820,humaneval,if,20,random,1.0,-2.089966058731079,-0.16027863323688507,False,True
3104,318a4943910c16b3ff8fb79b2657c29ee14b27279ef9f7ed6da3f2ded1848820,humaneval,if,22,toward,0.5,-2.1033289432525635,-0.1580163836479187,False,True
3104,318a4943910c16b3ff8fb79b2657c29ee14b27279ef9f7ed6da3f2ded1848820,humaneval,if,22,away,0.5,-2.103248119354248,-0.15793555974960327,False,True
3104,318a4943910c16b3ff8fb79b2657c29ee14b27279ef9f7ed6da3f2ded1848820,humaneval,if,22,random,0.5,-2.096597194671631,-0.15909725427627563,False,True
3104,318a4943910c16b3ff8fb79b2657c29ee14b27279ef9f7ed6da3f2ded1848820,humaneval,if,22,toward,1.0,-2.103339672088623,-0.1580270677804947,False,True
3104,318a4943910c16b3ff8fb79b2657c29ee14b27279ef9f7ed6da3f2ded1848820,humaneval,if,22,away,1.0,-2.0965588092803955,-0.15905871987342834,False,True
3104,318a4943910c16b3ff8fb79b2657c29ee14b27279ef9f7ed6da3f2ded1848820,humaneval,if,22,random,1.0,-2.096933364868164,-0.15943334996700287,False,True
3104,318a4943910c16b3ff8fb79b2657c29ee14b27279ef9f7ed6da3f2ded1848820,humaneval,if,23,toward,0.5,-2.103325843811035,-0.1580132246017456,False,True
3104,318a4943910c16b3ff8fb79b2657c29ee14b27279ef9f7ed6da3f2ded1848820,humaneval,if,23,away,0.5,-2.103325843811035,-0.1580132246017456,False,True
3104,318a4943910c16b3ff8fb79b2657c29ee14b27279ef9f7ed6da3f2ded1848820,humaneval,if,23,random,0.5,-2.103325843811035,-0.1580132246017456,False,True
3104,318a4943910c16b3ff8fb79b2657c29ee14b27279ef9f7ed6da3f2ded1848820,humaneval,if,23,toward,1.0,-2.103325843811035,-0.1580132246017456,False,True
3104,318a4943910c16b3ff8fb79b2657c29ee14b27279ef9f7ed6da3f2ded1848820,humaneval,if,23,away,1.0,-2.103325843811035,-0.1580132246017456,False,True
3104,318a4943910c16b3ff8fb79b2657c29ee14b27279ef9f7ed6da3f2ded1848820,humaneval,if,23,random,1.0,-2.103325843811035,-0.1580132246017456,False,True
3104,318a4943910c16b3ff8fb79b2657c29ee14b27279ef9f7ed6da3f2ded1848820,humaneval,body_first,0,toward,0.5,-2.082767963409424,-0.16089285910129547,False,True
3104,318a4943910c16b3ff8fb79b2657c29ee14b27279ef9f7ed6da3f2ded1848820,humaneval,body_first,0,away,0.5,-2.0759706497192383,-0.16190817952156067,False,True
3104,318a4943910c16b3ff8fb79b2657c29ee14b27279ef9f7ed6da3f2ded1848820,humaneval,body_first,0,random,0.5,-2.1644349098205566,-0.1488099992275238,False,True
3104,318a4943910c16b3ff8fb79b2657c29ee14b27279ef9f7ed6da3f2ded1848820,humaneval,body_first,0,toward,1.0,-1.9423202276229858,-0.18450768291950226,False,True
3104,318a4943910c16b3ff8fb79b2657c29ee14b27279ef9f7ed6da3f2ded1848820,humaneval,body_first,0,away,1.0,-1.96225905418396,-0.18100903928279877,False,True
3104,318a4943910c16b3ff8fb79b2657c29ee14b27279ef9f7ed6da3f2ded1848820,humaneval,body_first,0,random,1.0,-2.089359760284424,-0.15967237949371338,False,True
3104,318a4943910c16b3ff8fb79b2657c29ee14b27279ef9f7ed6da3f2ded1848820,humaneval,body_first,2,toward,0.5,-2.015909433364868,-0.17215940356254578,False,True
3104,318a4943910c16b3ff8fb79b2657c29ee14b27279ef9f7ed6da3f2ded1848820,humaneval,body_first,2,away,0.5,-2.1503970623016357,-0.15039710700511932,False,True
3104,318a4943910c16b3ff8fb79b2657c29ee14b27279ef9f7ed6da3f2ded1848820,humaneval,body_first,2,random,0.5,-2.116804599761963,-0.15586721897125244,False,True
3104,318a4943910c16b3ff8fb79b2657c29ee14b27279ef9f7ed6da3f2ded1848820,humaneval,body_first,2,toward,1.0,-1.9367859363555908,-0.18678593635559082,False,True
3104,318a4943910c16b3ff8fb79b2657c29ee14b27279ef9f7ed6da3f2ded1848820,humaneval,body_first,2,away,1.0,-2.1779463291168213,-0.1466963291168213,False,True
3104,318a4943910c16b3ff8fb79b2657c29ee14b27279ef9f7ed6da3f2ded1848820,humaneval,body_first,2,random,1.0,-2.097325086593628,-0.1598251909017563,False,True
3104,318a4943910c16b3ff8fb79b2657c29ee14b27279ef9f7ed6da3f2ded1848820,humaneval,body_first,4,toward,0.5,-2.1309080123901367,-0.1543455868959427,False,True
3104,318a4943910c16b3ff8fb79b2657c29ee14b27279ef9f7ed6da3f2ded1848820,humaneval,body_first,4,away,0.5,-2.089725971221924,-0.16003842651844025,False,True
3104,318a4943910c16b3ff8fb79b2657c29ee14b27279ef9f7ed6da3f2ded1848820,humaneval,body_first,4,random,0.5,-2.110640048980713,-0.15751506388187408,False,True
3104,318a4943910c16b3ff8fb79b2657c29ee14b27279ef9f7ed6da3f2ded1848820,humaneval,body_first,4,toward,1.0,-2.112656354904175,-0.15953132510185242,False,True
3104,318a4943910c16b3ff8fb79b2657c29ee14b27279ef9f7ed6da3f2ded1848820,humaneval,body_first,4,away,1.0,-2.0896525382995605,-0.15996499359607697,False,True
3104,318a4943910c16b3ff8fb79b2657c29ee14b27279ef9f7ed6da3f2ded1848820,humaneval,body_first,4,random,1.0,-2.084728956222534,-0.1628539115190506,False,True
3104,318a4943910c16b3ff8fb79b2657c29ee14b27279ef9f7ed6da3f2ded1848820,humaneval,body_first,6,toward,0.5,-2.069366216659546,-0.16311632096767426,False,True
3104,318a4943910c16b3ff8fb79b2657c29ee14b27279ef9f7ed6da3f2ded1848820,humaneval,body_first,6,away,0.5,-2.123957633972168,-0.15520775318145752,False,True
3104,318a4943910c16b3ff8fb79b2657c29ee14b27279ef9f7ed6da3f2ded1848820,humaneval,body_first,6,random,0.5,-2.0827808380126953,-0.1609058529138565,False,True
3104,318a4943910c16b3ff8fb79b2657c29ee14b27279ef9f7ed6da3f2ded1848820,humaneval,body_first,6,toward,1.0,-2.009457588195801,-0.17352020740509033,False,True
3104,318a4943910c16b3ff8fb79b2657c29ee14b27279ef9f7ed6da3f2ded1848820,humaneval,body_first,6,away,1.0,-2.097013473510742,-0.1595134288072586,False,True
3104,318a4943910c16b3ff8fb79b2657c29ee14b27279ef9f7ed6da3f2ded1848820,humaneval,body_first,6,random,1.0,-2.062380313873291,-0.1639428287744522,False,True
3104,318a4943910c16b3ff8fb79b2657c29ee14b27279ef9f7ed6da3f2ded1848820,humaneval,body_first,8,toward,0.5,-2.1028151512145996,-0.15750274062156677,False,True
3104,318a4943910c16b3ff8fb79b2657c29ee14b27279ef9f7ed6da3f2ded1848820,humaneval,body_first,8,away,0.5,-2.1172032356262207,-0.1562657654285431,False,True
3104,318a4943910c16b3ff8fb79b2657c29ee14b27279ef9f7ed6da3f2ded1848820,humaneval,body_first,8,random,0.5,-2.1098337173461914,-0.1567087024450302,False,True
3104,318a4943910c16b3ff8fb79b2657c29ee14b27279ef9f7ed6da3f2ded1848820,humaneval,body_first,8,toward,1.0,-2.129366636276245,-0.15280424058437347,False,True
3104,318a4943910c16b3ff8fb79b2657c29ee14b27279ef9f7ed6da3f2ded1848820,humaneval,body_first,8,away,1.0,-2.130523920059204,-0.1539613902568817,False,True
3104,318a4943910c16b3ff8fb79b2657c29ee14b27279ef9f7ed6da3f2ded1848820,humaneval,body_first,8,random,1.0,-2.123727560043335,-0.15497764945030212,False,True
3104,318a4943910c16b3ff8fb79b2657c29ee14b27279ef9f7ed6da3f2ded1848820,humaneval,body_first,10,toward,0.5,-2.123243808746338,-0.1544938087463379,False,True
3104,318a4943910c16b3ff8fb79b2657c29ee14b27279ef9f7ed6da3f2ded1848820,humaneval,body_first,10,away,0.5,-2.1102232933044434,-0.15709836781024933,False,True
3104,318a4943910c16b3ff8fb79b2657c29ee14b27279ef9f7ed6da3f2ded1848820,humaneval,body_first,10,random,0.5,-2.1029038429260254,-0.1575913280248642,False,True
3104,318a4943910c16b3ff8fb79b2657c29ee14b27279ef9f7ed6da3f2ded1848820,humaneval,body_first,10,toward,1.0,-2.177269458770752,-0.14601954817771912,False,True
3104,318a4943910c16b3ff8fb79b2657c29ee14b27279ef9f7ed6da3f2ded1848820,humaneval,body_first,10,away,1.0,-2.1237828731536865,-0.15503278374671936,False,True
3104,318a4943910c16b3ff8fb79b2657c29ee14b27279ef9f7ed6da3f2ded1848820,humaneval,body_first,10,random,1.0,-2.1500232219696045,-0.1500231921672821,False,True
3104,318a4943910c16b3ff8fb79b2657c29ee14b27279ef9f7ed6da3f2ded1848820,humaneval,body_first,12,toward,0.5,-2.143610715866089,-0.1514231264591217,False,True
3104,318a4943910c16b3ff8fb79b2657c29ee14b27279ef9f7ed6da3f2ded1848820,humaneval,body_first,12,away,0.5,-2.0835390090942383,-0.16166411340236664,False,True
3104,318a4943910c16b3ff8fb79b2657c29ee14b27279ef9f7ed6da3f2ded1848820,humaneval,body_first,12,random,0.5,-2.1029202938079834,-0.1576078236103058,False,True
3104,318a4943910c16b3ff8fb79b2657c29ee14b27279ef9f7ed6da3f2ded1848820,humaneval,body_first,12,toward,1.0,-2.149956226348877,-0.14995618164539337,False,True
3104,318a4943910c16b3ff8fb79b2657c29ee14b27279ef9f7ed6da3f2ded1848820,humaneval,body_first,12,away,1.0,-2.0636417865753174,-0.16520430147647858,False,True
3104,318a4943910c16b3ff8fb79b2657c29ee14b27279ef9f7ed6da3f2ded1848820,humaneval,body_first,12,random,1.0,-2.1230480670928955,-0.1542980819940567,False,True
3104,318a4943910c16b3ff8fb79b2657c29ee14b27279ef9f7ed6da3f2ded1848820,humaneval,body_first,14,toward,0.5,-2.109473705291748,-0.15634866058826447,False,True
3104,318a4943910c16b3ff8fb79b2657c29ee14b27279ef9f7ed6da3f2ded1848820,humaneval,body_first,14,away,0.5,-2.0834293365478516,-0.16155436635017395,False,True
3104,318a4943910c16b3ff8fb79b2657c29ee14b27279ef9f7ed6da3f2ded1848820,humaneval,body_first,14,random,0.5,-2.1164793968200684,-0.15554186701774597,False,True
3104,318a4943910c16b3ff8fb79b2657c29ee14b27279ef9f7ed6da3f2ded1848820,humaneval,body_first,14,toward,1.0,-2.1022021770477295,-0.15688958764076233,False,True
3104,318a4943910c16b3ff8fb79b2657c29ee14b27279ef9f7ed6da3f2ded1848820,humaneval,body_first,14,away,1.0,-2.0636701583862305,-0.16523270308971405,False,True
3104,318a4943910c16b3ff8fb79b2657c29ee14b27279ef9f7ed6da3f2ded1848820,humaneval,body_first,14,random,1.0,-2.123267412185669,-0.1545173078775406,False,True
3104,318a4943910c16b3ff8fb79b2657c29ee14b27279ef9f7ed6da3f2ded1848820,humaneval,body_first,16,toward,0.5,-2.096259832382202,-0.15875984728336334,False,True
3104,318a4943910c16b3ff8fb79b2657c29ee14b27279ef9f7ed6da3f2ded1848820,humaneval,body_first,16,away,0.5,-2.1099853515625,-0.15686024725437164,False,True
3104,318a4943910c16b3ff8fb79b2657c29ee14b27279ef9f7ed6da3f2ded1848820,humaneval,body_first,16,random,0.5,-2.0965898036956787,-0.15908974409103394,False,True
3104,318a4943910c16b3ff8fb79b2657c29ee14b27279ef9f7ed6da3f2ded1848820,humaneval,body_first,16,toward,1.0,-2.068770408630371,-0.16252028942108154,False,True
3104,318a4943910c16b3ff8fb79b2657c29ee14b27279ef9f7ed6da3f2ded1848820,humaneval,body_first,16,away,1.0,-2.0958445072174072,-0.15834447741508484,False,True
3104,318a4943910c16b3ff8fb79b2657c29ee14b27279ef9f7ed6da3f2ded1848820,humaneval,body_first,16,random,1.0,-2.1034772396087646,-0.15816476941108704,False,True
3104,318a4943910c16b3ff8fb79b2657c29ee14b27279ef9f7ed6da3f2ded1848820,humaneval,body_first,18,toward,0.5,-2.096518039703369,-0.15901795029640198,False,True
3104,318a4943910c16b3ff8fb79b2657c29ee14b27279ef9f7ed6da3f2ded1848820,humaneval,body_first,18,away,0.5,-2.1099119186401367,-0.1567869782447815,False,True
3104,318a4943910c16b3ff8fb79b2657c29ee14b27279ef9f7ed6da3f2ded1848820,humaneval,body_first,18,random,0.5,-2.1101090908050537,-0.15698404610157013,False,True
3104,318a4943910c16b3ff8fb79b2657c29ee14b27279ef9f7ed6da3f2ded1848820,humaneval,body_first,18,toward,1.0,-2.096489191055298,-0.15898928046226501,False,True
3104,318a4943910c16b3ff8fb79b2657c29ee14b27279ef9f7ed6da3f2ded1848820,humaneval,body_first,18,away,1.0,-2.1027936935424805,-0.1574811488389969,False,True
3104,318a4943910c16b3ff8fb79b2657c29ee14b27279ef9f7ed6da3f2ded1848820,humaneval,body_first,18,random,1.0,-2.110173463821411,-0.15704844892024994,False,True
3104,318a4943910c16b3ff8fb79b2657c29ee14b27279ef9f7ed6da3f2ded1848820,humaneval,body_first,20,toward,0.5,-2.0968525409698486,-0.1593526303768158,False,True
3104,318a4943910c16b3ff8fb79b2657c29ee14b27279ef9f7ed6da3f2ded1848820,humaneval,body_first,20,away,0.5,-2.103194236755371,-0.1578817069530487,False,True
3104,318a4943910c16b3ff8fb79b2657c29ee14b27279ef9f7ed6da3f2ded1848820,humaneval,body_first,20,random,0.5,-2.0965404510498047,-0.15904052555561066,False,True
3104,318a4943910c16b3ff8fb79b2657c29ee14b27279ef9f7ed6da3f2ded1848820,humaneval,body_first,20,toward,1.0,-2.1036229133605957,-0.15831029415130615,False,True
3104,318a4943910c16b3ff8fb79b2657c29ee14b27279ef9f7ed6da3f2ded1848820,humaneval,body_first,20,away,1.0,-2.103470802307129,-0.15815825760364532,False,True
3104,318a4943910c16b3ff8fb79b2657c29ee14b27279ef9f7ed6da3f2ded1848820,humaneval,body_first,20,random,1.0,-2.096721649169922,-0.15922170877456665,False,True
3104,318a4943910c16b3ff8fb79b2657c29ee14b27279ef9f7ed6da3f2ded1848820,humaneval,body_first,22,toward,0.5,-2.103173017501831,-0.15786053240299225,False,True
3104,318a4943910c16b3ff8fb79b2657c29ee14b27279ef9f7ed6da3f2ded1848820,humaneval,body_first,22,away,0.5,-2.1032559871673584,-0.15794339776039124,False,True
3104,318a4943910c16b3ff8fb79b2657c29ee14b27279ef9f7ed6da3f2ded1848820,humaneval,body_first,22,random,0.5,-2.0964980125427246,-0.15899811685085297,False,True
3104,318a4943910c16b3ff8fb79b2657c29ee14b27279ef9f7ed6da3f2ded1848820,humaneval,body_first,22,toward,1.0,-2.1033740043640137,-0.15806147456169128,False,True
3104,318a4943910c16b3ff8fb79b2657c29ee14b27279ef9f7ed6da3f2ded1848820,humaneval,body_first,22,away,1.0,-2.1033244132995605,-0.15801189839839935,False,True
3104,318a4943910c16b3ff8fb79b2657c29ee14b27279ef9f7ed6da3f2ded1848820,humaneval,body_first,22,random,1.0,-2.103327751159668,-0.15801535546779633,False,True
3104,318a4943910c16b3ff8fb79b2657c29ee14b27279ef9f7ed6da3f2ded1848820,humaneval,body_first,23,toward,0.5,-2.103325843811035,-0.1580132246017456,False,True
3104,318a4943910c16b3ff8fb79b2657c29ee14b27279ef9f7ed6da3f2ded1848820,humaneval,body_first,23,away,0.5,-2.103325843811035,-0.1580132246017456,False,True
3104,318a4943910c16b3ff8fb79b2657c29ee14b27279ef9f7ed6da3f2ded1848820,humaneval,body_first,23,random,0.5,-2.103325843811035,-0.1580132246017456,False,True
3104,318a4943910c16b3ff8fb79b2657c29ee14b27279ef9f7ed6da3f2ded1848820,humaneval,body_first,23,toward,1.0,-2.103325843811035,-0.1580132246017456,False,True
3104,318a4943910c16b3ff8fb79b2657c29ee14b27279ef9f7ed6da3f2ded1848820,humaneval,body_first,23,away,1.0,-2.103325843811035,-0.1580132246017456,False,True
3104,318a4943910c16b3ff8fb79b2657c29ee14b27279ef9f7ed6da3f2ded1848820,humaneval,body_first,23,random,1.0,-2.103325843811035,-0.1580132246017456,False,True
3104,318a4943910c16b3ff8fb79b2657c29ee14b27279ef9f7ed6da3f2ded1848820,humaneval,answer,0,toward,0.5,-2.1698920726776123,-0.14645448327064514,False,True
3104,318a4943910c16b3ff8fb79b2657c29ee14b27279ef9f7ed6da3f2ded1848820,humaneval,answer,0,away,0.5,-2.251849412918091,-0.13466201722621918,False,True
3104,318a4943910c16b3ff8fb79b2657c29ee14b27279ef9f7ed6da3f2ded1848820,humaneval,answer,0,random,0.5,-2.1304163932800293,-0.16166633367538452,False,True
3104,318a4943910c16b3ff8fb79b2657c29ee14b27279ef9f7ed6da3f2ded1848820,humaneval,answer,0,toward,1.0,-2.164036273956299,-0.14841124415397644,False,True
3104,318a4943910c16b3ff8fb79b2657c29ee14b27279ef9f7ed6da3f2ded1848820,humaneval,answer,0,away,1.0,-2.2959558963775635,-0.1240808293223381,False,True
3104,318a4943910c16b3ff8fb79b2657c29ee14b27279ef9f7ed6da3f2ded1848820,humaneval,answer,0,random,1.0,-2.138801097869873,-0.16223855316638947,False,True
3104,318a4943910c16b3ff8fb79b2657c29ee14b27279ef9f7ed6da3f2ded1848820,humaneval,answer,2,toward,0.5,-2.0009846687316895,-0.18067216873168945,False,True
3104,318a4943910c16b3ff8fb79b2657c29ee14b27279ef9f7ed6da3f2ded1848820,humaneval,answer,2,away,0.5,-2.4239258766174316,-0.11142591387033463,False,True
3104,318a4943910c16b3ff8fb79b2657c29ee14b27279ef9f7ed6da3f2ded1848820,humaneval,answer,2,random,0.5,-2.1060569286346436,-0.16074436902999878,False,True
3104,318a4943910c16b3ff8fb79b2657c29ee14b27279ef9f7ed6da3f2ded1848820,humaneval,answer,2,toward,1.0,-1.647080898284912,-0.25645583868026733,False,True
3104,318a4943910c16b3ff8fb79b2657c29ee14b27279ef9f7ed6da3f2ded1848820,humaneval,answer,2,away,1.0,-2.8680131435394287,-0.07113822549581528,False,True
3104,318a4943910c16b3ff8fb79b2657c29ee14b27279ef9f7ed6da3f2ded1848820,humaneval,answer,2,random,1.0,-1.9408875703811646,-0.19088754057884216,False,True
3104,318a4943910c16b3ff8fb79b2657c29ee14b27279ef9f7ed6da3f2ded1848820,humaneval,answer,4,toward,0.5,-1.8644987344741821,-0.20043618977069855,False,True
3104,318a4943910c16b3ff8fb79b2657c29ee14b27279ef9f7ed6da3f2ded1848820,humaneval,answer,4,away,0.5,-2.145781993865967,-0.1457819789648056,False,True
3104,318a4943910c16b3ff8fb79b2657c29ee14b27279ef9f7ed6da3f2ded1848820,humaneval,answer,4,random,0.5,-1.9261503219604492,-0.18396276235580444,False,True
3104,318a4943910c16b3ff8fb79b2657c29ee14b27279ef9f7ed6da3f2ded1848820,humaneval,answer,4,toward,1.0,-1.6699382066726685,-0.24806316196918488,False,True
3104,318a4943910c16b3ff8fb79b2657c29ee14b27279ef9f7ed6da3f2ded1848820,humaneval,answer,4,away,1.0,-1.5292211771011353,-0.28215086460113525,False,True
3104,318a4943910c16b3ff8fb79b2657c29ee14b27279ef9f7ed6da3f2ded1848820,humaneval,answer,4,random,1.0,-1.3965163230895996,-0.3340162932872772,False,True
3104,318a4943910c16b3ff8fb79b2657c29ee14b27279ef9f7ed6da3f2ded1848820,humaneval,answer,6,toward,0.5,-1.7252187728881836,-0.23303121328353882,False,True
3104,318a4943910c16b3ff8fb79b2657c29ee14b27279ef9f7ed6da3f2ded1848820,humaneval,answer,6,away,0.5,-2.265958547592163,-0.13314594328403473,False,True
3104,318a4943910c16b3ff8fb79b2657c29ee14b27279ef9f7ed6da3f2ded1848820,humaneval,answer,6,random,0.5,-2.0468590259552,-0.16404643654823303,False,True
3104,318a4943910c16b3ff8fb79b2657c29ee14b27279ef9f7ed6da3f2ded1848820,humaneval,answer,6,toward,1.0,-1.391925573348999,-0.33723801374435425,False,True
3104,318a4943910c16b3ff8fb79b2657c29ee14b27279ef9f7ed6da3f2ded1848820,humaneval,answer,6,away,1.0,-2.2827858924865723,-0.1265358030796051,False,True
3104,318a4943910c16b3ff8fb79b2657c29ee14b27279ef9f7ed6da3f2ded1848820,humaneval,answer,6,random,1.0,-1.610748291015625,-0.251373291015625,False,True
3104,318a4943910c16b3ff8fb79b2657c29ee14b27279ef9f7ed6da3f2ded1848820,humaneval,answer,8,toward,0.5,-1.9839990139007568,-0.19103024899959564,False,True
3104,318a4943910c16b3ff8fb79b2657c29ee14b27279ef9f7ed6da3f2ded1848820,humaneval,answer,8,away,0.5,-2.325892210006714,-0.12276721000671387,False,True
3104,318a4943910c16b3ff8fb79b2657c29ee14b27279ef9f7ed6da3f2ded1848820,humaneval,answer,8,random,0.5,-1.8250542879104614,-0.20005427300930023,False,True
3104,318a4943910c16b3ff8fb79b2657c29ee14b27279ef9f7ed6da3f2ded1848820,humaneval,answer,8,toward,1.0,-1.7576425075531006,-0.28889256715774536,False,True
3104,318a4943910c16b3ff8fb79b2657c29ee14b27279ef9f7ed6da3f2ded1848820,humaneval,answer,8,away,1.0,-1.9911561012268066,-0.17865605652332306,False,True
3104,318a4943910c16b3ff8fb79b2657c29ee14b27279ef9f7ed6da3f2ded1848820,humaneval,answer,8,random,1.0,-1.490073800086975,-0.2947612702846527,False,True
3104,318a4943910c16b3ff8fb79b2657c29ee14b27279ef9f7ed6da3f2ded1848820,humaneval,answer,10,toward,0.5,-1.5506972074508667,-0.2987440824508667,False,True
3104,318a4943910c16b3ff8fb79b2657c29ee14b27279ef9f7ed6da3f2ded1848820,humaneval,answer,10,away,0.5,-2.278074026107788,-0.13744907081127167,False,True
3104,318a4943910c16b3ff8fb79b2657c29ee14b27279ef9f7ed6da3f2ded1848820,humaneval,answer,10,random,0.5,-1.8329830169677734,-0.20798300206661224,False,True
3104,318a4943910c16b3ff8fb79b2657c29ee14b27279ef9f7ed6da3f2ded1848820,humaneval,answer,10,toward,1.0,-1.2431881427764893,-0.6064693927764893,False,True
3104,318a4943910c16b3ff8fb79b2657c29ee14b27279ef9f7ed6da3f2ded1848820,humaneval,answer,10,away,1.0,-1.3384782075881958,-0.3853532373905182,False,True
3104,318a4943910c16b3ff8fb79b2657c29ee14b27279ef9f7ed6da3f2ded1848820,humaneval,answer,10,random,1.0,-1.309849739074707,-0.43484970927238464,False,True
3104,318a4943910c16b3ff8fb79b2657c29ee14b27279ef9f7ed6da3f2ded1848820,humaneval,answer,12,toward,0.5,-1.7459086179733276,-0.23809611797332764,False,True
3104,318a4943910c16b3ff8fb79b2657c29ee14b27279ef9f7ed6da3f2ded1848820,humaneval,answer,12,away,0.5,-2.406818151473999,-0.12556812167167664,False,True
3104,318a4943910c16b3ff8fb79b2657c29ee14b27279ef9f7ed6da3f2ded1848820,humaneval,answer,12,random,0.5,-2.0608670711517334,-0.20149198174476624,False,True
3104,318a4943910c16b3ff8fb79b2657c29ee14b27279ef9f7ed6da3f2ded1848820,humaneval,answer,12,toward,1.0,-1.4446730613708496,-0.35092300176620483,False,True
3104,318a4943910c16b3ff8fb79b2657c29ee14b27279ef9f7ed6da3f2ded1848820,humaneval,answer,12,away,1.0,-1.8428027629852295,-0.2959277331829071,False,True
3104,318a4943910c16b3ff8fb79b2657c29ee14b27279ef9f7ed6da3f2ded1848820,humaneval,answer,12,random,1.0,-2.140226364135742,-0.47616392374038696,False,True
3104,318a4943910c16b3ff8fb79b2657c29ee14b27279ef9f7ed6da3f2ded1848820,humaneval,answer,14,toward,0.5,-1.9448368549346924,-0.19288378953933716,False,True
3104,318a4943910c16b3ff8fb79b2657c29ee14b27279ef9f7ed6da3f2ded1848820,humaneval,answer,14,away,0.5,-1.975675344467163,-0.1944252848625183,False,True
3104,318a4943910c16b3ff8fb79b2657c29ee14b27279ef9f7ed6da3f2ded1848820,humaneval,answer,14,random,0.5,-1.9190070629119873,-0.1846320778131485,False,True
3104,318a4943910c16b3ff8fb79b2657c29ee14b27279ef9f7ed6da3f2ded1848820,humaneval,answer,14,toward,1.0,-1.789182186126709,-0.24230718612670898,False,True
3104,318a4943910c16b3ff8fb79b2657c29ee14b27279ef9f7ed6da3f2ded1848820,humaneval,answer,14,away,1.0,-1.622165560722351,-0.3721655309200287,False,True
3104,318a4943910c16b3ff8fb79b2657c29ee14b27279ef9f7ed6da3f2ded1848820,humaneval,answer,14,random,1.0,-1.7088693380355835,-0.2225412130355835,False,True
3104,318a4943910c16b3ff8fb79b2657c29ee14b27279ef9f7ed6da3f2ded1848820,humaneval,answer,16,toward,0.5,-2.42350697517395,-0.12272577732801437,False,True
3104,318a4943910c16b3ff8fb79b2657c29ee14b27279ef9f7ed6da3f2ded1848820,humaneval,answer,16,away,0.5,-1.588600993156433,-0.2839134931564331,False,True
3104,318a4943910c16b3ff8fb79b2657c29ee14b27279ef9f7ed6da3f2ded1848820,humaneval,answer,16,random,0.5,-2.2179598808288574,-0.13983479142189026,False,True
3104,318a4943910c16b3ff8fb79b2657c29ee14b27279ef9f7ed6da3f2ded1848820,humaneval,answer,16,toward,1.0,-2.4828784465789795,-0.1274096667766571,False,True
3104,318a4943910c16b3ff8fb79b2657c29ee14b27279ef9f7ed6da3f2ded1848820,humaneval,answer,16,away,1.0,-1.036083698272705,-0.7987789511680603,False,True
3104,318a4943910c16b3ff8fb79b2657c29ee14b27279ef9f7ed6da3f2ded1848820,humaneval,answer,16,random,1.0,-2.2747457027435303,-0.1497456133365631,False,True
3104,318a4943910c16b3ff8fb79b2657c29ee14b27279ef9f7ed6da3f2ded1848820,humaneval,answer,18,toward,0.5,-1.9685009717941284,-0.20287595689296722,False,True
3104,318a4943910c16b3ff8fb79b2657c29ee14b27279ef9f7ed6da3f2ded1848820,humaneval,answer,18,away,0.5,-2.2133665084838867,-0.13524146378040314,False,True
3104,318a4943910c16b3ff8fb79b2657c29ee14b27279ef9f7ed6da3f2ded1848820,humaneval,answer,18,random,0.5,-2.0613770484924316,-0.16684582829475403,False,True
3104,318a4943910c16b3ff8fb79b2657c29ee14b27279ef9f7ed6da3f2ded1848820,humaneval,answer,18,toward,1.0,-2.007328510284424,-0.23193798959255219,False,True
3104,318a4943910c16b3ff8fb79b2657c29ee14b27279ef9f7ed6da3f2ded1848820,humaneval,answer,18,away,1.0,-1.8240585327148438,-0.21273042261600494,False,True
3104,318a4943910c16b3ff8fb79b2657c29ee14b27279ef9f7ed6da3f2ded1848820,humaneval,answer,18,random,1.0,-2.1055142879486084,-0.1641080528497696,False,True
3104,318a4943910c16b3ff8fb79b2657c29ee14b27279ef9f7ed6da3f2ded1848820,humaneval,answer,20,toward,0.5,-1.7041364908218384,-0.251011461019516,False,True
3104,318a4943910c16b3ff8fb79b2657c29ee14b27279ef9f7ed6da3f2ded1848820,humaneval,answer,20,away,0.5,-2.5729305744171143,-0.10027430206537247,False,True
3104,318a4943910c16b3ff8fb79b2657c29ee14b27279ef9f7ed6da3f2ded1848820,humaneval,answer,20,random,0.5,-2.4279720783233643,-0.11547204852104187,False,True
3104,318a4943910c16b3ff8fb79b2657c29ee14b27279ef9f7ed6da3f2ded1848820,humaneval,answer,20,toward,1.0,-1.4529571533203125,-0.3592071831226349,False,True
3104,318a4943910c16b3ff8fb79b2657c29ee14b27279ef9f7ed6da3f2ded1848820,humaneval,answer,20,away,1.0,-2.613988161087036,-0.1061757281422615,False,True
3104,318a4943910c16b3ff8fb79b2657c29ee14b27279ef9f7ed6da3f2ded1848820,humaneval,answer,20,random,1.0,-2.570960283279419,-0.10221034288406372,False,True
3104,318a4943910c16b3ff8fb79b2657c29ee14b27279ef9f7ed6da3f2ded1848820,humaneval,answer,22,toward,0.5,-1.701434850692749,-0.2639349102973938,False,True
3104,318a4943910c16b3ff8fb79b2657c29ee14b27279ef9f7ed6da3f2ded1848820,humaneval,answer,22,away,0.5,-2.7345407009124756,-0.07829059660434723,False,True
3104,318a4943910c16b3ff8fb79b2657c29ee14b27279ef9f7ed6da3f2ded1848820,humaneval,answer,22,random,0.5,-1.8771672248840332,-0.1974797248840332,False,True
3104,318a4943910c16b3ff8fb79b2657c29ee14b27279ef9f7ed6da3f2ded1848820,humaneval,answer,22,toward,1.0,-1.4509787559509277,-0.529103696346283,False,True
3104,318a4943910c16b3ff8fb79b2657c29ee14b27279ef9f7ed6da3f2ded1848820,humaneval,answer,22,away,1.0,-3.248220920562744,-0.04509587585926056,False,True
3104,318a4943910c16b3ff8fb79b2657c29ee14b27279ef9f7ed6da3f2ded1848820,humaneval,answer,22,random,1.0,-1.5970178842544556,-0.27670538425445557,False,True
3104,318a4943910c16b3ff8fb79b2657c29ee14b27279ef9f7ed6da3f2ded1848820,humaneval,answer,23,toward,0.5,-1.7167675495147705,-0.5292676091194153,False,True
3104,318a4943910c16b3ff8fb79b2657c29ee14b27279ef9f7ed6da3f2ded1848820,humaneval,answer,23,away,0.5,-3.1167893409729004,-0.046476829797029495,False,True
3104,318a4943910c16b3ff8fb79b2657c29ee14b27279ef9f7ed6da3f2ded1848820,humaneval,answer,23,random,0.5,-1.8049683570861816,-0.31278082728385925,False,True
3104,318a4943910c16b3ff8fb79b2657c29ee14b27279ef9f7ed6da3f2ded1848820,humaneval,answer,23,toward,1.0,-2.4365408420562744,-1.6865408420562744,False,True
3104,318a4943910c16b3ff8fb79b2657c29ee14b27279ef9f7ed6da3f2ded1848820,humaneval,answer,23,away,1.0,-3.409318685531616,-0.034318577498197556,False,True
3104,318a4943910c16b3ff8fb79b2657c29ee14b27279ef9f7ed6da3f2ded1848820,humaneval,answer,23,random,1.0,-2.133225440979004,-1.156662940979004,False,True
3105,318a4943910c16b3ff8fb79b2657c29ee14b27279ef9f7ed6da3f2ded1848820,humaneval,baseline,-1,none,0.0,-2.404162645339966,-0.11510024964809418,False,True
3105,318a4943910c16b3ff8fb79b2657c29ee14b27279ef9f7ed6da3f2ded1848820,humaneval,if,0,toward,0.5,-2.340920925140381,-0.12217099964618683,False,True
3105,318a4943910c16b3ff8fb79b2657c29ee14b27279ef9f7ed6da3f2ded1848820,humaneval,if,0,away,0.5,-2.3547821044921875,-0.12040717154741287,False,True
3105,318a4943910c16b3ff8fb79b2657c29ee14b27279ef9f7ed6da3f2ded1848820,humaneval,if,0,random,0.5,-2.375687599182129,-0.11787500977516174,False,True
3105,318a4943910c16b3ff8fb79b2657c29ee14b27279ef9f7ed6da3f2ded1848820,humaneval,if,0,toward,1.0,-1.8904677629470825,-0.19515521824359894,False,True
3105,318a4943910c16b3ff8fb79b2657c29ee14b27279ef9f7ed6da3f2ded1848820,humaneval,if,0,away,1.0,-2.037015676498413,-0.1698281317949295,False,True
3105,318a4943910c16b3ff8fb79b2657c29ee14b27279ef9f7ed6da3f2ded1848820,humaneval,if,0,random,1.0,-1.8821673393249512,-0.2024797797203064,False,True
3105,318a4943910c16b3ff8fb79b2657c29ee14b27279ef9f7ed6da3f2ded1848820,humaneval,if,2,toward,0.5,-2.438843250274658,-0.11071822047233582,False,True
3105,318a4943910c16b3ff8fb79b2657c29ee14b27279ef9f7ed6da3f2ded1848820,humaneval,if,2,away,0.5,-2.3272814750671387,-0.12415653467178345,False,True
3105,318a4943910c16b3ff8fb79b2657c29ee14b27279ef9f7ed6da3f2ded1848820,humaneval,if,2,random,0.5,-2.2430992126464844,-0.13372428715229034,False,True
3105,318a4943910c16b3ff8fb79b2657c29ee14b27279ef9f7ed6da3f2ded1848820,humaneval,if,2,toward,1.0,-2.5165553092956543,-0.10249292850494385,False,True
3105,318a4943910c16b3ff8fb79b2657c29ee14b27279ef9f7ed6da3f2ded1848820,humaneval,if,2,away,1.0,-1.9627717733383179,-0.18152178823947906,False,True
3105,318a4943910c16b3ff8fb79b2657c29ee14b27279ef9f7ed6da3f2ded1848820,humaneval,if,2,random,1.0,-2.038823127746582,-0.1638232320547104,False,True
3105,318a4943910c16b3ff8fb79b2657c29ee14b27279ef9f7ed6da3f2ded1848820,humaneval,if,4,toward,0.5,-2.4256677627563477,-0.11316774040460587,False,True
3105,318a4943910c16b3ff8fb79b2657c29ee14b27279ef9f7ed6da3f2ded1848820,humaneval,if,4,away,0.5,-2.333775043487549,-0.12283764034509659,False,True
3105,318a4943910c16b3ff8fb79b2657c29ee14b27279ef9f7ed6da3f2ded1848820,humaneval,if,4,random,0.5,-2.3621044158935547,-0.1199168786406517,False,True
3105,318a4943910c16b3ff8fb79b2657c29ee14b27279ef9f7ed6da3f2ded1848820,humaneval,if,4,toward,1.0,-2.4616546630859375,-0.11009224504232407,False,True
3105,318a4943910c16b3ff8fb79b2657c29ee14b27279ef9f7ed6da3f2ded1848820,humaneval,if,4,away,1.0,-2.156001091003418,-0.14818862080574036,False,True
3105,318a4943910c16b3ff8fb79b2657c29ee14b27279ef9f7ed6da3f2ded1848820,humaneval,if,4,random,1.0,-2.3277499675750732,-0.12462497502565384,False,True
3105,318a4943910c16b3ff8fb79b2657c29ee14b27279ef9f7ed6da3f2ded1848820,humaneval,if,6,toward,0.5,-2.4466969966888428,-0.11075951904058456,False,True
3105,318a4943910c16b3ff8fb79b2657c29ee14b27279ef9f7ed6da3f2ded1848820,humaneval,if,6,away,0.5,-2.34072208404541,-0.12197200953960419,False,True
3105,318a4943910c16b3ff8fb79b2657c29ee14b27279ef9f7ed6da3f2ded1848820,humaneval,if,6,random,0.5,-2.418318033218384,-0.11363060772418976,False,True
3105,318a4943910c16b3ff8fb79b2657c29ee14b27279ef9f7ed6da3f2ded1848820,humaneval,if,6,toward,1.0,-2.4974007606506348,-0.106775663793087,False,True
3105,318a4943910c16b3ff8fb79b2657c29ee14b27279ef9f7ed6da3f2ded1848820,humaneval,if,6,away,1.0,-2.284743309020996,-0.1284933090209961,False,True
3105,318a4943910c16b3ff8fb79b2657c29ee14b27279ef9f7ed6da3f2ded1848820,humaneval,if,6,random,1.0,-2.467583179473877,-0.10820811986923218,False,True
3105,318a4943910c16b3ff8fb79b2657c29ee14b27279ef9f7ed6da3f2ded1848820,humaneval,if,8,toward,0.5,-2.3902194499969482,-0.11678202450275421,False,True
3105,318a4943910c16b3ff8fb79b2657c29ee14b27279ef9f7ed6da3f2ded1848820,humaneval,if,8,away,0.5,-2.369022846221924,-0.11902289092540741,False,True
3105,318a4943910c16b3ff8fb79b2657c29ee14b27279ef9f7ed6da3f2ded1848820,humaneval,if,8,random,0.5,-2.4111886024475098,-0.11431369930505753,False,True
3105,318a4943910c16b3ff8fb79b2657c29ee14b27279ef9f7ed6da3f2ded1848820,humaneval,if,8,toward,1.0,-2.397374391555786,-0.11612438410520554,False,True
3105,318a4943910c16b3ff8fb79b2657c29ee14b27279ef9f7ed6da3f2ded1848820,humaneval,if,8,away,1.0,-2.2995362281799316,-0.1276613026857376,False,True
3105,318a4943910c16b3ff8fb79b2657c29ee14b27279ef9f7ed6da3f2ded1848820,humaneval,if,8,random,1.0,-2.418520450592041,-0.11383306980133057,False,True
3105,318a4943910c16b3ff8fb79b2657c29ee14b27279ef9f7ed6da3f2ded1848820,humaneval,if,10,toward,0.5,-2.3689897060394287,-0.11898976564407349,False,True
3105,318a4943910c16b3ff8fb79b2657c29ee14b27279ef9f7ed6da3f2ded1848820,humaneval,if,10,away,0.5,-2.397237539291382,-0.11598756164312363,False,True
3105,318a4943910c16b3ff8fb79b2657c29ee14b27279ef9f7ed6da3f2ded1848820,humaneval,if,10,random,0.5,-2.3972036838531494,-0.11595359444618225,False,True
3105,318a4943910c16b3ff8fb79b2657c29ee14b27279ef9f7ed6da3f2ded1848820,humaneval,if,10,toward,1.0,-2.257445812225342,-0.13244584202766418,False,True
3105,318a4943910c16b3ff8fb79b2657c29ee14b27279ef9f7ed6da3f2ded1848820,humaneval,if,10,away,1.0,-2.3695502281188965,-0.11955011636018753,False,True
3105,318a4943910c16b3ff8fb79b2657c29ee14b27279ef9f7ed6da3f2ded1848820,humaneval,if,10,random,1.0,-2.376324415206909,-0.11851180344820023,False,True
3105,318a4943910c16b3ff8fb79b2657c29ee14b27279ef9f7ed6da3f2ded1848820,humaneval,if,12,toward,0.5,-2.3901190757751465,-0.11668146401643753,False,True
3105,318a4943910c16b3ff8fb79b2657c29ee14b27279ef9f7ed6da3f2ded1848820,humaneval,if,12,away,0.5,-2.3972697257995605,-0.1160198301076889,False,True
3105,318a4943910c16b3ff8fb79b2657c29ee14b27279ef9f7ed6da3f2ded1848820,humaneval,if,12,random,0.5,-2.404216766357422,-0.1151542216539383,False,True
3105,318a4943910c16b3ff8fb79b2657c29ee14b27279ef9f7ed6da3f2ded1848820,humaneval,if,12,toward,1.0,-2.3905553817749023,-0.1171180009841919,False,True
3105,318a4943910c16b3ff8fb79b2657c29ee14b27279ef9f7ed6da3f2ded1848820,humaneval,if,12,away,1.0,-2.383605480194092,-0.11798053234815598,False,True
3105,318a4943910c16b3ff8fb79b2657c29ee14b27279ef9f7ed6da3f2ded1848820,humaneval,if,12,random,1.0,-2.397249221801758,-0.115999236702919,False,True
3105,318a4943910c16b3ff8fb79b2657c29ee14b27279ef9f7ed6da3f2ded1848820,humaneval,if,14,toward,0.5,-2.389922618865967,-0.11648519337177277,False,True
3105,318a4943910c16b3ff8fb79b2657c29ee14b27279ef9f7ed6da3f2ded1848820,humaneval,if,14,away,0.5,-2.390244722366333,-0.11680726706981659,False,True
3105,318a4943910c16b3ff8fb79b2657c29ee14b27279ef9f7ed6da3f2ded1848820,humaneval,if,14,random,0.5,-2.404101610183716,-0.11503905057907104,False,True
3105,318a4943910c16b3ff8fb79b2657c29ee14b27279ef9f7ed6da3f2ded1848820,humaneval,if,14,toward,1.0,-2.354858636856079,-0.12048358470201492,False,True
3105,318a4943910c16b3ff8fb79b2657c29ee14b27279ef9f7ed6da3f2ded1848820,humaneval,if,14,away,1.0,-2.3831958770751953,-0.11757076531648636,False,True
3105,318a4943910c16b3ff8fb79b2657c29ee14b27279ef9f7ed6da3f2ded1848820,humaneval,if,14,random,1.0,-2.3970067501068115,-0.11575675755739212,False,True
3105,318a4943910c16b3ff8fb79b2657c29ee14b27279ef9f7ed6da3f2ded1848820,humaneval,if,16,toward,0.5,-2.397099494934082,-0.11584945023059845,False,True
3105,318a4943910c16b3ff8fb79b2657c29ee14b27279ef9f7ed6da3f2ded1848820,humaneval,if,16,away,0.5,-2.3971433639526367,-0.11589329689741135,False,True
3105,318a4943910c16b3ff8fb79b2657c29ee14b27279ef9f7ed6da3f2ded1848820,humaneval,if,16,random,0.5,-2.39009428024292,-0.11665675044059753,False,True
3105,318a4943910c16b3ff8fb79b2657c29ee14b27279ef9f7ed6da3f2ded1848820,humaneval,if,16,toward,1.0,-2.368964195251465,-0.11896415054798126,False,True
3105,318a4943910c16b3ff8fb79b2657c29ee14b27279ef9f7ed6da3f2ded1848820,humaneval,if,16,away,1.0,-2.3832383155822754,-0.11761326342821121,False,True
3105,318a4943910c16b3ff8fb79b2657c29ee14b27279ef9f7ed6da3f2ded1848820,humaneval,if,16,random,1.0,-2.3693740367889404,-0.11937408894300461,False,True
3105,318a4943910c16b3ff8fb79b2657c29ee14b27279ef9f7ed6da3f2ded1848820,humaneval,if,18,toward,0.5,-2.397142171859741,-0.11589212715625763,False,True
3105,318a4943910c16b3ff8fb79b2657c29ee14b27279ef9f7ed6da3f2ded1848820,humaneval,if,18,away,0.5,-2.3901147842407227,-0.11667732894420624,False,True
3105,318a4943910c16b3ff8fb79b2657c29ee14b27279ef9f7ed6da3f2ded1848820,humaneval,if,18,random,0.5,-2.3971011638641357,-0.1158512532711029,False,True
3105,318a4943910c16b3ff8fb79b2657c29ee14b27279ef9f7ed6da3f2ded1848820,humaneval,if,18,toward,1.0,-2.3902206420898438,-0.11678319424390793,False,True
3105,318a4943910c16b3ff8fb79b2657c29ee14b27279ef9f7ed6da3f2ded1848820,humaneval,if,18,away,1.0,-2.390109062194824,-0.1166715994477272,False,True
3105,318a4943910c16b3ff8fb79b2657c29ee14b27279ef9f7ed6da3f2ded1848820,humaneval,if,18,random,1.0,-2.3901267051696777,-0.11668910086154938,False,True
3105,318a4943910c16b3ff8fb79b2657c29ee14b27279ef9f7ed6da3f2ded1848820,humaneval,if,20,toward,0.5,-2.4040844440460205,-0.11502204835414886,False,True
3105,318a4943910c16b3ff8fb79b2657c29ee14b27279ef9f7ed6da3f2ded1848820,humaneval,if,20,away,0.5,-2.3971381187438965,-0.1158880889415741,False,True
3105,318a4943910c16b3ff8fb79b2657c29ee14b27279ef9f7ed6da3f2ded1848820,humaneval,if,20,random,0.5,-2.404073476791382,-0.11501099914312363,False,True
3105,318a4943910c16b3ff8fb79b2657c29ee14b27279ef9f7ed6da3f2ded1848820,humaneval,if,20,toward,1.0,-2.4039998054504395,-0.11493725329637527,False,True
3105,318a4943910c16b3ff8fb79b2657c29ee14b27279ef9f7ed6da3f2ded1848820,humaneval,if,20,away,1.0,-2.3972578048706055,-0.1160077303647995,False,True
3105,318a4943910c16b3ff8fb79b2657c29ee14b27279ef9f7ed6da3f2ded1848820,humaneval,if,20,random,1.0,-2.396958112716675,-0.115708127617836,False,True
3105,318a4943910c16b3ff8fb79b2657c29ee14b27279ef9f7ed6da3f2ded1848820,humaneval,if,22,toward,0.5,-2.397127628326416,-0.11587768793106079,False,True
3105,318a4943910c16b3ff8fb79b2657c29ee14b27279ef9f7ed6da3f2ded1848820,humaneval,if,22,away,0.5,-2.397138833999634,-0.11588872969150543,False,True
3105,318a4943910c16b3ff8fb79b2657c29ee14b27279ef9f7ed6da3f2ded1848820,humaneval,if,22,random,0.5,-2.3971147537231445,-0.1158648431301117,False,True
3105,318a4943910c16b3ff8fb79b2657c29ee14b27279ef9f7ed6da3f2ded1848820,humaneval,if,22,toward,1.0,-2.3971383571624756,-0.11588840931653976,False,True
3105,318a4943910c16b3ff8fb79b2657c29ee14b27279ef9f7ed6da3f2ded1848820,humaneval,if,22,away,1.0,-2.3971312046051025,-0.1158812940120697,False,True
3105,318a4943910c16b3ff8fb79b2657c29ee14b27279ef9f7ed6da3f2ded1848820,humaneval,if,22,random,1.0,-2.4041733741760254,-0.11511097848415375,False,True
3105,318a4943910c16b3ff8fb79b2657c29ee14b27279ef9f7ed6da3f2ded1848820,humaneval,if,23,toward,0.5,-2.404162645339966,-0.11510024964809418,False,True
3105,318a4943910c16b3ff8fb79b2657c29ee14b27279ef9f7ed6da3f2ded1848820,humaneval,if,23,away,0.5,-2.404162645339966,-0.11510024964809418,False,True
3105,318a4943910c16b3ff8fb79b2657c29ee14b27279ef9f7ed6da3f2ded1848820,humaneval,if,23,random,0.5,-2.404162645339966,-0.11510024964809418,False,True
3105,318a4943910c16b3ff8fb79b2657c29ee14b27279ef9f7ed6da3f2ded1848820,humaneval,if,23,toward,1.0,-2.404162645339966,-0.11510024964809418,False,True
3105,318a4943910c16b3ff8fb79b2657c29ee14b27279ef9f7ed6da3f2ded1848820,humaneval,if,23,away,1.0,-2.404162645339966,-0.11510024964809418,False,True
3105,318a4943910c16b3ff8fb79b2657c29ee14b27279ef9f7ed6da3f2ded1848820,humaneval,if,23,random,1.0,-2.404162645339966,-0.11510024964809418,False,True
3105,318a4943910c16b3ff8fb79b2657c29ee14b27279ef9f7ed6da3f2ded1848820,humaneval,body_first,0,toward,0.5,-2.3687527179718018,-0.11875277012586594,False,True
3105,318a4943910c16b3ff8fb79b2657c29ee14b27279ef9f7ed6da3f2ded1848820,humaneval,body_first,0,away,0.5,-2.382798671722412,-0.11717366427183151,False,True
3105,318a4943910c16b3ff8fb79b2657c29ee14b27279ef9f7ed6da3f2ded1848820,humaneval,body_first,0,random,0.5,-2.3477582931518555,-0.1211957037448883,False,True
3105,318a4943910c16b3ff8fb79b2657c29ee14b27279ef9f7ed6da3f2ded1848820,humaneval,body_first,0,toward,1.0,-2.2225258350372314,-0.13658830523490906,False,True
3105,318a4943910c16b3ff8fb79b2657c29ee14b27279ef9f7ed6da3f2ded1848820,humaneval,body_first,0,away,1.0,-2.250288248062134,-0.13310065865516663,False,True
3105,318a4943910c16b3ff8fb79b2657c29ee14b27279ef9f7ed6da3f2ded1848820,humaneval,body_first,0,random,1.0,-2.2425894737243652,-0.13321439921855927,False,True
3105,318a4943910c16b3ff8fb79b2657c29ee14b27279ef9f7ed6da3f2ded1848820,humaneval,body_first,2,toward,0.5,-2.292370080947876,-0.1283075213432312,False,True
3105,318a4943910c16b3ff8fb79b2657c29ee14b27279ef9f7ed6da3f2ded1848820,humaneval,body_first,2,away,0.5,-2.4460198879241943,-0.11008242517709732,False,True
3105,318a4943910c16b3ff8fb79b2657c29ee14b27279ef9f7ed6da3f2ded1848820,humaneval,body_first,2,random,0.5,-2.3966598510742188,-0.11540991812944412,False,True
3105,318a4943910c16b3ff8fb79b2657c29ee14b27279ef9f7ed6da3f2ded1848820,humaneval,body_first,2,toward,1.0,-2.2093889713287354,-0.13907639682292938,False,True
3105,318a4943910c16b3ff8fb79b2657c29ee14b27279ef9f7ed6da3f2ded1848820,humaneval,body_first,2,away,1.0,-2.446178436279297,-0.11024098098278046,False,True
3105,318a4943910c16b3ff8fb79b2657c29ee14b27279ef9f7ed6da3f2ded1848820,humaneval,body_first,2,random,1.0,-2.403693437576294,-0.11463094502687454,False,True
3105,318a4943910c16b3ff8fb79b2657c29ee14b27279ef9f7ed6da3f2ded1848820,humaneval,body_first,4,toward,0.5,-2.425708770751953,-0.1132088378071785,False,True
3105,318a4943910c16b3ff8fb79b2657c29ee14b27279ef9f7ed6da3f2ded1848820,humaneval,body_first,4,away,0.5,-2.389976978302002,-0.11653941124677658,False,True
3105,318a4943910c16b3ff8fb79b2657c29ee14b27279ef9f7ed6da3f2ded1848820,humaneval,body_first,4,random,0.5,-2.3971147537231445,-0.1158648431301117,False,True
3105,318a4943910c16b3ff8fb79b2657c29ee14b27279ef9f7ed6da3f2ded1848820,humaneval,body_first,4,toward,1.0,-2.406266212463379,-0.11720366775989532,False,True
3105,318a4943910c16b3ff8fb79b2657c29ee14b27279ef9f7ed6da3f2ded1848820,humaneval,body_first,4,away,1.0,-2.3828721046447754,-0.11724714189767838,False,True
3105,318a4943910c16b3ff8fb79b2657c29ee14b27279ef9f7ed6da3f2ded1848820,humaneval,body_first,4,random,1.0,-2.404195785522461,-0.11513339728116989,False,True
3105,318a4943910c16b3ff8fb79b2657c29ee14b27279ef9f7ed6da3f2ded1848820,humaneval,body_first,6,toward,0.5,-2.368870258331299,-0.11887037754058838,False,True
3105,318a4943910c16b3ff8fb79b2657c29ee14b27279ef9f7ed6da3f2ded1848820,humaneval,body_first,6,away,0.5,-2.4114112854003906,-0.11453623324632645,False,True
3105,318a4943910c16b3ff8fb79b2657c29ee14b27279ef9f7ed6da3f2ded1848820,humaneval,body_first,6,random,0.5,-2.3903191089630127,-0.11688161641359329,False,True
3105,318a4943910c16b3ff8fb79b2657c29ee14b27279ef9f7ed6da3f2ded1848820,humaneval,body_first,6,toward,1.0,-2.2993085384368896,-0.12743359804153442,False,True
3105,318a4943910c16b3ff8fb79b2657c29ee14b27279ef9f7ed6da3f2ded1848820,humaneval,body_first,6,away,1.0,-2.3974924087524414,-0.11624251306056976,False,True
3105,318a4943910c16b3ff8fb79b2657c29ee14b27279ef9f7ed6da3f2ded1848820,humaneval,body_first,6,random,1.0,-2.3621716499328613,-0.1199842318892479,False,True
3105,318a4943910c16b3ff8fb79b2657c29ee14b27279ef9f7ed6da3f2ded1848820,humaneval,body_first,8,toward,0.5,-2.3968095779418945,-0.11555956304073334,False,True
3105,318a4943910c16b3ff8fb79b2657c29ee14b27279ef9f7ed6da3f2ded1848820,humaneval,body_first,8,away,0.5,-2.40435528755188,-0.11529286205768585,False,True
3105,318a4943910c16b3ff8fb79b2657c29ee14b27279ef9f7ed6da3f2ded1848820,humaneval,body_first,8,random,0.5,-2.3971145153045654,-0.11586452275514603,False,True
3105,318a4943910c16b3ff8fb79b2657c29ee14b27279ef9f7ed6da3f2ded1848820,humaneval,body_first,8,toward,1.0,-2.424588680267334,-0.11208867281675339,False,True
3105,318a4943910c16b3ff8fb79b2657c29ee14b27279ef9f7ed6da3f2ded1848820,humaneval,body_first,8,away,1.0,-2.4254329204559326,-0.11293298751115799,False,True
3105,318a4943910c16b3ff8fb79b2657c29ee14b27279ef9f7ed6da3f2ded1848820,humaneval,body_first,8,random,1.0,-2.432196855545044,-0.1118844673037529,False,True
3105,318a4943910c16b3ff8fb79b2657c29ee14b27279ef9f7ed6da3f2ded1848820,humaneval,body_first,10,toward,0.5,-2.4250972270965576,-0.11259730905294418,False,True
3105,318a4943910c16b3ff8fb79b2657c29ee14b27279ef9f7ed6da3f2ded1848820,humaneval,body_first,10,away,0.5,-2.404287099838257,-0.11522465944290161,False,True
3105,318a4943910c16b3ff8fb79b2657c29ee14b27279ef9f7ed6da3f2ded1848820,humaneval,body_first,10,random,0.5,-2.396965980529785,-0.11571609228849411,False,True
3105,318a4943910c16b3ff8fb79b2657c29ee14b27279ef9f7ed6da3f2ded1848820,humaneval,body_first,10,toward,1.0,-2.4742355346679688,-0.10704807192087173,False,True
3105,318a4943910c16b3ff8fb79b2657c29ee14b27279ef9f7ed6da3f2ded1848820,humaneval,body_first,10,away,1.0,-2.425408363342285,-0.11290828138589859,False,True
3105,318a4943910c16b3ff8fb79b2657c29ee14b27279ef9f7ed6da3f2ded1848820,humaneval,body_first,10,random,1.0,-2.4178428649902344,-0.1131552904844284,False,True
3105,318a4943910c16b3ff8fb79b2657c29ee14b27279ef9f7ed6da3f2ded1848820,humaneval,body_first,12,toward,0.5,-2.4320895671844482,-0.11177712678909302,False,True
3105,318a4943910c16b3ff8fb79b2657c29ee14b27279ef9f7ed6da3f2ded1848820,humaneval,body_first,12,away,0.5,-2.3833940029144287,-0.11776904761791229,False,True
3105,318a4943910c16b3ff8fb79b2657c29ee14b27279ef9f7ed6da3f2ded1848820,humaneval,body_first,12,random,0.5,-2.4041693210601807,-0.11510683596134186,False,True
3105,318a4943910c16b3ff8fb79b2657c29ee14b27279ef9f7ed6da3f2ded1848820,humaneval,body_first,12,toward,1.0,-2.4318056106567383,-0.11149309575557709,False,True
3105,318a4943910c16b3ff8fb79b2657c29ee14b27279ef9f7ed6da3f2ded1848820,humaneval,body_first,12,away,1.0,-2.362572431564331,-0.12038497626781464,False,True
3105,318a4943910c16b3ff8fb79b2657c29ee14b27279ef9f7ed6da3f2ded1848820,humaneval,body_first,12,random,1.0,-2.404099225997925,-0.11503671109676361,False,True
3105,318a4943910c16b3ff8fb79b2657c29ee14b27279ef9f7ed6da3f2ded1848820,humaneval,body_first,14,toward,0.5,-2.4108612537384033,-0.11398635804653168,False,True
3105,318a4943910c16b3ff8fb79b2657c29ee14b27279ef9f7ed6da3f2ded1848820,humaneval,body_first,14,away,0.5,-2.3764398097991943,-0.11862721294164658,False,True
3105,318a4943910c16b3ff8fb79b2657c29ee14b27279ef9f7ed6da3f2ded1848820,humaneval,body_first,14,random,0.5,-2.410673141479492,-0.11379817873239517,False,True
3105,318a4943910c16b3ff8fb79b2657c29ee14b27279ef9f7ed6da3f2ded1848820,humaneval,body_first,14,toward,1.0,-2.38927960395813,-0.11584201455116272,False,True
3105,318a4943910c16b3ff8fb79b2657c29ee14b27279ef9f7ed6da3f2ded1848820,humaneval,body_first,14,away,1.0,-2.362424612045288,-0.12023721635341644,False,True
3105,318a4943910c16b3ff8fb79b2657c29ee14b27279ef9f7ed6da3f2ded1848820,humaneval,body_first,14,random,1.0,-2.4176595211029053,-0.1129719540476799,False,True
3105,318a4943910c16b3ff8fb79b2657c29ee14b27279ef9f7ed6da3f2ded1848820,humaneval,body_first,16,toward,0.5,-2.3898539543151855,-0.11641643941402435,False,True
3105,318a4943910c16b3ff8fb79b2657c29ee14b27279ef9f7ed6da3f2ded1848820,humaneval,body_first,16,away,0.5,-2.4111762046813965,-0.1143011525273323,False,True
3105,318a4943910c16b3ff8fb79b2657c29ee14b27279ef9f7ed6da3f2ded1848820,humaneval,body_first,16,random,0.5,-2.3969597816467285,-0.11570972204208374,False,True
3105,318a4943910c16b3ff8fb79b2657c29ee14b27279ef9f7ed6da3f2ded1848820,humaneval,body_first,16,toward,1.0,-2.36124849319458,-0.11906088143587112,False,True
3105,318a4943910c16b3ff8fb79b2657c29ee14b27279ef9f7ed6da3f2ded1848820,humaneval,body_first,16,away,1.0,-2.382561683654785,-0.11693666130304337,False,True
3105,318a4943910c16b3ff8fb79b2657c29ee14b27279ef9f7ed6da3f2ded1848820,humaneval,body_first,16,random,1.0,-2.382497549057007,-0.11687249690294266,False,True
3105,318a4943910c16b3ff8fb79b2657c29ee14b27279ef9f7ed6da3f2ded1848820,humaneval,body_first,18,toward,0.5,-2.3970706462860107,-0.11582057178020477,False,True
3105,318a4943910c16b3ff8fb79b2657c29ee14b27279ef9f7ed6da3f2ded1848820,humaneval,body_first,18,away,0.5,-2.396976947784424,-0.1157270297408104,False,True
3105,318a4943910c16b3ff8fb79b2657c29ee14b27279ef9f7ed6da3f2ded1848820,humaneval,body_first,18,random,0.5,-2.3967957496643066,-0.11554575711488724,False,True
3105,318a4943910c16b3ff8fb79b2657c29ee14b27279ef9f7ed6da3f2ded1848820,humaneval,body_first,18,toward,1.0,-2.3971431255340576,-0.11589318513870239,False,True
3105,318a4943910c16b3ff8fb79b2657c29ee14b27279ef9f7ed6da3f2ded1848820,humaneval,body_first,18,away,1.0,-2.389704942703247,-0.11626734584569931,False,True
3105,318a4943910c16b3ff8fb79b2657c29ee14b27279ef9f7ed6da3f2ded1848820,humaneval,body_first,18,random,1.0,-2.3965909481048584,-0.11534087359905243,False,True
3105,318a4943910c16b3ff8fb79b2657c29ee14b27279ef9f7ed6da3f2ded1848820,humaneval,body_first,20,toward,0.5,-2.3971660137176514,-0.11591601371765137,False,True
3105,318a4943910c16b3ff8fb79b2657c29ee14b27279ef9f7ed6da3f2ded1848820,humaneval,body_first,20,away,0.5,-2.397113561630249,-0.11586367338895798,False,True
3105,318a4943910c16b3ff8fb79b2657c29ee14b27279ef9f7ed6da3f2ded1848820,humaneval,body_first,20,random,0.5,-2.404266595840454,-0.11520405113697052,False,True
3105,318a4943910c16b3ff8fb79b2657c29ee14b27279ef9f7ed6da3f2ded1848820,humaneval,body_first,20,toward,1.0,-2.404282808303833,-0.11522019654512405,False,True
3105,318a4943910c16b3ff8fb79b2657c29ee14b27279ef9f7ed6da3f2ded1848820,humaneval,body_first,20,away,1.0,-2.404237985610962,-0.11517547070980072,False,True
3105,318a4943910c16b3ff8fb79b2657c29ee14b27279ef9f7ed6da3f2ded1848820,humaneval,body_first,20,random,1.0,-2.4042439460754395,-0.11518152803182602,False,True
3105,318a4943910c16b3ff8fb79b2657c29ee14b27279ef9f7ed6da3f2ded1848820,humaneval,body_first,22,toward,0.5,-2.3970887660980225,-0.11583883315324783,False,True
3105,318a4943910c16b3ff8fb79b2657c29ee14b27279ef9f7ed6da3f2ded1848820,humaneval,body_first,22,away,0.5,-2.4040894508361816,-0.11502683162689209,False,True
3105,318a4943910c16b3ff8fb79b2657c29ee14b27279ef9f7ed6da3f2ded1848820,humaneval,body_first,22,random,0.5,-2.404197931289673,-0.11513541638851166,False,True
3105,318a4943910c16b3ff8fb79b2657c29ee14b27279ef9f7ed6da3f2ded1848820,humaneval,body_first,22,toward,1.0,-2.4042282104492188,-0.11516569554805756,False,True
3105,318a4943910c16b3ff8fb79b2657c29ee14b27279ef9f7ed6da3f2ded1848820,humaneval,body_first,22,away,1.0,-2.397094249725342,-0.11584413796663284,False,True
3105,318a4943910c16b3ff8fb79b2657c29ee14b27279ef9f7ed6da3f2ded1848820,humaneval,body_first,22,random,1.0,-2.3971216678619385,-0.11587174236774445,False,True
3105,318a4943910c16b3ff8fb79b2657c29ee14b27279ef9f7ed6da3f2ded1848820,humaneval,body_first,23,toward,0.5,-2.404162645339966,-0.11510024964809418,False,True
3105,318a4943910c16b3ff8fb79b2657c29ee14b27279ef9f7ed6da3f2ded1848820,humaneval,body_first,23,away,0.5,-2.404162645339966,-0.11510024964809418,False,True
3105,318a4943910c16b3ff8fb79b2657c29ee14b27279ef9f7ed6da3f2ded1848820,humaneval,body_first,23,random,0.5,-2.404162645339966,-0.11510024964809418,False,True
3105,318a4943910c16b3ff8fb79b2657c29ee14b27279ef9f7ed6da3f2ded1848820,humaneval,body_first,23,toward,1.0,-2.404162645339966,-0.11510024964809418,False,True
3105,318a4943910c16b3ff8fb79b2657c29ee14b27279ef9f7ed6da3f2ded1848820,humaneval,body_first,23,away,1.0,-2.404162645339966,-0.11510024964809418,False,True
3105,318a4943910c16b3ff8fb79b2657c29ee14b27279ef9f7ed6da3f2ded1848820,humaneval,body_first,23,random,1.0,-2.404162645339966,-0.11510024964809418,False,True
3105,318a4943910c16b3ff8fb79b2657c29ee14b27279ef9f7ed6da3f2ded1848820,humaneval,answer,0,toward,0.5,-2.474255084991455,-0.10706756263971329,False,True
3105,318a4943910c16b3ff8fb79b2657c29ee14b27279ef9f7ed6da3f2ded1848820,humaneval,answer,0,away,0.5,-2.565990447998047,-0.0972403958439827,False,True
3105,318a4943910c16b3ff8fb79b2657c29ee14b27279ef9f7ed6da3f2ded1848820,humaneval,answer,0,random,0.5,-2.457195281982422,-0.1134452298283577,False,True
3105,318a4943910c16b3ff8fb79b2657c29ee14b27279ef9f7ed6da3f2ded1848820,humaneval,answer,0,toward,1.0,-2.4401230812072754,-0.11199798434972763,False,True
3105,318a4943910c16b3ff8fb79b2657c29ee14b27279ef9f7ed6da3f2ded1848820,humaneval,answer,0,away,1.0,-2.605734348297119,-0.09010925143957138,False,True
3105,318a4943910c16b3ff8fb79b2657c29ee14b27279ef9f7ed6da3f2ded1848820,humaneval,answer,0,random,1.0,-2.5607552528381348,-0.10763014107942581,False,True
3105,318a4943910c16b3ff8fb79b2657c29ee14b27279ef9f7ed6da3f2ded1848820,humaneval,answer,2,toward,0.5,-2.268892288208008,-0.13607977330684662,False,True
3105,318a4943910c16b3ff8fb79b2657c29ee14b27279ef9f7ed6da3f2ded1848820,humaneval,answer,2,away,0.5,-2.737187623977661,-0.08093751221895218,False,True
3105,318a4943910c16b3ff8fb79b2657c29ee14b27279ef9f7ed6da3f2ded1848820,humaneval,answer,2,random,0.5,-2.2053275108337402,-0.14282763004302979,False,True
3105,318a4943910c16b3ff8fb79b2657c29ee14b27279ef9f7ed6da3f2ded1848820,humaneval,answer,2,toward,1.0,-1.8403552770614624,-0.20754273235797882,False,True
3105,318a4943910c16b3ff8fb79b2657c29ee14b27279ef9f7ed6da3f2ded1848820,humaneval,answer,2,away,1.0,-3.1773111820220947,-0.052311260253190994,False,True
3105,318a4943910c16b3ff8fb79b2657c29ee14b27279ef9f7ed6da3f2ded1848820,humaneval,answer,2,random,1.0,-2.068793773651123,-0.16254369914531708,False,True
3105,318a4943910c16b3ff8fb79b2657c29ee14b27279ef9f7ed6da3f2ded1848820,humaneval,answer,4,toward,0.5,-2.113626003265381,-0.1526884138584137,False,True
3105,318a4943910c16b3ff8fb79b2657c29ee14b27279ef9f7ed6da3f2ded1848820,humaneval,answer,4,away,0.5,-2.4357786178588867,-0.10765368491411209,False,True
3105,318a4943910c16b3ff8fb79b2657c29ee14b27279ef9f7ed6da3f2ded1848820,humaneval,answer,4,random,0.5,-2.6620023250579834,-0.08387729525566101,False,True
3105,318a4943910c16b3ff8fb79b2657c29ee14b27279ef9f7ed6da3f2ded1848820,humaneval,answer,4,toward,1.0,-1.9088715314865112,-0.19012156128883362,False,True
3105,318a4943910c16b3ff8fb79b2657c29ee14b27279ef9f7ed6da3f2ded1848820,humaneval,answer,4,away,1.0,-1.7194219827651978,-0.22772279381752014,False,True
3105,318a4943910c16b3ff8fb79b2657c29ee14b27279ef9f7ed6da3f2ded1848820,humaneval,answer,4,random,1.0,-2.318540573120117,-0.11541565507650375,False,True
3105,318a4943910c16b3ff8fb79b2657c29ee14b27279ef9f7ed6da3f2ded1848820,humaneval,answer,6,toward,0.5,-1.9605538845062256,-0.179303839802742,False,True
3105,318a4943910c16b3ff8fb79b2657c29ee14b27279ef9f7ed6da3f2ded1848820,humaneval,answer,6,away,0.5,-2.595022439956665,-0.09502243250608444,False,True
3105,318a4943910c16b3ff8fb79b2657c29ee14b27279ef9f7ed6da3f2ded1848820,humaneval,answer,6,random,0.5,-2.0296952724456787,-0.16641412675380707,False,True
3105,318a4943910c16b3ff8fb79b2657c29ee14b27279ef9f7ed6da3f2ded1848820,humaneval,answer,6,toward,1.0,-1.56754732131958,-0.2745785117149353,False,True
3105,318a4943910c16b3ff8fb79b2657c29ee14b27279ef9f7ed6da3f2ded1848820,humaneval,answer,6,away,1.0,-2.57818865776062,-0.09381365776062012,False,True
3105,318a4943910c16b3ff8fb79b2657c29ee14b27279ef9f7ed6da3f2ded1848820,humaneval,answer,6,random,1.0,-1.7514129877090454,-0.2240692377090454,False,True
3105,318a4943910c16b3ff8fb79b2657c29ee14b27279ef9f7ed6da3f2ded1848820,humaneval,answer,8,toward,0.5,-2.239086627960205,-0.14533653855323792,False,True
3105,318a4943910c16b3ff8fb79b2657c29ee14b27279ef9f7ed6da3f2ded1848820,humaneval,answer,8,away,0.5,-2.6509320735931396,-0.08843206614255905,False,True
3105,318a4943910c16b3ff8fb79b2657c29ee14b27279ef9f7ed6da3f2ded1848820,humaneval,answer,8,random,0.5,-2.210258960723877,-0.1633838415145874,False,True
3105,318a4943910c16b3ff8fb79b2657c29ee14b27279ef9f7ed6da3f2ded1848820,humaneval,answer,8,toward,1.0,-1.9058587551116943,-0.23984313011169434,False,True
3105,318a4943910c16b3ff8fb79b2657c29ee14b27279ef9f7ed6da3f2ded1848820,humaneval,answer,8,away,1.0,-2.3026797771453857,-0.1308048665523529,False,True
3105,318a4943910c16b3ff8fb79b2657c29ee14b27279ef9f7ed6da3f2ded1848820,humaneval,answer,8,random,1.0,-1.788872241973877,-0.3435596823692322,False,True
3105,318a4943910c16b3ff8fb79b2657c29ee14b27279ef9f7ed6da3f2ded1848820,humaneval,answer,10,toward,0.5,-1.7634379863739014,-0.22925828397274017,False,True
3105,318a4943910c16b3ff8fb79b2657c29ee14b27279ef9f7ed6da3f2ded1848820,humaneval,answer,10,away,0.5,-2.571632146835327,-0.10288224369287491,False,True
3105,318a4943910c16b3ff8fb79b2657c29ee14b27279ef9f7ed6da3f2ded1848820,humaneval,answer,10,random,0.5,-1.9201630353927612,-0.19360052049160004,False,True
3105,318a4943910c16b3ff8fb79b2657c29ee14b27279ef9f7ed6da3f2ded1848820,humaneval,answer,10,toward,1.0,-1.2931389808654785,-0.5197014808654785,False,True
3105,318a4943910c16b3ff8fb79b2657c29ee14b27279ef9f7ed6da3f2ded1848820,humaneval,answer,10,away,1.0,-1.4829164743423462,-0.3266665041446686,False,True
3105,318a4943910c16b3ff8fb79b2657c29ee14b27279ef9f7ed6da3f2ded1848820,humaneval,answer,10,random,1.0,-1.5660529136657715,-0.3160528838634491,False,True
3105,318a4943910c16b3ff8fb79b2657c29ee14b27279ef9f7ed6da3f2ded1848820,humaneval,answer,12,toward,0.5,-1.946484088897705,-0.1886715441942215,False,True
3105,318a4943910c16b3ff8fb79b2657c29ee14b27279ef9f7ed6da3f2ded1848820,humaneval,answer,12,away,0.5,-2.7032113075256348,-0.09383633732795715,False,True
3105,318a4943910c16b3ff8fb79b2657c29ee14b27279ef9f7ed6da3f2ded1848820,humaneval,answer,12,random,0.5,-1.9331382513046265,-0.17923198640346527,False,True
3105,318a4943910c16b3ff8fb79b2657c29ee14b27279ef9f7ed6da3f2ded1848820,humaneval,answer,12,toward,1.0,-1.543921947479248,-0.30954691767692566,False,True
3105,318a4943910c16b3ff8fb79b2657c29ee14b27279ef9f7ed6da3f2ded1848820,humaneval,answer,12,away,1.0,-2.0592293739318848,-0.23891691863536835,False,True
3105,318a4943910c16b3ff8fb79b2657c29ee14b27279ef9f7ed6da3f2ded1848820,humaneval,answer,12,random,1.0,-1.4141886234283447,-0.31653231382369995,False,True
3105,318a4943910c16b3ff8fb79b2657c29ee14b27279ef9f7ed6da3f2ded1848820,humaneval,answer,14,toward,0.5,-2.157100200653076,-0.15221749246120453,False,True
3105,318a4943910c16b3ff8fb79b2657c29ee14b27279ef9f7ed6da3f2ded1848820,humaneval,answer,14,away,0.5,-2.2948665618896484,-0.1386166512966156,False,True
3105,318a4943910c16b3ff8fb79b2657c29ee14b27279ef9f7ed6da3f2ded1848820,humaneval,answer,14,random,0.5,-3.0360910892486572,-0.06734112650156021,False,True
3105,318a4943910c16b3ff8fb79b2657c29ee14b27279ef9f7ed6da3f2ded1848820,humaneval,answer,14,toward,1.0,-1.9438416957855225,-0.20165422558784485,False,True
3105,318a4943910c16b3ff8fb79b2657c29ee14b27279ef9f7ed6da3f2ded1848820,humaneval,answer,14,away,1.0,-1.7876646518707275,-0.29547715187072754,False,True
3105,318a4943910c16b3ff8fb79b2657c29ee14b27279ef9f7ed6da3f2ded1848820,humaneval,answer,14,random,1.0,-3.098557233810425,-0.08293215930461884,False,True
3105,318a4943910c16b3ff8fb79b2657c29ee14b27279ef9f7ed6da3f2ded1848820,humaneval,answer,16,toward,0.5,-2.665893077850342,-0.0955805554986,False,True
3105,318a4943910c16b3ff8fb79b2657c29ee14b27279ef9f7ed6da3f2ded1848820,humaneval,answer,16,away,0.5,-1.8443386554718018,-0.21152618527412415,False,True
3105,318a4943910c16b3ff8fb79b2657c29ee14b27279ef9f7ed6da3f2ded1848820,humaneval,answer,16,random,0.5,-2.368823289871216,-0.11882326751947403,False,True
3105,318a4943910c16b3ff8fb79b2657c29ee14b27279ef9f7ed6da3f2ded1848820,humaneval,answer,16,toward,1.0,-2.6743762493133545,-0.10406368225812912,False,True
3105,318a4943910c16b3ff8fb79b2657c29ee14b27279ef9f7ed6da3f2ded1848820,humaneval,answer,16,away,1.0,-1.134748101234436,-0.664044976234436,False,True
3105,318a4943910c16b3ff8fb79b2657c29ee14b27279ef9f7ed6da3f2ded1848820,humaneval,answer,16,random,1.0,-2.1480305194854736,-0.163655623793602,False,True
3105,318a4943910c16b3ff8fb79b2657c29ee14b27279ef9f7ed6da3f2ded1848820,humaneval,answer,18,toward,0.5,-2.2245633602142334,-0.1542508751153946,False,True
3105,318a4943910c16b3ff8fb79b2657c29ee14b27279ef9f7ed6da3f2ded1848820,humaneval,answer,18,away,0.5,-2.5269412994384766,-0.0972536951303482,False,True
3105,318a4943910c16b3ff8fb79b2657c29ee14b27279ef9f7ed6da3f2ded1848820,humaneval,answer,18,random,0.5,-2.4447221755981445,-0.12440962344408035,False,True
3105,318a4943910c16b3ff8fb79b2657c29ee14b27279ef9f7ed6da3f2ded1848820,humaneval,answer,18,toward,1.0,-2.229281425476074,-0.18240633606910706,False,True
3105,318a4943910c16b3ff8fb79b2657c29ee14b27279ef9f7ed6da3f2ded1848820,humaneval,answer,18,away,1.0,-2.107255697250366,-0.15608374774456024,False,True
3105,318a4943910c16b3ff8fb79b2657c29ee14b27279ef9f7ed6da3f2ded1848820,humaneval,answer,18,random,1.0,-2.346597909927368,-0.16111205518245697,False,True
3105,318a4943910c16b3ff8fb79b2657c29ee14b27279ef9f7ed6da3f2ded1848820,humaneval,answer,20,toward,0.5,-1.9296361207962036,-0.1952611356973648,False,True
3105,318a4943910c16b3ff8fb79b2657c29ee14b27279ef9f7ed6da3f2ded1848820,humaneval,answer,20,away,0.5,-2.9257450103759766,-0.07027631253004074,False,True
3105,318a4943910c16b3ff8fb79b2657c29ee14b27279ef9f7ed6da3f2ded1848820,humaneval,answer,20,random,0.5,-2.310633897781372,-0.12313385307788849,False,True
3105,318a4943910c16b3ff8fb79b2657c29ee14b27279ef9f7ed6da3f2ded1848820,humaneval,answer,20,toward,1.0,-1.6700074672698975,-0.27938252687454224,False,True
3105,318a4943910c16b3ff8fb79b2657c29ee14b27279ef9f7ed6da3f2ded1848820,humaneval,answer,20,away,1.0,-2.973041534423828,-0.07460403442382812,False,True
3105,318a4943910c16b3ff8fb79b2657c29ee14b27279ef9f7ed6da3f2ded1848820,humaneval,answer,20,random,1.0,-2.2400217056274414,-0.13064660131931305,False,True
3105,318a4943910c16b3ff8fb79b2657c29ee14b27279ef9f7ed6da3f2ded1848820,humaneval,answer,22,toward,0.5,-1.963415265083313,-0.1977902352809906,False,True
3105,318a4943910c16b3ff8fb79b2657c29ee14b27279ef9f7ed6da3f2ded1848820,humaneval,answer,22,away,0.5,-3.09360671043396,-0.05454416945576668,False,True
3105,318a4943910c16b3ff8fb79b2657c29ee14b27279ef9f7ed6da3f2ded1848820,humaneval,answer,22,random,0.5,-2.294417142868042,-0.12254207581281662,False,True
3105,318a4943910c16b3ff8fb79b2657c29ee14b27279ef9f7ed6da3f2ded1848820,humaneval,answer,22,toward,1.0,-1.665268898010254,-0.41526883840560913,False,True
3105,318a4943910c16b3ff8fb79b2657c29ee14b27279ef9f7ed6da3f2ded1848820,humaneval,answer,22,away,1.0,-3.640122175216675,-0.030747151002287865,False,True
3105,318a4943910c16b3ff8fb79b2657c29ee14b27279ef9f7ed6da3f2ded1848820,humaneval,answer,22,random,1.0,-2.195080280303955,-0.13258032500743866,False,True
3105,318a4943910c16b3ff8fb79b2657c29ee14b27279ef9f7ed6da3f2ded1848820,humaneval,answer,23,toward,0.5,-1.8668441772460938,-0.44496917724609375,False,True
3105,318a4943910c16b3ff8fb79b2657c29ee14b27279ef9f7ed6da3f2ded1848820,humaneval,answer,23,away,0.5,-3.5911617279052734,-0.028661640360951424,False,True
3105,318a4943910c16b3ff8fb79b2657c29ee14b27279ef9f7ed6da3f2ded1848820,humaneval,answer,23,random,0.5,-3.1592326164245605,-0.2607950270175934,False,True
3105,318a4943910c16b3ff8fb79b2657c29ee14b27279ef9f7ed6da3f2ded1848820,humaneval,answer,23,toward,1.0,-2.4950108528137207,-1.5575107336044312,False,True
3105,318a4943910c16b3ff8fb79b2657c29ee14b27279ef9f7ed6da3f2ded1848820,humaneval,answer,23,away,1.0,-3.9265494346618652,-0.02029942348599434,False,True
3105,318a4943910c16b3ff8fb79b2657c29ee14b27279ef9f7ed6da3f2ded1848820,humaneval,answer,23,random,1.0,-5.3805155754089355,-2.4195780754089355,False,False
3107,318a4943910c16b3ff8fb79b2657c29ee14b27279ef9f7ed6da3f2ded1848820,humaneval,baseline,-1,none,0.0,-2.547703742980957,-0.10239124298095703,False,True
3107,318a4943910c16b3ff8fb79b2657c29ee14b27279ef9f7ed6da3f2ded1848820,humaneval,if,0,toward,0.5,-2.4625134468078613,-0.11095083504915237,False,True
3107,318a4943910c16b3ff8fb79b2657c29ee14b27279ef9f7ed6da3f2ded1848820,humaneval,if,0,away,0.5,-2.4620957374572754,-0.11053316295146942,False,True
3107,318a4943910c16b3ff8fb79b2657c29ee14b27279ef9f7ed6da3f2ded1848820,humaneval,if,0,random,0.5,-2.4057605266571045,-0.1166980117559433,False,True
3107,318a4943910c16b3ff8fb79b2657c29ee14b27279ef9f7ed6da3f2ded1848820,humaneval,if,0,toward,1.0,-2.0920989513397217,-0.16241155564785004,False,True
3107,318a4943910c16b3ff8fb79b2657c29ee14b27279ef9f7ed6da3f2ded1848820,humaneval,if,0,away,1.0,-2.1700029373168945,-0.15437786281108856,False,True
3107,318a4943910c16b3ff8fb79b2657c29ee14b27279ef9f7ed6da3f2ded1848820,humaneval,if,0,random,1.0,-1.8498098850250244,-0.209184929728508,False,True
3107,318a4943910c16b3ff8fb79b2657c29ee14b27279ef9f7ed6da3f2ded1848820,humaneval,if,2,toward,0.5,-2.547344446182251,-0.10203199088573456,False,True
3107,318a4943910c16b3ff8fb79b2657c29ee14b27279ef9f7ed6da3f2ded1848820,humaneval,if,2,away,0.5,-2.462325096130371,-0.11076250672340393,False,True
3107,318a4943910c16b3ff8fb79b2657c29ee14b27279ef9f7ed6da3f2ded1848820,humaneval,if,2,random,0.5,-2.5262198448181152,-0.10434477776288986,False,True
3107,318a4943910c16b3ff8fb79b2657c29ee14b27279ef9f7ed6da3f2ded1848820,humaneval,if,2,toward,1.0,-2.576333522796631,-0.09977101534605026,False,True
3107,318a4943910c16b3ff8fb79b2657c29ee14b27279ef9f7ed6da3f2ded1848820,humaneval,if,2,away,1.0,-2.0039303302764893,-0.17580530047416687,False,True
3107,318a4943910c16b3ff8fb79b2657c29ee14b27279ef9f7ed6da3f2ded1848820,humaneval,if,2,random,1.0,-2.4479100704193115,-0.1119726151227951,False,True
3107,318a4943910c16b3ff8fb79b2657c29ee14b27279ef9f7ed6da3f2ded1848820,humaneval,if,4,toward,0.5,-2.5486643314361572,-0.10335193574428558,False,True
3107,318a4943910c16b3ff8fb79b2657c29ee14b27279ef9f7ed6da3f2ded1848820,humaneval,if,4,away,0.5,-2.5186383724212646,-0.1045757606625557,False,True
3107,318a4943910c16b3ff8fb79b2657c29ee14b27279ef9f7ed6da3f2ded1848820,humaneval,if,4,random,0.5,-2.547623872756958,-0.1023113951086998,False,True
3107,318a4943910c16b3ff8fb79b2657c29ee14b27279ef9f7ed6da3f2ded1848820,humaneval,if,4,toward,1.0,-2.4858858585357666,-0.11088574677705765,False,True
3107,318a4943910c16b3ff8fb79b2657c29ee14b27279ef9f7ed6da3f2ded1848820,humaneval,if,4,away,1.0,-2.461867094039917,-0.11030461639165878,False,True
3107,318a4943910c16b3ff8fb79b2657c29ee14b27279ef9f7ed6da3f2ded1848820,humaneval,if,4,random,1.0,-2.505060911178589,-0.10662351548671722,False,True
3107,318a4943910c16b3ff8fb79b2657c29ee14b27279ef9f7ed6da3f2ded1848820,humaneval,if,6,toward,0.5,-2.5761070251464844,-0.09954463690519333,False,True
3107,318a4943910c16b3ff8fb79b2657c29ee14b27279ef9f7ed6da3f2ded1848820,humaneval,if,6,away,0.5,-2.5549445152282715,-0.10181958228349686,False,True
3107,318a4943910c16b3ff8fb79b2657c29ee14b27279ef9f7ed6da3f2ded1848820,humaneval,if,6,random,0.5,-2.5974998474121094,-0.09749973565340042,False,True
3107,318a4943910c16b3ff8fb79b2657c29ee14b27279ef9f7ed6da3f2ded1848820,humaneval,if,6,toward,1.0,-2.5698795318603516,-0.10112950950860977,False,True
3107,318a4943910c16b3ff8fb79b2657c29ee14b27279ef9f7ed6da3f2ded1848820,humaneval,if,6,away,1.0,-2.5619161128997803,-0.10097865760326385,False,True
3107,318a4943910c16b3ff8fb79b2657c29ee14b27279ef9f7ed6da3f2ded1848820,humaneval,if,6,random,1.0,-2.7053277492523193,-0.0881403461098671,False,True
3107,318a4943910c16b3ff8fb79b2657c29ee14b27279ef9f7ed6da3f2ded1848820,humaneval,if,8,toward,0.5,-2.555039882659912,-0.10191486030817032,False,True
3107,318a4943910c16b3ff8fb79b2657c29ee14b27279ef9f7ed6da3f2ded1848820,humaneval,if,8,away,0.5,-2.540485382080078,-0.10298527777194977,False,True
3107,318a4943910c16b3ff8fb79b2657c29ee14b27279ef9f7ed6da3f2ded1848820,humaneval,if,8,random,0.5,-2.540527105331421,-0.10302700102329254,False,True
3107,318a4943910c16b3ff8fb79b2657c29ee14b27279ef9f7ed6da3f2ded1848820,humaneval,if,8,toward,1.0,-2.547811985015869,-0.1024995967745781,False,True
3107,318a4943910c16b3ff8fb79b2657c29ee14b27279ef9f7ed6da3f2ded1848820,humaneval,if,8,away,1.0,-2.540525197982788,-0.10302527993917465,False,True
3107,318a4943910c16b3ff8fb79b2657c29ee14b27279ef9f7ed6da3f2ded1848820,humaneval,if,8,random,1.0,-2.5334553718566895,-0.10376788675785065,False,True
3107,318a4943910c16b3ff8fb79b2657c29ee14b27279ef9f7ed6da3f2ded1848820,humaneval,if,10,toward,0.5,-2.5404155254364014,-0.10291558504104614,False,True
3107,318a4943910c16b3ff8fb79b2657c29ee14b27279ef9f7ed6da3f2ded1848820,humaneval,if,10,away,0.5,-2.5548243522644043,-0.10169941186904907,False,True
3107,318a4943910c16b3ff8fb79b2657c29ee14b27279ef9f7ed6da3f2ded1848820,humaneval,if,10,random,0.5,-2.5478546619415283,-0.10254210233688354,False,True
3107,318a4943910c16b3ff8fb79b2657c29ee14b27279ef9f7ed6da3f2ded1848820,humaneval,if,10,toward,1.0,-2.490506887435913,-0.1076943650841713,False,True
3107,318a4943910c16b3ff8fb79b2657c29ee14b27279ef9f7ed6da3f2ded1848820,humaneval,if,10,away,1.0,-2.5480034351348877,-0.10269099473953247,False,True
3107,318a4943910c16b3ff8fb79b2657c29ee14b27279ef9f7ed6da3f2ded1848820,humaneval,if,10,random,1.0,-2.555131196975708,-0.10200625658035278,False,True
3107,318a4943910c16b3ff8fb79b2657c29ee14b27279ef9f7ed6da3f2ded1848820,humaneval,if,12,toward,0.5,-2.5477635860443115,-0.10245118290185928,False,True
3107,318a4943910c16b3ff8fb79b2657c29ee14b27279ef9f7ed6da3f2ded1848820,humaneval,if,12,away,0.5,-2.5476484298706055,-0.10233604162931442,False,True
3107,318a4943910c16b3ff8fb79b2657c29ee14b27279ef9f7ed6da3f2ded1848820,humaneval,if,12,random,0.5,-2.5405633449554443,-0.10306335240602493,False,True
3107,318a4943910c16b3ff8fb79b2657c29ee14b27279ef9f7ed6da3f2ded1848820,humaneval,if,12,toward,1.0,-2.5193283557891846,-0.10526593029499054,False,True
3107,318a4943910c16b3ff8fb79b2657c29ee14b27279ef9f7ed6da3f2ded1848820,humaneval,if,12,away,1.0,-2.547837734222412,-0.10252531617879868,False,True
3107,318a4943910c16b3ff8fb79b2657c29ee14b27279ef9f7ed6da3f2ded1848820,humaneval,if,12,random,1.0,-2.5192432403564453,-0.10518062114715576,False,True
3107,318a4943910c16b3ff8fb79b2657c29ee14b27279ef9f7ed6da3f2ded1848820,humaneval,if,14,toward,0.5,-2.547741651535034,-0.10242912173271179,False,True
3107,318a4943910c16b3ff8fb79b2657c29ee14b27279ef9f7ed6da3f2ded1848820,humaneval,if,14,away,0.5,-2.5547945499420166,-0.10166947543621063,False,True
3107,318a4943910c16b3ff8fb79b2657c29ee14b27279ef9f7ed6da3f2ded1848820,humaneval,if,14,random,0.5,-2.554811716079712,-0.10168670862913132,False,True
3107,318a4943910c16b3ff8fb79b2657c29ee14b27279ef9f7ed6da3f2ded1848820,humaneval,if,14,toward,1.0,-2.5120222568511963,-0.10577214509248734,False,True
3107,318a4943910c16b3ff8fb79b2657c29ee14b27279ef9f7ed6da3f2ded1848820,humaneval,if,14,away,1.0,-2.540593385696411,-0.1030934602022171,False,True
3107,318a4943910c16b3ff8fb79b2657c29ee14b27279ef9f7ed6da3f2ded1848820,humaneval,if,14,random,1.0,-2.548027992248535,-0.10271541029214859,False,True
3107,318a4943910c16b3ff8fb79b2657c29ee14b27279ef9f7ed6da3f2ded1848820,humaneval,if,16,toward,0.5,-2.5548126697540283,-0.10168756544589996,False,True
3107,318a4943910c16b3ff8fb79b2657c29ee14b27279ef9f7ed6da3f2ded1848820,humaneval,if,16,away,0.5,-2.547739028930664,-0.10242664813995361,False,True
3107,318a4943910c16b3ff8fb79b2657c29ee14b27279ef9f7ed6da3f2ded1848820,humaneval,if,16,random,0.5,-2.5548202991485596,-0.101695217192173,False,True
3107,318a4943910c16b3ff8fb79b2657c29ee14b27279ef9f7ed6da3f2ded1848820,humaneval,if,16,toward,1.0,-2.533611297607422,-0.10392369329929352,False,True
3107,318a4943910c16b3ff8fb79b2657c29ee14b27279ef9f7ed6da3f2ded1848820,humaneval,if,16,away,1.0,-2.5405280590057373,-0.10302796959877014,False,True
3107,318a4943910c16b3ff8fb79b2657c29ee14b27279ef9f7ed6da3f2ded1848820,humaneval,if,16,random,1.0,-2.5338711738586426,-0.10418356209993362,False,True
3107,318a4943910c16b3ff8fb79b2657c29ee14b27279ef9f7ed6da3f2ded1848820,humaneval,if,18,toward,0.5,-2.5547988414764404,-0.10167378187179565,False,True
3107,318a4943910c16b3ff8fb79b2657c29ee14b27279ef9f7ed6da3f2ded1848820,humaneval,if,18,away,0.5,-2.5406501293182373,-0.1031501293182373,False,True
3107,318a4943910c16b3ff8fb79b2657c29ee14b27279ef9f7ed6da3f2ded1848820,humaneval,if,18,random,0.5,-2.554980516433716,-0.10185553878545761,False,True
3107,318a4943910c16b3ff8fb79b2657c29ee14b27279ef9f7ed6da3f2ded1848820,humaneval,if,18,toward,1.0,-2.5548815727233887,-0.10175648331642151,False,True
3107,318a4943910c16b3ff8fb79b2657c29ee14b27279ef9f7ed6da3f2ded1848820,humaneval,if,18,away,1.0,-2.554769992828369,-0.10164492577314377,False,True
3107,318a4943910c16b3ff8fb79b2657c29ee14b27279ef9f7ed6da3f2ded1848820,humaneval,if,18,random,1.0,-2.5549612045288086,-0.10183626413345337,False,True
3107,318a4943910c16b3ff8fb79b2657c29ee14b27279ef9f7ed6da3f2ded1848820,humaneval,if,20,toward,0.5,-2.547672986984253,-0.10236047208309174,False,True
3107,318a4943910c16b3ff8fb79b2657c29ee14b27279ef9f7ed6da3f2ded1848820,humaneval,if,20,away,0.5,-2.555049180984497,-0.10192422568798065,False,True
3107,318a4943910c16b3ff8fb79b2657c29ee14b27279ef9f7ed6da3f2ded1848820,humaneval,if,20,random,0.5,-2.554795980453491,-0.10167109221220016,False,True
3107,318a4943910c16b3ff8fb79b2657c29ee14b27279ef9f7ed6da3f2ded1848820,humaneval,if,20,toward,1.0,-2.54753041267395,-0.10221797972917557,False,True
3107,318a4943910c16b3ff8fb79b2657c29ee14b27279ef9f7ed6da3f2ded1848820,humaneval,if,20,away,1.0,-2.540720224380493,-0.10322033613920212,False,True
3107,318a4943910c16b3ff8fb79b2657c29ee14b27279ef9f7ed6da3f2ded1848820,humaneval,if,20,random,1.0,-2.547663450241089,-0.10235089063644409,False,True
3107,318a4943910c16b3ff8fb79b2657c29ee14b27279ef9f7ed6da3f2ded1848820,humaneval,if,22,toward,0.5,-2.5479202270507812,-0.1026078388094902,False,True
3107,318a4943910c16b3ff8fb79b2657c29ee14b27279ef9f7ed6da3f2ded1848820,humaneval,if,22,away,0.5,-2.5548088550567627,-0.10168390721082687,False,True
3107,318a4943910c16b3ff8fb79b2657c29ee14b27279ef9f7ed6da3f2ded1848820,humaneval,if,22,random,0.5,-2.547729253768921,-0.1024167463183403,False,True
3107,318a4943910c16b3ff8fb79b2657c29ee14b27279ef9f7ed6da3f2ded1848820,humaneval,if,22,toward,1.0,-2.5478391647338867,-0.10252660512924194,False,True
3107,318a4943910c16b3ff8fb79b2657c29ee14b27279ef9f7ed6da3f2ded1848820,humaneval,if,22,away,1.0,-2.54058837890625,-0.10308829694986343,False,True
3107,318a4943910c16b3ff8fb79b2657c29ee14b27279ef9f7ed6da3f2ded1848820,humaneval,if,22,random,1.0,-2.5477027893066406,-0.10239027440547943,False,True
3107,318a4943910c16b3ff8fb79b2657c29ee14b27279ef9f7ed6da3f2ded1848820,humaneval,if,23,toward,0.5,-2.5477166175842285,-0.1024041548371315,False,True
3107,318a4943910c16b3ff8fb79b2657c29ee14b27279ef9f7ed6da3f2ded1848820,humaneval,if,23,away,0.5,-2.5477166175842285,-0.1024041548371315,False,True
3107,318a4943910c16b3ff8fb79b2657c29ee14b27279ef9f7ed6da3f2ded1848820,humaneval,if,23,random,0.5,-2.5477166175842285,-0.1024041548371315,False,True
3107,318a4943910c16b3ff8fb79b2657c29ee14b27279ef9f7ed6da3f2ded1848820,humaneval,if,23,toward,1.0,-2.5477166175842285,-0.1024041548371315,False,True
3107,318a4943910c16b3ff8fb79b2657c29ee14b27279ef9f7ed6da3f2ded1848820,humaneval,if,23,away,1.0,-2.5477166175842285,-0.1024041548371315,False,True
3107,318a4943910c16b3ff8fb79b2657c29ee14b27279ef9f7ed6da3f2ded1848820,humaneval,if,23,random,1.0,-2.5477166175842285,-0.1024041548371315,False,True
3107,318a4943910c16b3ff8fb79b2657c29ee14b27279ef9f7ed6da3f2ded1848820,humaneval,body_first,0,toward,0.5,-2.5689737796783447,-0.1002238392829895,False,True
3107,318a4943910c16b3ff8fb79b2657c29ee14b27279ef9f7ed6da3f2ded1848820,humaneval,body_first,0,away,0.5,-2.533311367034912,-0.10362377017736435,False,True
3107,318a4943910c16b3ff8fb79b2657c29ee14b27279ef9f7ed6da3f2ded1848820,humaneval,body_first,0,random,0.5,-2.526395559310913,-0.10452057421207428,False,True
3107,318a4943910c16b3ff8fb79b2657c29ee14b27279ef9f7ed6da3f2ded1848820,humaneval,body_first,0,toward,1.0,-2.518866539001465,-0.10480412095785141,False,True
3107,318a4943910c16b3ff8fb79b2657c29ee14b27279ef9f7ed6da3f2ded1848820,humaneval,body_first,0,away,1.0,-2.547712802886963,-0.10240039229393005,False,True
3107,318a4943910c16b3ff8fb79b2657c29ee14b27279ef9f7ed6da3f2ded1848820,humaneval,body_first,0,random,1.0,-2.5267882347106934,-0.10491328686475754,False,True
3107,318a4943910c16b3ff8fb79b2657c29ee14b27279ef9f7ed6da3f2ded1848820,humaneval,body_first,2,toward,0.5,-2.548006296157837,-0.10269390046596527,False,True
3107,318a4943910c16b3ff8fb79b2657c29ee14b27279ef9f7ed6da3f2ded1848820,humaneval,body_first,2,away,0.5,-2.5621204376220703,-0.10118294507265091,False,True
3107,318a4943910c16b3ff8fb79b2657c29ee14b27279ef9f7ed6da3f2ded1848820,humaneval,body_first,2,random,0.5,-2.5620241165161133,-0.10108662396669388,False,True
3107,318a4943910c16b3ff8fb79b2657c29ee14b27279ef9f7ed6da3f2ded1848820,humaneval,body_first,2,toward,1.0,-2.526353597640991,-0.10447869449853897,False,True
3107,318a4943910c16b3ff8fb79b2657c29ee14b27279ef9f7ed6da3f2ded1848820,humaneval,body_first,2,away,1.0,-2.5480008125305176,-0.10268830507993698,False,True
3107,318a4943910c16b3ff8fb79b2657c29ee14b27279ef9f7ed6da3f2ded1848820,humaneval,body_first,2,random,1.0,-2.569411516189575,-0.10066157579421997,False,True
3107,318a4943910c16b3ff8fb79b2657c29ee14b27279ef9f7ed6da3f2ded1848820,humaneval,body_first,4,toward,0.5,-2.554809808731079,-0.10168487578630447,False,True
3107,318a4943910c16b3ff8fb79b2657c29ee14b27279ef9f7ed6da3f2ded1848820,humaneval,body_first,4,away,0.5,-2.5549631118774414,-0.10183820873498917,False,True
3107,318a4943910c16b3ff8fb79b2657c29ee14b27279ef9f7ed6da3f2ded1848820,humaneval,body_first,4,random,0.5,-2.5550031661987305,-0.10187825560569763,False,True
3107,318a4943910c16b3ff8fb79b2657c29ee14b27279ef9f7ed6da3f2ded1848820,humaneval,body_first,4,toward,1.0,-2.548154592514038,-0.10284201800823212,False,True
3107,318a4943910c16b3ff8fb79b2657c29ee14b27279ef9f7ed6da3f2ded1848820,humaneval,body_first,4,away,1.0,-2.54773211479187,-0.1024196520447731,False,True
3107,318a4943910c16b3ff8fb79b2657c29ee14b27279ef9f7ed6da3f2ded1848820,humaneval,body_first,4,random,1.0,-2.5548176765441895,-0.10169273614883423,False,True
3107,318a4943910c16b3ff8fb79b2657c29ee14b27279ef9f7ed6da3f2ded1848820,humaneval,body_first,6,toward,0.5,-2.5621273517608643,-0.10118994861841202,False,True
3107,318a4943910c16b3ff8fb79b2657c29ee14b27279ef9f7ed6da3f2ded1848820,humaneval,body_first,6,away,0.5,-2.547736406326294,-0.10242384672164917,False,True
3107,318a4943910c16b3ff8fb79b2657c29ee14b27279ef9f7ed6da3f2ded1848820,humaneval,body_first,6,random,0.5,-2.547701597213745,-0.10238920152187347,False,True
3107,318a4943910c16b3ff8fb79b2657c29ee14b27279ef9f7ed6da3f2ded1848820,humaneval,body_first,6,toward,1.0,-2.547823429107666,-0.10251100361347198,False,True
3107,318a4943910c16b3ff8fb79b2657c29ee14b27279ef9f7ed6da3f2ded1848820,humaneval,body_first,6,away,1.0,-2.5620951652526855,-0.10115773230791092,False,True
3107,318a4943910c16b3ff8fb79b2657c29ee14b27279ef9f7ed6da3f2ded1848820,humaneval,body_first,6,random,1.0,-2.5548014640808105,-0.10167636722326279,False,True
3107,318a4943910c16b3ff8fb79b2657c29ee14b27279ef9f7ed6da3f2ded1848820,humaneval,body_first,8,toward,0.5,-2.547715425491333,-0.10240297764539719,False,True
3107,318a4943910c16b3ff8fb79b2657c29ee14b27279ef9f7ed6da3f2ded1848820,humaneval,body_first,8,away,0.5,-2.561877727508545,-0.10094018280506134,False,True
3107,318a4943910c16b3ff8fb79b2657c29ee14b27279ef9f7ed6da3f2ded1848820,humaneval,body_first,8,random,0.5,-2.5548198223114014,-0.10169478505849838,False,True
3107,318a4943910c16b3ff8fb79b2657c29ee14b27279ef9f7ed6da3f2ded1848820,humaneval,body_first,8,toward,1.0,-2.5477187633514404,-0.10240620374679565,False,True
3107,318a4943910c16b3ff8fb79b2657c29ee14b27279ef9f7ed6da3f2ded1848820,humaneval,body_first,8,away,1.0,-2.547727108001709,-0.10241459310054779,False,True
3107,318a4943910c16b3ff8fb79b2657c29ee14b27279ef9f7ed6da3f2ded1848820,humaneval,body_first,8,random,1.0,-2.5549657344818115,-0.10184068232774734,False,True
3107,318a4943910c16b3ff8fb79b2657c29ee14b27279ef9f7ed6da3f2ded1848820,humaneval,body_first,10,toward,0.5,-2.540670871734619,-0.10317077487707138,False,True
3107,318a4943910c16b3ff8fb79b2657c29ee14b27279ef9f7ed6da3f2ded1848820,humaneval,body_first,10,away,0.5,-2.5477232933044434,-0.10241071879863739,False,True
3107,318a4943910c16b3ff8fb79b2657c29ee14b27279ef9f7ed6da3f2ded1848820,humaneval,body_first,10,random,0.5,-2.554994821548462,-0.10186975449323654,False,True
3107,318a4943910c16b3ff8fb79b2657c29ee14b27279ef9f7ed6da3f2ded1848820,humaneval,body_first,10,toward,1.0,-2.540663957595825,-0.10316389054059982,False,True
3107,318a4943910c16b3ff8fb79b2657c29ee14b27279ef9f7ed6da3f2ded1848820,humaneval,body_first,10,away,1.0,-2.554840564727783,-0.1017155647277832,False,True
3107,318a4943910c16b3ff8fb79b2657c29ee14b27279ef9f7ed6da3f2ded1848820,humaneval,body_first,10,random,1.0,-2.547717809677124,-0.10240533947944641,False,True
3107,318a4943910c16b3ff8fb79b2657c29ee14b27279ef9f7ed6da3f2ded1848820,humaneval,body_first,12,toward,0.5,-2.5477347373962402,-0.10242212563753128,False,True
3107,318a4943910c16b3ff8fb79b2657c29ee14b27279ef9f7ed6da3f2ded1848820,humaneval,body_first,12,away,0.5,-2.554971933364868,-0.10184703767299652,False,True
3107,318a4943910c16b3ff8fb79b2657c29ee14b27279ef9f7ed6da3f2ded1848820,humaneval,body_first,12,random,0.5,-2.54057240486145,-0.10307249426841736,False,True
3107,318a4943910c16b3ff8fb79b2657c29ee14b27279ef9f7ed6da3f2ded1848820,humaneval,body_first,12,toward,1.0,-2.5547993183135986,-0.10167432576417923,False,True
3107,318a4943910c16b3ff8fb79b2657c29ee14b27279ef9f7ed6da3f2ded1848820,humaneval,body_first,12,away,1.0,-2.5548152923583984,-0.1016903668642044,False,True
3107,318a4943910c16b3ff8fb79b2657c29ee14b27279ef9f7ed6da3f2ded1848820,humaneval,body_first,12,random,1.0,-2.5549700260162354,-0.10184509307146072,False,True
3107,318a4943910c16b3ff8fb79b2657c29ee14b27279ef9f7ed6da3f2ded1848820,humaneval,body_first,14,toward,0.5,-2.5477211475372314,-0.10240867733955383,False,True
3107,318a4943910c16b3ff8fb79b2657c29ee14b27279ef9f7ed6da3f2ded1848820,humaneval,body_first,14,away,0.5,-2.547639846801758,-0.10232732445001602,False,True
3107,318a4943910c16b3ff8fb79b2657c29ee14b27279ef9f7ed6da3f2ded1848820,humaneval,body_first,14,random,0.5,-2.5549681186676025,-0.10184305161237717,False,True
3107,318a4943910c16b3ff8fb79b2657c29ee14b27279ef9f7ed6da3f2ded1848820,humaneval,body_first,14,toward,1.0,-2.554807424545288,-0.10168250650167465,False,True
3107,318a4943910c16b3ff8fb79b2657c29ee14b27279ef9f7ed6da3f2ded1848820,humaneval,body_first,14,away,1.0,-2.5548148155212402,-0.10168971866369247,False,True
3107,318a4943910c16b3ff8fb79b2657c29ee14b27279ef9f7ed6da3f2ded1848820,humaneval,body_first,14,random,1.0,-2.554807186126709,-0.10168218612670898,False,True
3107,318a4943910c16b3ff8fb79b2657c29ee14b27279ef9f7ed6da3f2ded1848820,humaneval,body_first,16,toward,0.5,-2.554821491241455,-0.10169640183448792,False,True
3107,318a4943910c16b3ff8fb79b2657c29ee14b27279ef9f7ed6da3f2ded1848820,humaneval,body_first,16,away,0.5,-2.554795503616333,-0.10167055577039719,False,True
3107,318a4943910c16b3ff8fb79b2657c29ee14b27279ef9f7ed6da3f2ded1848820,humaneval,body_first,16,random,0.5,-2.547736406326294,-0.10242384672164917,False,True
3107,318a4943910c16b3ff8fb79b2657c29ee14b27279ef9f7ed6da3f2ded1848820,humaneval,body_first,16,toward,1.0,-2.54064679145813,-0.10314690321683884,False,True
3107,318a4943910c16b3ff8fb79b2657c29ee14b27279ef9f7ed6da3f2ded1848820,humaneval,body_first,16,away,1.0,-2.5477283000946045,-0.10241588950157166,False,True
3107,318a4943910c16b3ff8fb79b2657c29ee14b27279ef9f7ed6da3f2ded1848820,humaneval,body_first,16,random,1.0,-2.5477218627929688,-0.10240942984819412,False,True
3107,318a4943910c16b3ff8fb79b2657c29ee14b27279ef9f7ed6da3f2ded1848820,humaneval,body_first,18,toward,0.5,-2.554795265197754,-0.10167022794485092,False,True
3107,318a4943910c16b3ff8fb79b2657c29ee14b27279ef9f7ed6da3f2ded1848820,humaneval,body_first,18,away,0.5,-2.554973602294922,-0.10184864699840546,False,True
3107,318a4943910c16b3ff8fb79b2657c29ee14b27279ef9f7ed6da3f2ded1848820,humaneval,body_first,18,random,0.5,-2.547628402709961,-0.10231581330299377,False,True
3107,318a4943910c16b3ff8fb79b2657c29ee14b27279ef9f7ed6da3f2ded1848820,humaneval,body_first,18,toward,1.0,-2.5549683570861816,-0.10184326767921448,False,True
3107,318a4943910c16b3ff8fb79b2657c29ee14b27279ef9f7ed6da3f2ded1848820,humaneval,body_first,18,away,1.0,-2.5476880073547363,-0.10237553715705872,False,True
3107,318a4943910c16b3ff8fb79b2657c29ee14b27279ef9f7ed6da3f2ded1848820,humaneval,body_first,18,random,1.0,-2.554795742034912,-0.1016707718372345,False,True
3107,318a4943910c16b3ff8fb79b2657c29ee14b27279ef9f7ed6da3f2ded1848820,humaneval,body_first,20,toward,0.5,-2.547727108001709,-0.10241459310054779,False,True
3107,318a4943910c16b3ff8fb79b2657c29ee14b27279ef9f7ed6da3f2ded1848820,humaneval,body_first,20,away,0.5,-2.5477182865142822,-0.10240588337182999,False,True
3107,318a4943910c16b3ff8fb79b2657c29ee14b27279ef9f7ed6da3f2ded1848820,humaneval,body_first,20,random,0.5,-2.5477428436279297,-0.10243041068315506,False,True
3107,318a4943910c16b3ff8fb79b2657c29ee14b27279ef9f7ed6da3f2ded1848820,humaneval,body_first,20,toward,1.0,-2.5405774116516113,-0.10307732969522476,False,True
3107,318a4943910c16b3ff8fb79b2657c29ee14b27279ef9f7ed6da3f2ded1848820,humaneval,body_first,20,away,1.0,-2.547724723815918,-0.10241211950778961,False,True
3107,318a4943910c16b3ff8fb79b2657c29ee14b27279ef9f7ed6da3f2ded1848820,humaneval,body_first,20,random,1.0,-2.5406720638275146,-0.10317206382751465,False,True
3107,318a4943910c16b3ff8fb79b2657c29ee14b27279ef9f7ed6da3f2ded1848820,humaneval,body_first,22,toward,0.5,-2.5477375984191895,-0.10242503136396408,False,True
3107,318a4943910c16b3ff8fb79b2657c29ee14b27279ef9f7ed6da3f2ded1848820,humaneval,body_first,22,away,0.5,-2.5477380752563477,-0.1024254634976387,False,True
3107,318a4943910c16b3ff8fb79b2657c29ee14b27279ef9f7ed6da3f2ded1848820,humaneval,body_first,22,random,0.5,-2.554802894592285,-0.10167798399925232,False,True
3107,318a4943910c16b3ff8fb79b2657c29ee14b27279ef9f7ed6da3f2ded1848820,humaneval,body_first,22,toward,1.0,-2.554800271987915,-0.10167529433965683,False,True
3107,318a4943910c16b3ff8fb79b2657c29ee14b27279ef9f7ed6da3f2ded1848820,humaneval,body_first,22,away,1.0,-2.5549728870391846,-0.10184779018163681,False,True
3107,318a4943910c16b3ff8fb79b2657c29ee14b27279ef9f7ed6da3f2ded1848820,humaneval,body_first,22,random,1.0,-2.540639638900757,-0.10313969850540161,False,True
3107,318a4943910c16b3ff8fb79b2657c29ee14b27279ef9f7ed6da3f2ded1848820,humaneval,body_first,23,toward,0.5,-2.5477166175842285,-0.1024041548371315,False,True
3107,318a4943910c16b3ff8fb79b2657c29ee14b27279ef9f7ed6da3f2ded1848820,humaneval,body_first,23,away,0.5,-2.5477166175842285,-0.1024041548371315,False,True
3107,318a4943910c16b3ff8fb79b2657c29ee14b27279ef9f7ed6da3f2ded1848820,humaneval,body_first,23,random,0.5,-2.5477166175842285,-0.1024041548371315,False,True
3107,318a4943910c16b3ff8fb79b2657c29ee14b27279ef9f7ed6da3f2ded1848820,humaneval,body_first,23,toward,1.0,-2.5477166175842285,-0.1024041548371315,False,True
3107,318a4943910c16b3ff8fb79b2657c29ee14b27279ef9f7ed6da3f2ded1848820,humaneval,body_first,23,away,1.0,-2.5477166175842285,-0.1024041548371315,False,True
3107,318a4943910c16b3ff8fb79b2657c29ee14b27279ef9f7ed6da3f2ded1848820,humaneval,body_first,23,random,1.0,-2.5477166175842285,-0.1024041548371315,False,True
3107,318a4943910c16b3ff8fb79b2657c29ee14b27279ef9f7ed6da3f2ded1848820,humaneval,answer,0,toward,0.5,-2.5682990550994873,-0.0995490625500679,False,True
3107,318a4943910c16b3ff8fb79b2657c29ee14b27279ef9f7ed6da3f2ded1848820,humaneval,answer,0,away,0.5,-2.725964307785034,-0.08533941209316254,False,True
3107,318a4943910c16b3ff8fb79b2657c29ee14b27279ef9f7ed6da3f2ded1848820,humaneval,answer,0,random,0.5,-2.768634557723999,-0.08113450556993484,False,True
3107,318a4943910c16b3ff8fb79b2657c29ee14b27279ef9f7ed6da3f2ded1848820,humaneval,answer,0,toward,1.0,-2.5119998455047607,-0.1057499423623085,False,True
3107,318a4943910c16b3ff8fb79b2657c29ee14b27279ef9f7ed6da3f2ded1848820,humaneval,answer,0,away,1.0,-2.7516167163848877,-0.07974173873662949,False,True
3107,318a4943910c16b3ff8fb79b2657c29ee14b27279ef9f7ed6da3f2ded1848820,humaneval,answer,0,random,1.0,-2.7527101039886475,-0.08083504438400269,False,True
3107,318a4943910c16b3ff8fb79b2657c29ee14b27279ef9f7ed6da3f2ded1848820,humaneval,answer,2,toward,0.5,-2.403291940689087,-0.1220419630408287,False,True
3107,318a4943910c16b3ff8fb79b2657c29ee14b27279ef9f7ed6da3f2ded1848820,humaneval,answer,2,away,0.5,-2.8698318004608154,-0.07295680046081543,False,True
3107,318a4943910c16b3ff8fb79b2657c29ee14b27279ef9f7ed6da3f2ded1848820,humaneval,answer,2,random,0.5,-2.5806221961975098,-0.09624718129634857,False,True
3107,318a4943910c16b3ff8fb79b2657c29ee14b27279ef9f7ed6da3f2ded1848820,humaneval,answer,2,toward,1.0,-1.9264296293258667,-0.1920545995235443,False,True
3107,318a4943910c16b3ff8fb79b2657c29ee14b27279ef9f7ed6da3f2ded1848820,humaneval,answer,2,away,1.0,-3.2529537677764893,-0.04982874169945717,False,True
3107,318a4943910c16b3ff8fb79b2657c29ee14b27279ef9f7ed6da3f2ded1848820,humaneval,answer,2,random,1.0,-2.480273962020874,-0.10527387261390686,False,True
3107,318a4943910c16b3ff8fb79b2657c29ee14b27279ef9f7ed6da3f2ded1848820,humaneval,answer,4,toward,0.5,-2.2457754611968994,-0.1364004909992218,False,True
3107,318a4943910c16b3ff8fb79b2657c29ee14b27279ef9f7ed6da3f2ded1848820,humaneval,answer,4,away,0.5,-2.5867652893066406,-0.09457777440547943,False,True
3107,318a4943910c16b3ff8fb79b2657c29ee14b27279ef9f7ed6da3f2ded1848820,humaneval,answer,4,random,0.5,-2.318751811981201,-0.12343935668468475,False,True
3107,318a4943910c16b3ff8fb79b2657c29ee14b27279ef9f7ed6da3f2ded1848820,humaneval,answer,4,toward,1.0,-2.0163440704345703,-0.17259395122528076,False,True
3107,318a4943910c16b3ff8fb79b2657c29ee14b27279ef9f7ed6da3f2ded1848820,humaneval,answer,4,away,1.0,-1.8139110803604126,-0.2084423154592514,False,True
3107,318a4943910c16b3ff8fb79b2657c29ee14b27279ef9f7ed6da3f2ded1848820,humaneval,answer,4,random,1.0,-1.958229660987854,-0.1769796907901764,False,True
3107,318a4943910c16b3ff8fb79b2657c29ee14b27279ef9f7ed6da3f2ded1848820,humaneval,answer,6,toward,0.5,-2.0900564193725586,-0.16036881506443024,False,True
3107,318a4943910c16b3ff8fb79b2657c29ee14b27279ef9f7ed6da3f2ded1848820,humaneval,answer,6,away,0.5,-2.755265235900879,-0.08339014649391174,False,True
3107,318a4943910c16b3ff8fb79b2657c29ee14b27279ef9f7ed6da3f2ded1848820,humaneval,answer,6,random,0.5,-2.2735047340393066,-0.13287971913814545,False,True
3107,318a4943910c16b3ff8fb79b2657c29ee14b27279ef9f7ed6da3f2ded1848820,humaneval,answer,6,toward,1.0,-1.6519484519958496,-0.2535109221935272,False,True
3107,318a4943910c16b3ff8fb79b2657c29ee14b27279ef9f7ed6da3f2ded1848820,humaneval,answer,6,away,1.0,-2.6945669651031494,-0.08519195765256882,False,True
3107,318a4943910c16b3ff8fb79b2657c29ee14b27279ef9f7ed6da3f2ded1848820,humaneval,answer,6,random,1.0,-1.8629224300384521,-0.20667248964309692,False,True
3107,318a4943910c16b3ff8fb79b2657c29ee14b27279ef9f7ed6da3f2ded1848820,humaneval,answer,8,toward,0.5,-2.3527069091796875,-0.13395681977272034,False,True
3107,318a4943910c16b3ff8fb79b2657c29ee14b27279ef9f7ed6da3f2ded1848820,humaneval,answer,8,away,0.5,-2.811368227005005,-0.0769931972026825,False,True
3107,318a4943910c16b3ff8fb79b2657c29ee14b27279ef9f7ed6da3f2ded1848820,humaneval,answer,8,random,0.5,-2.3749170303344727,-0.12491708248853683,False,True
3107,318a4943910c16b3ff8fb79b2657c29ee14b27279ef9f7ed6da3f2ded1848820,humaneval,answer,8,toward,1.0,-1.9437198638916016,-0.23668865859508514,False,True
3107,318a4943910c16b3ff8fb79b2657c29ee14b27279ef9f7ed6da3f2ded1848820,humaneval,answer,8,away,1.0,-2.4999568462371826,-0.1093318834900856,False,True
3107,318a4943910c16b3ff8fb79b2657c29ee14b27279ef9f7ed6da3f2ded1848820,humaneval,answer,8,random,1.0,-1.75981605052948,-0.26762858033180237,False,True
3107,318a4943910c16b3ff8fb79b2657c29ee14b27279ef9f7ed6da3f2ded1848820,humaneval,answer,10,toward,0.5,-1.895151972770691,-0.20447811484336853,False,True
3107,318a4943910c16b3ff8fb79b2657c29ee14b27279ef9f7ed6da3f2ded1848820,humaneval,answer,10,away,0.5,-2.731832265853882,-0.09120717644691467,False,True
3107,318a4943910c16b3ff8fb79b2657c29ee14b27279ef9f7ed6da3f2ded1848820,humaneval,answer,10,random,0.5,-2.4542174339294434,-0.11046751588582993,False,True
3107,318a4943910c16b3ff8fb79b2657c29ee14b27279ef9f7ed6da3f2ded1848820,humaneval,answer,10,toward,1.0,-1.397129774093628,-0.47916102409362793,False,True
3107,318a4943910c16b3ff8fb79b2657c29ee14b27279ef9f7ed6da3f2ded1848820,humaneval,answer,10,away,1.0,-1.6047210693359375,-0.2922210693359375,False,True
3107,318a4943910c16b3ff8fb79b2657c29ee14b27279ef9f7ed6da3f2ded1848820,humaneval,answer,10,random,1.0,-2.2076361179351807,-0.16076120734214783,False,True
3107,318a4943910c16b3ff8fb79b2657c29ee14b27279ef9f7ed6da3f2ded1848820,humaneval,answer,12,toward,0.5,-2.0224099159240723,-0.1786598414182663,False,True
3107,318a4943910c16b3ff8fb79b2657c29ee14b27279ef9f7ed6da3f2ded1848820,humaneval,answer,12,away,0.5,-2.9238226413726807,-0.08007267117500305,False,True
3107,318a4943910c16b3ff8fb79b2657c29ee14b27279ef9f7ed6da3f2ded1848820,humaneval,answer,12,random,0.5,-3.201399564743042,-0.0763995349407196,False,True
3107,318a4943910c16b3ff8fb79b2657c29ee14b27279ef9f7ed6da3f2ded1848820,humaneval,answer,12,toward,1.0,-1.6071139574050903,-0.29461395740509033,False,True
3107,318a4943910c16b3ff8fb79b2657c29ee14b27279ef9f7ed6da3f2ded1848820,humaneval,answer,12,away,1.0,-2.217926263809204,-0.21792633831501007,False,True
3107,318a4943910c16b3ff8fb79b2657c29ee14b27279ef9f7ed6da3f2ded1848820,humaneval,answer,12,random,1.0,-3.466278314590454,-0.09127822518348694,False,True
3107,318a4943910c16b3ff8fb79b2657c29ee14b27279ef9f7ed6da3f2ded1848820,humaneval,answer,14,toward,0.5,-2.2563416957855225,-0.14110735058784485,False,True
3107,318a4943910c16b3ff8fb79b2657c29ee14b27279ef9f7ed6da3f2ded1848820,humaneval,answer,14,away,0.5,-2.4375977516174316,-0.12509781122207642,False,True
3107,318a4943910c16b3ff8fb79b2657c29ee14b27279ef9f7ed6da3f2ded1848820,humaneval,answer,14,random,0.5,-2.7109668254852295,-0.10159193724393845,False,True
3107,318a4943910c16b3ff8fb79b2657c29ee14b27279ef9f7ed6da3f2ded1848820,humaneval,answer,14,toward,1.0,-1.9999275207519531,-0.1952400505542755,False,True
3107,318a4943910c16b3ff8fb79b2657c29ee14b27279ef9f7ed6da3f2ded1848820,humaneval,answer,14,away,1.0,-1.9209342002868652,-0.27249675989151,False,True
3107,318a4943910c16b3ff8fb79b2657c29ee14b27279ef9f7ed6da3f2ded1848820,humaneval,answer,14,random,1.0,-2.9694740772247314,-0.14134904742240906,False,True
3107,318a4943910c16b3ff8fb79b2657c29ee14b27279ef9f7ed6da3f2ded1848820,humaneval,answer,16,toward,0.5,-2.7979276180267334,-0.08699020743370056,False,True
3107,318a4943910c16b3ff8fb79b2657c29ee14b27279ef9f7ed6da3f2ded1848820,humaneval,answer,16,away,0.5,-1.991719126701355,-0.1870315819978714,False,True
3107,318a4943910c16b3ff8fb79b2657c29ee14b27279ef9f7ed6da3f2ded1848820,humaneval,answer,16,random,0.5,-2.188566207885742,-0.14950378239154816,False,True
3107,318a4943910c16b3ff8fb79b2657c29ee14b27279ef9f7ed6da3f2ded1848820,humaneval,answer,16,toward,1.0,-2.7781271934509277,-0.09843963384628296,False,True
3107,318a4943910c16b3ff8fb79b2657c29ee14b27279ef9f7ed6da3f2ded1848820,humaneval,answer,16,away,1.0,-1.2932209968566895,-0.5861896872520447,False,True
3107,318a4943910c16b3ff8fb79b2657c29ee14b27279ef9f7ed6da3f2ded1848820,humaneval,answer,16,random,1.0,-1.710903286933899,-0.24215327203273773,False,True
3107,318a4943910c16b3ff8fb79b2657c29ee14b27279ef9f7ed6da3f2ded1848820,humaneval,answer,18,toward,0.5,-2.3450655937194824,-0.1419406682252884,False,True
3107,318a4943910c16b3ff8fb79b2657c29ee14b27279ef9f7ed6da3f2ded1848820,humaneval,answer,18,away,0.5,-2.7153375148773193,-0.08252500742673874,False,True
3107,318a4943910c16b3ff8fb79b2657c29ee14b27279ef9f7ed6da3f2ded1848820,humaneval,answer,18,random,0.5,-2.7045087814331055,-0.09122741222381592,False,True
3107,318a4943910c16b3ff8fb79b2657c29ee14b27279ef9f7ed6da3f2ded1848820,humaneval,answer,18,toward,1.0,-2.3503897190093994,-0.1707022786140442,False,True
3107,318a4943910c16b3ff8fb79b2657c29ee14b27279ef9f7ed6da3f2ded1848820,humaneval,answer,18,away,1.0,-2.309572458267212,-0.12988495826721191,False,True
3107,318a4943910c16b3ff8fb79b2657c29ee14b27279ef9f7ed6da3f2ded1848820,humaneval,answer,18,random,1.0,-2.871128559112549,-0.07815984636545181,False,True
3107,318a4943910c16b3ff8fb79b2657c29ee14b27279ef9f7ed6da3f2ded1848820,humaneval,answer,20,toward,0.5,-2.0513224601745605,-0.17632241547107697,False,True
3107,318a4943910c16b3ff8fb79b2657c29ee14b27279ef9f7ed6da3f2ded1848820,humaneval,answer,20,away,0.5,-3.0986199378967285,-0.061510585248470306,False,True
3107,318a4943910c16b3ff8fb79b2657c29ee14b27279ef9f7ed6da3f2ded1848820,humaneval,answer,20,random,0.5,-2.6336498260498047,-0.09458720684051514,False,True
3107,318a4943910c16b3ff8fb79b2657c29ee14b27279ef9f7ed6da3f2ded1848820,humaneval,answer,20,toward,1.0,-1.7612574100494385,-0.2612573504447937,False,True
3107,318a4943910c16b3ff8fb79b2657c29ee14b27279ef9f7ed6da3f2ded1848820,humaneval,answer,20,away,1.0,-3.1552369594573975,-0.06539316475391388,False,True
3107,318a4943910c16b3ff8fb79b2657c29ee14b27279ef9f7ed6da3f2ded1848820,humaneval,answer,20,random,1.0,-2.8584022521972656,-0.07324611395597458,False,True
3107,318a4943910c16b3ff8fb79b2657c29ee14b27279ef9f7ed6da3f2ded1848820,humaneval,answer,22,toward,0.5,-2.087127685546875,-0.18087762594223022,False,True
3107,318a4943910c16b3ff8fb79b2657c29ee14b27279ef9f7ed6da3f2ded1848820,humaneval,answer,22,away,0.5,-3.265775203704834,-0.04702528566122055,False,True
3107,318a4943910c16b3ff8fb79b2657c29ee14b27279ef9f7ed6da3f2ded1848820,humaneval,answer,22,random,0.5,-2.289245128631592,-0.11737021803855896,False,True
3107,318a4943910c16b3ff8fb79b2657c29ee14b27279ef9f7ed6da3f2ded1848820,humaneval,answer,22,toward,1.0,-1.7868787050247192,-0.39625370502471924,False,True
3107,318a4943910c16b3ff8fb79b2657c29ee14b27279ef9f7ed6da3f2ded1848820,humaneval,answer,22,away,1.0,-3.8077948093414307,-0.0265447236597538,False,True
3107,318a4943910c16b3ff8fb79b2657c29ee14b27279ef9f7ed6da3f2ded1848820,humaneval,answer,22,random,1.0,-1.9730644226074219,-0.16056448221206665,False,True
3107,318a4943910c16b3ff8fb79b2657c29ee14b27279ef9f7ed6da3f2ded1848820,humaneval,answer,23,toward,0.5,-1.9665217399597168,-0.435271680355072,False,True
3107,318a4943910c16b3ff8fb79b2657c29ee14b27279ef9f7ed6da3f2ded1848820,humaneval,answer,23,away,0.5,-3.846472978591919,-0.022254260256886482,False,True
3107,318a4943910c16b3ff8fb79b2657c29ee14b27279ef9f7ed6da3f2ded1848820,humaneval,answer,23,random,0.5,-2.1881308555603027,-0.21156825125217438,False,True
3107,318a4943910c16b3ff8fb79b2657c29ee14b27279ef9f7ed6da3f2ded1848820,humaneval,answer,23,toward,1.0,-2.6021056175231934,-1.570855736732483,False,True
3107,318a4943910c16b3ff8fb79b2657c29ee14b27279ef9f7ed6da3f2ded1848820,humaneval,answer,23,away,1.0,-4.202895164489746,-0.015395139344036579,False,True
3107,318a4943910c16b3ff8fb79b2657c29ee14b27279ef9f7ed6da3f2ded1848820,humaneval,answer,23,random,1.0,-2.203486204147339,-0.8284862041473389,False,True
3108,318a4943910c16b3ff8fb79b2657c29ee14b27279ef9f7ed6da3f2ded1848820,humaneval,baseline,-1,none,0.0,-2.57609224319458,-0.09952985495328903,False,True
3108,318a4943910c16b3ff8fb79b2657c29ee14b27279ef9f7ed6da3f2ded1848820,humaneval,if,0,toward,0.5,-2.497568130493164,-0.10694320499897003,False,True
3108,318a4943910c16b3ff8fb79b2657c29ee14b27279ef9f7ed6da3f2ded1848820,humaneval,if,0,away,0.5,-2.561657667160034,-0.10072021186351776,False,True
3108,318a4943910c16b3ff8fb79b2657c29ee14b27279ef9f7ed6da3f2ded1848820,humaneval,if,0,random,0.5,-2.511904001235962,-0.10565395653247833,False,True
3108,318a4943910c16b3ff8fb79b2657c29ee14b27279ef9f7ed6da3f2ded1848820,humaneval,if,0,toward,1.0,-2.072188377380371,-0.16593830287456512,False,True
3108,318a4943910c16b3ff8fb79b2657c29ee14b27279ef9f7ed6da3f2ded1848820,humaneval,if,0,away,1.0,-2.2225754261016846,-0.14445045590400696,False,True
3108,318a4943910c16b3ff8fb79b2657c29ee14b27279ef9f7ed6da3f2ded1848820,humaneval,if,0,random,1.0,-2.018329381942749,-0.17457936704158783,False,True
3108,318a4943910c16b3ff8fb79b2657c29ee14b27279ef9f7ed6da3f2ded1848820,humaneval,if,2,toward,0.5,-2.6184144020080566,-0.09497690200805664,False,True
3108,318a4943910c16b3ff8fb79b2657c29ee14b27279ef9f7ed6da3f2ded1848820,humaneval,if,2,away,0.5,-2.4979071617126465,-0.10728207230567932,False,True
3108,318a4943910c16b3ff8fb79b2657c29ee14b27279ef9f7ed6da3f2ded1848820,humaneval,if,2,random,0.5,-2.540567636489868,-0.103067547082901,False,True
3108,318a4943910c16b3ff8fb79b2657c29ee14b27279ef9f7ed6da3f2ded1848820,humaneval,if,2,toward,1.0,-2.7119717597961426,-0.08697184920310974,False,True
3108,318a4943910c16b3ff8fb79b2657c29ee14b27279ef9f7ed6da3f2ded1848820,humaneval,if,2,away,1.0,-2.126105785369873,-0.1573556810617447,False,True
3108,318a4943910c16b3ff8fb79b2657c29ee14b27279ef9f7ed6da3f2ded1848820,humaneval,if,2,random,1.0,-2.4552927017211914,-0.11154279112815857,False,True
3108,318a4943910c16b3ff8fb79b2657c29ee14b27279ef9f7ed6da3f2ded1848820,humaneval,if,4,toward,0.5,-2.6052839756011963,-0.09747151285409927,False,True
3108,318a4943910c16b3ff8fb79b2657c29ee14b27279ef9f7ed6da3f2ded1848820,humaneval,if,4,away,0.5,-2.497537136077881,-0.1069120392203331,False,True
3108,318a4943910c16b3ff8fb79b2657c29ee14b27279ef9f7ed6da3f2ded1848820,humaneval,if,4,random,0.5,-2.633248805999756,-0.09418629109859467,False,True
3108,318a4943910c16b3ff8fb79b2657c29ee14b27279ef9f7ed6da3f2ded1848820,humaneval,if,4,toward,1.0,-2.634382724761963,-0.09532027691602707,False,True
3108,318a4943910c16b3ff8fb79b2657c29ee14b27279ef9f7ed6da3f2ded1848820,humaneval,if,4,away,1.0,-2.3306186199188232,-0.12749351561069489,False,True
3108,318a4943910c16b3ff8fb79b2657c29ee14b27279ef9f7ed6da3f2ded1848820,humaneval,if,4,random,1.0,-2.733973264694214,-0.08553575724363327,False,True
3108,318a4943910c16b3ff8fb79b2657c29ee14b27279ef9f7ed6da3f2ded1848820,humaneval,if,6,toward,0.5,-2.6338753700256348,-0.09481297433376312,False,True
3108,318a4943910c16b3ff8fb79b2657c29ee14b27279ef9f7ed6da3f2ded1848820,humaneval,if,6,away,0.5,-2.511564254760742,-0.1053142100572586,False,True
3108,318a4943910c16b3ff8fb79b2657c29ee14b27279ef9f7ed6da3f2ded1848820,humaneval,if,6,random,0.5,-2.5547900199890137,-0.1016649529337883,False,True
3108,318a4943910c16b3ff8fb79b2657c29ee14b27279ef9f7ed6da3f2ded1848820,humaneval,if,6,toward,1.0,-2.67098069190979,-0.09285559505224228,False,True
3108,318a4943910c16b3ff8fb79b2657c29ee14b27279ef9f7ed6da3f2ded1848820,humaneval,if,6,away,1.0,-2.4546444416046143,-0.11089438945055008,False,True
3108,318a4943910c16b3ff8fb79b2657c29ee14b27279ef9f7ed6da3f2ded1848820,humaneval,if,6,random,1.0,-2.5266573429107666,-0.10478243231773376,False,True
3108,318a4943910c16b3ff8fb79b2657c29ee14b27279ef9f7ed6da3f2ded1848820,humaneval,if,8,toward,0.5,-2.5620992183685303,-0.10116183012723923,False,True
3108,318a4943910c16b3ff8fb79b2657c29ee14b27279ef9f7ed6da3f2ded1848820,humaneval,if,8,away,0.5,-2.554612636566162,-0.10148768872022629,False,True
3108,318a4943910c16b3ff8fb79b2657c29ee14b27279ef9f7ed6da3f2ded1848820,humaneval,if,8,random,0.5,-2.554655075073242,-0.10153001546859741,False,True
3108,318a4943910c16b3ff8fb79b2657c29ee14b27279ef9f7ed6da3f2ded1848820,humaneval,if,8,toward,1.0,-2.5692341327667236,-0.10048423707485199,False,True
3108,318a4943910c16b3ff8fb79b2657c29ee14b27279ef9f7ed6da3f2ded1848820,humaneval,if,8,away,1.0,-2.498239517211914,-0.10761450976133347,False,True
3108,318a4943910c16b3ff8fb79b2657c29ee14b27279ef9f7ed6da3f2ded1848820,humaneval,if,8,random,1.0,-2.5333094596862793,-0.10362184047698975,False,True
3108,318a4943910c16b3ff8fb79b2657c29ee14b27279ef9f7ed6da3f2ded1848820,humaneval,if,10,toward,0.5,-2.547544479370117,-0.10223186761140823,False,True
3108,318a4943910c16b3ff8fb79b2657c29ee14b27279ef9f7ed6da3f2ded1848820,humaneval,if,10,away,0.5,-2.576353073120117,-0.09979065507650375,False,True
3108,318a4943910c16b3ff8fb79b2657c29ee14b27279ef9f7ed6da3f2ded1848820,humaneval,if,10,random,0.5,-2.5475101470947266,-0.10219763964414597,False,True
3108,318a4943910c16b3ff8fb79b2657c29ee14b27279ef9f7ed6da3f2ded1848820,humaneval,if,10,toward,1.0,-2.433887243270874,-0.11357463151216507,False,True
3108,318a4943910c16b3ff8fb79b2657c29ee14b27279ef9f7ed6da3f2ded1848820,humaneval,if,10,away,1.0,-2.5624501705169678,-0.10151256620883942,False,True
3108,318a4943910c16b3ff8fb79b2657c29ee14b27279ef9f7ed6da3f2ded1848820,humaneval,if,10,random,1.0,-2.5337467193603516,-0.10405916720628738,False,True
3108,318a4943910c16b3ff8fb79b2657c29ee14b27279ef9f7ed6da3f2ded1848820,humaneval,if,12,toward,0.5,-2.576185941696167,-0.09962352365255356,False,True
3108,318a4943910c16b3ff8fb79b2657c29ee14b27279ef9f7ed6da3f2ded1848820,humaneval,if,12,away,0.5,-2.57637095451355,-0.0998084545135498,False,True
3108,318a4943910c16b3ff8fb79b2657c29ee14b27279ef9f7ed6da3f2ded1848820,humaneval,if,12,random,0.5,-2.5762431621551514,-0.09968071430921555,False,True
3108,318a4943910c16b3ff8fb79b2657c29ee14b27279ef9f7ed6da3f2ded1848820,humaneval,if,12,toward,1.0,-2.555081605911255,-0.10195663571357727,False,True
3108,318a4943910c16b3ff8fb79b2657c29ee14b27279ef9f7ed6da3f2ded1848820,humaneval,if,12,away,1.0,-2.562366485595703,-0.10142909735441208,False,True
3108,318a4943910c16b3ff8fb79b2657c29ee14b27279ef9f7ed6da3f2ded1848820,humaneval,if,12,random,1.0,-2.5693094730377197,-0.10055938363075256,False,True
3108,318a4943910c16b3ff8fb79b2657c29ee14b27279ef9f7ed6da3f2ded1848820,humaneval,if,14,toward,0.5,-2.5688657760620117,-0.10011588037014008,False,True
3108,318a4943910c16b3ff8fb79b2657c29ee14b27279ef9f7ed6da3f2ded1848820,humaneval,if,14,away,0.5,-2.576225519180298,-0.0996629074215889,False,True
3108,318a4943910c16b3ff8fb79b2657c29ee14b27279ef9f7ed6da3f2ded1848820,humaneval,if,14,random,0.5,-2.575950860977173,-0.09938826411962509,False,True
3108,318a4943910c16b3ff8fb79b2657c29ee14b27279ef9f7ed6da3f2ded1848820,humaneval,if,14,toward,1.0,-2.526052474975586,-0.10417754203081131,False,True
3108,318a4943910c16b3ff8fb79b2657c29ee14b27279ef9f7ed6da3f2ded1848820,humaneval,if,14,away,1.0,-2.5549230575561523,-0.10179793834686279,False,True
3108,318a4943910c16b3ff8fb79b2657c29ee14b27279ef9f7ed6da3f2ded1848820,humaneval,if,14,random,1.0,-2.539987564086914,-0.10248744487762451,False,True
3108,318a4943910c16b3ff8fb79b2657c29ee14b27279ef9f7ed6da3f2ded1848820,humaneval,if,16,toward,0.5,-2.5690274238586426,-0.10027743130922318,False,True
3108,318a4943910c16b3ff8fb79b2657c29ee14b27279ef9f7ed6da3f2ded1848820,humaneval,if,16,away,0.5,-2.576223134994507,-0.09966053068637848,False,True
3108,318a4943910c16b3ff8fb79b2657c29ee14b27279ef9f7ed6da3f2ded1848820,humaneval,if,16,random,0.5,-2.569028854370117,-0.10027894377708435,False,True
3108,318a4943910c16b3ff8fb79b2657c29ee14b27279ef9f7ed6da3f2ded1848820,humaneval,if,16,toward,1.0,-2.547502040863037,-0.1021895706653595,False,True
3108,318a4943910c16b3ff8fb79b2657c29ee14b27279ef9f7ed6da3f2ded1848820,humaneval,if,16,away,1.0,-2.561976671218872,-0.1010391041636467,False,True
3108,318a4943910c16b3ff8fb79b2657c29ee14b27279ef9f7ed6da3f2ded1848820,humaneval,if,16,random,1.0,-2.5409955978393555,-0.10349565744400024,False,True
3108,318a4943910c16b3ff8fb79b2657c29ee14b27279ef9f7ed6da3f2ded1848820,humaneval,if,18,toward,0.5,-2.5760529041290283,-0.0994904637336731,False,True
3108,318a4943910c16b3ff8fb79b2657c29ee14b27279ef9f7ed6da3f2ded1848820,humaneval,if,18,away,0.5,-2.56901216506958,-0.10026222467422485,False,True
3108,318a4943910c16b3ff8fb79b2657c29ee14b27279ef9f7ed6da3f2ded1848820,humaneval,if,18,random,0.5,-2.583434820175171,-0.09905987977981567,False,True
3108,318a4943910c16b3ff8fb79b2657c29ee14b27279ef9f7ed6da3f2ded1848820,humaneval,if,18,toward,1.0,-2.5691030025482178,-0.10035302489995956,False,True
3108,318a4943910c16b3ff8fb79b2657c29ee14b27279ef9f7ed6da3f2ded1848820,humaneval,if,18,away,1.0,-2.5761618614196777,-0.09959924221038818,False,True
3108,318a4943910c16b3ff8fb79b2657c29ee14b27279ef9f7ed6da3f2ded1848820,humaneval,if,18,random,1.0,-2.576127052307129,-0.09956449270248413,False,True
3108,318a4943910c16b3ff8fb79b2657c29ee14b27279ef9f7ed6da3f2ded1848820,humaneval,if,20,toward,0.5,-2.576094388961792,-0.09953190386295319,False,True
3108,318a4943910c16b3ff8fb79b2657c29ee14b27279ef9f7ed6da3f2ded1848820,humaneval,if,20,away,0.5,-2.569032907485962,-0.10028282552957535,False,True
3108,318a4943910c16b3ff8fb79b2657c29ee14b27279ef9f7ed6da3f2ded1848820,humaneval,if,20,random,0.5,-2.5833334922790527,-0.09895849227905273,False,True
3108,318a4943910c16b3ff8fb79b2657c29ee14b27279ef9f7ed6da3f2ded1848820,humaneval,if,20,toward,1.0,-2.576133966445923,-0.09957139939069748,False,True
3108,318a4943910c16b3ff8fb79b2657c29ee14b27279ef9f7ed6da3f2ded1848820,humaneval,if,20,away,1.0,-2.5690910816192627,-0.10034105181694031,False,True
3108,318a4943910c16b3ff8fb79b2657c29ee14b27279ef9f7ed6da3f2ded1848820,humaneval,if,20,random,1.0,-2.5760958194732666,-0.09953341633081436,False,True
3108,318a4943910c16b3ff8fb79b2657c29ee14b27279ef9f7ed6da3f2ded1848820,humaneval,if,22,toward,0.5,-2.576267957687378,-0.09970542043447495,False,True
3108,318a4943910c16b3ff8fb79b2657c29ee14b27279ef9f7ed6da3f2ded1848820,humaneval,if,22,away,0.5,-2.576113224029541,-0.09955068677663803,False,True
3108,318a4943910c16b3ff8fb79b2657c29ee14b27279ef9f7ed6da3f2ded1848820,humaneval,if,22,random,0.5,-2.576267719268799,-0.09970520436763763,False,True
3108,318a4943910c16b3ff8fb79b2657c29ee14b27279ef9f7ed6da3f2ded1848820,humaneval,if,22,toward,1.0,-2.5689573287963867,-0.10020744800567627,False,True
3108,318a4943910c16b3ff8fb79b2657c29ee14b27279ef9f7ed6da3f2ded1848820,humaneval,if,22,away,1.0,-2.5761053562164307,-0.09954291582107544,False,True
3108,318a4943910c16b3ff8fb79b2657c29ee14b27279ef9f7ed6da3f2ded1848820,humaneval,if,22,random,1.0,-2.569243907928467,-0.10049394518136978,False,True
3108,318a4943910c16b3ff8fb79b2657c29ee14b27279ef9f7ed6da3f2ded1848820,humaneval,if,23,toward,0.5,-2.57609224319458,-0.09952985495328903,False,True
3108,318a4943910c16b3ff8fb79b2657c29ee14b27279ef9f7ed6da3f2ded1848820,humaneval,if,23,away,0.5,-2.57609224319458,-0.09952985495328903,False,True
3108,318a4943910c16b3ff8fb79b2657c29ee14b27279ef9f7ed6da3f2ded1848820,humaneval,if,23,random,0.5,-2.57609224319458,-0.09952985495328903,False,True
3108,318a4943910c16b3ff8fb79b2657c29ee14b27279ef9f7ed6da3f2ded1848820,humaneval,if,23,toward,1.0,-2.57609224319458,-0.09952985495328903,False,True
3108,318a4943910c16b3ff8fb79b2657c29ee14b27279ef9f7ed6da3f2ded1848820,humaneval,if,23,away,1.0,-2.57609224319458,-0.09952985495328903,False,True
3108,318a4943910c16b3ff8fb79b2657c29ee14b27279ef9f7ed6da3f2ded1848820,humaneval,if,23,random,1.0,-2.57609224319458,-0.09952985495328903,False,True
3108,318a4943910c16b3ff8fb79b2657c29ee14b27279ef9f7ed6da3f2ded1848820,humaneval,body_first,0,toward,0.5,-2.5615994930267334,-0.10066200792789459,False,True
3108,318a4943910c16b3ff8fb79b2657c29ee14b27279ef9f7ed6da3f2ded1848820,humaneval,body_first,0,away,0.5,-2.5544686317443848,-0.10134367644786835,False,True
3108,318a4943910c16b3ff8fb79b2657c29ee14b27279ef9f7ed6da3f2ded1848820,humaneval,body_first,0,random,0.5,-2.490471839904785,-0.10765936225652695,False,True
3108,318a4943910c16b3ff8fb79b2657c29ee14b27279ef9f7ed6da3f2ded1848820,humaneval,body_first,0,toward,1.0,-2.384211301803589,-0.1185862347483635,False,True
3108,318a4943910c16b3ff8fb79b2657c29ee14b27279ef9f7ed6da3f2ded1848820,humaneval,body_first,0,away,1.0,-2.419602155685425,-0.11491472274065018,False,True
3108,318a4943910c16b3ff8fb79b2657c29ee14b27279ef9f7ed6da3f2ded1848820,humaneval,body_first,0,random,1.0,-2.4406607151031494,-0.11253563314676285,False,True
3108,318a4943910c16b3ff8fb79b2657c29ee14b27279ef9f7ed6da3f2ded1848820,humaneval,body_first,2,toward,0.5,-2.47652530670166,-0.10933776199817657,False,True
3108,318a4943910c16b3ff8fb79b2657c29ee14b27279ef9f7ed6da3f2ded1848820,humaneval,body_first,2,away,0.5,-2.64033579826355,-0.09346085786819458,False,True
3108,318a4943910c16b3ff8fb79b2657c29ee14b27279ef9f7ed6da3f2ded1848820,humaneval,body_first,2,random,0.5,-2.561432123184204,-0.10049458593130112,False,True
3108,318a4943910c16b3ff8fb79b2657c29ee14b27279ef9f7ed6da3f2ded1848820,humaneval,body_first,2,toward,1.0,-2.392186164855957,-0.11874864250421524,False,True
3108,318a4943910c16b3ff8fb79b2657c29ee14b27279ef9f7ed6da3f2ded1848820,humaneval,body_first,2,away,1.0,-2.633028507232666,-0.0939660295844078,False,True
3108,318a4943910c16b3ff8fb79b2657c29ee14b27279ef9f7ed6da3f2ded1848820,humaneval,body_first,2,random,1.0,-2.5974526405334473,-0.09745269268751144,False,True
3108,318a4943910c16b3ff8fb79b2657c29ee14b27279ef9f7ed6da3f2ded1848820,humaneval,body_first,4,toward,0.5,-2.6122682094573975,-0.09664315730333328,False,True
3108,318a4943910c16b3ff8fb79b2657c29ee14b27279ef9f7ed6da3f2ded1848820,humaneval,body_first,4,away,0.5,-2.5474863052368164,-0.10217374563217163,False,True
3108,318a4943910c16b3ff8fb79b2657c29ee14b27279ef9f7ed6da3f2ded1848820,humaneval,body_first,4,random,0.5,-2.6191444396972656,-0.09570687264204025,False,True
3108,318a4943910c16b3ff8fb79b2657c29ee14b27279ef9f7ed6da3f2ded1848820,humaneval,body_first,4,toward,1.0,-2.6066653728485107,-0.09885277599096298,False,True
3108,318a4943910c16b3ff8fb79b2657c29ee14b27279ef9f7ed6da3f2ded1848820,humaneval,body_first,4,away,1.0,-2.5618913173675537,-0.10095375776290894,False,True
3108,318a4943910c16b3ff8fb79b2657c29ee14b27279ef9f7ed6da3f2ded1848820,humaneval,body_first,4,random,1.0,-2.619403839111328,-0.09596628695726395,False,True
3108,318a4943910c16b3ff8fb79b2657c29ee14b27279ef9f7ed6da3f2ded1848820,humaneval,body_first,6,toward,0.5,-2.54028058052063,-0.10278049111366272,False,True
3108,318a4943910c16b3ff8fb79b2657c29ee14b27279ef9f7ed6da3f2ded1848820,humaneval,body_first,6,away,0.5,-2.5907857418060303,-0.09859832376241684,False,True
3108,318a4943910c16b3ff8fb79b2657c29ee14b27279ef9f7ed6da3f2ded1848820,humaneval,body_first,6,random,0.5,-2.5688889026641846,-0.10013896226882935,False,True
3108,318a4943910c16b3ff8fb79b2657c29ee14b27279ef9f7ed6da3f2ded1848820,humaneval,body_first,6,toward,1.0,-2.469642162322998,-0.11026724427938461,False,True
3108,318a4943910c16b3ff8fb79b2657c29ee14b27279ef9f7ed6da3f2ded1848820,humaneval,body_first,6,away,1.0,-2.5692431926727295,-0.10049308091402054,False,True
3108,318a4943910c16b3ff8fb79b2657c29ee14b27279ef9f7ed6da3f2ded1848820,humaneval,body_first,6,random,1.0,-2.5473127365112305,-0.10200022906064987,False,True
3108,318a4943910c16b3ff8fb79b2657c29ee14b27279ef9f7ed6da3f2ded1848820,humaneval,body_first,8,toward,0.5,-2.5829246044158936,-0.09854971617460251,False,True
3108,318a4943910c16b3ff8fb79b2657c29ee14b27279ef9f7ed6da3f2ded1848820,humaneval,body_first,8,away,0.5,-2.5833842754364014,-0.09900924563407898,False,True
3108,318a4943910c16b3ff8fb79b2657c29ee14b27279ef9f7ed6da3f2ded1848820,humaneval,body_first,8,random,0.5,-2.5547800064086914,-0.10165504366159439,False,True
3108,318a4943910c16b3ff8fb79b2657c29ee14b27279ef9f7ed6da3f2ded1848820,humaneval,body_first,8,toward,1.0,-2.596909999847412,-0.09691011905670166,False,True
3108,318a4943910c16b3ff8fb79b2657c29ee14b27279ef9f7ed6da3f2ded1848820,humaneval,body_first,8,away,1.0,-2.6049325466156006,-0.097120001912117,False,True
3108,318a4943910c16b3ff8fb79b2657c29ee14b27279ef9f7ed6da3f2ded1848820,humaneval,body_first,8,random,1.0,-2.5547492504119873,-0.10162435472011566,False,True
3108,318a4943910c16b3ff8fb79b2657c29ee14b27279ef9f7ed6da3f2ded1848820,humaneval,body_first,10,toward,0.5,-2.6045455932617188,-0.0967329815030098,False,True
3108,318a4943910c16b3ff8fb79b2657c29ee14b27279ef9f7ed6da3f2ded1848820,humaneval,body_first,10,away,0.5,-2.5833170413970947,-0.09894207864999771,False,True
3108,318a4943910c16b3ff8fb79b2657c29ee14b27279ef9f7ed6da3f2ded1848820,humaneval,body_first,10,random,0.5,-2.576291799545288,-0.09972937405109406,False,True
3108,318a4943910c16b3ff8fb79b2657c29ee14b27279ef9f7ed6da3f2ded1848820,humaneval,body_first,10,toward,1.0,-2.6327903270721436,-0.09372790902853012,False,True
3108,318a4943910c16b3ff8fb79b2657c29ee14b27279ef9f7ed6da3f2ded1848820,humaneval,body_first,10,away,1.0,-2.6048457622528076,-0.09703335165977478,False,True
3108,318a4943910c16b3ff8fb79b2657c29ee14b27279ef9f7ed6da3f2ded1848820,humaneval,body_first,10,random,1.0,-2.5831551551818848,-0.09878020733594894,False,True
3108,318a4943910c16b3ff8fb79b2657c29ee14b27279ef9f7ed6da3f2ded1848820,humaneval,body_first,12,toward,0.5,-2.611607074737549,-0.09598199278116226,False,True
3108,318a4943910c16b3ff8fb79b2657c29ee14b27279ef9f7ed6da3f2ded1848820,humaneval,body_first,12,away,0.5,-2.562044143676758,-0.1011066660284996,False,True
3108,318a4943910c16b3ff8fb79b2657c29ee14b27279ef9f7ed6da3f2ded1848820,humaneval,body_first,12,random,0.5,-2.5619735717773438,-0.10103598237037659,False,True
3108,318a4943910c16b3ff8fb79b2657c29ee14b27279ef9f7ed6da3f2ded1848820,humaneval,body_first,12,toward,1.0,-2.6113221645355225,-0.09569723159074783,False,True
3108,318a4943910c16b3ff8fb79b2657c29ee14b27279ef9f7ed6da3f2ded1848820,humaneval,body_first,12,away,1.0,-2.541085958480835,-0.10358594357967377,False,True
3108,318a4943910c16b3ff8fb79b2657c29ee14b27279ef9f7ed6da3f2ded1848820,humaneval,body_first,12,random,1.0,-2.5549755096435547,-0.1018504798412323,False,True
3108,318a4943910c16b3ff8fb79b2657c29ee14b27279ef9f7ed6da3f2ded1848820,humaneval,body_first,14,toward,0.5,-2.590099573135376,-0.09791218489408493,False,True
3108,318a4943910c16b3ff8fb79b2657c29ee14b27279ef9f7ed6da3f2ded1848820,humaneval,body_first,14,away,0.5,-2.569490909576416,-0.10074101388454437,False,True
3108,318a4943910c16b3ff8fb79b2657c29ee14b27279ef9f7ed6da3f2ded1848820,humaneval,body_first,14,random,0.5,-2.5762035846710205,-0.09964100271463394,False,True
3108,318a4943910c16b3ff8fb79b2657c29ee14b27279ef9f7ed6da3f2ded1848820,humaneval,body_first,14,toward,1.0,-2.561101198196411,-0.10016366094350815,False,True
3108,318a4943910c16b3ff8fb79b2657c29ee14b27279ef9f7ed6da3f2ded1848820,humaneval,body_first,14,away,1.0,-2.5480077266693115,-0.10269518941640854,False,True
3108,318a4943910c16b3ff8fb79b2657c29ee14b27279ef9f7ed6da3f2ded1848820,humaneval,body_first,14,random,1.0,-2.583193063735962,-0.09881800413131714,False,True
3108,318a4943910c16b3ff8fb79b2657c29ee14b27279ef9f7ed6da3f2ded1848820,humaneval,body_first,16,toward,0.5,-2.56882643699646,-0.10007640719413757,False,True
3108,318a4943910c16b3ff8fb79b2657c29ee14b27279ef9f7ed6da3f2ded1848820,humaneval,body_first,16,away,0.5,-2.583275318145752,-0.09890029579401016,False,True
3108,318a4943910c16b3ff8fb79b2657c29ee14b27279ef9f7ed6da3f2ded1848820,humaneval,body_first,16,random,0.5,-2.583674430847168,-0.09929931908845901,False,True
3108,318a4943910c16b3ff8fb79b2657c29ee14b27279ef9f7ed6da3f2ded1848820,humaneval,body_first,16,toward,1.0,-2.532679319381714,-0.10299183428287506,False,True
3108,318a4943910c16b3ff8fb79b2657c29ee14b27279ef9f7ed6da3f2ded1848820,humaneval,body_first,16,away,1.0,-2.5613341331481934,-0.10039669275283813,False,True
3108,318a4943910c16b3ff8fb79b2657c29ee14b27279ef9f7ed6da3f2ded1848820,humaneval,body_first,16,random,1.0,-2.583716630935669,-0.0993417426943779,False,True
3108,318a4943910c16b3ff8fb79b2657c29ee14b27279ef9f7ed6da3f2ded1848820,humaneval,body_first,18,toward,0.5,-2.576111316680908,-0.09954874217510223,False,True
3108,318a4943910c16b3ff8fb79b2657c29ee14b27279ef9f7ed6da3f2ded1848820,humaneval,body_first,18,away,0.5,-2.568751811981201,-0.10000187903642654,False,True
3108,318a4943910c16b3ff8fb79b2657c29ee14b27279ef9f7ed6da3f2ded1848820,humaneval,body_first,18,random,0.5,-2.5762813091278076,-0.09971890598535538,False,True
3108,318a4943910c16b3ff8fb79b2657c29ee14b27279ef9f7ed6da3f2ded1848820,humaneval,body_first,18,toward,1.0,-2.576155662536621,-0.09959309548139572,False,True
3108,318a4943910c16b3ff8fb79b2657c29ee14b27279ef9f7ed6da3f2ded1848820,humaneval,body_first,18,away,1.0,-2.5686569213867188,-0.09990683943033218,False,True
3108,318a4943910c16b3ff8fb79b2657c29ee14b27279ef9f7ed6da3f2ded1848820,humaneval,body_first,18,random,1.0,-2.5833823680877686,-0.09900730103254318,False,True
3108,318a4943910c16b3ff8fb79b2657c29ee14b27279ef9f7ed6da3f2ded1848820,humaneval,body_first,20,toward,0.5,-2.5835108757019043,-0.0991358831524849,False,True
3108,318a4943910c16b3ff8fb79b2657c29ee14b27279ef9f7ed6da3f2ded1848820,humaneval,body_first,20,away,0.5,-2.5833022594451904,-0.09892717748880386,False,True
3108,318a4943910c16b3ff8fb79b2657c29ee14b27279ef9f7ed6da3f2ded1848820,humaneval,body_first,20,random,0.5,-2.5762062072753906,-0.09964359551668167,False,True
3108,318a4943910c16b3ff8fb79b2657c29ee14b27279ef9f7ed6da3f2ded1848820,humaneval,body_first,20,toward,1.0,-2.5692520141601562,-0.10050202906131744,False,True
3108,318a4943910c16b3ff8fb79b2657c29ee14b27279ef9f7ed6da3f2ded1848820,humaneval,body_first,20,away,1.0,-2.5764076709747314,-0.09984524548053741,False,True
3108,318a4943910c16b3ff8fb79b2657c29ee14b27279ef9f7ed6da3f2ded1848820,humaneval,body_first,20,random,1.0,-2.5762929916381836,-0.09973055869340897,False,True
3108,318a4943910c16b3ff8fb79b2657c29ee14b27279ef9f7ed6da3f2ded1848820,humaneval,body_first,22,toward,0.5,-2.5760982036590576,-0.09953579306602478,False,True
3108,318a4943910c16b3ff8fb79b2657c29ee14b27279ef9f7ed6da3f2ded1848820,humaneval,body_first,22,away,0.5,-2.5831756591796875,-0.09880062192678452,False,True
3108,318a4943910c16b3ff8fb79b2657c29ee14b27279ef9f7ed6da3f2ded1848820,humaneval,body_first,22,random,0.5,-2.5690135955810547,-0.10026363283395767,False,True
3108,318a4943910c16b3ff8fb79b2657c29ee14b27279ef9f7ed6da3f2ded1848820,humaneval,body_first,22,toward,1.0,-2.583238363265991,-0.09886346757411957,False,True
3108,318a4943910c16b3ff8fb79b2657c29ee14b27279ef9f7ed6da3f2ded1848820,humaneval,body_first,22,away,1.0,-2.576094150543213,-0.09953158348798752,False,True
3108,318a4943910c16b3ff8fb79b2657c29ee14b27279ef9f7ed6da3f2ded1848820,humaneval,body_first,22,random,1.0,-2.5760018825531006,-0.09943941980600357,False,True
3108,318a4943910c16b3ff8fb79b2657c29ee14b27279ef9f7ed6da3f2ded1848820,humaneval,body_first,23,toward,0.5,-2.57609224319458,-0.09952985495328903,False,True
3108,318a4943910c16b3ff8fb79b2657c29ee14b27279ef9f7ed6da3f2ded1848820,humaneval,body_first,23,away,0.5,-2.57609224319458,-0.09952985495328903,False,True
3108,318a4943910c16b3ff8fb79b2657c29ee14b27279ef9f7ed6da3f2ded1848820,humaneval,body_first,23,random,0.5,-2.57609224319458,-0.09952985495328903,False,True
3108,318a4943910c16b3ff8fb79b2657c29ee14b27279ef9f7ed6da3f2ded1848820,humaneval,body_first,23,toward,1.0,-2.57609224319458,-0.09952985495328903,False,True
3108,318a4943910c16b3ff8fb79b2657c29ee14b27279ef9f7ed6da3f2ded1848820,humaneval,body_first,23,away,1.0,-2.57609224319458,-0.09952985495328903,False,True
3108,318a4943910c16b3ff8fb79b2657c29ee14b27279ef9f7ed6da3f2ded1848820,humaneval,body_first,23,random,1.0,-2.57609224319458,-0.09952985495328903,False,True
3108,318a4943910c16b3ff8fb79b2657c29ee14b27279ef9f7ed6da3f2ded1848820,humaneval,answer,0,toward,0.5,-2.6037580966949463,-0.09594570845365524,False,True
3108,318a4943910c16b3ff8fb79b2657c29ee14b27279ef9f7ed6da3f2ded1848820,humaneval,answer,0,away,0.5,-2.740328550338745,-0.08407864719629288,False,True
3108,318a4943910c16b3ff8fb79b2657c29ee14b27279ef9f7ed6da3f2ded1848820,humaneval,answer,0,random,0.5,-2.4524738788604736,-0.11653633415699005,False,True
3108,318a4943910c16b3ff8fb79b2657c29ee14b27279ef9f7ed6da3f2ded1848820,humaneval,answer,0,toward,1.0,-2.540290355682373,-0.10279038548469543,False,True
3108,318a4943910c16b3ff8fb79b2657c29ee14b27279ef9f7ed6da3f2ded1848820,humaneval,answer,0,away,1.0,-2.7516112327575684,-0.07973624020814896,False,True
3108,318a4943910c16b3ff8fb79b2657c29ee14b27279ef9f7ed6da3f2ded1848820,humaneval,answer,0,random,1.0,-2.2983016967773438,-0.14205163717269897,False,True
3108,318a4943910c16b3ff8fb79b2657c29ee14b27279ef9f7ed6da3f2ded1848820,humaneval,answer,2,toward,0.5,-2.430488348007202,-0.11798837035894394,False,True
3108,318a4943910c16b3ff8fb79b2657c29ee14b27279ef9f7ed6da3f2ded1848820,humaneval,answer,2,away,0.5,-2.884486198425293,-0.07198608666658401,False,True
3108,318a4943910c16b3ff8fb79b2657c29ee14b27279ef9f7ed6da3f2ded1848820,humaneval,answer,2,random,0.5,-2.4696335792541504,-0.11025848984718323,False,True
3108,318a4943910c16b3ff8fb79b2657c29ee14b27279ef9f7ed6da3f2ded1848820,humaneval,answer,2,toward,1.0,-1.9449431896209717,-0.1871306449174881,False,True
3108,318a4943910c16b3ff8fb79b2657c29ee14b27279ef9f7ed6da3f2ded1848820,humaneval,answer,2,away,1.0,-3.2532591819763184,-0.050134237855672836,False,True
3108,318a4943910c16b3ff8fb79b2657c29ee14b27279ef9f7ed6da3f2ded1848820,humaneval,answer,2,random,1.0,-2.1463098526000977,-0.14630991220474243,False,True
3108,318a4943910c16b3ff8fb79b2657c29ee14b27279ef9f7ed6da3f2ded1848820,humaneval,answer,4,toward,0.5,-2.2592263221740723,-0.13422630727291107,False,True
3108,318a4943910c16b3ff8fb79b2657c29ee14b27279ef9f7ed6da3f2ded1848820,humaneval,answer,4,away,0.5,-2.6224253177642822,-0.09117528796195984,False,True
3108,318a4943910c16b3ff8fb79b2657c29ee14b27279ef9f7ed6da3f2ded1848820,humaneval,answer,4,random,0.5,-2.620176315307617,-0.08892636746168137,False,True
3108,318a4943910c16b3ff8fb79b2657c29ee14b27279ef9f7ed6da3f2ded1848820,humaneval,answer,4,toward,1.0,-2.043126344680786,-0.1681264191865921,False,True
3108,318a4943910c16b3ff8fb79b2657c29ee14b27279ef9f7ed6da3f2ded1848820,humaneval,answer,4,away,1.0,-1.839768648147583,-0.20304985344409943,False,True
3108,318a4943910c16b3ff8fb79b2657c29ee14b27279ef9f7ed6da3f2ded1848820,humaneval,answer,4,random,1.0,-2.299046039581299,-0.11935842782258987,False,True
3108,318a4943910c16b3ff8fb79b2657c29ee14b27279ef9f7ed6da3f2ded1848820,humaneval,answer,6,toward,0.5,-2.1095287799835205,-0.1564038246870041,False,True
3108,318a4943910c16b3ff8fb79b2657c29ee14b27279ef9f7ed6da3f2ded1848820,humaneval,answer,6,away,0.5,-2.755706310272217,-0.08383125811815262,False,True
3108,318a4943910c16b3ff8fb79b2657c29ee14b27279ef9f7ed6da3f2ded1848820,humaneval,answer,6,random,0.5,-2.18118953704834,-0.14993956685066223,False,True
3108,318a4943910c16b3ff8fb79b2657c29ee14b27279ef9f7ed6da3f2ded1848820,humaneval,answer,6,toward,1.0,-1.6574978828430176,-0.25124794244766235,False,True
3108,318a4943910c16b3ff8fb79b2657c29ee14b27279ef9f7ed6da3f2ded1848820,humaneval,answer,6,away,1.0,-2.6808078289031982,-0.08705773949623108,False,True
3108,318a4943910c16b3ff8fb79b2657c29ee14b27279ef9f7ed6da3f2ded1848820,humaneval,answer,6,random,1.0,-1.9800697565078735,-0.19100730121135712,False,True
3108,318a4943910c16b3ff8fb79b2657c29ee14b27279ef9f7ed6da3f2ded1848820,humaneval,answer,8,toward,0.5,-2.3657872676849365,-0.13141226768493652,False,True
3108,318a4943910c16b3ff8fb79b2657c29ee14b27279ef9f7ed6da3f2ded1848820,humaneval,answer,8,away,0.5,-2.797375202178955,-0.07862509042024612,False,True
3108,318a4943910c16b3ff8fb79b2657c29ee14b27279ef9f7ed6da3f2ded1848820,humaneval,answer,8,random,0.5,-1.951476812362671,-0.1702267974615097,False,True
3108,318a4943910c16b3ff8fb79b2657c29ee14b27279ef9f7ed6da3f2ded1848820,humaneval,answer,8,toward,1.0,-1.9400813579559326,-0.23695629835128784,False,True
3108,318a4943910c16b3ff8fb79b2657c29ee14b27279ef9f7ed6da3f2ded1848820,humaneval,answer,8,away,1.0,-2.444585084915161,-0.11646004766225815,False,True
3108,318a4943910c16b3ff8fb79b2657c29ee14b27279ef9f7ed6da3f2ded1848820,humaneval,answer,8,random,1.0,-1.4325225353240967,-0.2958037555217743,False,True
3108,318a4943910c16b3ff8fb79b2657c29ee14b27279ef9f7ed6da3f2ded1848820,humaneval,answer,10,toward,0.5,-1.9303268194198608,-0.19644014537334442,False,True
3108,318a4943910c16b3ff8fb79b2657c29ee14b27279ef9f7ed6da3f2ded1848820,humaneval,answer,10,away,0.5,-2.745847225189209,-0.08959722518920898,False,True
3108,318a4943910c16b3ff8fb79b2657c29ee14b27279ef9f7ed6da3f2ded1848820,humaneval,answer,10,random,0.5,-2.3089396953582764,-0.12925224006175995,False,True
3108,318a4943910c16b3ff8fb79b2657c29ee14b27279ef9f7ed6da3f2ded1848820,humaneval,answer,10,toward,1.0,-1.4112346172332764,-0.46592217683792114,False,True
3108,318a4943910c16b3ff8fb79b2657c29ee14b27279ef9f7ed6da3f2ded1848820,humaneval,answer,10,away,1.0,-1.4850122928619385,-0.32876235246658325,False,True
3108,318a4943910c16b3ff8fb79b2657c29ee14b27279ef9f7ed6da3f2ded1848820,humaneval,answer,10,random,1.0,-1.9762592315673828,-0.1950092762708664,False,True
3108,318a4943910c16b3ff8fb79b2657c29ee14b27279ef9f7ed6da3f2ded1848820,humaneval,answer,12,toward,0.5,-2.060838222503662,-0.17021331191062927,False,True
3108,318a4943910c16b3ff8fb79b2657c29ee14b27279ef9f7ed6da3f2ded1848820,humaneval,answer,12,away,0.5,-2.90922212600708,-0.08109713345766068,False,True
3108,318a4943910c16b3ff8fb79b2657c29ee14b27279ef9f7ed6da3f2ded1848820,humaneval,answer,12,random,0.5,-3.210792303085327,-0.05454225093126297,False,True
3108,318a4943910c16b3ff8fb79b2657c29ee14b27279ef9f7ed6da3f2ded1848820,humaneval,answer,12,toward,1.0,-1.6282418966293335,-0.2844918966293335,False,True
3108,318a4943910c16b3ff8fb79b2657c29ee14b27279ef9f7ed6da3f2ded1848820,humaneval,answer,12,away,1.0,-2.217527389526367,-0.21752744913101196,False,True
3108,318a4943910c16b3ff8fb79b2657c29ee14b27279ef9f7ed6da3f2ded1848820,humaneval,answer,12,random,1.0,-2.9595015048980713,-0.06887645274400711,False,True
3108,318a4943910c16b3ff8fb79b2657c29ee14b27279ef9f7ed6da3f2ded1848820,humaneval,answer,14,toward,0.5,-2.2813286781311035,-0.13679730892181396,False,True
3108,318a4943910c16b3ff8fb79b2657c29ee14b27279ef9f7ed6da3f2ded1848820,humaneval,answer,14,away,0.5,-2.4948549270629883,-0.11985481530427933,False,True
3108,318a4943910c16b3ff8fb79b2657c29ee14b27279ef9f7ed6da3f2ded1848820,humaneval,answer,14,random,0.5,-2.4491329193115234,-0.12100792676210403,False,True
3108,318a4943910c16b3ff8fb79b2657c29ee14b27279ef9f7ed6da3f2ded1848820,humaneval,answer,14,toward,1.0,-2.0284152030944824,-0.18857154250144958,False,True
3108,318a4943910c16b3ff8fb79b2657c29ee14b27279ef9f7ed6da3f2ded1848820,humaneval,answer,14,away,1.0,-2.004350185394287,-0.25435030460357666,False,True
3108,318a4943910c16b3ff8fb79b2657c29ee14b27279ef9f7ed6da3f2ded1848820,humaneval,answer,14,random,1.0,-2.080070972442627,-0.20116476714611053,False,True
3108,318a4943910c16b3ff8fb79b2657c29ee14b27279ef9f7ed6da3f2ded1848820,humaneval,answer,16,toward,0.5,-2.805032730102539,-0.08628271520137787,False,True
3108,318a4943910c16b3ff8fb79b2657c29ee14b27279ef9f7ed6da3f2ded1848820,humaneval,answer,16,away,0.5,-2.0586063861846924,-0.17579399049282074,False,True
3108,318a4943910c16b3ff8fb79b2657c29ee14b27279ef9f7ed6da3f2ded1848820,humaneval,answer,16,random,0.5,-2.6576244831085205,-0.1029369905591011,False,True
3108,318a4943910c16b3ff8fb79b2657c29ee14b27279ef9f7ed6da3f2ded1848820,humaneval,answer,16,toward,1.0,-2.792137861251831,-0.09682528674602509,False,True
3108,318a4943910c16b3ff8fb79b2657c29ee14b27279ef9f7ed6da3f2ded1848820,humaneval,answer,16,away,1.0,-1.371717095375061,-0.555310845375061,False,True
3108,318a4943910c16b3ff8fb79b2657c29ee14b27279ef9f7ed6da3f2ded1848820,humaneval,answer,16,random,1.0,-2.9359583854675293,-0.11564579606056213,False,True
3108,318a4943910c16b3ff8fb79b2657c29ee14b27279ef9f7ed6da3f2ded1848820,humaneval,answer,18,toward,0.5,-2.365518569946289,-0.13895605504512787,False,True
3108,318a4943910c16b3ff8fb79b2657c29ee14b27279ef9f7ed6da3f2ded1848820,humaneval,answer,18,away,0.5,-2.7661330699920654,-0.07863302528858185,False,True
3108,318a4943910c16b3ff8fb79b2657c29ee14b27279ef9f7ed6da3f2ded1848820,humaneval,answer,18,random,0.5,-2.490474224090576,-0.10766182094812393,False,True
3108,318a4943910c16b3ff8fb79b2657c29ee14b27279ef9f7ed6da3f2ded1848820,humaneval,answer,18,toward,1.0,-2.366682529449463,-0.16746379435062408,False,True
3108,318a4943910c16b3ff8fb79b2657c29ee14b27279ef9f7ed6da3f2ded1848820,humaneval,answer,18,away,1.0,-2.3780360221862793,-0.12217658758163452,False,True
3108,318a4943910c16b3ff8fb79b2657c29ee14b27279ef9f7ed6da3f2ded1848820,humaneval,answer,18,random,1.0,-2.0619704723358154,-0.1615799367427826,False,True
3108,318a4943910c16b3ff8fb79b2657c29ee14b27279ef9f7ed6da3f2ded1848820,humaneval,answer,20,toward,0.5,-2.077503204345703,-0.1712532788515091,False,True
3108,318a4943910c16b3ff8fb79b2657c29ee14b27279ef9f7ed6da3f2ded1848820,humaneval,answer,20,away,0.5,-3.1412625312805176,-0.05923140048980713,False,True
3108,318a4943910c16b3ff8fb79b2657c29ee14b27279ef9f7ed6da3f2ded1848820,humaneval,answer,20,random,0.5,-2.541513681411743,-0.09620127081871033,False,True
3108,318a4943910c16b3ff8fb79b2657c29ee14b27279ef9f7ed6da3f2ded1848820,humaneval,answer,20,toward,1.0,-1.797340989112854,-0.2504659593105316,False,True
3108,318a4943910c16b3ff8fb79b2657c29ee14b27279ef9f7ed6da3f2ded1848820,humaneval,answer,20,away,1.0,-3.2033889293670654,-0.06276383250951767,False,True
3108,318a4943910c16b3ff8fb79b2657c29ee14b27279ef9f7ed6da3f2ded1848820,humaneval,answer,20,random,1.0,-2.3945119380950928,-0.10935560613870621,False,True
3108,318a4943910c16b3ff8fb79b2657c29ee14b27279ef9f7ed6da3f2ded1848820,humaneval,answer,22,toward,0.5,-2.1136391162872314,-0.1761392056941986,False,True
3108,318a4943910c16b3ff8fb79b2657c29ee14b27279ef9f7ed6da3f2ded1848820,humaneval,answer,22,away,0.5,-3.303248167037964,-0.045435626059770584,False,True
3108,318a4943910c16b3ff8fb79b2657c29ee14b27279ef9f7ed6da3f2ded1848820,humaneval,answer,22,random,0.5,-2.460777997970581,-0.10530917346477509,False,True
3108,318a4943910c16b3ff8fb79b2657c29ee14b27279ef9f7ed6da3f2ded1848820,humaneval,answer,22,toward,1.0,-1.8082103729248047,-0.3863353729248047,False,True
3108,318a4943910c16b3ff8fb79b2657c29ee14b27279ef9f7ed6da3f2ded1848820,humaneval,answer,22,away,1.0,-3.838411569595337,-0.025911618024110794,False,True
3108,318a4943910c16b3ff8fb79b2657c29ee14b27279ef9f7ed6da3f2ded1848820,humaneval,answer,22,random,1.0,-2.395416259765625,-0.12124628573656082,False,True
3108,318a4943910c16b3ff8fb79b2657c29ee14b27279ef9f7ed6da3f2ded1848820,humaneval,answer,23,toward,0.5,-1.9881494045257568,-0.4256494343280792,False,True
3108,318a4943910c16b3ff8fb79b2657c29ee14b27279ef9f7ed6da3f2ded1848820,humaneval,answer,23,away,0.5,-3.8732433319091797,-0.02168072760105133,False,True
3108,318a4943910c16b3ff8fb79b2657c29ee14b27279ef9f7ed6da3f2ded1848820,humaneval,answer,23,random,0.5,-1.8347570896148682,-0.18631961941719055,False,True
3108,318a4943910c16b3ff8fb79b2657c29ee14b27279ef9f7ed6da3f2ded1848820,humaneval,answer,23,toward,1.0,-2.5911333560943604,-1.5598833560943604,False,True
3108,318a4943910c16b3ff8fb79b2657c29ee14b27279ef9f7ed6da3f2ded1848820,humaneval,answer,23,away,1.0,-4.202913761138916,-0.015413803048431873,False,True
3108,318a4943910c16b3ff8fb79b2657c29ee14b27279ef9f7ed6da3f2ded1848820,humaneval,answer,23,random,1.0,-1.318035364151001,-0.46256667375564575,False,True
3113,e811679db814937a48646b2a460a4dc15be80544e6dc69cfc0da899525038b9c,humaneval,baseline,-1,none,0.0,-2.16085147857666,-0.360070139169693,False,True
3113,e811679db814937a48646b2a460a4dc15be80544e6dc69cfc0da899525038b9c,humaneval,if,0,toward,0.5,-2.183702230453491,-0.3594835102558136,False,True
3113,e811679db814937a48646b2a460a4dc15be80544e6dc69cfc0da899525038b9c,humaneval,if,0,away,0.5,-2.1464946269989014,-0.37305718660354614,False,True
3113,e811679db814937a48646b2a460a4dc15be80544e6dc69cfc0da899525038b9c,humaneval,if,0,random,0.5,-2.1402297019958496,-0.36288583278656006,False,True
3113,e811679db814937a48646b2a460a4dc15be80544e6dc69cfc0da899525038b9c,humaneval,if,0,toward,1.0,-2.2040653228759766,-0.43062788248062134,False,True
3113,e811679db814937a48646b2a460a4dc15be80544e6dc69cfc0da899525038b9c,humaneval,if,0,away,1.0,-2.914625644683838,-0.21931323409080505,False,True
3113,e811679db814937a48646b2a460a4dc15be80544e6dc69cfc0da899525038b9c,humaneval,if,0,random,1.0,-2.4825894832611084,-0.2716519236564636,False,True
3113,e811679db814937a48646b2a460a4dc15be80544e6dc69cfc0da899525038b9c,humaneval,if,2,toward,0.5,-2.191819667816162,-0.3402571976184845,False,True
3113,e811679db814937a48646b2a460a4dc15be80544e6dc69cfc0da899525038b9c,humaneval,if,2,away,0.5,-2.072136640548706,-0.4197928309440613,False,True
3113,e811679db814937a48646b2a460a4dc15be80544e6dc69cfc0da899525038b9c,humaneval,if,2,random,0.5,-2.1343955993652344,-0.3765830993652344,False,True
3113,e811679db814937a48646b2a460a4dc15be80544e6dc69cfc0da899525038b9c,humaneval,if,2,toward,1.0,-2.209399700164795,-0.3500248193740845,False,True
3113,e811679db814937a48646b2a460a4dc15be80544e6dc69cfc0da899525038b9c,humaneval,if,2,away,1.0,-2.351088762283325,-0.3510887622833252,False,True
3113,e811679db814937a48646b2a460a4dc15be80544e6dc69cfc0da899525038b9c,humaneval,if,2,random,1.0,-2.0388643741607666,-0.4373018443584442,False,True
3113,e811679db814937a48646b2a460a4dc15be80544e6dc69cfc0da899525038b9c,humaneval,if,4,toward,0.5,-2.139850616455078,-0.3742256462574005,False,True
3113,e811679db814937a48646b2a460a4dc15be80544e6dc69cfc0da899525038b9c,humaneval,if,4,away,0.5,-2.1892430782318115,-0.3533055782318115,False,True
3113,e811679db814937a48646b2a460a4dc15be80544e6dc69cfc0da899525038b9c,humaneval,if,4,random,0.5,-2.1915366649627686,-0.35559919476509094,False,True
3113,e811679db814937a48646b2a460a4dc15be80544e6dc69cfc0da899525038b9c,humaneval,if,4,toward,1.0,-2.1183159351348877,-0.3956596851348877,False,True
3113,e811679db814937a48646b2a460a4dc15be80544e6dc69cfc0da899525038b9c,humaneval,if,4,away,1.0,-2.2172768115997314,-0.3461831212043762,False,True
3113,e811679db814937a48646b2a460a4dc15be80544e6dc69cfc0da899525038b9c,humaneval,if,4,random,1.0,-2.2274317741394043,-0.33290064334869385,False,True
3113,e811679db814937a48646b2a460a4dc15be80544e6dc69cfc0da899525038b9c,humaneval,if,6,toward,0.5,-2.1201095581054688,-0.37010958790779114,False,True
3113,e811679db814937a48646b2a460a4dc15be80544e6dc69cfc0da899525038b9c,humaneval,if,6,away,0.5,-2.172607898712158,-0.35229530930519104,False,True
3113,e811679db814937a48646b2a460a4dc15be80544e6dc69cfc0da899525038b9c,humaneval,if,6,random,0.5,-2.183650255203247,-0.34771284461021423,False,True
3113,e811679db814937a48646b2a460a4dc15be80544e6dc69cfc0da899525038b9c,humaneval,if,6,toward,1.0,-2.1059999465942383,-0.37162482738494873,False,True
3113,e811679db814937a48646b2a460a4dc15be80544e6dc69cfc0da899525038b9c,humaneval,if,6,away,1.0,-2.2192602157592773,-0.32472893595695496,False,True
3113,e811679db814937a48646b2a460a4dc15be80544e6dc69cfc0da899525038b9c,humaneval,if,6,random,1.0,-2.2355539798736572,-0.31758517026901245,False,True
3113,e811679db814937a48646b2a460a4dc15be80544e6dc69cfc0da899525038b9c,humaneval,if,8,toward,0.5,-2.1585378646850586,-0.3616628050804138,False,True
3113,e811679db814937a48646b2a460a4dc15be80544e6dc69cfc0da899525038b9c,humaneval,if,8,away,0.5,-2.1680514812469482,-0.359457790851593,False,True
3113,e811679db814937a48646b2a460a4dc15be80544e6dc69cfc0da899525038b9c,humaneval,if,8,random,0.5,-2.1439719200134277,-0.3588157594203949,False,True
3113,e811679db814937a48646b2a460a4dc15be80544e6dc69cfc0da899525038b9c,humaneval,if,8,toward,1.0,-2.184000015258789,-0.35196879506111145,False,True
3113,e811679db814937a48646b2a460a4dc15be80544e6dc69cfc0da899525038b9c,humaneval,if,8,away,1.0,-2.1715266704559326,-0.36293286085128784,False,True
3113,e811679db814937a48646b2a460a4dc15be80544e6dc69cfc0da899525038b9c,humaneval,if,8,random,1.0,-2.1274445056915283,-0.35205379128456116,False,True
3113,e811679db814937a48646b2a460a4dc15be80544e6dc69cfc0da899525038b9c,humaneval,if,10,toward,0.5,-2.2167110443115234,-0.3456173241138458,False,True
3113,e811679db814937a48646b2a460a4dc15be80544e6dc69cfc0da899525038b9c,humaneval,if,10,away,0.5,-2.151121139526367,-0.36596500873565674,False,True
3113,e811679db814937a48646b2a460a4dc15be80544e6dc69cfc0da899525038b9c,humaneval,if,10,random,0.5,-2.163705587387085,-0.3590180575847626,False,True
3113,e811679db814937a48646b2a460a4dc15be80544e6dc69cfc0da899525038b9c,humaneval,if,10,toward,1.0,-2.4962806701660156,-0.2892495095729828,False,True
3113,e811679db814937a48646b2a460a4dc15be80544e6dc69cfc0da899525038b9c,humaneval,if,10,away,1.0,-2.148898124694824,-0.3754606246948242,False,True
3113,e811679db814937a48646b2a460a4dc15be80544e6dc69cfc0da899525038b9c,humaneval,if,10,random,1.0,-2.160959482192993,-0.3601783215999603,False,True
3113,e811679db814937a48646b2a460a4dc15be80544e6dc69cfc0da899525038b9c,humaneval,if,12,toward,0.5,-2.184706687927246,-0.3565816581249237,False,True
3113,e811679db814937a48646b2a460a4dc15be80544e6dc69cfc0da899525038b9c,humaneval,if,12,away,0.5,-2.1345419883728027,-0.3689171075820923,False,True
3113,e811679db814937a48646b2a460a4dc15be80544e6dc69cfc0da899525038b9c,humaneval,if,12,random,0.5,-2.1601169109344482,-0.36324188113212585,False,True
3113,e811679db814937a48646b2a460a4dc15be80544e6dc69cfc0da899525038b9c,humaneval,if,12,toward,1.0,-2.2187936305999756,-0.35160619020462036,False,True
3113,e811679db814937a48646b2a460a4dc15be80544e6dc69cfc0da899525038b9c,humaneval,if,12,away,1.0,-2.109867572784424,-0.3754926323890686,False,True
3113,e811679db814937a48646b2a460a4dc15be80544e6dc69cfc0da899525038b9c,humaneval,if,12,random,1.0,-2.1491291522979736,-0.3717854619026184,False,True
3113,e811679db814937a48646b2a460a4dc15be80544e6dc69cfc0da899525038b9c,humaneval,if,14,toward,0.5,-2.1676905155181885,-0.3630030155181885,False,True
3113,e811679db814937a48646b2a460a4dc15be80544e6dc69cfc0da899525038b9c,humaneval,if,14,away,0.5,-2.1488044261932373,-0.3636481761932373,False,True
3113,e811679db814937a48646b2a460a4dc15be80544e6dc69cfc0da899525038b9c,humaneval,if,14,random,0.5,-2.152191162109375,-0.367034912109375,False,True
3113,e811679db814937a48646b2a460a4dc15be80544e6dc69cfc0da899525038b9c,humaneval,if,14,toward,1.0,-2.1870338916778564,-0.36672136187553406,False,True
3113,e811679db814937a48646b2a460a4dc15be80544e6dc69cfc0da899525038b9c,humaneval,if,14,away,1.0,-2.1356635093688965,-0.36613231897354126,False,True
3113,e811679db814937a48646b2a460a4dc15be80544e6dc69cfc0da899525038b9c,humaneval,if,14,random,1.0,-2.1403610706329346,-0.37473610043525696,False,True
3113,e811679db814937a48646b2a460a4dc15be80544e6dc69cfc0da899525038b9c,humaneval,if,16,toward,0.5,-2.150259494781494,-0.365103155374527,False,True
3113,e811679db814937a48646b2a460a4dc15be80544e6dc69cfc0da899525038b9c,humaneval,if,16,away,0.5,-2.1620447635650635,-0.3612634837627411,False,True
3113,e811679db814937a48646b2a460a4dc15be80544e6dc69cfc0da899525038b9c,humaneval,if,16,random,0.5,-2.1536026000976562,-0.364540159702301,False,True
3113,e811679db814937a48646b2a460a4dc15be80544e6dc69cfc0da899525038b9c,humaneval,if,16,toward,1.0,-2.1348307132720947,-0.37701818346977234,False,True
3113,e811679db814937a48646b2a460a4dc15be80544e6dc69cfc0da899525038b9c,humaneval,if,16,away,1.0,-2.1667587757110596,-0.35816505551338196,False,True
3113,e811679db814937a48646b2a460a4dc15be80544e6dc69cfc0da899525038b9c,humaneval,if,16,random,1.0,-2.151930332183838,-0.36677414178848267,False,True
3113,e811679db814937a48646b2a460a4dc15be80544e6dc69cfc0da899525038b9c,humaneval,if,18,toward,0.5,-2.158557653427124,-0.36168256402015686,False,True
3113,e811679db814937a48646b2a460a4dc15be80544e6dc69cfc0da899525038b9c,humaneval,if,18,away,0.5,-2.1593704223632812,-0.36249542236328125,False,True
3113,e811679db814937a48646b2a460a4dc15be80544e6dc69cfc0da899525038b9c,humaneval,if,18,random,0.5,-2.162899971008301,-0.3621186912059784,False,True
3113,e811679db814937a48646b2a460a4dc15be80544e6dc69cfc0da899525038b9c,humaneval,if,18,toward,1.0,-2.166276454925537,-0.3615890443325043,False,True
3113,e811679db814937a48646b2a460a4dc15be80544e6dc69cfc0da899525038b9c,humaneval,if,18,away,1.0,-2.173563003540039,-0.3571568429470062,False,True
3113,e811679db814937a48646b2a460a4dc15be80544e6dc69cfc0da899525038b9c,humaneval,if,18,random,1.0,-2.1688895225524902,-0.360295832157135,False,True
3113,e811679db814937a48646b2a460a4dc15be80544e6dc69cfc0da899525038b9c,humaneval,if,20,toward,0.5,-2.1579220294952393,-0.36104699969291687,False,True
3113,e811679db814937a48646b2a460a4dc15be80544e6dc69cfc0da899525038b9c,humaneval,if,20,away,0.5,-2.1563620567321777,-0.36339324712753296,False,True
3113,e811679db814937a48646b2a460a4dc15be80544e6dc69cfc0da899525038b9c,humaneval,if,20,random,0.5,-2.1594061851501465,-0.35862505435943604,False,True
3113,e811679db814937a48646b2a460a4dc15be80544e6dc69cfc0da899525038b9c,humaneval,if,20,toward,1.0,-2.1672959327697754,-0.35479581356048584,False,True
3113,e811679db814937a48646b2a460a4dc15be80544e6dc69cfc0da899525038b9c,humaneval,if,20,away,1.0,-2.1625964641571045,-0.36181530356407166,False,True
3113,e811679db814937a48646b2a460a4dc15be80544e6dc69cfc0da899525038b9c,humaneval,if,20,random,1.0,-2.158674955368042,-0.3539874851703644,False,True
3113,e811679db814937a48646b2a460a4dc15be80544e6dc69cfc0da899525038b9c,humaneval,if,22,toward,0.5,-2.159721612930298,-0.36284661293029785,False,True
3113,e811679db814937a48646b2a460a4dc15be80544e6dc69cfc0da899525038b9c,humaneval,if,22,away,0.5,-2.157827377319336,-0.3609522879123688,False,True
3113,e811679db814937a48646b2a460a4dc15be80544e6dc69cfc0da899525038b9c,humaneval,if,22,random,0.5,-2.1576426029205322,-0.3607676327228546,False,True
3113,e811679db814937a48646b2a460a4dc15be80544e6dc69cfc0da899525038b9c,humaneval,if,22,toward,1.0,-2.165102005004883,-0.36432066559791565,False,True
3113,e811679db814937a48646b2a460a4dc15be80544e6dc69cfc0da899525038b9c,humaneval,if,22,away,1.0,-2.1600682735443115,-0.3592870235443115,False,True
3113,e811679db814937a48646b2a460a4dc15be80544e6dc69cfc0da899525038b9c,humaneval,if,22,random,1.0,-2.1547141075134277,-0.3617452383041382,False,True
3113,e811679db814937a48646b2a460a4dc15be80544e6dc69cfc0da899525038b9c,humaneval,if,23,toward,0.5,-2.1583404541015625,-0.3614654839038849,False,True
3113,e811679db814937a48646b2a460a4dc15be80544e6dc69cfc0da899525038b9c,humaneval,if,23,away,0.5,-2.1583404541015625,-0.3614654839038849,False,True
3113,e811679db814937a48646b2a460a4dc15be80544e6dc69cfc0da899525038b9c,humaneval,if,23,random,0.5,-2.1583404541015625,-0.3614654839038849,False,True
3113,e811679db814937a48646b2a460a4dc15be80544e6dc69cfc0da899525038b9c,humaneval,if,23,toward,1.0,-2.1583404541015625,-0.3614654839038849,False,True
3113,e811679db814937a48646b2a460a4dc15be80544e6dc69cfc0da899525038b9c,humaneval,if,23,away,1.0,-2.1583404541015625,-0.3614654839038849,False,True
3113,e811679db814937a48646b2a460a4dc15be80544e6dc69cfc0da899525038b9c,humaneval,if,23,random,1.0,-2.1583404541015625,-0.3614654839038849,False,True
3113,e811679db814937a48646b2a460a4dc15be80544e6dc69cfc0da899525038b9c,humaneval,body_first,0,toward,0.5,-2.1768879890441895,-0.352669358253479,False,True
3113,e811679db814937a48646b2a460a4dc15be80544e6dc69cfc0da899525038b9c,humaneval,body_first,0,away,0.5,-2.169835090637207,-0.3651476800441742,False,True
3113,e811679db814937a48646b2a460a4dc15be80544e6dc69cfc0da899525038b9c,humaneval,body_first,0,random,0.5,-2.17618465423584,-0.35977837443351746,False,True
3113,e811679db814937a48646b2a460a4dc15be80544e6dc69cfc0da899525038b9c,humaneval,body_first,0,toward,1.0,-2.1873202323913574,-0.3513828217983246,False,True
3113,e811679db814937a48646b2a460a4dc15be80544e6dc69cfc0da899525038b9c,humaneval,body_first,0,away,1.0,-2.171753168106079,-0.3709719777107239,False,True
3113,e811679db814937a48646b2a460a4dc15be80544e6dc69cfc0da899525038b9c,humaneval,body_first,0,random,1.0,-2.16623854637146,-0.36936360597610474,False,True
3113,e811679db814937a48646b2a460a4dc15be80544e6dc69cfc0da899525038b9c,humaneval,body_first,2,toward,0.5,-2.165285348892212,-0.3605979382991791,False,True
3113,e811679db814937a48646b2a460a4dc15be80544e6dc69cfc0da899525038b9c,humaneval,body_first,2,away,0.5,-2.1405274868011475,-0.3670900762081146,False,True
3113,e811679db814937a48646b2a460a4dc15be80544e6dc69cfc0da899525038b9c,humaneval,body_first,2,random,0.5,-2.143477439880371,-0.36613380908966064,False,True
3113,e811679db814937a48646b2a460a4dc15be80544e6dc69cfc0da899525038b9c,humaneval,body_first,2,toward,1.0,-2.1638095378875732,-0.3591219484806061,False,True
3113,e811679db814937a48646b2a460a4dc15be80544e6dc69cfc0da899525038b9c,humaneval,body_first,2,away,1.0,-2.1100101470947266,-0.3717289865016937,False,True
3113,e811679db814937a48646b2a460a4dc15be80544e6dc69cfc0da899525038b9c,humaneval,body_first,2,random,1.0,-2.108179807662964,-0.37771105766296387,False,True
3113,e811679db814937a48646b2a460a4dc15be80544e6dc69cfc0da899525038b9c,humaneval,body_first,4,toward,0.5,-2.1367037296295166,-0.3632661700248718,False,True
3113,e811679db814937a48646b2a460a4dc15be80544e6dc69cfc0da899525038b9c,humaneval,body_first,4,away,0.5,-2.154606580734253,-0.36163780093193054,False,True
3113,e811679db814937a48646b2a460a4dc15be80544e6dc69cfc0da899525038b9c,humaneval,body_first,4,random,0.5,-2.1520471572875977,-0.36298468708992004,False,True
3113,e811679db814937a48646b2a460a4dc15be80544e6dc69cfc0da899525038b9c,humaneval,body_first,4,toward,1.0,-2.1287660598754883,-0.35923489928245544,False,True
3113,e811679db814937a48646b2a460a4dc15be80544e6dc69cfc0da899525038b9c,humaneval,body_first,4,away,1.0,-2.163907051086426,-0.3592195212841034,False,True
3113,e811679db814937a48646b2a460a4dc15be80544e6dc69cfc0da899525038b9c,humaneval,body_first,4,random,1.0,-2.145559072494507,-0.360402911901474,False,True
3113,e811679db814937a48646b2a460a4dc15be80544e6dc69cfc0da899525038b9c,humaneval,body_first,6,toward,0.5,-2.160499334335327,-0.3597181439399719,False,True
3113,e811679db814937a48646b2a460a4dc15be80544e6dc69cfc0da899525038b9c,humaneval,body_first,6,away,0.5,-2.1589252948760986,-0.36205029487609863,False,True
3113,e811679db814937a48646b2a460a4dc15be80544e6dc69cfc0da899525038b9c,humaneval,body_first,6,random,0.5,-2.1643459796905518,-0.35965847969055176,False,True
3113,e811679db814937a48646b2a460a4dc15be80544e6dc69cfc0da899525038b9c,humaneval,body_first,6,toward,1.0,-2.179108142852783,-0.35098302364349365,False,True
3113,e811679db814937a48646b2a460a4dc15be80544e6dc69cfc0da899525038b9c,humaneval,body_first,6,away,1.0,-2.1584362983703613,-0.3615614175796509,False,True
3113,e811679db814937a48646b2a460a4dc15be80544e6dc69cfc0da899525038b9c,humaneval,body_first,6,random,1.0,-2.1753809452056885,-0.3550684154033661,False,True
3113,e811679db814937a48646b2a460a4dc15be80544e6dc69cfc0da899525038b9c,humaneval,body_first,8,toward,0.5,-2.149360179901123,-0.3642038106918335,False,True
3113,e811679db814937a48646b2a460a4dc15be80544e6dc69cfc0da899525038b9c,humaneval,body_first,8,away,0.5,-2.1491405963897705,-0.3639843165874481,False,True
3113,e811679db814937a48646b2a460a4dc15be80544e6dc69cfc0da899525038b9c,humaneval,body_first,8,random,0.5,-2.155282497406006,-0.36231371760368347,False,True
3113,e811679db814937a48646b2a460a4dc15be80544e6dc69cfc0da899525038b9c,humaneval,body_first,8,toward,1.0,-2.1545753479003906,-0.36160650849342346,False,True
3113,e811679db814937a48646b2a460a4dc15be80544e6dc69cfc0da899525038b9c,humaneval,body_first,8,away,1.0,-2.1442408561706543,-0.3629909157752991,False,True
3113,e811679db814937a48646b2a460a4dc15be80544e6dc69cfc0da899525038b9c,humaneval,body_first,8,random,1.0,-2.148374319076538,-0.3632180988788605,False,True
3113,e811679db814937a48646b2a460a4dc15be80544e6dc69cfc0da899525038b9c,humaneval,body_first,10,toward,0.5,-2.1550419330596924,-0.36207321286201477,False,True
3113,e811679db814937a48646b2a460a4dc15be80544e6dc69cfc0da899525038b9c,humaneval,body_first,10,away,0.5,-2.1492838859558105,-0.364127516746521,False,True
3113,e811679db814937a48646b2a460a4dc15be80544e6dc69cfc0da899525038b9c,humaneval,body_first,10,random,0.5,-2.1548473834991455,-0.3618786633014679,False,True
3113,e811679db814937a48646b2a460a4dc15be80544e6dc69cfc0da899525038b9c,humaneval,body_first,10,toward,1.0,-2.1689062118530273,-0.35640624165534973,False,True
3113,e811679db814937a48646b2a460a4dc15be80544e6dc69cfc0da899525038b9c,humaneval,body_first,10,away,1.0,-2.1414737701416016,-0.3641301095485687,False,True
3113,e811679db814937a48646b2a460a4dc15be80544e6dc69cfc0da899525038b9c,humaneval,body_first,10,random,1.0,-2.1568307876586914,-0.35995569825172424,False,True
3113,e811679db814937a48646b2a460a4dc15be80544e6dc69cfc0da899525038b9c,humaneval,body_first,12,toward,0.5,-2.1888039112091064,-0.35286641120910645,False,True
3113,e811679db814937a48646b2a460a4dc15be80544e6dc69cfc0da899525038b9c,humaneval,body_first,12,away,0.5,-2.151751756668091,-0.3626892864704132,False,True
3113,e811679db814937a48646b2a460a4dc15be80544e6dc69cfc0da899525038b9c,humaneval,body_first,12,random,0.5,-2.1581714153289795,-0.3612963855266571,False,True
3113,e811679db814937a48646b2a460a4dc15be80544e6dc69cfc0da899525038b9c,humaneval,body_first,12,toward,1.0,-2.2071616649627686,-0.3477867543697357,False,True
3113,e811679db814937a48646b2a460a4dc15be80544e6dc69cfc0da899525038b9c,humaneval,body_first,12,away,1.0,-2.1408307552337646,-0.3634870648384094,False,True
3113,e811679db814937a48646b2a460a4dc15be80544e6dc69cfc0da899525038b9c,humaneval,body_first,12,random,1.0,-2.1637797355651855,-0.3590923249721527,False,True
3113,e811679db814937a48646b2a460a4dc15be80544e6dc69cfc0da899525038b9c,humaneval,body_first,14,toward,0.5,-2.173612356185913,-0.3572061359882355,False,True
3113,e811679db814937a48646b2a460a4dc15be80544e6dc69cfc0da899525038b9c,humaneval,body_first,14,away,0.5,-2.145754814147949,-0.3645049035549164,False,True
3113,e811679db814937a48646b2a460a4dc15be80544e6dc69cfc0da899525038b9c,humaneval,body_first,14,random,0.5,-2.1515982151031494,-0.3625358045101166,False,True
3113,e811679db814937a48646b2a460a4dc15be80544e6dc69cfc0da899525038b9c,humaneval,body_first,14,toward,1.0,-2.1855568885803223,-0.3535255789756775,False,True
3113,e811679db814937a48646b2a460a4dc15be80544e6dc69cfc0da899525038b9c,humaneval,body_first,14,away,1.0,-2.139533042907715,-0.366095632314682,False,True
3113,e811679db814937a48646b2a460a4dc15be80544e6dc69cfc0da899525038b9c,humaneval,body_first,14,random,1.0,-2.1571338176727295,-0.36025872826576233,False,True
3113,e811679db814937a48646b2a460a4dc15be80544e6dc69cfc0da899525038b9c,humaneval,body_first,16,toward,0.5,-2.161179304122925,-0.3603980839252472,False,True
3113,e811679db814937a48646b2a460a4dc15be80544e6dc69cfc0da899525038b9c,humaneval,body_first,16,away,0.5,-2.1550753116607666,-0.362106591463089,False,True
3113,e811679db814937a48646b2a460a4dc15be80544e6dc69cfc0da899525038b9c,humaneval,body_first,16,random,0.5,-2.1585543155670166,-0.3616793155670166,False,True
3113,e811679db814937a48646b2a460a4dc15be80544e6dc69cfc0da899525038b9c,humaneval,body_first,16,toward,1.0,-2.1606521606445312,-0.3598708510398865,False,True
3113,e811679db814937a48646b2a460a4dc15be80544e6dc69cfc0da899525038b9c,humaneval,body_first,16,away,1.0,-2.1618664264678955,-0.3610851466655731,False,True
3113,e811679db814937a48646b2a460a4dc15be80544e6dc69cfc0da899525038b9c,humaneval,body_first,16,random,1.0,-2.160017967224121,-0.3592367470264435,False,True
3113,e811679db814937a48646b2a460a4dc15be80544e6dc69cfc0da899525038b9c,humaneval,body_first,18,toward,0.5,-2.157100200653076,-0.36022523045539856,False,True
3113,e811679db814937a48646b2a460a4dc15be80544e6dc69cfc0da899525038b9c,humaneval,body_first,18,away,0.5,-2.1561779975891113,-0.3632093071937561,False,True
3113,e811679db814937a48646b2a460a4dc15be80544e6dc69cfc0da899525038b9c,humaneval,body_first,18,random,0.5,-2.158529043197632,-0.36165398359298706,False,True
3113,e811679db814937a48646b2a460a4dc15be80544e6dc69cfc0da899525038b9c,humaneval,body_first,18,toward,1.0,-2.1574623584747314,-0.36058729887008667,False,True
3113,e811679db814937a48646b2a460a4dc15be80544e6dc69cfc0da899525038b9c,humaneval,body_first,18,away,1.0,-2.1592442989349365,-0.3623692989349365,False,True
3113,e811679db814937a48646b2a460a4dc15be80544e6dc69cfc0da899525038b9c,humaneval,body_first,18,random,1.0,-2.161024570465088,-0.3602433502674103,False,True
3113,e811679db814937a48646b2a460a4dc15be80544e6dc69cfc0da899525038b9c,humaneval,body_first,20,toward,0.5,-2.15547513961792,-0.3625064492225647,False,True
3113,e811679db814937a48646b2a460a4dc15be80544e6dc69cfc0da899525038b9c,humaneval,body_first,20,away,0.5,-2.1565682888031006,-0.3635995388031006,False,True
3113,e811679db814937a48646b2a460a4dc15be80544e6dc69cfc0da899525038b9c,humaneval,body_first,20,random,0.5,-2.158339738845825,-0.3614647388458252,False,True
3113,e811679db814937a48646b2a460a4dc15be80544e6dc69cfc0da899525038b9c,humaneval,body_first,20,toward,1.0,-2.155604839324951,-0.36263611912727356,False,True
3113,e811679db814937a48646b2a460a4dc15be80544e6dc69cfc0da899525038b9c,humaneval,body_first,20,away,1.0,-2.1590025424957275,-0.36212748289108276,False,True
3113,e811679db814937a48646b2a460a4dc15be80544e6dc69cfc0da899525038b9c,humaneval,body_first,20,random,1.0,-2.155303955078125,-0.36233529448509216,False,True
3113,e811679db814937a48646b2a460a4dc15be80544e6dc69cfc0da899525038b9c,humaneval,body_first,22,toward,0.5,-2.158953905105591,-0.3620789349079132,False,True
3113,e811679db814937a48646b2a460a4dc15be80544e6dc69cfc0da899525038b9c,humaneval,body_first,22,away,0.5,-2.1582679748535156,-0.3613930642604828,False,True
3113,e811679db814937a48646b2a460a4dc15be80544e6dc69cfc0da899525038b9c,humaneval,body_first,22,random,0.5,-2.1585471630096436,-0.3616720736026764,False,True
3113,e811679db814937a48646b2a460a4dc15be80544e6dc69cfc0da899525038b9c,humaneval,body_first,22,toward,1.0,-2.1554503440856934,-0.3624814748764038,False,True
3113,e811679db814937a48646b2a460a4dc15be80544e6dc69cfc0da899525038b9c,humaneval,body_first,22,away,1.0,-2.1590161323547363,-0.3621410131454468,False,True
3113,e811679db814937a48646b2a460a4dc15be80544e6dc69cfc0da899525038b9c,humaneval,body_first,22,random,1.0,-2.1584599018096924,-0.3615848124027252,False,True
3113,e811679db814937a48646b2a460a4dc15be80544e6dc69cfc0da899525038b9c,humaneval,body_first,23,toward,0.5,-2.1583404541015625,-0.3614654839038849,False,True
3113,e811679db814937a48646b2a460a4dc15be80544e6dc69cfc0da899525038b9c,humaneval,body_first,23,away,0.5,-2.1583404541015625,-0.3614654839038849,False,True
3113,e811679db814937a48646b2a460a4dc15be80544e6dc69cfc0da899525038b9c,humaneval,body_first,23,random,0.5,-2.1583404541015625,-0.3614654839038849,False,True
3113,e811679db814937a48646b2a460a4dc15be80544e6dc69cfc0da899525038b9c,humaneval,body_first,23,toward,1.0,-2.1583404541015625,-0.3614654839038849,False,True
3113,e811679db814937a48646b2a460a4dc15be80544e6dc69cfc0da899525038b9c,humaneval,body_first,23,away,1.0,-2.1583404541015625,-0.3614654839038849,False,True
3113,e811679db814937a48646b2a460a4dc15be80544e6dc69cfc0da899525038b9c,humaneval,body_first,23,random,1.0,-2.1583404541015625,-0.3614654839038849,False,True
3113,e811679db814937a48646b2a460a4dc15be80544e6dc69cfc0da899525038b9c,humaneval,answer,0,toward,0.5,-2.7628464698791504,-0.20034652948379517,False,True
3113,e811679db814937a48646b2a460a4dc15be80544e6dc69cfc0da899525038b9c,humaneval,answer,0,away,0.5,-1.9525855779647827,-0.4682105481624603,False,True
3113,e811679db814937a48646b2a460a4dc15be80544e6dc69cfc0da899525038b9c,humaneval,answer,0,random,0.5,-2.230438470840454,-0.3905947506427765,False,True
3113,e811679db814937a48646b2a460a4dc15be80544e6dc69cfc0da899525038b9c,humaneval,answer,0,toward,1.0,-3.4071168899536133,-0.11805447936058044,False,True
3113,e811679db814937a48646b2a460a4dc15be80544e6dc69cfc0da899525038b9c,humaneval,answer,0,away,1.0,-1.882977843284607,-0.5157903432846069,False,True
3113,e811679db814937a48646b2a460a4dc15be80544e6dc69cfc0da899525038b9c,humaneval,answer,0,random,1.0,-2.610053777694702,-0.2858351171016693,False,True
3113,e811679db814937a48646b2a460a4dc15be80544e6dc69cfc0da899525038b9c,humaneval,answer,2,toward,0.5,-2.523406744003296,-0.26168808341026306,False,True
3113,e811679db814937a48646b2a460a4dc15be80544e6dc69cfc0da899525038b9c,humaneval,answer,2,away,0.5,-1.956348180770874,-0.4524419903755188,False,True
3113,e811679db814937a48646b2a460a4dc15be80544e6dc69cfc0da899525038b9c,humaneval,answer,2,random,0.5,-2.5390963554382324,-0.21878378093242645,False,True
3113,e811679db814937a48646b2a460a4dc15be80544e6dc69cfc0da899525038b9c,humaneval,answer,2,toward,1.0,-3.2738306522369385,-0.1410181224346161,False,True
3113,e811679db814937a48646b2a460a4dc15be80544e6dc69cfc0da899525038b9c,humaneval,answer,2,away,1.0,-1.6025125980377197,-0.7275126576423645,False,True
3113,e811679db814937a48646b2a460a4dc15be80544e6dc69cfc0da899525038b9c,humaneval,answer,2,random,1.0,-3.2389538288116455,-0.10614131391048431,False,True
3113,e811679db814937a48646b2a460a4dc15be80544e6dc69cfc0da899525038b9c,humaneval,answer,4,toward,0.5,-2.3326339721679688,-0.2779463529586792,False,True
3113,e811679db814937a48646b2a460a4dc15be80544e6dc69cfc0da899525038b9c,humaneval,answer,4,away,0.5,-2.272429943084717,-0.3232111930847168,False,True
3113,e811679db814937a48646b2a460a4dc15be80544e6dc69cfc0da899525038b9c,humaneval,answer,4,random,0.5,-2.2540225982666016,-0.3907414674758911,False,True
3113,e811679db814937a48646b2a460a4dc15be80544e6dc69cfc0da899525038b9c,humaneval,answer,4,toward,1.0,-2.4467177391052246,-0.25921785831451416,False,True
3113,e811679db814937a48646b2a460a4dc15be80544e6dc69cfc0da899525038b9c,humaneval,answer,4,away,1.0,-2.610989809036255,-0.23306001722812653,False,True
3113,e811679db814937a48646b2a460a4dc15be80544e6dc69cfc0da899525038b9c,humaneval,answer,4,random,1.0,-2.3773412704467773,-0.42421624064445496,False,True
3113,e811679db814937a48646b2a460a4dc15be80544e6dc69cfc0da899525038b9c,humaneval,answer,6,toward,0.5,-2.1354188919067383,-0.34904199838638306,False,True
3113,e811679db814937a48646b2a460a4dc15be80544e6dc69cfc0da899525038b9c,humaneval,answer,6,away,0.5,-2.310976028442383,-0.3187884986400604,False,True
3113,e811679db814937a48646b2a460a4dc15be80544e6dc69cfc0da899525038b9c,humaneval,answer,6,random,0.5,-1.9433788061141968,-0.6640819311141968,False,True
3113,e811679db814937a48646b2a460a4dc15be80544e6dc69cfc0da899525038b9c,humaneval,answer,6,toward,1.0,-2.1374926567077637,-0.3083909749984741,False,True
3113,e811679db814937a48646b2a460a4dc15be80544e6dc69cfc0da899525038b9c,humaneval,answer,6,away,1.0,-2.0891916751861572,-0.37825411558151245,False,True
3113,e811679db814937a48646b2a460a4dc15be80544e6dc69cfc0da899525038b9c,humaneval,answer,6,random,1.0,-1.9882962703704834,-1.0898587703704834,False,True
3113,e811679db814937a48646b2a460a4dc15be80544e6dc69cfc0da899525038b9c,humaneval,answer,8,toward,0.5,-1.6538407802581787,-0.7817705273628235,False,True
3113,e811679db814937a48646b2a460a4dc15be80544e6dc69cfc0da899525038b9c,humaneval,answer,8,away,0.5,-2.442899703979492,-0.19289971888065338,False,True
3113,e811679db814937a48646b2a460a4dc15be80544e6dc69cfc0da899525038b9c,humaneval,answer,8,random,0.5,-1.9061470031738281,-0.5750922560691833,False,True
3113,e811679db814937a48646b2a460a4dc15be80544e6dc69cfc0da899525038b9c,humaneval,answer,8,toward,1.0,-1.4471006393432617,-1.0174131393432617,False,True
3113,e811679db814937a48646b2a460a4dc15be80544e6dc69cfc0da899525038b9c,humaneval,answer,8,away,1.0,-1.7999598979949951,-0.2843349277973175,False,True
3113,e811679db814937a48646b2a460a4dc15be80544e6dc69cfc0da899525038b9c,humaneval,answer,8,random,1.0,-1.8533077239990234,-0.8654537200927734,False,True
3113,e811679db814937a48646b2a460a4dc15be80544e6dc69cfc0da899525038b9c,humaneval,answer,10,toward,0.5,-1.8677353858947754,-0.5049424171447754,False,True
3113,e811679db814937a48646b2a460a4dc15be80544e6dc69cfc0da899525038b9c,humaneval,answer,10,away,0.5,-2.442645788192749,-0.2707708179950714,False,True
3113,e811679db814937a48646b2a460a4dc15be80544e6dc69cfc0da899525038b9c,humaneval,answer,10,random,0.5,-1.6426551342010498,-0.4785926938056946,False,True
3113,e811679db814937a48646b2a460a4dc15be80544e6dc69cfc0da899525038b9c,humaneval,answer,10,toward,1.0,-1.8018879890441895,-0.6583332419395447,False,True
3113,e811679db814937a48646b2a460a4dc15be80544e6dc69cfc0da899525038b9c,humaneval,answer,10,away,1.0,-2.0939841270446777,-0.4377341568470001,False,True
3113,e811679db814937a48646b2a460a4dc15be80544e6dc69cfc0da899525038b9c,humaneval,answer,10,random,1.0,-1.2988102436065674,-0.7050603032112122,False,True
3113,e811679db814937a48646b2a460a4dc15be80544e6dc69cfc0da899525038b9c,humaneval,answer,12,toward,0.5,-1.5636138916015625,-0.6261138916015625,False,True
3113,e811679db814937a48646b2a460a4dc15be80544e6dc69cfc0da899525038b9c,humaneval,answer,12,away,0.5,-2.956063985824585,-0.27637648582458496,False,True
3113,e811679db814937a48646b2a460a4dc15be80544e6dc69cfc0da899525038b9c,humaneval,answer,12,random,0.5,-2.203535318374634,-0.4286330044269562,False,True
3113,e811679db814937a48646b2a460a4dc15be80544e6dc69cfc0da899525038b9c,humaneval,answer,12,toward,1.0,-1.4845765829086304,-1.0158265829086304,False,True
3113,e811679db814937a48646b2a460a4dc15be80544e6dc69cfc0da899525038b9c,humaneval,answer,12,away,1.0,-3.8871662616729736,-0.6996662020683289,False,True
3113,e811679db814937a48646b2a460a4dc15be80544e6dc69cfc0da899525038b9c,humaneval,answer,12,random,1.0,-1.8100413084030151,-0.6918772459030151,False,True
3113,e811679db814937a48646b2a460a4dc15be80544e6dc69cfc0da899525038b9c,humaneval,answer,14,toward,0.5,-1.6233046054840088,-0.5783827304840088,False,True
3113,e811679db814937a48646b2a460a4dc15be80544e6dc69cfc0da899525038b9c,humaneval,answer,14,away,0.5,-2.666822910308838,-0.36994779109954834,False,True
3113,e811679db814937a48646b2a460a4dc15be80544e6dc69cfc0da899525038b9c,humaneval,answer,14,random,0.5,-2.483577251434326,-0.280452162027359,False,True
3113,e811679db814937a48646b2a460a4dc15be80544e6dc69cfc0da899525038b9c,humaneval,answer,14,toward,1.0,-1.364951729774475,-0.8922954797744751,False,True
3113,e811679db814937a48646b2a460a4dc15be80544e6dc69cfc0da899525038b9c,humaneval,answer,14,away,1.0,-3.431966781616211,-0.6975919008255005,False,True
3113,e811679db814937a48646b2a460a4dc15be80544e6dc69cfc0da899525038b9c,humaneval,answer,14,random,1.0,-2.5455000400543213,-0.3580000698566437,False,True
3113,e811679db814937a48646b2a460a4dc15be80544e6dc69cfc0da899525038b9c,humaneval,answer,16,toward,0.5,-1.3460413217544556,-0.7171350717544556,False,True
3113,e811679db814937a48646b2a460a4dc15be80544e6dc69cfc0da899525038b9c,humaneval,answer,16,away,0.5,-3.2209177017211914,-0.28341779112815857,False,True
3113,e811679db814937a48646b2a460a4dc15be80544e6dc69cfc0da899525038b9c,humaneval,answer,16,random,0.5,-2.573823928833008,-0.519136369228363,False,True
3113,e811679db814937a48646b2a460a4dc15be80544e6dc69cfc0da899525038b9c,humaneval,answer,16,toward,1.0,-0.959640383720398,-1.178390383720398,True,False
3113,e811679db814937a48646b2a460a4dc15be80544e6dc69cfc0da899525038b9c,humaneval,answer,16,away,1.0,-4.655287265777588,-0.8818497061729431,False,True
3113,e811679db814937a48646b2a460a4dc15be80544e6dc69cfc0da899525038b9c,humaneval,answer,16,random,1.0,-3.040743112564087,-1.142305612564087,False,True
3113,e811679db814937a48646b2a460a4dc15be80544e6dc69cfc0da899525038b9c,humaneval,answer,18,toward,0.5,-1.884711742401123,-0.5409616827964783,False,True
3113,e811679db814937a48646b2a460a4dc15be80544e6dc69cfc0da899525038b9c,humaneval,answer,18,away,0.5,-2.3535757064819336,-0.3418569564819336,False,True
3113,e811679db814937a48646b2a460a4dc15be80544e6dc69cfc0da899525038b9c,humaneval,answer,18,random,0.5,-2.0916380882263184,-0.4041379988193512,False,True
3113,e811679db814937a48646b2a460a4dc15be80544e6dc69cfc0da899525038b9c,humaneval,answer,18,toward,1.0,-1.7079732418060303,-0.8212544322013855,False,True
3113,e811679db814937a48646b2a460a4dc15be80544e6dc69cfc0da899525038b9c,humaneval,answer,18,away,1.0,-2.6937851905822754,-0.416685551404953,False,True
3113,e811679db814937a48646b2a460a4dc15be80544e6dc69cfc0da899525038b9c,humaneval,answer,18,random,1.0,-1.9798719882965088,-0.4564344882965088,False,True
3113,e811679db814937a48646b2a460a4dc15be80544e6dc69cfc0da899525038b9c,humaneval,answer,20,toward,0.5,-2.3729870319366455,-0.3886120915412903,False,True
3113,e811679db814937a48646b2a460a4dc15be80544e6dc69cfc0da899525038b9c,humaneval,answer,20,away,0.5,-1.866621971130371,-0.4056844413280487,False,True
3113,e811679db814937a48646b2a460a4dc15be80544e6dc69cfc0da899525038b9c,humaneval,answer,20,random,0.5,-2.5573058128356934,-0.28777453303337097,False,True
3113,e811679db814937a48646b2a460a4dc15be80544e6dc69cfc0da899525038b9c,humaneval,answer,20,toward,1.0,-2.6358513832092285,-0.4796013832092285,False,True
3113,e811679db814937a48646b2a460a4dc15be80544e6dc69cfc0da899525038b9c,humaneval,answer,20,away,1.0,-1.8451476097106934,-0.45452266931533813,False,True
3113,e811679db814937a48646b2a460a4dc15be80544e6dc69cfc0da899525038b9c,humaneval,answer,20,random,1.0,-2.922250509262085,-0.18592247366905212,False,True
3113,e811679db814937a48646b2a460a4dc15be80544e6dc69cfc0da899525038b9c,humaneval,answer,22,toward,0.5,-2.8173201084136963,-0.4579451084136963,False,True
3113,e811679db814937a48646b2a460a4dc15be80544e6dc69cfc0da899525038b9c,humaneval,answer,22,away,0.5,-1.7852845191955566,-0.34778448939323425,False,True
3113,e811679db814937a48646b2a460a4dc15be80544e6dc69cfc0da899525038b9c,humaneval,answer,22,random,0.5,-1.6644484996795654,-0.5941360592842102,False,True
3113,e811679db814937a48646b2a460a4dc15be80544e6dc69cfc0da899525038b9c,humaneval,answer,22,toward,1.0,-3.933208465576172,-0.9644584655761719,False,True
3113,e811679db814937a48646b2a460a4dc15be80544e6dc69cfc0da899525038b9c,humaneval,answer,22,away,1.0,-1.574605941772461,-0.3714809715747833,False,True
3113,e811679db814937a48646b2a460a4dc15be80544e6dc69cfc0da899525038b9c,humaneval,answer,22,random,1.0,-1.2843313217163086,-0.8233937621116638,False,True
3113,e811679db814937a48646b2a460a4dc15be80544e6dc69cfc0da899525038b9c,humaneval,answer,23,toward,0.5,-2.567376136779785,-1.0673760175704956,False,True
3113,e811679db814937a48646b2a460a4dc15be80544e6dc69cfc0da899525038b9c,humaneval,answer,23,away,0.5,-2.156906843185425,-0.172531858086586,False,True
3113,e811679db814937a48646b2a460a4dc15be80544e6dc69cfc0da899525038b9c,humaneval,answer,23,random,0.5,-2.858814239501953,-0.26701730489730835,False,True
3113,e811679db814937a48646b2a460a4dc15be80544e6dc69cfc0da899525038b9c,humaneval,answer,23,toward,1.0,-3.7353367805480957,-2.4540867805480957,False,True
3113,e811679db814937a48646b2a460a4dc15be80544e6dc69cfc0da899525038b9c,humaneval,answer,23,away,1.0,-1.7674026489257812,-0.23615270853042603,False,True
3113,e811679db814937a48646b2a460a4dc15be80544e6dc69cfc0da899525038b9c,humaneval,answer,23,random,1.0,-3.5939881801605225,-0.7648865580558777,False,True
