row,member_id,source,group,taken,condition,dose,logp_o,logp_flip,exact_o,exact_flip
2327,mbpp_768:1:0:1,mbpp,8b75288673854f7fb1deb6e6ca658527573e4724f2d231512f4406fadf2b6a93,False,baseline,0.0,-1.2034151554107666,-0.5784152150154114,False,True
2327,mbpp_768:1:0:1,mbpp,8b75288673854f7fb1deb6e6ca658527573e4724f2d231512f4406fadf2b6a93,False,if_true,0.05,-1.1958720684051514,-0.5708721280097961,False,True
2327,mbpp_768:1:0:1,mbpp,8b75288673854f7fb1deb6e6ca658527573e4724f2d231512f4406fadf2b6a93,False,if_true,0.1,-1.1274659633636475,-0.6274660229682922,False,True
2327,mbpp_768:1:0:1,mbpp,8b75288673854f7fb1deb6e6ca658527573e4724f2d231512f4406fadf2b6a93,False,if_true,0.2,-1.0572915077209473,-0.6822915077209473,False,True
2327,mbpp_768:1:0:1,mbpp,8b75288673854f7fb1deb6e6ca658527573e4724f2d231512f4406fadf2b6a93,False,if_true,0.4,-0.8850002884864807,-0.8850002884864807,False,True
2327,mbpp_768:1:0:1,mbpp,8b75288673854f7fb1deb6e6ca658527573e4724f2d231512f4406fadf2b6a93,False,if_true,0.8,-0.7791717052459717,-1.0291717052459717,True,False
2327,mbpp_768:1:0:1,mbpp,8b75288673854f7fb1deb6e6ca658527573e4724f2d231512f4406fadf2b6a93,False,if_away,0.05,-1.3514676094055176,-0.4764676094055176,False,True
2327,mbpp_768:1:0:1,mbpp,8b75288673854f7fb1deb6e6ca658527573e4724f2d231512f4406fadf2b6a93,False,if_away,0.1,-1.373507022857666,-0.4985070824623108,False,True
2327,mbpp_768:1:0:1,mbpp,8b75288673854f7fb1deb6e6ca658527573e4724f2d231512f4406fadf2b6a93,False,if_away,0.2,-1.4598290920257568,-0.45982903242111206,False,True
2327,mbpp_768:1:0:1,mbpp,8b75288673854f7fb1deb6e6ca658527573e4724f2d231512f4406fadf2b6a93,False,if_away,0.4,-1.3915648460388184,-0.5165648460388184,False,True
2327,mbpp_768:1:0:1,mbpp,8b75288673854f7fb1deb6e6ca658527573e4724f2d231512f4406fadf2b6a93,False,if_away,0.8,-1.3249692916870117,-0.5749692320823669,False,True
2327,mbpp_768:1:0:1,mbpp,8b75288673854f7fb1deb6e6ca658527573e4724f2d231512f4406fadf2b6a93,False,answer_true,0.05,-1.307187795639038,-0.5571878552436829,False,True
2327,mbpp_768:1:0:1,mbpp,8b75288673854f7fb1deb6e6ca658527573e4724f2d231512f4406fadf2b6a93,False,answer_true,0.1,-1.2969002723693848,-0.54690021276474,False,True
2327,mbpp_768:1:0:1,mbpp,8b75288673854f7fb1deb6e6ca658527573e4724f2d231512f4406fadf2b6a93,False,answer_true,0.2,-1.568735122680664,-0.4437350928783417,False,True
2327,mbpp_768:1:0:1,mbpp,8b75288673854f7fb1deb6e6ca658527573e4724f2d231512f4406fadf2b6a93,False,answer_true,0.4,-2.0574264526367188,-0.5574264526367188,False,True
2327,mbpp_768:1:0:1,mbpp,8b75288673854f7fb1deb6e6ca658527573e4724f2d231512f4406fadf2b6a93,False,answer_true,0.8,-5.620423793792725,-5.323548793792725,False,False
2327,mbpp_768:1:0:1,mbpp,8b75288673854f7fb1deb6e6ca658527573e4724f2d231512f4406fadf2b6a93,False,answer_away,0.05,-1.1988493204116821,-0.5738493204116821,False,True
2327,mbpp_768:1:0:1,mbpp,8b75288673854f7fb1deb6e6ca658527573e4724f2d231512f4406fadf2b6a93,False,answer_away,0.1,-1.249032974243164,-0.4990329444408417,False,True
2327,mbpp_768:1:0:1,mbpp,8b75288673854f7fb1deb6e6ca658527573e4724f2d231512f4406fadf2b6a93,False,answer_away,0.2,-1.4199072122573853,-0.41990718245506287,False,True
2327,mbpp_768:1:0:1,mbpp,8b75288673854f7fb1deb6e6ca658527573e4724f2d231512f4406fadf2b6a93,False,answer_away,0.4,-3.416530132293701,-0.2915301024913788,False,True
2327,mbpp_768:1:0:1,mbpp,8b75288673854f7fb1deb6e6ca658527573e4724f2d231512f4406fadf2b6a93,False,answer_away,0.8,-11.493881225585938,-11.138412475585938,False,False
2327,mbpp_768:1:0:1,mbpp,8b75288673854f7fb1deb6e6ca658527573e4724f2d231512f4406fadf2b6a93,False,random_if,0.05,-1.2840454578399658,-0.5340454578399658,False,True
2327,mbpp_768:1:0:1,mbpp,8b75288673854f7fb1deb6e6ca658527573e4724f2d231512f4406fadf2b6a93,False,random_if,0.1,-1.2903623580932617,-0.5403623580932617,False,True
2327,mbpp_768:1:0:1,mbpp,8b75288673854f7fb1deb6e6ca658527573e4724f2d231512f4406fadf2b6a93,False,random_if,0.2,-1.2047213315963745,-0.5797213315963745,False,True
2327,mbpp_768:1:0:1,mbpp,8b75288673854f7fb1deb6e6ca658527573e4724f2d231512f4406fadf2b6a93,False,random_if,0.4,-1.2145073413848877,-0.5895073413848877,False,True
2327,mbpp_768:1:0:1,mbpp,8b75288673854f7fb1deb6e6ca658527573e4724f2d231512f4406fadf2b6a93,False,random_if,0.8,-1.1405091285705566,-0.6405091285705566,False,True
2327,mbpp_768:1:0:1,mbpp,8b75288673854f7fb1deb6e6ca658527573e4724f2d231512f4406fadf2b6a93,False,random_answer,0.05,-1.282895803451538,-0.5328958630561829,False,True
2327,mbpp_768:1:0:1,mbpp,8b75288673854f7fb1deb6e6ca658527573e4724f2d231512f4406fadf2b6a93,False,random_answer,0.1,-1.2905510663986206,-0.5405510663986206,False,True
2327,mbpp_768:1:0:1,mbpp,8b75288673854f7fb1deb6e6ca658527573e4724f2d231512f4406fadf2b6a93,False,random_answer,0.2,-1.326460599899292,-0.576460599899292,False,True
2327,mbpp_768:1:0:1,mbpp,8b75288673854f7fb1deb6e6ca658527573e4724f2d231512f4406fadf2b6a93,False,random_answer,0.4,-1.5360958576202393,-0.5360958576202393,False,True
2327,mbpp_768:1:0:1,mbpp,8b75288673854f7fb1deb6e6ca658527573e4724f2d231512f4406fadf2b6a93,False,random_answer,0.8,-4.2172112464904785,-3.2797112464904785,False,False
2327,mbpp_768:1:0:1,mbpp,8b75288673854f7fb1deb6e6ca658527573e4724f2d231512f4406fadf2b6a93,False,shuffled_if,0.05,-1.2908666133880615,-0.5408666729927063,False,True
2327,mbpp_768:1:0:1,mbpp,8b75288673854f7fb1deb6e6ca658527573e4724f2d231512f4406fadf2b6a93,False,shuffled_if,0.1,-1.2908862829208374,-0.5408862829208374,False,True
2327,mbpp_768:1:0:1,mbpp,8b75288673854f7fb1deb6e6ca658527573e4724f2d231512f4406fadf2b6a93,False,shuffled_if,0.2,-1.128506064414978,-0.628506064414978,False,True
2327,mbpp_768:1:0:1,mbpp,8b75288673854f7fb1deb6e6ca658527573e4724f2d231512f4406fadf2b6a93,False,shuffled_if,0.4,-1.148681879043579,-0.6486818194389343,False,True
2327,mbpp_768:1:0:1,mbpp,8b75288673854f7fb1deb6e6ca658527573e4724f2d231512f4406fadf2b6a93,False,shuffled_if,0.8,-1.0982544422149658,-0.7232545018196106,False,True
2327,mbpp_768:1:0:1,mbpp,8b75288673854f7fb1deb6e6ca658527573e4724f2d231512f4406fadf2b6a93,False,actuator_answer,0.05,-0.7230283617973328,-0.9730283617973328,True,False
2327,mbpp_768:1:0:1,mbpp,8b75288673854f7fb1deb6e6ca658527573e4724f2d231512f4406fadf2b6a93,False,actuator_answer,0.1,-0.37788885831832886,-1.6278889179229736,True,False
2327,mbpp_768:1:0:1,mbpp,8b75288673854f7fb1deb6e6ca658527573e4724f2d231512f4406fadf2b6a93,False,actuator_answer,0.2,-0.09623440355062485,-4.596234321594238,True,False
2327,mbpp_768:1:0:1,mbpp,8b75288673854f7fb1deb6e6ca658527573e4724f2d231512f4406fadf2b6a93,False,actuator_answer,0.4,-0.11626554280519485,-20.42876625061035,True,False
2327,mbpp_768:1:0:1,mbpp,8b75288673854f7fb1deb6e6ca658527573e4724f2d231512f4406fadf2b6a93,False,actuator_answer,0.8,-0.23896770179271698,-77.11396789550781,True,False
2328,mbpp_768:1:0:2,mbpp,8b75288673854f7fb1deb6e6ca658527573e4724f2d231512f4406fadf2b6a93,False,baseline,0.0,-1.0891972780227661,-0.5891972780227661,False,True
2328,mbpp_768:1:0:2,mbpp,8b75288673854f7fb1deb6e6ca658527573e4724f2d231512f4406fadf2b6a93,False,if_true,0.05,-1.0902283191680908,-0.5902283787727356,False,True
2328,mbpp_768:1:0:2,mbpp,8b75288673854f7fb1deb6e6ca658527573e4724f2d231512f4406fadf2b6a93,False,if_true,0.1,-1.0093662738800049,-0.6343662142753601,False,True
2328,mbpp_768:1:0:2,mbpp,8b75288673854f7fb1deb6e6ca658527573e4724f2d231512f4406fadf2b6a93,False,if_true,0.2,-0.9470160007476807,-0.6970160007476807,False,True
2328,mbpp_768:1:0:2,mbpp,8b75288673854f7fb1deb6e6ca658527573e4724f2d231512f4406fadf2b6a93,False,if_true,0.4,-0.7777562141418457,-0.9027562141418457,True,False
2328,mbpp_768:1:0:2,mbpp,8b75288673854f7fb1deb6e6ca658527573e4724f2d231512f4406fadf2b6a93,False,if_true,0.8,-0.7285753488540649,-0.9785753488540649,True,False
2328,mbpp_768:1:0:2,mbpp,8b75288673854f7fb1deb6e6ca658527573e4724f2d231512f4406fadf2b6a93,False,if_away,0.05,-1.1722502708435059,-0.5472502112388611,False,True
2328,mbpp_768:1:0:2,mbpp,8b75288673854f7fb1deb6e6ca658527573e4724f2d231512f4406fadf2b6a93,False,if_away,0.1,-1.247168779373169,-0.49716871976852417,False,True
2328,mbpp_768:1:0:2,mbpp,8b75288673854f7fb1deb6e6ca658527573e4724f2d231512f4406fadf2b6a93,False,if_away,0.2,-1.2529667615890503,-0.5029667615890503,False,True
2328,mbpp_768:1:0:2,mbpp,8b75288673854f7fb1deb6e6ca658527573e4724f2d231512f4406fadf2b6a93,False,if_away,0.4,-1.3669402599334717,-0.49194031953811646,False,True
2328,mbpp_768:1:0:2,mbpp,8b75288673854f7fb1deb6e6ca658527573e4724f2d231512f4406fadf2b6a93,False,if_away,0.8,-1.2014150619506836,-0.5764151215553284,False,True
2328,mbpp_768:1:0:2,mbpp,8b75288673854f7fb1deb6e6ca658527573e4724f2d231512f4406fadf2b6a93,False,answer_true,0.05,-1.1763256788253784,-0.5513256788253784,False,True
2328,mbpp_768:1:0:2,mbpp,8b75288673854f7fb1deb6e6ca658527573e4724f2d231512f4406fadf2b6a93,False,answer_true,0.1,-1.272750735282898,-0.522750735282898,False,True
2328,mbpp_768:1:0:2,mbpp,8b75288673854f7fb1deb6e6ca658527573e4724f2d231512f4406fadf2b6a93,False,answer_true,0.2,-1.4617998600006104,-0.4617999196052551,False,True
2328,mbpp_768:1:0:2,mbpp,8b75288673854f7fb1deb6e6ca658527573e4724f2d231512f4406fadf2b6a93,False,answer_true,0.4,-1.989383578300476,-0.5518835783004761,False,True
2328,mbpp_768:1:0:2,mbpp,8b75288673854f7fb1deb6e6ca658527573e4724f2d231512f4406fadf2b6a93,False,answer_true,0.8,-5.675265312194824,-5.331515312194824,False,False
2328,mbpp_768:1:0:2,mbpp,8b75288673854f7fb1deb6e6ca658527573e4724f2d231512f4406fadf2b6a93,False,answer_away,0.05,-1.1583728790283203,-0.5333729386329651,False,True
2328,mbpp_768:1:0:2,mbpp,8b75288673854f7fb1deb6e6ca658527573e4724f2d231512f4406fadf2b6a93,False,answer_away,0.1,-1.2228724956512451,-0.4728725552558899,False,True
2328,mbpp_768:1:0:2,mbpp,8b75288673854f7fb1deb6e6ca658527573e4724f2d231512f4406fadf2b6a93,False,answer_away,0.2,-1.3067444562911987,-0.43174445629119873,False,True
2328,mbpp_768:1:0:2,mbpp,8b75288673854f7fb1deb6e6ca658527573e4724f2d231512f4406fadf2b6a93,False,answer_away,0.4,-3.4509642124176025,-0.2634643018245697,False,True
2328,mbpp_768:1:0:2,mbpp,8b75288673854f7fb1deb6e6ca658527573e4724f2d231512f4406fadf2b6a93,False,answer_away,0.8,-11.447904586791992,-11.131498336791992,False,False
2328,mbpp_768:1:0:2,mbpp,8b75288673854f7fb1deb6e6ca658527573e4724f2d231512f4406fadf2b6a93,False,random_if,0.05,-1.1669466495513916,-0.5419466495513916,False,True
2328,mbpp_768:1:0:2,mbpp,8b75288673854f7fb1deb6e6ca658527573e4724f2d231512f4406fadf2b6a93,False,random_if,0.1,-1.160764217376709,-0.535764217376709,False,True
2328,mbpp_768:1:0:2,mbpp,8b75288673854f7fb1deb6e6ca658527573e4724f2d231512f4406fadf2b6a93,False,random_if,0.2,-1.087634563446045,-0.5876346230506897,False,True
2328,mbpp_768:1:0:2,mbpp,8b75288673854f7fb1deb6e6ca658527573e4724f2d231512f4406fadf2b6a93,False,random_if,0.4,-1.0887748003005981,-0.5887748003005981,False,True
2328,mbpp_768:1:0:2,mbpp,8b75288673854f7fb1deb6e6ca658527573e4724f2d231512f4406fadf2b6a93,False,random_if,0.8,-1.119304895401001,-0.6193048357963562,False,True
2328,mbpp_768:1:0:2,mbpp,8b75288673854f7fb1deb6e6ca658527573e4724f2d231512f4406fadf2b6a93,False,random_answer,0.05,-1.0818891525268555,-0.5818890929222107,False,True
2328,mbpp_768:1:0:2,mbpp,8b75288673854f7fb1deb6e6ca658527573e4724f2d231512f4406fadf2b6a93,False,random_answer,0.1,-1.1582834720611572,-0.5332834124565125,False,True
2328,mbpp_768:1:0:2,mbpp,8b75288673854f7fb1deb6e6ca658527573e4724f2d231512f4406fadf2b6a93,False,random_answer,0.2,-0.9275270104408264,-0.6775270104408264,False,True
2328,mbpp_768:1:0:2,mbpp,8b75288673854f7fb1deb6e6ca658527573e4724f2d231512f4406fadf2b6a93,False,random_answer,0.4,-0.9171224236488342,-0.6671224236488342,False,True
2328,mbpp_768:1:0:2,mbpp,8b75288673854f7fb1deb6e6ca658527573e4724f2d231512f4406fadf2b6a93,False,random_answer,0.8,-4.114126205444336,-5.364126205444336,False,False
2328,mbpp_768:1:0:2,mbpp,8b75288673854f7fb1deb6e6ca658527573e4724f2d231512f4406fadf2b6a93,False,shuffled_if,0.05,-1.1668331623077393,-0.541833221912384,False,True
2328,mbpp_768:1:0:2,mbpp,8b75288673854f7fb1deb6e6ca658527573e4724f2d231512f4406fadf2b6a93,False,shuffled_if,0.1,-1.1738513708114624,-0.5488513708114624,False,True
2328,mbpp_768:1:0:2,mbpp,8b75288673854f7fb1deb6e6ca658527573e4724f2d231512f4406fadf2b6a93,False,shuffled_if,0.2,-1.0978972911834717,-0.5978973507881165,False,True
2328,mbpp_768:1:0:2,mbpp,8b75288673854f7fb1deb6e6ca658527573e4724f2d231512f4406fadf2b6a93,False,shuffled_if,0.4,-1.0393149852752686,-0.6643150448799133,False,True
2328,mbpp_768:1:0:2,mbpp,8b75288673854f7fb1deb6e6ca658527573e4724f2d231512f4406fadf2b6a93,False,shuffled_if,0.8,-0.9969302415847778,-0.7469302415847778,False,True
2328,mbpp_768:1:0:2,mbpp,8b75288673854f7fb1deb6e6ca658527573e4724f2d231512f4406fadf2b6a93,False,actuator_answer,0.05,-0.6998819708824158,-0.9498819708824158,True,False
2328,mbpp_768:1:0:2,mbpp,8b75288673854f7fb1deb6e6ca658527573e4724f2d231512f4406fadf2b6a93,False,actuator_answer,0.1,-0.3858926594257355,-1.510892629623413,True,False
2328,mbpp_768:1:0:2,mbpp,8b75288673854f7fb1deb6e6ca658527573e4724f2d231512f4406fadf2b6a93,False,actuator_answer,0.2,-0.09393575042486191,-4.468935966491699,True,False
2328,mbpp_768:1:0:2,mbpp,8b75288673854f7fb1deb6e6ca658527573e4724f2d231512f4406fadf2b6a93,False,actuator_answer,0.4,-0.10647112876176834,-20.38772201538086,True,False
2328,mbpp_768:1:0:2,mbpp,8b75288673854f7fb1deb6e6ca658527573e4724f2d231512f4406fadf2b6a93,False,actuator_answer,0.8,-0.23896770179271698,-77.11396789550781,True,False
2329,mbpp_768:2:0:0,mbpp,8b75288673854f7fb1deb6e6ca658527573e4724f2d231512f4406fadf2b6a93,False,baseline,0.0,-1.2585400342941284,-0.5085400342941284,False,True
2329,mbpp_768:2:0:0,mbpp,8b75288673854f7fb1deb6e6ca658527573e4724f2d231512f4406fadf2b6a93,False,if_true,0.05,-1.179729700088501,-0.5547297596931458,False,True
2329,mbpp_768:2:0:0,mbpp,8b75288673854f7fb1deb6e6ca658527573e4724f2d231512f4406fadf2b6a93,False,if_true,0.1,-1.1804771423339844,-0.5554771423339844,False,True
2329,mbpp_768:2:0:0,mbpp,8b75288673854f7fb1deb6e6ca658527573e4724f2d231512f4406fadf2b6a93,False,if_true,0.2,-1.0240867137908936,-0.6490867733955383,False,True
2329,mbpp_768:2:0:0,mbpp,8b75288673854f7fb1deb6e6ca658527573e4724f2d231512f4406fadf2b6a93,False,if_true,0.4,-0.847692608833313,-0.847692608833313,False,True
2329,mbpp_768:2:0:0,mbpp,8b75288673854f7fb1deb6e6ca658527573e4724f2d231512f4406fadf2b6a93,False,if_true,0.8,-0.7978640198707581,-0.9228640198707581,True,False
2329,mbpp_768:2:0:0,mbpp,8b75288673854f7fb1deb6e6ca658527573e4724f2d231512f4406fadf2b6a93,False,if_away,0.05,-1.3369743824005127,-0.4619743227958679,False,True
2329,mbpp_768:2:0:0,mbpp,8b75288673854f7fb1deb6e6ca658527573e4724f2d231512f4406fadf2b6a93,False,if_away,0.1,-1.356490969657898,-0.48149096965789795,False,True
2329,mbpp_768:2:0:0,mbpp,8b75288673854f7fb1deb6e6ca658527573e4724f2d231512f4406fadf2b6a93,False,if_away,0.2,-1.4363560676574707,-0.4363560676574707,False,True
2329,mbpp_768:2:0:0,mbpp,8b75288673854f7fb1deb6e6ca658527573e4724f2d231512f4406fadf2b6a93,False,if_away,0.4,-1.3805878162384033,-0.5055878758430481,False,True
2329,mbpp_768:2:0:0,mbpp,8b75288673854f7fb1deb6e6ca658527573e4724f2d231512f4406fadf2b6a93,False,if_away,0.8,-1.2949467897415161,-0.5449467897415161,False,True
2329,mbpp_768:2:0:0,mbpp,8b75288673854f7fb1deb6e6ca658527573e4724f2d231512f4406fadf2b6a93,False,answer_true,0.05,-1.2776498794555664,-0.5276499390602112,False,True
2329,mbpp_768:2:0:0,mbpp,8b75288673854f7fb1deb6e6ca658527573e4724f2d231512f4406fadf2b6a93,False,answer_true,0.1,-1.3611787557601929,-0.48617875576019287,False,True
2329,mbpp_768:2:0:0,mbpp,8b75288673854f7fb1deb6e6ca658527573e4724f2d231512f4406fadf2b6a93,False,answer_true,0.2,-1.471280574798584,-0.4712805151939392,False,True
2329,mbpp_768:2:0:0,mbpp,8b75288673854f7fb1deb6e6ca658527573e4724f2d231512f4406fadf2b6a93,False,answer_true,0.4,-1.963714838027954,-0.5887147784233093,False,True
2329,mbpp_768:2:0:0,mbpp,8b75288673854f7fb1deb6e6ca658527573e4724f2d231512f4406fadf2b6a93,False,answer_true,0.8,-5.6733245849609375,-5.3764495849609375,False,False
2329,mbpp_768:2:0:0,mbpp,8b75288673854f7fb1deb6e6ca658527573e4724f2d231512f4406fadf2b6a93,False,answer_away,0.05,-1.2383713722229004,-0.48837143182754517,False,True
2329,mbpp_768:2:0:0,mbpp,8b75288673854f7fb1deb6e6ca658527573e4724f2d231512f4406fadf2b6a93,False,answer_away,0.1,-1.2328457832336426,-0.4828457832336426,False,True
2329,mbpp_768:2:0:0,mbpp,8b75288673854f7fb1deb6e6ca658527573e4724f2d231512f4406fadf2b6a93,False,answer_away,0.2,-1.4884095191955566,-0.36340948939323425,False,True
2329,mbpp_768:2:0:0,mbpp,8b75288673854f7fb1deb6e6ca658527573e4724f2d231512f4406fadf2b6a93,False,answer_away,0.4,-3.514960527420044,-0.2649604380130768,False,True
2329,mbpp_768:2:0:0,mbpp,8b75288673854f7fb1deb6e6ca658527573e4724f2d231512f4406fadf2b6a93,False,answer_away,0.8,-11.42643928527832,-11.11393928527832,False,False
2329,mbpp_768:2:0:0,mbpp,8b75288673854f7fb1deb6e6ca658527573e4724f2d231512f4406fadf2b6a93,False,random_if,0.05,-1.253419041633606,-0.503419041633606,False,True
2329,mbpp_768:2:0:0,mbpp,8b75288673854f7fb1deb6e6ca658527573e4724f2d231512f4406fadf2b6a93,False,random_if,0.1,-1.253920555114746,-0.5039206147193909,False,True
2329,mbpp_768:2:0:0,mbpp,8b75288673854f7fb1deb6e6ca658527573e4724f2d231512f4406fadf2b6a93,False,random_if,0.2,-1.2547285556793213,-0.5047286152839661,False,True
2329,mbpp_768:2:0:0,mbpp,8b75288673854f7fb1deb6e6ca658527573e4724f2d231512f4406fadf2b6a93,False,random_if,0.4,-1.263845682144165,-0.5138456225395203,False,True
2329,mbpp_768:2:0:0,mbpp,8b75288673854f7fb1deb6e6ca658527573e4724f2d231512f4406fadf2b6a93,False,random_if,0.8,-1.2139849662780762,-0.5889849066734314,False,True
2329,mbpp_768:2:0:0,mbpp,8b75288673854f7fb1deb6e6ca658527573e4724f2d231512f4406fadf2b6a93,False,random_answer,0.05,-1.2602744102478027,-0.5102744698524475,False,True
2329,mbpp_768:2:0:0,mbpp,8b75288673854f7fb1deb6e6ca658527573e4724f2d231512f4406fadf2b6a93,False,random_answer,0.1,-1.2515970468521118,-0.5015970468521118,False,True
2329,mbpp_768:2:0:0,mbpp,8b75288673854f7fb1deb6e6ca658527573e4724f2d231512f4406fadf2b6a93,False,random_answer,0.2,-1.2507671117782593,-0.5007671117782593,False,True
2329,mbpp_768:2:0:0,mbpp,8b75288673854f7fb1deb6e6ca658527573e4724f2d231512f4406fadf2b6a93,False,random_answer,0.4,-1.3365294933319092,-0.46152955293655396,False,True
2329,mbpp_768:2:0:0,mbpp,8b75288673854f7fb1deb6e6ca658527573e4724f2d231512f4406fadf2b6a93,False,random_answer,0.8,-4.223663330078125,-2.973663330078125,False,False
2329,mbpp_768:2:0:0,mbpp,8b75288673854f7fb1deb6e6ca658527573e4724f2d231512f4406fadf2b6a93,False,shuffled_if,0.05,-1.1791326999664307,-0.5541327595710754,False,True
2329,mbpp_768:2:0:0,mbpp,8b75288673854f7fb1deb6e6ca658527573e4724f2d231512f4406fadf2b6a93,False,shuffled_if,0.1,-1.2587380409240723,-0.5087380409240723,False,True
2329,mbpp_768:2:0:0,mbpp,8b75288673854f7fb1deb6e6ca658527573e4724f2d231512f4406fadf2b6a93,False,shuffled_if,0.2,-1.2614147663116455,-0.5114147067070007,False,True
2329,mbpp_768:2:0:0,mbpp,8b75288673854f7fb1deb6e6ca658527573e4724f2d231512f4406fadf2b6a93,False,shuffled_if,0.4,-1.1273109912872314,-0.6273109912872314,False,True
2329,mbpp_768:2:0:0,mbpp,8b75288673854f7fb1deb6e6ca658527573e4724f2d231512f4406fadf2b6a93,False,shuffled_if,0.8,-1.1442878246307373,-0.6442878246307373,False,True
2329,mbpp_768:2:0:0,mbpp,8b75288673854f7fb1deb6e6ca658527573e4724f2d231512f4406fadf2b6a93,False,actuator_answer,0.05,-0.7635023593902588,-0.8885023593902588,True,False
2329,mbpp_768:2:0:0,mbpp,8b75288673854f7fb1deb6e6ca658527573e4724f2d231512f4406fadf2b6a93,False,actuator_answer,0.1,-0.46877986192703247,-1.3437798023223877,True,False
2329,mbpp_768:2:0:0,mbpp,8b75288673854f7fb1deb6e6ca658527573e4724f2d231512f4406fadf2b6a93,False,actuator_answer,0.2,-0.10940497368574142,-3.984405040740967,True,False
2329,mbpp_768:2:0:0,mbpp,8b75288673854f7fb1deb6e6ca658527573e4724f2d231512f4406fadf2b6a93,False,actuator_answer,0.4,-0.11443735659122467,-20.426937103271484,True,False
2329,mbpp_768:2:0:0,mbpp,8b75288673854f7fb1deb6e6ca658527573e4724f2d231512f4406fadf2b6a93,False,actuator_answer,0.8,-0.25111672282218933,-77.00111389160156,True,False
2347,mbpp_787:2:0:1,mbpp,43aa06b900703d6284dbf722b76f8a221ac5e5963f0ae3e7fb4708a1a7eb564e,False,baseline,0.0,-1.3324867486953735,-1.0050814151763916,False,True
2347,mbpp_787:2:0:1,mbpp,43aa06b900703d6284dbf722b76f8a221ac5e5963f0ae3e7fb4708a1a7eb564e,False,if_true,0.05,-1.2245298624038696,-1.0031726360321045,False,True
2347,mbpp_787:2:0:1,mbpp,43aa06b900703d6284dbf722b76f8a221ac5e5963f0ae3e7fb4708a1a7eb564e,False,if_true,0.1,-1.3201026916503906,-1.0055726766586304,False,True
2347,mbpp_787:2:0:1,mbpp,43aa06b900703d6284dbf722b76f8a221ac5e5963f0ae3e7fb4708a1a7eb564e,False,if_true,0.2,-1.2425624132156372,-0.9690155982971191,False,True
2347,mbpp_787:2:0:1,mbpp,43aa06b900703d6284dbf722b76f8a221ac5e5963f0ae3e7fb4708a1a7eb564e,False,if_true,0.4,-1.2745639085769653,-1.0487332344055176,False,True
2347,mbpp_787:2:0:1,mbpp,43aa06b900703d6284dbf722b76f8a221ac5e5963f0ae3e7fb4708a1a7eb564e,False,if_true,0.8,-1.2743381261825562,-0.9297921061515808,False,True
2347,mbpp_787:2:0:1,mbpp,43aa06b900703d6284dbf722b76f8a221ac5e5963f0ae3e7fb4708a1a7eb564e,False,if_away,0.05,-1.360967993736267,-0.9553810358047485,False,True
2347,mbpp_787:2:0:1,mbpp,43aa06b900703d6284dbf722b76f8a221ac5e5963f0ae3e7fb4708a1a7eb564e,False,if_away,0.1,-1.3984382152557373,-0.9769055247306824,False,True
2347,mbpp_787:2:0:1,mbpp,43aa06b900703d6284dbf722b76f8a221ac5e5963f0ae3e7fb4708a1a7eb564e,False,if_away,0.2,-1.3607549667358398,-0.9974784255027771,False,True
2347,mbpp_787:2:0:1,mbpp,43aa06b900703d6284dbf722b76f8a221ac5e5963f0ae3e7fb4708a1a7eb564e,False,if_away,0.4,-1.383280873298645,-0.9887031316757202,False,True
2347,mbpp_787:2:0:1,mbpp,43aa06b900703d6284dbf722b76f8a221ac5e5963f0ae3e7fb4708a1a7eb564e,False,if_away,0.8,-1.444212794303894,-0.9506782293319702,False,True
2347,mbpp_787:2:0:1,mbpp,43aa06b900703d6284dbf722b76f8a221ac5e5963f0ae3e7fb4708a1a7eb564e,False,answer_true,0.05,-1.3234496116638184,-0.9755620956420898,False,True
2347,mbpp_787:2:0:1,mbpp,43aa06b900703d6284dbf722b76f8a221ac5e5963f0ae3e7fb4708a1a7eb564e,False,answer_true,0.1,-1.2902307510375977,-0.9674471020698547,False,True
2347,mbpp_787:2:0:1,mbpp,43aa06b900703d6284dbf722b76f8a221ac5e5963f0ae3e7fb4708a1a7eb564e,False,answer_true,0.2,-1.304317831993103,-0.9709415435791016,False,True
2347,mbpp_787:2:0:1,mbpp,43aa06b900703d6284dbf722b76f8a221ac5e5963f0ae3e7fb4708a1a7eb564e,False,answer_true,0.4,-1.731957197189331,-1.1316502094268799,False,True
2347,mbpp_787:2:0:1,mbpp,43aa06b900703d6284dbf722b76f8a221ac5e5963f0ae3e7fb4708a1a7eb564e,False,answer_true,0.8,-4.41322135925293,-3.8479487895965576,False,False
2347,mbpp_787:2:0:1,mbpp,43aa06b900703d6284dbf722b76f8a221ac5e5963f0ae3e7fb4708a1a7eb564e,False,answer_away,0.05,-1.3519846200942993,-1.0182639360427856,False,True
2347,mbpp_787:2:0:1,mbpp,43aa06b900703d6284dbf722b76f8a221ac5e5963f0ae3e7fb4708a1a7eb564e,False,answer_away,0.1,-1.4453026056289673,-0.9553810954093933,False,True
2347,mbpp_787:2:0:1,mbpp,43aa06b900703d6284dbf722b76f8a221ac5e5963f0ae3e7fb4708a1a7eb564e,False,answer_away,0.2,-1.6980609893798828,-0.7954525947570801,False,True
2347,mbpp_787:2:0:1,mbpp,43aa06b900703d6284dbf722b76f8a221ac5e5963f0ae3e7fb4708a1a7eb564e,False,answer_away,0.4,-2.795656204223633,-1.9672619104385376,False,True
2347,mbpp_787:2:0:1,mbpp,43aa06b900703d6284dbf722b76f8a221ac5e5963f0ae3e7fb4708a1a7eb564e,False,answer_away,0.8,-9.227770805358887,-8.55377197265625,False,False
2347,mbpp_787:2:0:1,mbpp,43aa06b900703d6284dbf722b76f8a221ac5e5963f0ae3e7fb4708a1a7eb564e,False,random_if,0.05,-1.4068459272384644,-0.9239177703857422,False,True
2347,mbpp_787:2:0:1,mbpp,43aa06b900703d6284dbf722b76f8a221ac5e5963f0ae3e7fb4708a1a7eb564e,False,random_if,0.1,-1.4080055952072144,-0.9353665709495544,False,True
2347,mbpp_787:2:0:1,mbpp,43aa06b900703d6284dbf722b76f8a221ac5e5963f0ae3e7fb4708a1a7eb564e,False,random_if,0.2,-1.307388424873352,-0.9605281352996826,False,True
2347,mbpp_787:2:0:1,mbpp,43aa06b900703d6284dbf722b76f8a221ac5e5963f0ae3e7fb4708a1a7eb564e,False,random_if,0.4,-1.3668171167373657,-0.8951954245567322,False,True
2347,mbpp_787:2:0:1,mbpp,43aa06b900703d6284dbf722b76f8a221ac5e5963f0ae3e7fb4708a1a7eb564e,False,random_if,0.8,-1.3740617036819458,-0.9036514163017273,False,True
2347,mbpp_787:2:0:1,mbpp,43aa06b900703d6284dbf722b76f8a221ac5e5963f0ae3e7fb4708a1a7eb564e,False,random_answer,0.05,-1.4312775135040283,-0.9491666555404663,False,True
2347,mbpp_787:2:0:1,mbpp,43aa06b900703d6284dbf722b76f8a221ac5e5963f0ae3e7fb4708a1a7eb564e,False,random_answer,0.1,-1.275834560394287,-0.954135000705719,False,True
2347,mbpp_787:2:0:1,mbpp,43aa06b900703d6284dbf722b76f8a221ac5e5963f0ae3e7fb4708a1a7eb564e,False,random_answer,0.2,-1.3447494506835938,-0.9058581590652466,False,True
2347,mbpp_787:2:0:1,mbpp,43aa06b900703d6284dbf722b76f8a221ac5e5963f0ae3e7fb4708a1a7eb564e,False,random_answer,0.4,-1.4528312683105469,-0.865543007850647,False,True
2347,mbpp_787:2:0:1,mbpp,43aa06b900703d6284dbf722b76f8a221ac5e5963f0ae3e7fb4708a1a7eb564e,False,random_answer,0.8,-2.551212787628174,-1.9166768789291382,False,True
2347,mbpp_787:2:0:1,mbpp,43aa06b900703d6284dbf722b76f8a221ac5e5963f0ae3e7fb4708a1a7eb564e,False,shuffled_if,0.05,-1.312724232673645,-1.0068638324737549,False,True
2347,mbpp_787:2:0:1,mbpp,43aa06b900703d6284dbf722b76f8a221ac5e5963f0ae3e7fb4708a1a7eb564e,False,shuffled_if,0.1,-1.368082880973816,-1.0333805084228516,False,True
2347,mbpp_787:2:0:1,mbpp,43aa06b900703d6284dbf722b76f8a221ac5e5963f0ae3e7fb4708a1a7eb564e,False,shuffled_if,0.2,-1.3711819648742676,-1.0372581481933594,False,True
2347,mbpp_787:2:0:1,mbpp,43aa06b900703d6284dbf722b76f8a221ac5e5963f0ae3e7fb4708a1a7eb564e,False,shuffled_if,0.4,-1.4632161855697632,-0.9949589967727661,False,True
2347,mbpp_787:2:0:1,mbpp,43aa06b900703d6284dbf722b76f8a221ac5e5963f0ae3e7fb4708a1a7eb564e,False,shuffled_if,0.8,-1.5659047365188599,-0.9092186689376831,False,True
2347,mbpp_787:2:0:1,mbpp,43aa06b900703d6284dbf722b76f8a221ac5e5963f0ae3e7fb4708a1a7eb564e,False,actuator_answer,0.05,-1.3271195888519287,-1.1098984479904175,False,True
2347,mbpp_787:2:0:1,mbpp,43aa06b900703d6284dbf722b76f8a221ac5e5963f0ae3e7fb4708a1a7eb564e,False,actuator_answer,0.1,-1.2845370769500732,-1.0653069019317627,False,True
2347,mbpp_787:2:0:1,mbpp,43aa06b900703d6284dbf722b76f8a221ac5e5963f0ae3e7fb4708a1a7eb564e,False,actuator_answer,0.2,-1.1517192125320435,-1.2723422050476074,True,False
2347,mbpp_787:2:0:1,mbpp,43aa06b900703d6284dbf722b76f8a221ac5e5963f0ae3e7fb4708a1a7eb564e,False,actuator_answer,0.4,-3.4126288890838623,-3.633596420288086,False,False
2347,mbpp_787:2:0:1,mbpp,43aa06b900703d6284dbf722b76f8a221ac5e5963f0ae3e7fb4708a1a7eb564e,False,actuator_answer,0.8,-50.86928176879883,-50.439571380615234,False,False
2348,mbpp_787:2:0:2,mbpp,43aa06b900703d6284dbf722b76f8a221ac5e5963f0ae3e7fb4708a1a7eb564e,False,baseline,0.0,-1.410431981086731,-0.9383425712585449,False,True
2348,mbpp_787:2:0:2,mbpp,43aa06b900703d6284dbf722b76f8a221ac5e5963f0ae3e7fb4708a1a7eb564e,False,if_true,0.05,-1.385111689567566,-0.9404851198196411,False,True
2348,mbpp_787:2:0:2,mbpp,43aa06b900703d6284dbf722b76f8a221ac5e5963f0ae3e7fb4708a1a7eb564e,False,if_true,0.1,-1.3872735500335693,-0.9238368272781372,False,True
2348,mbpp_787:2:0:2,mbpp,43aa06b900703d6284dbf722b76f8a221ac5e5963f0ae3e7fb4708a1a7eb564e,False,if_true,0.2,-1.3208270072937012,-0.8817799091339111,False,True
2348,mbpp_787:2:0:2,mbpp,43aa06b900703d6284dbf722b76f8a221ac5e5963f0ae3e7fb4708a1a7eb564e,False,if_true,0.4,-1.324881911277771,-1.0039852857589722,False,True
2348,mbpp_787:2:0:2,mbpp,43aa06b900703d6284dbf722b76f8a221ac5e5963f0ae3e7fb4708a1a7eb564e,False,if_true,0.8,-1.3528121709823608,-0.8739052414894104,False,True
2348,mbpp_787:2:0:2,mbpp,43aa06b900703d6284dbf722b76f8a221ac5e5963f0ae3e7fb4708a1a7eb564e,False,if_away,0.05,-1.4115630388259888,-0.938602864742279,False,True
2348,mbpp_787:2:0:2,mbpp,43aa06b900703d6284dbf722b76f8a221ac5e5963f0ae3e7fb4708a1a7eb564e,False,if_away,0.1,-1.4923814535140991,-0.8858413100242615,False,True
2348,mbpp_787:2:0:2,mbpp,43aa06b900703d6284dbf722b76f8a221ac5e5963f0ae3e7fb4708a1a7eb564e,False,if_away,0.2,-1.4759397506713867,-0.8892609477043152,False,True
2348,mbpp_787:2:0:2,mbpp,43aa06b900703d6284dbf722b76f8a221ac5e5963f0ae3e7fb4708a1a7eb564e,False,if_away,0.4,-1.5340309143066406,-0.917307436466217,False,True
2348,mbpp_787:2:0:2,mbpp,43aa06b900703d6284dbf722b76f8a221ac5e5963f0ae3e7fb4708a1a7eb564e,False,if_away,0.8,-1.4685794115066528,-0.8903262615203857,False,True
2348,mbpp_787:2:0:2,mbpp,43aa06b900703d6284dbf722b76f8a221ac5e5963f0ae3e7fb4708a1a7eb564e,False,answer_true,0.05,-1.3763326406478882,-0.8964871764183044,False,True
2348,mbpp_787:2:0:2,mbpp,43aa06b900703d6284dbf722b76f8a221ac5e5963f0ae3e7fb4708a1a7eb564e,False,answer_true,0.1,-1.3752350807189941,-0.8940174579620361,False,True
2348,mbpp_787:2:0:2,mbpp,43aa06b900703d6284dbf722b76f8a221ac5e5963f0ae3e7fb4708a1a7eb564e,False,answer_true,0.2,-1.4445847272872925,-0.8559226989746094,False,True
2348,mbpp_787:2:0:2,mbpp,43aa06b900703d6284dbf722b76f8a221ac5e5963f0ae3e7fb4708a1a7eb564e,False,answer_true,0.4,-1.831176519393921,-1.000598430633545,False,True
2348,mbpp_787:2:0:2,mbpp,43aa06b900703d6284dbf722b76f8a221ac5e5963f0ae3e7fb4708a1a7eb564e,False,answer_true,0.8,-4.531257152557373,-3.8398630619049072,False,False
2348,mbpp_787:2:0:2,mbpp,43aa06b900703d6284dbf722b76f8a221ac5e5963f0ae3e7fb4708a1a7eb564e,False,answer_away,0.05,-1.4079062938690186,-0.9078612327575684,False,True
2348,mbpp_787:2:0:2,mbpp,43aa06b900703d6284dbf722b76f8a221ac5e5963f0ae3e7fb4708a1a7eb564e,False,answer_away,0.1,-1.4752678871154785,-0.8685435056686401,False,True
2348,mbpp_787:2:0:2,mbpp,43aa06b900703d6284dbf722b76f8a221ac5e5963f0ae3e7fb4708a1a7eb564e,False,answer_away,0.2,-1.6722382307052612,-0.801210880279541,False,True
2348,mbpp_787:2:0:2,mbpp,43aa06b900703d6284dbf722b76f8a221ac5e5963f0ae3e7fb4708a1a7eb564e,False,answer_away,0.4,-3.205120801925659,-2.134446620941162,False,False
2348,mbpp_787:2:0:2,mbpp,43aa06b900703d6284dbf722b76f8a221ac5e5963f0ae3e7fb4708a1a7eb564e,False,answer_away,0.8,-9.194623947143555,-8.278836250305176,False,False
2348,mbpp_787:2:0:2,mbpp,43aa06b900703d6284dbf722b76f8a221ac5e5963f0ae3e7fb4708a1a7eb564e,False,random_if,0.05,-1.4866336584091187,-0.8885293006896973,False,True
2348,mbpp_787:2:0:2,mbpp,43aa06b900703d6284dbf722b76f8a221ac5e5963f0ae3e7fb4708a1a7eb564e,False,random_if,0.1,-1.411764144897461,-0.9387892484664917,False,True
2348,mbpp_787:2:0:2,mbpp,43aa06b900703d6284dbf722b76f8a221ac5e5963f0ae3e7fb4708a1a7eb564e,False,random_if,0.2,-1.3901197910308838,-0.899826169013977,False,True
2348,mbpp_787:2:0:2,mbpp,43aa06b900703d6284dbf722b76f8a221ac5e5963f0ae3e7fb4708a1a7eb564e,False,random_if,0.4,-1.447920799255371,-0.8771081566810608,False,True
2348,mbpp_787:2:0:2,mbpp,43aa06b900703d6284dbf722b76f8a221ac5e5963f0ae3e7fb4708a1a7eb564e,False,random_if,0.8,-1.3719184398651123,-0.9218696355819702,False,True
2348,mbpp_787:2:0:2,mbpp,43aa06b900703d6284dbf722b76f8a221ac5e5963f0ae3e7fb4708a1a7eb564e,False,random_answer,0.05,-1.4151279926300049,-0.9246982336044312,False,True
2348,mbpp_787:2:0:2,mbpp,43aa06b900703d6284dbf722b76f8a221ac5e5963f0ae3e7fb4708a1a7eb564e,False,random_answer,0.1,-1.357945203781128,-0.8789987564086914,False,True
2348,mbpp_787:2:0:2,mbpp,43aa06b900703d6284dbf722b76f8a221ac5e5963f0ae3e7fb4708a1a7eb564e,False,random_answer,0.2,-1.3625733852386475,-0.907647430896759,False,True
2348,mbpp_787:2:0:2,mbpp,43aa06b900703d6284dbf722b76f8a221ac5e5963f0ae3e7fb4708a1a7eb564e,False,random_answer,0.4,-1.417481541633606,-0.8196749687194824,False,True
2348,mbpp_787:2:0:2,mbpp,43aa06b900703d6284dbf722b76f8a221ac5e5963f0ae3e7fb4708a1a7eb564e,False,random_answer,0.8,-1.9178047180175781,-1.3686585426330566,False,False
2348,mbpp_787:2:0:2,mbpp,43aa06b900703d6284dbf722b76f8a221ac5e5963f0ae3e7fb4708a1a7eb564e,False,shuffled_if,0.05,-1.373342752456665,-0.9001710414886475,False,True
2348,mbpp_787:2:0:2,mbpp,43aa06b900703d6284dbf722b76f8a221ac5e5963f0ae3e7fb4708a1a7eb564e,False,shuffled_if,0.1,-1.4157183170318604,-0.9427040815353394,False,True
2348,mbpp_787:2:0:2,mbpp,43aa06b900703d6284dbf722b76f8a221ac5e5963f0ae3e7fb4708a1a7eb564e,False,shuffled_if,0.2,-1.396732211112976,-0.898518443107605,False,True
2348,mbpp_787:2:0:2,mbpp,43aa06b900703d6284dbf722b76f8a221ac5e5963f0ae3e7fb4708a1a7eb564e,False,shuffled_if,0.4,-1.5914912223815918,-0.933659553527832,False,True
2348,mbpp_787:2:0:2,mbpp,43aa06b900703d6284dbf722b76f8a221ac5e5963f0ae3e7fb4708a1a7eb564e,False,shuffled_if,0.8,-1.6406145095825195,-0.8457577228546143,False,True
2348,mbpp_787:2:0:2,mbpp,43aa06b900703d6284dbf722b76f8a221ac5e5963f0ae3e7fb4708a1a7eb564e,False,actuator_answer,0.05,-1.369198203086853,-0.9590627551078796,False,True
2348,mbpp_787:2:0:2,mbpp,43aa06b900703d6284dbf722b76f8a221ac5e5963f0ae3e7fb4708a1a7eb564e,False,actuator_answer,0.1,-1.3696644306182861,-1.0163118839263916,False,True
2348,mbpp_787:2:0:2,mbpp,43aa06b900703d6284dbf722b76f8a221ac5e5963f0ae3e7fb4708a1a7eb564e,False,actuator_answer,0.2,-1.1534875631332397,-1.1718316078186035,True,False
2348,mbpp_787:2:0:2,mbpp,43aa06b900703d6284dbf722b76f8a221ac5e5963f0ae3e7fb4708a1a7eb564e,False,actuator_answer,0.4,-3.3039121627807617,-3.3393659591674805,False,False
2348,mbpp_787:2:0:2,mbpp,43aa06b900703d6284dbf722b76f8a221ac5e5963f0ae3e7fb4708a1a7eb564e,False,actuator_answer,0.8,-51.13145065307617,-50.4594612121582,False,False
2350,mbpp_794:0:0:1,mbpp,1690c1cc36d3f6840b57317269f01c6171cfb74d327e31da85392ccc08645c0c,False,baseline,0.0,-1.3466341495513916,-1.0161314010620117,False,True
2350,mbpp_794:0:0:1,mbpp,1690c1cc36d3f6840b57317269f01c6171cfb74d327e31da85392ccc08645c0c,False,if_true,0.05,-1.3211960792541504,-0.9985260367393494,False,True
2350,mbpp_794:0:0:1,mbpp,1690c1cc36d3f6840b57317269f01c6171cfb74d327e31da85392ccc08645c0c,False,if_true,0.1,-1.3208391666412354,-1.0341241359710693,False,True
2350,mbpp_794:0:0:1,mbpp,1690c1cc36d3f6840b57317269f01c6171cfb74d327e31da85392ccc08645c0c,False,if_true,0.2,-1.3133403062820435,-0.9720867872238159,False,True
2350,mbpp_794:0:0:1,mbpp,1690c1cc36d3f6840b57317269f01c6171cfb74d327e31da85392ccc08645c0c,False,if_true,0.4,-1.3643407821655273,-0.9800155162811279,False,True
2350,mbpp_794:0:0:1,mbpp,1690c1cc36d3f6840b57317269f01c6171cfb74d327e31da85392ccc08645c0c,False,if_true,0.8,-1.6395162343978882,-0.7595629692077637,False,True
2350,mbpp_794:0:0:1,mbpp,1690c1cc36d3f6840b57317269f01c6171cfb74d327e31da85392ccc08645c0c,False,if_away,0.05,-1.3804214000701904,-1.0169752836227417,False,True
2350,mbpp_794:0:0:1,mbpp,1690c1cc36d3f6840b57317269f01c6171cfb74d327e31da85392ccc08645c0c,False,if_away,0.1,-1.3625733852386475,-1.0142748355865479,False,True
2350,mbpp_794:0:0:1,mbpp,1690c1cc36d3f6840b57317269f01c6171cfb74d327e31da85392ccc08645c0c,False,if_away,0.2,-1.3908658027648926,-1.0328912734985352,False,True
2350,mbpp_794:0:0:1,mbpp,1690c1cc36d3f6840b57317269f01c6171cfb74d327e31da85392ccc08645c0c,False,if_away,0.4,-1.3913967609405518,-1.0851269960403442,False,True
2350,mbpp_794:0:0:1,mbpp,1690c1cc36d3f6840b57317269f01c6171cfb74d327e31da85392ccc08645c0c,False,if_away,0.8,-1.290834903717041,-1.1175366640090942,False,True
2350,mbpp_794:0:0:1,mbpp,1690c1cc36d3f6840b57317269f01c6171cfb74d327e31da85392ccc08645c0c,False,answer_true,0.05,-1.295627236366272,-1.034752607345581,False,True
2350,mbpp_794:0:0:1,mbpp,1690c1cc36d3f6840b57317269f01c6171cfb74d327e31da85392ccc08645c0c,False,answer_true,0.1,-1.310951828956604,-0.9758638739585876,False,True
2350,mbpp_794:0:0:1,mbpp,1690c1cc36d3f6840b57317269f01c6171cfb74d327e31da85392ccc08645c0c,False,answer_true,0.2,-1.3151228427886963,-1.0096626281738281,False,True
2350,mbpp_794:0:0:1,mbpp,1690c1cc36d3f6840b57317269f01c6171cfb74d327e31da85392ccc08645c0c,False,answer_true,0.4,-1.6846057176589966,-1.2112659215927124,False,True
2350,mbpp_794:0:0:1,mbpp,1690c1cc36d3f6840b57317269f01c6171cfb74d327e31da85392ccc08645c0c,False,answer_true,0.8,-4.327010154724121,-3.8541479110717773,False,False
2350,mbpp_794:0:0:1,mbpp,1690c1cc36d3f6840b57317269f01c6171cfb74d327e31da85392ccc08645c0c,False,answer_away,0.05,-1.368544340133667,-0.978684663772583,False,True
2350,mbpp_794:0:0:1,mbpp,1690c1cc36d3f6840b57317269f01c6171cfb74d327e31da85392ccc08645c0c,False,answer_away,0.1,-1.4473496675491333,-0.9565722346305847,False,True
2350,mbpp_794:0:0:1,mbpp,1690c1cc36d3f6840b57317269f01c6171cfb74d327e31da85392ccc08645c0c,False,answer_away,0.2,-1.6192364692687988,-0.8810021281242371,False,True
2350,mbpp_794:0:0:1,mbpp,1690c1cc36d3f6840b57317269f01c6171cfb74d327e31da85392ccc08645c0c,False,answer_away,0.4,-2.217424154281616,-1.4787672758102417,False,True
2350,mbpp_794:0:0:1,mbpp,1690c1cc36d3f6840b57317269f01c6171cfb74d327e31da85392ccc08645c0c,False,answer_away,0.8,-8.435544967651367,-7.770175933837891,False,False
2350,mbpp_794:0:0:1,mbpp,1690c1cc36d3f6840b57317269f01c6171cfb74d327e31da85392ccc08645c0c,False,random_if,0.05,-1.3113632202148438,-1.044653296470642,False,True
2350,mbpp_794:0:0:1,mbpp,1690c1cc36d3f6840b57317269f01c6171cfb74d327e31da85392ccc08645c0c,False,random_if,0.1,-1.3542213439941406,-1.0260295867919922,False,True
2350,mbpp_794:0:0:1,mbpp,1690c1cc36d3f6840b57317269f01c6171cfb74d327e31da85392ccc08645c0c,False,random_if,0.2,-1.3699243068695068,-1.0417134761810303,False,True
2350,mbpp_794:0:0:1,mbpp,1690c1cc36d3f6840b57317269f01c6171cfb74d327e31da85392ccc08645c0c,False,random_if,0.4,-1.3807464838027954,-1.0463075637817383,False,True
2350,mbpp_794:0:0:1,mbpp,1690c1cc36d3f6840b57317269f01c6171cfb74d327e31da85392ccc08645c0c,False,random_if,0.8,-1.4352035522460938,-1.028512954711914,False,True
2350,mbpp_794:0:0:1,mbpp,1690c1cc36d3f6840b57317269f01c6171cfb74d327e31da85392ccc08645c0c,False,random_answer,0.05,-1.3301661014556885,-1.0081863403320312,False,True
2350,mbpp_794:0:0:1,mbpp,1690c1cc36d3f6840b57317269f01c6171cfb74d327e31da85392ccc08645c0c,False,random_answer,0.1,-1.2971704006195068,-1.0213509798049927,False,True
2350,mbpp_794:0:0:1,mbpp,1690c1cc36d3f6840b57317269f01c6171cfb74d327e31da85392ccc08645c0c,False,random_answer,0.2,-1.2606451511383057,-0.9919926524162292,False,True
2350,mbpp_794:0:0:1,mbpp,1690c1cc36d3f6840b57317269f01c6171cfb74d327e31da85392ccc08645c0c,False,random_answer,0.4,-1.1734888553619385,-0.9826971888542175,False,True
2350,mbpp_794:0:0:1,mbpp,1690c1cc36d3f6840b57317269f01c6171cfb74d327e31da85392ccc08645c0c,False,random_answer,0.8,-2.375481367111206,-1.943227767944336,False,False
2350,mbpp_794:0:0:1,mbpp,1690c1cc36d3f6840b57317269f01c6171cfb74d327e31da85392ccc08645c0c,False,shuffled_if,0.05,-1.354369878768921,-1.024652123451233,False,True
2350,mbpp_794:0:0:1,mbpp,1690c1cc36d3f6840b57317269f01c6171cfb74d327e31da85392ccc08645c0c,False,shuffled_if,0.1,-1.2804169654846191,-1.055953860282898,False,True
2350,mbpp_794:0:0:1,mbpp,1690c1cc36d3f6840b57317269f01c6171cfb74d327e31da85392ccc08645c0c,False,shuffled_if,0.2,-1.3717725276947021,-1.0961809158325195,False,True
2350,mbpp_794:0:0:1,mbpp,1690c1cc36d3f6840b57317269f01c6171cfb74d327e31da85392ccc08645c0c,False,shuffled_if,0.4,-1.4084210395812988,-1.0077472925186157,False,True
2350,mbpp_794:0:0:1,mbpp,1690c1cc36d3f6840b57317269f01c6171cfb74d327e31da85392ccc08645c0c,False,shuffled_if,0.8,-1.786426067352295,-0.7610011100769043,False,True
2350,mbpp_794:0:0:1,mbpp,1690c1cc36d3f6840b57317269f01c6171cfb74d327e31da85392ccc08645c0c,False,actuator_answer,0.05,-1.34761381149292,-1.0721255540847778,False,True
2350,mbpp_794:0:0:1,mbpp,1690c1cc36d3f6840b57317269f01c6171cfb74d327e31da85392ccc08645c0c,False,actuator_answer,0.1,-1.3382009267807007,-1.1454964876174927,False,True
2350,mbpp_794:0:0:1,mbpp,1690c1cc36d3f6840b57317269f01c6171cfb74d327e31da85392ccc08645c0c,False,actuator_answer,0.2,-1.229919672012329,-1.3652009963989258,True,False
2350,mbpp_794:0:0:1,mbpp,1690c1cc36d3f6840b57317269f01c6171cfb74d327e31da85392ccc08645c0c,False,actuator_answer,0.4,-2.8553948402404785,-3.1816625595092773,False,False
2350,mbpp_794:0:0:1,mbpp,1690c1cc36d3f6840b57317269f01c6171cfb74d327e31da85392ccc08645c0c,False,actuator_answer,0.8,-50.24515914916992,-49.696006774902344,False,False
2351,mbpp_794:0:0:2,mbpp,1690c1cc36d3f6840b57317269f01c6171cfb74d327e31da85392ccc08645c0c,False,baseline,0.0,-1.3428434133529663,-0.9956997632980347,False,True
2351,mbpp_794:0:0:2,mbpp,1690c1cc36d3f6840b57317269f01c6171cfb74d327e31da85392ccc08645c0c,False,if_true,0.05,-1.3823868036270142,-0.9534786939620972,False,True
2351,mbpp_794:0:0:2,mbpp,1690c1cc36d3f6840b57317269f01c6171cfb74d327e31da85392ccc08645c0c,False,if_true,0.1,-1.3263019323349,-0.9853034615516663,False,True
2351,mbpp_794:0:0:2,mbpp,1690c1cc36d3f6840b57317269f01c6171cfb74d327e31da85392ccc08645c0c,False,if_true,0.2,-1.4233828783035278,-0.8964196443557739,False,True
2351,mbpp_794:0:0:2,mbpp,1690c1cc36d3f6840b57317269f01c6171cfb74d327e31da85392ccc08645c0c,False,if_true,0.4,-1.3403130769729614,-0.957473874092102,False,True
2351,mbpp_794:0:0:2,mbpp,1690c1cc36d3f6840b57317269f01c6171cfb74d327e31da85392ccc08645c0c,False,if_true,0.8,-1.6366479396820068,-0.7378289699554443,False,True
2351,mbpp_794:0:0:2,mbpp,1690c1cc36d3f6840b57317269f01c6171cfb74d327e31da85392ccc08645c0c,False,if_away,0.05,-1.4092577695846558,-0.9894756078720093,False,True
2351,mbpp_794:0:0:2,mbpp,1690c1cc36d3f6840b57317269f01c6171cfb74d327e31da85392ccc08645c0c,False,if_away,0.1,-1.428165078163147,-0.9878783226013184,False,True
2351,mbpp_794:0:0:2,mbpp,1690c1cc36d3f6840b57317269f01c6171cfb74d327e31da85392ccc08645c0c,False,if_away,0.2,-1.4242435693740845,-1.0044654607772827,False,True
2351,mbpp_794:0:0:2,mbpp,1690c1cc36d3f6840b57317269f01c6171cfb74d327e31da85392ccc08645c0c,False,if_away,0.4,-1.3874857425689697,-1.052098274230957,False,True
2351,mbpp_794:0:0:2,mbpp,1690c1cc36d3f6840b57317269f01c6171cfb74d327e31da85392ccc08645c0c,False,if_away,0.8,-1.2665131092071533,-1.093569040298462,False,True
2351,mbpp_794:0:0:2,mbpp,1690c1cc36d3f6840b57317269f01c6171cfb74d327e31da85392ccc08645c0c,False,answer_true,0.05,-1.3385963439941406,-0.9966062903404236,False,True
2351,mbpp_794:0:0:2,mbpp,1690c1cc36d3f6840b57317269f01c6171cfb74d327e31da85392ccc08645c0c,False,answer_true,0.1,-1.3312289714813232,-0.9718503952026367,False,True
2351,mbpp_794:0:0:2,mbpp,1690c1cc36d3f6840b57317269f01c6171cfb74d327e31da85392ccc08645c0c,False,answer_true,0.2,-1.2926098108291626,-0.9796488881111145,False,True
2351,mbpp_794:0:0:2,mbpp,1690c1cc36d3f6840b57317269f01c6171cfb74d327e31da85392ccc08645c0c,False,answer_true,0.4,-1.7109901905059814,-1.1782515048980713,False,True
2351,mbpp_794:0:0:2,mbpp,1690c1cc36d3f6840b57317269f01c6171cfb74d327e31da85392ccc08645c0c,False,answer_true,0.8,-4.40853214263916,-3.8950014114379883,False,False
2351,mbpp_794:0:0:2,mbpp,1690c1cc36d3f6840b57317269f01c6171cfb74d327e31da85392ccc08645c0c,False,answer_away,0.05,-1.4350485801696777,-0.9529616832733154,False,True
2351,mbpp_794:0:0:2,mbpp,1690c1cc36d3f6840b57317269f01c6171cfb74d327e31da85392ccc08645c0c,False,answer_away,0.1,-1.4465570449829102,-0.9551584720611572,False,True
2351,mbpp_794:0:0:2,mbpp,1690c1cc36d3f6840b57317269f01c6171cfb74d327e31da85392ccc08645c0c,False,answer_away,0.2,-1.634357213973999,-0.8598734140396118,False,True
2351,mbpp_794:0:0:2,mbpp,1690c1cc36d3f6840b57317269f01c6171cfb74d327e31da85392ccc08645c0c,False,answer_away,0.4,-2.1529242992401123,-1.474806308746338,False,True
2351,mbpp_794:0:0:2,mbpp,1690c1cc36d3f6840b57317269f01c6171cfb74d327e31da85392ccc08645c0c,False,answer_away,0.8,-8.478939056396484,-7.837526321411133,False,False
2351,mbpp_794:0:0:2,mbpp,1690c1cc36d3f6840b57317269f01c6171cfb74d327e31da85392ccc08645c0c,False,random_if,0.05,-1.4015694856643677,-0.9889018535614014,False,True
2351,mbpp_794:0:0:2,mbpp,1690c1cc36d3f6840b57317269f01c6171cfb74d327e31da85392ccc08645c0c,False,random_if,0.1,-1.3762568235397339,-0.9643303155899048,False,True
2351,mbpp_794:0:0:2,mbpp,1690c1cc36d3f6840b57317269f01c6171cfb74d327e31da85392ccc08645c0c,False,random_if,0.2,-1.414330005645752,-0.9391142129898071,False,True
2351,mbpp_794:0:0:2,mbpp,1690c1cc36d3f6840b57317269f01c6171cfb74d327e31da85392ccc08645c0c,False,random_if,0.4,-1.4589381217956543,-0.922849178314209,False,True
2351,mbpp_794:0:0:2,mbpp,1690c1cc36d3f6840b57317269f01c6171cfb74d327e31da85392ccc08645c0c,False,random_if,0.8,-1.5944827795028687,-0.8834388852119446,False,True
2351,mbpp_794:0:0:2,mbpp,1690c1cc36d3f6840b57317269f01c6171cfb74d327e31da85392ccc08645c0c,False,random_answer,0.05,-1.4089733362197876,-0.9363436102867126,False,True
2351,mbpp_794:0:0:2,mbpp,1690c1cc36d3f6840b57317269f01c6171cfb74d327e31da85392ccc08645c0c,False,random_answer,0.1,-1.4178627729415894,-0.9463818073272705,False,True
2351,mbpp_794:0:0:2,mbpp,1690c1cc36d3f6840b57317269f01c6171cfb74d327e31da85392ccc08645c0c,False,random_answer,0.2,-1.4116288423538208,-0.9584669470787048,False,True
2351,mbpp_794:0:0:2,mbpp,1690c1cc36d3f6840b57317269f01c6171cfb74d327e31da85392ccc08645c0c,False,random_answer,0.4,-1.4230138063430786,-0.8078701496124268,False,True
2351,mbpp_794:0:0:2,mbpp,1690c1cc36d3f6840b57317269f01c6171cfb74d327e31da85392ccc08645c0c,False,random_answer,0.8,-1.6858352422714233,-0.9121809601783752,False,True
2351,mbpp_794:0:0:2,mbpp,1690c1cc36d3f6840b57317269f01c6171cfb74d327e31da85392ccc08645c0c,False,shuffled_if,0.05,-1.3445931673049927,-1.0149999856948853,False,True
2351,mbpp_794:0:0:2,mbpp,1690c1cc36d3f6840b57317269f01c6171cfb74d327e31da85392ccc08645c0c,False,shuffled_if,0.1,-1.30994713306427,-0.9967467784881592,False,True
2351,mbpp_794:0:0:2,mbpp,1690c1cc36d3f6840b57317269f01c6171cfb74d327e31da85392ccc08645c0c,False,shuffled_if,0.2,-1.3667230606079102,-1.0500037670135498,False,True
2351,mbpp_794:0:0:2,mbpp,1690c1cc36d3f6840b57317269f01c6171cfb74d327e31da85392ccc08645c0c,False,shuffled_if,0.4,-1.495091199874878,-0.9920350909233093,False,True
2351,mbpp_794:0:0:2,mbpp,1690c1cc36d3f6840b57317269f01c6171cfb74d327e31da85392ccc08645c0c,False,shuffled_if,0.8,-1.8185622692108154,-0.7961005568504333,False,True
2351,mbpp_794:0:0:2,mbpp,1690c1cc36d3f6840b57317269f01c6171cfb74d327e31da85392ccc08645c0c,False,actuator_answer,0.05,-1.3604249954223633,-1.0609004497528076,False,True
2351,mbpp_794:0:0:2,mbpp,1690c1cc36d3f6840b57317269f01c6171cfb74d327e31da85392ccc08645c0c,False,actuator_answer,0.1,-1.3386735916137695,-1.1172577142715454,False,True
2351,mbpp_794:0:0:2,mbpp,1690c1cc36d3f6840b57317269f01c6171cfb74d327e31da85392ccc08645c0c,False,actuator_answer,0.2,-1.2858467102050781,-1.3315807580947876,True,False
2351,mbpp_794:0:0:2,mbpp,1690c1cc36d3f6840b57317269f01c6171cfb74d327e31da85392ccc08645c0c,False,actuator_answer,0.4,-2.8045473098754883,-3.305476665496826,False,False
2351,mbpp_794:0:0:2,mbpp,1690c1cc36d3f6840b57317269f01c6171cfb74d327e31da85392ccc08645c0c,False,actuator_answer,0.8,-50.55490493774414,-50.00450134277344,False,False
2352,mbpp_794:1:0:0,mbpp,1690c1cc36d3f6840b57317269f01c6171cfb74d327e31da85392ccc08645c0c,False,baseline,0.0,-1.6476237773895264,-1.0502018928527832,False,True
2352,mbpp_794:1:0:0,mbpp,1690c1cc36d3f6840b57317269f01c6171cfb74d327e31da85392ccc08645c0c,False,if_true,0.05,-1.6131824254989624,-1.054062008857727,False,True
2352,mbpp_794:1:0:0,mbpp,1690c1cc36d3f6840b57317269f01c6171cfb74d327e31da85392ccc08645c0c,False,if_true,0.1,-1.612673044204712,-1.0209423303604126,False,True
2352,mbpp_794:1:0:0,mbpp,1690c1cc36d3f6840b57317269f01c6171cfb74d327e31da85392ccc08645c0c,False,if_true,0.2,-1.63414466381073,-0.9780328273773193,False,True
2352,mbpp_794:1:0:0,mbpp,1690c1cc36d3f6840b57317269f01c6171cfb74d327e31da85392ccc08645c0c,False,if_true,0.4,-1.587287187576294,-0.9716860055923462,False,True
2352,mbpp_794:1:0:0,mbpp,1690c1cc36d3f6840b57317269f01c6171cfb74d327e31da85392ccc08645c0c,False,if_true,0.8,-1.7852952480316162,-0.8088366985321045,False,True
2352,mbpp_794:1:0:0,mbpp,1690c1cc36d3f6840b57317269f01c6171cfb74d327e31da85392ccc08645c0c,False,if_away,0.05,-1.599040150642395,-1.0411252975463867,False,True
2352,mbpp_794:1:0:0,mbpp,1690c1cc36d3f6840b57317269f01c6171cfb74d327e31da85392ccc08645c0c,False,if_away,0.1,-1.6350325345993042,-1.0871391296386719,False,True
2352,mbpp_794:1:0:0,mbpp,1690c1cc36d3f6840b57317269f01c6171cfb74d327e31da85392ccc08645c0c,False,if_away,0.2,-1.7387014627456665,-1.1054484844207764,False,True
2352,mbpp_794:1:0:0,mbpp,1690c1cc36d3f6840b57317269f01c6171cfb74d327e31da85392ccc08645c0c,False,if_away,0.4,-1.6968052387237549,-1.1677393913269043,False,True
2352,mbpp_794:1:0:0,mbpp,1690c1cc36d3f6840b57317269f01c6171cfb74d327e31da85392ccc08645c0c,False,if_away,0.8,-1.5447778701782227,-1.0646672248840332,False,True
2352,mbpp_794:1:0:0,mbpp,1690c1cc36d3f6840b57317269f01c6171cfb74d327e31da85392ccc08645c0c,False,answer_true,0.05,-1.6566762924194336,-1.0412850379943848,False,True
2352,mbpp_794:1:0:0,mbpp,1690c1cc36d3f6840b57317269f01c6171cfb74d327e31da85392ccc08645c0c,False,answer_true,0.1,-1.6070021390914917,-1.0178234577178955,False,True
2352,mbpp_794:1:0:0,mbpp,1690c1cc36d3f6840b57317269f01c6171cfb74d327e31da85392ccc08645c0c,False,answer_true,0.2,-1.6394126415252686,-1.073614239692688,False,True
2352,mbpp_794:1:0:0,mbpp,1690c1cc36d3f6840b57317269f01c6171cfb74d327e31da85392ccc08645c0c,False,answer_true,0.4,-2.1728034019470215,-1.484867811203003,False,True
2352,mbpp_794:1:0:0,mbpp,1690c1cc36d3f6840b57317269f01c6171cfb74d327e31da85392ccc08645c0c,False,answer_true,0.8,-4.8457722663879395,-4.088172912597656,False,False
2352,mbpp_794:1:0:0,mbpp,1690c1cc36d3f6840b57317269f01c6171cfb74d327e31da85392ccc08645c0c,False,answer_away,0.05,-1.5910732746124268,-1.0801488161087036,False,True
2352,mbpp_794:1:0:0,mbpp,1690c1cc36d3f6840b57317269f01c6171cfb74d327e31da85392ccc08645c0c,False,answer_away,0.1,-1.6801819801330566,-1.1017708778381348,False,True
2352,mbpp_794:1:0:0,mbpp,1690c1cc36d3f6840b57317269f01c6171cfb74d327e31da85392ccc08645c0c,False,answer_away,0.2,-1.9203922748565674,-1.0273572206497192,False,True
2352,mbpp_794:1:0:0,mbpp,1690c1cc36d3f6840b57317269f01c6171cfb74d327e31da85392ccc08645c0c,False,answer_away,0.4,-2.8504676818847656,-2.000577449798584,False,False
2352,mbpp_794:1:0:0,mbpp,1690c1cc36d3f6840b57317269f01c6171cfb74d327e31da85392ccc08645c0c,False,answer_away,0.8,-8.84067153930664,-8.096416473388672,False,False
2352,mbpp_794:1:0:0,mbpp,1690c1cc36d3f6840b57317269f01c6171cfb74d327e31da85392ccc08645c0c,False,random_if,0.05,-1.6474292278289795,-1.0519509315490723,False,True
2352,mbpp_794:1:0:0,mbpp,1690c1cc36d3f6840b57317269f01c6171cfb74d327e31da85392ccc08645c0c,False,random_if,0.1,-1.6465264558792114,-1.0498158931732178,False,True
2352,mbpp_794:1:0:0,mbpp,1690c1cc36d3f6840b57317269f01c6171cfb74d327e31da85392ccc08645c0c,False,random_if,0.2,-1.6208243370056152,-1.0516326427459717,False,True
2352,mbpp_794:1:0:0,mbpp,1690c1cc36d3f6840b57317269f01c6171cfb74d327e31da85392ccc08645c0c,False,random_if,0.4,-1.6226911544799805,-1.1165261268615723,False,True
2352,mbpp_794:1:0:0,mbpp,1690c1cc36d3f6840b57317269f01c6171cfb74d327e31da85392ccc08645c0c,False,random_if,0.8,-1.7446043491363525,-0.9810985326766968,False,True
2352,mbpp_794:1:0:0,mbpp,1690c1cc36d3f6840b57317269f01c6171cfb74d327e31da85392ccc08645c0c,False,random_answer,0.05,-1.604663372039795,-1.0352017879486084,False,True
2352,mbpp_794:1:0:0,mbpp,1690c1cc36d3f6840b57317269f01c6171cfb74d327e31da85392ccc08645c0c,False,random_answer,0.1,-1.665459394454956,-1.0115686655044556,False,True
2352,mbpp_794:1:0:0,mbpp,1690c1cc36d3f6840b57317269f01c6171cfb74d327e31da85392ccc08645c0c,False,random_answer,0.2,-1.7048990726470947,-0.9625405073165894,False,True
2352,mbpp_794:1:0:0,mbpp,1690c1cc36d3f6840b57317269f01c6171cfb74d327e31da85392ccc08645c0c,False,random_answer,0.4,-1.7956912517547607,-0.9697235226631165,False,True
2352,mbpp_794:1:0:0,mbpp,1690c1cc36d3f6840b57317269f01c6171cfb74d327e31da85392ccc08645c0c,False,random_answer,0.8,-2.961535930633545,-2.180962562561035,False,True
2352,mbpp_794:1:0:0,mbpp,1690c1cc36d3f6840b57317269f01c6171cfb74d327e31da85392ccc08645c0c,False,shuffled_if,0.05,-1.6397309303283691,-1.1255053281784058,False,True
2352,mbpp_794:1:0:0,mbpp,1690c1cc36d3f6840b57317269f01c6171cfb74d327e31da85392ccc08645c0c,False,shuffled_if,0.1,-1.606695294380188,-1.0930651426315308,False,True
2352,mbpp_794:1:0:0,mbpp,1690c1cc36d3f6840b57317269f01c6171cfb74d327e31da85392ccc08645c0c,False,shuffled_if,0.2,-1.6426286697387695,-1.0972816944122314,False,True
2352,mbpp_794:1:0:0,mbpp,1690c1cc36d3f6840b57317269f01c6171cfb74d327e31da85392ccc08645c0c,False,shuffled_if,0.4,-1.7305583953857422,-1.0261033773422241,False,True
2352,mbpp_794:1:0:0,mbpp,1690c1cc36d3f6840b57317269f01c6171cfb74d327e31da85392ccc08645c0c,False,shuffled_if,0.8,-2.092029333114624,-0.8242427110671997,False,True
2352,mbpp_794:1:0:0,mbpp,1690c1cc36d3f6840b57317269f01c6171cfb74d327e31da85392ccc08645c0c,False,actuator_answer,0.05,-1.6653090715408325,-1.1116714477539062,False,True
2352,mbpp_794:1:0:0,mbpp,1690c1cc36d3f6840b57317269f01c6171cfb74d327e31da85392ccc08645c0c,False,actuator_answer,0.1,-1.5950373411178589,-1.2175450325012207,False,True
2352,mbpp_794:1:0:0,mbpp,1690c1cc36d3f6840b57317269f01c6171cfb74d327e31da85392ccc08645c0c,False,actuator_answer,0.2,-1.4938329458236694,-1.382371187210083,True,False
2352,mbpp_794:1:0:0,mbpp,1690c1cc36d3f6840b57317269f01c6171cfb74d327e31da85392ccc08645c0c,False,actuator_answer,0.4,-3.56052303314209,-3.6567444801330566,False,False
2352,mbpp_794:1:0:0,mbpp,1690c1cc36d3f6840b57317269f01c6171cfb74d327e31da85392ccc08645c0c,False,actuator_answer,0.8,-51.007591247558594,-50.27861404418945,False,False
2355,mbpp_801:1:0:1,mbpp,77d8586601239091169c53f8e476e101c1dcdf3d670c983a138aea6f45f02505,False,baseline,0.0,-2.294326066970825,-1.0443260669708252,False,True
2355,mbpp_801:1:0:1,mbpp,77d8586601239091169c53f8e476e101c1dcdf3d670c983a138aea6f45f02505,False,if_true,0.05,-2.2753982543945312,-1.0253983736038208,False,True
2355,mbpp_801:1:0:1,mbpp,77d8586601239091169c53f8e476e101c1dcdf3d670c983a138aea6f45f02505,False,if_true,0.1,-1.9980181455612183,-1.2480181455612183,False,True
2355,mbpp_801:1:0:1,mbpp,77d8586601239091169c53f8e476e101c1dcdf3d670c983a138aea6f45f02505,False,if_true,0.2,-1.7756675481796265,-1.5256675481796265,False,False
2355,mbpp_801:1:0:1,mbpp,77d8586601239091169c53f8e476e101c1dcdf3d670c983a138aea6f45f02505,False,if_true,0.4,-1.8943668603897095,-1.6443668603897095,False,False
2355,mbpp_801:1:0:1,mbpp,77d8586601239091169c53f8e476e101c1dcdf3d670c983a138aea6f45f02505,False,if_true,0.8,-1.6971466541290283,-1.6971466541290283,False,False
2355,mbpp_801:1:0:1,mbpp,77d8586601239091169c53f8e476e101c1dcdf3d670c983a138aea6f45f02505,False,if_away,0.05,-2.168454647064209,-0.918454647064209,False,True
2355,mbpp_801:1:0:1,mbpp,77d8586601239091169c53f8e476e101c1dcdf3d670c983a138aea6f45f02505,False,if_away,0.1,-2.3891830444335938,-0.8891830444335938,False,True
2355,mbpp_801:1:0:1,mbpp,77d8586601239091169c53f8e476e101c1dcdf3d670c983a138aea6f45f02505,False,if_away,0.2,-2.3870363235473633,-0.8870364427566528,False,True
2355,mbpp_801:1:0:1,mbpp,77d8586601239091169c53f8e476e101c1dcdf3d670c983a138aea6f45f02505,False,if_away,0.4,-2.0123746395111084,-1.0123746395111084,False,True
2355,mbpp_801:1:0:1,mbpp,77d8586601239091169c53f8e476e101c1dcdf3d670c983a138aea6f45f02505,False,if_away,0.8,-1.9275329113006592,-1.1775329113006592,False,True
2355,mbpp_801:1:0:1,mbpp,77d8586601239091169c53f8e476e101c1dcdf3d670c983a138aea6f45f02505,False,answer_true,0.05,-2.336337089538574,-0.8363370895385742,False,True
2355,mbpp_801:1:0:1,mbpp,77d8586601239091169c53f8e476e101c1dcdf3d670c983a138aea6f45f02505,False,answer_true,0.1,-2.28825044631958,-0.7882504463195801,False,True
2355,mbpp_801:1:0:1,mbpp,77d8586601239091169c53f8e476e101c1dcdf3d670c983a138aea6f45f02505,False,answer_true,0.2,-2.474125385284424,-0.7241253852844238,False,True
2355,mbpp_801:1:0:1,mbpp,77d8586601239091169c53f8e476e101c1dcdf3d670c983a138aea6f45f02505,False,answer_true,0.4,-2.2692136764526367,-0.5192135572433472,False,True
2355,mbpp_801:1:0:1,mbpp,77d8586601239091169c53f8e476e101c1dcdf3d670c983a138aea6f45f02505,False,answer_true,0.8,-4.0853590965271,-1.6166090965270996,False,True
2355,mbpp_801:1:0:1,mbpp,77d8586601239091169c53f8e476e101c1dcdf3d670c983a138aea6f45f02505,False,answer_away,0.05,-2.348720073699951,-1.0987199544906616,False,True
2355,mbpp_801:1:0:1,mbpp,77d8586601239091169c53f8e476e101c1dcdf3d670c983a138aea6f45f02505,False,answer_away,0.1,-2.2205142974853516,-0.9705142974853516,False,True
2355,mbpp_801:1:0:1,mbpp,77d8586601239091169c53f8e476e101c1dcdf3d670c983a138aea6f45f02505,False,answer_away,0.2,-2.201589584350586,-0.9515897035598755,False,True
2355,mbpp_801:1:0:1,mbpp,77d8586601239091169c53f8e476e101c1dcdf3d670c983a138aea6f45f02505,False,answer_away,0.4,-2.2621583938598633,-0.5121583938598633,False,True
2355,mbpp_801:1:0:1,mbpp,77d8586601239091169c53f8e476e101c1dcdf3d670c983a138aea6f45f02505,False,answer_away,0.8,-3.668354034423828,-7.668354034423828,True,False
2355,mbpp_801:1:0:1,mbpp,77d8586601239091169c53f8e476e101c1dcdf3d670c983a138aea6f45f02505,False,random_if,0.05,-2.1684696674346924,-0.9184696674346924,False,True
2355,mbpp_801:1:0:1,mbpp,77d8586601239091169c53f8e476e101c1dcdf3d670c983a138aea6f45f02505,False,random_if,0.1,-2.2652246952056885,-1.0152246952056885,False,True
2355,mbpp_801:1:0:1,mbpp,77d8586601239091169c53f8e476e101c1dcdf3d670c983a138aea6f45f02505,False,random_if,0.2,-2.1432268619537354,-0.8932269215583801,False,True
2355,mbpp_801:1:0:1,mbpp,77d8586601239091169c53f8e476e101c1dcdf3d670c983a138aea6f45f02505,False,random_if,0.4,-2.2390687465667725,-0.9890686869621277,False,True
2355,mbpp_801:1:0:1,mbpp,77d8586601239091169c53f8e476e101c1dcdf3d670c983a138aea6f45f02505,False,random_if,0.8,-2.0003738403320312,-1.2503738403320312,False,True
2355,mbpp_801:1:0:1,mbpp,77d8586601239091169c53f8e476e101c1dcdf3d670c983a138aea6f45f02505,False,random_answer,0.05,-2.1760263442993164,-0.9260262846946716,False,True
2355,mbpp_801:1:0:1,mbpp,77d8586601239091169c53f8e476e101c1dcdf3d670c983a138aea6f45f02505,False,random_answer,0.1,-2.3010711669921875,-1.0510711669921875,False,True
2355,mbpp_801:1:0:1,mbpp,77d8586601239091169c53f8e476e101c1dcdf3d670c983a138aea6f45f02505,False,random_answer,0.2,-2.310023307800293,-1.060023307800293,False,True
2355,mbpp_801:1:0:1,mbpp,77d8586601239091169c53f8e476e101c1dcdf3d670c983a138aea6f45f02505,False,random_answer,0.4,-2.264509677886963,-1.014509677886963,False,True
2355,mbpp_801:1:0:1,mbpp,77d8586601239091169c53f8e476e101c1dcdf3d670c983a138aea6f45f02505,False,random_answer,0.8,-2.4308080673217773,-0.9308081865310669,False,True
2355,mbpp_801:1:0:1,mbpp,77d8586601239091169c53f8e476e101c1dcdf3d670c983a138aea6f45f02505,False,shuffled_if,0.05,-2.271777391433716,-1.0217773914337158,False,True
2355,mbpp_801:1:0:1,mbpp,77d8586601239091169c53f8e476e101c1dcdf3d670c983a138aea6f45f02505,False,shuffled_if,0.1,-2.2393991947174072,-0.9893991351127625,False,True
2355,mbpp_801:1:0:1,mbpp,77d8586601239091169c53f8e476e101c1dcdf3d670c983a138aea6f45f02505,False,shuffled_if,0.2,-2.0806503295898438,-1.3306502103805542,False,False
2355,mbpp_801:1:0:1,mbpp,77d8586601239091169c53f8e476e101c1dcdf3d670c983a138aea6f45f02505,False,shuffled_if,0.4,-2.0454444885253906,-1.7954446077346802,False,False
2355,mbpp_801:1:0:1,mbpp,77d8586601239091169c53f8e476e101c1dcdf3d670c983a138aea6f45f02505,False,shuffled_if,0.8,-1.7707252502441406,-2.0207252502441406,False,False
2355,mbpp_801:1:0:1,mbpp,77d8586601239091169c53f8e476e101c1dcdf3d670c983a138aea6f45f02505,False,actuator_answer,0.05,-2.220526933670044,-0.970526933670044,False,True
2355,mbpp_801:1:0:1,mbpp,77d8586601239091169c53f8e476e101c1dcdf3d670c983a138aea6f45f02505,False,actuator_answer,0.1,-1.8690427541732788,-1.1190427541732788,False,True
2355,mbpp_801:1:0:1,mbpp,77d8586601239091169c53f8e476e101c1dcdf3d670c983a138aea6f45f02505,False,actuator_answer,0.2,-1.205061674118042,-1.205061674118042,False,True
2355,mbpp_801:1:0:1,mbpp,77d8586601239091169c53f8e476e101c1dcdf3d670c983a138aea6f45f02505,False,actuator_answer,0.4,-0.38049453496932983,-8.505494117736816,True,False
2355,mbpp_801:1:0:1,mbpp,77d8586601239091169c53f8e476e101c1dcdf3d670c983a138aea6f45f02505,False,actuator_answer,0.8,-2.264974000354414e-06,-44.562503814697266,True,False
2356,mbpp_801:1:0:2,mbpp,77d8586601239091169c53f8e476e101c1dcdf3d670c983a138aea6f45f02505,False,baseline,0.0,-2.2655553817749023,-0.7655555009841919,False,True
2356,mbpp_801:1:0:2,mbpp,77d8586601239091169c53f8e476e101c1dcdf3d670c983a138aea6f45f02505,False,if_true,0.05,-2.077457904815674,-0.8274580240249634,False,True
2356,mbpp_801:1:0:2,mbpp,77d8586601239091169c53f8e476e101c1dcdf3d670c983a138aea6f45f02505,False,if_true,0.1,-1.974534273147583,-0.974534273147583,False,True
2356,mbpp_801:1:0:2,mbpp,77d8586601239091169c53f8e476e101c1dcdf3d670c983a138aea6f45f02505,False,if_true,0.2,-1.8891957998275757,-1.1391957998275757,False,True
2356,mbpp_801:1:0:2,mbpp,77d8586601239091169c53f8e476e101c1dcdf3d670c983a138aea6f45f02505,False,if_true,0.4,-1.6450318098068237,-1.3950318098068237,False,True
2356,mbpp_801:1:0:2,mbpp,77d8586601239091169c53f8e476e101c1dcdf3d670c983a138aea6f45f02505,False,if_true,0.8,-1.640122413635254,-1.390122413635254,False,False
2356,mbpp_801:1:0:2,mbpp,77d8586601239091169c53f8e476e101c1dcdf3d670c983a138aea6f45f02505,False,if_away,0.05,-2.2439050674438477,-0.7439050674438477,False,True
2356,mbpp_801:1:0:2,mbpp,77d8586601239091169c53f8e476e101c1dcdf3d670c983a138aea6f45f02505,False,if_away,0.1,-2.3888821601867676,-0.6388821005821228,False,True
2356,mbpp_801:1:0:2,mbpp,77d8586601239091169c53f8e476e101c1dcdf3d670c983a138aea6f45f02505,False,if_away,0.2,-2.3875691890716553,-0.6375691294670105,False,True
2356,mbpp_801:1:0:2,mbpp,77d8586601239091169c53f8e476e101c1dcdf3d670c983a138aea6f45f02505,False,if_away,0.4,-2.2701663970947266,-0.7701663374900818,False,True
2356,mbpp_801:1:0:2,mbpp,77d8586601239091169c53f8e476e101c1dcdf3d670c983a138aea6f45f02505,False,if_away,0.8,-1.961350679397583,-0.961350679397583,False,True
2356,mbpp_801:1:0:2,mbpp,77d8586601239091169c53f8e476e101c1dcdf3d670c983a138aea6f45f02505,False,answer_true,0.05,-2.1719696521759033,-0.6719696521759033,False,True
2356,mbpp_801:1:0:2,mbpp,77d8586601239091169c53f8e476e101c1dcdf3d670c983a138aea6f45f02505,False,answer_true,0.1,-2.171999454498291,-0.6719993352890015,False,True
2356,mbpp_801:1:0:2,mbpp,77d8586601239091169c53f8e476e101c1dcdf3d670c983a138aea6f45f02505,False,answer_true,0.2,-2.372633457183838,-0.6226334571838379,False,True
2356,mbpp_801:1:0:2,mbpp,77d8586601239091169c53f8e476e101c1dcdf3d670c983a138aea6f45f02505,False,answer_true,0.4,-2.2456183433532715,-0.4956182837486267,False,True
2356,mbpp_801:1:0:2,mbpp,77d8586601239091169c53f8e476e101c1dcdf3d670c983a138aea6f45f02505,False,answer_true,0.8,-4.192481994628906,-1.6612318754196167,False,True
2356,mbpp_801:1:0:2,mbpp,77d8586601239091169c53f8e476e101c1dcdf3d670c983a138aea6f45f02505,False,answer_away,0.05,-2.308820962905884,-0.808820903301239,False,True
2356,mbpp_801:1:0:2,mbpp,77d8586601239091169c53f8e476e101c1dcdf3d670c983a138aea6f45f02505,False,answer_away,0.1,-2.309713363647461,-0.8097134232521057,False,True
2356,mbpp_801:1:0:2,mbpp,77d8586601239091169c53f8e476e101c1dcdf3d670c983a138aea6f45f02505,False,answer_away,0.2,-2.2974700927734375,-0.7974701523780823,False,True
2356,mbpp_801:1:0:2,mbpp,77d8586601239091169c53f8e476e101c1dcdf3d670c983a138aea6f45f02505,False,answer_away,0.4,-2.460153102874756,-0.4601529836654663,False,True
2356,mbpp_801:1:0:2,mbpp,77d8586601239091169c53f8e476e101c1dcdf3d670c983a138aea6f45f02505,False,answer_away,0.8,-3.8607983589172363,-7.579548358917236,True,False
2356,mbpp_801:1:0:2,mbpp,77d8586601239091169c53f8e476e101c1dcdf3d670c983a138aea6f45f02505,False,random_if,0.05,-2.2978973388671875,-0.7978972792625427,False,True
2356,mbpp_801:1:0:2,mbpp,77d8586601239091169c53f8e476e101c1dcdf3d670c983a138aea6f45f02505,False,random_if,0.1,-2.2950334548950195,-0.7950335144996643,False,True
2356,mbpp_801:1:0:2,mbpp,77d8586601239091169c53f8e476e101c1dcdf3d670c983a138aea6f45f02505,False,random_if,0.2,-2.2442469596862793,-0.7442469596862793,False,True
2356,mbpp_801:1:0:2,mbpp,77d8586601239091169c53f8e476e101c1dcdf3d670c983a138aea6f45f02505,False,random_if,0.4,-2.1047158241271973,-0.8547159433364868,False,True
2356,mbpp_801:1:0:2,mbpp,77d8586601239091169c53f8e476e101c1dcdf3d670c983a138aea6f45f02505,False,random_if,0.8,-1.6951658725738525,-1.1951658725738525,False,True
2356,mbpp_801:1:0:2,mbpp,77d8586601239091169c53f8e476e101c1dcdf3d670c983a138aea6f45f02505,False,random_answer,0.05,-2.2470309734344482,-0.7470309138298035,False,True
2356,mbpp_801:1:0:2,mbpp,77d8586601239091169c53f8e476e101c1dcdf3d670c983a138aea6f45f02505,False,random_answer,0.1,-2.244563579559326,-0.7445636987686157,False,True
2356,mbpp_801:1:0:2,mbpp,77d8586601239091169c53f8e476e101c1dcdf3d670c983a138aea6f45f02505,False,random_answer,0.2,-2.429485559463501,-0.6794856190681458,False,True
2356,mbpp_801:1:0:2,mbpp,77d8586601239091169c53f8e476e101c1dcdf3d670c983a138aea6f45f02505,False,random_answer,0.4,-2.412911891937256,-0.6629120111465454,False,True
2356,mbpp_801:1:0:2,mbpp,77d8586601239091169c53f8e476e101c1dcdf3d670c983a138aea6f45f02505,False,random_answer,0.8,-2.5180375576019287,-0.5180375576019287,False,True
2356,mbpp_801:1:0:2,mbpp,77d8586601239091169c53f8e476e101c1dcdf3d670c983a138aea6f45f02505,False,shuffled_if,0.05,-2.1331090927124023,-0.8831091523170471,False,True
2356,mbpp_801:1:0:2,mbpp,77d8586601239091169c53f8e476e101c1dcdf3d670c983a138aea6f45f02505,False,shuffled_if,0.1,-2.044603109359741,-0.7946031093597412,False,True
2356,mbpp_801:1:0:2,mbpp,77d8586601239091169c53f8e476e101c1dcdf3d670c983a138aea6f45f02505,False,shuffled_if,0.2,-2.0078749656677246,-1.0078749656677246,False,True
2356,mbpp_801:1:0:2,mbpp,77d8586601239091169c53f8e476e101c1dcdf3d670c983a138aea6f45f02505,False,shuffled_if,0.4,-1.9126805067062378,-1.4126805067062378,False,False
2356,mbpp_801:1:0:2,mbpp,77d8586601239091169c53f8e476e101c1dcdf3d670c983a138aea6f45f02505,False,shuffled_if,0.8,-1.6379282474517822,-1.6379282474517822,False,False
2356,mbpp_801:1:0:2,mbpp,77d8586601239091169c53f8e476e101c1dcdf3d670c983a138aea6f45f02505,False,actuator_answer,0.05,-2.0270745754241943,-0.7770745754241943,False,True
2356,mbpp_801:1:0:2,mbpp,77d8586601239091169c53f8e476e101c1dcdf3d670c983a138aea6f45f02505,False,actuator_answer,0.1,-1.8407098054885864,-0.8407098054885864,False,True
2356,mbpp_801:1:0:2,mbpp,77d8586601239091169c53f8e476e101c1dcdf3d670c983a138aea6f45f02505,False,actuator_answer,0.2,-1.0941450595855713,-1.0941450595855713,False,True
2356,mbpp_801:1:0:2,mbpp,77d8586601239091169c53f8e476e101c1dcdf3d670c983a138aea6f45f02505,False,actuator_answer,0.4,-0.3718152940273285,-8.49681568145752,True,False
2356,mbpp_801:1:0:2,mbpp,77d8586601239091169c53f8e476e101c1dcdf3d670c983a138aea6f45f02505,False,actuator_answer,0.8,-1.4305104514278355e-06,-45.375,True,False
2357,mbpp_801:2:0:0,mbpp,77d8586601239091169c53f8e476e101c1dcdf3d670c983a138aea6f45f02505,False,baseline,0.0,-2.1692895889282227,-0.6692895293235779,False,True
2357,mbpp_801:2:0:0,mbpp,77d8586601239091169c53f8e476e101c1dcdf3d670c983a138aea6f45f02505,False,if_true,0.05,-2.0056772232055664,-0.7556771039962769,False,True
2357,mbpp_801:2:0:0,mbpp,77d8586601239091169c53f8e476e101c1dcdf3d670c983a138aea6f45f02505,False,if_true,0.1,-1.8963212966918945,-0.8963212966918945,False,True
2357,mbpp_801:2:0:0,mbpp,77d8586601239091169c53f8e476e101c1dcdf3d670c983a138aea6f45f02505,False,if_true,0.2,-1.6527141332626343,-1.1527141332626343,False,True
2357,mbpp_801:2:0:0,mbpp,77d8586601239091169c53f8e476e101c1dcdf3d670c983a138aea6f45f02505,False,if_true,0.4,-1.6869601011276245,-1.4369601011276245,False,False
2357,mbpp_801:2:0:0,mbpp,77d8586601239091169c53f8e476e101c1dcdf3d670c983a138aea6f45f02505,False,if_true,0.8,-1.5805600881576538,-1.5805600881576538,False,False
2357,mbpp_801:2:0:0,mbpp,77d8586601239091169c53f8e476e101c1dcdf3d670c983a138aea6f45f02505,False,if_away,0.05,-2.1685948371887207,-0.6685947179794312,False,True
2357,mbpp_801:2:0:0,mbpp,77d8586601239091169c53f8e476e101c1dcdf3d670c983a138aea6f45f02505,False,if_away,0.1,-2.0995607376098633,-0.5995606780052185,False,True
2357,mbpp_801:2:0:0,mbpp,77d8586601239091169c53f8e476e101c1dcdf3d670c983a138aea6f45f02505,False,if_away,0.2,-1.9695777893066406,-0.7195777893066406,False,True
2357,mbpp_801:2:0:0,mbpp,77d8586601239091169c53f8e476e101c1dcdf3d670c983a138aea6f45f02505,False,if_away,0.4,-2.009784698486328,-0.7597846984863281,False,True
2357,mbpp_801:2:0:0,mbpp,77d8586601239091169c53f8e476e101c1dcdf3d670c983a138aea6f45f02505,False,if_away,0.8,-1.770108699798584,-1.020108699798584,False,True
2357,mbpp_801:2:0:0,mbpp,77d8586601239091169c53f8e476e101c1dcdf3d670c983a138aea6f45f02505,False,answer_true,0.05,-2.101290225982666,-0.6012901067733765,False,True
2357,mbpp_801:2:0:0,mbpp,77d8586601239091169c53f8e476e101c1dcdf3d670c983a138aea6f45f02505,False,answer_true,0.1,-2.092363119125366,-0.5923630595207214,False,True
2357,mbpp_801:2:0:0,mbpp,77d8586601239091169c53f8e476e101c1dcdf3d670c983a138aea6f45f02505,False,answer_true,0.2,-2.312169313430786,-0.5621692538261414,False,True
2357,mbpp_801:2:0:0,mbpp,77d8586601239091169c53f8e476e101c1dcdf3d670c983a138aea6f45f02505,False,answer_true,0.4,-2.389788866043091,-0.3897889256477356,False,True
2357,mbpp_801:2:0:0,mbpp,77d8586601239091169c53f8e476e101c1dcdf3d670c983a138aea6f45f02505,False,answer_true,0.8,-4.131673336029053,-1.7254233360290527,False,True
2357,mbpp_801:2:0:0,mbpp,77d8586601239091169c53f8e476e101c1dcdf3d670c983a138aea6f45f02505,False,answer_away,0.05,-2.221743106842041,-0.7217431664466858,False,True
2357,mbpp_801:2:0:0,mbpp,77d8586601239091169c53f8e476e101c1dcdf3d670c983a138aea6f45f02505,False,answer_away,0.1,-2.2371129989624023,-0.7371130585670471,False,True
2357,mbpp_801:2:0:0,mbpp,77d8586601239091169c53f8e476e101c1dcdf3d670c983a138aea6f45f02505,False,answer_away,0.2,-2.3724520206451416,-0.6224520206451416,False,True
2357,mbpp_801:2:0:0,mbpp,77d8586601239091169c53f8e476e101c1dcdf3d670c983a138aea6f45f02505,False,answer_away,0.4,-2.412080764770508,-0.41208067536354065,False,True
2357,mbpp_801:2:0:0,mbpp,77d8586601239091169c53f8e476e101c1dcdf3d670c983a138aea6f45f02505,False,answer_away,0.8,-3.9292151927948,-7.710465431213379,False,False
2357,mbpp_801:2:0:0,mbpp,77d8586601239091169c53f8e476e101c1dcdf3d670c983a138aea6f45f02505,False,random_if,0.05,-1.9676625728607178,-0.717662513256073,False,True
2357,mbpp_801:2:0:0,mbpp,77d8586601239091169c53f8e476e101c1dcdf3d670c983a138aea6f45f02505,False,random_if,0.1,-1.9526731967926025,-0.7026731967926025,False,True
2357,mbpp_801:2:0:0,mbpp,77d8586601239091169c53f8e476e101c1dcdf3d670c983a138aea6f45f02505,False,random_if,0.2,-1.9528629779815674,-0.7028629779815674,False,True
2357,mbpp_801:2:0:0,mbpp,77d8586601239091169c53f8e476e101c1dcdf3d670c983a138aea6f45f02505,False,random_if,0.4,-2.0169687271118164,-0.7669687867164612,False,True
2357,mbpp_801:2:0:0,mbpp,77d8586601239091169c53f8e476e101c1dcdf3d670c983a138aea6f45f02505,False,random_if,0.8,-1.875321388244629,-0.8753214478492737,False,True
2357,mbpp_801:2:0:0,mbpp,77d8586601239091169c53f8e476e101c1dcdf3d670c983a138aea6f45f02505,False,random_answer,0.05,-2.1698999404907227,-0.6699000000953674,False,True
2357,mbpp_801:2:0:0,mbpp,77d8586601239091169c53f8e476e101c1dcdf3d670c983a138aea6f45f02505,False,random_answer,0.1,-2.1710050106048584,-0.6710049510002136,False,True
2357,mbpp_801:2:0:0,mbpp,77d8586601239091169c53f8e476e101c1dcdf3d670c983a138aea6f45f02505,False,random_answer,0.2,-2.037379741668701,-0.787379801273346,False,True
2357,mbpp_801:2:0:0,mbpp,77d8586601239091169c53f8e476e101c1dcdf3d670c983a138aea6f45f02505,False,random_answer,0.4,-2.241391658782959,-0.7413917183876038,False,True
2357,mbpp_801:2:0:0,mbpp,77d8586601239091169c53f8e476e101c1dcdf3d670c983a138aea6f45f02505,False,random_answer,0.8,-2.418881416320801,-1.1688814163208008,False,False
2357,mbpp_801:2:0:0,mbpp,77d8586601239091169c53f8e476e101c1dcdf3d670c983a138aea6f45f02505,False,shuffled_if,0.05,-1.9523296356201172,-0.7023295760154724,False,True
2357,mbpp_801:2:0:0,mbpp,77d8586601239091169c53f8e476e101c1dcdf3d670c983a138aea6f45f02505,False,shuffled_if,0.1,-2.048269033432007,-0.7982690334320068,False,True
2357,mbpp_801:2:0:0,mbpp,77d8586601239091169c53f8e476e101c1dcdf3d670c983a138aea6f45f02505,False,shuffled_if,0.2,-1.8369057178497314,-1.0869057178497314,False,True
2357,mbpp_801:2:0:0,mbpp,77d8586601239091169c53f8e476e101c1dcdf3d670c983a138aea6f45f02505,False,shuffled_if,0.4,-1.806361436843872,-1.306361436843872,False,False
2357,mbpp_801:2:0:0,mbpp,77d8586601239091169c53f8e476e101c1dcdf3d670c983a138aea6f45f02505,False,shuffled_if,0.8,-1.6507270336151123,-1.6507270336151123,False,False
2357,mbpp_801:2:0:0,mbpp,77d8586601239091169c53f8e476e101c1dcdf3d670c983a138aea6f45f02505,False,actuator_answer,0.05,-1.9535367488861084,-0.7035366892814636,False,True
2357,mbpp_801:2:0:0,mbpp,77d8586601239091169c53f8e476e101c1dcdf3d670c983a138aea6f45f02505,False,actuator_answer,0.1,-1.7939786911010742,-0.793978750705719,False,True
2357,mbpp_801:2:0:0,mbpp,77d8586601239091169c53f8e476e101c1dcdf3d670c983a138aea6f45f02505,False,actuator_answer,0.2,-1.0149086713790894,-1.0149086713790894,False,True
2357,mbpp_801:2:0:0,mbpp,77d8586601239091169c53f8e476e101c1dcdf3d670c983a138aea6f45f02505,False,actuator_answer,0.4,-0.3563639223575592,-8.731364250183105,True,False
2357,mbpp_801:2:0:0,mbpp,77d8586601239091169c53f8e476e101c1dcdf3d670c983a138aea6f45f02505,False,actuator_answer,0.8,-1.7881377516459906e-06,-45.0625,True,False
2360,mbpp_820:0:0:0,mbpp,c1022f89032529dbb1b58f5318cafa58c23a3b1cdcfb10c68993717d4365ddb2,True,baseline,0.0,-0.8610983490943909,-0.7360983490943909,False,True
2360,mbpp_820:0:0:0,mbpp,c1022f89032529dbb1b58f5318cafa58c23a3b1cdcfb10c68993717d4365ddb2,True,if_true,0.05,-0.7343088388442993,-0.8593088388442993,True,False
2360,mbpp_820:0:0:0,mbpp,c1022f89032529dbb1b58f5318cafa58c23a3b1cdcfb10c68993717d4365ddb2,True,if_true,0.1,-0.6205463409423828,-0.9955463409423828,True,False
2360,mbpp_820:0:0:0,mbpp,c1022f89032529dbb1b58f5318cafa58c23a3b1cdcfb10c68993717d4365ddb2,True,if_true,0.2,-0.5197587013244629,-1.144758701324463,True,False
2360,mbpp_820:0:0:0,mbpp,c1022f89032529dbb1b58f5318cafa58c23a3b1cdcfb10c68993717d4365ddb2,True,if_true,0.4,-0.6384249329566956,-1.0134248733520508,True,False
2360,mbpp_820:0:0:0,mbpp,c1022f89032529dbb1b58f5318cafa58c23a3b1cdcfb10c68993717d4365ddb2,True,if_true,0.8,-0.7334989309310913,-0.8584989309310913,True,False
2360,mbpp_820:0:0:0,mbpp,c1022f89032529dbb1b58f5318cafa58c23a3b1cdcfb10c68993717d4365ddb2,True,if_away,0.05,-1.0029246807098389,-0.6279246807098389,False,True
2360,mbpp_820:0:0:0,mbpp,c1022f89032529dbb1b58f5318cafa58c23a3b1cdcfb10c68993717d4365ddb2,True,if_away,0.1,-1.0858683586120605,-0.5858682990074158,False,True
2360,mbpp_820:0:0:0,mbpp,c1022f89032529dbb1b58f5318cafa58c23a3b1cdcfb10c68993717d4365ddb2,True,if_away,0.2,-1.2641875743865967,-0.5141875743865967,False,True
2360,mbpp_820:0:0:0,mbpp,c1022f89032529dbb1b58f5318cafa58c23a3b1cdcfb10c68993717d4365ddb2,True,if_away,0.4,-1.4457086324691772,-0.44570863246917725,False,True
2360,mbpp_820:0:0:0,mbpp,c1022f89032529dbb1b58f5318cafa58c23a3b1cdcfb10c68993717d4365ddb2,True,if_away,0.8,-1.4423909187316895,-0.44239088892936707,False,True
2360,mbpp_820:0:0:0,mbpp,c1022f89032529dbb1b58f5318cafa58c23a3b1cdcfb10c68993717d4365ddb2,True,answer_true,0.05,-0.8494884371757507,-0.7244884371757507,False,True
2360,mbpp_820:0:0:0,mbpp,c1022f89032529dbb1b58f5318cafa58c23a3b1cdcfb10c68993717d4365ddb2,True,answer_true,0.1,-0.7128744125366211,-0.8378744125366211,True,False
2360,mbpp_820:0:0:0,mbpp,c1022f89032529dbb1b58f5318cafa58c23a3b1cdcfb10c68993717d4365ddb2,True,answer_true,0.2,-0.4935861825942993,-1.1185861825942993,True,False
2360,mbpp_820:0:0:0,mbpp,c1022f89032529dbb1b58f5318cafa58c23a3b1cdcfb10c68993717d4365ddb2,True,answer_true,0.4,-0.3314167261123657,-3.081416606903076,True,False
2360,mbpp_820:0:0:0,mbpp,c1022f89032529dbb1b58f5318cafa58c23a3b1cdcfb10c68993717d4365ddb2,True,answer_true,0.8,-10.684380531311035,-10.973443031311035,False,False
2360,mbpp_820:0:0:0,mbpp,c1022f89032529dbb1b58f5318cafa58c23a3b1cdcfb10c68993717d4365ddb2,True,answer_away,0.05,-0.883510410785675,-0.758510410785675,False,True
2360,mbpp_820:0:0:0,mbpp,c1022f89032529dbb1b58f5318cafa58c23a3b1cdcfb10c68993717d4365ddb2,True,answer_away,0.1,-0.8318834900856018,-0.8318834900856018,True,False
2360,mbpp_820:0:0:0,mbpp,c1022f89032529dbb1b58f5318cafa58c23a3b1cdcfb10c68993717d4365ddb2,True,answer_away,0.2,-0.8519328832626343,-0.9769328832626343,True,False
2360,mbpp_820:0:0:0,mbpp,c1022f89032529dbb1b58f5318cafa58c23a3b1cdcfb10c68993717d4365ddb2,True,answer_away,0.4,-0.93500816822052,-1.52094566822052,True,False
2360,mbpp_820:0:0:0,mbpp,c1022f89032529dbb1b58f5318cafa58c23a3b1cdcfb10c68993717d4365ddb2,True,answer_away,0.8,-5.826929092407227,-5.858179092407227,False,False
2360,mbpp_820:0:0:0,mbpp,c1022f89032529dbb1b58f5318cafa58c23a3b1cdcfb10c68993717d4365ddb2,True,random_if,0.05,-0.7938726544380188,-0.7938726544380188,True,False
2360,mbpp_820:0:0:0,mbpp,c1022f89032529dbb1b58f5318cafa58c23a3b1cdcfb10c68993717d4365ddb2,True,random_if,0.1,-0.8626929521560669,-0.7376929521560669,False,True
2360,mbpp_820:0:0:0,mbpp,c1022f89032529dbb1b58f5318cafa58c23a3b1cdcfb10c68993717d4365ddb2,True,random_if,0.2,-0.7964013814926147,-0.7964013814926147,True,False
2360,mbpp_820:0:0:0,mbpp,c1022f89032529dbb1b58f5318cafa58c23a3b1cdcfb10c68993717d4365ddb2,True,random_if,0.4,-0.8540633916854858,-0.7290633916854858,False,True
2360,mbpp_820:0:0:0,mbpp,c1022f89032529dbb1b58f5318cafa58c23a3b1cdcfb10c68993717d4365ddb2,True,random_if,0.8,-0.9230288863182068,-0.6730288863182068,False,True
2360,mbpp_820:0:0:0,mbpp,c1022f89032529dbb1b58f5318cafa58c23a3b1cdcfb10c68993717d4365ddb2,True,random_answer,0.05,-0.856845498085022,-0.731845498085022,False,True
2360,mbpp_820:0:0:0,mbpp,c1022f89032529dbb1b58f5318cafa58c23a3b1cdcfb10c68993717d4365ddb2,True,random_answer,0.1,-0.9236804842948914,-0.6736804842948914,False,True
2360,mbpp_820:0:0:0,mbpp,c1022f89032529dbb1b58f5318cafa58c23a3b1cdcfb10c68993717d4365ddb2,True,random_answer,0.2,-1.058568000793457,-0.558568000793457,False,True
2360,mbpp_820:0:0:0,mbpp,c1022f89032529dbb1b58f5318cafa58c23a3b1cdcfb10c68993717d4365ddb2,True,random_answer,0.4,-1.0539064407348633,-0.5539063811302185,False,True
2360,mbpp_820:0:0:0,mbpp,c1022f89032529dbb1b58f5318cafa58c23a3b1cdcfb10c68993717d4365ddb2,True,random_answer,0.8,-4.649672508239746,-5.774672508239746,False,False
2360,mbpp_820:0:0:0,mbpp,c1022f89032529dbb1b58f5318cafa58c23a3b1cdcfb10c68993717d4365ddb2,True,shuffled_if,0.05,-0.7916406393051147,-0.7916406393051147,True,False
2360,mbpp_820:0:0:0,mbpp,c1022f89032529dbb1b58f5318cafa58c23a3b1cdcfb10c68993717d4365ddb2,True,shuffled_if,0.1,-0.734253466129303,-0.859253466129303,True,False
2360,mbpp_820:0:0:0,mbpp,c1022f89032529dbb1b58f5318cafa58c23a3b1cdcfb10c68993717d4365ddb2,True,shuffled_if,0.2,-0.7343297004699707,-0.8593297004699707,True,False
2360,mbpp_820:0:0:0,mbpp,c1022f89032529dbb1b58f5318cafa58c23a3b1cdcfb10c68993717d4365ddb2,True,shuffled_if,0.4,-0.700950026512146,-0.950950026512146,True,False
2360,mbpp_820:0:0:0,mbpp,c1022f89032529dbb1b58f5318cafa58c23a3b1cdcfb10c68993717d4365ddb2,True,shuffled_if,0.8,-0.6561520099639893,-1.0311520099639893,True,False
2360,mbpp_820:0:0:0,mbpp,c1022f89032529dbb1b58f5318cafa58c23a3b1cdcfb10c68993717d4365ddb2,True,actuator_answer,0.05,-0.36738187074661255,-1.4923818111419678,True,False
2360,mbpp_820:0:0:0,mbpp,c1022f89032529dbb1b58f5318cafa58c23a3b1cdcfb10c68993717d4365ddb2,True,actuator_answer,0.1,-0.16413921117782593,-2.5391392707824707,True,False
2360,mbpp_820:0:0:0,mbpp,c1022f89032529dbb1b58f5318cafa58c23a3b1cdcfb10c68993717d4365ddb2,True,actuator_answer,0.2,-0.04608233645558357,-6.046082496643066,True,False
2360,mbpp_820:0:0:0,mbpp,c1022f89032529dbb1b58f5318cafa58c23a3b1cdcfb10c68993717d4365ddb2,True,actuator_answer,0.4,-0.028099190443754196,-16.028099060058594,True,False
2360,mbpp_820:0:0:0,mbpp,c1022f89032529dbb1b58f5318cafa58c23a3b1cdcfb10c68993717d4365ddb2,True,actuator_answer,0.8,-0.10209258645772934,-75.60208892822266,True,False
2362,mbpp_820:0:0:2,mbpp,c1022f89032529dbb1b58f5318cafa58c23a3b1cdcfb10c68993717d4365ddb2,False,baseline,0.0,-0.8510100841522217,-0.8510100841522217,False,True
2362,mbpp_820:0:0:2,mbpp,c1022f89032529dbb1b58f5318cafa58c23a3b1cdcfb10c68993717d4365ddb2,False,if_true,0.05,-0.7330299615859985,-0.9830299615859985,True,False
2362,mbpp_820:0:0:2,mbpp,c1022f89032529dbb1b58f5318cafa58c23a3b1cdcfb10c68993717d4365ddb2,False,if_true,0.1,-0.6993330717086792,-1.0743330717086792,True,False
2362,mbpp_820:0:0:2,mbpp,c1022f89032529dbb1b58f5318cafa58c23a3b1cdcfb10c68993717d4365ddb2,False,if_true,0.2,-0.5761359930038452,-1.3261359930038452,True,False
2362,mbpp_820:0:0:2,mbpp,c1022f89032529dbb1b58f5318cafa58c23a3b1cdcfb10c68993717d4365ddb2,False,if_true,0.4,-0.49890005588531494,-1.623900055885315,True,False
2362,mbpp_820:0:0:2,mbpp,c1022f89032529dbb1b58f5318cafa58c23a3b1cdcfb10c68993717d4365ddb2,False,if_true,0.8,-0.465567946434021,-1.590567946434021,True,False
2362,mbpp_820:0:0:2,mbpp,c1022f89032529dbb1b58f5318cafa58c23a3b1cdcfb10c68993717d4365ddb2,False,if_away,0.05,-1.0515685081481934,-0.6765685081481934,False,True
2362,mbpp_820:0:0:2,mbpp,c1022f89032529dbb1b58f5318cafa58c23a3b1cdcfb10c68993717d4365ddb2,False,if_away,0.1,-1.1907155513763428,-0.5657155513763428,False,True
2362,mbpp_820:0:0:2,mbpp,c1022f89032529dbb1b58f5318cafa58c23a3b1cdcfb10c68993717d4365ddb2,False,if_away,0.2,-1.3486887216567993,-0.47368869185447693,False,True
2362,mbpp_820:0:0:2,mbpp,c1022f89032529dbb1b58f5318cafa58c23a3b1cdcfb10c68993717d4365ddb2,False,if_away,0.4,-1.1955865621566772,-0.5705865621566772,False,True
2362,mbpp_820:0:0:2,mbpp,c1022f89032529dbb1b58f5318cafa58c23a3b1cdcfb10c68993717d4365ddb2,False,if_away,0.8,-1.0328423976898193,-0.6578423976898193,False,True
2362,mbpp_820:0:0:2,mbpp,c1022f89032529dbb1b58f5318cafa58c23a3b1cdcfb10c68993717d4365ddb2,False,answer_true,0.05,-0.8835750818252563,-0.8835750818252563,False,True
2362,mbpp_820:0:0:2,mbpp,c1022f89032529dbb1b58f5318cafa58c23a3b1cdcfb10c68993717d4365ddb2,False,answer_true,0.1,-0.9094468951225281,-0.9094468951225281,False,True
2362,mbpp_820:0:0:2,mbpp,c1022f89032529dbb1b58f5318cafa58c23a3b1cdcfb10c68993717d4365ddb2,False,answer_true,0.2,-1.120027780532837,-0.8700277805328369,False,True
2362,mbpp_820:0:0:2,mbpp,c1022f89032529dbb1b58f5318cafa58c23a3b1cdcfb10c68993717d4365ddb2,False,answer_true,0.4,-1.7505314350128174,-1.0024845600128174,False,True
2362,mbpp_820:0:0:2,mbpp,c1022f89032529dbb1b58f5318cafa58c23a3b1cdcfb10c68993717d4365ddb2,False,answer_true,0.8,-5.892699718475342,-5.814574718475342,False,False
2362,mbpp_820:0:0:2,mbpp,c1022f89032529dbb1b58f5318cafa58c23a3b1cdcfb10c68993717d4365ddb2,False,answer_away,0.05,-0.8307633996009827,-0.8307633996009827,False,True
2362,mbpp_820:0:0:2,mbpp,c1022f89032529dbb1b58f5318cafa58c23a3b1cdcfb10c68993717d4365ddb2,False,answer_away,0.1,-0.8840453624725342,-0.7590453624725342,False,True
2362,mbpp_820:0:0:2,mbpp,c1022f89032529dbb1b58f5318cafa58c23a3b1cdcfb10c68993717d4365ddb2,False,answer_away,0.2,-1.0785971879959106,-0.5785971879959106,False,True
2362,mbpp_820:0:0:2,mbpp,c1022f89032529dbb1b58f5318cafa58c23a3b1cdcfb10c68993717d4365ddb2,False,answer_away,0.4,-3.1658928394317627,-0.4158928692340851,False,True
2362,mbpp_820:0:0:2,mbpp,c1022f89032529dbb1b58f5318cafa58c23a3b1cdcfb10c68993717d4365ddb2,False,answer_away,0.8,-11.099480628967285,-10.779168128967285,False,False
2362,mbpp_820:0:0:2,mbpp,c1022f89032529dbb1b58f5318cafa58c23a3b1cdcfb10c68993717d4365ddb2,False,random_if,0.05,-0.8481204509735107,-0.8481204509735107,False,True
2362,mbpp_820:0:0:2,mbpp,c1022f89032529dbb1b58f5318cafa58c23a3b1cdcfb10c68993717d4365ddb2,False,random_if,0.1,-0.8467537760734558,-0.8467537760734558,False,True
2362,mbpp_820:0:0:2,mbpp,c1022f89032529dbb1b58f5318cafa58c23a3b1cdcfb10c68993717d4365ddb2,False,random_if,0.2,-0.8459323644638062,-0.8459323644638062,False,True
2362,mbpp_820:0:0:2,mbpp,c1022f89032529dbb1b58f5318cafa58c23a3b1cdcfb10c68993717d4365ddb2,False,random_if,0.4,-0.8623453378677368,-0.8623453378677368,False,True
2362,mbpp_820:0:0:2,mbpp,c1022f89032529dbb1b58f5318cafa58c23a3b1cdcfb10c68993717d4365ddb2,False,random_if,0.8,-0.9786010980606079,-0.7286010980606079,False,True
2362,mbpp_820:0:0:2,mbpp,c1022f89032529dbb1b58f5318cafa58c23a3b1cdcfb10c68993717d4365ddb2,False,random_answer,0.05,-0.9209080934524536,-0.7959080934524536,False,True
2362,mbpp_820:0:0:2,mbpp,c1022f89032529dbb1b58f5318cafa58c23a3b1cdcfb10c68993717d4365ddb2,False,random_answer,0.1,-0.9911238551139832,-0.7411238551139832,False,True
2362,mbpp_820:0:0:2,mbpp,c1022f89032529dbb1b58f5318cafa58c23a3b1cdcfb10c68993717d4365ddb2,False,random_answer,0.2,-1.13677179813385,-0.6367717981338501,False,True
2362,mbpp_820:0:0:2,mbpp,c1022f89032529dbb1b58f5318cafa58c23a3b1cdcfb10c68993717d4365ddb2,False,random_answer,0.4,-1.2819881439208984,-0.5319881439208984,False,True
2362,mbpp_820:0:0:2,mbpp,c1022f89032529dbb1b58f5318cafa58c23a3b1cdcfb10c68993717d4365ddb2,False,random_answer,0.8,-2.1599314212799072,-1.7380564212799072,False,True
2362,mbpp_820:0:0:2,mbpp,c1022f89032529dbb1b58f5318cafa58c23a3b1cdcfb10c68993717d4365ddb2,False,shuffled_if,0.05,-0.8478649854660034,-0.8478649854660034,False,True
2362,mbpp_820:0:0:2,mbpp,c1022f89032529dbb1b58f5318cafa58c23a3b1cdcfb10c68993717d4365ddb2,False,shuffled_if,0.1,-0.7832219004631042,-0.9082219004631042,True,False
2362,mbpp_820:0:0:2,mbpp,c1022f89032529dbb1b58f5318cafa58c23a3b1cdcfb10c68993717d4365ddb2,False,shuffled_if,0.2,-0.6893872618675232,-1.064387321472168,True,False
2362,mbpp_820:0:0:2,mbpp,c1022f89032529dbb1b58f5318cafa58c23a3b1cdcfb10c68993717d4365ddb2,False,shuffled_if,0.4,-0.6919713020324707,-1.0669713020324707,True,False
2362,mbpp_820:0:0:2,mbpp,c1022f89032529dbb1b58f5318cafa58c23a3b1cdcfb10c68993717d4365ddb2,False,shuffled_if,0.8,-0.742560625076294,-0.992560625076294,True,False
2362,mbpp_820:0:0:2,mbpp,c1022f89032529dbb1b58f5318cafa58c23a3b1cdcfb10c68993717d4365ddb2,False,actuator_answer,0.05,-0.5017759799957275,-1.3767759799957275,True,False
2362,mbpp_820:0:0:2,mbpp,c1022f89032529dbb1b58f5318cafa58c23a3b1cdcfb10c68993717d4365ddb2,False,actuator_answer,0.1,-0.27391955256462097,-2.2739195823669434,True,False
2362,mbpp_820:0:0:2,mbpp,c1022f89032529dbb1b58f5318cafa58c23a3b1cdcfb10c68993717d4365ddb2,False,actuator_answer,0.2,-0.06819699704647064,-5.943196773529053,True,False
2362,mbpp_820:0:0:2,mbpp,c1022f89032529dbb1b58f5318cafa58c23a3b1cdcfb10c68993717d4365ddb2,False,actuator_answer,0.4,-0.07387121766805649,-21.636371612548828,True,False
2362,mbpp_820:0:0:2,mbpp,c1022f89032529dbb1b58f5318cafa58c23a3b1cdcfb10c68993717d4365ddb2,False,actuator_answer,0.8,-0.32115063071250916,-76.69615173339844,True,False
2363,mbpp_820:1:0:0,mbpp,c1022f89032529dbb1b58f5318cafa58c23a3b1cdcfb10c68993717d4365ddb2,False,baseline,0.0,-0.8510100841522217,-0.8510100841522217,False,True
2363,mbpp_820:1:0:0,mbpp,c1022f89032529dbb1b58f5318cafa58c23a3b1cdcfb10c68993717d4365ddb2,False,if_true,0.05,-0.7330299615859985,-0.9830299615859985,True,False
2363,mbpp_820:1:0:0,mbpp,c1022f89032529dbb1b58f5318cafa58c23a3b1cdcfb10c68993717d4365ddb2,False,if_true,0.1,-0.6993330717086792,-1.0743330717086792,True,False
2363,mbpp_820:1:0:0,mbpp,c1022f89032529dbb1b58f5318cafa58c23a3b1cdcfb10c68993717d4365ddb2,False,if_true,0.2,-0.5761359930038452,-1.3261359930038452,True,False
2363,mbpp_820:1:0:0,mbpp,c1022f89032529dbb1b58f5318cafa58c23a3b1cdcfb10c68993717d4365ddb2,False,if_true,0.4,-0.49890005588531494,-1.623900055885315,True,False
2363,mbpp_820:1:0:0,mbpp,c1022f89032529dbb1b58f5318cafa58c23a3b1cdcfb10c68993717d4365ddb2,False,if_true,0.8,-0.465567946434021,-1.590567946434021,True,False
2363,mbpp_820:1:0:0,mbpp,c1022f89032529dbb1b58f5318cafa58c23a3b1cdcfb10c68993717d4365ddb2,False,if_away,0.05,-1.0515685081481934,-0.6765685081481934,False,True
2363,mbpp_820:1:0:0,mbpp,c1022f89032529dbb1b58f5318cafa58c23a3b1cdcfb10c68993717d4365ddb2,False,if_away,0.1,-1.1907155513763428,-0.5657155513763428,False,True
2363,mbpp_820:1:0:0,mbpp,c1022f89032529dbb1b58f5318cafa58c23a3b1cdcfb10c68993717d4365ddb2,False,if_away,0.2,-1.3486887216567993,-0.47368869185447693,False,True
2363,mbpp_820:1:0:0,mbpp,c1022f89032529dbb1b58f5318cafa58c23a3b1cdcfb10c68993717d4365ddb2,False,if_away,0.4,-1.1955865621566772,-0.5705865621566772,False,True
2363,mbpp_820:1:0:0,mbpp,c1022f89032529dbb1b58f5318cafa58c23a3b1cdcfb10c68993717d4365ddb2,False,if_away,0.8,-1.0328423976898193,-0.6578423976898193,False,True
2363,mbpp_820:1:0:0,mbpp,c1022f89032529dbb1b58f5318cafa58c23a3b1cdcfb10c68993717d4365ddb2,False,answer_true,0.05,-0.8835750818252563,-0.8835750818252563,False,True
2363,mbpp_820:1:0:0,mbpp,c1022f89032529dbb1b58f5318cafa58c23a3b1cdcfb10c68993717d4365ddb2,False,answer_true,0.1,-0.9094468951225281,-0.9094468951225281,False,True
2363,mbpp_820:1:0:0,mbpp,c1022f89032529dbb1b58f5318cafa58c23a3b1cdcfb10c68993717d4365ddb2,False,answer_true,0.2,-1.120027780532837,-0.8700277805328369,False,True
2363,mbpp_820:1:0:0,mbpp,c1022f89032529dbb1b58f5318cafa58c23a3b1cdcfb10c68993717d4365ddb2,False,answer_true,0.4,-1.7505314350128174,-1.0024845600128174,False,True
2363,mbpp_820:1:0:0,mbpp,c1022f89032529dbb1b58f5318cafa58c23a3b1cdcfb10c68993717d4365ddb2,False,answer_true,0.8,-5.892699718475342,-5.814574718475342,False,False
2363,mbpp_820:1:0:0,mbpp,c1022f89032529dbb1b58f5318cafa58c23a3b1cdcfb10c68993717d4365ddb2,False,answer_away,0.05,-0.8307633996009827,-0.8307633996009827,False,True
2363,mbpp_820:1:0:0,mbpp,c1022f89032529dbb1b58f5318cafa58c23a3b1cdcfb10c68993717d4365ddb2,False,answer_away,0.1,-0.8840453624725342,-0.7590453624725342,False,True
2363,mbpp_820:1:0:0,mbpp,c1022f89032529dbb1b58f5318cafa58c23a3b1cdcfb10c68993717d4365ddb2,False,answer_away,0.2,-1.0785971879959106,-0.5785971879959106,False,True
2363,mbpp_820:1:0:0,mbpp,c1022f89032529dbb1b58f5318cafa58c23a3b1cdcfb10c68993717d4365ddb2,False,answer_away,0.4,-3.1658928394317627,-0.4158928692340851,False,True
2363,mbpp_820:1:0:0,mbpp,c1022f89032529dbb1b58f5318cafa58c23a3b1cdcfb10c68993717d4365ddb2,False,answer_away,0.8,-11.099480628967285,-10.779168128967285,False,False
2363,mbpp_820:1:0:0,mbpp,c1022f89032529dbb1b58f5318cafa58c23a3b1cdcfb10c68993717d4365ddb2,False,random_if,0.05,-0.8507787585258484,-0.8507787585258484,False,True
2363,mbpp_820:1:0:0,mbpp,c1022f89032529dbb1b58f5318cafa58c23a3b1cdcfb10c68993717d4365ddb2,False,random_if,0.1,-0.8618413209915161,-0.8618413209915161,False,True
2363,mbpp_820:1:0:0,mbpp,c1022f89032529dbb1b58f5318cafa58c23a3b1cdcfb10c68993717d4365ddb2,False,random_if,0.2,-0.8522425293922424,-0.8522425293922424,False,True
2363,mbpp_820:1:0:0,mbpp,c1022f89032529dbb1b58f5318cafa58c23a3b1cdcfb10c68993717d4365ddb2,False,random_if,0.4,-0.8585255742073059,-0.8585255742073059,False,True
2363,mbpp_820:1:0:0,mbpp,c1022f89032529dbb1b58f5318cafa58c23a3b1cdcfb10c68993717d4365ddb2,False,random_if,0.8,-0.8238202333450317,-0.8238202333450317,False,True
2363,mbpp_820:1:0:0,mbpp,c1022f89032529dbb1b58f5318cafa58c23a3b1cdcfb10c68993717d4365ddb2,False,random_answer,0.05,-0.8359640836715698,-0.8359640836715698,False,True
2363,mbpp_820:1:0:0,mbpp,c1022f89032529dbb1b58f5318cafa58c23a3b1cdcfb10c68993717d4365ddb2,False,random_answer,0.1,-0.7719170451164246,-0.8969170451164246,True,False
2363,mbpp_820:1:0:0,mbpp,c1022f89032529dbb1b58f5318cafa58c23a3b1cdcfb10c68993717d4365ddb2,False,random_answer,0.2,-0.7652145624160767,-0.8902145624160767,True,False
2363,mbpp_820:1:0:0,mbpp,c1022f89032529dbb1b58f5318cafa58c23a3b1cdcfb10c68993717d4365ddb2,False,random_answer,0.4,-0.756554126739502,-0.881554126739502,True,False
2363,mbpp_820:1:0:0,mbpp,c1022f89032529dbb1b58f5318cafa58c23a3b1cdcfb10c68993717d4365ddb2,False,random_answer,0.8,-3.8060073852539062,-3.7435073852539062,False,False
2363,mbpp_820:1:0:0,mbpp,c1022f89032529dbb1b58f5318cafa58c23a3b1cdcfb10c68993717d4365ddb2,False,shuffled_if,0.05,-0.8478649854660034,-0.8478649854660034,False,True
2363,mbpp_820:1:0:0,mbpp,c1022f89032529dbb1b58f5318cafa58c23a3b1cdcfb10c68993717d4365ddb2,False,shuffled_if,0.1,-0.7832219004631042,-0.9082219004631042,True,False
2363,mbpp_820:1:0:0,mbpp,c1022f89032529dbb1b58f5318cafa58c23a3b1cdcfb10c68993717d4365ddb2,False,shuffled_if,0.2,-0.6893872618675232,-1.064387321472168,True,False
2363,mbpp_820:1:0:0,mbpp,c1022f89032529dbb1b58f5318cafa58c23a3b1cdcfb10c68993717d4365ddb2,False,shuffled_if,0.4,-0.6919713020324707,-1.0669713020324707,True,False
2363,mbpp_820:1:0:0,mbpp,c1022f89032529dbb1b58f5318cafa58c23a3b1cdcfb10c68993717d4365ddb2,False,shuffled_if,0.8,-0.742560625076294,-0.992560625076294,True,False
2363,mbpp_820:1:0:0,mbpp,c1022f89032529dbb1b58f5318cafa58c23a3b1cdcfb10c68993717d4365ddb2,False,actuator_answer,0.05,-0.5017759799957275,-1.3767759799957275,True,False
2363,mbpp_820:1:0:0,mbpp,c1022f89032529dbb1b58f5318cafa58c23a3b1cdcfb10c68993717d4365ddb2,False,actuator_answer,0.1,-0.27391955256462097,-2.2739195823669434,True,False
2363,mbpp_820:1:0:0,mbpp,c1022f89032529dbb1b58f5318cafa58c23a3b1cdcfb10c68993717d4365ddb2,False,actuator_answer,0.2,-0.06819699704647064,-5.943196773529053,True,False
2363,mbpp_820:1:0:0,mbpp,c1022f89032529dbb1b58f5318cafa58c23a3b1cdcfb10c68993717d4365ddb2,False,actuator_answer,0.4,-0.07387121766805649,-21.636371612548828,True,False
2363,mbpp_820:1:0:0,mbpp,c1022f89032529dbb1b58f5318cafa58c23a3b1cdcfb10c68993717d4365ddb2,False,actuator_answer,0.8,-0.32115063071250916,-76.69615173339844,True,False
2364,mbpp_820:1:0:1,mbpp,c1022f89032529dbb1b58f5318cafa58c23a3b1cdcfb10c68993717d4365ddb2,True,baseline,0.0,-0.8610983490943909,-0.7360983490943909,False,True
2364,mbpp_820:1:0:1,mbpp,c1022f89032529dbb1b58f5318cafa58c23a3b1cdcfb10c68993717d4365ddb2,True,if_true,0.05,-0.7343088388442993,-0.8593088388442993,True,False
2364,mbpp_820:1:0:1,mbpp,c1022f89032529dbb1b58f5318cafa58c23a3b1cdcfb10c68993717d4365ddb2,True,if_true,0.1,-0.6205463409423828,-0.9955463409423828,True,False
2364,mbpp_820:1:0:1,mbpp,c1022f89032529dbb1b58f5318cafa58c23a3b1cdcfb10c68993717d4365ddb2,True,if_true,0.2,-0.5197587013244629,-1.144758701324463,True,False
2364,mbpp_820:1:0:1,mbpp,c1022f89032529dbb1b58f5318cafa58c23a3b1cdcfb10c68993717d4365ddb2,True,if_true,0.4,-0.6384249329566956,-1.0134248733520508,True,False
2364,mbpp_820:1:0:1,mbpp,c1022f89032529dbb1b58f5318cafa58c23a3b1cdcfb10c68993717d4365ddb2,True,if_true,0.8,-0.7334989309310913,-0.8584989309310913,True,False
2364,mbpp_820:1:0:1,mbpp,c1022f89032529dbb1b58f5318cafa58c23a3b1cdcfb10c68993717d4365ddb2,True,if_away,0.05,-1.0029246807098389,-0.6279246807098389,False,True
2364,mbpp_820:1:0:1,mbpp,c1022f89032529dbb1b58f5318cafa58c23a3b1cdcfb10c68993717d4365ddb2,True,if_away,0.1,-1.0858683586120605,-0.5858682990074158,False,True
2364,mbpp_820:1:0:1,mbpp,c1022f89032529dbb1b58f5318cafa58c23a3b1cdcfb10c68993717d4365ddb2,True,if_away,0.2,-1.2641875743865967,-0.5141875743865967,False,True
2364,mbpp_820:1:0:1,mbpp,c1022f89032529dbb1b58f5318cafa58c23a3b1cdcfb10c68993717d4365ddb2,True,if_away,0.4,-1.4457086324691772,-0.44570863246917725,False,True
2364,mbpp_820:1:0:1,mbpp,c1022f89032529dbb1b58f5318cafa58c23a3b1cdcfb10c68993717d4365ddb2,True,if_away,0.8,-1.4423909187316895,-0.44239088892936707,False,True
2364,mbpp_820:1:0:1,mbpp,c1022f89032529dbb1b58f5318cafa58c23a3b1cdcfb10c68993717d4365ddb2,True,answer_true,0.05,-0.8494884371757507,-0.7244884371757507,False,True
2364,mbpp_820:1:0:1,mbpp,c1022f89032529dbb1b58f5318cafa58c23a3b1cdcfb10c68993717d4365ddb2,True,answer_true,0.1,-0.7128744125366211,-0.8378744125366211,True,False
2364,mbpp_820:1:0:1,mbpp,c1022f89032529dbb1b58f5318cafa58c23a3b1cdcfb10c68993717d4365ddb2,True,answer_true,0.2,-0.4935861825942993,-1.1185861825942993,True,False
2364,mbpp_820:1:0:1,mbpp,c1022f89032529dbb1b58f5318cafa58c23a3b1cdcfb10c68993717d4365ddb2,True,answer_true,0.4,-0.3314167261123657,-3.081416606903076,True,False
2364,mbpp_820:1:0:1,mbpp,c1022f89032529dbb1b58f5318cafa58c23a3b1cdcfb10c68993717d4365ddb2,True,answer_true,0.8,-10.684380531311035,-10.973443031311035,False,False
2364,mbpp_820:1:0:1,mbpp,c1022f89032529dbb1b58f5318cafa58c23a3b1cdcfb10c68993717d4365ddb2,True,answer_away,0.05,-0.883510410785675,-0.758510410785675,False,True
2364,mbpp_820:1:0:1,mbpp,c1022f89032529dbb1b58f5318cafa58c23a3b1cdcfb10c68993717d4365ddb2,True,answer_away,0.1,-0.8318834900856018,-0.8318834900856018,True,False
2364,mbpp_820:1:0:1,mbpp,c1022f89032529dbb1b58f5318cafa58c23a3b1cdcfb10c68993717d4365ddb2,True,answer_away,0.2,-0.8519328832626343,-0.9769328832626343,True,False
2364,mbpp_820:1:0:1,mbpp,c1022f89032529dbb1b58f5318cafa58c23a3b1cdcfb10c68993717d4365ddb2,True,answer_away,0.4,-0.93500816822052,-1.52094566822052,True,False
2364,mbpp_820:1:0:1,mbpp,c1022f89032529dbb1b58f5318cafa58c23a3b1cdcfb10c68993717d4365ddb2,True,answer_away,0.8,-5.826929092407227,-5.858179092407227,False,False
2364,mbpp_820:1:0:1,mbpp,c1022f89032529dbb1b58f5318cafa58c23a3b1cdcfb10c68993717d4365ddb2,True,random_if,0.05,-0.7935192584991455,-0.7935192584991455,True,False
2364,mbpp_820:1:0:1,mbpp,c1022f89032529dbb1b58f5318cafa58c23a3b1cdcfb10c68993717d4365ddb2,True,random_if,0.1,-0.8615294694900513,-0.7365294694900513,False,True
2364,mbpp_820:1:0:1,mbpp,c1022f89032529dbb1b58f5318cafa58c23a3b1cdcfb10c68993717d4365ddb2,True,random_if,0.2,-0.8569731116294861,-0.7319731116294861,False,True
2364,mbpp_820:1:0:1,mbpp,c1022f89032529dbb1b58f5318cafa58c23a3b1cdcfb10c68993717d4365ddb2,True,random_if,0.4,-0.9263211488723755,-0.6763211488723755,False,True
2364,mbpp_820:1:0:1,mbpp,c1022f89032529dbb1b58f5318cafa58c23a3b1cdcfb10c68993717d4365ddb2,True,random_if,0.8,-1.0748929977416992,-0.5748929381370544,False,True
2364,mbpp_820:1:0:1,mbpp,c1022f89032529dbb1b58f5318cafa58c23a3b1cdcfb10c68993717d4365ddb2,True,random_answer,0.05,-0.8620306849479675,-0.7370306849479675,False,True
2364,mbpp_820:1:0:1,mbpp,c1022f89032529dbb1b58f5318cafa58c23a3b1cdcfb10c68993717d4365ddb2,True,random_answer,0.1,-0.7897987961769104,-0.7897987961769104,True,False
2364,mbpp_820:1:0:1,mbpp,c1022f89032529dbb1b58f5318cafa58c23a3b1cdcfb10c68993717d4365ddb2,True,random_answer,0.2,-0.7207322120666504,-0.8457322120666504,True,False
2364,mbpp_820:1:0:1,mbpp,c1022f89032529dbb1b58f5318cafa58c23a3b1cdcfb10c68993717d4365ddb2,True,random_answer,0.4,-0.6656833291053772,-0.9156833291053772,True,False
2364,mbpp_820:1:0:1,mbpp,c1022f89032529dbb1b58f5318cafa58c23a3b1cdcfb10c68993717d4365ddb2,True,random_answer,0.8,-1.8457379341125488,-3.283237934112549,True,False
2364,mbpp_820:1:0:1,mbpp,c1022f89032529dbb1b58f5318cafa58c23a3b1cdcfb10c68993717d4365ddb2,True,shuffled_if,0.05,-0.7916406393051147,-0.7916406393051147,True,False
2364,mbpp_820:1:0:1,mbpp,c1022f89032529dbb1b58f5318cafa58c23a3b1cdcfb10c68993717d4365ddb2,True,shuffled_if,0.1,-0.734253466129303,-0.859253466129303,True,False
2364,mbpp_820:1:0:1,mbpp,c1022f89032529dbb1b58f5318cafa58c23a3b1cdcfb10c68993717d4365ddb2,True,shuffled_if,0.2,-0.7343297004699707,-0.8593297004699707,True,False
2364,mbpp_820:1:0:1,mbpp,c1022f89032529dbb1b58f5318cafa58c23a3b1cdcfb10c68993717d4365ddb2,True,shuffled_if,0.4,-0.700950026512146,-0.950950026512146,True,False
2364,mbpp_820:1:0:1,mbpp,c1022f89032529dbb1b58f5318cafa58c23a3b1cdcfb10c68993717d4365ddb2,True,shuffled_if,0.8,-0.6561520099639893,-1.0311520099639893,True,False
2364,mbpp_820:1:0:1,mbpp,c1022f89032529dbb1b58f5318cafa58c23a3b1cdcfb10c68993717d4365ddb2,True,actuator_answer,0.05,-0.36738187074661255,-1.4923818111419678,True,False
2364,mbpp_820:1:0:1,mbpp,c1022f89032529dbb1b58f5318cafa58c23a3b1cdcfb10c68993717d4365ddb2,True,actuator_answer,0.1,-0.16413921117782593,-2.5391392707824707,True,False
2364,mbpp_820:1:0:1,mbpp,c1022f89032529dbb1b58f5318cafa58c23a3b1cdcfb10c68993717d4365ddb2,True,actuator_answer,0.2,-0.04608233645558357,-6.046082496643066,True,False
2364,mbpp_820:1:0:1,mbpp,c1022f89032529dbb1b58f5318cafa58c23a3b1cdcfb10c68993717d4365ddb2,True,actuator_answer,0.4,-0.028099190443754196,-16.028099060058594,True,False
2364,mbpp_820:1:0:1,mbpp,c1022f89032529dbb1b58f5318cafa58c23a3b1cdcfb10c68993717d4365ddb2,True,actuator_answer,0.8,-0.10209258645772934,-75.60208892822266,True,False
2366,mbpp_820:2:0:1,mbpp,c1022f89032529dbb1b58f5318cafa58c23a3b1cdcfb10c68993717d4365ddb2,True,baseline,0.0,-0.8610983490943909,-0.7360983490943909,False,True
2366,mbpp_820:2:0:1,mbpp,c1022f89032529dbb1b58f5318cafa58c23a3b1cdcfb10c68993717d4365ddb2,True,if_true,0.05,-0.7343088388442993,-0.8593088388442993,True,False
2366,mbpp_820:2:0:1,mbpp,c1022f89032529dbb1b58f5318cafa58c23a3b1cdcfb10c68993717d4365ddb2,True,if_true,0.1,-0.6205463409423828,-0.9955463409423828,True,False
2366,mbpp_820:2:0:1,mbpp,c1022f89032529dbb1b58f5318cafa58c23a3b1cdcfb10c68993717d4365ddb2,True,if_true,0.2,-0.5197587013244629,-1.144758701324463,True,False
2366,mbpp_820:2:0:1,mbpp,c1022f89032529dbb1b58f5318cafa58c23a3b1cdcfb10c68993717d4365ddb2,True,if_true,0.4,-0.6384249329566956,-1.0134248733520508,True,False
2366,mbpp_820:2:0:1,mbpp,c1022f89032529dbb1b58f5318cafa58c23a3b1cdcfb10c68993717d4365ddb2,True,if_true,0.8,-0.7334989309310913,-0.8584989309310913,True,False
2366,mbpp_820:2:0:1,mbpp,c1022f89032529dbb1b58f5318cafa58c23a3b1cdcfb10c68993717d4365ddb2,True,if_away,0.05,-1.0029246807098389,-0.6279246807098389,False,True
2366,mbpp_820:2:0:1,mbpp,c1022f89032529dbb1b58f5318cafa58c23a3b1cdcfb10c68993717d4365ddb2,True,if_away,0.1,-1.0858683586120605,-0.5858682990074158,False,True
2366,mbpp_820:2:0:1,mbpp,c1022f89032529dbb1b58f5318cafa58c23a3b1cdcfb10c68993717d4365ddb2,True,if_away,0.2,-1.2641875743865967,-0.5141875743865967,False,True
2366,mbpp_820:2:0:1,mbpp,c1022f89032529dbb1b58f5318cafa58c23a3b1cdcfb10c68993717d4365ddb2,True,if_away,0.4,-1.4457086324691772,-0.44570863246917725,False,True
2366,mbpp_820:2:0:1,mbpp,c1022f89032529dbb1b58f5318cafa58c23a3b1cdcfb10c68993717d4365ddb2,True,if_away,0.8,-1.4423909187316895,-0.44239088892936707,False,True
2366,mbpp_820:2:0:1,mbpp,c1022f89032529dbb1b58f5318cafa58c23a3b1cdcfb10c68993717d4365ddb2,True,answer_true,0.05,-0.8494884371757507,-0.7244884371757507,False,True
2366,mbpp_820:2:0:1,mbpp,c1022f89032529dbb1b58f5318cafa58c23a3b1cdcfb10c68993717d4365ddb2,True,answer_true,0.1,-0.7128744125366211,-0.8378744125366211,True,False
2366,mbpp_820:2:0:1,mbpp,c1022f89032529dbb1b58f5318cafa58c23a3b1cdcfb10c68993717d4365ddb2,True,answer_true,0.2,-0.4935861825942993,-1.1185861825942993,True,False
2366,mbpp_820:2:0:1,mbpp,c1022f89032529dbb1b58f5318cafa58c23a3b1cdcfb10c68993717d4365ddb2,True,answer_true,0.4,-0.3314167261123657,-3.081416606903076,True,False
2366,mbpp_820:2:0:1,mbpp,c1022f89032529dbb1b58f5318cafa58c23a3b1cdcfb10c68993717d4365ddb2,True,answer_true,0.8,-10.684380531311035,-10.973443031311035,False,False
2366,mbpp_820:2:0:1,mbpp,c1022f89032529dbb1b58f5318cafa58c23a3b1cdcfb10c68993717d4365ddb2,True,answer_away,0.05,-0.883510410785675,-0.758510410785675,False,True
2366,mbpp_820:2:0:1,mbpp,c1022f89032529dbb1b58f5318cafa58c23a3b1cdcfb10c68993717d4365ddb2,True,answer_away,0.1,-0.8318834900856018,-0.8318834900856018,True,False
2366,mbpp_820:2:0:1,mbpp,c1022f89032529dbb1b58f5318cafa58c23a3b1cdcfb10c68993717d4365ddb2,True,answer_away,0.2,-0.8519328832626343,-0.9769328832626343,True,False
2366,mbpp_820:2:0:1,mbpp,c1022f89032529dbb1b58f5318cafa58c23a3b1cdcfb10c68993717d4365ddb2,True,answer_away,0.4,-0.93500816822052,-1.52094566822052,True,False
2366,mbpp_820:2:0:1,mbpp,c1022f89032529dbb1b58f5318cafa58c23a3b1cdcfb10c68993717d4365ddb2,True,answer_away,0.8,-5.826929092407227,-5.858179092407227,False,False
2366,mbpp_820:2:0:1,mbpp,c1022f89032529dbb1b58f5318cafa58c23a3b1cdcfb10c68993717d4365ddb2,True,random_if,0.05,-0.8017987608909607,-0.8017987608909607,True,False
2366,mbpp_820:2:0:1,mbpp,c1022f89032529dbb1b58f5318cafa58c23a3b1cdcfb10c68993717d4365ddb2,True,random_if,0.1,-0.861009955406189,-0.736009955406189,False,True
2366,mbpp_820:2:0:1,mbpp,c1022f89032529dbb1b58f5318cafa58c23a3b1cdcfb10c68993717d4365ddb2,True,random_if,0.2,-0.8023931384086609,-0.8023931384086609,True,False
2366,mbpp_820:2:0:1,mbpp,c1022f89032529dbb1b58f5318cafa58c23a3b1cdcfb10c68993717d4365ddb2,True,random_if,0.4,-0.8085228800773621,-0.8085228800773621,True,False
2366,mbpp_820:2:0:1,mbpp,c1022f89032529dbb1b58f5318cafa58c23a3b1cdcfb10c68993717d4365ddb2,True,random_if,0.8,-0.9356783032417297,-0.6856783032417297,False,True
2366,mbpp_820:2:0:1,mbpp,c1022f89032529dbb1b58f5318cafa58c23a3b1cdcfb10c68993717d4365ddb2,True,random_answer,0.05,-0.8008313775062561,-0.8008313775062561,True,False
2366,mbpp_820:2:0:1,mbpp,c1022f89032529dbb1b58f5318cafa58c23a3b1cdcfb10c68993717d4365ddb2,True,random_answer,0.1,-0.7588839530944824,-0.8838839530944824,True,False
2366,mbpp_820:2:0:1,mbpp,c1022f89032529dbb1b58f5318cafa58c23a3b1cdcfb10c68993717d4365ddb2,True,random_answer,0.2,-0.6492918729782104,-1.0242918729782104,True,False
2366,mbpp_820:2:0:1,mbpp,c1022f89032529dbb1b58f5318cafa58c23a3b1cdcfb10c68993717d4365ddb2,True,random_answer,0.4,-0.3825712502002716,-1.6325712203979492,True,False
2366,mbpp_820:2:0:1,mbpp,c1022f89032529dbb1b58f5318cafa58c23a3b1cdcfb10c68993717d4365ddb2,True,random_answer,0.8,-1.3570774793624878,-1.7945774793624878,True,False
2366,mbpp_820:2:0:1,mbpp,c1022f89032529dbb1b58f5318cafa58c23a3b1cdcfb10c68993717d4365ddb2,True,shuffled_if,0.05,-0.7916406393051147,-0.7916406393051147,True,False
2366,mbpp_820:2:0:1,mbpp,c1022f89032529dbb1b58f5318cafa58c23a3b1cdcfb10c68993717d4365ddb2,True,shuffled_if,0.1,-0.734253466129303,-0.859253466129303,True,False
2366,mbpp_820:2:0:1,mbpp,c1022f89032529dbb1b58f5318cafa58c23a3b1cdcfb10c68993717d4365ddb2,True,shuffled_if,0.2,-0.7343297004699707,-0.8593297004699707,True,False
2366,mbpp_820:2:0:1,mbpp,c1022f89032529dbb1b58f5318cafa58c23a3b1cdcfb10c68993717d4365ddb2,True,shuffled_if,0.4,-0.700950026512146,-0.950950026512146,True,False
2366,mbpp_820:2:0:1,mbpp,c1022f89032529dbb1b58f5318cafa58c23a3b1cdcfb10c68993717d4365ddb2,True,shuffled_if,0.8,-0.6561520099639893,-1.0311520099639893,True,False
2366,mbpp_820:2:0:1,mbpp,c1022f89032529dbb1b58f5318cafa58c23a3b1cdcfb10c68993717d4365ddb2,True,actuator_answer,0.05,-0.4136330187320709,-1.4136329889297485,True,False
2366,mbpp_820:2:0:1,mbpp,c1022f89032529dbb1b58f5318cafa58c23a3b1cdcfb10c68993717d4365ddb2,True,actuator_answer,0.1,-0.1541522890329361,-2.6541523933410645,True,False
2366,mbpp_820:2:0:1,mbpp,c1022f89032529dbb1b58f5318cafa58c23a3b1cdcfb10c68993717d4365ddb2,True,actuator_answer,0.2,-0.05101345479488373,-5.926013469696045,True,False
2366,mbpp_820:2:0:1,mbpp,c1022f89032529dbb1b58f5318cafa58c23a3b1cdcfb10c68993717d4365ddb2,True,actuator_answer,0.4,-0.030735937878489494,-16.03073501586914,True,False
2366,mbpp_820:2:0:1,mbpp,c1022f89032529dbb1b58f5318cafa58c23a3b1cdcfb10c68993717d4365ddb2,True,actuator_answer,0.8,-0.10209258645772934,-75.60208892822266,True,False
2408,mbpp_850:0:0:0,mbpp,1b88f3b507d9300e45eb8a9f4954b1cb3c73b543ed091649c288fdd3aa8dc977,True,baseline,0.0,-1.3794738054275513,-0.3794737756252289,False,True
2408,mbpp_850:0:0:0,mbpp,1b88f3b507d9300e45eb8a9f4954b1cb3c73b543ed091649c288fdd3aa8dc977,True,if_true,0.05,-1.382838249206543,-0.38283824920654297,False,True
2408,mbpp_850:0:0:0,mbpp,1b88f3b507d9300e45eb8a9f4954b1cb3c73b543ed091649c288fdd3aa8dc977,True,if_true,0.1,-1.3830101490020752,-0.3830101490020752,False,True
2408,mbpp_850:0:0:0,mbpp,1b88f3b507d9300e45eb8a9f4954b1cb3c73b543ed091649c288fdd3aa8dc977,True,if_true,0.2,-1.2977699041366577,-0.4227699339389801,False,True
2408,mbpp_850:0:0:0,mbpp,1b88f3b507d9300e45eb8a9f4954b1cb3c73b543ed091649c288fdd3aa8dc977,True,if_true,0.4,-1.3156527280807495,-0.4406527578830719,False,True
2408,mbpp_850:0:0:0,mbpp,1b88f3b507d9300e45eb8a9f4954b1cb3c73b543ed091649c288fdd3aa8dc977,True,if_true,0.8,-1.2005094289779663,-0.4505094289779663,False,True
2408,mbpp_850:0:0:0,mbpp,1b88f3b507d9300e45eb8a9f4954b1cb3c73b543ed091649c288fdd3aa8dc977,True,if_away,0.05,-1.2060956954956055,-0.45609569549560547,False,True
2408,mbpp_850:0:0:0,mbpp,1b88f3b507d9300e45eb8a9f4954b1cb3c73b543ed091649c288fdd3aa8dc977,True,if_away,0.1,-1.282808780670166,-0.40780872106552124,False,True
2408,mbpp_850:0:0:0,mbpp,1b88f3b507d9300e45eb8a9f4954b1cb3c73b543ed091649c288fdd3aa8dc977,True,if_away,0.2,-1.12424898147583,-0.49924904108047485,False,True
2408,mbpp_850:0:0:0,mbpp,1b88f3b507d9300e45eb8a9f4954b1cb3c73b543ed091649c288fdd3aa8dc977,True,if_away,0.4,-1.1194273233413696,-0.49442732334136963,False,True
2408,mbpp_850:0:0:0,mbpp,1b88f3b507d9300e45eb8a9f4954b1cb3c73b543ed091649c288fdd3aa8dc977,True,if_away,0.8,-1.0211684703826904,-0.5211685299873352,False,True
2408,mbpp_850:0:0:0,mbpp,1b88f3b507d9300e45eb8a9f4954b1cb3c73b543ed091649c288fdd3aa8dc977,True,answer_true,0.05,-1.389634370803833,-0.3896344006061554,False,True
2408,mbpp_850:0:0:0,mbpp,1b88f3b507d9300e45eb8a9f4954b1cb3c73b543ed091649c288fdd3aa8dc977,True,answer_true,0.1,-1.5681705474853516,-0.31817054748535156,False,True
2408,mbpp_850:0:0:0,mbpp,1b88f3b507d9300e45eb8a9f4954b1cb3c73b543ed091649c288fdd3aa8dc977,True,answer_true,0.2,-1.2036924362182617,-0.45369240641593933,False,True
2408,mbpp_850:0:0:0,mbpp,1b88f3b507d9300e45eb8a9f4954b1cb3c73b543ed091649c288fdd3aa8dc977,True,answer_true,0.4,-0.24481594562530518,-1.9948159456253052,True,False
2408,mbpp_850:0:0:0,mbpp,1b88f3b507d9300e45eb8a9f4954b1cb3c73b543ed091649c288fdd3aa8dc977,True,answer_true,0.8,-10.526406288146973,-10.698281288146973,False,False
2408,mbpp_850:0:0:0,mbpp,1b88f3b507d9300e45eb8a9f4954b1cb3c73b543ed091649c288fdd3aa8dc977,True,answer_away,0.05,-1.2005571126937866,-0.450557142496109,False,True
2408,mbpp_850:0:0:0,mbpp,1b88f3b507d9300e45eb8a9f4954b1cb3c73b543ed091649c288fdd3aa8dc977,True,answer_away,0.1,-1.114033818244934,-0.4890337884426117,False,True
2408,mbpp_850:0:0:0,mbpp,1b88f3b507d9300e45eb8a9f4954b1cb3c73b543ed091649c288fdd3aa8dc977,True,answer_away,0.2,-0.8865604996681213,-0.6365604996681213,False,True
2408,mbpp_850:0:0:0,mbpp,1b88f3b507d9300e45eb8a9f4954b1cb3c73b543ed091649c288fdd3aa8dc977,True,answer_away,0.4,-0.7701610326766968,-1.0201610326766968,True,False
2408,mbpp_850:0:0:0,mbpp,1b88f3b507d9300e45eb8a9f4954b1cb3c73b543ed091649c288fdd3aa8dc977,True,answer_away,0.8,-5.693175315856934,-5.693175315856934,False,False
2408,mbpp_850:0:0:0,mbpp,1b88f3b507d9300e45eb8a9f4954b1cb3c73b543ed091649c288fdd3aa8dc977,True,random_if,0.05,-1.3823879957199097,-0.38238802552223206,False,True
2408,mbpp_850:0:0:0,mbpp,1b88f3b507d9300e45eb8a9f4954b1cb3c73b543ed091649c288fdd3aa8dc977,True,random_if,0.1,-1.2890381813049316,-0.41403818130493164,False,True
2408,mbpp_850:0:0:0,mbpp,1b88f3b507d9300e45eb8a9f4954b1cb3c73b543ed091649c288fdd3aa8dc977,True,random_if,0.2,-1.2926504611968994,-0.417650431394577,False,True
2408,mbpp_850:0:0:0,mbpp,1b88f3b507d9300e45eb8a9f4954b1cb3c73b543ed091649c288fdd3aa8dc977,True,random_if,0.4,-1.1213223934173584,-0.4963223934173584,False,True
2408,mbpp_850:0:0:0,mbpp,1b88f3b507d9300e45eb8a9f4954b1cb3c73b543ed091649c288fdd3aa8dc977,True,random_if,0.8,-1.2919038534164429,-0.41690385341644287,False,True
2408,mbpp_850:0:0:0,mbpp,1b88f3b507d9300e45eb8a9f4954b1cb3c73b543ed091649c288fdd3aa8dc977,True,random_answer,0.05,-1.3687421083450317,-0.36874207854270935,False,True
2408,mbpp_850:0:0:0,mbpp,1b88f3b507d9300e45eb8a9f4954b1cb3c73b543ed091649c288fdd3aa8dc977,True,random_answer,0.1,-1.1979979276657104,-0.44799789786338806,False,True
2408,mbpp_850:0:0:0,mbpp,1b88f3b507d9300e45eb8a9f4954b1cb3c73b543ed091649c288fdd3aa8dc977,True,random_answer,0.2,-1.0298532247543335,-0.5298532247543335,False,True
2408,mbpp_850:0:0:0,mbpp,1b88f3b507d9300e45eb8a9f4954b1cb3c73b543ed091649c288fdd3aa8dc977,True,random_answer,0.4,-0.8771162629127502,-0.6271162629127502,False,True
2408,mbpp_850:0:0:0,mbpp,1b88f3b507d9300e45eb8a9f4954b1cb3c73b543ed091649c288fdd3aa8dc977,True,random_answer,0.8,-2.941537857055664,-1.847787857055664,False,True
2408,mbpp_850:0:0:0,mbpp,1b88f3b507d9300e45eb8a9f4954b1cb3c73b543ed091649c288fdd3aa8dc977,True,shuffled_if,0.05,-1.380507230758667,-0.3805071711540222,False,True
2408,mbpp_850:0:0:0,mbpp,1b88f3b507d9300e45eb8a9f4954b1cb3c73b543ed091649c288fdd3aa8dc977,True,shuffled_if,0.1,-1.2874250411987305,-0.41242507100105286,False,True
2408,mbpp_850:0:0:0,mbpp,1b88f3b507d9300e45eb8a9f4954b1cb3c73b543ed091649c288fdd3aa8dc977,True,shuffled_if,0.2,-1.3656842708587646,-0.3656842112541199,False,True
2408,mbpp_850:0:0:0,mbpp,1b88f3b507d9300e45eb8a9f4954b1cb3c73b543ed091649c288fdd3aa8dc977,True,shuffled_if,0.4,-1.1967034339904785,-0.4467034935951233,False,True
2408,mbpp_850:0:0:0,mbpp,1b88f3b507d9300e45eb8a9f4954b1cb3c73b543ed091649c288fdd3aa8dc977,True,shuffled_if,0.8,-1.1976289749145508,-0.44762903451919556,False,True
2408,mbpp_850:0:0:0,mbpp,1b88f3b507d9300e45eb8a9f4954b1cb3c73b543ed091649c288fdd3aa8dc977,True,actuator_answer,0.05,-0.756820559501648,-0.756820559501648,True,False
2408,mbpp_850:0:0:0,mbpp,1b88f3b507d9300e45eb8a9f4954b1cb3c73b543ed091649c288fdd3aa8dc977,True,actuator_answer,0.1,-0.2760060429573059,-1.6510059833526611,True,False
2408,mbpp_850:0:0:0,mbpp,1b88f3b507d9300e45eb8a9f4954b1cb3c73b543ed091649c288fdd3aa8dc977,True,actuator_answer,0.2,-0.03416398540139198,-5.034163951873779,True,False
2408,mbpp_850:0:0:0,mbpp,1b88f3b507d9300e45eb8a9f4954b1cb3c73b543ed091649c288fdd3aa8dc977,True,actuator_answer,0.4,-0.021692859008908272,-16.521692276000977,True,False
2408,mbpp_850:0:0:0,mbpp,1b88f3b507d9300e45eb8a9f4954b1cb3c73b543ed091649c288fdd3aa8dc977,True,actuator_answer,0.8,-0.10208817571401596,-77.35208892822266,True,False
2411,mbpp_850:1:0:0,mbpp,1b88f3b507d9300e45eb8a9f4954b1cb3c73b543ed091649c288fdd3aa8dc977,True,baseline,0.0,-1.2979191541671753,-0.4229191243648529,False,True
2411,mbpp_850:1:0:0,mbpp,1b88f3b507d9300e45eb8a9f4954b1cb3c73b543ed091649c288fdd3aa8dc977,True,if_true,0.05,-1.2961175441741943,-0.42111748456954956,False,True
2411,mbpp_850:1:0:0,mbpp,1b88f3b507d9300e45eb8a9f4954b1cb3c73b543ed091649c288fdd3aa8dc977,True,if_true,0.1,-1.2094395160675049,-0.4594395160675049,False,True
2411,mbpp_850:1:0:0,mbpp,1b88f3b507d9300e45eb8a9f4954b1cb3c73b543ed091649c288fdd3aa8dc977,True,if_true,0.2,-1.2062894105911255,-0.4562894105911255,False,True
2411,mbpp_850:1:0:0,mbpp,1b88f3b507d9300e45eb8a9f4954b1cb3c73b543ed091649c288fdd3aa8dc977,True,if_true,0.4,-1.2223780155181885,-0.47237807512283325,False,True
2411,mbpp_850:1:0:0,mbpp,1b88f3b507d9300e45eb8a9f4954b1cb3c73b543ed091649c288fdd3aa8dc977,True,if_true,0.8,-1.118178367614746,-0.4931783676147461,False,True
2411,mbpp_850:1:0:0,mbpp,1b88f3b507d9300e45eb8a9f4954b1cb3c73b543ed091649c288fdd3aa8dc977,True,if_away,0.05,-1.127220869064331,-0.502220869064331,False,True
2411,mbpp_850:1:0:0,mbpp,1b88f3b507d9300e45eb8a9f4954b1cb3c73b543ed091649c288fdd3aa8dc977,True,if_away,0.1,-1.1265525817871094,-0.5015526413917542,False,True
2411,mbpp_850:1:0:0,mbpp,1b88f3b507d9300e45eb8a9f4954b1cb3c73b543ed091649c288fdd3aa8dc977,True,if_away,0.2,-0.9696528315544128,-0.5946528315544128,False,True
2411,mbpp_850:1:0:0,mbpp,1b88f3b507d9300e45eb8a9f4954b1cb3c73b543ed091649c288fdd3aa8dc977,True,if_away,0.4,-0.9752481579780579,-0.6002481579780579,False,True
2411,mbpp_850:1:0:0,mbpp,1b88f3b507d9300e45eb8a9f4954b1cb3c73b543ed091649c288fdd3aa8dc977,True,if_away,0.8,-0.9491512775421143,-0.5741512775421143,False,True
2411,mbpp_850:1:0:0,mbpp,1b88f3b507d9300e45eb8a9f4954b1cb3c73b543ed091649c288fdd3aa8dc977,True,answer_true,0.05,-1.3897254467010498,-0.3897254765033722,False,True
2411,mbpp_850:1:0:0,mbpp,1b88f3b507d9300e45eb8a9f4954b1cb3c73b543ed091649c288fdd3aa8dc977,True,answer_true,0.1,-1.4056034088134766,-0.4056033790111542,False,True
2411,mbpp_850:1:0:0,mbpp,1b88f3b507d9300e45eb8a9f4954b1cb3c73b543ed091649c288fdd3aa8dc977,True,answer_true,0.2,-1.208369255065918,-0.45836925506591797,False,True
2411,mbpp_850:1:0:0,mbpp,1b88f3b507d9300e45eb8a9f4954b1cb3c73b543ed091649c288fdd3aa8dc977,True,answer_true,0.4,-0.2354394644498825,-2.1104395389556885,True,False
2411,mbpp_850:1:0:0,mbpp,1b88f3b507d9300e45eb8a9f4954b1cb3c73b543ed091649c288fdd3aa8dc977,True,answer_true,0.8,-10.697402000427246,-10.908339500427246,False,False
2411,mbpp_850:1:0:0,mbpp,1b88f3b507d9300e45eb8a9f4954b1cb3c73b543ed091649c288fdd3aa8dc977,True,answer_away,0.05,-1.0419831275939941,-0.5419830679893494,False,True
2411,mbpp_850:1:0:0,mbpp,1b88f3b507d9300e45eb8a9f4954b1cb3c73b543ed091649c288fdd3aa8dc977,True,answer_away,0.1,-0.9636204242706299,-0.5886204242706299,False,True
2411,mbpp_850:1:0:0,mbpp,1b88f3b507d9300e45eb8a9f4954b1cb3c73b543ed091649c288fdd3aa8dc977,True,answer_away,0.2,-0.7628080248832703,-0.7628080248832703,True,False
2411,mbpp_850:1:0:0,mbpp,1b88f3b507d9300e45eb8a9f4954b1cb3c73b543ed091649c288fdd3aa8dc977,True,answer_away,0.4,-0.7503985166549683,-1.0628985166549683,True,False
2411,mbpp_850:1:0:0,mbpp,1b88f3b507d9300e45eb8a9f4954b1cb3c73b543ed091649c288fdd3aa8dc977,True,answer_away,0.8,-5.707304000854492,-5.691679000854492,False,False
2411,mbpp_850:1:0:0,mbpp,1b88f3b507d9300e45eb8a9f4954b1cb3c73b543ed091649c288fdd3aa8dc977,True,random_if,0.05,-1.2119736671447754,-0.4619736075401306,False,True
2411,mbpp_850:1:0:0,mbpp,1b88f3b507d9300e45eb8a9f4954b1cb3c73b543ed091649c288fdd3aa8dc977,True,random_if,0.1,-1.207990050315857,-0.45799005031585693,False,True
2411,mbpp_850:1:0:0,mbpp,1b88f3b507d9300e45eb8a9f4954b1cb3c73b543ed091649c288fdd3aa8dc977,True,random_if,0.2,-1.2084542512893677,-0.4584542214870453,False,True
2411,mbpp_850:1:0:0,mbpp,1b88f3b507d9300e45eb8a9f4954b1cb3c73b543ed091649c288fdd3aa8dc977,True,random_if,0.4,-1.2057726383209229,-0.4557726979255676,False,True
2411,mbpp_850:1:0:0,mbpp,1b88f3b507d9300e45eb8a9f4954b1cb3c73b543ed091649c288fdd3aa8dc977,True,random_if,0.8,-1.2804529666900635,-0.40545302629470825,False,True
2411,mbpp_850:1:0:0,mbpp,1b88f3b507d9300e45eb8a9f4954b1cb3c73b543ed091649c288fdd3aa8dc977,True,random_answer,0.05,-1.2935075759887695,-0.4185076355934143,False,True
2411,mbpp_850:1:0:0,mbpp,1b88f3b507d9300e45eb8a9f4954b1cb3c73b543ed091649c288fdd3aa8dc977,True,random_answer,0.1,-1.2052326202392578,-0.4552326500415802,False,True
2411,mbpp_850:1:0:0,mbpp,1b88f3b507d9300e45eb8a9f4954b1cb3c73b543ed091649c288fdd3aa8dc977,True,random_answer,0.2,-1.2829889059066772,-0.40798893570899963,False,True
2411,mbpp_850:1:0:0,mbpp,1b88f3b507d9300e45eb8a9f4954b1cb3c73b543ed091649c288fdd3aa8dc977,True,random_answer,0.4,-1.3540042638778687,-0.35400429368019104,False,True
2411,mbpp_850:1:0:0,mbpp,1b88f3b507d9300e45eb8a9f4954b1cb3c73b543ed091649c288fdd3aa8dc977,True,random_answer,0.8,-8.896415710449219,-7.896415710449219,False,False
2411,mbpp_850:1:0:0,mbpp,1b88f3b507d9300e45eb8a9f4954b1cb3c73b543ed091649c288fdd3aa8dc977,True,shuffled_if,0.05,-1.2053887844085693,-0.4553888440132141,False,True
2411,mbpp_850:1:0:0,mbpp,1b88f3b507d9300e45eb8a9f4954b1cb3c73b543ed091649c288fdd3aa8dc977,True,shuffled_if,0.1,-1.2065401077270508,-0.4565400779247284,False,True
2411,mbpp_850:1:0:0,mbpp,1b88f3b507d9300e45eb8a9f4954b1cb3c73b543ed091649c288fdd3aa8dc977,True,shuffled_if,0.2,-1.1197052001953125,-0.4947051703929901,False,True
2411,mbpp_850:1:0:0,mbpp,1b88f3b507d9300e45eb8a9f4954b1cb3c73b543ed091649c288fdd3aa8dc977,True,shuffled_if,0.4,-1.0439987182617188,-0.5439987778663635,False,True
2411,mbpp_850:1:0:0,mbpp,1b88f3b507d9300e45eb8a9f4954b1cb3c73b543ed091649c288fdd3aa8dc977,True,shuffled_if,0.8,-0.9707033038139343,-0.5957033038139343,False,True
2411,mbpp_850:1:0:0,mbpp,1b88f3b507d9300e45eb8a9f4954b1cb3c73b543ed091649c288fdd3aa8dc977,True,actuator_answer,0.05,-0.7058166265487671,-0.8308166265487671,True,False
2411,mbpp_850:1:0:0,mbpp,1b88f3b507d9300e45eb8a9f4954b1cb3c73b543ed091649c288fdd3aa8dc977,True,actuator_answer,0.1,-0.23149074614048004,-1.8564907312393188,True,False
2411,mbpp_850:1:0:0,mbpp,1b88f3b507d9300e45eb8a9f4954b1cb3c73b543ed091649c288fdd3aa8dc977,True,actuator_answer,0.2,-0.03039231337606907,-5.280392169952393,True,False
2411,mbpp_850:1:0:0,mbpp,1b88f3b507d9300e45eb8a9f4954b1cb3c73b543ed091649c288fdd3aa8dc977,True,actuator_answer,0.4,-0.02157001756131649,-16.521570205688477,True,False
2411,mbpp_850:1:0:0,mbpp,1b88f3b507d9300e45eb8a9f4954b1cb3c73b543ed091649c288fdd3aa8dc977,True,actuator_answer,0.8,-0.12570899724960327,-77.3757095336914,True,False
2422,mbpp_855:0:0:1,mbpp,b9a325fb3b35a4aecfa6f5e881227513a2dd229a1dfcbaf2f6a60990319613c7,False,baseline,0.0,-1.0885027647018433,-0.5885027647018433,False,True
2422,mbpp_855:0:0:1,mbpp,b9a325fb3b35a4aecfa6f5e881227513a2dd229a1dfcbaf2f6a60990319613c7,False,if_true,0.05,-1.0884536504745483,-0.5884536504745483,False,True
2422,mbpp_855:0:0:1,mbpp,b9a325fb3b35a4aecfa6f5e881227513a2dd229a1dfcbaf2f6a60990319613c7,False,if_true,0.1,-1.1019046306610107,-0.6019046306610107,False,True
2422,mbpp_855:0:0:1,mbpp,b9a325fb3b35a4aecfa6f5e881227513a2dd229a1dfcbaf2f6a60990319613c7,False,if_true,0.2,-1.03632390499115,-0.6613239049911499,False,True
2422,mbpp_855:0:0:1,mbpp,b9a325fb3b35a4aecfa6f5e881227513a2dd229a1dfcbaf2f6a60990319613c7,False,if_true,0.4,-0.9077581167221069,-0.7827581167221069,False,True
2422,mbpp_855:0:0:1,mbpp,b9a325fb3b35a4aecfa6f5e881227513a2dd229a1dfcbaf2f6a60990319613c7,False,if_true,0.8,-0.7858016490936279,-0.9108016490936279,True,False
2422,mbpp_855:0:0:1,mbpp,b9a325fb3b35a4aecfa6f5e881227513a2dd229a1dfcbaf2f6a60990319613c7,False,if_away,0.05,-1.1729180812835693,-0.5479181408882141,False,True
2422,mbpp_855:0:0:1,mbpp,b9a325fb3b35a4aecfa6f5e881227513a2dd229a1dfcbaf2f6a60990319613c7,False,if_away,0.1,-1.2515416145324707,-0.5015416741371155,False,True
2422,mbpp_855:0:0:1,mbpp,b9a325fb3b35a4aecfa6f5e881227513a2dd229a1dfcbaf2f6a60990319613c7,False,if_away,0.2,-1.354948878288269,-0.47994890809059143,False,True
2422,mbpp_855:0:0:1,mbpp,b9a325fb3b35a4aecfa6f5e881227513a2dd229a1dfcbaf2f6a60990319613c7,False,if_away,0.4,-1.3690749406814575,-0.49407491087913513,False,True
2422,mbpp_855:0:0:1,mbpp,b9a325fb3b35a4aecfa6f5e881227513a2dd229a1dfcbaf2f6a60990319613c7,False,if_away,0.8,-1.302730679512024,-0.5527306795120239,False,True
2422,mbpp_855:0:0:1,mbpp,b9a325fb3b35a4aecfa6f5e881227513a2dd229a1dfcbaf2f6a60990319613c7,False,answer_true,0.05,-1.265777349472046,-0.5157772898674011,False,True
2422,mbpp_855:0:0:1,mbpp,b9a325fb3b35a4aecfa6f5e881227513a2dd229a1dfcbaf2f6a60990319613c7,False,answer_true,0.1,-1.3550008535385132,-0.4800008535385132,False,True
2422,mbpp_855:0:0:1,mbpp,b9a325fb3b35a4aecfa6f5e881227513a2dd229a1dfcbaf2f6a60990319613c7,False,answer_true,0.2,-1.4656450748443604,-0.46564510464668274,False,True
2422,mbpp_855:0:0:1,mbpp,b9a325fb3b35a4aecfa6f5e881227513a2dd229a1dfcbaf2f6a60990319613c7,False,answer_true,0.4,-1.9472339153289795,-0.5722339153289795,False,True
2422,mbpp_855:0:0:1,mbpp,b9a325fb3b35a4aecfa6f5e881227513a2dd229a1dfcbaf2f6a60990319613c7,False,answer_true,0.8,-5.667407989501953,-5.354907989501953,False,False
2422,mbpp_855:0:0:1,mbpp,b9a325fb3b35a4aecfa6f5e881227513a2dd229a1dfcbaf2f6a60990319613c7,False,answer_away,0.05,-1.0850886106491089,-0.5850886106491089,False,True
2422,mbpp_855:0:0:1,mbpp,b9a325fb3b35a4aecfa6f5e881227513a2dd229a1dfcbaf2f6a60990319613c7,False,answer_away,0.1,-1.0678603649139404,-0.5678603649139404,False,True
2422,mbpp_855:0:0:1,mbpp,b9a325fb3b35a4aecfa6f5e881227513a2dd229a1dfcbaf2f6a60990319613c7,False,answer_away,0.2,-1.3047332763671875,-0.4297332167625427,False,True
2422,mbpp_855:0:0:1,mbpp,b9a325fb3b35a4aecfa6f5e881227513a2dd229a1dfcbaf2f6a60990319613c7,False,answer_away,0.4,-3.2458853721618652,-0.24588532745838165,False,True
2422,mbpp_855:0:0:1,mbpp,b9a325fb3b35a4aecfa6f5e881227513a2dd229a1dfcbaf2f6a60990319613c7,False,answer_away,0.8,-11.46148681640625,-11.18414306640625,False,False
2422,mbpp_855:0:0:1,mbpp,b9a325fb3b35a4aecfa6f5e881227513a2dd229a1dfcbaf2f6a60990319613c7,False,random_if,0.05,-1.1724984645843506,-0.5474984645843506,False,True
2422,mbpp_855:0:0:1,mbpp,b9a325fb3b35a4aecfa6f5e881227513a2dd229a1dfcbaf2f6a60990319613c7,False,random_if,0.1,-1.1729085445404053,-0.54790860414505,False,True
2422,mbpp_855:0:0:1,mbpp,b9a325fb3b35a4aecfa6f5e881227513a2dd229a1dfcbaf2f6a60990319613c7,False,random_if,0.2,-1.1581380367279053,-0.5331379771232605,False,True
2422,mbpp_855:0:0:1,mbpp,b9a325fb3b35a4aecfa6f5e881227513a2dd229a1dfcbaf2f6a60990319613c7,False,random_if,0.4,-1.1706916093826294,-0.5456916093826294,False,True
2422,mbpp_855:0:0:1,mbpp,b9a325fb3b35a4aecfa6f5e881227513a2dd229a1dfcbaf2f6a60990319613c7,False,random_if,0.8,-1.0282914638519287,-0.6532914042472839,False,True
2422,mbpp_855:0:0:1,mbpp,b9a325fb3b35a4aecfa6f5e881227513a2dd229a1dfcbaf2f6a60990319613c7,False,random_answer,0.05,-1.0968756675720215,-0.5968757271766663,False,True
2422,mbpp_855:0:0:1,mbpp,b9a325fb3b35a4aecfa6f5e881227513a2dd229a1dfcbaf2f6a60990319613c7,False,random_answer,0.1,-1.099970817565918,-0.5999707579612732,False,True
2422,mbpp_855:0:0:1,mbpp,b9a325fb3b35a4aecfa6f5e881227513a2dd229a1dfcbaf2f6a60990319613c7,False,random_answer,0.2,-1.1053476333618164,-0.6053476929664612,False,True
2422,mbpp_855:0:0:1,mbpp,b9a325fb3b35a4aecfa6f5e881227513a2dd229a1dfcbaf2f6a60990319613c7,False,random_answer,0.4,-1.204153299331665,-0.579153299331665,False,True
2422,mbpp_855:0:0:1,mbpp,b9a325fb3b35a4aecfa6f5e881227513a2dd229a1dfcbaf2f6a60990319613c7,False,random_answer,0.8,-2.55273699760437,-3.05273699760437,False,False
2422,mbpp_855:0:0:1,mbpp,b9a325fb3b35a4aecfa6f5e881227513a2dd229a1dfcbaf2f6a60990319613c7,False,shuffled_if,0.05,-1.1719889640808105,-0.5469889044761658,False,True
2422,mbpp_855:0:0:1,mbpp,b9a325fb3b35a4aecfa6f5e881227513a2dd229a1dfcbaf2f6a60990319613c7,False,shuffled_if,0.1,-1.172682523727417,-0.5476825833320618,False,True
2422,mbpp_855:0:0:1,mbpp,b9a325fb3b35a4aecfa6f5e881227513a2dd229a1dfcbaf2f6a60990319613c7,False,shuffled_if,0.2,-1.1740747690200806,-0.5490747690200806,False,True
2422,mbpp_855:0:0:1,mbpp,b9a325fb3b35a4aecfa6f5e881227513a2dd229a1dfcbaf2f6a60990319613c7,False,shuffled_if,0.4,-1.1197211742401123,-0.6197212338447571,False,True
2422,mbpp_855:0:0:1,mbpp,b9a325fb3b35a4aecfa6f5e881227513a2dd229a1dfcbaf2f6a60990319613c7,False,shuffled_if,0.8,-1.0687620639801025,-0.6937620043754578,False,True
2422,mbpp_855:0:0:1,mbpp,b9a325fb3b35a4aecfa6f5e881227513a2dd229a1dfcbaf2f6a60990319613c7,False,actuator_answer,0.05,-0.692071259021759,-0.942071259021759,True,False
2422,mbpp_855:0:0:1,mbpp,b9a325fb3b35a4aecfa6f5e881227513a2dd229a1dfcbaf2f6a60990319613c7,False,actuator_answer,0.1,-0.422491192817688,-1.422491192817688,True,False
2422,mbpp_855:0:0:1,mbpp,b9a325fb3b35a4aecfa6f5e881227513a2dd229a1dfcbaf2f6a60990319613c7,False,actuator_answer,0.2,-0.09943326562643051,-3.974433183670044,True,False
2422,mbpp_855:0:0:1,mbpp,b9a325fb3b35a4aecfa6f5e881227513a2dd229a1dfcbaf2f6a60990319613c7,False,actuator_answer,0.4,-0.0909295380115509,-20.37217903137207,True,False
2422,mbpp_855:0:0:1,mbpp,b9a325fb3b35a4aecfa6f5e881227513a2dd229a1dfcbaf2f6a60990319613c7,False,actuator_answer,0.8,-0.2410857081413269,-76.7410888671875,True,False
2423,mbpp_855:1:0:0,mbpp,b9a325fb3b35a4aecfa6f5e881227513a2dd229a1dfcbaf2f6a60990319613c7,False,baseline,0.0,-1.0885027647018433,-0.5885027647018433,False,True
2423,mbpp_855:1:0:0,mbpp,b9a325fb3b35a4aecfa6f5e881227513a2dd229a1dfcbaf2f6a60990319613c7,False,if_true,0.05,-1.0884536504745483,-0.5884536504745483,False,True
2423,mbpp_855:1:0:0,mbpp,b9a325fb3b35a4aecfa6f5e881227513a2dd229a1dfcbaf2f6a60990319613c7,False,if_true,0.1,-1.1019046306610107,-0.6019046306610107,False,True
2423,mbpp_855:1:0:0,mbpp,b9a325fb3b35a4aecfa6f5e881227513a2dd229a1dfcbaf2f6a60990319613c7,False,if_true,0.2,-1.03632390499115,-0.6613239049911499,False,True
2423,mbpp_855:1:0:0,mbpp,b9a325fb3b35a4aecfa6f5e881227513a2dd229a1dfcbaf2f6a60990319613c7,False,if_true,0.4,-0.9077581167221069,-0.7827581167221069,False,True
2423,mbpp_855:1:0:0,mbpp,b9a325fb3b35a4aecfa6f5e881227513a2dd229a1dfcbaf2f6a60990319613c7,False,if_true,0.8,-0.7858016490936279,-0.9108016490936279,True,False
2423,mbpp_855:1:0:0,mbpp,b9a325fb3b35a4aecfa6f5e881227513a2dd229a1dfcbaf2f6a60990319613c7,False,if_away,0.05,-1.1729180812835693,-0.5479181408882141,False,True
2423,mbpp_855:1:0:0,mbpp,b9a325fb3b35a4aecfa6f5e881227513a2dd229a1dfcbaf2f6a60990319613c7,False,if_away,0.1,-1.2515416145324707,-0.5015416741371155,False,True
2423,mbpp_855:1:0:0,mbpp,b9a325fb3b35a4aecfa6f5e881227513a2dd229a1dfcbaf2f6a60990319613c7,False,if_away,0.2,-1.354948878288269,-0.47994890809059143,False,True
2423,mbpp_855:1:0:0,mbpp,b9a325fb3b35a4aecfa6f5e881227513a2dd229a1dfcbaf2f6a60990319613c7,False,if_away,0.4,-1.3690749406814575,-0.49407491087913513,False,True
2423,mbpp_855:1:0:0,mbpp,b9a325fb3b35a4aecfa6f5e881227513a2dd229a1dfcbaf2f6a60990319613c7,False,if_away,0.8,-1.302730679512024,-0.5527306795120239,False,True
2423,mbpp_855:1:0:0,mbpp,b9a325fb3b35a4aecfa6f5e881227513a2dd229a1dfcbaf2f6a60990319613c7,False,answer_true,0.05,-1.265777349472046,-0.5157772898674011,False,True
2423,mbpp_855:1:0:0,mbpp,b9a325fb3b35a4aecfa6f5e881227513a2dd229a1dfcbaf2f6a60990319613c7,False,answer_true,0.1,-1.3550008535385132,-0.4800008535385132,False,True
2423,mbpp_855:1:0:0,mbpp,b9a325fb3b35a4aecfa6f5e881227513a2dd229a1dfcbaf2f6a60990319613c7,False,answer_true,0.2,-1.4656450748443604,-0.46564510464668274,False,True
2423,mbpp_855:1:0:0,mbpp,b9a325fb3b35a4aecfa6f5e881227513a2dd229a1dfcbaf2f6a60990319613c7,False,answer_true,0.4,-1.9472339153289795,-0.5722339153289795,False,True
2423,mbpp_855:1:0:0,mbpp,b9a325fb3b35a4aecfa6f5e881227513a2dd229a1dfcbaf2f6a60990319613c7,False,answer_true,0.8,-5.667407989501953,-5.354907989501953,False,False
2423,mbpp_855:1:0:0,mbpp,b9a325fb3b35a4aecfa6f5e881227513a2dd229a1dfcbaf2f6a60990319613c7,False,answer_away,0.05,-1.0850886106491089,-0.5850886106491089,False,True
2423,mbpp_855:1:0:0,mbpp,b9a325fb3b35a4aecfa6f5e881227513a2dd229a1dfcbaf2f6a60990319613c7,False,answer_away,0.1,-1.0678603649139404,-0.5678603649139404,False,True
2423,mbpp_855:1:0:0,mbpp,b9a325fb3b35a4aecfa6f5e881227513a2dd229a1dfcbaf2f6a60990319613c7,False,answer_away,0.2,-1.3047332763671875,-0.4297332167625427,False,True
2423,mbpp_855:1:0:0,mbpp,b9a325fb3b35a4aecfa6f5e881227513a2dd229a1dfcbaf2f6a60990319613c7,False,answer_away,0.4,-3.2458853721618652,-0.24588532745838165,False,True
2423,mbpp_855:1:0:0,mbpp,b9a325fb3b35a4aecfa6f5e881227513a2dd229a1dfcbaf2f6a60990319613c7,False,answer_away,0.8,-11.46148681640625,-11.18414306640625,False,False
2423,mbpp_855:1:0:0,mbpp,b9a325fb3b35a4aecfa6f5e881227513a2dd229a1dfcbaf2f6a60990319613c7,False,random_if,0.05,-1.1725715398788452,-0.5475715398788452,False,True
2423,mbpp_855:1:0:0,mbpp,b9a325fb3b35a4aecfa6f5e881227513a2dd229a1dfcbaf2f6a60990319613c7,False,random_if,0.1,-1.1653144359588623,-0.5403144359588623,False,True
2423,mbpp_855:1:0:0,mbpp,b9a325fb3b35a4aecfa6f5e881227513a2dd229a1dfcbaf2f6a60990319613c7,False,random_if,0.2,-1.172309398651123,-0.5473094582557678,False,True
2423,mbpp_855:1:0:0,mbpp,b9a325fb3b35a4aecfa6f5e881227513a2dd229a1dfcbaf2f6a60990319613c7,False,random_if,0.4,-1.0905351638793945,-0.5905352234840393,False,True
2423,mbpp_855:1:0:0,mbpp,b9a325fb3b35a4aecfa6f5e881227513a2dd229a1dfcbaf2f6a60990319613c7,False,random_if,0.8,-1.1986382007598877,-0.5736382603645325,False,True
2423,mbpp_855:1:0:0,mbpp,b9a325fb3b35a4aecfa6f5e881227513a2dd229a1dfcbaf2f6a60990319613c7,False,random_answer,0.05,-1.1728883981704712,-0.5478883981704712,False,True
2423,mbpp_855:1:0:0,mbpp,b9a325fb3b35a4aecfa6f5e881227513a2dd229a1dfcbaf2f6a60990319613c7,False,random_answer,0.1,-1.1744304895401,-0.5494304895401001,False,True
2423,mbpp_855:1:0:0,mbpp,b9a325fb3b35a4aecfa6f5e881227513a2dd229a1dfcbaf2f6a60990319613c7,False,random_answer,0.2,-1.193063735961914,-0.5680637359619141,False,True
2423,mbpp_855:1:0:0,mbpp,b9a325fb3b35a4aecfa6f5e881227513a2dd229a1dfcbaf2f6a60990319613c7,False,random_answer,0.4,-1.5772778987884521,-0.45227789878845215,False,True
2423,mbpp_855:1:0:0,mbpp,b9a325fb3b35a4aecfa6f5e881227513a2dd229a1dfcbaf2f6a60990319613c7,False,random_answer,0.8,-3.150712251663208,-2.431962251663208,False,False
2423,mbpp_855:1:0:0,mbpp,b9a325fb3b35a4aecfa6f5e881227513a2dd229a1dfcbaf2f6a60990319613c7,False,shuffled_if,0.05,-1.1719889640808105,-0.5469889044761658,False,True
2423,mbpp_855:1:0:0,mbpp,b9a325fb3b35a4aecfa6f5e881227513a2dd229a1dfcbaf2f6a60990319613c7,False,shuffled_if,0.1,-1.172682523727417,-0.5476825833320618,False,True
2423,mbpp_855:1:0:0,mbpp,b9a325fb3b35a4aecfa6f5e881227513a2dd229a1dfcbaf2f6a60990319613c7,False,shuffled_if,0.2,-1.1740747690200806,-0.5490747690200806,False,True
2423,mbpp_855:1:0:0,mbpp,b9a325fb3b35a4aecfa6f5e881227513a2dd229a1dfcbaf2f6a60990319613c7,False,shuffled_if,0.4,-1.1197211742401123,-0.6197212338447571,False,True
2423,mbpp_855:1:0:0,mbpp,b9a325fb3b35a4aecfa6f5e881227513a2dd229a1dfcbaf2f6a60990319613c7,False,shuffled_if,0.8,-1.0687620639801025,-0.6937620043754578,False,True
2423,mbpp_855:1:0:0,mbpp,b9a325fb3b35a4aecfa6f5e881227513a2dd229a1dfcbaf2f6a60990319613c7,False,actuator_answer,0.05,-0.692071259021759,-0.942071259021759,True,False
2423,mbpp_855:1:0:0,mbpp,b9a325fb3b35a4aecfa6f5e881227513a2dd229a1dfcbaf2f6a60990319613c7,False,actuator_answer,0.1,-0.422491192817688,-1.422491192817688,True,False
2423,mbpp_855:1:0:0,mbpp,b9a325fb3b35a4aecfa6f5e881227513a2dd229a1dfcbaf2f6a60990319613c7,False,actuator_answer,0.2,-0.09943326562643051,-3.974433183670044,True,False
2423,mbpp_855:1:0:0,mbpp,b9a325fb3b35a4aecfa6f5e881227513a2dd229a1dfcbaf2f6a60990319613c7,False,actuator_answer,0.4,-0.0909295380115509,-20.37217903137207,True,False
2423,mbpp_855:1:0:0,mbpp,b9a325fb3b35a4aecfa6f5e881227513a2dd229a1dfcbaf2f6a60990319613c7,False,actuator_answer,0.8,-0.2410857081413269,-76.7410888671875,True,False
2427,mbpp_855:2:0:1,mbpp,b9a325fb3b35a4aecfa6f5e881227513a2dd229a1dfcbaf2f6a60990319613c7,False,baseline,0.0,-1.2389545440673828,-0.48895448446273804,False,True
2427,mbpp_855:2:0:1,mbpp,b9a325fb3b35a4aecfa6f5e881227513a2dd229a1dfcbaf2f6a60990319613c7,False,if_true,0.05,-1.1643863916397095,-0.5393863916397095,False,True
2427,mbpp_855:2:0:1,mbpp,b9a325fb3b35a4aecfa6f5e881227513a2dd229a1dfcbaf2f6a60990319613c7,False,if_true,0.1,-1.177067518234253,-0.5520674586296082,False,True
2427,mbpp_855:2:0:1,mbpp,b9a325fb3b35a4aecfa6f5e881227513a2dd229a1dfcbaf2f6a60990319613c7,False,if_true,0.2,-1.1020909547805786,-0.6020909547805786,False,True
2427,mbpp_855:2:0:1,mbpp,b9a325fb3b35a4aecfa6f5e881227513a2dd229a1dfcbaf2f6a60990319613c7,False,if_true,0.4,-0.9723606705665588,-0.7223606705665588,False,True
2427,mbpp_855:2:0:1,mbpp,b9a325fb3b35a4aecfa6f5e881227513a2dd229a1dfcbaf2f6a60990319613c7,False,if_true,0.8,-0.7899900078773499,-0.9149900078773499,True,False
2427,mbpp_855:2:0:1,mbpp,b9a325fb3b35a4aecfa6f5e881227513a2dd229a1dfcbaf2f6a60990319613c7,False,if_away,0.05,-1.2515196800231934,-0.5015197396278381,False,True
2427,mbpp_855:2:0:1,mbpp,b9a325fb3b35a4aecfa6f5e881227513a2dd229a1dfcbaf2f6a60990319613c7,False,if_away,0.1,-1.251153588294983,-0.5011535882949829,False,True
2427,mbpp_855:2:0:1,mbpp,b9a325fb3b35a4aecfa6f5e881227513a2dd229a1dfcbaf2f6a60990319613c7,False,if_away,0.2,-1.4266815185546875,-0.4266815781593323,False,True
2427,mbpp_855:2:0:1,mbpp,b9a325fb3b35a4aecfa6f5e881227513a2dd229a1dfcbaf2f6a60990319613c7,False,if_away,0.4,-1.4626424312591553,-0.46264249086380005,False,True
2427,mbpp_855:2:0:1,mbpp,b9a325fb3b35a4aecfa6f5e881227513a2dd229a1dfcbaf2f6a60990319613c7,False,if_away,0.8,-1.2809507846832275,-0.5309507846832275,False,True
2427,mbpp_855:2:0:1,mbpp,b9a325fb3b35a4aecfa6f5e881227513a2dd229a1dfcbaf2f6a60990319613c7,False,answer_true,0.05,-1.340223789215088,-0.4652237296104431,False,True
2427,mbpp_855:2:0:1,mbpp,b9a325fb3b35a4aecfa6f5e881227513a2dd229a1dfcbaf2f6a60990319613c7,False,answer_true,0.1,-1.4401366710662842,-0.4401366412639618,False,True
2427,mbpp_855:2:0:1,mbpp,b9a325fb3b35a4aecfa6f5e881227513a2dd229a1dfcbaf2f6a60990319613c7,False,answer_true,0.2,-1.6463829278945923,-0.3963829278945923,False,True
2427,mbpp_855:2:0:1,mbpp,b9a325fb3b35a4aecfa6f5e881227513a2dd229a1dfcbaf2f6a60990319613c7,False,answer_true,0.4,-2.0224740505218506,-0.5224741101264954,False,True
2427,mbpp_855:2:0:1,mbpp,b9a325fb3b35a4aecfa6f5e881227513a2dd229a1dfcbaf2f6a60990319613c7,False,answer_true,0.8,-5.642309188842773,-5.314184188842773,False,False
2427,mbpp_855:2:0:1,mbpp,b9a325fb3b35a4aecfa6f5e881227513a2dd229a1dfcbaf2f6a60990319613c7,False,answer_away,0.05,-1.2362960577011108,-0.48629605770111084,False,True
2427,mbpp_855:2:0:1,mbpp,b9a325fb3b35a4aecfa6f5e881227513a2dd229a1dfcbaf2f6a60990319613c7,False,answer_away,0.1,-1.143134593963623,-0.518134593963623,False,True
2427,mbpp_855:2:0:1,mbpp,b9a325fb3b35a4aecfa6f5e881227513a2dd229a1dfcbaf2f6a60990319613c7,False,answer_away,0.2,-1.479684829711914,-0.35468488931655884,False,True
2427,mbpp_855:2:0:1,mbpp,b9a325fb3b35a4aecfa6f5e881227513a2dd229a1dfcbaf2f6a60990319613c7,False,answer_away,0.4,-3.4280025959014893,-0.24050270020961761,False,True
2427,mbpp_855:2:0:1,mbpp,b9a325fb3b35a4aecfa6f5e881227513a2dd229a1dfcbaf2f6a60990319613c7,False,answer_away,0.8,-11.529244422912598,-11.240181922912598,False,False
2427,mbpp_855:2:0:1,mbpp,b9a325fb3b35a4aecfa6f5e881227513a2dd229a1dfcbaf2f6a60990319613c7,False,random_if,0.05,-1.2509270906448364,-0.5009270906448364,False,True
2427,mbpp_855:2:0:1,mbpp,b9a325fb3b35a4aecfa6f5e881227513a2dd229a1dfcbaf2f6a60990319613c7,False,random_if,0.1,-1.2579548358917236,-0.5079548954963684,False,True
2427,mbpp_855:2:0:1,mbpp,b9a325fb3b35a4aecfa6f5e881227513a2dd229a1dfcbaf2f6a60990319613c7,False,random_if,0.2,-1.2446136474609375,-0.4946135878562927,False,True
2427,mbpp_855:2:0:1,mbpp,b9a325fb3b35a4aecfa6f5e881227513a2dd229a1dfcbaf2f6a60990319613c7,False,random_if,0.4,-1.2518450021743774,-0.5018450021743774,False,True
2427,mbpp_855:2:0:1,mbpp,b9a325fb3b35a4aecfa6f5e881227513a2dd229a1dfcbaf2f6a60990319613c7,False,random_if,0.8,-1.181476354598999,-0.5564762949943542,False,True
2427,mbpp_855:2:0:1,mbpp,b9a325fb3b35a4aecfa6f5e881227513a2dd229a1dfcbaf2f6a60990319613c7,False,random_answer,0.05,-1.239199161529541,-0.4891991913318634,False,True
2427,mbpp_855:2:0:1,mbpp,b9a325fb3b35a4aecfa6f5e881227513a2dd229a1dfcbaf2f6a60990319613c7,False,random_answer,0.1,-1.2350668907165527,-0.48506683111190796,False,True
2427,mbpp_855:2:0:1,mbpp,b9a325fb3b35a4aecfa6f5e881227513a2dd229a1dfcbaf2f6a60990319613c7,False,random_answer,0.2,-1.2258129119873047,-0.4758128523826599,False,True
2427,mbpp_855:2:0:1,mbpp,b9a325fb3b35a4aecfa6f5e881227513a2dd229a1dfcbaf2f6a60990319613c7,False,random_answer,0.4,-1.4882498979568481,-0.36324992775917053,False,True
2427,mbpp_855:2:0:1,mbpp,b9a325fb3b35a4aecfa6f5e881227513a2dd229a1dfcbaf2f6a60990319613c7,False,random_answer,0.8,-3.4855542182922363,-1.1105540990829468,False,True
2427,mbpp_855:2:0:1,mbpp,b9a325fb3b35a4aecfa6f5e881227513a2dd229a1dfcbaf2f6a60990319613c7,False,shuffled_if,0.05,-1.1634480953216553,-0.5384480953216553,False,True
2427,mbpp_855:2:0:1,mbpp,b9a325fb3b35a4aecfa6f5e881227513a2dd229a1dfcbaf2f6a60990319613c7,False,shuffled_if,0.1,-1.2513213157653809,-0.5013213753700256,False,True
2427,mbpp_855:2:0:1,mbpp,b9a325fb3b35a4aecfa6f5e881227513a2dd229a1dfcbaf2f6a60990319613c7,False,shuffled_if,0.2,-1.1786444187164307,-0.5536443591117859,False,True
2427,mbpp_855:2:0:1,mbpp,b9a325fb3b35a4aecfa6f5e881227513a2dd229a1dfcbaf2f6a60990319613c7,False,shuffled_if,0.4,-1.202803611755371,-0.5778036117553711,False,True
2427,mbpp_855:2:0:1,mbpp,b9a325fb3b35a4aecfa6f5e881227513a2dd229a1dfcbaf2f6a60990319613c7,False,shuffled_if,0.8,-1.0617446899414062,-0.686744749546051,False,True
2427,mbpp_855:2:0:1,mbpp,b9a325fb3b35a4aecfa6f5e881227513a2dd229a1dfcbaf2f6a60990319613c7,False,actuator_answer,0.05,-0.8068171739578247,-0.8068171739578247,False,True
2427,mbpp_855:2:0:1,mbpp,b9a325fb3b35a4aecfa6f5e881227513a2dd229a1dfcbaf2f6a60990319613c7,False,actuator_answer,0.1,-0.4588419198989868,-1.3338419198989868,True,False
2427,mbpp_855:2:0:1,mbpp,b9a325fb3b35a4aecfa6f5e881227513a2dd229a1dfcbaf2f6a60990319613c7,False,actuator_answer,0.2,-0.10757093876600266,-3.9825708866119385,True,False
2427,mbpp_855:2:0:1,mbpp,b9a325fb3b35a4aecfa6f5e881227513a2dd229a1dfcbaf2f6a60990319613c7,False,actuator_answer,0.4,-0.09305308014154434,-20.311803817749023,True,False
2427,mbpp_855:2:0:1,mbpp,b9a325fb3b35a4aecfa6f5e881227513a2dd229a1dfcbaf2f6a60990319613c7,False,actuator_answer,0.8,-0.2692103981971741,-76.64421081542969,True,False
2428,mbpp_855:2:0:2,mbpp,b9a325fb3b35a4aecfa6f5e881227513a2dd229a1dfcbaf2f6a60990319613c7,False,baseline,0.0,-1.1474077701568604,-0.5224077105522156,False,True
2428,mbpp_855:2:0:2,mbpp,b9a325fb3b35a4aecfa6f5e881227513a2dd229a1dfcbaf2f6a60990319613c7,False,if_true,0.05,-1.070085048675537,-0.5700850486755371,False,True
2428,mbpp_855:2:0:2,mbpp,b9a325fb3b35a4aecfa6f5e881227513a2dd229a1dfcbaf2f6a60990319613c7,False,if_true,0.1,-1.0010943412780762,-0.626094400882721,False,True
2428,mbpp_855:2:0:2,mbpp,b9a325fb3b35a4aecfa6f5e881227513a2dd229a1dfcbaf2f6a60990319613c7,False,if_true,0.2,-1.0020073652267456,-0.6270073652267456,False,True
2428,mbpp_855:2:0:2,mbpp,b9a325fb3b35a4aecfa6f5e881227513a2dd229a1dfcbaf2f6a60990319613c7,False,if_true,0.4,-0.8847288489341736,-0.7597288489341736,False,True
2428,mbpp_855:2:0:2,mbpp,b9a325fb3b35a4aecfa6f5e881227513a2dd229a1dfcbaf2f6a60990319613c7,False,if_true,0.8,-0.7538182735443115,-0.8788182735443115,True,False
2428,mbpp_855:2:0:2,mbpp,b9a325fb3b35a4aecfa6f5e881227513a2dd229a1dfcbaf2f6a60990319613c7,False,if_away,0.05,-1.2295100688934326,-0.4795101284980774,False,True
2428,mbpp_855:2:0:2,mbpp,b9a325fb3b35a4aecfa6f5e881227513a2dd229a1dfcbaf2f6a60990319613c7,False,if_away,0.1,-1.2293282747268677,-0.4793282449245453,False,True
2428,mbpp_855:2:0:2,mbpp,b9a325fb3b35a4aecfa6f5e881227513a2dd229a1dfcbaf2f6a60990319613c7,False,if_away,0.2,-1.24430251121521,-0.4943024814128876,False,True
2428,mbpp_855:2:0:2,mbpp,b9a325fb3b35a4aecfa6f5e881227513a2dd229a1dfcbaf2f6a60990319613c7,False,if_away,0.4,-1.3476529121398926,-0.4726529121398926,False,True
2428,mbpp_855:2:0:2,mbpp,b9a325fb3b35a4aecfa6f5e881227513a2dd229a1dfcbaf2f6a60990319613c7,False,if_away,0.8,-1.1800684928894043,-0.5550685524940491,False,True
2428,mbpp_855:2:0:2,mbpp,b9a325fb3b35a4aecfa6f5e881227513a2dd229a1dfcbaf2f6a60990319613c7,False,answer_true,0.05,-1.1686686277389526,-0.5436686277389526,False,True
2428,mbpp_855:2:0:2,mbpp,b9a325fb3b35a4aecfa6f5e881227513a2dd229a1dfcbaf2f6a60990319613c7,False,answer_true,0.1,-1.3361790180206299,-0.4611790180206299,False,True
2428,mbpp_855:2:0:2,mbpp,b9a325fb3b35a4aecfa6f5e881227513a2dd229a1dfcbaf2f6a60990319613c7,False,answer_true,0.2,-1.5463171005249023,-0.42131713032722473,False,True
2428,mbpp_855:2:0:2,mbpp,b9a325fb3b35a4aecfa6f5e881227513a2dd229a1dfcbaf2f6a60990319613c7,False,answer_true,0.4,-1.9584119319915771,-0.5209119319915771,False,True
2428,mbpp_855:2:0:2,mbpp,b9a325fb3b35a4aecfa6f5e881227513a2dd229a1dfcbaf2f6a60990319613c7,False,answer_true,0.8,-5.644815444946289,-5.332315444946289,False,False
2428,mbpp_855:2:0:2,mbpp,b9a325fb3b35a4aecfa6f5e881227513a2dd229a1dfcbaf2f6a60990319613c7,False,answer_away,0.05,-1.0671768188476562,-0.5671767592430115,False,True
2428,mbpp_855:2:0:2,mbpp,b9a325fb3b35a4aecfa6f5e881227513a2dd229a1dfcbaf2f6a60990319613c7,False,answer_away,0.1,-1.0533266067504883,-0.5533266663551331,False,True
2428,mbpp_855:2:0:2,mbpp,b9a325fb3b35a4aecfa6f5e881227513a2dd229a1dfcbaf2f6a60990319613c7,False,answer_away,0.2,-1.377305269241333,-0.37730520963668823,False,True
2428,mbpp_855:2:0:2,mbpp,b9a325fb3b35a4aecfa6f5e881227513a2dd229a1dfcbaf2f6a60990319613c7,False,answer_away,0.4,-3.360887289047241,-0.2358873039484024,False,True
2428,mbpp_855:2:0:2,mbpp,b9a325fb3b35a4aecfa6f5e881227513a2dd229a1dfcbaf2f6a60990319613c7,False,answer_away,0.8,-11.464362144470215,-11.159674644470215,False,False
2428,mbpp_855:2:0:2,mbpp,b9a325fb3b35a4aecfa6f5e881227513a2dd229a1dfcbaf2f6a60990319613c7,False,random_if,0.05,-1.070043921470642,-0.5700439214706421,False,True
2428,mbpp_855:2:0:2,mbpp,b9a325fb3b35a4aecfa6f5e881227513a2dd229a1dfcbaf2f6a60990319613c7,False,random_if,0.1,-1.0702909231185913,-0.5702909231185913,False,True
2428,mbpp_855:2:0:2,mbpp,b9a325fb3b35a4aecfa6f5e881227513a2dd229a1dfcbaf2f6a60990319613c7,False,random_if,0.2,-1.1434820890426636,-0.5184820890426636,False,True
2428,mbpp_855:2:0:2,mbpp,b9a325fb3b35a4aecfa6f5e881227513a2dd229a1dfcbaf2f6a60990319613c7,False,random_if,0.4,-1.074729561805725,-0.5747295618057251,False,True
2428,mbpp_855:2:0:2,mbpp,b9a325fb3b35a4aecfa6f5e881227513a2dd229a1dfcbaf2f6a60990319613c7,False,random_if,0.8,-1.1557366847991943,-0.5307367444038391,False,True
2428,mbpp_855:2:0:2,mbpp,b9a325fb3b35a4aecfa6f5e881227513a2dd229a1dfcbaf2f6a60990319613c7,False,random_answer,0.05,-1.1529788970947266,-0.5279788970947266,False,True
2428,mbpp_855:2:0:2,mbpp,b9a325fb3b35a4aecfa6f5e881227513a2dd229a1dfcbaf2f6a60990319613c7,False,random_answer,0.1,-1.1596546173095703,-0.5346546173095703,False,True
2428,mbpp_855:2:0:2,mbpp,b9a325fb3b35a4aecfa6f5e881227513a2dd229a1dfcbaf2f6a60990319613c7,False,random_answer,0.2,-1.2490196228027344,-0.4990196228027344,False,True
2428,mbpp_855:2:0:2,mbpp,b9a325fb3b35a4aecfa6f5e881227513a2dd229a1dfcbaf2f6a60990319613c7,False,random_answer,0.4,-1.3759636878967285,-0.5009637475013733,False,True
2428,mbpp_855:2:0:2,mbpp,b9a325fb3b35a4aecfa6f5e881227513a2dd229a1dfcbaf2f6a60990319613c7,False,random_answer,0.8,-3.6294050216674805,-1.3794050216674805,False,True
2428,mbpp_855:2:0:2,mbpp,b9a325fb3b35a4aecfa6f5e881227513a2dd229a1dfcbaf2f6a60990319613c7,False,shuffled_if,0.05,-1.153248906135559,-0.5282489061355591,False,True
2428,mbpp_855:2:0:2,mbpp,b9a325fb3b35a4aecfa6f5e881227513a2dd229a1dfcbaf2f6a60990319613c7,False,shuffled_if,0.1,-1.070542573928833,-0.5705426335334778,False,True
2428,mbpp_855:2:0:2,mbpp,b9a325fb3b35a4aecfa6f5e881227513a2dd229a1dfcbaf2f6a60990319613c7,False,shuffled_if,0.2,-1.0825252532958984,-0.5825252532958984,False,True
2428,mbpp_855:2:0:2,mbpp,b9a325fb3b35a4aecfa6f5e881227513a2dd229a1dfcbaf2f6a60990319613c7,False,shuffled_if,0.4,-1.0162978172302246,-0.6412978768348694,False,True
2428,mbpp_855:2:0:2,mbpp,b9a325fb3b35a4aecfa6f5e881227513a2dd229a1dfcbaf2f6a60990319613c7,False,shuffled_if,0.8,-1.039730429649353,-0.664730429649353,False,True
2428,mbpp_855:2:0:2,mbpp,b9a325fb3b35a4aecfa6f5e881227513a2dd229a1dfcbaf2f6a60990319613c7,False,actuator_answer,0.05,-0.730588436126709,-0.855588436126709,True,False
2428,mbpp_855:2:0:2,mbpp,b9a325fb3b35a4aecfa6f5e881227513a2dd229a1dfcbaf2f6a60990319613c7,False,actuator_answer,0.1,-0.4380723834037781,-1.3130724430084229,True,False
2428,mbpp_855:2:0:2,mbpp,b9a325fb3b35a4aecfa6f5e881227513a2dd229a1dfcbaf2f6a60990319613c7,False,actuator_answer,0.2,-0.09709490090608597,-3.722095012664795,True,False
2428,mbpp_855:2:0:2,mbpp,b9a325fb3b35a4aecfa6f5e881227513a2dd229a1dfcbaf2f6a60990319613c7,False,actuator_answer,0.4,-0.08439455926418304,-20.396894454956055,True,False
2428,mbpp_855:2:0:2,mbpp,b9a325fb3b35a4aecfa6f5e881227513a2dd229a1dfcbaf2f6a60990319613c7,False,actuator_answer,0.8,-0.2654213011264801,-77.01541900634766,True,False
2436,mbpp_867:0:1:1,mbpp,3a1aaa18c3a5e454daf1c284d15e76d7256ddfb519adef16cc9ae2f49112ce20,False,baseline,0.0,-1.0435726642608643,-0.5435726642608643,False,True
2436,mbpp_867:0:1:1,mbpp,3a1aaa18c3a5e454daf1c284d15e76d7256ddfb519adef16cc9ae2f49112ce20,False,if_true,0.05,-1.0546129941940308,-0.5546129941940308,False,True
2436,mbpp_867:0:1:1,mbpp,3a1aaa18c3a5e454daf1c284d15e76d7256ddfb519adef16cc9ae2f49112ce20,False,if_true,0.1,-1.0527160167694092,-0.5527160167694092,False,True
2436,mbpp_867:0:1:1,mbpp,3a1aaa18c3a5e454daf1c284d15e76d7256ddfb519adef16cc9ae2f49112ce20,False,if_true,0.2,-0.8952606916427612,-0.6452606916427612,False,True
2436,mbpp_867:0:1:1,mbpp,3a1aaa18c3a5e454daf1c284d15e76d7256ddfb519adef16cc9ae2f49112ce20,False,if_true,0.4,-0.8989792466163635,-0.6489792466163635,False,True
2436,mbpp_867:0:1:1,mbpp,3a1aaa18c3a5e454daf1c284d15e76d7256ddfb519adef16cc9ae2f49112ce20,False,if_true,0.8,-1.0462838411331177,-0.5462838411331177,False,True
2436,mbpp_867:0:1:1,mbpp,3a1aaa18c3a5e454daf1c284d15e76d7256ddfb519adef16cc9ae2f49112ce20,False,if_away,0.05,-1.2121257781982422,-0.46212583780288696,False,True
2436,mbpp_867:0:1:1,mbpp,3a1aaa18c3a5e454daf1c284d15e76d7256ddfb519adef16cc9ae2f49112ce20,False,if_away,0.1,-1.3832175731658936,-0.38321754336357117,False,True
2436,mbpp_867:0:1:1,mbpp,3a1aaa18c3a5e454daf1c284d15e76d7256ddfb519adef16cc9ae2f49112ce20,False,if_away,0.2,-1.3795082569122314,-0.37950828671455383,False,True
2436,mbpp_867:0:1:1,mbpp,3a1aaa18c3a5e454daf1c284d15e76d7256ddfb519adef16cc9ae2f49112ce20,False,if_away,0.4,-1.5666162967681885,-0.3166162967681885,False,True
2436,mbpp_867:0:1:1,mbpp,3a1aaa18c3a5e454daf1c284d15e76d7256ddfb519adef16cc9ae2f49112ce20,False,if_away,0.8,-1.5513849258422852,-0.30138489603996277,False,True
2436,mbpp_867:0:1:1,mbpp,3a1aaa18c3a5e454daf1c284d15e76d7256ddfb519adef16cc9ae2f49112ce20,False,answer_true,0.05,-1.057687520980835,-0.5576874613761902,False,True
2436,mbpp_867:0:1:1,mbpp,3a1aaa18c3a5e454daf1c284d15e76d7256ddfb519adef16cc9ae2f49112ce20,False,answer_true,0.1,-1.2268812656402588,-0.4768812656402588,False,True
2436,mbpp_867:0:1:1,mbpp,3a1aaa18c3a5e454daf1c284d15e76d7256ddfb519adef16cc9ae2f49112ce20,False,answer_true,0.2,-1.258876085281372,-0.5088761448860168,False,True
2436,mbpp_867:0:1:1,mbpp,3a1aaa18c3a5e454daf1c284d15e76d7256ddfb519adef16cc9ae2f49112ce20,False,answer_true,0.4,-1.522511601448059,-0.5225116014480591,False,True
2436,mbpp_867:0:1:1,mbpp,3a1aaa18c3a5e454daf1c284d15e76d7256ddfb519adef16cc9ae2f49112ce20,False,answer_true,0.8,-4.403285980224609,-2.9345362186431885,False,False
2436,mbpp_867:0:1:1,mbpp,3a1aaa18c3a5e454daf1c284d15e76d7256ddfb519adef16cc9ae2f49112ce20,False,answer_away,0.05,-1.0343265533447266,-0.5343266129493713,False,True
2436,mbpp_867:0:1:1,mbpp,3a1aaa18c3a5e454daf1c284d15e76d7256ddfb519adef16cc9ae2f49112ce20,False,answer_away,0.1,-1.193079948425293,-0.4430799186229706,False,True
2436,mbpp_867:0:1:1,mbpp,3a1aaa18c3a5e454daf1c284d15e76d7256ddfb519adef16cc9ae2f49112ce20,False,answer_away,0.2,-1.0254896879196167,-0.5254896879196167,False,True
2436,mbpp_867:0:1:1,mbpp,3a1aaa18c3a5e454daf1c284d15e76d7256ddfb519adef16cc9ae2f49112ce20,False,answer_away,0.4,-1.1972545385360718,-0.6972545385360718,False,True
2436,mbpp_867:0:1:1,mbpp,3a1aaa18c3a5e454daf1c284d15e76d7256ddfb519adef16cc9ae2f49112ce20,False,answer_away,0.8,-3.2708730697631836,-6.458373069763184,True,False
2436,mbpp_867:0:1:1,mbpp,3a1aaa18c3a5e454daf1c284d15e76d7256ddfb519adef16cc9ae2f49112ce20,False,random_if,0.05,-1.207252025604248,-0.45725202560424805,False,True
2436,mbpp_867:0:1:1,mbpp,3a1aaa18c3a5e454daf1c284d15e76d7256ddfb519adef16cc9ae2f49112ce20,False,random_if,0.1,-1.2112069129943848,-0.46120691299438477,False,True
2436,mbpp_867:0:1:1,mbpp,3a1aaa18c3a5e454daf1c284d15e76d7256ddfb519adef16cc9ae2f49112ce20,False,random_if,0.2,-1.2095431089401245,-0.4595431089401245,False,True
2436,mbpp_867:0:1:1,mbpp,3a1aaa18c3a5e454daf1c284d15e76d7256ddfb519adef16cc9ae2f49112ce20,False,random_if,0.4,-1.2045353651046753,-0.4545353949069977,False,True
2436,mbpp_867:0:1:1,mbpp,3a1aaa18c3a5e454daf1c284d15e76d7256ddfb519adef16cc9ae2f49112ce20,False,random_if,0.8,-1.0406910181045532,-0.5406910181045532,False,True
2436,mbpp_867:0:1:1,mbpp,3a1aaa18c3a5e454daf1c284d15e76d7256ddfb519adef16cc9ae2f49112ce20,False,random_answer,0.05,-1.2084498405456543,-0.4584497809410095,False,True
2436,mbpp_867:0:1:1,mbpp,3a1aaa18c3a5e454daf1c284d15e76d7256ddfb519adef16cc9ae2f49112ce20,False,random_answer,0.1,-1.0446377992630005,-0.5446377992630005,False,True
2436,mbpp_867:0:1:1,mbpp,3a1aaa18c3a5e454daf1c284d15e76d7256ddfb519adef16cc9ae2f49112ce20,False,random_answer,0.2,-1.052861213684082,-0.552861213684082,False,True
2436,mbpp_867:0:1:1,mbpp,3a1aaa18c3a5e454daf1c284d15e76d7256ddfb519adef16cc9ae2f49112ce20,False,random_answer,0.4,-1.0847952365875244,-0.5847951769828796,False,True
2436,mbpp_867:0:1:1,mbpp,3a1aaa18c3a5e454daf1c284d15e76d7256ddfb519adef16cc9ae2f49112ce20,False,random_answer,0.8,-2.163992166519165,-0.820242166519165,False,True
2436,mbpp_867:0:1:1,mbpp,3a1aaa18c3a5e454daf1c284d15e76d7256ddfb519adef16cc9ae2f49112ce20,False,shuffled_if,0.05,-1.2073044776916504,-0.457304447889328,False,True
2436,mbpp_867:0:1:1,mbpp,3a1aaa18c3a5e454daf1c284d15e76d7256ddfb519adef16cc9ae2f49112ce20,False,shuffled_if,0.1,-1.2088007926940918,-0.4588008522987366,False,True
2436,mbpp_867:0:1:1,mbpp,3a1aaa18c3a5e454daf1c284d15e76d7256ddfb519adef16cc9ae2f49112ce20,False,shuffled_if,0.2,-1.2011971473693848,-0.45119714736938477,False,True
2436,mbpp_867:0:1:1,mbpp,3a1aaa18c3a5e454daf1c284d15e76d7256ddfb519adef16cc9ae2f49112ce20,False,shuffled_if,0.4,-1.1934449672698975,-0.44344502687454224,False,True
2436,mbpp_867:0:1:1,mbpp,3a1aaa18c3a5e454daf1c284d15e76d7256ddfb519adef16cc9ae2f49112ce20,False,shuffled_if,0.8,-1.1831637620925903,-0.4331637918949127,False,True
2436,mbpp_867:0:1:1,mbpp,3a1aaa18c3a5e454daf1c284d15e76d7256ddfb519adef16cc9ae2f49112ce20,False,actuator_answer,0.05,-1.0435165166854858,-0.5435165166854858,False,True
2436,mbpp_867:0:1:1,mbpp,3a1aaa18c3a5e454daf1c284d15e76d7256ddfb519adef16cc9ae2f49112ce20,False,actuator_answer,0.1,-1.0470558404922485,-0.5470558404922485,False,True
2436,mbpp_867:0:1:1,mbpp,3a1aaa18c3a5e454daf1c284d15e76d7256ddfb519adef16cc9ae2f49112ce20,False,actuator_answer,0.2,-0.6747700572013855,-0.9247700572013855,True,False
2436,mbpp_867:0:1:1,mbpp,3a1aaa18c3a5e454daf1c284d15e76d7256ddfb519adef16cc9ae2f49112ce20,False,actuator_answer,0.4,-0.11264310777187347,-6.487643241882324,True,False
2436,mbpp_867:0:1:1,mbpp,3a1aaa18c3a5e454daf1c284d15e76d7256ddfb519adef16cc9ae2f49112ce20,False,actuator_answer,0.8,0.0,-36.96875,True,False
2437,mbpp_867:0:1:2,mbpp,3a1aaa18c3a5e454daf1c284d15e76d7256ddfb519adef16cc9ae2f49112ce20,False,baseline,0.0,-1.2055888175964355,-0.4555888772010803,False,True
2437,mbpp_867:0:1:2,mbpp,3a1aaa18c3a5e454daf1c284d15e76d7256ddfb519adef16cc9ae2f49112ce20,False,if_true,0.05,-1.048572301864624,-0.5485722422599792,False,True
2437,mbpp_867:0:1:2,mbpp,3a1aaa18c3a5e454daf1c284d15e76d7256ddfb519adef16cc9ae2f49112ce20,False,if_true,0.1,-1.2084075212478638,-0.4584074914455414,False,True
2437,mbpp_867:0:1:2,mbpp,3a1aaa18c3a5e454daf1c284d15e76d7256ddfb519adef16cc9ae2f49112ce20,False,if_true,0.2,-1.0514227151870728,-0.5514227151870728,False,True
2437,mbpp_867:0:1:2,mbpp,3a1aaa18c3a5e454daf1c284d15e76d7256ddfb519adef16cc9ae2f49112ce20,False,if_true,0.4,-0.9034541249275208,-0.6534541249275208,False,True
2437,mbpp_867:0:1:2,mbpp,3a1aaa18c3a5e454daf1c284d15e76d7256ddfb519adef16cc9ae2f49112ce20,False,if_true,0.8,-1.0435352325439453,-0.5435352325439453,False,True
2437,mbpp_867:0:1:2,mbpp,3a1aaa18c3a5e454daf1c284d15e76d7256ddfb519adef16cc9ae2f49112ce20,False,if_away,0.05,-1.386307716369629,-0.3863077461719513,False,True
2437,mbpp_867:0:1:2,mbpp,3a1aaa18c3a5e454daf1c284d15e76d7256ddfb519adef16cc9ae2f49112ce20,False,if_away,0.1,-1.5747053623199463,-0.3247053325176239,False,True
2437,mbpp_867:0:1:2,mbpp,3a1aaa18c3a5e454daf1c284d15e76d7256ddfb519adef16cc9ae2f49112ce20,False,if_away,0.2,-1.768569827079773,-0.26856985688209534,False,True
2437,mbpp_867:0:1:2,mbpp,3a1aaa18c3a5e454daf1c284d15e76d7256ddfb519adef16cc9ae2f49112ce20,False,if_away,0.4,-1.5757464170455933,-0.32574644684791565,False,True
2437,mbpp_867:0:1:2,mbpp,3a1aaa18c3a5e454daf1c284d15e76d7256ddfb519adef16cc9ae2f49112ce20,False,if_away,0.8,-1.558967113494873,-0.30896714329719543,False,True
2437,mbpp_867:0:1:2,mbpp,3a1aaa18c3a5e454daf1c284d15e76d7256ddfb519adef16cc9ae2f49112ce20,False,answer_true,0.05,-1.394534945487976,-0.39453497529029846,False,True
2437,mbpp_867:0:1:2,mbpp,3a1aaa18c3a5e454daf1c284d15e76d7256ddfb519adef16cc9ae2f49112ce20,False,answer_true,0.1,-1.2321910858154297,-0.48219114542007446,False,True
2437,mbpp_867:0:1:2,mbpp,3a1aaa18c3a5e454daf1c284d15e76d7256ddfb519adef16cc9ae2f49112ce20,False,answer_true,0.2,-1.2725077867507935,-0.5225077867507935,False,True
2437,mbpp_867:0:1:2,mbpp,3a1aaa18c3a5e454daf1c284d15e76d7256ddfb519adef16cc9ae2f49112ce20,False,answer_true,0.4,-1.6958658695220947,-0.4458658695220947,False,True
2437,mbpp_867:0:1:2,mbpp,3a1aaa18c3a5e454daf1c284d15e76d7256ddfb519adef16cc9ae2f49112ce20,False,answer_true,0.8,-4.281872272491455,-2.813122272491455,False,False
2437,mbpp_867:0:1:2,mbpp,3a1aaa18c3a5e454daf1c284d15e76d7256ddfb519adef16cc9ae2f49112ce20,False,answer_away,0.05,-1.2039053440093994,-0.4539053440093994,False,True
2437,mbpp_867:0:1:2,mbpp,3a1aaa18c3a5e454daf1c284d15e76d7256ddfb519adef16cc9ae2f49112ce20,False,answer_away,0.1,-1.1911952495574951,-0.44119518995285034,False,True
2437,mbpp_867:0:1:2,mbpp,3a1aaa18c3a5e454daf1c284d15e76d7256ddfb519adef16cc9ae2f49112ce20,False,answer_away,0.2,-1.192977786064148,-0.44297778606414795,False,True
2437,mbpp_867:0:1:2,mbpp,3a1aaa18c3a5e454daf1c284d15e76d7256ddfb519adef16cc9ae2f49112ce20,False,answer_away,0.4,-1.16585111618042,-0.6658511161804199,False,True
2437,mbpp_867:0:1:2,mbpp,3a1aaa18c3a5e454daf1c284d15e76d7256ddfb519adef16cc9ae2f49112ce20,False,answer_away,0.8,-3.405778408050537,-6.374528408050537,True,False
2437,mbpp_867:0:1:2,mbpp,3a1aaa18c3a5e454daf1c284d15e76d7256ddfb519adef16cc9ae2f49112ce20,False,random_if,0.05,-1.2055975198745728,-0.45559749007225037,False,True
2437,mbpp_867:0:1:2,mbpp,3a1aaa18c3a5e454daf1c284d15e76d7256ddfb519adef16cc9ae2f49112ce20,False,random_if,0.1,-1.2041833400726318,-0.45418334007263184,False,True
2437,mbpp_867:0:1:2,mbpp,3a1aaa18c3a5e454daf1c284d15e76d7256ddfb519adef16cc9ae2f49112ce20,False,random_if,0.2,-1.2049241065979004,-0.45492416620254517,False,True
2437,mbpp_867:0:1:2,mbpp,3a1aaa18c3a5e454daf1c284d15e76d7256ddfb519adef16cc9ae2f49112ce20,False,random_if,0.4,-1.2174403667449951,-0.46744033694267273,False,True
2437,mbpp_867:0:1:2,mbpp,3a1aaa18c3a5e454daf1c284d15e76d7256ddfb519adef16cc9ae2f49112ce20,False,random_if,0.8,-1.1978156566619873,-0.4478156268596649,False,True
2437,mbpp_867:0:1:2,mbpp,3a1aaa18c3a5e454daf1c284d15e76d7256ddfb519adef16cc9ae2f49112ce20,False,random_answer,0.05,-1.2049221992492676,-0.4549221396446228,False,True
2437,mbpp_867:0:1:2,mbpp,3a1aaa18c3a5e454daf1c284d15e76d7256ddfb519adef16cc9ae2f49112ce20,False,random_answer,0.1,-1.208383321762085,-0.4583832919597626,False,True
2437,mbpp_867:0:1:2,mbpp,3a1aaa18c3a5e454daf1c284d15e76d7256ddfb519adef16cc9ae2f49112ce20,False,random_answer,0.2,-1.3842084407806396,-0.38420844078063965,False,True
2437,mbpp_867:0:1:2,mbpp,3a1aaa18c3a5e454daf1c284d15e76d7256ddfb519adef16cc9ae2f49112ce20,False,random_answer,0.4,-1.2253397703170776,-0.47533977031707764,False,True
2437,mbpp_867:0:1:2,mbpp,3a1aaa18c3a5e454daf1c284d15e76d7256ddfb519adef16cc9ae2f49112ce20,False,random_answer,0.8,-1.5124871730804443,-0.7624871134757996,False,True
2437,mbpp_867:0:1:2,mbpp,3a1aaa18c3a5e454daf1c284d15e76d7256ddfb519adef16cc9ae2f49112ce20,False,shuffled_if,0.05,-1.2039647102355957,-0.4539647698402405,False,True
2437,mbpp_867:0:1:2,mbpp,3a1aaa18c3a5e454daf1c284d15e76d7256ddfb519adef16cc9ae2f49112ce20,False,shuffled_if,0.1,-1.2050188779830933,-0.45501887798309326,False,True
2437,mbpp_867:0:1:2,mbpp,3a1aaa18c3a5e454daf1c284d15e76d7256ddfb519adef16cc9ae2f49112ce20,False,shuffled_if,0.2,-1.3702261447906494,-0.3702261447906494,False,True
2437,mbpp_867:0:1:2,mbpp,3a1aaa18c3a5e454daf1c284d15e76d7256ddfb519adef16cc9ae2f49112ce20,False,shuffled_if,0.4,-1.1975300312042236,-0.44753000140190125,False,True
2437,mbpp_867:0:1:2,mbpp,3a1aaa18c3a5e454daf1c284d15e76d7256ddfb519adef16cc9ae2f49112ce20,False,shuffled_if,0.8,-1.358581781387329,-0.3585817515850067,False,True
2437,mbpp_867:0:1:2,mbpp,3a1aaa18c3a5e454daf1c284d15e76d7256ddfb519adef16cc9ae2f49112ce20,False,actuator_answer,0.05,-1.0521785020828247,-0.5521785020828247,False,True
2437,mbpp_867:0:1:2,mbpp,3a1aaa18c3a5e454daf1c284d15e76d7256ddfb519adef16cc9ae2f49112ce20,False,actuator_answer,0.1,-1.0489352941513062,-0.5489352941513062,False,True
2437,mbpp_867:0:1:2,mbpp,3a1aaa18c3a5e454daf1c284d15e76d7256ddfb519adef16cc9ae2f49112ce20,False,actuator_answer,0.2,-0.7999870181083679,-0.7999870181083679,False,True
2437,mbpp_867:0:1:2,mbpp,3a1aaa18c3a5e454daf1c284d15e76d7256ddfb519adef16cc9ae2f49112ce20,False,actuator_answer,0.4,-0.10199710726737976,-6.476996898651123,True,False
2437,mbpp_867:0:1:2,mbpp,3a1aaa18c3a5e454daf1c284d15e76d7256ddfb519adef16cc9ae2f49112ce20,False,actuator_answer,0.8,0.0,-37.375,True,False
2438,mbpp_867:1:1:0,mbpp,3a1aaa18c3a5e454daf1c284d15e76d7256ddfb519adef16cc9ae2f49112ce20,False,baseline,0.0,-1.207570195198059,-0.4575701951980591,False,True
2438,mbpp_867:1:1:0,mbpp,3a1aaa18c3a5e454daf1c284d15e76d7256ddfb519adef16cc9ae2f49112ce20,False,if_true,0.05,-1.0474666357040405,-0.5474666357040405,False,True
2438,mbpp_867:1:1:0,mbpp,3a1aaa18c3a5e454daf1c284d15e76d7256ddfb519adef16cc9ae2f49112ce20,False,if_true,0.1,-0.8926587700843811,-0.6426587700843811,False,True
2438,mbpp_867:1:1:0,mbpp,3a1aaa18c3a5e454daf1c284d15e76d7256ddfb519adef16cc9ae2f49112ce20,False,if_true,0.2,-0.7617040872573853,-0.7617040872573853,False,True
2438,mbpp_867:1:1:0,mbpp,3a1aaa18c3a5e454daf1c284d15e76d7256ddfb519adef16cc9ae2f49112ce20,False,if_true,0.4,-0.7634520530700684,-0.7634520530700684,False,True
2438,mbpp_867:1:1:0,mbpp,3a1aaa18c3a5e454daf1c284d15e76d7256ddfb519adef16cc9ae2f49112ce20,False,if_true,0.8,-1.0258769989013672,-0.5258769989013672,False,True
2438,mbpp_867:1:1:0,mbpp,3a1aaa18c3a5e454daf1c284d15e76d7256ddfb519adef16cc9ae2f49112ce20,False,if_away,0.05,-1.2089056968688965,-0.4589056670665741,False,True
2438,mbpp_867:1:1:0,mbpp,3a1aaa18c3a5e454daf1c284d15e76d7256ddfb519adef16cc9ae2f49112ce20,False,if_away,0.1,-1.386005163192749,-0.3860052227973938,False,True
2438,mbpp_867:1:1:0,mbpp,3a1aaa18c3a5e454daf1c284d15e76d7256ddfb519adef16cc9ae2f49112ce20,False,if_away,0.2,-1.5839004516601562,-0.33390045166015625,False,True
2438,mbpp_867:1:1:0,mbpp,3a1aaa18c3a5e454daf1c284d15e76d7256ddfb519adef16cc9ae2f49112ce20,False,if_away,0.4,-1.5810381174087524,-0.33103814721107483,False,True
2438,mbpp_867:1:1:0,mbpp,3a1aaa18c3a5e454daf1c284d15e76d7256ddfb519adef16cc9ae2f49112ce20,False,if_away,0.8,-1.5617798566818237,-0.3117798864841461,False,True
2438,mbpp_867:1:1:0,mbpp,3a1aaa18c3a5e454daf1c284d15e76d7256ddfb519adef16cc9ae2f49112ce20,False,answer_true,0.05,-1.2089240550994873,-0.4589240550994873,False,True
2438,mbpp_867:1:1:0,mbpp,3a1aaa18c3a5e454daf1c284d15e76d7256ddfb519adef16cc9ae2f49112ce20,False,answer_true,0.1,-1.2378251552581787,-0.4878251254558563,False,True
2438,mbpp_867:1:1:0,mbpp,3a1aaa18c3a5e454daf1c284d15e76d7256ddfb519adef16cc9ae2f49112ce20,False,answer_true,0.2,-1.2533694505691528,-0.5033694505691528,False,True
2438,mbpp_867:1:1:0,mbpp,3a1aaa18c3a5e454daf1c284d15e76d7256ddfb519adef16cc9ae2f49112ce20,False,answer_true,0.4,-1.8755000829696655,-0.3755000829696655,False,True
2438,mbpp_867:1:1:0,mbpp,3a1aaa18c3a5e454daf1c284d15e76d7256ddfb519adef16cc9ae2f49112ce20,False,answer_true,0.8,-4.355048179626465,-2.917548418045044,False,False
2438,mbpp_867:1:1:0,mbpp,3a1aaa18c3a5e454daf1c284d15e76d7256ddfb519adef16cc9ae2f49112ce20,False,answer_away,0.05,-1.1934255361557007,-0.4434255063533783,False,True
2438,mbpp_867:1:1:0,mbpp,3a1aaa18c3a5e454daf1c284d15e76d7256ddfb519adef16cc9ae2f49112ce20,False,answer_away,0.1,-1.0306975841522217,-0.5306975841522217,False,True
2438,mbpp_867:1:1:0,mbpp,3a1aaa18c3a5e454daf1c284d15e76d7256ddfb519adef16cc9ae2f49112ce20,False,answer_away,0.2,-1.185945749282837,-0.4359457194805145,False,True
2438,mbpp_867:1:1:0,mbpp,3a1aaa18c3a5e454daf1c284d15e76d7256ddfb519adef16cc9ae2f49112ce20,False,answer_away,0.4,-1.1496624946594238,-0.649662435054779,False,True
2438,mbpp_867:1:1:0,mbpp,3a1aaa18c3a5e454daf1c284d15e76d7256ddfb519adef16cc9ae2f49112ce20,False,answer_away,0.8,-3.7558679580688477,-6.693367958068848,True,False
2438,mbpp_867:1:1:0,mbpp,3a1aaa18c3a5e454daf1c284d15e76d7256ddfb519adef16cc9ae2f49112ce20,False,random_if,0.05,-1.0426576137542725,-0.5426576733589172,False,True
2438,mbpp_867:1:1:0,mbpp,3a1aaa18c3a5e454daf1c284d15e76d7256ddfb519adef16cc9ae2f49112ce20,False,random_if,0.1,-1.2089169025421143,-0.4589168429374695,False,True
2438,mbpp_867:1:1:0,mbpp,3a1aaa18c3a5e454daf1c284d15e76d7256ddfb519adef16cc9ae2f49112ce20,False,random_if,0.2,-1.2121057510375977,-0.4621056914329529,False,True
2438,mbpp_867:1:1:0,mbpp,3a1aaa18c3a5e454daf1c284d15e76d7256ddfb519adef16cc9ae2f49112ce20,False,random_if,0.4,-1.046520471572876,-0.5465204119682312,False,True
2438,mbpp_867:1:1:0,mbpp,3a1aaa18c3a5e454daf1c284d15e76d7256ddfb519adef16cc9ae2f49112ce20,False,random_if,0.8,-1.197447419166565,-0.44744738936424255,False,True
2438,mbpp_867:1:1:0,mbpp,3a1aaa18c3a5e454daf1c284d15e76d7256ddfb519adef16cc9ae2f49112ce20,False,random_answer,0.05,-1.208907127380371,-0.45890718698501587,False,True
2438,mbpp_867:1:1:0,mbpp,3a1aaa18c3a5e454daf1c284d15e76d7256ddfb519adef16cc9ae2f49112ce20,False,random_answer,0.1,-1.217289924621582,-0.4672899842262268,False,True
2438,mbpp_867:1:1:0,mbpp,3a1aaa18c3a5e454daf1c284d15e76d7256ddfb519adef16cc9ae2f49112ce20,False,random_answer,0.2,-1.223008155822754,-0.4730081856250763,False,True
2438,mbpp_867:1:1:0,mbpp,3a1aaa18c3a5e454daf1c284d15e76d7256ddfb519adef16cc9ae2f49112ce20,False,random_answer,0.4,-1.122666358947754,-0.6226662993431091,False,True
2438,mbpp_867:1:1:0,mbpp,3a1aaa18c3a5e454daf1c284d15e76d7256ddfb519adef16cc9ae2f49112ce20,False,random_answer,0.8,-1.863598346710205,-0.7385982871055603,False,True
2438,mbpp_867:1:1:0,mbpp,3a1aaa18c3a5e454daf1c284d15e76d7256ddfb519adef16cc9ae2f49112ce20,False,shuffled_if,0.05,-1.2087454795837402,-0.45874541997909546,False,True
2438,mbpp_867:1:1:0,mbpp,3a1aaa18c3a5e454daf1c284d15e76d7256ddfb519adef16cc9ae2f49112ce20,False,shuffled_if,0.1,-1.2036848068237305,-0.45368480682373047,False,True
2438,mbpp_867:1:1:0,mbpp,3a1aaa18c3a5e454daf1c284d15e76d7256ddfb519adef16cc9ae2f49112ce20,False,shuffled_if,0.2,-1.3781328201293945,-0.3781328499317169,False,True
2438,mbpp_867:1:1:0,mbpp,3a1aaa18c3a5e454daf1c284d15e76d7256ddfb519adef16cc9ae2f49112ce20,False,shuffled_if,0.4,-1.198845624923706,-0.44884562492370605,False,True
2438,mbpp_867:1:1:0,mbpp,3a1aaa18c3a5e454daf1c284d15e76d7256ddfb519adef16cc9ae2f49112ce20,False,shuffled_if,0.8,-1.1892503499984741,-0.4392503798007965,False,True
2438,mbpp_867:1:1:0,mbpp,3a1aaa18c3a5e454daf1c284d15e76d7256ddfb519adef16cc9ae2f49112ce20,False,actuator_answer,0.05,-1.2042490243911743,-0.4542490243911743,False,True
2438,mbpp_867:1:1:0,mbpp,3a1aaa18c3a5e454daf1c284d15e76d7256ddfb519adef16cc9ae2f49112ce20,False,actuator_answer,0.1,-0.8970900177955627,-0.6470900177955627,False,True
2438,mbpp_867:1:1:0,mbpp,3a1aaa18c3a5e454daf1c284d15e76d7256ddfb519adef16cc9ae2f49112ce20,False,actuator_answer,0.2,-0.7881132364273071,-0.7881132364273071,False,True
2438,mbpp_867:1:1:0,mbpp,3a1aaa18c3a5e454daf1c284d15e76d7256ddfb519adef16cc9ae2f49112ce20,False,actuator_answer,0.4,-0.08871104568243027,-6.838711261749268,True,False
2438,mbpp_867:1:1:0,mbpp,3a1aaa18c3a5e454daf1c284d15e76d7256ddfb519adef16cc9ae2f49112ce20,False,actuator_answer,0.8,0.0,-38.40625,True,False
2441,mbpp_867:2:1:0,mbpp,3a1aaa18c3a5e454daf1c284d15e76d7256ddfb519adef16cc9ae2f49112ce20,False,baseline,0.0,-1.3706331253051758,-0.37063315510749817,False,True
2441,mbpp_867:2:1:0,mbpp,3a1aaa18c3a5e454daf1c284d15e76d7256ddfb519adef16cc9ae2f49112ce20,False,if_true,0.05,-1.1865084171295166,-0.4365083873271942,False,True
2441,mbpp_867:2:1:0,mbpp,3a1aaa18c3a5e454daf1c284d15e76d7256ddfb519adef16cc9ae2f49112ce20,False,if_true,0.1,-1.1899718046188354,-0.43997180461883545,False,True
2441,mbpp_867:2:1:0,mbpp,3a1aaa18c3a5e454daf1c284d15e76d7256ddfb519adef16cc9ae2f49112ce20,False,if_true,0.2,-1.0285505056381226,-0.5285505056381226,False,True
2441,mbpp_867:2:1:0,mbpp,3a1aaa18c3a5e454daf1c284d15e76d7256ddfb519adef16cc9ae2f49112ce20,False,if_true,0.4,-1.0408250093460083,-0.5408250093460083,False,True
2441,mbpp_867:2:1:0,mbpp,3a1aaa18c3a5e454daf1c284d15e76d7256ddfb519adef16cc9ae2f49112ce20,False,if_true,0.8,-1.1942975521087646,-0.4442976117134094,False,True
2441,mbpp_867:2:1:0,mbpp,3a1aaa18c3a5e454daf1c284d15e76d7256ddfb519adef16cc9ae2f49112ce20,False,if_away,0.05,-1.3770372867584229,-0.37703731656074524,False,True
2441,mbpp_867:2:1:0,mbpp,3a1aaa18c3a5e454daf1c284d15e76d7256ddfb519adef16cc9ae2f49112ce20,False,if_away,0.1,-1.3652095794677734,-0.36520957946777344,False,True
2441,mbpp_867:2:1:0,mbpp,3a1aaa18c3a5e454daf1c284d15e76d7256ddfb519adef16cc9ae2f49112ce20,False,if_away,0.2,-1.556427001953125,-0.3064269423484802,False,True
2441,mbpp_867:2:1:0,mbpp,3a1aaa18c3a5e454daf1c284d15e76d7256ddfb519adef16cc9ae2f49112ce20,False,if_away,0.4,-1.7531636953353882,-0.25316372513771057,False,True
2441,mbpp_867:2:1:0,mbpp,3a1aaa18c3a5e454daf1c284d15e76d7256ddfb519adef16cc9ae2f49112ce20,False,if_away,0.8,-1.7521358728408813,-0.25213584303855896,False,True
2441,mbpp_867:2:1:0,mbpp,3a1aaa18c3a5e454daf1c284d15e76d7256ddfb519adef16cc9ae2f49112ce20,False,answer_true,0.05,-1.1979966163635254,-0.4479966163635254,False,True
2441,mbpp_867:2:1:0,mbpp,3a1aaa18c3a5e454daf1c284d15e76d7256ddfb519adef16cc9ae2f49112ce20,False,answer_true,0.1,-1.2062708139419556,-0.45627081394195557,False,True
2441,mbpp_867:2:1:0,mbpp,3a1aaa18c3a5e454daf1c284d15e76d7256ddfb519adef16cc9ae2f49112ce20,False,answer_true,0.2,-1.2497777938842773,-0.49977782368659973,False,True
2441,mbpp_867:2:1:0,mbpp,3a1aaa18c3a5e454daf1c284d15e76d7256ddfb519adef16cc9ae2f49112ce20,False,answer_true,0.4,-1.8486392498016357,-0.34863924980163574,False,True
2441,mbpp_867:2:1:0,mbpp,3a1aaa18c3a5e454daf1c284d15e76d7256ddfb519adef16cc9ae2f49112ce20,False,answer_true,0.8,-4.287513732910156,-2.8812637329101562,False,False
2441,mbpp_867:2:1:0,mbpp,3a1aaa18c3a5e454daf1c284d15e76d7256ddfb519adef16cc9ae2f49112ce20,False,answer_away,0.05,-1.3612192869186401,-0.3612193167209625,False,True
2441,mbpp_867:2:1:0,mbpp,3a1aaa18c3a5e454daf1c284d15e76d7256ddfb519adef16cc9ae2f49112ce20,False,answer_away,0.1,-1.3581405878067017,-0.3581405580043793,False,True
2441,mbpp_867:2:1:0,mbpp,3a1aaa18c3a5e454daf1c284d15e76d7256ddfb519adef16cc9ae2f49112ce20,False,answer_away,0.2,-1.352738380432129,-0.3527384102344513,False,True
2441,mbpp_867:2:1:0,mbpp,3a1aaa18c3a5e454daf1c284d15e76d7256ddfb519adef16cc9ae2f49112ce20,False,answer_away,0.4,-1.2177159786224365,-0.4677160084247589,False,True
2441,mbpp_867:2:1:0,mbpp,3a1aaa18c3a5e454daf1c284d15e76d7256ddfb519adef16cc9ae2f49112ce20,False,answer_away,0.8,-4.036128520965576,-7.098628520965576,False,False
2441,mbpp_867:2:1:0,mbpp,3a1aaa18c3a5e454daf1c284d15e76d7256ddfb519adef16cc9ae2f49112ce20,False,random_if,0.05,-1.363828420639038,-0.3638283908367157,False,True
2441,mbpp_867:2:1:0,mbpp,3a1aaa18c3a5e454daf1c284d15e76d7256ddfb519adef16cc9ae2f49112ce20,False,random_if,0.1,-1.3605079650878906,-0.36050790548324585,False,True
2441,mbpp_867:2:1:0,mbpp,3a1aaa18c3a5e454daf1c284d15e76d7256ddfb519adef16cc9ae2f49112ce20,False,random_if,0.2,-1.363254427909851,-0.3632543981075287,False,True
2441,mbpp_867:2:1:0,mbpp,3a1aaa18c3a5e454daf1c284d15e76d7256ddfb519adef16cc9ae2f49112ce20,False,random_if,0.4,-1.3698155879974365,-0.3698156177997589,False,True
2441,mbpp_867:2:1:0,mbpp,3a1aaa18c3a5e454daf1c284d15e76d7256ddfb519adef16cc9ae2f49112ce20,False,random_if,0.8,-1.3703632354736328,-0.3703632950782776,False,True
2441,mbpp_867:2:1:0,mbpp,3a1aaa18c3a5e454daf1c284d15e76d7256ddfb519adef16cc9ae2f49112ce20,False,random_answer,0.05,-1.1904618740081787,-0.4404619038105011,False,True
2441,mbpp_867:2:1:0,mbpp,3a1aaa18c3a5e454daf1c284d15e76d7256ddfb519adef16cc9ae2f49112ce20,False,random_answer,0.1,-1.1907179355621338,-0.4407179653644562,False,True
2441,mbpp_867:2:1:0,mbpp,3a1aaa18c3a5e454daf1c284d15e76d7256ddfb519adef16cc9ae2f49112ce20,False,random_answer,0.2,-1.1983805894851685,-0.44838055968284607,False,True
2441,mbpp_867:2:1:0,mbpp,3a1aaa18c3a5e454daf1c284d15e76d7256ddfb519adef16cc9ae2f49112ce20,False,random_answer,0.4,-0.9051095843315125,-0.6551095843315125,False,True
2441,mbpp_867:2:1:0,mbpp,3a1aaa18c3a5e454daf1c284d15e76d7256ddfb519adef16cc9ae2f49112ce20,False,random_answer,0.8,-1.7755911350250244,-0.6505911350250244,False,True
2441,mbpp_867:2:1:0,mbpp,3a1aaa18c3a5e454daf1c284d15e76d7256ddfb519adef16cc9ae2f49112ce20,False,shuffled_if,0.05,-1.1903870105743408,-0.4403870105743408,False,True
2441,mbpp_867:2:1:0,mbpp,3a1aaa18c3a5e454daf1c284d15e76d7256ddfb519adef16cc9ae2f49112ce20,False,shuffled_if,0.1,-1.3697896003723145,-0.36978965997695923,False,True
2441,mbpp_867:2:1:0,mbpp,3a1aaa18c3a5e454daf1c284d15e76d7256ddfb519adef16cc9ae2f49112ce20,False,shuffled_if,0.2,-1.3580892086029053,-0.3580892086029053,False,True
2441,mbpp_867:2:1:0,mbpp,3a1aaa18c3a5e454daf1c284d15e76d7256ddfb519adef16cc9ae2f49112ce20,False,shuffled_if,0.4,-1.5490578413009644,-0.29905784130096436,False,True
2441,mbpp_867:2:1:0,mbpp,3a1aaa18c3a5e454daf1c284d15e76d7256ddfb519adef16cc9ae2f49112ce20,False,shuffled_if,0.8,-1.3522669076919556,-0.3522668778896332,False,True
2441,mbpp_867:2:1:0,mbpp,3a1aaa18c3a5e454daf1c284d15e76d7256ddfb519adef16cc9ae2f49112ce20,False,actuator_answer,0.05,-1.1912345886230469,-0.44123461842536926,False,True
2441,mbpp_867:2:1:0,mbpp,3a1aaa18c3a5e454daf1c284d15e76d7256ddfb519adef16cc9ae2f49112ce20,False,actuator_answer,0.1,-1.1923706531524658,-0.4423706829547882,False,True
2441,mbpp_867:2:1:0,mbpp,3a1aaa18c3a5e454daf1c284d15e76d7256ddfb519adef16cc9ae2f49112ce20,False,actuator_answer,0.2,-0.8934954404830933,-0.6434954404830933,False,True
2441,mbpp_867:2:1:0,mbpp,3a1aaa18c3a5e454daf1c284d15e76d7256ddfb519adef16cc9ae2f49112ce20,False,actuator_answer,0.4,-0.07400362938642502,-7.19900369644165,True,False
2441,mbpp_867:2:1:0,mbpp,3a1aaa18c3a5e454daf1c284d15e76d7256ddfb519adef16cc9ae2f49112ce20,False,actuator_answer,0.8,0.0,-38.84375,True,False
2445,mbpp_871:2:0:1,mbpp,93d3bd0a8af3006643ad2ff0bd9954a931ecf682e417eec09d47dce6b1a5a9cc,True,baseline,0.0,-1.5105109214782715,-0.38551095128059387,False,True
2445,mbpp_871:2:0:1,mbpp,93d3bd0a8af3006643ad2ff0bd9954a931ecf682e417eec09d47dce6b1a5a9cc,True,if_true,0.05,-1.5068410634994507,-0.38184109330177307,False,True
2445,mbpp_871:2:0:1,mbpp,93d3bd0a8af3006643ad2ff0bd9954a931ecf682e417eec09d47dce6b1a5a9cc,True,if_true,0.1,-1.5067570209503174,-0.3817569613456726,False,True
2445,mbpp_871:2:0:1,mbpp,93d3bd0a8af3006643ad2ff0bd9954a931ecf682e417eec09d47dce6b1a5a9cc,True,if_true,0.2,-1.5080374479293823,-0.3830374777317047,False,True
2445,mbpp_871:2:0:1,mbpp,93d3bd0a8af3006643ad2ff0bd9954a931ecf682e417eec09d47dce6b1a5a9cc,True,if_true,0.4,-1.5113797187805176,-0.3863796889781952,False,True
2445,mbpp_871:2:0:1,mbpp,93d3bd0a8af3006643ad2ff0bd9954a931ecf682e417eec09d47dce6b1a5a9cc,True,if_true,0.8,-1.421337366104126,-0.42133739590644836,False,True
2445,mbpp_871:2:0:1,mbpp,93d3bd0a8af3006643ad2ff0bd9954a931ecf682e417eec09d47dce6b1a5a9cc,True,if_away,0.05,-1.5074955224990845,-0.38249555230140686,False,True
2445,mbpp_871:2:0:1,mbpp,93d3bd0a8af3006643ad2ff0bd9954a931ecf682e417eec09d47dce6b1a5a9cc,True,if_away,0.1,-1.5079022645950317,-0.3829022943973541,False,True
2445,mbpp_871:2:0:1,mbpp,93d3bd0a8af3006643ad2ff0bd9954a931ecf682e417eec09d47dce6b1a5a9cc,True,if_away,0.2,-1.5068728923797607,-0.38187292218208313,False,True
2445,mbpp_871:2:0:1,mbpp,93d3bd0a8af3006643ad2ff0bd9954a931ecf682e417eec09d47dce6b1a5a9cc,True,if_away,0.4,-1.5054457187652588,-0.3804457187652588,False,True
2445,mbpp_871:2:0:1,mbpp,93d3bd0a8af3006643ad2ff0bd9954a931ecf682e417eec09d47dce6b1a5a9cc,True,if_away,0.8,-1.5913690328598022,-0.34136906266212463,False,True
2445,mbpp_871:2:0:1,mbpp,93d3bd0a8af3006643ad2ff0bd9954a931ecf682e417eec09d47dce6b1a5a9cc,True,answer_true,0.05,-1.4866414070129395,-0.36164137721061707,False,True
2445,mbpp_871:2:0:1,mbpp,93d3bd0a8af3006643ad2ff0bd9954a931ecf682e417eec09d47dce6b1a5a9cc,True,answer_true,0.1,-1.570453405380249,-0.320453405380249,False,True
2445,mbpp_871:2:0:1,mbpp,93d3bd0a8af3006643ad2ff0bd9954a931ecf682e417eec09d47dce6b1a5a9cc,True,answer_true,0.2,-1.7465952634811401,-0.24659524857997894,False,True
2445,mbpp_871:2:0:1,mbpp,93d3bd0a8af3006643ad2ff0bd9954a931ecf682e417eec09d47dce6b1a5a9cc,True,answer_true,0.4,-4.18491792678833,-0.12241773307323456,False,True
2445,mbpp_871:2:0:1,mbpp,93d3bd0a8af3006643ad2ff0bd9954a931ecf682e417eec09d47dce6b1a5a9cc,True,answer_true,0.8,-11.198543548583984,-10.768856048583984,False,False
2445,mbpp_871:2:0:1,mbpp,93d3bd0a8af3006643ad2ff0bd9954a931ecf682e417eec09d47dce6b1a5a9cc,True,answer_away,0.05,-1.524017095565796,-0.3990170657634735,False,True
2445,mbpp_871:2:0:1,mbpp,93d3bd0a8af3006643ad2ff0bd9954a931ecf682e417eec09d47dce6b1a5a9cc,True,answer_away,0.1,-1.5015137195587158,-0.4390137791633606,False,True
2445,mbpp_871:2:0:1,mbpp,93d3bd0a8af3006643ad2ff0bd9954a931ecf682e417eec09d47dce6b1a5a9cc,True,answer_away,0.2,-1.6370856761932373,-0.4808356463909149,False,True
2445,mbpp_871:2:0:1,mbpp,93d3bd0a8af3006643ad2ff0bd9954a931ecf682e417eec09d47dce6b1a5a9cc,True,answer_away,0.4,-2.133969306945801,-0.8781098127365112,False,True
2445,mbpp_871:2:0:1,mbpp,93d3bd0a8af3006643ad2ff0bd9954a931ecf682e417eec09d47dce6b1a5a9cc,True,answer_away,0.8,-5.983726501464844,-5.686851501464844,False,False
2445,mbpp_871:2:0:1,mbpp,93d3bd0a8af3006643ad2ff0bd9954a931ecf682e417eec09d47dce6b1a5a9cc,True,random_if,0.05,-1.501258134841919,-0.3762581944465637,False,True
2445,mbpp_871:2:0:1,mbpp,93d3bd0a8af3006643ad2ff0bd9954a931ecf682e417eec09d47dce6b1a5a9cc,True,random_if,0.1,-1.5081520080566406,-0.3831520676612854,False,True
2445,mbpp_871:2:0:1,mbpp,93d3bd0a8af3006643ad2ff0bd9954a931ecf682e417eec09d47dce6b1a5a9cc,True,random_if,0.2,-1.5086008310317993,-0.3836008608341217,False,True
2445,mbpp_871:2:0:1,mbpp,93d3bd0a8af3006643ad2ff0bd9954a931ecf682e417eec09d47dce6b1a5a9cc,True,random_if,0.4,-1.4160329103469849,-0.41603291034698486,False,True
2445,mbpp_871:2:0:1,mbpp,93d3bd0a8af3006643ad2ff0bd9954a931ecf682e417eec09d47dce6b1a5a9cc,True,random_if,0.8,-1.5101699829101562,-0.38516995310783386,False,True
2445,mbpp_871:2:0:1,mbpp,93d3bd0a8af3006643ad2ff0bd9954a931ecf682e417eec09d47dce6b1a5a9cc,True,random_answer,0.05,-1.593849778175354,-0.343849778175354,False,True
2445,mbpp_871:2:0:1,mbpp,93d3bd0a8af3006643ad2ff0bd9954a931ecf682e417eec09d47dce6b1a5a9cc,True,random_answer,0.1,-1.5887205600738525,-0.3387206196784973,False,True
2445,mbpp_871:2:0:1,mbpp,93d3bd0a8af3006643ad2ff0bd9954a931ecf682e417eec09d47dce6b1a5a9cc,True,random_answer,0.2,-1.6721363067626953,-0.2971363067626953,False,True
2445,mbpp_871:2:0:1,mbpp,93d3bd0a8af3006643ad2ff0bd9954a931ecf682e417eec09d47dce6b1a5a9cc,True,random_answer,0.4,-1.8702476024627686,-0.24524757266044617,False,True
2445,mbpp_871:2:0:1,mbpp,93d3bd0a8af3006643ad2ff0bd9954a931ecf682e417eec09d47dce6b1a5a9cc,True,random_answer,0.8,-3.7986788749694824,-2.6736788749694824,False,False
2445,mbpp_871:2:0:1,mbpp,93d3bd0a8af3006643ad2ff0bd9954a931ecf682e417eec09d47dce6b1a5a9cc,True,shuffled_if,0.05,-1.5080116987228394,-0.38301169872283936,False,True
2445,mbpp_871:2:0:1,mbpp,93d3bd0a8af3006643ad2ff0bd9954a931ecf682e417eec09d47dce6b1a5a9cc,True,shuffled_if,0.1,-1.507796049118042,-0.382796049118042,False,True
2445,mbpp_871:2:0:1,mbpp,93d3bd0a8af3006643ad2ff0bd9954a931ecf682e417eec09d47dce6b1a5a9cc,True,shuffled_if,0.2,-1.5103485584259033,-0.38534852862358093,False,True
2445,mbpp_871:2:0:1,mbpp,93d3bd0a8af3006643ad2ff0bd9954a931ecf682e417eec09d47dce6b1a5a9cc,True,shuffled_if,0.4,-1.5033066272735596,-0.37830662727355957,False,True
2445,mbpp_871:2:0:1,mbpp,93d3bd0a8af3006643ad2ff0bd9954a931ecf682e417eec09d47dce6b1a5a9cc,True,shuffled_if,0.8,-1.5121023654937744,-0.3871023952960968,False,True
2445,mbpp_871:2:0:1,mbpp,93d3bd0a8af3006643ad2ff0bd9954a931ecf682e417eec09d47dce6b1a5a9cc,True,actuator_answer,0.05,-0.6853640675544739,-0.9353640675544739,True,False
2445,mbpp_871:2:0:1,mbpp,93d3bd0a8af3006643ad2ff0bd9954a931ecf682e417eec09d47dce6b1a5a9cc,True,actuator_answer,0.1,-0.2460511475801468,-1.9960511922836304,True,False
2445,mbpp_871:2:0:1,mbpp,93d3bd0a8af3006643ad2ff0bd9954a931ecf682e417eec09d47dce6b1a5a9cc,True,actuator_answer,0.2,-0.05300464108586311,-5.803004741668701,True,False
2445,mbpp_871:2:0:1,mbpp,93d3bd0a8af3006643ad2ff0bd9954a931ecf682e417eec09d47dce6b1a5a9cc,True,actuator_answer,0.4,-0.12927360832691193,-20.410524368286133,True,False
2445,mbpp_871:2:0:1,mbpp,93d3bd0a8af3006643ad2ff0bd9954a931ecf682e417eec09d47dce6b1a5a9cc,True,actuator_answer,0.8,-0.28250449895858765,-76.53250122070312,True,False
2447,mbpp_871:2:1:1,mbpp,93d3bd0a8af3006643ad2ff0bd9954a931ecf682e417eec09d47dce6b1a5a9cc,False,baseline,0.0,-1.6020437479019165,-0.3520437479019165,False,True
2447,mbpp_871:2:1:1,mbpp,93d3bd0a8af3006643ad2ff0bd9954a931ecf682e417eec09d47dce6b1a5a9cc,False,if_true,0.05,-1.507962942123413,-0.3829629421234131,False,True
2447,mbpp_871:2:1:1,mbpp,93d3bd0a8af3006643ad2ff0bd9954a931ecf682e417eec09d47dce6b1a5a9cc,False,if_true,0.1,-1.4222123622894287,-0.4222123920917511,False,True
2447,mbpp_871:2:1:1,mbpp,93d3bd0a8af3006643ad2ff0bd9954a931ecf682e417eec09d47dce6b1a5a9cc,False,if_true,0.2,-1.4227070808410645,-0.42270714044570923,False,True
2447,mbpp_871:2:1:1,mbpp,93d3bd0a8af3006643ad2ff0bd9954a931ecf682e417eec09d47dce6b1a5a9cc,False,if_true,0.4,-1.2425041198730469,-0.49250417947769165,False,True
2447,mbpp_871:2:1:1,mbpp,93d3bd0a8af3006643ad2ff0bd9954a931ecf682e417eec09d47dce6b1a5a9cc,False,if_true,0.8,-0.9164324998855591,-0.6664324998855591,False,True
2447,mbpp_871:2:1:1,mbpp,93d3bd0a8af3006643ad2ff0bd9954a931ecf682e417eec09d47dce6b1a5a9cc,False,if_away,0.05,-1.6047005653381348,-0.35470059514045715,False,True
2447,mbpp_871:2:1:1,mbpp,93d3bd0a8af3006643ad2ff0bd9954a931ecf682e417eec09d47dce6b1a5a9cc,False,if_away,0.1,-1.6034308671951294,-0.3534308969974518,False,True
2447,mbpp_871:2:1:1,mbpp,93d3bd0a8af3006643ad2ff0bd9954a931ecf682e417eec09d47dce6b1a5a9cc,False,if_away,0.2,-1.5996736288070679,-0.34967362880706787,False,True
2447,mbpp_871:2:1:1,mbpp,93d3bd0a8af3006643ad2ff0bd9954a931ecf682e417eec09d47dce6b1a5a9cc,False,if_away,0.4,-1.5179673433303833,-0.3929673135280609,False,True
2447,mbpp_871:2:1:1,mbpp,93d3bd0a8af3006643ad2ff0bd9954a931ecf682e417eec09d47dce6b1a5a9cc,False,if_away,0.8,-1.4365676641464233,-0.4365676939487457,False,True
2447,mbpp_871:2:1:1,mbpp,93d3bd0a8af3006643ad2ff0bd9954a931ecf682e417eec09d47dce6b1a5a9cc,False,answer_true,0.05,-1.5698049068450928,-0.3823049068450928,False,True
2447,mbpp_871:2:1:1,mbpp,93d3bd0a8af3006643ad2ff0bd9954a931ecf682e417eec09d47dce6b1a5a9cc,False,answer_true,0.1,-1.5496373176574707,-0.4246373474597931,False,True
2447,mbpp_871:2:1:1,mbpp,93d3bd0a8af3006643ad2ff0bd9954a931ecf682e417eec09d47dce6b1a5a9cc,False,answer_true,0.2,-1.6454938650131226,-0.5048688650131226,False,True
2447,mbpp_871:2:1:1,mbpp,93d3bd0a8af3006643ad2ff0bd9954a931ecf682e417eec09d47dce6b1a5a9cc,False,answer_true,0.4,-2.1548333168029785,-0.904833197593689,False,True
2447,mbpp_871:2:1:1,mbpp,93d3bd0a8af3006643ad2ff0bd9954a931ecf682e417eec09d47dce6b1a5a9cc,False,answer_true,0.8,-5.996707916259766,-5.731082916259766,False,False
2447,mbpp_871:2:1:1,mbpp,93d3bd0a8af3006643ad2ff0bd9954a931ecf682e417eec09d47dce6b1a5a9cc,False,answer_away,0.05,-1.4952014684677124,-0.3702014684677124,False,True
2447,mbpp_871:2:1:1,mbpp,93d3bd0a8af3006643ad2ff0bd9954a931ecf682e417eec09d47dce6b1a5a9cc,False,answer_away,0.1,-1.577629566192627,-0.32762953639030457,False,True
2447,mbpp_871:2:1:1,mbpp,93d3bd0a8af3006643ad2ff0bd9954a931ecf682e417eec09d47dce6b1a5a9cc,False,answer_away,0.2,-1.8538451194763184,-0.22884511947631836,False,True
2447,mbpp_871:2:1:1,mbpp,93d3bd0a8af3006643ad2ff0bd9954a931ecf682e417eec09d47dce6b1a5a9cc,False,answer_away,0.4,-4.069423675537109,-0.13192389905452728,False,True
2447,mbpp_871:2:1:1,mbpp,93d3bd0a8af3006643ad2ff0bd9954a931ecf682e417eec09d47dce6b1a5a9cc,False,answer_away,0.8,-11.195265769958496,-10.781203269958496,False,False
2447,mbpp_871:2:1:1,mbpp,93d3bd0a8af3006643ad2ff0bd9954a931ecf682e417eec09d47dce6b1a5a9cc,False,random_if,0.05,-1.6014018058776855,-0.35140177607536316,False,True
2447,mbpp_871:2:1:1,mbpp,93d3bd0a8af3006643ad2ff0bd9954a931ecf682e417eec09d47dce6b1a5a9cc,False,random_if,0.1,-1.506575345993042,-0.38157540559768677,False,True
2447,mbpp_871:2:1:1,mbpp,93d3bd0a8af3006643ad2ff0bd9954a931ecf682e417eec09d47dce6b1a5a9cc,False,random_if,0.2,-1.5146968364715576,-0.3896968960762024,False,True
2447,mbpp_871:2:1:1,mbpp,93d3bd0a8af3006643ad2ff0bd9954a931ecf682e417eec09d47dce6b1a5a9cc,False,random_if,0.4,-1.517861247062683,-0.3928612470626831,False,True
2447,mbpp_871:2:1:1,mbpp,93d3bd0a8af3006643ad2ff0bd9954a931ecf682e417eec09d47dce6b1a5a9cc,False,random_if,0.8,-1.4332118034362793,-0.4332118034362793,False,True
2447,mbpp_871:2:1:1,mbpp,93d3bd0a8af3006643ad2ff0bd9954a931ecf682e417eec09d47dce6b1a5a9cc,False,random_answer,0.05,-1.4240528345108032,-0.4240528345108032,False,True
2447,mbpp_871:2:1:1,mbpp,93d3bd0a8af3006643ad2ff0bd9954a931ecf682e417eec09d47dce6b1a5a9cc,False,random_answer,0.1,-1.4252653121948242,-0.4252653121948242,False,True
2447,mbpp_871:2:1:1,mbpp,93d3bd0a8af3006643ad2ff0bd9954a931ecf682e417eec09d47dce6b1a5a9cc,False,random_answer,0.2,-1.521104335784912,-0.39610427618026733,False,True
2447,mbpp_871:2:1:1,mbpp,93d3bd0a8af3006643ad2ff0bd9954a931ecf682e417eec09d47dce6b1a5a9cc,False,random_answer,0.4,-1.5460234880447388,-0.42102351784706116,False,True
2447,mbpp_871:2:1:1,mbpp,93d3bd0a8af3006643ad2ff0bd9954a931ecf682e417eec09d47dce6b1a5a9cc,False,random_answer,0.8,-1.2280278205871582,-0.790527880191803,False,True
2447,mbpp_871:2:1:1,mbpp,93d3bd0a8af3006643ad2ff0bd9954a931ecf682e417eec09d47dce6b1a5a9cc,False,shuffled_if,0.05,-1.604426383972168,-0.35442641377449036,False,True
2447,mbpp_871:2:1:1,mbpp,93d3bd0a8af3006643ad2ff0bd9954a931ecf682e417eec09d47dce6b1a5a9cc,False,shuffled_if,0.1,-1.5075836181640625,-0.3825835883617401,False,True
2447,mbpp_871:2:1:1,mbpp,93d3bd0a8af3006643ad2ff0bd9954a931ecf682e417eec09d47dce6b1a5a9cc,False,shuffled_if,0.2,-1.431429386138916,-0.4314294159412384,False,True
2447,mbpp_871:2:1:1,mbpp,93d3bd0a8af3006643ad2ff0bd9954a931ecf682e417eec09d47dce6b1a5a9cc,False,shuffled_if,0.4,-1.3362139463424683,-0.46121397614479065,False,True
2447,mbpp_871:2:1:1,mbpp,93d3bd0a8af3006643ad2ff0bd9954a931ecf682e417eec09d47dce6b1a5a9cc,False,shuffled_if,0.8,-1.0879013538360596,-0.5879012942314148,False,True
2447,mbpp_871:2:1:1,mbpp,93d3bd0a8af3006643ad2ff0bd9954a931ecf682e417eec09d47dce6b1a5a9cc,False,actuator_answer,0.05,-0.7419396638870239,-0.8669396638870239,True,False
2447,mbpp_871:2:1:1,mbpp,93d3bd0a8af3006643ad2ff0bd9954a931ecf682e417eec09d47dce6b1a5a9cc,False,actuator_answer,0.1,-0.27981147170066833,-1.9048115015029907,True,False
2447,mbpp_871:2:1:1,mbpp,93d3bd0a8af3006643ad2ff0bd9954a931ecf682e417eec09d47dce6b1a5a9cc,False,actuator_answer,0.2,-0.058929458260536194,-5.808929443359375,True,False
2447,mbpp_871:2:1:1,mbpp,93d3bd0a8af3006643ad2ff0bd9954a931ecf682e417eec09d47dce6b1a5a9cc,False,actuator_answer,0.4,-0.12129803001880646,-20.49629783630371,True,False
2447,mbpp_871:2:1:1,mbpp,93d3bd0a8af3006643ad2ff0bd9954a931ecf682e417eec09d47dce6b1a5a9cc,False,actuator_answer,0.8,-0.2825055718421936,-76.53250885009766,True,False
2448,mbpp_871:2:1:2,mbpp,93d3bd0a8af3006643ad2ff0bd9954a931ecf682e417eec09d47dce6b1a5a9cc,False,baseline,0.0,-1.502320647239685,-0.37732064723968506,False,True
2448,mbpp_871:2:1:2,mbpp,93d3bd0a8af3006643ad2ff0bd9954a931ecf682e417eec09d47dce6b1a5a9cc,False,if_true,0.05,-1.5111396312713623,-0.38613957166671753,False,True
2448,mbpp_871:2:1:2,mbpp,93d3bd0a8af3006643ad2ff0bd9954a931ecf682e417eec09d47dce6b1a5a9cc,False,if_true,0.1,-1.4216967821121216,-0.4216967523097992,False,True
2448,mbpp_871:2:1:2,mbpp,93d3bd0a8af3006643ad2ff0bd9954a931ecf682e417eec09d47dce6b1a5a9cc,False,if_true,0.2,-1.328730821609497,-0.4537307918071747,False,True
2448,mbpp_871:2:1:2,mbpp,93d3bd0a8af3006643ad2ff0bd9954a931ecf682e417eec09d47dce6b1a5a9cc,False,if_true,0.4,-1.2399401664733887,-0.4899401068687439,False,True
2448,mbpp_871:2:1:2,mbpp,93d3bd0a8af3006643ad2ff0bd9954a931ecf682e417eec09d47dce6b1a5a9cc,False,if_true,0.8,-0.9135373830795288,-0.6635373830795288,False,True
2448,mbpp_871:2:1:2,mbpp,93d3bd0a8af3006643ad2ff0bd9954a931ecf682e417eec09d47dce6b1a5a9cc,False,if_away,0.05,-1.5014979839324951,-0.3764980137348175,False,True
2448,mbpp_871:2:1:2,mbpp,93d3bd0a8af3006643ad2ff0bd9954a931ecf682e417eec09d47dce6b1a5a9cc,False,if_away,0.1,-1.5092681646347046,-0.384268194437027,False,True
2448,mbpp_871:2:1:2,mbpp,93d3bd0a8af3006643ad2ff0bd9954a931ecf682e417eec09d47dce6b1a5a9cc,False,if_away,0.2,-1.6055558919906616,-0.355555921792984,False,True
2448,mbpp_871:2:1:2,mbpp,93d3bd0a8af3006643ad2ff0bd9954a931ecf682e417eec09d47dce6b1a5a9cc,False,if_away,0.4,-1.6079585552215576,-0.3579585552215576,False,True
2448,mbpp_871:2:1:2,mbpp,93d3bd0a8af3006643ad2ff0bd9954a931ecf682e417eec09d47dce6b1a5a9cc,False,if_away,0.8,-1.4416227340698242,-0.44162270426750183,False,True
2448,mbpp_871:2:1:2,mbpp,93d3bd0a8af3006643ad2ff0bd9954a931ecf682e417eec09d47dce6b1a5a9cc,False,answer_true,0.05,-1.4381358623504639,-0.43813592195510864,False,True
2448,mbpp_871:2:1:2,mbpp,93d3bd0a8af3006643ad2ff0bd9954a931ecf682e417eec09d47dce6b1a5a9cc,False,answer_true,0.1,-1.508738398551941,-0.4462384283542633,False,True
2448,mbpp_871:2:1:2,mbpp,93d3bd0a8af3006643ad2ff0bd9954a931ecf682e417eec09d47dce6b1a5a9cc,False,answer_true,0.2,-1.6352723836898804,-0.49464738368988037,False,True
2448,mbpp_871:2:1:2,mbpp,93d3bd0a8af3006643ad2ff0bd9954a931ecf682e417eec09d47dce6b1a5a9cc,False,answer_true,0.4,-2.1098403930664062,-0.8930433988571167,False,True
2448,mbpp_871:2:1:2,mbpp,93d3bd0a8af3006643ad2ff0bd9954a931ecf682e417eec09d47dce6b1a5a9cc,False,answer_true,0.8,-5.9959516525268555,-5.7147016525268555,False,False
2448,mbpp_871:2:1:2,mbpp,93d3bd0a8af3006643ad2ff0bd9954a931ecf682e417eec09d47dce6b1a5a9cc,False,answer_away,0.05,-1.4929169416427612,-0.3679169714450836,False,True
2448,mbpp_871:2:1:2,mbpp,93d3bd0a8af3006643ad2ff0bd9954a931ecf682e417eec09d47dce6b1a5a9cc,False,answer_away,0.1,-1.5675814151763916,-0.3175814151763916,False,True
2448,mbpp_871:2:1:2,mbpp,93d3bd0a8af3006643ad2ff0bd9954a931ecf682e417eec09d47dce6b1a5a9cc,False,answer_away,0.2,-1.7488466501235962,-0.248846635222435,False,True
2448,mbpp_871:2:1:2,mbpp,93d3bd0a8af3006643ad2ff0bd9954a931ecf682e417eec09d47dce6b1a5a9cc,False,answer_away,0.4,-4.200589179992676,-0.13808900117874146,False,True
2448,mbpp_871:2:1:2,mbpp,93d3bd0a8af3006643ad2ff0bd9954a931ecf682e417eec09d47dce6b1a5a9cc,False,answer_away,0.8,-11.21120548248291,-10.73464298248291,False,False
2448,mbpp_871:2:1:2,mbpp,93d3bd0a8af3006643ad2ff0bd9954a931ecf682e417eec09d47dce6b1a5a9cc,False,random_if,0.05,-1.512065052986145,-0.3870650827884674,False,True
2448,mbpp_871:2:1:2,mbpp,93d3bd0a8af3006643ad2ff0bd9954a931ecf682e417eec09d47dce6b1a5a9cc,False,random_if,0.1,-1.5099427700042725,-0.3849427103996277,False,True
2448,mbpp_871:2:1:2,mbpp,93d3bd0a8af3006643ad2ff0bd9954a931ecf682e417eec09d47dce6b1a5a9cc,False,random_if,0.2,-1.5053627490997314,-0.38036277890205383,False,True
2448,mbpp_871:2:1:2,mbpp,93d3bd0a8af3006643ad2ff0bd9954a931ecf682e417eec09d47dce6b1a5a9cc,False,random_if,0.4,-1.4231493473052979,-0.42314931750297546,False,True
2448,mbpp_871:2:1:2,mbpp,93d3bd0a8af3006643ad2ff0bd9954a931ecf682e417eec09d47dce6b1a5a9cc,False,random_if,0.8,-1.3284690380096436,-0.4534689784049988,False,True
2448,mbpp_871:2:1:2,mbpp,93d3bd0a8af3006643ad2ff0bd9954a931ecf682e417eec09d47dce6b1a5a9cc,False,random_answer,0.05,-1.6020922660827637,-0.3520922064781189,False,True
2448,mbpp_871:2:1:2,mbpp,93d3bd0a8af3006643ad2ff0bd9954a931ecf682e417eec09d47dce6b1a5a9cc,False,random_answer,0.1,-1.5934580564498901,-0.34345802664756775,False,True
2448,mbpp_871:2:1:2,mbpp,93d3bd0a8af3006643ad2ff0bd9954a931ecf682e417eec09d47dce6b1a5a9cc,False,random_answer,0.2,-1.5973175764083862,-0.3473176062107086,False,True
2448,mbpp_871:2:1:2,mbpp,93d3bd0a8af3006643ad2ff0bd9954a931ecf682e417eec09d47dce6b1a5a9cc,False,random_answer,0.4,-1.7019498348236084,-0.3269498944282532,False,True
2448,mbpp_871:2:1:2,mbpp,93d3bd0a8af3006643ad2ff0bd9954a931ecf682e417eec09d47dce6b1a5a9cc,False,random_answer,0.8,-3.8055667877197266,-2.9305667877197266,False,False
2448,mbpp_871:2:1:2,mbpp,93d3bd0a8af3006643ad2ff0bd9954a931ecf682e417eec09d47dce6b1a5a9cc,False,shuffled_if,0.05,-1.50856614112854,-0.38356611132621765,False,True
2448,mbpp_871:2:1:2,mbpp,93d3bd0a8af3006643ad2ff0bd9954a931ecf682e417eec09d47dce6b1a5a9cc,False,shuffled_if,0.1,-1.511049509048462,-0.38604944944381714,False,True
2448,mbpp_871:2:1:2,mbpp,93d3bd0a8af3006643ad2ff0bd9954a931ecf682e417eec09d47dce6b1a5a9cc,False,shuffled_if,0.2,-1.426889181137085,-0.42688921093940735,False,True
2448,mbpp_871:2:1:2,mbpp,93d3bd0a8af3006643ad2ff0bd9954a931ecf682e417eec09d47dce6b1a5a9cc,False,shuffled_if,0.4,-1.2571146488189697,-0.5071147084236145,False,True
2448,mbpp_871:2:1:2,mbpp,93d3bd0a8af3006643ad2ff0bd9954a931ecf682e417eec09d47dce6b1a5a9cc,False,shuffled_if,0.8,-1.0083508491516113,-0.6333508491516113,False,True
2448,mbpp_871:2:1:2,mbpp,93d3bd0a8af3006643ad2ff0bd9954a931ecf682e417eec09d47dce6b1a5a9cc,False,actuator_answer,0.05,-0.6866994500160217,-0.9366994500160217,True,False
2448,mbpp_871:2:1:2,mbpp,93d3bd0a8af3006643ad2ff0bd9954a931ecf682e417eec09d47dce6b1a5a9cc,False,actuator_answer,0.1,-0.243896946310997,-1.9938969612121582,True,False
2448,mbpp_871:2:1:2,mbpp,93d3bd0a8af3006643ad2ff0bd9954a931ecf682e417eec09d47dce6b1a5a9cc,False,actuator_answer,0.2,-0.05661598965525627,-5.806615829467773,True,False
2448,mbpp_871:2:1:2,mbpp,93d3bd0a8af3006643ad2ff0bd9954a931ecf682e417eec09d47dce6b1a5a9cc,False,actuator_answer,0.4,-0.12603001296520233,-20.53227996826172,True,False
2448,mbpp_871:2:1:2,mbpp,93d3bd0a8af3006643ad2ff0bd9954a931ecf682e417eec09d47dce6b1a5a9cc,False,actuator_answer,0.8,-0.25316086411476135,-76.62815856933594,True,False
2450,mbpp_874:0:0:1,mbpp,dd8180a194c999360a8104da88ac1392d2ea815b710259b516926adc44345881,True,baseline,0.0,-1.039596438407898,-0.539596438407898,False,True
2450,mbpp_874:0:0:1,mbpp,dd8180a194c999360a8104da88ac1392d2ea815b710259b516926adc44345881,True,if_true,0.05,-1.1150989532470703,-0.49009889364242554,False,True
2450,mbpp_874:0:0:1,mbpp,dd8180a194c999360a8104da88ac1392d2ea815b710259b516926adc44345881,True,if_true,0.1,-1.1148810386657715,-0.48988109827041626,False,True
2450,mbpp_874:0:0:1,mbpp,dd8180a194c999360a8104da88ac1392d2ea815b710259b516926adc44345881,True,if_true,0.2,-1.0346574783325195,-0.5346574783325195,False,True
2450,mbpp_874:0:0:1,mbpp,dd8180a194c999360a8104da88ac1392d2ea815b710259b516926adc44345881,True,if_true,0.4,-0.9699191451072693,-0.5949191451072693,False,True
2450,mbpp_874:0:0:1,mbpp,dd8180a194c999360a8104da88ac1392d2ea815b710259b516926adc44345881,True,if_true,0.8,-0.8303536772727966,-0.7053536772727966,False,True
2450,mbpp_874:0:0:1,mbpp,dd8180a194c999360a8104da88ac1392d2ea815b710259b516926adc44345881,True,if_away,0.05,-1.0440162420272827,-0.5440162420272827,False,True
2450,mbpp_874:0:0:1,mbpp,dd8180a194c999360a8104da88ac1392d2ea815b710259b516926adc44345881,True,if_away,0.1,-0.9628030061721802,-0.5878030061721802,False,True
2450,mbpp_874:0:0:1,mbpp,dd8180a194c999360a8104da88ac1392d2ea815b710259b516926adc44345881,True,if_away,0.2,-0.9697562456130981,-0.5947562456130981,False,True
2450,mbpp_874:0:0:1,mbpp,dd8180a194c999360a8104da88ac1392d2ea815b710259b516926adc44345881,True,if_away,0.4,-0.9633421897888184,-0.5883421897888184,False,True
2450,mbpp_874:0:0:1,mbpp,dd8180a194c999360a8104da88ac1392d2ea815b710259b516926adc44345881,True,if_away,0.8,-0.9669529795646667,-0.5919529795646667,False,True
2450,mbpp_874:0:0:1,mbpp,dd8180a194c999360a8104da88ac1392d2ea815b710259b516926adc44345881,True,answer_true,0.05,-1.0227972269058228,-0.5227972269058228,False,True
2450,mbpp_874:0:0:1,mbpp,dd8180a194c999360a8104da88ac1392d2ea815b710259b516926adc44345881,True,answer_true,0.1,-1.0166428089141846,-0.5166428089141846,False,True
2450,mbpp_874:0:0:1,mbpp,dd8180a194c999360a8104da88ac1392d2ea815b710259b516926adc44345881,True,answer_true,0.2,-1.2594101428985596,-0.38441014289855957,False,True
2450,mbpp_874:0:0:1,mbpp,dd8180a194c999360a8104da88ac1392d2ea815b710259b516926adc44345881,True,answer_true,0.4,-3.603574275970459,-0.1035742238163948,False,True
2450,mbpp_874:0:0:1,mbpp,dd8180a194c999360a8104da88ac1392d2ea815b710259b516926adc44345881,True,answer_true,0.8,-11.134626388549805,-10.759626388549805,False,False
2450,mbpp_874:0:0:1,mbpp,dd8180a194c999360a8104da88ac1392d2ea815b710259b516926adc44345881,True,answer_away,0.05,-1.1270873546600342,-0.5020872950553894,False,True
2450,mbpp_874:0:0:1,mbpp,dd8180a194c999360a8104da88ac1392d2ea815b710259b516926adc44345881,True,answer_away,0.1,-1.1430933475494385,-0.5180933475494385,False,True
2450,mbpp_874:0:0:1,mbpp,dd8180a194c999360a8104da88ac1392d2ea815b710259b516926adc44345881,True,answer_away,0.2,-1.3662747144699097,-0.49127474427223206,False,True
2450,mbpp_874:0:0:1,mbpp,dd8180a194c999360a8104da88ac1392d2ea815b710259b516926adc44345881,True,answer_away,0.4,-2.0953235626220703,-0.6578236222267151,False,True
2450,mbpp_874:0:0:1,mbpp,dd8180a194c999360a8104da88ac1392d2ea815b710259b516926adc44345881,True,answer_away,0.8,-5.8709716796875,-5.7303466796875,False,False
2450,mbpp_874:0:0:1,mbpp,dd8180a194c999360a8104da88ac1392d2ea815b710259b516926adc44345881,True,random_if,0.05,-1.0400350093841553,-0.5400350093841553,False,True
2450,mbpp_874:0:0:1,mbpp,dd8180a194c999360a8104da88ac1392d2ea815b710259b516926adc44345881,True,random_if,0.1,-1.0401113033294678,-0.5401113033294678,False,True
2450,mbpp_874:0:0:1,mbpp,dd8180a194c999360a8104da88ac1392d2ea815b710259b516926adc44345881,True,random_if,0.2,-1.1188700199127197,-0.4938700795173645,False,True
2450,mbpp_874:0:0:1,mbpp,dd8180a194c999360a8104da88ac1392d2ea815b710259b516926adc44345881,True,random_if,0.4,-1.0432260036468506,-0.5432260036468506,False,True
2450,mbpp_874:0:0:1,mbpp,dd8180a194c999360a8104da88ac1392d2ea815b710259b516926adc44345881,True,random_if,0.8,-1.035061001777649,-0.5350610017776489,False,True
2450,mbpp_874:0:0:1,mbpp,dd8180a194c999360a8104da88ac1392d2ea815b710259b516926adc44345881,True,random_answer,0.05,-1.0446416139602661,-0.5446416139602661,False,True
2450,mbpp_874:0:0:1,mbpp,dd8180a194c999360a8104da88ac1392d2ea815b710259b516926adc44345881,True,random_answer,0.1,-1.0452735424041748,-0.5452735424041748,False,True
2450,mbpp_874:0:0:1,mbpp,dd8180a194c999360a8104da88ac1392d2ea815b710259b516926adc44345881,True,random_answer,0.2,-1.0556378364562988,-0.5556378960609436,False,True
2450,mbpp_874:0:0:1,mbpp,dd8180a194c999360a8104da88ac1392d2ea815b710259b516926adc44345881,True,random_answer,0.4,-1.110438585281372,-0.6104385852813721,False,True
2450,mbpp_874:0:0:1,mbpp,dd8180a194c999360a8104da88ac1392d2ea815b710259b516926adc44345881,True,random_answer,0.8,-7.6580810546875,-6.2830810546875,False,False
2450,mbpp_874:0:0:1,mbpp,dd8180a194c999360a8104da88ac1392d2ea815b710259b516926adc44345881,True,shuffled_if,0.05,-1.0363576412200928,-0.5363576412200928,False,True
2450,mbpp_874:0:0:1,mbpp,dd8180a194c999360a8104da88ac1392d2ea815b710259b516926adc44345881,True,shuffled_if,0.1,-1.115700602531433,-0.4907006323337555,False,True
2450,mbpp_874:0:0:1,mbpp,dd8180a194c999360a8104da88ac1392d2ea815b710259b516926adc44345881,True,shuffled_if,0.2,-1.0414540767669678,-0.5414541363716125,False,True
2450,mbpp_874:0:0:1,mbpp,dd8180a194c999360a8104da88ac1392d2ea815b710259b516926adc44345881,True,shuffled_if,0.4,-1.0386650562286377,-0.5386650562286377,False,True
2450,mbpp_874:0:0:1,mbpp,dd8180a194c999360a8104da88ac1392d2ea815b710259b516926adc44345881,True,shuffled_if,0.8,-1.051013708114624,-0.551013708114624,False,True
2450,mbpp_874:0:0:1,mbpp,dd8180a194c999360a8104da88ac1392d2ea815b710259b516926adc44345881,True,actuator_answer,0.05,-0.6387133598327637,-0.8887133598327637,True,False
2450,mbpp_874:0:0:1,mbpp,dd8180a194c999360a8104da88ac1392d2ea815b710259b516926adc44345881,True,actuator_answer,0.1,-0.2791862487792969,-1.6541862487792969,True,False
2450,mbpp_874:0:0:1,mbpp,dd8180a194c999360a8104da88ac1392d2ea815b710259b516926adc44345881,True,actuator_answer,0.2,-0.04329710826277733,-4.918297290802002,True,False
2450,mbpp_874:0:0:1,mbpp,dd8180a194c999360a8104da88ac1392d2ea815b710259b516926adc44345881,True,actuator_answer,0.4,-0.11943851411342621,-21.42412567138672,True,False
2450,mbpp_874:0:0:1,mbpp,dd8180a194c999360a8104da88ac1392d2ea815b710259b516926adc44345881,True,actuator_answer,0.8,-0.28422555327415466,-76.40922546386719,True,False
2451,mbpp_874:2:0:0,mbpp,dd8180a194c999360a8104da88ac1392d2ea815b710259b516926adc44345881,True,baseline,0.0,-1.0436573028564453,-0.5436572432518005,False,True
2451,mbpp_874:2:0:0,mbpp,dd8180a194c999360a8104da88ac1392d2ea815b710259b516926adc44345881,True,if_true,0.05,-1.1221375465393066,-0.4971376061439514,False,True
2451,mbpp_874:2:0:0,mbpp,dd8180a194c999360a8104da88ac1392d2ea815b710259b516926adc44345881,True,if_true,0.1,-1.1222820281982422,-0.4972819685935974,False,True
2451,mbpp_874:2:0:0,mbpp,dd8180a194c999360a8104da88ac1392d2ea815b710259b516926adc44345881,True,if_true,0.2,-1.119013786315918,-0.49401381611824036,False,True
2451,mbpp_874:2:0:0,mbpp,dd8180a194c999360a8104da88ac1392d2ea815b710259b516926adc44345881,True,if_true,0.4,-1.0435724258422852,-0.5435723662376404,False,True
2451,mbpp_874:2:0:0,mbpp,dd8180a194c999360a8104da88ac1392d2ea815b710259b516926adc44345881,True,if_true,0.8,-0.9032774567604065,-0.6532774567604065,False,True
2451,mbpp_874:2:0:0,mbpp,dd8180a194c999360a8104da88ac1392d2ea815b710259b516926adc44345881,True,if_away,0.05,-0.9647805690765381,-0.5897805690765381,False,True
2451,mbpp_874:2:0:0,mbpp,dd8180a194c999360a8104da88ac1392d2ea815b710259b516926adc44345881,True,if_away,0.1,-0.9703723788261414,-0.5953723788261414,False,True
2451,mbpp_874:2:0:0,mbpp,dd8180a194c999360a8104da88ac1392d2ea815b710259b516926adc44345881,True,if_away,0.2,-0.9730149507522583,-0.5980149507522583,False,True
2451,mbpp_874:2:0:0,mbpp,dd8180a194c999360a8104da88ac1392d2ea815b710259b516926adc44345881,True,if_away,0.4,-0.9729958176612854,-0.5979958176612854,False,True
2451,mbpp_874:2:0:0,mbpp,dd8180a194c999360a8104da88ac1392d2ea815b710259b516926adc44345881,True,if_away,0.8,-1.0459818840026855,-0.5459818243980408,False,True
2451,mbpp_874:2:0:0,mbpp,dd8180a194c999360a8104da88ac1392d2ea815b710259b516926adc44345881,True,answer_true,0.05,-1.0344960689544678,-0.534496009349823,False,True
2451,mbpp_874:2:0:0,mbpp,dd8180a194c999360a8104da88ac1392d2ea815b710259b516926adc44345881,True,answer_true,0.1,-1.0227209329605103,-0.5227209329605103,False,True
2451,mbpp_874:2:0:0,mbpp,dd8180a194c999360a8104da88ac1392d2ea815b710259b516926adc44345881,True,answer_true,0.2,-1.1760740280151367,-0.42607396841049194,False,True
2451,mbpp_874:2:0:0,mbpp,dd8180a194c999360a8104da88ac1392d2ea815b710259b516926adc44345881,True,answer_true,0.4,-3.6107094287872314,-0.11070936173200607,False,True
2451,mbpp_874:2:0:0,mbpp,dd8180a194c999360a8104da88ac1392d2ea815b710259b516926adc44345881,True,answer_true,0.8,-11.259265899658203,-10.829578399658203,False,False
2451,mbpp_874:2:0:0,mbpp,dd8180a194c999360a8104da88ac1392d2ea815b710259b516926adc44345881,True,answer_away,0.05,-1.1357307434082031,-0.5107306838035583,False,True
2451,mbpp_874:2:0:0,mbpp,dd8180a194c999360a8104da88ac1392d2ea815b710259b516926adc44345881,True,answer_away,0.1,-1.1608505249023438,-0.5358505249023438,False,True
2451,mbpp_874:2:0:0,mbpp,dd8180a194c999360a8104da88ac1392d2ea815b710259b516926adc44345881,True,answer_away,0.2,-1.3874473571777344,-0.5124473571777344,False,True
2451,mbpp_874:2:0:0,mbpp,dd8180a194c999360a8104da88ac1392d2ea815b710259b516926adc44345881,True,answer_away,0.4,-2.1053457260131836,-0.6834707260131836,False,True
2451,mbpp_874:2:0:0,mbpp,dd8180a194c999360a8104da88ac1392d2ea815b710259b516926adc44345881,True,answer_away,0.8,-5.87763786315918,-5.69013786315918,False,False
2451,mbpp_874:2:0:0,mbpp,dd8180a194c999360a8104da88ac1392d2ea815b710259b516926adc44345881,True,random_if,0.05,-1.0429728031158447,-0.5429727435112,False,True
2451,mbpp_874:2:0:0,mbpp,dd8180a194c999360a8104da88ac1392d2ea815b710259b516926adc44345881,True,random_if,0.1,-1.0469812154769897,-0.5469812154769897,False,True
2451,mbpp_874:2:0:0,mbpp,dd8180a194c999360a8104da88ac1392d2ea815b710259b516926adc44345881,True,random_if,0.2,-1.0515930652618408,-0.5515931248664856,False,True
2451,mbpp_874:2:0:0,mbpp,dd8180a194c999360a8104da88ac1392d2ea815b710259b516926adc44345881,True,random_if,0.4,-1.051114797592163,-0.5511147379875183,False,True
2451,mbpp_874:2:0:0,mbpp,dd8180a194c999360a8104da88ac1392d2ea815b710259b516926adc44345881,True,random_if,0.8,-1.0478805303573608,-0.5478805303573608,False,True
2451,mbpp_874:2:0:0,mbpp,dd8180a194c999360a8104da88ac1392d2ea815b710259b516926adc44345881,True,random_answer,0.05,-1.1247777938842773,-0.49977773427963257,False,True
2451,mbpp_874:2:0:0,mbpp,dd8180a194c999360a8104da88ac1392d2ea815b710259b516926adc44345881,True,random_answer,0.1,-1.1213935613632202,-0.4963935315608978,False,True
2451,mbpp_874:2:0:0,mbpp,dd8180a194c999360a8104da88ac1392d2ea815b710259b516926adc44345881,True,random_answer,0.2,-1.0427182912826538,-0.5427182912826538,False,True
2451,mbpp_874:2:0:0,mbpp,dd8180a194c999360a8104da88ac1392d2ea815b710259b516926adc44345881,True,random_answer,0.4,-1.0459747314453125,-0.5459747314453125,False,True
2451,mbpp_874:2:0:0,mbpp,dd8180a194c999360a8104da88ac1392d2ea815b710259b516926adc44345881,True,random_answer,0.8,-4.4892778396606445,-3.9892778396606445,False,False
2451,mbpp_874:2:0:0,mbpp,dd8180a194c999360a8104da88ac1392d2ea815b710259b516926adc44345881,True,shuffled_if,0.05,-1.1245158910751343,-0.49951592087745667,False,True
2451,mbpp_874:2:0:0,mbpp,dd8180a194c999360a8104da88ac1392d2ea815b710259b516926adc44345881,True,shuffled_if,0.1,-1.123356819152832,-0.49835681915283203,False,True
2451,mbpp_874:2:0:0,mbpp,dd8180a194c999360a8104da88ac1392d2ea815b710259b516926adc44345881,True,shuffled_if,0.2,-1.123471736907959,-0.4984716773033142,False,True
2451,mbpp_874:2:0:0,mbpp,dd8180a194c999360a8104da88ac1392d2ea815b710259b516926adc44345881,True,shuffled_if,0.4,-1.130672574043274,-0.5056725740432739,False,True
2451,mbpp_874:2:0:0,mbpp,dd8180a194c999360a8104da88ac1392d2ea815b710259b516926adc44345881,True,shuffled_if,0.8,-1.0524797439575195,-0.5524798035621643,False,True
2451,mbpp_874:2:0:0,mbpp,dd8180a194c999360a8104da88ac1392d2ea815b710259b516926adc44345881,True,actuator_answer,0.05,-0.5888380408287048,-0.9638380408287048,True,False
2451,mbpp_874:2:0:0,mbpp,dd8180a194c999360a8104da88ac1392d2ea815b710259b516926adc44345881,True,actuator_answer,0.1,-0.2825663983821869,-1.6575664281845093,True,False
2451,mbpp_874:2:0:0,mbpp,dd8180a194c999360a8104da88ac1392d2ea815b710259b516926adc44345881,True,actuator_answer,0.2,-0.04551456496119499,-5.0455145835876465,True,False
2451,mbpp_874:2:0:0,mbpp,dd8180a194c999360a8104da88ac1392d2ea815b710259b516926adc44345881,True,actuator_answer,0.4,-0.12033847719430923,-21.813697814941406,True,False
2451,mbpp_874:2:0:0,mbpp,dd8180a194c999360a8104da88ac1392d2ea815b710259b516926adc44345881,True,actuator_answer,0.8,-0.2842256426811218,-76.53422546386719,True,False
2454,mbpp_879:1:0:0,mbpp,3c5c74cd6b643b40116a09cda5a077be4f7ecb4f4324f3f3608272ac8afe0c68,False,baseline,0.0,-1.8786373138427734,-1.1238127946853638,False,True
2454,mbpp_879:1:0:0,mbpp,3c5c74cd6b643b40116a09cda5a077be4f7ecb4f4324f3f3608272ac8afe0c68,False,if_true,0.05,-1.808403491973877,-1.1886751651763916,False,True
2454,mbpp_879:1:0:0,mbpp,3c5c74cd6b643b40116a09cda5a077be4f7ecb4f4324f3f3608272ac8afe0c68,False,if_true,0.1,-1.810524821281433,-1.1557059288024902,False,True
2454,mbpp_879:1:0:0,mbpp,3c5c74cd6b643b40116a09cda5a077be4f7ecb4f4324f3f3608272ac8afe0c68,False,if_true,0.2,-1.7602933645248413,-1.173844575881958,False,True
2454,mbpp_879:1:0:0,mbpp,3c5c74cd6b643b40116a09cda5a077be4f7ecb4f4324f3f3608272ac8afe0c68,False,if_true,0.4,-1.836332082748413,-1.249739646911621,False,True
2454,mbpp_879:1:0:0,mbpp,3c5c74cd6b643b40116a09cda5a077be4f7ecb4f4324f3f3608272ac8afe0c68,False,if_true,0.8,-1.845606803894043,-1.1272484064102173,False,True
2454,mbpp_879:1:0:0,mbpp,3c5c74cd6b643b40116a09cda5a077be4f7ecb4f4324f3f3608272ac8afe0c68,False,if_away,0.05,-1.845199704170227,-1.2167763710021973,False,True
2454,mbpp_879:1:0:0,mbpp,3c5c74cd6b643b40116a09cda5a077be4f7ecb4f4324f3f3608272ac8afe0c68,False,if_away,0.1,-1.9100956916809082,-1.1537469625473022,False,True
2454,mbpp_879:1:0:0,mbpp,3c5c74cd6b643b40116a09cda5a077be4f7ecb4f4324f3f3608272ac8afe0c68,False,if_away,0.2,-1.99512779712677,-1.1800466775894165,False,True
2454,mbpp_879:1:0:0,mbpp,3c5c74cd6b643b40116a09cda5a077be4f7ecb4f4324f3f3608272ac8afe0c68,False,if_away,0.4,-2.0127763748168945,-1.062974452972412,False,True
2454,mbpp_879:1:0:0,mbpp,3c5c74cd6b643b40116a09cda5a077be4f7ecb4f4324f3f3608272ac8afe0c68,False,if_away,0.8,-2.031545639038086,-0.9822350740432739,False,True
2454,mbpp_879:1:0:0,mbpp,3c5c74cd6b643b40116a09cda5a077be4f7ecb4f4324f3f3608272ac8afe0c68,False,answer_true,0.05,-1.713843822479248,-1.070449709892273,False,True
2454,mbpp_879:1:0:0,mbpp,3c5c74cd6b643b40116a09cda5a077be4f7ecb4f4324f3f3608272ac8afe0c68,False,answer_true,0.1,-1.7568575143814087,-1.01657235622406,False,True
2454,mbpp_879:1:0:0,mbpp,3c5c74cd6b643b40116a09cda5a077be4f7ecb4f4324f3f3608272ac8afe0c68,False,answer_true,0.2,-1.7065855264663696,-0.9803869724273682,False,True
2454,mbpp_879:1:0:0,mbpp,3c5c74cd6b643b40116a09cda5a077be4f7ecb4f4324f3f3608272ac8afe0c68,False,answer_true,0.4,-2.288170337677002,-1.270510196685791,False,True
2454,mbpp_879:1:0:0,mbpp,3c5c74cd6b643b40116a09cda5a077be4f7ecb4f4324f3f3608272ac8afe0c68,False,answer_true,0.8,-5.208099365234375,-4.32940673828125,False,False
2454,mbpp_879:1:0:0,mbpp,3c5c74cd6b643b40116a09cda5a077be4f7ecb4f4324f3f3608272ac8afe0c68,False,answer_away,0.05,-1.934072494506836,-1.1977659463882446,False,True
2454,mbpp_879:1:0:0,mbpp,3c5c74cd6b643b40116a09cda5a077be4f7ecb4f4324f3f3608272ac8afe0c68,False,answer_away,0.1,-2.0775043964385986,-1.1746838092803955,False,True
2454,mbpp_879:1:0:0,mbpp,3c5c74cd6b643b40116a09cda5a077be4f7ecb4f4324f3f3608272ac8afe0c68,False,answer_away,0.2,-2.248009204864502,-1.2253655195236206,False,True
2454,mbpp_879:1:0:0,mbpp,3c5c74cd6b643b40116a09cda5a077be4f7ecb4f4324f3f3608272ac8afe0c68,False,answer_away,0.4,-3.14875864982605,-2.2983789443969727,False,False
2454,mbpp_879:1:0:0,mbpp,3c5c74cd6b643b40116a09cda5a077be4f7ecb4f4324f3f3608272ac8afe0c68,False,answer_away,0.8,-9.729043960571289,-8.842037200927734,False,False
2454,mbpp_879:1:0:0,mbpp,3c5c74cd6b643b40116a09cda5a077be4f7ecb4f4324f3f3608272ac8afe0c68,False,random_if,0.05,-1.8107521533966064,-1.2157642841339111,False,True
2454,mbpp_879:1:0:0,mbpp,3c5c74cd6b643b40116a09cda5a077be4f7ecb4f4324f3f3608272ac8afe0c68,False,random_if,0.1,-1.8450309038162231,-1.089062213897705,False,True
2454,mbpp_879:1:0:0,mbpp,3c5c74cd6b643b40116a09cda5a077be4f7ecb4f4324f3f3608272ac8afe0c68,False,random_if,0.2,-1.7518097162246704,-1.1582542657852173,False,True
2454,mbpp_879:1:0:0,mbpp,3c5c74cd6b643b40116a09cda5a077be4f7ecb4f4324f3f3608272ac8afe0c68,False,random_if,0.4,-1.7750883102416992,-1.0632392168045044,False,True
2454,mbpp_879:1:0:0,mbpp,3c5c74cd6b643b40116a09cda5a077be4f7ecb4f4324f3f3608272ac8afe0c68,False,random_if,0.8,-1.8594902753829956,-1.0017640590667725,False,True
2454,mbpp_879:1:0:0,mbpp,3c5c74cd6b643b40116a09cda5a077be4f7ecb4f4324f3f3608272ac8afe0c68,False,random_answer,0.05,-1.869813323020935,-1.1989713907241821,False,True
2454,mbpp_879:1:0:0,mbpp,3c5c74cd6b643b40116a09cda5a077be4f7ecb4f4324f3f3608272ac8afe0c68,False,random_answer,0.1,-1.8975754976272583,-1.241472840309143,False,True
2454,mbpp_879:1:0:0,mbpp,3c5c74cd6b643b40116a09cda5a077be4f7ecb4f4324f3f3608272ac8afe0c68,False,random_answer,0.2,-1.9269052743911743,-1.3017574548721313,False,True
2454,mbpp_879:1:0:0,mbpp,3c5c74cd6b643b40116a09cda5a077be4f7ecb4f4324f3f3608272ac8afe0c68,False,random_answer,0.4,-1.890157699584961,-1.2444921731948853,False,True
2454,mbpp_879:1:0:0,mbpp,3c5c74cd6b643b40116a09cda5a077be4f7ecb4f4324f3f3608272ac8afe0c68,False,random_answer,0.8,-1.7544113397598267,-0.9264947175979614,False,True
2454,mbpp_879:1:0:0,mbpp,3c5c74cd6b643b40116a09cda5a077be4f7ecb4f4324f3f3608272ac8afe0c68,False,shuffled_if,0.05,-1.812968134880066,-1.1716407537460327,False,True
2454,mbpp_879:1:0:0,mbpp,3c5c74cd6b643b40116a09cda5a077be4f7ecb4f4324f3f3608272ac8afe0c68,False,shuffled_if,0.1,-1.8155789375305176,-1.1289552450180054,False,True
2454,mbpp_879:1:0:0,mbpp,3c5c74cd6b643b40116a09cda5a077be4f7ecb4f4324f3f3608272ac8afe0c68,False,shuffled_if,0.2,-1.9241149425506592,-1.1539009809494019,False,True
2454,mbpp_879:1:0:0,mbpp,3c5c74cd6b643b40116a09cda5a077be4f7ecb4f4324f3f3608272ac8afe0c68,False,shuffled_if,0.4,-1.9715467691421509,-1.124023675918579,False,True
2454,mbpp_879:1:0:0,mbpp,3c5c74cd6b643b40116a09cda5a077be4f7ecb4f4324f3f3608272ac8afe0c68,False,shuffled_if,0.8,-2.2484865188598633,-1.0638405084609985,False,True
2454,mbpp_879:1:0:0,mbpp,3c5c74cd6b643b40116a09cda5a077be4f7ecb4f4324f3f3608272ac8afe0c68,False,actuator_answer,0.05,-1.8773285150527954,-1.18856942653656,False,True
2454,mbpp_879:1:0:0,mbpp,3c5c74cd6b643b40116a09cda5a077be4f7ecb4f4324f3f3608272ac8afe0c68,False,actuator_answer,0.1,-1.756008505821228,-1.2233531475067139,False,True
2454,mbpp_879:1:0:0,mbpp,3c5c74cd6b643b40116a09cda5a077be4f7ecb4f4324f3f3608272ac8afe0c68,False,actuator_answer,0.2,-1.6973663568496704,-1.4007508754730225,False,True
2454,mbpp_879:1:0:0,mbpp,3c5c74cd6b643b40116a09cda5a077be4f7ecb4f4324f3f3608272ac8afe0c68,False,actuator_answer,0.4,-6.952980041503906,-6.790599822998047,False,False
2454,mbpp_879:1:0:0,mbpp,3c5c74cd6b643b40116a09cda5a077be4f7ecb4f4324f3f3608272ac8afe0c68,False,actuator_answer,0.8,-52.562164306640625,-51.985809326171875,False,False
2458,mbpp_879:2:0:2,mbpp,3c5c74cd6b643b40116a09cda5a077be4f7ecb4f4324f3f3608272ac8afe0c68,False,baseline,0.0,-1.4658719301223755,-1.1862471103668213,False,True
2458,mbpp_879:2:0:2,mbpp,3c5c74cd6b643b40116a09cda5a077be4f7ecb4f4324f3f3608272ac8afe0c68,False,if_true,0.05,-1.4153664112091064,-1.1469155550003052,False,True
2458,mbpp_879:2:0:2,mbpp,3c5c74cd6b643b40116a09cda5a077be4f7ecb4f4324f3f3608272ac8afe0c68,False,if_true,0.1,-1.4246065616607666,-1.1577091217041016,False,True
2458,mbpp_879:2:0:2,mbpp,3c5c74cd6b643b40116a09cda5a077be4f7ecb4f4324f3f3608272ac8afe0c68,False,if_true,0.2,-1.5408881902694702,-1.1612229347229004,False,True
2458,mbpp_879:2:0:2,mbpp,3c5c74cd6b643b40116a09cda5a077be4f7ecb4f4324f3f3608272ac8afe0c68,False,if_true,0.4,-1.583690881729126,-1.2984318733215332,False,True
2458,mbpp_879:2:0:2,mbpp,3c5c74cd6b643b40116a09cda5a077be4f7ecb4f4324f3f3608272ac8afe0c68,False,if_true,0.8,-1.7190487384796143,-1.1487621068954468,False,True
2458,mbpp_879:2:0:2,mbpp,3c5c74cd6b643b40116a09cda5a077be4f7ecb4f4324f3f3608272ac8afe0c68,False,if_away,0.05,-1.4679644107818604,-1.1736607551574707,False,True
2458,mbpp_879:2:0:2,mbpp,3c5c74cd6b643b40116a09cda5a077be4f7ecb4f4324f3f3608272ac8afe0c68,False,if_away,0.1,-1.4872479438781738,-1.1452107429504395,False,True
2458,mbpp_879:2:0:2,mbpp,3c5c74cd6b643b40116a09cda5a077be4f7ecb4f4324f3f3608272ac8afe0c68,False,if_away,0.2,-1.5614619255065918,-1.1184345483779907,False,True
2458,mbpp_879:2:0:2,mbpp,3c5c74cd6b643b40116a09cda5a077be4f7ecb4f4324f3f3608272ac8afe0c68,False,if_away,0.4,-1.7746577262878418,-1.114048719406128,False,True
2458,mbpp_879:2:0:2,mbpp,3c5c74cd6b643b40116a09cda5a077be4f7ecb4f4324f3f3608272ac8afe0c68,False,if_away,0.8,-1.7395553588867188,-0.9882702231407166,False,True
2458,mbpp_879:2:0:2,mbpp,3c5c74cd6b643b40116a09cda5a077be4f7ecb4f4324f3f3608272ac8afe0c68,False,answer_true,0.05,-1.323488712310791,-1.192362904548645,True,False
2458,mbpp_879:2:0:2,mbpp,3c5c74cd6b643b40116a09cda5a077be4f7ecb4f4324f3f3608272ac8afe0c68,False,answer_true,0.1,-1.3393052816390991,-1.0904649496078491,False,True
2458,mbpp_879:2:0:2,mbpp,3c5c74cd6b643b40116a09cda5a077be4f7ecb4f4324f3f3608272ac8afe0c68,False,answer_true,0.2,-1.336620807647705,-1.0310357809066772,False,True
2458,mbpp_879:2:0:2,mbpp,3c5c74cd6b643b40116a09cda5a077be4f7ecb4f4324f3f3608272ac8afe0c68,False,answer_true,0.4,-1.7857282161712646,-1.29838228225708,False,True
2458,mbpp_879:2:0:2,mbpp,3c5c74cd6b643b40116a09cda5a077be4f7ecb4f4324f3f3608272ac8afe0c68,False,answer_true,0.8,-4.659617900848389,-4.332796573638916,False,False
2458,mbpp_879:2:0:2,mbpp,3c5c74cd6b643b40116a09cda5a077be4f7ecb4f4324f3f3608272ac8afe0c68,False,answer_away,0.05,-1.4929358959197998,-1.2378613948822021,False,True
2458,mbpp_879:2:0:2,mbpp,3c5c74cd6b643b40116a09cda5a077be4f7ecb4f4324f3f3608272ac8afe0c68,False,answer_away,0.1,-1.535976529121399,-1.2280418872833252,False,True
2458,mbpp_879:2:0:2,mbpp,3c5c74cd6b643b40116a09cda5a077be4f7ecb4f4324f3f3608272ac8afe0c68,False,answer_away,0.2,-1.7101192474365234,-1.1566901206970215,False,True
2458,mbpp_879:2:0:2,mbpp,3c5c74cd6b643b40116a09cda5a077be4f7ecb4f4324f3f3608272ac8afe0c68,False,answer_away,0.4,-2.5961697101593018,-2.0104687213897705,False,False
2458,mbpp_879:2:0:2,mbpp,3c5c74cd6b643b40116a09cda5a077be4f7ecb4f4324f3f3608272ac8afe0c68,False,answer_away,0.8,-9.378467559814453,-8.882712364196777,False,False
2458,mbpp_879:2:0:2,mbpp,3c5c74cd6b643b40116a09cda5a077be4f7ecb4f4324f3f3608272ac8afe0c68,False,random_if,0.05,-1.4633944034576416,-1.1598824262619019,False,True
2458,mbpp_879:2:0:2,mbpp,3c5c74cd6b643b40116a09cda5a077be4f7ecb4f4324f3f3608272ac8afe0c68,False,random_if,0.1,-1.4633328914642334,-1.1814074516296387,False,True
2458,mbpp_879:2:0:2,mbpp,3c5c74cd6b643b40116a09cda5a077be4f7ecb4f4324f3f3608272ac8afe0c68,False,random_if,0.2,-1.4114108085632324,-1.1681275367736816,False,True
2458,mbpp_879:2:0:2,mbpp,3c5c74cd6b643b40116a09cda5a077be4f7ecb4f4324f3f3608272ac8afe0c68,False,random_if,0.4,-1.4812887907028198,-1.2262794971466064,False,True
2458,mbpp_879:2:0:2,mbpp,3c5c74cd6b643b40116a09cda5a077be4f7ecb4f4324f3f3608272ac8afe0c68,False,random_if,0.8,-1.4475417137145996,-1.2259483337402344,False,True
2458,mbpp_879:2:0:2,mbpp,3c5c74cd6b643b40116a09cda5a077be4f7ecb4f4324f3f3608272ac8afe0c68,False,random_answer,0.05,-1.4636131525039673,-1.1973683834075928,False,True
2458,mbpp_879:2:0:2,mbpp,3c5c74cd6b643b40116a09cda5a077be4f7ecb4f4324f3f3608272ac8afe0c68,False,random_answer,0.1,-1.4179110527038574,-1.2663438320159912,True,False
2458,mbpp_879:2:0:2,mbpp,3c5c74cd6b643b40116a09cda5a077be4f7ecb4f4324f3f3608272ac8afe0c68,False,random_answer,0.2,-1.4839282035827637,-1.3119158744812012,True,False
2458,mbpp_879:2:0:2,mbpp,3c5c74cd6b643b40116a09cda5a077be4f7ecb4f4324f3f3608272ac8afe0c68,False,random_answer,0.4,-1.6658319234848022,-1.614006519317627,False,False
2458,mbpp_879:2:0:2,mbpp,3c5c74cd6b643b40116a09cda5a077be4f7ecb4f4324f3f3608272ac8afe0c68,False,random_answer,0.8,-1.3963508605957031,-0.9895191192626953,False,True
2458,mbpp_879:2:0:2,mbpp,3c5c74cd6b643b40116a09cda5a077be4f7ecb4f4324f3f3608272ac8afe0c68,False,shuffled_if,0.05,-1.4025442600250244,-1.2242131233215332,True,True
2458,mbpp_879:2:0:2,mbpp,3c5c74cd6b643b40116a09cda5a077be4f7ecb4f4324f3f3608272ac8afe0c68,False,shuffled_if,0.1,-1.4099208116531372,-1.2287390232086182,True,True
2458,mbpp_879:2:0:2,mbpp,3c5c74cd6b643b40116a09cda5a077be4f7ecb4f4324f3f3608272ac8afe0c68,False,shuffled_if,0.2,-1.4641928672790527,-1.2648241519927979,False,True
2458,mbpp_879:2:0:2,mbpp,3c5c74cd6b643b40116a09cda5a077be4f7ecb4f4324f3f3608272ac8afe0c68,False,shuffled_if,0.4,-1.630270004272461,-1.2329728603363037,False,True
2458,mbpp_879:2:0:2,mbpp,3c5c74cd6b643b40116a09cda5a077be4f7ecb4f4324f3f3608272ac8afe0c68,False,shuffled_if,0.8,-1.9132781028747559,-1.182553768157959,False,True
2458,mbpp_879:2:0:2,mbpp,3c5c74cd6b643b40116a09cda5a077be4f7ecb4f4324f3f3608272ac8afe0c68,False,actuator_answer,0.05,-1.4034695625305176,-1.2735610008239746,True,False
2458,mbpp_879:2:0:2,mbpp,3c5c74cd6b643b40116a09cda5a077be4f7ecb4f4324f3f3608272ac8afe0c68,False,actuator_answer,0.1,-1.4673576354980469,-1.3237581253051758,True,False
2458,mbpp_879:2:0:2,mbpp,3c5c74cd6b643b40116a09cda5a077be4f7ecb4f4324f3f3608272ac8afe0c68,False,actuator_answer,0.2,-1.3315266370773315,-1.5813865661621094,True,False
2458,mbpp_879:2:0:2,mbpp,3c5c74cd6b643b40116a09cda5a077be4f7ecb4f4324f3f3608272ac8afe0c68,False,actuator_answer,0.4,-6.980105400085449,-7.252232074737549,False,False
2458,mbpp_879:2:0:2,mbpp,3c5c74cd6b643b40116a09cda5a077be4f7ecb4f4324f3f3608272ac8afe0c68,False,actuator_answer,0.8,-52.14668655395508,-51.901790618896484,False,False
2474,mbpp_884:0:0:1,mbpp,4b602e47428f3c7a1d03e7dbdf039fbc60ab9db61dafeeff3e9c8bf3a8261ca1,False,baseline,0.0,-1.3521870374679565,-0.6021870374679565,False,True
2474,mbpp_884:0:0:1,mbpp,4b602e47428f3c7a1d03e7dbdf039fbc60ab9db61dafeeff3e9c8bf3a8261ca1,False,if_true,0.05,-1.2851686477661133,-0.6601685881614685,False,True
2474,mbpp_884:0:0:1,mbpp,4b602e47428f3c7a1d03e7dbdf039fbc60ab9db61dafeeff3e9c8bf3a8261ca1,False,if_true,0.1,-1.3097553253173828,-0.6847553849220276,False,True
2474,mbpp_884:0:0:1,mbpp,4b602e47428f3c7a1d03e7dbdf039fbc60ab9db61dafeeff3e9c8bf3a8261ca1,False,if_true,0.2,-1.1890977621078491,-0.8140977621078491,False,True
2474,mbpp_884:0:0:1,mbpp,4b602e47428f3c7a1d03e7dbdf039fbc60ab9db61dafeeff3e9c8bf3a8261ca1,False,if_true,0.4,-1.0053123235702515,-1.0053123235702515,False,True
2474,mbpp_884:0:0:1,mbpp,4b602e47428f3c7a1d03e7dbdf039fbc60ab9db61dafeeff3e9c8bf3a8261ca1,False,if_true,0.8,-0.6848298907279968,-1.3098299503326416,True,False
2474,mbpp_884:0:0:1,mbpp,4b602e47428f3c7a1d03e7dbdf039fbc60ab9db61dafeeff3e9c8bf3a8261ca1,False,if_away,0.05,-1.5210468769073486,-0.5210468173027039,False,True
2474,mbpp_884:0:0:1,mbpp,4b602e47428f3c7a1d03e7dbdf039fbc60ab9db61dafeeff3e9c8bf3a8261ca1,False,if_away,0.1,-1.599013328552246,-0.4740133285522461,False,True
2474,mbpp_884:0:0:1,mbpp,4b602e47428f3c7a1d03e7dbdf039fbc60ab9db61dafeeff3e9c8bf3a8261ca1,False,if_away,0.2,-1.805307388305664,-0.4303073585033417,False,True
2474,mbpp_884:0:0:1,mbpp,4b602e47428f3c7a1d03e7dbdf039fbc60ab9db61dafeeff3e9c8bf3a8261ca1,False,if_away,0.4,-1.9822698831558228,-0.48226991295814514,False,True
2474,mbpp_884:0:0:1,mbpp,4b602e47428f3c7a1d03e7dbdf039fbc60ab9db61dafeeff3e9c8bf3a8261ca1,False,if_away,0.8,-1.7485615015029907,-0.4985615313053131,False,True
2474,mbpp_884:0:0:1,mbpp,4b602e47428f3c7a1d03e7dbdf039fbc60ab9db61dafeeff3e9c8bf3a8261ca1,False,answer_true,0.05,-1.3562794923782349,-0.6062794923782349,False,True
2474,mbpp_884:0:0:1,mbpp,4b602e47428f3c7a1d03e7dbdf039fbc60ab9db61dafeeff3e9c8bf3a8261ca1,False,answer_true,0.1,-1.435328722000122,-0.5603287220001221,False,True
2474,mbpp_884:0:0:1,mbpp,4b602e47428f3c7a1d03e7dbdf039fbc60ab9db61dafeeff3e9c8bf3a8261ca1,False,answer_true,0.2,-1.5423318147659302,-0.5423318147659302,False,True
2474,mbpp_884:0:0:1,mbpp,4b602e47428f3c7a1d03e7dbdf039fbc60ab9db61dafeeff3e9c8bf3a8261ca1,False,answer_true,0.4,-1.8474104404449463,-0.6989730000495911,False,True
2474,mbpp_884:0:0:1,mbpp,4b602e47428f3c7a1d03e7dbdf039fbc60ab9db61dafeeff3e9c8bf3a8261ca1,False,answer_true,0.8,-5.8617963790893555,-5.6117963790893555,False,False
2474,mbpp_884:0:0:1,mbpp,4b602e47428f3c7a1d03e7dbdf039fbc60ab9db61dafeeff3e9c8bf3a8261ca1,False,answer_away,0.05,-1.3723902702331543,-0.6223902106285095,False,True
2474,mbpp_884:0:0:1,mbpp,4b602e47428f3c7a1d03e7dbdf039fbc60ab9db61dafeeff3e9c8bf3a8261ca1,False,answer_away,0.1,-1.4243347644805908,-0.5493347644805908,False,True
2474,mbpp_884:0:0:1,mbpp,4b602e47428f3c7a1d03e7dbdf039fbc60ab9db61dafeeff3e9c8bf3a8261ca1,False,answer_away,0.2,-1.4606611728668213,-0.4606611430644989,False,True
2474,mbpp_884:0:0:1,mbpp,4b602e47428f3c7a1d03e7dbdf039fbc60ab9db61dafeeff3e9c8bf3a8261ca1,False,answer_away,0.4,-3.9011917114257812,-0.6511917114257812,False,True
2474,mbpp_884:0:0:1,mbpp,4b602e47428f3c7a1d03e7dbdf039fbc60ab9db61dafeeff3e9c8bf3a8261ca1,False,answer_away,0.8,-11.514630317687988,-11.432599067687988,False,False
2474,mbpp_884:0:0:1,mbpp,4b602e47428f3c7a1d03e7dbdf039fbc60ab9db61dafeeff3e9c8bf3a8261ca1,False,random_if,0.05,-1.3527395725250244,-0.6027395129203796,False,True
2474,mbpp_884:0:0:1,mbpp,4b602e47428f3c7a1d03e7dbdf039fbc60ab9db61dafeeff3e9c8bf3a8261ca1,False,random_if,0.1,-1.3722033500671387,-0.6222034096717834,False,True
2474,mbpp_884:0:0:1,mbpp,4b602e47428f3c7a1d03e7dbdf039fbc60ab9db61dafeeff3e9c8bf3a8261ca1,False,random_if,0.2,-1.3530526161193848,-0.6030526161193848,False,True
2474,mbpp_884:0:0:1,mbpp,4b602e47428f3c7a1d03e7dbdf039fbc60ab9db61dafeeff3e9c8bf3a8261ca1,False,random_if,0.4,-1.4730603694915771,-0.5980604290962219,False,True
2474,mbpp_884:0:0:1,mbpp,4b602e47428f3c7a1d03e7dbdf039fbc60ab9db61dafeeff3e9c8bf3a8261ca1,False,random_if,0.8,-1.5913360118865967,-0.7163360118865967,False,True
2474,mbpp_884:0:0:1,mbpp,4b602e47428f3c7a1d03e7dbdf039fbc60ab9db61dafeeff3e9c8bf3a8261ca1,False,random_answer,0.05,-1.3722493648529053,-0.6222493648529053,False,True
2474,mbpp_884:0:0:1,mbpp,4b602e47428f3c7a1d03e7dbdf039fbc60ab9db61dafeeff3e9c8bf3a8261ca1,False,random_answer,0.1,-1.4028775691986084,-0.6528775691986084,False,True
2474,mbpp_884:0:0:1,mbpp,4b602e47428f3c7a1d03e7dbdf039fbc60ab9db61dafeeff3e9c8bf3a8261ca1,False,random_answer,0.2,-1.3136661052703857,-0.6886661648750305,False,True
2474,mbpp_884:0:0:1,mbpp,4b602e47428f3c7a1d03e7dbdf039fbc60ab9db61dafeeff3e9c8bf3a8261ca1,False,random_answer,0.4,-1.6514647006988525,-0.6514647006988525,False,True
2474,mbpp_884:0:0:1,mbpp,4b602e47428f3c7a1d03e7dbdf039fbc60ab9db61dafeeff3e9c8bf3a8261ca1,False,random_answer,0.8,-1.6794402599334717,-1.3044402599334717,False,True
2474,mbpp_884:0:0:1,mbpp,4b602e47428f3c7a1d03e7dbdf039fbc60ab9db61dafeeff3e9c8bf3a8261ca1,False,shuffled_if,0.05,-1.3732717037200928,-0.6232717037200928,False,True
2474,mbpp_884:0:0:1,mbpp,4b602e47428f3c7a1d03e7dbdf039fbc60ab9db61dafeeff3e9c8bf3a8261ca1,False,shuffled_if,0.1,-1.4448261260986328,-0.5698261260986328,False,True
2474,mbpp_884:0:0:1,mbpp,4b602e47428f3c7a1d03e7dbdf039fbc60ab9db61dafeeff3e9c8bf3a8261ca1,False,shuffled_if,0.2,-1.3832643032073975,-0.6332642436027527,False,True
2474,mbpp_884:0:0:1,mbpp,4b602e47428f3c7a1d03e7dbdf039fbc60ab9db61dafeeff3e9c8bf3a8261ca1,False,shuffled_if,0.4,-1.2558565139770508,-0.7558565139770508,False,True
2474,mbpp_884:0:0:1,mbpp,4b602e47428f3c7a1d03e7dbdf039fbc60ab9db61dafeeff3e9c8bf3a8261ca1,False,shuffled_if,0.8,-1.2537734508514404,-0.8787734508514404,False,True
2474,mbpp_884:0:0:1,mbpp,4b602e47428f3c7a1d03e7dbdf039fbc60ab9db61dafeeff3e9c8bf3a8261ca1,False,actuator_answer,0.05,-0.718715488910675,-1.0937154293060303,True,False
2474,mbpp_884:0:0:1,mbpp,4b602e47428f3c7a1d03e7dbdf039fbc60ab9db61dafeeff3e9c8bf3a8261ca1,False,actuator_answer,0.1,-0.35551121830940247,-1.98051118850708,True,False
2474,mbpp_884:0:0:1,mbpp,4b602e47428f3c7a1d03e7dbdf039fbc60ab9db61dafeeff3e9c8bf3a8261ca1,False,actuator_answer,0.2,-0.08049654960632324,-5.330496788024902,True,False
2474,mbpp_884:0:0:1,mbpp,4b602e47428f3c7a1d03e7dbdf039fbc60ab9db61dafeeff3e9c8bf3a8261ca1,False,actuator_answer,0.4,-0.1076502650976181,-19.451400756835938,True,False
2474,mbpp_884:0:0:1,mbpp,4b602e47428f3c7a1d03e7dbdf039fbc60ab9db61dafeeff3e9c8bf3a8261ca1,False,actuator_answer,0.8,-0.2081468105316162,-75.08314514160156,True,False
2475,mbpp_884:0:0:2,mbpp,4b602e47428f3c7a1d03e7dbdf039fbc60ab9db61dafeeff3e9c8bf3a8261ca1,False,baseline,0.0,-1.353700876235962,-0.6037009358406067,False,True
2475,mbpp_884:0:0:2,mbpp,4b602e47428f3c7a1d03e7dbdf039fbc60ab9db61dafeeff3e9c8bf3a8261ca1,False,if_true,0.05,-1.3309600353240967,-0.7059599757194519,False,True
2475,mbpp_884:0:0:2,mbpp,4b602e47428f3c7a1d03e7dbdf039fbc60ab9db61dafeeff3e9c8bf3a8261ca1,False,if_true,0.1,-1.2457695007324219,-0.7457695007324219,False,True
2475,mbpp_884:0:0:2,mbpp,4b602e47428f3c7a1d03e7dbdf039fbc60ab9db61dafeeff3e9c8bf3a8261ca1,False,if_true,0.2,-1.2140555381774902,-0.839055597782135,False,True
2475,mbpp_884:0:0:2,mbpp,4b602e47428f3c7a1d03e7dbdf039fbc60ab9db61dafeeff3e9c8bf3a8261ca1,False,if_true,0.4,-1.0327489376068115,-1.0327489376068115,False,True
2475,mbpp_884:0:0:2,mbpp,4b602e47428f3c7a1d03e7dbdf039fbc60ab9db61dafeeff3e9c8bf3a8261ca1,False,if_true,0.8,-0.7098219990730286,-1.3348219394683838,True,False
2475,mbpp_884:0:0:2,mbpp,4b602e47428f3c7a1d03e7dbdf039fbc60ab9db61dafeeff3e9c8bf3a8261ca1,False,if_away,0.05,-1.4243667125701904,-0.5493667721748352,False,True
2475,mbpp_884:0:0:2,mbpp,4b602e47428f3c7a1d03e7dbdf039fbc60ab9db61dafeeff3e9c8bf3a8261ca1,False,if_away,0.1,-1.5396366119384766,-0.5396366715431213,False,True
2475,mbpp_884:0:0:2,mbpp,4b602e47428f3c7a1d03e7dbdf039fbc60ab9db61dafeeff3e9c8bf3a8261ca1,False,if_away,0.2,-1.665342092514038,-0.5403420925140381,False,True
2475,mbpp_884:0:0:2,mbpp,4b602e47428f3c7a1d03e7dbdf039fbc60ab9db61dafeeff3e9c8bf3a8261ca1,False,if_away,0.4,-1.874696969985962,-0.4996970295906067,False,True
2475,mbpp_884:0:0:2,mbpp,4b602e47428f3c7a1d03e7dbdf039fbc60ab9db61dafeeff3e9c8bf3a8261ca1,False,if_away,0.8,-1.5719010829925537,-0.5719010233879089,False,True
2475,mbpp_884:0:0:2,mbpp,4b602e47428f3c7a1d03e7dbdf039fbc60ab9db61dafeeff3e9c8bf3a8261ca1,False,answer_true,0.05,-1.3541522026062012,-0.6041521430015564,False,True
2475,mbpp_884:0:0:2,mbpp,4b602e47428f3c7a1d03e7dbdf039fbc60ab9db61dafeeff3e9c8bf3a8261ca1,False,answer_true,0.1,-1.4530024528503418,-0.578002393245697,False,True
2475,mbpp_884:0:0:2,mbpp,4b602e47428f3c7a1d03e7dbdf039fbc60ab9db61dafeeff3e9c8bf3a8261ca1,False,answer_true,0.2,-1.5637738704681396,-0.5637738108634949,False,True
2475,mbpp_884:0:0:2,mbpp,4b602e47428f3c7a1d03e7dbdf039fbc60ab9db61dafeeff3e9c8bf3a8261ca1,False,answer_true,0.4,-1.8377838134765625,-0.7440338730812073,False,True
2475,mbpp_884:0:0:2,mbpp,4b602e47428f3c7a1d03e7dbdf039fbc60ab9db61dafeeff3e9c8bf3a8261ca1,False,answer_true,0.8,-5.847708225250244,-5.613333225250244,False,False
2475,mbpp_884:0:0:2,mbpp,4b602e47428f3c7a1d03e7dbdf039fbc60ab9db61dafeeff3e9c8bf3a8261ca1,False,answer_away,0.05,-1.3958625793457031,-0.6458625197410583,False,True
2475,mbpp_884:0:0:2,mbpp,4b602e47428f3c7a1d03e7dbdf039fbc60ab9db61dafeeff3e9c8bf3a8261ca1,False,answer_away,0.1,-1.3518189191818237,-0.6018189191818237,False,True
2475,mbpp_884:0:0:2,mbpp,4b602e47428f3c7a1d03e7dbdf039fbc60ab9db61dafeeff3e9c8bf3a8261ca1,False,answer_away,0.2,-1.3810679912567139,-0.5060679316520691,False,True
2475,mbpp_884:0:0:2,mbpp,4b602e47428f3c7a1d03e7dbdf039fbc60ab9db61dafeeff3e9c8bf3a8261ca1,False,answer_away,0.4,-3.6542532444000244,-0.7167532444000244,False,True
2475,mbpp_884:0:0:2,mbpp,4b602e47428f3c7a1d03e7dbdf039fbc60ab9db61dafeeff3e9c8bf3a8261ca1,False,answer_away,0.8,-11.57685661315918,-11.50263786315918,False,False
2475,mbpp_884:0:0:2,mbpp,4b602e47428f3c7a1d03e7dbdf039fbc60ab9db61dafeeff3e9c8bf3a8261ca1,False,random_if,0.05,-1.3734699487686157,-0.6234699487686157,False,True
2475,mbpp_884:0:0:2,mbpp,4b602e47428f3c7a1d03e7dbdf039fbc60ab9db61dafeeff3e9c8bf3a8261ca1,False,random_if,0.1,-1.331467866897583,-0.7064679265022278,False,True
2475,mbpp_884:0:0:2,mbpp,4b602e47428f3c7a1d03e7dbdf039fbc60ab9db61dafeeff3e9c8bf3a8261ca1,False,random_if,0.2,-1.4016780853271484,-0.6516781449317932,False,True
2475,mbpp_884:0:0:2,mbpp,4b602e47428f3c7a1d03e7dbdf039fbc60ab9db61dafeeff3e9c8bf3a8261ca1,False,random_if,0.4,-1.368720293045044,-0.7437202334403992,False,True
2475,mbpp_884:0:0:2,mbpp,4b602e47428f3c7a1d03e7dbdf039fbc60ab9db61dafeeff3e9c8bf3a8261ca1,False,random_if,0.8,-1.4316010475158691,-0.8066010475158691,False,True
2475,mbpp_884:0:0:2,mbpp,4b602e47428f3c7a1d03e7dbdf039fbc60ab9db61dafeeff3e9c8bf3a8261ca1,False,random_answer,0.05,-1.2846107482910156,-0.6596108078956604,False,True
2475,mbpp_884:0:0:2,mbpp,4b602e47428f3c7a1d03e7dbdf039fbc60ab9db61dafeeff3e9c8bf3a8261ca1,False,random_answer,0.1,-1.2738966941833496,-0.7738966941833496,False,True
2475,mbpp_884:0:0:2,mbpp,4b602e47428f3c7a1d03e7dbdf039fbc60ab9db61dafeeff3e9c8bf3a8261ca1,False,random_answer,0.2,-1.1996514797210693,-0.8246515393257141,False,True
2475,mbpp_884:0:0:2,mbpp,4b602e47428f3c7a1d03e7dbdf039fbc60ab9db61dafeeff3e9c8bf3a8261ca1,False,random_answer,0.4,-1.3629827499389648,-0.8629827499389648,False,True
2475,mbpp_884:0:0:2,mbpp,4b602e47428f3c7a1d03e7dbdf039fbc60ab9db61dafeeff3e9c8bf3a8261ca1,False,random_answer,0.8,-2.7727389335632324,-2.2102389335632324,False,False
2475,mbpp_884:0:0:2,mbpp,4b602e47428f3c7a1d03e7dbdf039fbc60ab9db61dafeeff3e9c8bf3a8261ca1,False,shuffled_if,0.05,-1.3726305961608887,-0.6226305365562439,False,True
2475,mbpp_884:0:0:2,mbpp,4b602e47428f3c7a1d03e7dbdf039fbc60ab9db61dafeeff3e9c8bf3a8261ca1,False,shuffled_if,0.1,-1.3729411363601685,-0.6229411363601685,False,True
2475,mbpp_884:0:0:2,mbpp,4b602e47428f3c7a1d03e7dbdf039fbc60ab9db61dafeeff3e9c8bf3a8261ca1,False,shuffled_if,0.2,-1.4003021717071533,-0.6503022313117981,False,True
2475,mbpp_884:0:0:2,mbpp,4b602e47428f3c7a1d03e7dbdf039fbc60ab9db61dafeeff3e9c8bf3a8261ca1,False,shuffled_if,0.4,-1.283803939819336,-0.7838039398193359,False,True
2475,mbpp_884:0:0:2,mbpp,4b602e47428f3c7a1d03e7dbdf039fbc60ab9db61dafeeff3e9c8bf3a8261ca1,False,shuffled_if,0.8,-1.2365615367889404,-0.9865615367889404,False,True
2475,mbpp_884:0:0:2,mbpp,4b602e47428f3c7a1d03e7dbdf039fbc60ab9db61dafeeff3e9c8bf3a8261ca1,False,actuator_answer,0.05,-0.6998431086540222,-1.199843168258667,True,False
2475,mbpp_884:0:0:2,mbpp,4b602e47428f3c7a1d03e7dbdf039fbc60ab9db61dafeeff3e9c8bf3a8261ca1,False,actuator_answer,0.1,-0.3521978259086609,-1.9771978855133057,True,False
2475,mbpp_884:0:0:2,mbpp,4b602e47428f3c7a1d03e7dbdf039fbc60ab9db61dafeeff3e9c8bf3a8261ca1,False,actuator_answer,0.2,-0.08188607543706894,-5.206886291503906,True,False
2475,mbpp_884:0:0:2,mbpp,4b602e47428f3c7a1d03e7dbdf039fbc60ab9db61dafeeff3e9c8bf3a8261ca1,False,actuator_answer,0.4,-0.11878801882266998,-19.40003776550293,True,False
2475,mbpp_884:0:0:2,mbpp,4b602e47428f3c7a1d03e7dbdf039fbc60ab9db61dafeeff3e9c8bf3a8261ca1,False,actuator_answer,0.8,-0.2315300852060318,-74.98152923583984,True,False
2476,mbpp_884:1:0:0,mbpp,4b602e47428f3c7a1d03e7dbdf039fbc60ab9db61dafeeff3e9c8bf3a8261ca1,False,baseline,0.0,-1.2744317054748535,-0.5244317054748535,False,True
2476,mbpp_884:1:0:0,mbpp,4b602e47428f3c7a1d03e7dbdf039fbc60ab9db61dafeeff3e9c8bf3a8261ca1,False,if_true,0.05,-1.2885843515396118,-0.5385843515396118,False,True
2476,mbpp_884:1:0:0,mbpp,4b602e47428f3c7a1d03e7dbdf039fbc60ab9db61dafeeff3e9c8bf3a8261ca1,False,if_true,0.1,-1.234093427658081,-0.609093427658081,False,True
2476,mbpp_884:1:0:0,mbpp,4b602e47428f3c7a1d03e7dbdf039fbc60ab9db61dafeeff3e9c8bf3a8261ca1,False,if_true,0.2,-1.1046578884124756,-0.7296578884124756,False,True
2476,mbpp_884:1:0:0,mbpp,4b602e47428f3c7a1d03e7dbdf039fbc60ab9db61dafeeff3e9c8bf3a8261ca1,False,if_true,0.4,-0.9680132865905762,-0.8430132865905762,False,True
2476,mbpp_884:1:0:0,mbpp,4b602e47428f3c7a1d03e7dbdf039fbc60ab9db61dafeeff3e9c8bf3a8261ca1,False,if_true,0.8,-0.6386152505874634,-1.1386152505874634,True,False
2476,mbpp_884:1:0:0,mbpp,4b602e47428f3c7a1d03e7dbdf039fbc60ab9db61dafeeff3e9c8bf3a8261ca1,False,if_away,0.05,-1.3636935949325562,-0.48869359493255615,False,True
2476,mbpp_884:1:0:0,mbpp,4b602e47428f3c7a1d03e7dbdf039fbc60ab9db61dafeeff3e9c8bf3a8261ca1,False,if_away,0.1,-1.4601058959960938,-0.4601059556007385,False,True
2476,mbpp_884:1:0:0,mbpp,4b602e47428f3c7a1d03e7dbdf039fbc60ab9db61dafeeff3e9c8bf3a8261ca1,False,if_away,0.2,-1.6552332639694214,-0.4052332639694214,False,True
2476,mbpp_884:1:0:0,mbpp,4b602e47428f3c7a1d03e7dbdf039fbc60ab9db61dafeeff3e9c8bf3a8261ca1,False,if_away,0.4,-1.7922917604446411,-0.4172917604446411,False,True
2476,mbpp_884:1:0:0,mbpp,4b602e47428f3c7a1d03e7dbdf039fbc60ab9db61dafeeff3e9c8bf3a8261ca1,False,if_away,0.8,-1.5742120742797852,-0.44921204447746277,False,True
2476,mbpp_884:1:0:0,mbpp,4b602e47428f3c7a1d03e7dbdf039fbc60ab9db61dafeeff3e9c8bf3a8261ca1,False,answer_true,0.05,-1.2790168523788452,-0.5290168523788452,False,True
2476,mbpp_884:1:0:0,mbpp,4b602e47428f3c7a1d03e7dbdf039fbc60ab9db61dafeeff3e9c8bf3a8261ca1,False,answer_true,0.1,-1.3727272748947144,-0.49772727489471436,False,True
2476,mbpp_884:1:0:0,mbpp,4b602e47428f3c7a1d03e7dbdf039fbc60ab9db61dafeeff3e9c8bf3a8261ca1,False,answer_true,0.2,-1.4857170581817627,-0.4857169985771179,False,True
2476,mbpp_884:1:0:0,mbpp,4b602e47428f3c7a1d03e7dbdf039fbc60ab9db61dafeeff3e9c8bf3a8261ca1,False,answer_true,0.4,-1.8466882705688477,-0.6748132109642029,False,True
2476,mbpp_884:1:0:0,mbpp,4b602e47428f3c7a1d03e7dbdf039fbc60ab9db61dafeeff3e9c8bf3a8261ca1,False,answer_true,0.8,-5.838934421539307,-5.604559421539307,False,False
2476,mbpp_884:1:0:0,mbpp,4b602e47428f3c7a1d03e7dbdf039fbc60ab9db61dafeeff3e9c8bf3a8261ca1,False,answer_away,0.05,-1.2703421115875244,-0.5203421115875244,False,True
2476,mbpp_884:1:0:0,mbpp,4b602e47428f3c7a1d03e7dbdf039fbc60ab9db61dafeeff3e9c8bf3a8261ca1,False,answer_away,0.1,-1.181891918182373,-0.5568918585777283,False,True
2476,mbpp_884:1:0:0,mbpp,4b602e47428f3c7a1d03e7dbdf039fbc60ab9db61dafeeff3e9c8bf3a8261ca1,False,answer_away,0.2,-1.412479043006897,-0.412479043006897,False,True
2476,mbpp_884:1:0:0,mbpp,4b602e47428f3c7a1d03e7dbdf039fbc60ab9db61dafeeff3e9c8bf3a8261ca1,False,answer_away,0.4,-3.9390981197357178,-0.5015981197357178,False,True
2476,mbpp_884:1:0:0,mbpp,4b602e47428f3c7a1d03e7dbdf039fbc60ab9db61dafeeff3e9c8bf3a8261ca1,False,answer_away,0.8,-11.535285949707031,-11.422004699707031,False,False
2476,mbpp_884:1:0:0,mbpp,4b602e47428f3c7a1d03e7dbdf039fbc60ab9db61dafeeff3e9c8bf3a8261ca1,False,random_if,0.05,-1.3662445545196533,-0.4912446141242981,False,True
2476,mbpp_884:1:0:0,mbpp,4b602e47428f3c7a1d03e7dbdf039fbc60ab9db61dafeeff3e9c8bf3a8261ca1,False,random_if,0.1,-1.365661859512329,-0.4906618893146515,False,True
2476,mbpp_884:1:0:0,mbpp,4b602e47428f3c7a1d03e7dbdf039fbc60ab9db61dafeeff3e9c8bf3a8261ca1,False,random_if,0.2,-1.289517879486084,-0.5395179390907288,False,True
2476,mbpp_884:1:0:0,mbpp,4b602e47428f3c7a1d03e7dbdf039fbc60ab9db61dafeeff3e9c8bf3a8261ca1,False,random_if,0.4,-1.3814774751663208,-0.5064774751663208,False,True
2476,mbpp_884:1:0:0,mbpp,4b602e47428f3c7a1d03e7dbdf039fbc60ab9db61dafeeff3e9c8bf3a8261ca1,False,random_if,0.8,-1.4183261394500732,-0.5433261394500732,False,True
2476,mbpp_884:1:0:0,mbpp,4b602e47428f3c7a1d03e7dbdf039fbc60ab9db61dafeeff3e9c8bf3a8261ca1,False,random_answer,0.05,-1.1988697052001953,-0.5738696455955505,False,True
2476,mbpp_884:1:0:0,mbpp,4b602e47428f3c7a1d03e7dbdf039fbc60ab9db61dafeeff3e9c8bf3a8261ca1,False,random_answer,0.1,-1.2598679065704346,-0.5098679661750793,False,True
2476,mbpp_884:1:0:0,mbpp,4b602e47428f3c7a1d03e7dbdf039fbc60ab9db61dafeeff3e9c8bf3a8261ca1,False,random_answer,0.2,-1.1586530208587646,-0.5336530208587646,False,True
2476,mbpp_884:1:0:0,mbpp,4b602e47428f3c7a1d03e7dbdf039fbc60ab9db61dafeeff3e9c8bf3a8261ca1,False,random_answer,0.4,-0.9606776833534241,-0.5856776833534241,False,True
2476,mbpp_884:1:0:0,mbpp,4b602e47428f3c7a1d03e7dbdf039fbc60ab9db61dafeeff3e9c8bf3a8261ca1,False,random_answer,0.8,-1.5499213933944702,-3.4249215126037598,True,False
2476,mbpp_884:1:0:0,mbpp,4b602e47428f3c7a1d03e7dbdf039fbc60ab9db61dafeeff3e9c8bf3a8261ca1,False,shuffled_if,0.05,-1.2875285148620605,-0.5375285148620605,False,True
2476,mbpp_884:1:0:0,mbpp,4b602e47428f3c7a1d03e7dbdf039fbc60ab9db61dafeeff3e9c8bf3a8261ca1,False,shuffled_if,0.1,-1.2747881412506104,-0.5247881412506104,False,True
2476,mbpp_884:1:0:0,mbpp,4b602e47428f3c7a1d03e7dbdf039fbc60ab9db61dafeeff3e9c8bf3a8261ca1,False,shuffled_if,0.2,-1.2919673919677734,-0.5419674515724182,False,True
2476,mbpp_884:1:0:0,mbpp,4b602e47428f3c7a1d03e7dbdf039fbc60ab9db61dafeeff3e9c8bf3a8261ca1,False,shuffled_if,0.4,-1.2582318782806396,-0.6332319378852844,False,True
2476,mbpp_884:1:0:0,mbpp,4b602e47428f3c7a1d03e7dbdf039fbc60ab9db61dafeeff3e9c8bf3a8261ca1,False,shuffled_if,0.8,-1.1758286952972412,-0.8008286952972412,False,True
2476,mbpp_884:1:0:0,mbpp,4b602e47428f3c7a1d03e7dbdf039fbc60ab9db61dafeeff3e9c8bf3a8261ca1,False,actuator_answer,0.05,-0.7091137170791626,-0.9591137170791626,True,False
2476,mbpp_884:1:0:0,mbpp,4b602e47428f3c7a1d03e7dbdf039fbc60ab9db61dafeeff3e9c8bf3a8261ca1,False,actuator_answer,0.1,-0.2893887758255005,-1.9143887758255005,True,False
2476,mbpp_884:1:0:0,mbpp,4b602e47428f3c7a1d03e7dbdf039fbc60ab9db61dafeeff3e9c8bf3a8261ca1,False,actuator_answer,0.2,-0.06322947144508362,-5.063229560852051,True,False
2476,mbpp_884:1:0:0,mbpp,4b602e47428f3c7a1d03e7dbdf039fbc60ab9db61dafeeff3e9c8bf3a8261ca1,False,actuator_answer,0.4,-0.08887903392314911,-19.620128631591797,True,False
2476,mbpp_884:1:0:0,mbpp,4b602e47428f3c7a1d03e7dbdf039fbc60ab9db61dafeeff3e9c8bf3a8261ca1,False,actuator_answer,0.8,-0.21503515541553497,-75.46503448486328,True,False
2479,mbpp_884:2:0:1,mbpp,4b602e47428f3c7a1d03e7dbdf039fbc60ab9db61dafeeff3e9c8bf3a8261ca1,False,baseline,0.0,-1.2850160598754883,-0.5350160598754883,False,True
2479,mbpp_884:2:0:1,mbpp,4b602e47428f3c7a1d03e7dbdf039fbc60ab9db61dafeeff3e9c8bf3a8261ca1,False,if_true,0.05,-1.3016172647476196,-0.5516172647476196,False,True
2479,mbpp_884:2:0:1,mbpp,4b602e47428f3c7a1d03e7dbdf039fbc60ab9db61dafeeff3e9c8bf3a8261ca1,False,if_true,0.1,-1.1620787382125854,-0.6620787382125854,False,True
2479,mbpp_884:2:0:1,mbpp,4b602e47428f3c7a1d03e7dbdf039fbc60ab9db61dafeeff3e9c8bf3a8261ca1,False,if_true,0.2,-1.0809414386749268,-0.7059414982795715,False,True
2479,mbpp_884:2:0:1,mbpp,4b602e47428f3c7a1d03e7dbdf039fbc60ab9db61dafeeff3e9c8bf3a8261ca1,False,if_true,0.4,-0.8927810192108154,-0.8927810192108154,False,True
2479,mbpp_884:2:0:1,mbpp,4b602e47428f3c7a1d03e7dbdf039fbc60ab9db61dafeeff3e9c8bf3a8261ca1,False,if_true,0.8,-0.5772910118103027,-1.2022910118103027,True,False
2479,mbpp_884:2:0:1,mbpp,4b602e47428f3c7a1d03e7dbdf039fbc60ab9db61dafeeff3e9c8bf3a8261ca1,False,if_away,0.05,-1.3631656169891357,-0.4881656765937805,False,True
2479,mbpp_884:2:0:1,mbpp,4b602e47428f3c7a1d03e7dbdf039fbc60ab9db61dafeeff3e9c8bf3a8261ca1,False,if_away,0.1,-1.551919937133789,-0.42691999673843384,False,True
2479,mbpp_884:2:0:1,mbpp,4b602e47428f3c7a1d03e7dbdf039fbc60ab9db61dafeeff3e9c8bf3a8261ca1,False,if_away,0.2,-1.6540145874023438,-0.4040146470069885,False,True
2479,mbpp_884:2:0:1,mbpp,4b602e47428f3c7a1d03e7dbdf039fbc60ab9db61dafeeff3e9c8bf3a8261ca1,False,if_away,0.4,-1.789698839187622,-0.41469889879226685,False,True
2479,mbpp_884:2:0:1,mbpp,4b602e47428f3c7a1d03e7dbdf039fbc60ab9db61dafeeff3e9c8bf3a8261ca1,False,if_away,0.8,-1.6545956134796143,-0.40459561347961426,False,True
2479,mbpp_884:2:0:1,mbpp,4b602e47428f3c7a1d03e7dbdf039fbc60ab9db61dafeeff3e9c8bf3a8261ca1,False,answer_true,0.05,-1.290792465209961,-0.5407924652099609,False,True
2479,mbpp_884:2:0:1,mbpp,4b602e47428f3c7a1d03e7dbdf039fbc60ab9db61dafeeff3e9c8bf3a8261ca1,False,answer_true,0.1,-1.3731119632720947,-0.4981119930744171,False,True
2479,mbpp_884:2:0:1,mbpp,4b602e47428f3c7a1d03e7dbdf039fbc60ab9db61dafeeff3e9c8bf3a8261ca1,False,answer_true,0.2,-1.5844590663909912,-0.4594590961933136,False,True
2479,mbpp_884:2:0:1,mbpp,4b602e47428f3c7a1d03e7dbdf039fbc60ab9db61dafeeff3e9c8bf3a8261ca1,False,answer_true,0.4,-1.9097046852111816,-0.6753297448158264,False,True
2479,mbpp_884:2:0:1,mbpp,4b602e47428f3c7a1d03e7dbdf039fbc60ab9db61dafeeff3e9c8bf3a8261ca1,False,answer_true,0.8,-5.9432220458984375,-5.6463470458984375,False,False
2479,mbpp_884:2:0:1,mbpp,4b602e47428f3c7a1d03e7dbdf039fbc60ab9db61dafeeff3e9c8bf3a8261ca1,False,answer_away,0.05,-1.2711131572723389,-0.5211130976676941,False,True
2479,mbpp_884:2:0:1,mbpp,4b602e47428f3c7a1d03e7dbdf039fbc60ab9db61dafeeff3e9c8bf3a8261ca1,False,answer_away,0.1,-1.2677521705627441,-0.5177521705627441,False,True
2479,mbpp_884:2:0:1,mbpp,4b602e47428f3c7a1d03e7dbdf039fbc60ab9db61dafeeff3e9c8bf3a8261ca1,False,answer_away,0.2,-1.5066380500793457,-0.3816379904747009,False,True
2479,mbpp_884:2:0:1,mbpp,4b602e47428f3c7a1d03e7dbdf039fbc60ab9db61dafeeff3e9c8bf3a8261ca1,False,answer_away,0.4,-3.9392786026000977,-0.5017787218093872,False,True
2479,mbpp_884:2:0:1,mbpp,4b602e47428f3c7a1d03e7dbdf039fbc60ab9db61dafeeff3e9c8bf3a8261ca1,False,answer_away,0.8,-11.559947967529297,-11.388072967529297,False,False
2479,mbpp_884:2:0:1,mbpp,4b602e47428f3c7a1d03e7dbdf039fbc60ab9db61dafeeff3e9c8bf3a8261ca1,False,random_if,0.05,-1.362563133239746,-0.4875631332397461,False,True
2479,mbpp_884:2:0:1,mbpp,4b602e47428f3c7a1d03e7dbdf039fbc60ab9db61dafeeff3e9c8bf3a8261ca1,False,random_if,0.1,-1.363365650177002,-0.48836565017700195,False,True
2479,mbpp_884:2:0:1,mbpp,4b602e47428f3c7a1d03e7dbdf039fbc60ab9db61dafeeff3e9c8bf3a8261ca1,False,random_if,0.2,-1.2877990007400513,-0.5377990007400513,False,True
2479,mbpp_884:2:0:1,mbpp,4b602e47428f3c7a1d03e7dbdf039fbc60ab9db61dafeeff3e9c8bf3a8261ca1,False,random_if,0.4,-1.4735832214355469,-0.47358328104019165,False,True
2479,mbpp_884:2:0:1,mbpp,4b602e47428f3c7a1d03e7dbdf039fbc60ab9db61dafeeff3e9c8bf3a8261ca1,False,random_if,0.8,-1.397676944732666,-0.522676944732666,False,True
2479,mbpp_884:2:0:1,mbpp,4b602e47428f3c7a1d03e7dbdf039fbc60ab9db61dafeeff3e9c8bf3a8261ca1,False,random_answer,0.05,-1.2856502532958984,-0.5356501936912537,False,True
2479,mbpp_884:2:0:1,mbpp,4b602e47428f3c7a1d03e7dbdf039fbc60ab9db61dafeeff3e9c8bf3a8261ca1,False,random_answer,0.1,-1.2713274955749512,-0.5213274359703064,False,True
2479,mbpp_884:2:0:1,mbpp,4b602e47428f3c7a1d03e7dbdf039fbc60ab9db61dafeeff3e9c8bf3a8261ca1,False,random_answer,0.2,-1.182114839553833,-0.5571147799491882,False,True
2479,mbpp_884:2:0:1,mbpp,4b602e47428f3c7a1d03e7dbdf039fbc60ab9db61dafeeff3e9c8bf3a8261ca1,False,random_answer,0.4,-1.3311665058135986,-0.4561665654182434,False,True
2479,mbpp_884:2:0:1,mbpp,4b602e47428f3c7a1d03e7dbdf039fbc60ab9db61dafeeff3e9c8bf3a8261ca1,False,random_answer,0.8,-1.4661273956298828,-1.3411273956298828,False,False
2479,mbpp_884:2:0:1,mbpp,4b602e47428f3c7a1d03e7dbdf039fbc60ab9db61dafeeff3e9c8bf3a8261ca1,False,shuffled_if,0.05,-1.376119613647461,-0.5011196136474609,False,True
2479,mbpp_884:2:0:1,mbpp,4b602e47428f3c7a1d03e7dbdf039fbc60ab9db61dafeeff3e9c8bf3a8261ca1,False,shuffled_if,0.1,-1.2857304811477661,-0.5357304811477661,False,True
2479,mbpp_884:2:0:1,mbpp,4b602e47428f3c7a1d03e7dbdf039fbc60ab9db61dafeeff3e9c8bf3a8261ca1,False,shuffled_if,0.2,-1.304513692855835,-0.554513692855835,False,True
2479,mbpp_884:2:0:1,mbpp,4b602e47428f3c7a1d03e7dbdf039fbc60ab9db61dafeeff3e9c8bf3a8261ca1,False,shuffled_if,0.4,-1.3085393905639648,-0.5585393905639648,False,True
2479,mbpp_884:2:0:1,mbpp,4b602e47428f3c7a1d03e7dbdf039fbc60ab9db61dafeeff3e9c8bf3a8261ca1,False,shuffled_if,0.8,-1.2062053680419922,-0.7062053084373474,False,True
2479,mbpp_884:2:0:1,mbpp,4b602e47428f3c7a1d03e7dbdf039fbc60ab9db61dafeeff3e9c8bf3a8261ca1,False,actuator_answer,0.05,-0.7712408900260925,-0.8962408900260925,True,False
2479,mbpp_884:2:0:1,mbpp,4b602e47428f3c7a1d03e7dbdf039fbc60ab9db61dafeeff3e9c8bf3a8261ca1,False,actuator_answer,0.1,-0.33242034912109375,-1.7074203491210938,True,False
2479,mbpp_884:2:0:1,mbpp,4b602e47428f3c7a1d03e7dbdf039fbc60ab9db61dafeeff3e9c8bf3a8261ca1,False,actuator_answer,0.2,-0.06916427612304688,-4.944164276123047,True,False
2479,mbpp_884:2:0:1,mbpp,4b602e47428f3c7a1d03e7dbdf039fbc60ab9db61dafeeff3e9c8bf3a8261ca1,False,actuator_answer,0.4,-0.08711280673742294,-19.618362426757812,True,False
2479,mbpp_884:2:0:1,mbpp,4b602e47428f3c7a1d03e7dbdf039fbc60ab9db61dafeeff3e9c8bf3a8261ca1,False,actuator_answer,0.8,-0.21503515541553497,-75.46503448486328,True,False
2480,mbpp_884:2:0:2,mbpp,4b602e47428f3c7a1d03e7dbdf039fbc60ab9db61dafeeff3e9c8bf3a8261ca1,False,baseline,0.0,-1.2842384576797485,-0.5342384576797485,False,True
2480,mbpp_884:2:0:2,mbpp,4b602e47428f3c7a1d03e7dbdf039fbc60ab9db61dafeeff3e9c8bf3a8261ca1,False,if_true,0.05,-1.2122567892074585,-0.5872567892074585,False,True
2480,mbpp_884:2:0:2,mbpp,4b602e47428f3c7a1d03e7dbdf039fbc60ab9db61dafeeff3e9c8bf3a8261ca1,False,if_true,0.1,-1.2296537160873413,-0.6046537160873413,False,True
2480,mbpp_884:2:0:2,mbpp,4b602e47428f3c7a1d03e7dbdf039fbc60ab9db61dafeeff3e9c8bf3a8261ca1,False,if_true,0.2,-1.0991272926330566,-0.7241273522377014,False,True
2480,mbpp_884:2:0:2,mbpp,4b602e47428f3c7a1d03e7dbdf039fbc60ab9db61dafeeff3e9c8bf3a8261ca1,False,if_true,0.4,-0.8918421864509583,-0.8918421864509583,False,True
2480,mbpp_884:2:0:2,mbpp,4b602e47428f3c7a1d03e7dbdf039fbc60ab9db61dafeeff3e9c8bf3a8261ca1,False,if_true,0.8,-0.6171590089797974,-1.1171590089797974,True,False
2480,mbpp_884:2:0:2,mbpp,4b602e47428f3c7a1d03e7dbdf039fbc60ab9db61dafeeff3e9c8bf3a8261ca1,False,if_away,0.05,-1.4544403553009033,-0.4544403553009033,False,True
2480,mbpp_884:2:0:2,mbpp,4b602e47428f3c7a1d03e7dbdf039fbc60ab9db61dafeeff3e9c8bf3a8261ca1,False,if_away,0.1,-1.4563205242156982,-0.45632052421569824,False,True
2480,mbpp_884:2:0:2,mbpp,4b602e47428f3c7a1d03e7dbdf039fbc60ab9db61dafeeff3e9c8bf3a8261ca1,False,if_away,0.2,-1.7371097803115845,-0.36210981011390686,False,True
2480,mbpp_884:2:0:2,mbpp,4b602e47428f3c7a1d03e7dbdf039fbc60ab9db61dafeeff3e9c8bf3a8261ca1,False,if_away,0.4,-1.7884621620178223,-0.41346219182014465,False,True
2480,mbpp_884:2:0:2,mbpp,4b602e47428f3c7a1d03e7dbdf039fbc60ab9db61dafeeff3e9c8bf3a8261ca1,False,if_away,0.8,-1.5540332794189453,-0.4290333092212677,False,True
2480,mbpp_884:2:0:2,mbpp,4b602e47428f3c7a1d03e7dbdf039fbc60ab9db61dafeeff3e9c8bf3a8261ca1,False,answer_true,0.05,-1.3654372692108154,-0.4904372990131378,False,True
2480,mbpp_884:2:0:2,mbpp,4b602e47428f3c7a1d03e7dbdf039fbc60ab9db61dafeeff3e9c8bf3a8261ca1,False,answer_true,0.1,-1.4651103019714355,-0.4651103615760803,False,True
2480,mbpp_884:2:0:2,mbpp,4b602e47428f3c7a1d03e7dbdf039fbc60ab9db61dafeeff3e9c8bf3a8261ca1,False,answer_true,0.2,-1.4997990131378174,-0.4997990131378174,False,True
2480,mbpp_884:2:0:2,mbpp,4b602e47428f3c7a1d03e7dbdf039fbc60ab9db61dafeeff3e9c8bf3a8261ca1,False,answer_true,0.4,-1.9094181060791016,-0.6828556656837463,False,True
2480,mbpp_884:2:0:2,mbpp,4b602e47428f3c7a1d03e7dbdf039fbc60ab9db61dafeeff3e9c8bf3a8261ca1,False,answer_true,0.8,-5.877338409423828,-5.596088409423828,False,False
2480,mbpp_884:2:0:2,mbpp,4b602e47428f3c7a1d03e7dbdf039fbc60ab9db61dafeeff3e9c8bf3a8261ca1,False,answer_away,0.05,-1.356474757194519,-0.48147475719451904,False,True
2480,mbpp_884:2:0:2,mbpp,4b602e47428f3c7a1d03e7dbdf039fbc60ab9db61dafeeff3e9c8bf3a8261ca1,False,answer_away,0.1,-1.1906623840332031,-0.5656624436378479,False,True
2480,mbpp_884:2:0:2,mbpp,4b602e47428f3c7a1d03e7dbdf039fbc60ab9db61dafeeff3e9c8bf3a8261ca1,False,answer_away,0.2,-1.3172221183776855,-0.44222205877304077,False,True
2480,mbpp_884:2:0:2,mbpp,4b602e47428f3c7a1d03e7dbdf039fbc60ab9db61dafeeff3e9c8bf3a8261ca1,False,answer_away,0.4,-3.9633164405822754,-0.46331650018692017,False,True
2480,mbpp_884:2:0:2,mbpp,4b602e47428f3c7a1d03e7dbdf039fbc60ab9db61dafeeff3e9c8bf3a8261ca1,False,answer_away,0.8,-11.623287200927734,-11.467037200927734,False,False
2480,mbpp_884:2:0:2,mbpp,4b602e47428f3c7a1d03e7dbdf039fbc60ab9db61dafeeff3e9c8bf3a8261ca1,False,random_if,0.05,-1.3600469827651978,-0.48504701256752014,False,True
2480,mbpp_884:2:0:2,mbpp,4b602e47428f3c7a1d03e7dbdf039fbc60ab9db61dafeeff3e9c8bf3a8261ca1,False,random_if,0.1,-1.3490638732910156,-0.4740638732910156,False,True
2480,mbpp_884:2:0:2,mbpp,4b602e47428f3c7a1d03e7dbdf039fbc60ab9db61dafeeff3e9c8bf3a8261ca1,False,random_if,0.2,-1.3600597381591797,-0.48505979776382446,False,True
2480,mbpp_884:2:0:2,mbpp,4b602e47428f3c7a1d03e7dbdf039fbc60ab9db61dafeeff3e9c8bf3a8261ca1,False,random_if,0.4,-1.3775651454925537,-0.5025652050971985,False,True
2480,mbpp_884:2:0:2,mbpp,4b602e47428f3c7a1d03e7dbdf039fbc60ab9db61dafeeff3e9c8bf3a8261ca1,False,random_if,0.8,-1.3972275257110596,-0.5222274661064148,False,True
2480,mbpp_884:2:0:2,mbpp,4b602e47428f3c7a1d03e7dbdf039fbc60ab9db61dafeeff3e9c8bf3a8261ca1,False,random_answer,0.05,-1.2822444438934326,-0.5322443842887878,False,True
2480,mbpp_884:2:0:2,mbpp,4b602e47428f3c7a1d03e7dbdf039fbc60ab9db61dafeeff3e9c8bf3a8261ca1,False,random_answer,0.1,-1.389136791229248,-0.514136791229248,False,True
2480,mbpp_884:2:0:2,mbpp,4b602e47428f3c7a1d03e7dbdf039fbc60ab9db61dafeeff3e9c8bf3a8261ca1,False,random_answer,0.2,-1.483855962753296,-0.4838560223579407,False,True
2480,mbpp_884:2:0:2,mbpp,4b602e47428f3c7a1d03e7dbdf039fbc60ab9db61dafeeff3e9c8bf3a8261ca1,False,random_answer,0.4,-1.542968511581421,-0.4179685115814209,False,True
2480,mbpp_884:2:0:2,mbpp,4b602e47428f3c7a1d03e7dbdf039fbc60ab9db61dafeeff3e9c8bf3a8261ca1,False,random_answer,0.8,-3.6356046199798584,-2.8856046199798584,False,False
2480,mbpp_884:2:0:2,mbpp,4b602e47428f3c7a1d03e7dbdf039fbc60ab9db61dafeeff3e9c8bf3a8261ca1,False,shuffled_if,0.05,-1.3758379220962524,-0.5008379220962524,False,True
2480,mbpp_884:2:0:2,mbpp,4b602e47428f3c7a1d03e7dbdf039fbc60ab9db61dafeeff3e9c8bf3a8261ca1,False,shuffled_if,0.1,-1.3747856616973877,-0.49978572130203247,False,True
2480,mbpp_884:2:0:2,mbpp,4b602e47428f3c7a1d03e7dbdf039fbc60ab9db61dafeeff3e9c8bf3a8261ca1,False,shuffled_if,0.2,-1.3779739141464233,-0.5029739141464233,False,True
2480,mbpp_884:2:0:2,mbpp,4b602e47428f3c7a1d03e7dbdf039fbc60ab9db61dafeeff3e9c8bf3a8261ca1,False,shuffled_if,0.4,-1.305688500404358,-0.5556885004043579,False,True
2480,mbpp_884:2:0:2,mbpp,4b602e47428f3c7a1d03e7dbdf039fbc60ab9db61dafeeff3e9c8bf3a8261ca1,False,shuffled_if,0.8,-1.1857244968414307,-0.6857244372367859,False,True
2480,mbpp_884:2:0:2,mbpp,4b602e47428f3c7a1d03e7dbdf039fbc60ab9db61dafeeff3e9c8bf3a8261ca1,False,actuator_answer,0.05,-0.7845671772956848,-0.9095671772956848,True,False
2480,mbpp_884:2:0:2,mbpp,4b602e47428f3c7a1d03e7dbdf039fbc60ab9db61dafeeff3e9c8bf3a8261ca1,False,actuator_answer,0.1,-0.36579129099845886,-1.6157913208007812,True,False
2480,mbpp_884:2:0:2,mbpp,4b602e47428f3c7a1d03e7dbdf039fbc60ab9db61dafeeff3e9c8bf3a8261ca1,False,actuator_answer,0.2,-0.056428976356983185,-5.056428909301758,True,False
2480,mbpp_884:2:0:2,mbpp,4b602e47428f3c7a1d03e7dbdf039fbc60ab9db61dafeeff3e9c8bf3a8261ca1,False,actuator_answer,0.4,-0.09470909833908081,-19.532209396362305,True,False
2480,mbpp_884:2:0:2,mbpp,4b602e47428f3c7a1d03e7dbdf039fbc60ab9db61dafeeff3e9c8bf3a8261ca1,False,actuator_answer,0.8,-0.2150353491306305,-75.46503448486328,True,False
2482,mbpp_885:1:0:1,mbpp,cc51da76e49dcdcd1fddb1e6f94f1c5cc057efa21ebc6685f784b56fbffb467a,False,baseline,0.0,-1.8607733249664307,-0.23577336966991425,False,True
2482,mbpp_885:1:0:1,mbpp,cc51da76e49dcdcd1fddb1e6f94f1c5cc057efa21ebc6685f784b56fbffb467a,False,if_true,0.05,-1.760290265083313,-0.2602902352809906,False,True
2482,mbpp_885:1:0:1,mbpp,cc51da76e49dcdcd1fddb1e6f94f1c5cc057efa21ebc6685f784b56fbffb467a,False,if_true,0.1,-1.7593882083892822,-0.25938817858695984,False,True
2482,mbpp_885:1:0:1,mbpp,cc51da76e49dcdcd1fddb1e6f94f1c5cc057efa21ebc6685f784b56fbffb467a,False,if_true,0.2,-1.5697578191757202,-0.3197578489780426,False,True
2482,mbpp_885:1:0:1,mbpp,cc51da76e49dcdcd1fddb1e6f94f1c5cc057efa21ebc6685f784b56fbffb467a,False,if_true,0.4,-1.3808165788650513,-0.38081657886505127,False,True
2482,mbpp_885:1:0:1,mbpp,cc51da76e49dcdcd1fddb1e6f94f1c5cc057efa21ebc6685f784b56fbffb467a,False,if_true,0.8,-0.7548848390579224,-0.7548848390579224,False,True
2482,mbpp_885:1:0:1,mbpp,cc51da76e49dcdcd1fddb1e6f94f1c5cc057efa21ebc6685f784b56fbffb467a,False,if_away,0.05,-1.9678095579147339,-0.21780957281589508,False,True
2482,mbpp_885:1:0:1,mbpp,cc51da76e49dcdcd1fddb1e6f94f1c5cc057efa21ebc6685f784b56fbffb467a,False,if_away,0.1,-2.07147216796875,-0.1964721828699112,False,True
2482,mbpp_885:1:0:1,mbpp,cc51da76e49dcdcd1fddb1e6f94f1c5cc057efa21ebc6685f784b56fbffb467a,False,if_away,0.2,-2.0726962089538574,-0.1976962387561798,False,True
2482,mbpp_885:1:0:1,mbpp,cc51da76e49dcdcd1fddb1e6f94f1c5cc057efa21ebc6685f784b56fbffb467a,False,if_away,0.4,-2.309812068939209,-0.1848120540380478,False,True
2482,mbpp_885:1:0:1,mbpp,cc51da76e49dcdcd1fddb1e6f94f1c5cc057efa21ebc6685f784b56fbffb467a,False,if_away,0.8,-2.231642723083496,-0.2316427230834961,False,True
2482,mbpp_885:1:0:1,mbpp,cc51da76e49dcdcd1fddb1e6f94f1c5cc057efa21ebc6685f784b56fbffb467a,False,answer_true,0.05,-1.8719040155410767,-0.24690401554107666,False,True
2482,mbpp_885:1:0:1,mbpp,cc51da76e49dcdcd1fddb1e6f94f1c5cc057efa21ebc6685f784b56fbffb467a,False,answer_true,0.1,-1.8945752382278442,-0.2695752680301666,False,True
2482,mbpp_885:1:0:1,mbpp,cc51da76e49dcdcd1fddb1e6f94f1c5cc057efa21ebc6685f784b56fbffb467a,False,answer_true,0.2,-2.056424617767334,-0.30642467737197876,False,True
2482,mbpp_885:1:0:1,mbpp,cc51da76e49dcdcd1fddb1e6f94f1c5cc057efa21ebc6685f784b56fbffb467a,False,answer_true,0.4,-2.304431438446045,-0.6979860663414001,False,True
2482,mbpp_885:1:0:1,mbpp,cc51da76e49dcdcd1fddb1e6f94f1c5cc057efa21ebc6685f784b56fbffb467a,False,answer_true,0.8,-6.078882694244385,-5.688257694244385,False,False
2482,mbpp_885:1:0:1,mbpp,cc51da76e49dcdcd1fddb1e6f94f1c5cc057efa21ebc6685f784b56fbffb467a,False,answer_away,0.05,-1.9559264183044434,-0.20592637360095978,False,True
2482,mbpp_885:1:0:1,mbpp,cc51da76e49dcdcd1fddb1e6f94f1c5cc057efa21ebc6685f784b56fbffb467a,False,answer_away,0.1,-2.054955005645752,-0.1799548864364624,False,True
2482,mbpp_885:1:0:1,mbpp,cc51da76e49dcdcd1fddb1e6f94f1c5cc057efa21ebc6685f784b56fbffb467a,False,answer_away,0.2,-2.3791677951812744,-0.12916779518127441,False,True
2482,mbpp_885:1:0:1,mbpp,cc51da76e49dcdcd1fddb1e6f94f1c5cc057efa21ebc6685f784b56fbffb467a,False,answer_away,0.4,-4.389316082000732,-0.07681602984666824,False,True
2482,mbpp_885:1:0:1,mbpp,cc51da76e49dcdcd1fddb1e6f94f1c5cc057efa21ebc6685f784b56fbffb467a,False,answer_away,0.8,-11.774177551269531,-11.324958801269531,False,False
2482,mbpp_885:1:0:1,mbpp,cc51da76e49dcdcd1fddb1e6f94f1c5cc057efa21ebc6685f784b56fbffb467a,False,random_if,0.05,-1.8642605543136597,-0.23926052451133728,False,True
2482,mbpp_885:1:0:1,mbpp,cc51da76e49dcdcd1fddb1e6f94f1c5cc057efa21ebc6685f784b56fbffb467a,False,random_if,0.1,-1.8580574989318848,-0.23305746912956238,False,True
2482,mbpp_885:1:0:1,mbpp,cc51da76e49dcdcd1fddb1e6f94f1c5cc057efa21ebc6685f784b56fbffb467a,False,random_if,0.2,-1.7588212490081787,-0.2588213086128235,False,True
2482,mbpp_885:1:0:1,mbpp,cc51da76e49dcdcd1fddb1e6f94f1c5cc057efa21ebc6685f784b56fbffb467a,False,random_if,0.4,-1.7593554258346558,-0.25935545563697815,False,True
2482,mbpp_885:1:0:1,mbpp,cc51da76e49dcdcd1fddb1e6f94f1c5cc057efa21ebc6685f784b56fbffb467a,False,random_if,0.8,-1.564666748046875,-0.3146667182445526,False,True
2482,mbpp_885:1:0:1,mbpp,cc51da76e49dcdcd1fddb1e6f94f1c5cc057efa21ebc6685f784b56fbffb467a,False,random_answer,0.05,-1.9645655155181885,-0.2145654708147049,False,True
2482,mbpp_885:1:0:1,mbpp,cc51da76e49dcdcd1fddb1e6f94f1c5cc057efa21ebc6685f784b56fbffb467a,False,random_answer,0.1,-1.967397689819336,-0.21739768981933594,False,True
2482,mbpp_885:1:0:1,mbpp,cc51da76e49dcdcd1fddb1e6f94f1c5cc057efa21ebc6685f784b56fbffb467a,False,random_answer,0.2,-2.177165985107422,-0.17716604471206665,False,True
2482,mbpp_885:1:0:1,mbpp,cc51da76e49dcdcd1fddb1e6f94f1c5cc057efa21ebc6685f784b56fbffb467a,False,random_answer,0.4,-2.403916835784912,-0.15391673147678375,False,True
2482,mbpp_885:1:0:1,mbpp,cc51da76e49dcdcd1fddb1e6f94f1c5cc057efa21ebc6685f784b56fbffb467a,False,random_answer,0.8,-2.725538492202759,-2.725538492202759,False,False
2482,mbpp_885:1:0:1,mbpp,cc51da76e49dcdcd1fddb1e6f94f1c5cc057efa21ebc6685f784b56fbffb467a,False,shuffled_if,0.05,-1.8621928691864014,-0.23719291388988495,False,True
2482,mbpp_885:1:0:1,mbpp,cc51da76e49dcdcd1fddb1e6f94f1c5cc057efa21ebc6685f784b56fbffb467a,False,shuffled_if,0.1,-1.765580177307129,-0.2655801773071289,False,True
2482,mbpp_885:1:0:1,mbpp,cc51da76e49dcdcd1fddb1e6f94f1c5cc057efa21ebc6685f784b56fbffb467a,False,shuffled_if,0.2,-1.6648188829421997,-0.2898188829421997,False,True
2482,mbpp_885:1:0:1,mbpp,cc51da76e49dcdcd1fddb1e6f94f1c5cc057efa21ebc6685f784b56fbffb467a,False,shuffled_if,0.4,-1.4793717861175537,-0.3543717861175537,False,True
2482,mbpp_885:1:0:1,mbpp,cc51da76e49dcdcd1fddb1e6f94f1c5cc057efa21ebc6685f784b56fbffb467a,False,shuffled_if,0.8,-1.0605199337005615,-0.5605198740959167,False,True
2482,mbpp_885:1:0:1,mbpp,cc51da76e49dcdcd1fddb1e6f94f1c5cc057efa21ebc6685f784b56fbffb467a,False,actuator_answer,0.05,-0.8219598531723022,-0.6969598531723022,False,True
2482,mbpp_885:1:0:1,mbpp,cc51da76e49dcdcd1fddb1e6f94f1c5cc057efa21ebc6685f784b56fbffb467a,False,actuator_answer,0.1,-0.2847365438938141,-1.6597365140914917,True,False
2482,mbpp_885:1:0:1,mbpp,cc51da76e49dcdcd1fddb1e6f94f1c5cc057efa21ebc6685f784b56fbffb467a,False,actuator_answer,0.2,-0.03683674708008766,-5.786836624145508,True,False
2482,mbpp_885:1:0:1,mbpp,cc51da76e49dcdcd1fddb1e6f94f1c5cc057efa21ebc6685f784b56fbffb467a,False,actuator_answer,0.4,-0.11165527254343033,-20.424156188964844,True,False
2482,mbpp_885:1:0:1,mbpp,cc51da76e49dcdcd1fddb1e6f94f1c5cc057efa21ebc6685f784b56fbffb467a,False,actuator_answer,0.8,-0.2596081793308258,-77.38460540771484,True,False
2483,mbpp_885:1:0:2,mbpp,cc51da76e49dcdcd1fddb1e6f94f1c5cc057efa21ebc6685f784b56fbffb467a,False,baseline,0.0,-2.1761889457702637,-0.17618899047374725,False,True
2483,mbpp_885:1:0:2,mbpp,cc51da76e49dcdcd1fddb1e6f94f1c5cc057efa21ebc6685f784b56fbffb467a,False,if_true,0.05,-2.0734620094299316,-0.19846190512180328,False,True
2483,mbpp_885:1:0:2,mbpp,cc51da76e49dcdcd1fddb1e6f94f1c5cc057efa21ebc6685f784b56fbffb467a,False,if_true,0.1,-1.966070532798767,-0.21607056260108948,False,True
2483,mbpp_885:1:0:2,mbpp,cc51da76e49dcdcd1fddb1e6f94f1c5cc057efa21ebc6685f784b56fbffb467a,False,if_true,0.2,-1.7614529132843018,-0.26145297288894653,False,True
2483,mbpp_885:1:0:2,mbpp,cc51da76e49dcdcd1fddb1e6f94f1c5cc057efa21ebc6685f784b56fbffb467a,False,if_true,0.4,-1.4745774269104004,-0.34957748651504517,False,True
2483,mbpp_885:1:0:2,mbpp,cc51da76e49dcdcd1fddb1e6f94f1c5cc057efa21ebc6685f784b56fbffb467a,False,if_true,0.8,-0.8855660557746887,-0.6355660557746887,False,True
2483,mbpp_885:1:0:2,mbpp,cc51da76e49dcdcd1fddb1e6f94f1c5cc057efa21ebc6685f784b56fbffb467a,False,if_away,0.05,-2.1734812259674072,-0.17348121106624603,False,True
2483,mbpp_885:1:0:2,mbpp,cc51da76e49dcdcd1fddb1e6f94f1c5cc057efa21ebc6685f784b56fbffb467a,False,if_away,0.1,-2.1778810024261475,-0.17788104712963104,False,True
2483,mbpp_885:1:0:2,mbpp,cc51da76e49dcdcd1fddb1e6f94f1c5cc057efa21ebc6685f784b56fbffb467a,False,if_away,0.2,-2.39880633354187,-0.14880630373954773,False,True
2483,mbpp_885:1:0:2,mbpp,cc51da76e49dcdcd1fddb1e6f94f1c5cc057efa21ebc6685f784b56fbffb467a,False,if_away,0.4,-2.53505802154541,-0.160057932138443,False,True
2483,mbpp_885:1:0:2,mbpp,cc51da76e49dcdcd1fddb1e6f94f1c5cc057efa21ebc6685f784b56fbffb467a,False,if_away,0.8,-2.4451904296875,-0.19519032537937164,False,True
2483,mbpp_885:1:0:2,mbpp,cc51da76e49dcdcd1fddb1e6f94f1c5cc057efa21ebc6685f784b56fbffb467a,False,answer_true,0.05,-2.0872905254364014,-0.21229061484336853,False,True
2483,mbpp_885:1:0:2,mbpp,cc51da76e49dcdcd1fddb1e6f94f1c5cc057efa21ebc6685f784b56fbffb467a,False,answer_true,0.1,-2.0957322120666504,-0.22073213756084442,False,True
2483,mbpp_885:1:0:2,mbpp,cc51da76e49dcdcd1fddb1e6f94f1c5cc057efa21ebc6685f784b56fbffb467a,False,answer_true,0.2,-2.1517879962921143,-0.27678802609443665,False,True
2483,mbpp_885:1:0:2,mbpp,cc51da76e49dcdcd1fddb1e6f94f1c5cc057efa21ebc6685f784b56fbffb467a,False,answer_true,0.4,-2.319288492202759,-0.7060073018074036,False,True
2483,mbpp_885:1:0:2,mbpp,cc51da76e49dcdcd1fddb1e6f94f1c5cc057efa21ebc6685f784b56fbffb467a,False,answer_true,0.8,-6.058455944061279,-5.652205944061279,False,False
2483,mbpp_885:1:0:2,mbpp,cc51da76e49dcdcd1fddb1e6f94f1c5cc057efa21ebc6685f784b56fbffb467a,False,answer_away,0.05,-2.1681554317474365,-0.16815532743930817,False,True
2483,mbpp_885:1:0:2,mbpp,cc51da76e49dcdcd1fddb1e6f94f1c5cc057efa21ebc6685f784b56fbffb467a,False,answer_away,0.1,-2.2724504470825195,-0.14745041728019714,False,True
2483,mbpp_885:1:0:2,mbpp,cc51da76e49dcdcd1fddb1e6f94f1c5cc057efa21ebc6685f784b56fbffb467a,False,answer_away,0.2,-2.489373207092285,-0.11437324434518814,False,True
2483,mbpp_885:1:0:2,mbpp,cc51da76e49dcdcd1fddb1e6f94f1c5cc057efa21ebc6685f784b56fbffb467a,False,answer_away,0.4,-4.444950103759766,-0.06995012611150742,False,True
2483,mbpp_885:1:0:2,mbpp,cc51da76e49dcdcd1fddb1e6f94f1c5cc057efa21ebc6685f784b56fbffb467a,False,answer_away,0.8,-11.847187995910645,-11.355000495910645,False,False
2483,mbpp_885:1:0:2,mbpp,cc51da76e49dcdcd1fddb1e6f94f1c5cc057efa21ebc6685f784b56fbffb467a,False,random_if,0.05,-2.1784493923187256,-0.17844945192337036,False,True
2483,mbpp_885:1:0:2,mbpp,cc51da76e49dcdcd1fddb1e6f94f1c5cc057efa21ebc6685f784b56fbffb467a,False,random_if,0.1,-2.06878924369812,-0.1937892884016037,False,True
2483,mbpp_885:1:0:2,mbpp,cc51da76e49dcdcd1fddb1e6f94f1c5cc057efa21ebc6685f784b56fbffb467a,False,random_if,0.2,-2.178225517272949,-0.17822542786598206,False,True
2483,mbpp_885:1:0:2,mbpp,cc51da76e49dcdcd1fddb1e6f94f1c5cc057efa21ebc6685f784b56fbffb467a,False,random_if,0.4,-2.1771273612976074,-0.1771273910999298,False,True
2483,mbpp_885:1:0:2,mbpp,cc51da76e49dcdcd1fddb1e6f94f1c5cc057efa21ebc6685f784b56fbffb467a,False,random_if,0.8,-2.1832547187805176,-0.183254674077034,False,True
2483,mbpp_885:1:0:2,mbpp,cc51da76e49dcdcd1fddb1e6f94f1c5cc057efa21ebc6685f784b56fbffb467a,False,random_answer,0.05,-2.173926830291748,-0.17392690479755402,False,True
2483,mbpp_885:1:0:2,mbpp,cc51da76e49dcdcd1fddb1e6f94f1c5cc057efa21ebc6685f784b56fbffb467a,False,random_answer,0.1,-2.2847983837127686,-0.15979836881160736,False,True
2483,mbpp_885:1:0:2,mbpp,cc51da76e49dcdcd1fddb1e6f94f1c5cc057efa21ebc6685f784b56fbffb467a,False,random_answer,0.2,-2.394226551055908,-0.144226536154747,False,True
2483,mbpp_885:1:0:2,mbpp,cc51da76e49dcdcd1fddb1e6f94f1c5cc057efa21ebc6685f784b56fbffb467a,False,random_answer,0.4,-3.089219808578491,-0.0892198234796524,False,True
2483,mbpp_885:1:0:2,mbpp,cc51da76e49dcdcd1fddb1e6f94f1c5cc057efa21ebc6685f784b56fbffb467a,False,random_answer,0.8,-3.1992874145507812,-0.6680375337600708,False,True
2483,mbpp_885:1:0:2,mbpp,cc51da76e49dcdcd1fddb1e6f94f1c5cc057efa21ebc6685f784b56fbffb467a,False,shuffled_if,0.05,-2.1759872436523438,-0.17598716914653778,False,True
2483,mbpp_885:1:0:2,mbpp,cc51da76e49dcdcd1fddb1e6f94f1c5cc057efa21ebc6685f784b56fbffb467a,False,shuffled_if,0.1,-2.071619749069214,-0.19661976397037506,False,True
2483,mbpp_885:1:0:2,mbpp,cc51da76e49dcdcd1fddb1e6f94f1c5cc057efa21ebc6685f784b56fbffb467a,False,shuffled_if,0.2,-1.9677921533584595,-0.21779212355613708,False,True
2483,mbpp_885:1:0:2,mbpp,cc51da76e49dcdcd1fddb1e6f94f1c5cc057efa21ebc6685f784b56fbffb467a,False,shuffled_if,0.4,-1.7680531740188599,-0.26805320382118225,False,True
2483,mbpp_885:1:0:2,mbpp,cc51da76e49dcdcd1fddb1e6f94f1c5cc057efa21ebc6685f784b56fbffb467a,False,shuffled_if,0.8,-1.2954533100128174,-0.4204532504081726,False,True
2483,mbpp_885:1:0:2,mbpp,cc51da76e49dcdcd1fddb1e6f94f1c5cc057efa21ebc6685f784b56fbffb467a,False,actuator_answer,0.05,-0.9558829665184021,-0.5808829665184021,False,True
2483,mbpp_885:1:0:2,mbpp,cc51da76e49dcdcd1fddb1e6f94f1c5cc057efa21ebc6685f784b56fbffb467a,False,actuator_answer,0.1,-0.3440743386745453,-1.4690743684768677,True,False
2483,mbpp_885:1:0:2,mbpp,cc51da76e49dcdcd1fddb1e6f94f1c5cc057efa21ebc6685f784b56fbffb467a,False,actuator_answer,0.2,-0.03923982009291649,-5.664239883422852,True,False
2483,mbpp_885:1:0:2,mbpp,cc51da76e49dcdcd1fddb1e6f94f1c5cc057efa21ebc6685f784b56fbffb467a,False,actuator_answer,0.4,-0.1151534765958786,-20.427654266357422,True,False
2483,mbpp_885:1:0:2,mbpp,cc51da76e49dcdcd1fddb1e6f94f1c5cc057efa21ebc6685f784b56fbffb467a,False,actuator_answer,0.8,-0.2697705328464508,-77.39476776123047,True,False
