row,member_id,split,source,group,taken,capable,condition,dose,logp_o,logp_flip,exact_o,exact_flip
2985,humaneval_HumanEval/64:4:0:0,real,humaneval,b57f26df9f89ecbc78b70861bcdbd4f80a8bbeb48d0b105149796f70c3a987e2,True,False,baseline,0.0,-0.8890808820724487,-0.9047058820724487,True,False
2985,humaneval_HumanEval/64:4:0:0,real,humaneval,b57f26df9f89ecbc78b70861bcdbd4f80a8bbeb48d0b105149796f70c3a987e2,True,False,semantic,0.02,-0.8896499276161194,-0.9052749276161194,True,False
2985,humaneval_HumanEval/64:4:0:0,real,humaneval,b57f26df9f89ecbc78b70861bcdbd4f80a8bbeb48d0b105149796f70c3a987e2,True,False,semantic,0.05,-0.8931457996368408,-0.9087707996368408,True,False
2985,humaneval_HumanEval/64:4:0:0,real,humaneval,b57f26df9f89ecbc78b70861bcdbd4f80a8bbeb48d0b105149796f70c3a987e2,True,False,semantic,0.1,-0.8955723643302917,-0.9111973643302917,True,False
2985,humaneval_HumanEval/64:4:0:0,real,humaneval,b57f26df9f89ecbc78b70861bcdbd4f80a8bbeb48d0b105149796f70c3a987e2,True,False,semantic,0.2,-0.872649073600769,-0.950774073600769,True,False
2985,humaneval_HumanEval/64:4:0:0,real,humaneval,b57f26df9f89ecbc78b70861bcdbd4f80a8bbeb48d0b105149796f70c3a987e2,True,False,semantic,0.4,-0.8371816873550415,-1.0090566873550415,True,False
2985,humaneval_HumanEval/64:4:0:0,real,humaneval,b57f26df9f89ecbc78b70861bcdbd4f80a8bbeb48d0b105149796f70c3a987e2,True,False,reverse,0.02,-0.8960216045379639,-0.8960216045379639,False,True
2985,humaneval_HumanEval/64:4:0:0,real,humaneval,b57f26df9f89ecbc78b70861bcdbd4f80a8bbeb48d0b105149796f70c3a987e2,True,False,reverse,0.05,-0.8868077993392944,-0.9024327993392944,True,False
2985,humaneval_HumanEval/64:4:0:0,real,humaneval,b57f26df9f89ecbc78b70861bcdbd4f80a8bbeb48d0b105149796f70c3a987e2,True,False,reverse,0.1,-0.8846487402915955,-0.9002737402915955,True,False
2985,humaneval_HumanEval/64:4:0:0,real,humaneval,b57f26df9f89ecbc78b70861bcdbd4f80a8bbeb48d0b105149796f70c3a987e2,True,False,reverse,0.2,-0.8781160116195679,-0.9093660116195679,True,False
2985,humaneval_HumanEval/64:4:0:0,real,humaneval,b57f26df9f89ecbc78b70861bcdbd4f80a8bbeb48d0b105149796f70c3a987e2,True,False,reverse,0.4,-0.8882227540016174,-0.9194727540016174,True,False
2985,humaneval_HumanEval/64:4:0:0,real,humaneval,b57f26df9f89ecbc78b70861bcdbd4f80a8bbeb48d0b105149796f70c3a987e2,True,False,random,0.02,-0.8890818953514099,-0.9047068953514099,True,False
2985,humaneval_HumanEval/64:4:0:0,real,humaneval,b57f26df9f89ecbc78b70861bcdbd4f80a8bbeb48d0b105149796f70c3a987e2,True,False,random,0.05,-0.8890807032585144,-0.9047057032585144,True,False
2985,humaneval_HumanEval/64:4:0:0,real,humaneval,b57f26df9f89ecbc78b70861bcdbd4f80a8bbeb48d0b105149796f70c3a987e2,True,False,random,0.1,-0.8822816610336304,-0.9135316610336304,True,False
2985,humaneval_HumanEval/64:4:0:0,real,humaneval,b57f26df9f89ecbc78b70861bcdbd4f80a8bbeb48d0b105149796f70c3a987e2,True,False,random,0.2,-0.8609854578971863,-0.9391104578971863,True,False
2985,humaneval_HumanEval/64:4:0:0,real,humaneval,b57f26df9f89ecbc78b70861bcdbd4f80a8bbeb48d0b105149796f70c3a987e2,True,False,random,0.4,-0.8425444960594177,-0.9831694960594177,True,False
2985,humaneval_HumanEval/64:4:0:0,real,humaneval,b57f26df9f89ecbc78b70861bcdbd4f80a8bbeb48d0b105149796f70c3a987e2,True,False,shuffled,0.02,-0.8954352140426636,-0.8954352140426636,False,True
2985,humaneval_HumanEval/64:4:0:0,real,humaneval,b57f26df9f89ecbc78b70861bcdbd4f80a8bbeb48d0b105149796f70c3a987e2,True,False,shuffled,0.05,-0.8884984254837036,-0.9041234254837036,True,False
2985,humaneval_HumanEval/64:4:0:0,real,humaneval,b57f26df9f89ecbc78b70861bcdbd4f80a8bbeb48d0b105149796f70c3a987e2,True,False,shuffled,0.1,-0.8789060115814209,-0.9101560115814209,True,False
2985,humaneval_HumanEval/64:4:0:0,real,humaneval,b57f26df9f89ecbc78b70861bcdbd4f80a8bbeb48d0b105149796f70c3a987e2,True,False,shuffled,0.2,-0.8593366146087646,-0.9218366146087646,True,False
2985,humaneval_HumanEval/64:4:0:0,real,humaneval,b57f26df9f89ecbc78b70861bcdbd4f80a8bbeb48d0b105149796f70c3a987e2,True,False,shuffled,0.4,-0.8247480988502502,-0.9809980988502502,True,False
2985,humaneval_HumanEval/64:4:0:0,real,humaneval,b57f26df9f89ecbc78b70861bcdbd4f80a8bbeb48d0b105149796f70c3a987e2,True,False,wrong_site,0.02,-0.889080822467804,-0.904705822467804,True,False
2985,humaneval_HumanEval/64:4:0:0,real,humaneval,b57f26df9f89ecbc78b70861bcdbd4f80a8bbeb48d0b105149796f70c3a987e2,True,False,wrong_site,0.05,-0.8890808820724487,-0.9047058820724487,True,False
2985,humaneval_HumanEval/64:4:0:0,real,humaneval,b57f26df9f89ecbc78b70861bcdbd4f80a8bbeb48d0b105149796f70c3a987e2,True,False,wrong_site,0.1,-0.8983131647109985,-0.8983131647109985,False,True
2985,humaneval_HumanEval/64:4:0:0,real,humaneval,b57f26df9f89ecbc78b70861bcdbd4f80a8bbeb48d0b105149796f70c3a987e2,True,False,wrong_site,0.2,-0.9006334543228149,-0.9006334543228149,False,True
2985,humaneval_HumanEval/64:4:0:0,real,humaneval,b57f26df9f89ecbc78b70861bcdbd4f80a8bbeb48d0b105149796f70c3a987e2,True,False,wrong_site,0.4,-0.8996836543083191,-0.9153086543083191,True,False
2985,humaneval_HumanEval/64:4:0:0,real,humaneval,b57f26df9f89ecbc78b70861bcdbd4f80a8bbeb48d0b105149796f70c3a987e2,True,False,answer_site,0.02,-0.9797028303146362,-0.8703278303146362,False,True
2985,humaneval_HumanEval/64:4:0:0,real,humaneval,b57f26df9f89ecbc78b70861bcdbd4f80a8bbeb48d0b105149796f70c3a987e2,True,False,answer_site,0.05,-1.1070952415466309,-0.8570952415466309,False,True
2985,humaneval_HumanEval/64:4:0:0,real,humaneval,b57f26df9f89ecbc78b70861bcdbd4f80a8bbeb48d0b105149796f70c3a987e2,True,False,answer_site,0.1,-1.346907377243042,-0.956282377243042,False,True
2985,humaneval_HumanEval/64:4:0:0,real,humaneval,b57f26df9f89ecbc78b70861bcdbd4f80a8bbeb48d0b105149796f70c3a987e2,True,False,answer_site,0.2,-2.1327879428863525,-1.8515379428863525,False,False
2985,humaneval_HumanEval/64:4:0:0,real,humaneval,b57f26df9f89ecbc78b70861bcdbd4f80a8bbeb48d0b105149796f70c3a987e2,True,False,answer_site,0.4,-2.8849263191223145,-2.7599263191223145,False,False
2985,humaneval_HumanEval/64:4:0:0,real,humaneval,b57f26df9f89ecbc78b70861bcdbd4f80a8bbeb48d0b105149796f70c3a987e2,True,False,actuator_cond,0.02,-0.8890786170959473,-0.9047036170959473,True,False
2985,humaneval_HumanEval/64:4:0:0,real,humaneval,b57f26df9f89ecbc78b70861bcdbd4f80a8bbeb48d0b105149796f70c3a987e2,True,False,actuator_cond,0.05,-0.8731364011764526,-0.9200114011764526,True,False
2985,humaneval_HumanEval/64:4:0:0,real,humaneval,b57f26df9f89ecbc78b70861bcdbd4f80a8bbeb48d0b105149796f70c3a987e2,True,False,actuator_cond,0.1,-0.8670636415481567,-0.9295636415481567,True,False
2985,humaneval_HumanEval/64:4:0:0,real,humaneval,b57f26df9f89ecbc78b70861bcdbd4f80a8bbeb48d0b105149796f70c3a987e2,True,False,actuator_cond,0.2,-0.8829368352890015,-0.9454368352890015,True,False
2985,humaneval_HumanEval/64:4:0:0,real,humaneval,b57f26df9f89ecbc78b70861bcdbd4f80a8bbeb48d0b105149796f70c3a987e2,True,False,actuator_cond,0.4,-0.937673807144165,-0.968923807144165,True,False
2985,humaneval_HumanEval/64:4:0:0,real,humaneval,b57f26df9f89ecbc78b70861bcdbd4f80a8bbeb48d0b105149796f70c3a987e2,True,False,actuator_answer,0.02,-1.2464802265167236,-0.6058552265167236,False,True
2985,humaneval_HumanEval/64:4:0:0,real,humaneval,b57f26df9f89ecbc78b70861bcdbd4f80a8bbeb48d0b105149796f70c3a987e2,True,False,actuator_answer,0.05,-1.8827658891677856,-0.33589091897010803,False,True
2985,humaneval_HumanEval/64:4:0:0,real,humaneval,b57f26df9f89ecbc78b70861bcdbd4f80a8bbeb48d0b105149796f70c3a987e2,True,False,actuator_answer,0.1,-2.4137542247772217,-0.21062928438186646,False,True
2985,humaneval_HumanEval/64:4:0:0,real,humaneval,b57f26df9f89ecbc78b70861bcdbd4f80a8bbeb48d0b105149796f70c3a987e2,True,False,actuator_answer,0.2,-0.9361048936843872,-0.6236048936843872,False,True
2985,humaneval_HumanEval/64:4:0:0,real,humaneval,b57f26df9f89ecbc78b70861bcdbd4f80a8bbeb48d0b105149796f70c3a987e2,True,False,actuator_answer,0.4,-0.21643902361392975,-1.6851890087127686,False,False
2986,humaneval_HumanEval/64:4:0:1,real,humaneval,b57f26df9f89ecbc78b70861bcdbd4f80a8bbeb48d0b105149796f70c3a987e2,False,False,baseline,0.0,-0.9307601451873779,-0.8995101451873779,False,True
2986,humaneval_HumanEval/64:4:0:1,real,humaneval,b57f26df9f89ecbc78b70861bcdbd4f80a8bbeb48d0b105149796f70c3a987e2,False,False,semantic,0.02,-0.9399462342262268,-0.8930712342262268,False,True
2986,humaneval_HumanEval/64:4:0:1,real,humaneval,b57f26df9f89ecbc78b70861bcdbd4f80a8bbeb48d0b105149796f70c3a987e2,False,False,semantic,0.05,-0.9464763402938843,-0.8839763402938843,False,True
2986,humaneval_HumanEval/64:4:0:1,real,humaneval,b57f26df9f89ecbc78b70861bcdbd4f80a8bbeb48d0b105149796f70c3a987e2,False,False,semantic,0.1,-0.9468101859092712,-0.8843101859092712,False,True
2986,humaneval_HumanEval/64:4:0:1,real,humaneval,b57f26df9f89ecbc78b70861bcdbd4f80a8bbeb48d0b105149796f70c3a987e2,False,False,semantic,0.2,-0.9476658701896667,-0.8851658701896667,False,True
2986,humaneval_HumanEval/64:4:0:1,real,humaneval,b57f26df9f89ecbc78b70861bcdbd4f80a8bbeb48d0b105149796f70c3a987e2,False,False,semantic,0.4,-0.9606747031211853,-0.8981747031211853,False,True
2986,humaneval_HumanEval/64:4:0:1,real,humaneval,b57f26df9f89ecbc78b70861bcdbd4f80a8bbeb48d0b105149796f70c3a987e2,False,False,reverse,0.02,-0.9308280348777771,-0.8995780348777771,False,True
2986,humaneval_HumanEval/64:4:0:1,real,humaneval,b57f26df9f89ecbc78b70861bcdbd4f80a8bbeb48d0b105149796f70c3a987e2,False,False,reverse,0.05,-0.9310574531555176,-0.8998074531555176,False,True
2986,humaneval_HumanEval/64:4:0:1,real,humaneval,b57f26df9f89ecbc78b70861bcdbd4f80a8bbeb48d0b105149796f70c3a987e2,False,False,reverse,0.1,-0.9319339990615845,-0.9006839990615845,False,True
2986,humaneval_HumanEval/64:4:0:1,real,humaneval,b57f26df9f89ecbc78b70861bcdbd4f80a8bbeb48d0b105149796f70c3a987e2,False,False,reverse,0.2,-0.9471550583839417,-0.8846550583839417,False,True
2986,humaneval_HumanEval/64:4:0:1,real,humaneval,b57f26df9f89ecbc78b70861bcdbd4f80a8bbeb48d0b105149796f70c3a987e2,False,False,reverse,0.4,-0.987605094909668,-0.846980094909668,False,True
2986,humaneval_HumanEval/64:4:0:1,real,humaneval,b57f26df9f89ecbc78b70861bcdbd4f80a8bbeb48d0b105149796f70c3a987e2,False,False,random,0.02,-0.9335546493530273,-0.9023046493530273,False,True
2986,humaneval_HumanEval/64:4:0:1,real,humaneval,b57f26df9f89ecbc78b70861bcdbd4f80a8bbeb48d0b105149796f70c3a987e2,False,False,random,0.05,-0.9306254386901855,-0.8993754386901855,False,True
2986,humaneval_HumanEval/64:4:0:1,real,humaneval,b57f26df9f89ecbc78b70861bcdbd4f80a8bbeb48d0b105149796f70c3a987e2,False,False,random,0.1,-0.9496782422065735,-0.8871782422065735,False,True
2986,humaneval_HumanEval/64:4:0:1,real,humaneval,b57f26df9f89ecbc78b70861bcdbd4f80a8bbeb48d0b105149796f70c3a987e2,False,False,random,0.2,-0.9500925540924072,-0.8875925540924072,False,True
2986,humaneval_HumanEval/64:4:0:1,real,humaneval,b57f26df9f89ecbc78b70861bcdbd4f80a8bbeb48d0b105149796f70c3a987e2,False,False,random,0.4,-0.9706183075904846,-0.8768683075904846,False,True
2986,humaneval_HumanEval/64:4:0:1,real,humaneval,b57f26df9f89ecbc78b70861bcdbd4f80a8bbeb48d0b105149796f70c3a987e2,False,False,shuffled,0.02,-0.9402515292167664,-0.8933765292167664,False,True
2986,humaneval_HumanEval/64:4:0:1,real,humaneval,b57f26df9f89ecbc78b70861bcdbd4f80a8bbeb48d0b105149796f70c3a987e2,False,False,shuffled,0.05,-0.9310794472694397,-0.8998294472694397,False,True
2986,humaneval_HumanEval/64:4:0:1,real,humaneval,b57f26df9f89ecbc78b70861bcdbd4f80a8bbeb48d0b105149796f70c3a987e2,False,False,shuffled,0.1,-0.9286534786224365,-0.8974034786224365,False,True
2986,humaneval_HumanEval/64:4:0:1,real,humaneval,b57f26df9f89ecbc78b70861bcdbd4f80a8bbeb48d0b105149796f70c3a987e2,False,False,shuffled,0.2,-0.9107708930969238,-0.9107708930969238,True,False
2986,humaneval_HumanEval/64:4:0:1,real,humaneval,b57f26df9f89ecbc78b70861bcdbd4f80a8bbeb48d0b105149796f70c3a987e2,False,False,shuffled,0.4,-0.887710452079773,-0.934585452079773,True,False
2986,humaneval_HumanEval/64:4:0:1,real,humaneval,b57f26df9f89ecbc78b70861bcdbd4f80a8bbeb48d0b105149796f70c3a987e2,False,False,wrong_site,0.02,-0.937145471572876,-0.890270471572876,False,True
2986,humaneval_HumanEval/64:4:0:1,real,humaneval,b57f26df9f89ecbc78b70861bcdbd4f80a8bbeb48d0b105149796f70c3a987e2,False,False,wrong_site,0.05,-0.9307600259780884,-0.8995100259780884,False,True
2986,humaneval_HumanEval/64:4:0:1,real,humaneval,b57f26df9f89ecbc78b70861bcdbd4f80a8bbeb48d0b105149796f70c3a987e2,False,False,wrong_site,0.1,-0.9371435046195984,-0.8902685046195984,False,True
2986,humaneval_HumanEval/64:4:0:1,real,humaneval,b57f26df9f89ecbc78b70861bcdbd4f80a8bbeb48d0b105149796f70c3a987e2,False,False,wrong_site,0.2,-0.946440577507019,-0.883940577507019,False,True
2986,humaneval_HumanEval/64:4:0:1,real,humaneval,b57f26df9f89ecbc78b70861bcdbd4f80a8bbeb48d0b105149796f70c3a987e2,False,False,wrong_site,0.4,-0.9622812271118164,-0.8841562271118164,False,True
2986,humaneval_HumanEval/64:4:0:1,real,humaneval,b57f26df9f89ecbc78b70861bcdbd4f80a8bbeb48d0b105149796f70c3a987e2,False,False,answer_site,0.02,-1.0294184684753418,-0.7794185280799866,False,True
2986,humaneval_HumanEval/64:4:0:1,real,humaneval,b57f26df9f89ecbc78b70861bcdbd4f80a8bbeb48d0b105149796f70c3a987e2,False,False,answer_site,0.05,-1.2527168989181519,-0.5964668989181519,False,True
2986,humaneval_HumanEval/64:4:0:1,real,humaneval,b57f26df9f89ecbc78b70861bcdbd4f80a8bbeb48d0b105149796f70c3a987e2,False,False,answer_site,0.1,-1.8958654403686523,-0.3333654999732971,False,True
2986,humaneval_HumanEval/64:4:0:1,real,humaneval,b57f26df9f89ecbc78b70861bcdbd4f80a8bbeb48d0b105149796f70c3a987e2,False,False,answer_site,0.2,-3.139944314956665,-0.1555694192647934,False,True
2986,humaneval_HumanEval/64:4:0:1,real,humaneval,b57f26df9f89ecbc78b70861bcdbd4f80a8bbeb48d0b105149796f70c3a987e2,False,False,answer_site,0.4,-2.967264413833618,-0.326639324426651,False,True
2986,humaneval_HumanEval/64:4:0:1,real,humaneval,b57f26df9f89ecbc78b70861bcdbd4f80a8bbeb48d0b105149796f70c3a987e2,False,False,actuator_cond,0.02,-0.924198567867279,-0.908573567867279,False,True
2986,humaneval_HumanEval/64:4:0:1,real,humaneval,b57f26df9f89ecbc78b70861bcdbd4f80a8bbeb48d0b105149796f70c3a987e2,False,False,actuator_cond,0.05,-0.9060272574424744,-0.9216522574424744,True,False
2986,humaneval_HumanEval/64:4:0:1,real,humaneval,b57f26df9f89ecbc78b70861bcdbd4f80a8bbeb48d0b105149796f70c3a987e2,False,False,actuator_cond,0.1,-0.882002592086792,-0.944502592086792,True,False
2986,humaneval_HumanEval/64:4:0:1,real,humaneval,b57f26df9f89ecbc78b70861bcdbd4f80a8bbeb48d0b105149796f70c3a987e2,False,False,actuator_cond,0.2,-0.8383293151855469,-1.0102043151855469,True,False
2986,humaneval_HumanEval/64:4:0:1,real,humaneval,b57f26df9f89ecbc78b70861bcdbd4f80a8bbeb48d0b105149796f70c3a987e2,False,False,actuator_cond,0.4,-0.6880671977996826,-1.2193171977996826,True,False
2986,humaneval_HumanEval/64:4:0:1,real,humaneval,b57f26df9f89ecbc78b70861bcdbd4f80a8bbeb48d0b105149796f70c3a987e2,False,False,actuator_answer,0.02,-1.3689665794372559,-0.6502165198326111,False,True
2986,humaneval_HumanEval/64:4:0:1,real,humaneval,b57f26df9f89ecbc78b70861bcdbd4f80a8bbeb48d0b105149796f70c3a987e2,False,False,actuator_answer,0.05,-1.8995991945266724,-0.5089741945266724,False,True
2986,humaneval_HumanEval/64:4:0:1,real,humaneval,b57f26df9f89ecbc78b70861bcdbd4f80a8bbeb48d0b105149796f70c3a987e2,False,False,actuator_answer,0.1,-2.3913049697875977,-0.46942993998527527,False,True
2986,humaneval_HumanEval/64:4:0:1,real,humaneval,b57f26df9f89ecbc78b70861bcdbd4f80a8bbeb48d0b105149796f70c3a987e2,False,False,actuator_answer,0.2,-3.2802679538726807,-0.4365178644657135,False,True
2986,humaneval_HumanEval/64:4:0:1,real,humaneval,b57f26df9f89ecbc78b70861bcdbd4f80a8bbeb48d0b105149796f70c3a987e2,False,False,actuator_answer,0.4,-5.220981597900391,-0.1272314488887787,False,True
2987,humaneval_HumanEval/64:4:0:2,real,humaneval,b57f26df9f89ecbc78b70861bcdbd4f80a8bbeb48d0b105149796f70c3a987e2,False,False,baseline,0.0,-0.5839660167694092,-1.4120910167694092,True,False
2987,humaneval_HumanEval/64:4:0:2,real,humaneval,b57f26df9f89ecbc78b70861bcdbd4f80a8bbeb48d0b105149796f70c3a987e2,False,False,semantic,0.02,-0.5770914554595947,-1.4208414554595947,True,False
2987,humaneval_HumanEval/64:4:0:2,real,humaneval,b57f26df9f89ecbc78b70861bcdbd4f80a8bbeb48d0b105149796f70c3a987e2,False,False,semantic,0.05,-0.5771602392196655,-1.4209102392196655,True,False
2987,humaneval_HumanEval/64:4:0:2,real,humaneval,b57f26df9f89ecbc78b70861bcdbd4f80a8bbeb48d0b105149796f70c3a987e2,False,False,semantic,0.1,-0.5785567760467529,-1.422306776046753,True,False
2987,humaneval_HumanEval/64:4:0:2,real,humaneval,b57f26df9f89ecbc78b70861bcdbd4f80a8bbeb48d0b105149796f70c3a987e2,False,False,semantic,0.2,-0.58555006980896,-1.42930006980896,True,False
2987,humaneval_HumanEval/64:4:0:2,real,humaneval,b57f26df9f89ecbc78b70861bcdbd4f80a8bbeb48d0b105149796f70c3a987e2,False,False,semantic,0.4,-0.5819758772850037,-1.4413509368896484,True,False
2987,humaneval_HumanEval/64:4:0:2,real,humaneval,b57f26df9f89ecbc78b70861bcdbd4f80a8bbeb48d0b105149796f70c3a987e2,False,False,reverse,0.02,-0.5839703679084778,-1.412095308303833,True,False
2987,humaneval_HumanEval/64:4:0:2,real,humaneval,b57f26df9f89ecbc78b70861bcdbd4f80a8bbeb48d0b105149796f70c3a987e2,False,False,reverse,0.05,-0.5940305590629578,-1.4065306186676025,True,False
2987,humaneval_HumanEval/64:4:0:2,real,humaneval,b57f26df9f89ecbc78b70861bcdbd4f80a8bbeb48d0b105149796f70c3a987e2,False,False,reverse,0.1,-0.6104746460914612,-1.3917245864868164,True,False
2987,humaneval_HumanEval/64:4:0:2,real,humaneval,b57f26df9f89ecbc78b70861bcdbd4f80a8bbeb48d0b105149796f70c3a987e2,False,False,reverse,0.2,-0.6560176610946655,-1.3435176610946655,True,False
2987,humaneval_HumanEval/64:4:0:2,real,humaneval,b57f26df9f89ecbc78b70861bcdbd4f80a8bbeb48d0b105149796f70c3a987e2,False,False,reverse,0.4,-0.7250011563301086,-1.2718760967254639,True,False
2987,humaneval_HumanEval/64:4:0:2,real,humaneval,b57f26df9f89ecbc78b70861bcdbd4f80a8bbeb48d0b105149796f70c3a987e2,False,False,random,0.02,-0.574941873550415,-1.418691873550415,True,False
2987,humaneval_HumanEval/64:4:0:2,real,humaneval,b57f26df9f89ecbc78b70861bcdbd4f80a8bbeb48d0b105149796f70c3a987e2,False,False,random,0.05,-0.5770889520645142,-1.4208389520645142,True,False
2987,humaneval_HumanEval/64:4:0:2,real,humaneval,b57f26df9f89ecbc78b70861bcdbd4f80a8bbeb48d0b105149796f70c3a987e2,False,False,random,0.1,-0.5724142789840698,-1.4317892789840698,True,False
2987,humaneval_HumanEval/64:4:0:2,real,humaneval,b57f26df9f89ecbc78b70861bcdbd4f80a8bbeb48d0b105149796f70c3a987e2,False,False,random,0.2,-0.5664772391319275,-1.4414772987365723,True,False
2987,humaneval_HumanEval/64:4:0:2,real,humaneval,b57f26df9f89ecbc78b70861bcdbd4f80a8bbeb48d0b105149796f70c3a987e2,False,False,random,0.4,-0.5765392780303955,-1.4359142780303955,True,False
2987,humaneval_HumanEval/64:4:0:2,real,humaneval,b57f26df9f89ecbc78b70861bcdbd4f80a8bbeb48d0b105149796f70c3a987e2,False,False,shuffled,0.02,-0.5861530303955078,-1.4142780303955078,True,False
2987,humaneval_HumanEval/64:4:0:2,real,humaneval,b57f26df9f89ecbc78b70861bcdbd4f80a8bbeb48d0b105149796f70c3a987e2,False,False,shuffled,0.05,-0.5808752179145813,-1.4402501583099365,True,False
2987,humaneval_HumanEval/64:4:0:2,real,humaneval,b57f26df9f89ecbc78b70861bcdbd4f80a8bbeb48d0b105149796f70c3a987e2,False,False,shuffled,0.1,-0.588752269744873,-1.448127269744873,True,False
2987,humaneval_HumanEval/64:4:0:2,real,humaneval,b57f26df9f89ecbc78b70861bcdbd4f80a8bbeb48d0b105149796f70c3a987e2,False,False,shuffled,0.2,-0.6065020561218262,-1.4502520561218262,True,False
2987,humaneval_HumanEval/64:4:0:2,real,humaneval,b57f26df9f89ecbc78b70861bcdbd4f80a8bbeb48d0b105149796f70c3a987e2,False,False,shuffled,0.4,-0.6187840700149536,-1.4781590700149536,True,False
2987,humaneval_HumanEval/64:4:0:2,real,humaneval,b57f26df9f89ecbc78b70861bcdbd4f80a8bbeb48d0b105149796f70c3a987e2,False,False,wrong_site,0.02,-0.5770848393440247,-1.4208347797393799,True,False
2987,humaneval_HumanEval/64:4:0:2,real,humaneval,b57f26df9f89ecbc78b70861bcdbd4f80a8bbeb48d0b105149796f70c3a987e2,False,False,wrong_site,0.05,-0.5839692950248718,-1.4120943546295166,True,False
2987,humaneval_HumanEval/64:4:0:2,real,humaneval,b57f26df9f89ecbc78b70861bcdbd4f80a8bbeb48d0b105149796f70c3a987e2,False,False,wrong_site,0.1,-0.5792527794837952,-1.4230027198791504,True,False
2987,humaneval_HumanEval/64:4:0:2,real,humaneval,b57f26df9f89ecbc78b70861bcdbd4f80a8bbeb48d0b105149796f70c3a987e2,False,False,wrong_site,0.2,-0.5892667174339294,-1.4173917770385742,True,False
2987,humaneval_HumanEval/64:4:0:2,real,humaneval,b57f26df9f89ecbc78b70861bcdbd4f80a8bbeb48d0b105149796f70c3a987e2,False,False,wrong_site,0.4,-0.6116356253623962,-1.408510684967041,True,False
2987,humaneval_HumanEval/64:4:0:2,real,humaneval,b57f26df9f89ecbc78b70861bcdbd4f80a8bbeb48d0b105149796f70c3a987e2,False,False,answer_site,0.02,-0.5831054449081421,-1.364355444908142,True,False
2987,humaneval_HumanEval/64:4:0:2,real,humaneval,b57f26df9f89ecbc78b70861bcdbd4f80a8bbeb48d0b105149796f70c3a987e2,False,False,answer_site,0.05,-0.6604829430580139,-1.1761078834533691,True,False
2987,humaneval_HumanEval/64:4:0:2,real,humaneval,b57f26df9f89ecbc78b70861bcdbd4f80a8bbeb48d0b105149796f70c3a987e2,False,False,answer_site,0.1,-1.0929830074310303,-0.671108067035675,False,True
2987,humaneval_HumanEval/64:4:0:2,real,humaneval,b57f26df9f89ecbc78b70861bcdbd4f80a8bbeb48d0b105149796f70c3a987e2,False,False,answer_site,0.2,-3.119478702545166,-0.15072862803936005,False,True
2987,humaneval_HumanEval/64:4:0:2,real,humaneval,b57f26df9f89ecbc78b70861bcdbd4f80a8bbeb48d0b105149796f70c3a987e2,False,False,answer_site,0.4,-3.6891584396362305,-0.36103346943855286,False,True
2987,humaneval_HumanEval/64:4:0:2,real,humaneval,b57f26df9f89ecbc78b70861bcdbd4f80a8bbeb48d0b105149796f70c3a987e2,False,False,actuator_cond,0.02,-0.5724811553955078,-1.4318561553955078,True,False
2987,humaneval_HumanEval/64:4:0:2,real,humaneval,b57f26df9f89ecbc78b70861bcdbd4f80a8bbeb48d0b105149796f70c3a987e2,False,False,actuator_cond,0.05,-0.568777322769165,-1.443777322769165,True,False
2987,humaneval_HumanEval/64:4:0:2,real,humaneval,b57f26df9f89ecbc78b70861bcdbd4f80a8bbeb48d0b105149796f70c3a987e2,False,False,actuator_cond,0.1,-0.5673800706863403,-1.4580050706863403,True,False
2987,humaneval_HumanEval/64:4:0:2,real,humaneval,b57f26df9f89ecbc78b70861bcdbd4f80a8bbeb48d0b105149796f70c3a987e2,False,False,actuator_cond,0.2,-0.5979740023612976,-1.4573490619659424,True,False
2987,humaneval_HumanEval/64:4:0:2,real,humaneval,b57f26df9f89ecbc78b70861bcdbd4f80a8bbeb48d0b105149796f70c3a987e2,False,False,actuator_cond,0.4,-0.5306458473205566,-1.6556458473205566,True,False
2987,humaneval_HumanEval/64:4:0:2,real,humaneval,b57f26df9f89ecbc78b70861bcdbd4f80a8bbeb48d0b105149796f70c3a987e2,False,False,actuator_answer,0.02,-0.9316416382789612,-0.9003916382789612,False,True
2987,humaneval_HumanEval/64:4:0:2,real,humaneval,b57f26df9f89ecbc78b70861bcdbd4f80a8bbeb48d0b105149796f70c3a987e2,False,False,actuator_answer,0.05,-1.494513988494873,-0.49451392889022827,False,True
2987,humaneval_HumanEval/64:4:0:2,real,humaneval,b57f26df9f89ecbc78b70861bcdbd4f80a8bbeb48d0b105149796f70c3a987e2,False,False,actuator_answer,0.1,-2.1734044551849365,-0.2671544849872589,False,True
2987,humaneval_HumanEval/64:4:0:2,real,humaneval,b57f26df9f89ecbc78b70861bcdbd4f80a8bbeb48d0b105149796f70c3a987e2,False,False,actuator_answer,0.2,-3.25506329536438,-0.16131335496902466,False,True
2987,humaneval_HumanEval/64:4:0:2,real,humaneval,b57f26df9f89ecbc78b70861bcdbd4f80a8bbeb48d0b105149796f70c3a987e2,False,False,actuator_answer,0.4,-5.513877868652344,-0.09200263768434525,False,True
2988,humaneval_HumanEval/65:1:0:0,real,humaneval,ee5a0959eefe41ad5e87921063312eed24deead40ecc24313001a1e385544b87,False,False,baseline,0.0,-2.3309030532836914,-2.871370315551758,False,False
2988,humaneval_HumanEval/65:1:0:0,real,humaneval,ee5a0959eefe41ad5e87921063312eed24deead40ecc24313001a1e385544b87,False,False,semantic,0.02,-2.332874298095703,-2.8743133544921875,False,False
2988,humaneval_HumanEval/65:1:0:0,real,humaneval,ee5a0959eefe41ad5e87921063312eed24deead40ecc24313001a1e385544b87,False,False,semantic,0.05,-2.3259449005126953,-2.88391375541687,False,False
2988,humaneval_HumanEval/65:1:0:0,real,humaneval,ee5a0959eefe41ad5e87921063312eed24deead40ecc24313001a1e385544b87,False,False,semantic,0.1,-2.3334524631500244,-2.8748433589935303,False,False
2988,humaneval_HumanEval/65:1:0:0,real,humaneval,ee5a0959eefe41ad5e87921063312eed24deead40ecc24313001a1e385544b87,False,False,semantic,0.2,-2.324368715286255,-2.864935874938965,False,False
2988,humaneval_HumanEval/65:1:0:0,real,humaneval,ee5a0959eefe41ad5e87921063312eed24deead40ecc24313001a1e385544b87,False,False,semantic,0.4,-2.3392295837402344,-2.8972177505493164,False,False
2988,humaneval_HumanEval/65:1:0:0,real,humaneval,ee5a0959eefe41ad5e87921063312eed24deead40ecc24313001a1e385544b87,False,False,reverse,0.02,-2.3438916206359863,-2.884829521179199,False,False
2988,humaneval_HumanEval/65:1:0:0,real,humaneval,ee5a0959eefe41ad5e87921063312eed24deead40ecc24313001a1e385544b87,False,False,reverse,0.05,-2.339482069015503,-2.8843631744384766,False,False
2988,humaneval_HumanEval/65:1:0:0,real,humaneval,ee5a0959eefe41ad5e87921063312eed24deead40ecc24313001a1e385544b87,False,False,reverse,0.1,-2.337216854095459,-2.88039493560791,False,False
2988,humaneval_HumanEval/65:1:0:0,real,humaneval,ee5a0959eefe41ad5e87921063312eed24deead40ecc24313001a1e385544b87,False,False,reverse,0.2,-2.3433830738067627,-2.8882930278778076,False,False
2988,humaneval_HumanEval/65:1:0:0,real,humaneval,ee5a0959eefe41ad5e87921063312eed24deead40ecc24313001a1e385544b87,False,False,reverse,0.4,-2.3869540691375732,-2.886416435241699,False,False
2988,humaneval_HumanEval/65:1:0:0,real,humaneval,ee5a0959eefe41ad5e87921063312eed24deead40ecc24313001a1e385544b87,False,False,random,0.02,-2.3243322372436523,-2.883042335510254,False,False
2988,humaneval_HumanEval/65:1:0:0,real,humaneval,ee5a0959eefe41ad5e87921063312eed24deead40ecc24313001a1e385544b87,False,False,random,0.05,-2.321732759475708,-2.880812644958496,False,False
2988,humaneval_HumanEval/65:1:0:0,real,humaneval,ee5a0959eefe41ad5e87921063312eed24deead40ecc24313001a1e385544b87,False,False,random,0.1,-2.326144218444824,-2.8697237968444824,False,False
2988,humaneval_HumanEval/65:1:0:0,real,humaneval,ee5a0959eefe41ad5e87921063312eed24deead40ecc24313001a1e385544b87,False,False,random,0.2,-2.319725513458252,-2.880162239074707,False,False
2988,humaneval_HumanEval/65:1:0:0,real,humaneval,ee5a0959eefe41ad5e87921063312eed24deead40ecc24313001a1e385544b87,False,False,random,0.4,-2.3296921253204346,-2.8760905265808105,False,False
2988,humaneval_HumanEval/65:1:0:0,real,humaneval,ee5a0959eefe41ad5e87921063312eed24deead40ecc24313001a1e385544b87,False,False,shuffled,0.02,-2.336977243423462,-2.892803192138672,False,False
2988,humaneval_HumanEval/65:1:0:0,real,humaneval,ee5a0959eefe41ad5e87921063312eed24deead40ecc24313001a1e385544b87,False,False,shuffled,0.05,-2.335216522216797,-2.8930373191833496,False,False
2988,humaneval_HumanEval/65:1:0:0,real,humaneval,ee5a0959eefe41ad5e87921063312eed24deead40ecc24313001a1e385544b87,False,False,shuffled,0.1,-2.32753849029541,-2.882473945617676,False,False
2988,humaneval_HumanEval/65:1:0:0,real,humaneval,ee5a0959eefe41ad5e87921063312eed24deead40ecc24313001a1e385544b87,False,False,shuffled,0.2,-2.3323814868927,-2.9047083854675293,False,False
2988,humaneval_HumanEval/65:1:0:0,real,humaneval,ee5a0959eefe41ad5e87921063312eed24deead40ecc24313001a1e385544b87,False,False,shuffled,0.4,-2.3565030097961426,-2.967559814453125,False,False
2988,humaneval_HumanEval/65:1:0:0,real,humaneval,ee5a0959eefe41ad5e87921063312eed24deead40ecc24313001a1e385544b87,False,False,wrong_site,0.02,-2.3324851989746094,-2.8946900367736816,False,False
2988,humaneval_HumanEval/65:1:0:0,real,humaneval,ee5a0959eefe41ad5e87921063312eed24deead40ecc24313001a1e385544b87,False,False,wrong_site,0.05,-2.3240532875061035,-2.88220477104187,False,False
2988,humaneval_HumanEval/65:1:0:0,real,humaneval,ee5a0959eefe41ad5e87921063312eed24deead40ecc24313001a1e385544b87,False,False,wrong_site,0.1,-2.3263516426086426,-2.883924961090088,False,False
2988,humaneval_HumanEval/65:1:0:0,real,humaneval,ee5a0959eefe41ad5e87921063312eed24deead40ecc24313001a1e385544b87,False,False,wrong_site,0.2,-2.3267548084259033,-2.882634162902832,False,False
2988,humaneval_HumanEval/65:1:0:0,real,humaneval,ee5a0959eefe41ad5e87921063312eed24deead40ecc24313001a1e385544b87,False,False,wrong_site,0.4,-2.324873447418213,-2.8836188316345215,False,False
2988,humaneval_HumanEval/65:1:0:0,real,humaneval,ee5a0959eefe41ad5e87921063312eed24deead40ecc24313001a1e385544b87,False,False,answer_site,0.02,-2.297346353530884,-2.838987350463867,False,False
2988,humaneval_HumanEval/65:1:0:0,real,humaneval,ee5a0959eefe41ad5e87921063312eed24deead40ecc24313001a1e385544b87,False,False,answer_site,0.05,-2.237192153930664,-2.7853338718414307,False,False
2988,humaneval_HumanEval/65:1:0:0,real,humaneval,ee5a0959eefe41ad5e87921063312eed24deead40ecc24313001a1e385544b87,False,False,answer_site,0.1,-2.1526925563812256,-2.6851367950439453,False,False
2988,humaneval_HumanEval/65:1:0:0,real,humaneval,ee5a0959eefe41ad5e87921063312eed24deead40ecc24313001a1e385544b87,False,False,answer_site,0.2,-2.1506009101867676,-2.6742403507232666,False,False
2988,humaneval_HumanEval/65:1:0:0,real,humaneval,ee5a0959eefe41ad5e87921063312eed24deead40ecc24313001a1e385544b87,False,False,answer_site,0.4,-2.5692262649536133,-3.040196180343628,False,False
2988,humaneval_HumanEval/65:1:0:0,real,humaneval,ee5a0959eefe41ad5e87921063312eed24deead40ecc24313001a1e385544b87,False,False,actuator_cond,0.02,-2.32318115234375,-2.883470058441162,False,False
2988,humaneval_HumanEval/65:1:0:0,real,humaneval,ee5a0959eefe41ad5e87921063312eed24deead40ecc24313001a1e385544b87,False,False,actuator_cond,0.05,-2.325733184814453,-2.884031295776367,False,False
2988,humaneval_HumanEval/65:1:0:0,real,humaneval,ee5a0959eefe41ad5e87921063312eed24deead40ecc24313001a1e385544b87,False,False,actuator_cond,0.1,-2.3331291675567627,-2.8869552612304688,False,False
2988,humaneval_HumanEval/65:1:0:0,real,humaneval,ee5a0959eefe41ad5e87921063312eed24deead40ecc24313001a1e385544b87,False,False,actuator_cond,0.2,-2.38087797164917,-2.931948184967041,False,False
2988,humaneval_HumanEval/65:1:0:0,real,humaneval,ee5a0959eefe41ad5e87921063312eed24deead40ecc24313001a1e385544b87,False,False,actuator_cond,0.4,-2.3263497352600098,-2.9694466590881348,False,False
2988,humaneval_HumanEval/65:1:0:0,real,humaneval,ee5a0959eefe41ad5e87921063312eed24deead40ecc24313001a1e385544b87,False,False,actuator_answer,0.02,-2.3698368072509766,-2.8579936027526855,False,False
2988,humaneval_HumanEval/65:1:0:0,real,humaneval,ee5a0959eefe41ad5e87921063312eed24deead40ecc24313001a1e385544b87,False,False,actuator_answer,0.05,-2.380964517593384,-2.8119328022003174,False,False
2988,humaneval_HumanEval/65:1:0:0,real,humaneval,ee5a0959eefe41ad5e87921063312eed24deead40ecc24313001a1e385544b87,False,False,actuator_answer,0.1,-2.384970188140869,-2.749156951904297,False,False
2988,humaneval_HumanEval/65:1:0:0,real,humaneval,ee5a0959eefe41ad5e87921063312eed24deead40ecc24313001a1e385544b87,False,False,actuator_answer,0.2,-2.2458887100219727,-2.5794575214385986,False,False
2988,humaneval_HumanEval/65:1:0:0,real,humaneval,ee5a0959eefe41ad5e87921063312eed24deead40ecc24313001a1e385544b87,False,False,actuator_answer,0.4,-5.327705383300781,-5.42710018157959,False,False
2989,humaneval_HumanEval/65:1:0:1,real,humaneval,ee5a0959eefe41ad5e87921063312eed24deead40ecc24313001a1e385544b87,True,False,baseline,0.0,-3.027564764022827,-2.4800362586975098,False,False
2989,humaneval_HumanEval/65:1:0:1,real,humaneval,ee5a0959eefe41ad5e87921063312eed24deead40ecc24313001a1e385544b87,True,False,semantic,0.02,-3.0140647888183594,-2.4630961418151855,False,False
2989,humaneval_HumanEval/65:1:0:1,real,humaneval,ee5a0959eefe41ad5e87921063312eed24deead40ecc24313001a1e385544b87,True,False,semantic,0.05,-3.0026121139526367,-2.4672422409057617,False,False
2989,humaneval_HumanEval/65:1:0:1,real,humaneval,ee5a0959eefe41ad5e87921063312eed24deead40ecc24313001a1e385544b87,True,False,semantic,0.1,-3.013584613800049,-2.483320474624634,False,False
2989,humaneval_HumanEval/65:1:0:1,real,humaneval,ee5a0959eefe41ad5e87921063312eed24deead40ecc24313001a1e385544b87,True,False,semantic,0.2,-3.020442008972168,-2.493020534515381,False,False
2989,humaneval_HumanEval/65:1:0:1,real,humaneval,ee5a0959eefe41ad5e87921063312eed24deead40ecc24313001a1e385544b87,True,False,semantic,0.4,-2.9987707138061523,-2.5318448543548584,False,False
2989,humaneval_HumanEval/65:1:0:1,real,humaneval,ee5a0959eefe41ad5e87921063312eed24deead40ecc24313001a1e385544b87,True,False,reverse,0.02,-3.025909423828125,-2.480635166168213,False,False
2989,humaneval_HumanEval/65:1:0:1,real,humaneval,ee5a0959eefe41ad5e87921063312eed24deead40ecc24313001a1e385544b87,True,False,reverse,0.05,-3.0169429779052734,-2.463064432144165,False,False
2989,humaneval_HumanEval/65:1:0:1,real,humaneval,ee5a0959eefe41ad5e87921063312eed24deead40ecc24313001a1e385544b87,True,False,reverse,0.1,-3.0173683166503906,-2.467679023742676,False,False
2989,humaneval_HumanEval/65:1:0:1,real,humaneval,ee5a0959eefe41ad5e87921063312eed24deead40ecc24313001a1e385544b87,True,False,reverse,0.2,-3.017202377319336,-2.4732394218444824,False,False
2989,humaneval_HumanEval/65:1:0:1,real,humaneval,ee5a0959eefe41ad5e87921063312eed24deead40ecc24313001a1e385544b87,True,False,reverse,0.4,-3.0319161415100098,-2.4865834712982178,False,False
2989,humaneval_HumanEval/65:1:0:1,real,humaneval,ee5a0959eefe41ad5e87921063312eed24deead40ecc24313001a1e385544b87,True,False,random,0.02,-3.0060887336730957,-2.474917411804199,False,False
2989,humaneval_HumanEval/65:1:0:1,real,humaneval,ee5a0959eefe41ad5e87921063312eed24deead40ecc24313001a1e385544b87,True,False,random,0.05,-3.02571439743042,-2.4782137870788574,False,False
2989,humaneval_HumanEval/65:1:0:1,real,humaneval,ee5a0959eefe41ad5e87921063312eed24deead40ecc24313001a1e385544b87,True,False,random,0.1,-3.016425132751465,-2.4797849655151367,False,False
2989,humaneval_HumanEval/65:1:0:1,real,humaneval,ee5a0959eefe41ad5e87921063312eed24deead40ecc24313001a1e385544b87,True,False,random,0.2,-3.0153353214263916,-2.4655299186706543,False,False
2989,humaneval_HumanEval/65:1:0:1,real,humaneval,ee5a0959eefe41ad5e87921063312eed24deead40ecc24313001a1e385544b87,True,False,random,0.4,-3.011674642562866,-2.456083297729492,False,False
2989,humaneval_HumanEval/65:1:0:1,real,humaneval,ee5a0959eefe41ad5e87921063312eed24deead40ecc24313001a1e385544b87,True,False,shuffled,0.02,-3.014828681945801,-2.4846417903900146,False,False
2989,humaneval_HumanEval/65:1:0:1,real,humaneval,ee5a0959eefe41ad5e87921063312eed24deead40ecc24313001a1e385544b87,True,False,shuffled,0.05,-3.007223606109619,-2.4754154682159424,False,False
2989,humaneval_HumanEval/65:1:0:1,real,humaneval,ee5a0959eefe41ad5e87921063312eed24deead40ecc24313001a1e385544b87,True,False,shuffled,0.1,-3.0063929557800293,-2.470165967941284,False,False
2989,humaneval_HumanEval/65:1:0:1,real,humaneval,ee5a0959eefe41ad5e87921063312eed24deead40ecc24313001a1e385544b87,True,False,shuffled,0.2,-3.0021443367004395,-2.463549852371216,False,False
2989,humaneval_HumanEval/65:1:0:1,real,humaneval,ee5a0959eefe41ad5e87921063312eed24deead40ecc24313001a1e385544b87,True,False,shuffled,0.4,-2.9933786392211914,-2.4830162525177,False,False
2989,humaneval_HumanEval/65:1:0:1,real,humaneval,ee5a0959eefe41ad5e87921063312eed24deead40ecc24313001a1e385544b87,True,False,wrong_site,0.02,-3.0055699348449707,-2.475529193878174,False,False
2989,humaneval_HumanEval/65:1:0:1,real,humaneval,ee5a0959eefe41ad5e87921063312eed24deead40ecc24313001a1e385544b87,True,False,wrong_site,0.05,-3.0278820991516113,-2.475780487060547,False,False
2989,humaneval_HumanEval/65:1:0:1,real,humaneval,ee5a0959eefe41ad5e87921063312eed24deead40ecc24313001a1e385544b87,True,False,wrong_site,0.1,-3.004807949066162,-2.4651389122009277,False,False
2989,humaneval_HumanEval/65:1:0:1,real,humaneval,ee5a0959eefe41ad5e87921063312eed24deead40ecc24313001a1e385544b87,True,False,wrong_site,0.2,-3.0149998664855957,-2.4731009006500244,False,False
2989,humaneval_HumanEval/65:1:0:1,real,humaneval,ee5a0959eefe41ad5e87921063312eed24deead40ecc24313001a1e385544b87,True,False,wrong_site,0.4,-3.0151138305664062,-2.4598910808563232,False,False
2989,humaneval_HumanEval/65:1:0:1,real,humaneval,ee5a0959eefe41ad5e87921063312eed24deead40ecc24313001a1e385544b87,True,False,answer_site,0.02,-3.062337636947632,-2.5194406509399414,False,False
2989,humaneval_HumanEval/65:1:0:1,real,humaneval,ee5a0959eefe41ad5e87921063312eed24deead40ecc24313001a1e385544b87,True,False,answer_site,0.05,-3.13986873626709,-2.567843437194824,False,False
2989,humaneval_HumanEval/65:1:0:1,real,humaneval,ee5a0959eefe41ad5e87921063312eed24deead40ecc24313001a1e385544b87,True,False,answer_site,0.1,-3.2614622116088867,-2.6638565063476562,False,False
2989,humaneval_HumanEval/65:1:0:1,real,humaneval,ee5a0959eefe41ad5e87921063312eed24deead40ecc24313001a1e385544b87,True,False,answer_site,0.2,-3.6371753215789795,-2.930060386657715,False,False
2989,humaneval_HumanEval/65:1:0:1,real,humaneval,ee5a0959eefe41ad5e87921063312eed24deead40ecc24313001a1e385544b87,True,False,answer_site,0.4,-4.470481872558594,-3.28971529006958,False,False
2989,humaneval_HumanEval/65:1:0:1,real,humaneval,ee5a0959eefe41ad5e87921063312eed24deead40ecc24313001a1e385544b87,True,False,actuator_cond,0.02,-3.029262065887451,-2.480503797531128,False,False
2989,humaneval_HumanEval/65:1:0:1,real,humaneval,ee5a0959eefe41ad5e87921063312eed24deead40ecc24313001a1e385544b87,True,False,actuator_cond,0.05,-3.0058469772338867,-2.4696168899536133,False,False
2989,humaneval_HumanEval/65:1:0:1,real,humaneval,ee5a0959eefe41ad5e87921063312eed24deead40ecc24313001a1e385544b87,True,False,actuator_cond,0.1,-3.0054469108581543,-2.4739575386047363,False,False
2989,humaneval_HumanEval/65:1:0:1,real,humaneval,ee5a0959eefe41ad5e87921063312eed24deead40ecc24313001a1e385544b87,True,False,actuator_cond,0.2,-2.99033522605896,-2.4851529598236084,False,False
2989,humaneval_HumanEval/65:1:0:1,real,humaneval,ee5a0959eefe41ad5e87921063312eed24deead40ecc24313001a1e385544b87,True,False,actuator_cond,0.4,-2.9287643432617188,-2.5512852668762207,False,False
2989,humaneval_HumanEval/65:1:0:1,real,humaneval,ee5a0959eefe41ad5e87921063312eed24deead40ecc24313001a1e385544b87,True,False,actuator_answer,0.02,-3.0546350479125977,-2.441540241241455,False,False
2989,humaneval_HumanEval/65:1:0:1,real,humaneval,ee5a0959eefe41ad5e87921063312eed24deead40ecc24313001a1e385544b87,True,False,actuator_answer,0.05,-3.095795154571533,-2.3919684886932373,False,False
2989,humaneval_HumanEval/65:1:0:1,real,humaneval,ee5a0959eefe41ad5e87921063312eed24deead40ecc24313001a1e385544b87,True,False,actuator_answer,0.1,-3.1530656814575195,-2.322023868560791,False,False
2989,humaneval_HumanEval/65:1:0:1,real,humaneval,ee5a0959eefe41ad5e87921063312eed24deead40ecc24313001a1e385544b87,True,False,actuator_answer,0.2,-3.164844512939453,-2.281078815460205,False,False
2989,humaneval_HumanEval/65:1:0:1,real,humaneval,ee5a0959eefe41ad5e87921063312eed24deead40ecc24313001a1e385544b87,True,False,actuator_answer,0.4,-2.8767805099487305,-3.339148998260498,False,False
2990,humaneval_HumanEval/65:2:0:0,real,humaneval,ee5a0959eefe41ad5e87921063312eed24deead40ecc24313001a1e385544b87,True,False,baseline,0.0,-2.460844039916992,-1.9383375644683838,False,False
2990,humaneval_HumanEval/65:2:0:0,real,humaneval,ee5a0959eefe41ad5e87921063312eed24deead40ecc24313001a1e385544b87,True,False,semantic,0.02,-2.4598865509033203,-1.9382946491241455,False,False
2990,humaneval_HumanEval/65:2:0:0,real,humaneval,ee5a0959eefe41ad5e87921063312eed24deead40ecc24313001a1e385544b87,True,False,semantic,0.05,-2.4615988731384277,-1.9393994808197021,False,False
2990,humaneval_HumanEval/65:2:0:0,real,humaneval,ee5a0959eefe41ad5e87921063312eed24deead40ecc24313001a1e385544b87,True,False,semantic,0.1,-2.450946807861328,-1.9460170269012451,False,False
2990,humaneval_HumanEval/65:2:0:0,real,humaneval,ee5a0959eefe41ad5e87921063312eed24deead40ecc24313001a1e385544b87,True,False,semantic,0.2,-2.4527034759521484,-1.9552791118621826,False,False
2990,humaneval_HumanEval/65:2:0:0,real,humaneval,ee5a0959eefe41ad5e87921063312eed24deead40ecc24313001a1e385544b87,True,False,semantic,0.4,-2.4569625854492188,-1.988703727722168,False,False
2990,humaneval_HumanEval/65:2:0:0,real,humaneval,ee5a0959eefe41ad5e87921063312eed24deead40ecc24313001a1e385544b87,True,False,reverse,0.02,-2.47123384475708,-1.931638240814209,False,False
2990,humaneval_HumanEval/65:2:0:0,real,humaneval,ee5a0959eefe41ad5e87921063312eed24deead40ecc24313001a1e385544b87,True,False,reverse,0.05,-2.4627861976623535,-1.9388035535812378,False,False
2990,humaneval_HumanEval/65:2:0:0,real,humaneval,ee5a0959eefe41ad5e87921063312eed24deead40ecc24313001a1e385544b87,True,False,reverse,0.1,-2.4621949195861816,-1.920867919921875,False,False
2990,humaneval_HumanEval/65:2:0:0,real,humaneval,ee5a0959eefe41ad5e87921063312eed24deead40ecc24313001a1e385544b87,True,False,reverse,0.2,-2.457982063293457,-1.9201698303222656,False,False
2990,humaneval_HumanEval/65:2:0:0,real,humaneval,ee5a0959eefe41ad5e87921063312eed24deead40ecc24313001a1e385544b87,True,False,reverse,0.4,-2.4380083084106445,-1.929666519165039,False,False
2990,humaneval_HumanEval/65:2:0:0,real,humaneval,ee5a0959eefe41ad5e87921063312eed24deead40ecc24313001a1e385544b87,True,False,random,0.02,-2.4675822257995605,-1.9323601722717285,False,False
2990,humaneval_HumanEval/65:2:0:0,real,humaneval,ee5a0959eefe41ad5e87921063312eed24deead40ecc24313001a1e385544b87,True,False,random,0.05,-2.461155652999878,-1.9408245086669922,False,False
2990,humaneval_HumanEval/65:2:0:0,real,humaneval,ee5a0959eefe41ad5e87921063312eed24deead40ecc24313001a1e385544b87,True,False,random,0.1,-2.4498608112335205,-1.930668830871582,False,False
2990,humaneval_HumanEval/65:2:0:0,real,humaneval,ee5a0959eefe41ad5e87921063312eed24deead40ecc24313001a1e385544b87,True,False,random,0.2,-2.4595441818237305,-1.9391403198242188,False,False
2990,humaneval_HumanEval/65:2:0:0,real,humaneval,ee5a0959eefe41ad5e87921063312eed24deead40ecc24313001a1e385544b87,True,False,random,0.4,-2.4675512313842773,-1.9349713325500488,False,False
2990,humaneval_HumanEval/65:2:0:0,real,humaneval,ee5a0959eefe41ad5e87921063312eed24deead40ecc24313001a1e385544b87,True,False,shuffled,0.02,-2.4504218101501465,-1.9293599128723145,False,False
2990,humaneval_HumanEval/65:2:0:0,real,humaneval,ee5a0959eefe41ad5e87921063312eed24deead40ecc24313001a1e385544b87,True,False,shuffled,0.05,-2.4508767127990723,-1.9307223558425903,False,False
2990,humaneval_HumanEval/65:2:0:0,real,humaneval,ee5a0959eefe41ad5e87921063312eed24deead40ecc24313001a1e385544b87,True,False,shuffled,0.1,-2.4590139389038086,-1.9220956563949585,False,False
2990,humaneval_HumanEval/65:2:0:0,real,humaneval,ee5a0959eefe41ad5e87921063312eed24deead40ecc24313001a1e385544b87,True,False,shuffled,0.2,-2.455334186553955,-1.9400477409362793,False,False
2990,humaneval_HumanEval/65:2:0:0,real,humaneval,ee5a0959eefe41ad5e87921063312eed24deead40ecc24313001a1e385544b87,True,False,shuffled,0.4,-2.4249799251556396,-1.9400655031204224,False,False
2990,humaneval_HumanEval/65:2:0:0,real,humaneval,ee5a0959eefe41ad5e87921063312eed24deead40ecc24313001a1e385544b87,True,False,wrong_site,0.02,-2.4624032974243164,-1.9392695426940918,False,False
2990,humaneval_HumanEval/65:2:0:0,real,humaneval,ee5a0959eefe41ad5e87921063312eed24deead40ecc24313001a1e385544b87,True,False,wrong_site,0.05,-2.4715259075164795,-1.9341316223144531,False,False
2990,humaneval_HumanEval/65:2:0:0,real,humaneval,ee5a0959eefe41ad5e87921063312eed24deead40ecc24313001a1e385544b87,True,False,wrong_site,0.1,-2.4621834754943848,-1.9401440620422363,False,False
2990,humaneval_HumanEval/65:2:0:0,real,humaneval,ee5a0959eefe41ad5e87921063312eed24deead40ecc24313001a1e385544b87,True,False,wrong_site,0.2,-2.459484815597534,-1.9400372505187988,False,False
2990,humaneval_HumanEval/65:2:0:0,real,humaneval,ee5a0959eefe41ad5e87921063312eed24deead40ecc24313001a1e385544b87,True,False,wrong_site,0.4,-2.4324140548706055,-1.9404692649841309,False,False
2990,humaneval_HumanEval/65:2:0:0,real,humaneval,ee5a0959eefe41ad5e87921063312eed24deead40ecc24313001a1e385544b87,True,False,answer_site,0.02,-2.488556146621704,-1.976562261581421,False,False
2990,humaneval_HumanEval/65:2:0:0,real,humaneval,ee5a0959eefe41ad5e87921063312eed24deead40ecc24313001a1e385544b87,True,False,answer_site,0.05,-2.5324039459228516,-2.039686441421509,False,False
2990,humaneval_HumanEval/65:2:0:0,real,humaneval,ee5a0959eefe41ad5e87921063312eed24deead40ecc24313001a1e385544b87,True,False,answer_site,0.1,-2.62239933013916,-2.156093120574951,False,False
2990,humaneval_HumanEval/65:2:0:0,real,humaneval,ee5a0959eefe41ad5e87921063312eed24deead40ecc24313001a1e385544b87,True,False,answer_site,0.2,-2.9766554832458496,-2.5050647258758545,False,False
2990,humaneval_HumanEval/65:2:0:0,real,humaneval,ee5a0959eefe41ad5e87921063312eed24deead40ecc24313001a1e385544b87,True,False,answer_site,0.4,-3.7091126441955566,-3.0508334636688232,False,False
2990,humaneval_HumanEval/65:2:0:0,real,humaneval,ee5a0959eefe41ad5e87921063312eed24deead40ecc24313001a1e385544b87,True,False,actuator_cond,0.02,-2.4599666595458984,-1.9384459257125854,False,False
2990,humaneval_HumanEval/65:2:0:0,real,humaneval,ee5a0959eefe41ad5e87921063312eed24deead40ecc24313001a1e385544b87,True,False,actuator_cond,0.05,-2.460693359375,-1.9393775463104248,False,False
2990,humaneval_HumanEval/65:2:0:0,real,humaneval,ee5a0959eefe41ad5e87921063312eed24deead40ecc24313001a1e385544b87,True,False,actuator_cond,0.1,-2.436035633087158,-1.9430242776870728,False,False
2990,humaneval_HumanEval/65:2:0:0,real,humaneval,ee5a0959eefe41ad5e87921063312eed24deead40ecc24313001a1e385544b87,True,False,actuator_cond,0.2,-2.418509006500244,-1.9761159420013428,False,False
2990,humaneval_HumanEval/65:2:0:0,real,humaneval,ee5a0959eefe41ad5e87921063312eed24deead40ecc24313001a1e385544b87,True,False,actuator_cond,0.4,-2.145030975341797,-2.2060842514038086,False,False
2990,humaneval_HumanEval/65:2:0:0,real,humaneval,ee5a0959eefe41ad5e87921063312eed24deead40ecc24313001a1e385544b87,True,False,actuator_answer,0.02,-2.4332849979400635,-1.9602739810943604,False,False
2990,humaneval_HumanEval/65:2:0:0,real,humaneval,ee5a0959eefe41ad5e87921063312eed24deead40ecc24313001a1e385544b87,True,False,actuator_answer,0.05,-2.4095165729522705,-2.0163509845733643,False,False
2990,humaneval_HumanEval/65:2:0:0,real,humaneval,ee5a0959eefe41ad5e87921063312eed24deead40ecc24313001a1e385544b87,True,False,actuator_answer,0.1,-2.344465732574463,-2.142834424972534,False,False
2990,humaneval_HumanEval/65:2:0:0,real,humaneval,ee5a0959eefe41ad5e87921063312eed24deead40ecc24313001a1e385544b87,True,False,actuator_answer,0.2,-2.167843818664551,-2.5327465534210205,False,False
2990,humaneval_HumanEval/65:2:0:0,real,humaneval,ee5a0959eefe41ad5e87921063312eed24deead40ecc24313001a1e385544b87,True,False,actuator_answer,0.4,-2.8317203521728516,-3.796776056289673,False,False
2991,humaneval_HumanEval/65:2:0:1,real,humaneval,ee5a0959eefe41ad5e87921063312eed24deead40ecc24313001a1e385544b87,False,False,baseline,0.0,-1.4949278831481934,-3.3512086868286133,False,False
2991,humaneval_HumanEval/65:2:0:1,real,humaneval,ee5a0959eefe41ad5e87921063312eed24deead40ecc24313001a1e385544b87,False,False,semantic,0.02,-1.4944595098495483,-3.352565050125122,False,False
2991,humaneval_HumanEval/65:2:0:1,real,humaneval,ee5a0959eefe41ad5e87921063312eed24deead40ecc24313001a1e385544b87,False,False,semantic,0.05,-1.491096019744873,-3.3635144233703613,False,False
2991,humaneval_HumanEval/65:2:0:1,real,humaneval,ee5a0959eefe41ad5e87921063312eed24deead40ecc24313001a1e385544b87,False,False,semantic,0.1,-1.4917540550231934,-3.363008499145508,False,False
2991,humaneval_HumanEval/65:2:0:1,real,humaneval,ee5a0959eefe41ad5e87921063312eed24deead40ecc24313001a1e385544b87,False,False,semantic,0.2,-1.490264892578125,-3.362963914871216,False,False
2991,humaneval_HumanEval/65:2:0:1,real,humaneval,ee5a0959eefe41ad5e87921063312eed24deead40ecc24313001a1e385544b87,False,False,semantic,0.4,-1.493452548980713,-3.349076747894287,False,False
2991,humaneval_HumanEval/65:2:0:1,real,humaneval,ee5a0959eefe41ad5e87921063312eed24deead40ecc24313001a1e385544b87,False,False,reverse,0.02,-1.505194067955017,-3.363328456878662,False,False
2991,humaneval_HumanEval/65:2:0:1,real,humaneval,ee5a0959eefe41ad5e87921063312eed24deead40ecc24313001a1e385544b87,False,False,reverse,0.05,-1.5032403469085693,-3.3740806579589844,False,False
2991,humaneval_HumanEval/65:2:0:1,real,humaneval,ee5a0959eefe41ad5e87921063312eed24deead40ecc24313001a1e385544b87,False,False,reverse,0.1,-1.516488790512085,-3.3673629760742188,False,False
2991,humaneval_HumanEval/65:2:0:1,real,humaneval,ee5a0959eefe41ad5e87921063312eed24deead40ecc24313001a1e385544b87,False,False,reverse,0.2,-1.5180312395095825,-3.34719181060791,False,False
2991,humaneval_HumanEval/65:2:0:1,real,humaneval,ee5a0959eefe41ad5e87921063312eed24deead40ecc24313001a1e385544b87,False,False,reverse,0.4,-1.5375661849975586,-3.357264280319214,False,False
2991,humaneval_HumanEval/65:2:0:1,real,humaneval,ee5a0959eefe41ad5e87921063312eed24deead40ecc24313001a1e385544b87,False,False,random,0.02,-1.5023658275604248,-3.37282657623291,False,False
2991,humaneval_HumanEval/65:2:0:1,real,humaneval,ee5a0959eefe41ad5e87921063312eed24deead40ecc24313001a1e385544b87,False,False,random,0.05,-1.5056284666061401,-3.36187481880188,False,False
2991,humaneval_HumanEval/65:2:0:1,real,humaneval,ee5a0959eefe41ad5e87921063312eed24deead40ecc24313001a1e385544b87,False,False,random,0.1,-1.4960963726043701,-3.352208375930786,False,False
2991,humaneval_HumanEval/65:2:0:1,real,humaneval,ee5a0959eefe41ad5e87921063312eed24deead40ecc24313001a1e385544b87,False,False,random,0.2,-1.499544382095337,-3.3865585327148438,False,False
2991,humaneval_HumanEval/65:2:0:1,real,humaneval,ee5a0959eefe41ad5e87921063312eed24deead40ecc24313001a1e385544b87,False,False,random,0.4,-1.5012691020965576,-3.392761707305908,False,False
2991,humaneval_HumanEval/65:2:0:1,real,humaneval,ee5a0959eefe41ad5e87921063312eed24deead40ecc24313001a1e385544b87,False,False,shuffled,0.02,-1.5063917636871338,-3.360691547393799,False,False
2991,humaneval_HumanEval/65:2:0:1,real,humaneval,ee5a0959eefe41ad5e87921063312eed24deead40ecc24313001a1e385544b87,False,False,shuffled,0.05,-1.5063729286193848,-3.3620500564575195,False,False
2991,humaneval_HumanEval/65:2:0:1,real,humaneval,ee5a0959eefe41ad5e87921063312eed24deead40ecc24313001a1e385544b87,False,False,shuffled,0.1,-1.5047523975372314,-3.36287784576416,False,False
2991,humaneval_HumanEval/65:2:0:1,real,humaneval,ee5a0959eefe41ad5e87921063312eed24deead40ecc24313001a1e385544b87,False,False,shuffled,0.2,-1.505460262298584,-3.3638925552368164,False,False
2991,humaneval_HumanEval/65:2:0:1,real,humaneval,ee5a0959eefe41ad5e87921063312eed24deead40ecc24313001a1e385544b87,False,False,shuffled,0.4,-1.5295014381408691,-3.3421382904052734,False,False
2991,humaneval_HumanEval/65:2:0:1,real,humaneval,ee5a0959eefe41ad5e87921063312eed24deead40ecc24313001a1e385544b87,False,False,wrong_site,0.02,-1.492431879043579,-3.359968900680542,False,False
2991,humaneval_HumanEval/65:2:0:1,real,humaneval,ee5a0959eefe41ad5e87921063312eed24deead40ecc24313001a1e385544b87,False,False,wrong_site,0.05,-1.4915708303451538,-3.3641138076782227,False,False
2991,humaneval_HumanEval/65:2:0:1,real,humaneval,ee5a0959eefe41ad5e87921063312eed24deead40ecc24313001a1e385544b87,False,False,wrong_site,0.1,-1.4915874004364014,-3.3635497093200684,False,False
2991,humaneval_HumanEval/65:2:0:1,real,humaneval,ee5a0959eefe41ad5e87921063312eed24deead40ecc24313001a1e385544b87,False,False,wrong_site,0.2,-1.5056359767913818,-3.358949661254883,False,False
2991,humaneval_HumanEval/65:2:0:1,real,humaneval,ee5a0959eefe41ad5e87921063312eed24deead40ecc24313001a1e385544b87,False,False,wrong_site,0.4,-1.4960155487060547,-3.349076747894287,False,False
2991,humaneval_HumanEval/65:2:0:1,real,humaneval,ee5a0959eefe41ad5e87921063312eed24deead40ecc24313001a1e385544b87,False,False,answer_site,0.02,-1.4755257368087769,-3.3348388671875,False,False
2991,humaneval_HumanEval/65:2:0:1,real,humaneval,ee5a0959eefe41ad5e87921063312eed24deead40ecc24313001a1e385544b87,False,False,answer_site,0.05,-1.4300940036773682,-3.3246867656707764,False,False
2991,humaneval_HumanEval/65:2:0:1,real,humaneval,ee5a0959eefe41ad5e87921063312eed24deead40ecc24313001a1e385544b87,False,False,answer_site,0.1,-1.3663164377212524,-3.2640304565429688,False,False
2991,humaneval_HumanEval/65:2:0:1,real,humaneval,ee5a0959eefe41ad5e87921063312eed24deead40ecc24313001a1e385544b87,False,False,answer_site,0.2,-1.3561887741088867,-3.2395827770233154,False,False
2991,humaneval_HumanEval/65:2:0:1,real,humaneval,ee5a0959eefe41ad5e87921063312eed24deead40ecc24313001a1e385544b87,False,False,answer_site,0.4,-1.7802151441574097,-3.5590620040893555,False,False
2991,humaneval_HumanEval/65:2:0:1,real,humaneval,ee5a0959eefe41ad5e87921063312eed24deead40ecc24313001a1e385544b87,False,False,actuator_cond,0.02,-1.4894182682037354,-3.378465175628662,False,False
2991,humaneval_HumanEval/65:2:0:1,real,humaneval,ee5a0959eefe41ad5e87921063312eed24deead40ecc24313001a1e385544b87,False,False,actuator_cond,0.05,-1.4989595413208008,-3.3879175186157227,False,False
2991,humaneval_HumanEval/65:2:0:1,real,humaneval,ee5a0959eefe41ad5e87921063312eed24deead40ecc24313001a1e385544b87,False,False,actuator_cond,0.1,-1.4961249828338623,-3.398310422897339,False,False
2991,humaneval_HumanEval/65:2:0:1,real,humaneval,ee5a0959eefe41ad5e87921063312eed24deead40ecc24313001a1e385544b87,False,False,actuator_cond,0.2,-1.4936394691467285,-3.407147169113159,False,False
2991,humaneval_HumanEval/65:2:0:1,real,humaneval,ee5a0959eefe41ad5e87921063312eed24deead40ecc24313001a1e385544b87,False,False,actuator_cond,0.4,-1.553774356842041,-3.3106625080108643,False,False
2991,humaneval_HumanEval/65:2:0:1,real,humaneval,ee5a0959eefe41ad5e87921063312eed24deead40ecc24313001a1e385544b87,False,False,actuator_answer,0.02,-1.4886796474456787,-3.440690040588379,False,False
2991,humaneval_HumanEval/65:2:0:1,real,humaneval,ee5a0959eefe41ad5e87921063312eed24deead40ecc24313001a1e385544b87,False,False,actuator_answer,0.05,-1.4738918542861938,-3.507323741912842,False,False
2991,humaneval_HumanEval/65:2:0:1,real,humaneval,ee5a0959eefe41ad5e87921063312eed24deead40ecc24313001a1e385544b87,False,False,actuator_answer,0.1,-1.4725470542907715,-3.65073561668396,False,False
2991,humaneval_HumanEval/65:2:0:1,real,humaneval,ee5a0959eefe41ad5e87921063312eed24deead40ecc24313001a1e385544b87,False,False,actuator_answer,0.2,-1.4582602977752686,-3.8583457469940186,False,False
2991,humaneval_HumanEval/65:2:0:1,real,humaneval,ee5a0959eefe41ad5e87921063312eed24deead40ecc24313001a1e385544b87,False,False,actuator_answer,0.4,-2.977625608444214,-4.5293288230896,False,False
2992,humaneval_HumanEval/72:0:0:0,real,humaneval,63a56bc6500bd302147b26f67281210a8b5e49b3a10626c377d0ce550b78f456,False,False,baseline,0.0,-0.3410613536834717,-1.2785613536834717,True,False
2992,humaneval_HumanEval/72:0:0:0,real,humaneval,63a56bc6500bd302147b26f67281210a8b5e49b3a10626c377d0ce550b78f456,False,False,semantic,0.02,-0.34092065691947937,-1.2784206867218018,True,False
2992,humaneval_HumanEval/72:0:0:0,real,humaneval,63a56bc6500bd302147b26f67281210a8b5e49b3a10626c377d0ce550b78f456,False,False,semantic,0.05,-0.34547993540763855,-1.267354965209961,True,False
2992,humaneval_HumanEval/72:0:0:0,real,humaneval,63a56bc6500bd302147b26f67281210a8b5e49b3a10626c377d0ce550b78f456,False,False,semantic,0.1,-0.34096813201904297,-1.278468132019043,True,False
2992,humaneval_HumanEval/72:0:0:0,real,humaneval,63a56bc6500bd302147b26f67281210a8b5e49b3a10626c377d0ce550b78f456,False,False,semantic,0.2,-0.35446587204933167,-1.2450908422470093,True,False
2992,humaneval_HumanEval/72:0:0:0,real,humaneval,63a56bc6500bd302147b26f67281210a8b5e49b3a10626c377d0ce550b78f456,False,False,semantic,0.4,-0.3928878903388977,-1.158512830734253,True,False
2992,humaneval_HumanEval/72:0:0:0,real,humaneval,63a56bc6500bd302147b26f67281210a8b5e49b3a10626c377d0ce550b78f456,False,False,reverse,0.02,-0.3365761637687683,-1.289701223373413,True,False
2992,humaneval_HumanEval/72:0:0:0,real,humaneval,63a56bc6500bd302147b26f67281210a8b5e49b3a10626c377d0ce550b78f456,False,False,reverse,0.05,-0.340969979763031,-1.2784700393676758,True,False
2992,humaneval_HumanEval/72:0:0:0,real,humaneval,63a56bc6500bd302147b26f67281210a8b5e49b3a10626c377d0ce550b78f456,False,False,reverse,0.1,-0.3408307135105133,-1.278330683708191,True,False
2992,humaneval_HumanEval/72:0:0:0,real,humaneval,63a56bc6500bd302147b26f67281210a8b5e49b3a10626c377d0ce550b78f456,False,False,reverse,0.2,-0.3408593535423279,-1.2783594131469727,True,False
2992,humaneval_HumanEval/72:0:0:0,real,humaneval,63a56bc6500bd302147b26f67281210a8b5e49b3a10626c377d0ce550b78f456,False,False,reverse,0.4,-0.3456588089466095,-1.267533779144287,True,False
2992,humaneval_HumanEval/72:0:0:0,real,humaneval,63a56bc6500bd302147b26f67281210a8b5e49b3a10626c377d0ce550b78f456,False,False,random,0.02,-0.336590051651001,-1.289715051651001,True,False
2992,humaneval_HumanEval/72:0:0:0,real,humaneval,63a56bc6500bd302147b26f67281210a8b5e49b3a10626c377d0ce550b78f456,False,False,random,0.05,-0.34096211194992065,-1.2784621715545654,True,False
2992,humaneval_HumanEval/72:0:0:0,real,humaneval,63a56bc6500bd302147b26f67281210a8b5e49b3a10626c377d0ce550b78f456,False,False,random,0.1,-0.3411048352718353,-1.2786048650741577,True,False
2992,humaneval_HumanEval/72:0:0:0,real,humaneval,63a56bc6500bd302147b26f67281210a8b5e49b3a10626c377d0ce550b78f456,False,False,random,0.2,-0.3411423861980438,-1.2786424160003662,True,False
2992,humaneval_HumanEval/72:0:0:0,real,humaneval,63a56bc6500bd302147b26f67281210a8b5e49b3a10626c377d0ce550b78f456,False,False,random,0.4,-0.3457435369491577,-1.2676185369491577,True,False
2992,humaneval_HumanEval/72:0:0:0,real,humaneval,63a56bc6500bd302147b26f67281210a8b5e49b3a10626c377d0ce550b78f456,False,False,shuffled,0.02,-0.34091708064079285,-1.2784171104431152,True,False
2992,humaneval_HumanEval/72:0:0:0,real,humaneval,63a56bc6500bd302147b26f67281210a8b5e49b3a10626c377d0ce550b78f456,False,False,shuffled,0.05,-0.34092819690704346,-1.2784281969070435,True,False
2992,humaneval_HumanEval/72:0:0:0,real,humaneval,63a56bc6500bd302147b26f67281210a8b5e49b3a10626c377d0ce550b78f456,False,False,shuffled,0.1,-0.34084105491638184,-1.2783410549163818,True,False
2992,humaneval_HumanEval/72:0:0:0,real,humaneval,63a56bc6500bd302147b26f67281210a8b5e49b3a10626c377d0ce550b78f456,False,False,shuffled,0.2,-0.34101033210754395,-1.278510332107544,True,False
2992,humaneval_HumanEval/72:0:0:0,real,humaneval,63a56bc6500bd302147b26f67281210a8b5e49b3a10626c377d0ce550b78f456,False,False,shuffled,0.4,-0.3456404209136963,-1.2675154209136963,True,False
2992,humaneval_HumanEval/72:0:0:0,real,humaneval,63a56bc6500bd302147b26f67281210a8b5e49b3a10626c377d0ce550b78f456,False,False,wrong_site,0.02,-0.3365914225578308,-1.2897164821624756,True,False
2992,humaneval_HumanEval/72:0:0:0,real,humaneval,63a56bc6500bd302147b26f67281210a8b5e49b3a10626c377d0ce550b78f456,False,False,wrong_site,0.05,-0.34106501936912537,-1.2785650491714478,True,False
2992,humaneval_HumanEval/72:0:0:0,real,humaneval,63a56bc6500bd302147b26f67281210a8b5e49b3a10626c377d0ce550b78f456,False,False,wrong_site,0.1,-0.3365932106971741,-1.2897181510925293,True,False
2992,humaneval_HumanEval/72:0:0:0,real,humaneval,63a56bc6500bd302147b26f67281210a8b5e49b3a10626c377d0ce550b78f456,False,False,wrong_site,0.2,-0.3409588038921356,-1.278458833694458,True,False
2992,humaneval_HumanEval/72:0:0:0,real,humaneval,63a56bc6500bd302147b26f67281210a8b5e49b3a10626c377d0ce550b78f456,False,False,wrong_site,0.4,-0.3409252166748047,-1.2784252166748047,True,False
2992,humaneval_HumanEval/72:0:0:0,real,humaneval,63a56bc6500bd302147b26f67281210a8b5e49b3a10626c377d0ce550b78f456,False,False,answer_site,0.02,-0.34020093083381653,-1.2777009010314941,True,False
2992,humaneval_HumanEval/72:0:0:0,real,humaneval,63a56bc6500bd302147b26f67281210a8b5e49b3a10626c377d0ce550b78f456,False,False,answer_site,0.05,-0.34383222460746765,-1.26570725440979,True,False
2992,humaneval_HumanEval/72:0:0:0,real,humaneval,63a56bc6500bd302147b26f67281210a8b5e49b3a10626c377d0ce550b78f456,False,False,answer_site,0.1,-0.3216128647327423,-1.32161283493042,True,False
2992,humaneval_HumanEval/72:0:0:0,real,humaneval,63a56bc6500bd302147b26f67281210a8b5e49b3a10626c377d0ce550b78f456,False,False,answer_site,0.2,-0.16008159518241882,-1.9725816249847412,True,False
2992,humaneval_HumanEval/72:0:0:0,real,humaneval,63a56bc6500bd302147b26f67281210a8b5e49b3a10626c377d0ce550b78f456,False,False,answer_site,0.4,-0.1526370495557785,-5.715137004852295,True,False
2992,humaneval_HumanEval/72:0:0:0,real,humaneval,63a56bc6500bd302147b26f67281210a8b5e49b3a10626c377d0ce550b78f456,False,False,actuator_cond,0.02,-0.33657950162887573,-1.2897045612335205,True,False
2992,humaneval_HumanEval/72:0:0:0,real,humaneval,63a56bc6500bd302147b26f67281210a8b5e49b3a10626c377d0ce550b78f456,False,False,actuator_cond,0.05,-0.3364615738391876,-1.2895865440368652,True,False
2992,humaneval_HumanEval/72:0:0:0,real,humaneval,63a56bc6500bd302147b26f67281210a8b5e49b3a10626c377d0ce550b78f456,False,False,actuator_cond,0.1,-0.3277260959148407,-1.312101125717163,True,False
2992,humaneval_HumanEval/72:0:0:0,real,humaneval,63a56bc6500bd302147b26f67281210a8b5e49b3a10626c377d0ce550b78f456,False,False,actuator_cond,0.2,-0.32775795459747314,-1.3121329545974731,True,False
2992,humaneval_HumanEval/72:0:0:0,real,humaneval,63a56bc6500bd302147b26f67281210a8b5e49b3a10626c377d0ce550b78f456,False,False,actuator_cond,0.4,-0.2796928584575653,-1.4515678882598877,True,False
2992,humaneval_HumanEval/72:0:0:0,real,humaneval,63a56bc6500bd302147b26f67281210a8b5e49b3a10626c377d0ce550b78f456,False,False,actuator_answer,0.02,-0.6661930084228516,-0.7443180084228516,True,False
2992,humaneval_HumanEval/72:0:0:0,real,humaneval,63a56bc6500bd302147b26f67281210a8b5e49b3a10626c377d0ce550b78f456,False,False,actuator_answer,0.05,-1.5619269609451294,-0.249426931142807,False,True
2992,humaneval_HumanEval/72:0:0:0,real,humaneval,63a56bc6500bd302147b26f67281210a8b5e49b3a10626c377d0ce550b78f456,False,False,actuator_answer,0.1,-4.088016986846924,-0.025516828522086143,False,True
2992,humaneval_HumanEval/72:0:0:0,real,humaneval,63a56bc6500bd302147b26f67281210a8b5e49b3a10626c377d0ce550b78f456,False,False,actuator_answer,0.2,-8.873692512512207,-0.006505264900624752,False,True
2992,humaneval_HumanEval/72:0:0:0,real,humaneval,63a56bc6500bd302147b26f67281210a8b5e49b3a10626c377d0ce550b78f456,False,False,actuator_answer,0.4,-16.37498664855957,-0.0937359407544136,False,True
2993,humaneval_HumanEval/72:0:0:1,real,humaneval,63a56bc6500bd302147b26f67281210a8b5e49b3a10626c377d0ce550b78f456,True,False,baseline,0.0,-0.9357963800430298,-0.5295463800430298,False,True
2993,humaneval_HumanEval/72:0:0:1,real,humaneval,63a56bc6500bd302147b26f67281210a8b5e49b3a10626c377d0ce550b78f456,True,False,semantic,0.02,-0.9357662796974182,-0.5295162796974182,False,True
2993,humaneval_HumanEval/72:0:0:1,real,humaneval,63a56bc6500bd302147b26f67281210a8b5e49b3a10626c377d0ce550b78f456,True,False,semantic,0.05,-0.9263975620269775,-0.5357725620269775,False,True
2993,humaneval_HumanEval/72:0:0:1,real,humaneval,63a56bc6500bd302147b26f67281210a8b5e49b3a10626c377d0ce550b78f456,True,False,semantic,0.1,-0.9356153011322021,-0.5293653011322021,False,True
2993,humaneval_HumanEval/72:0:0:1,real,humaneval,63a56bc6500bd302147b26f67281210a8b5e49b3a10626c377d0ce550b78f456,True,False,semantic,0.2,-0.9354966878890991,-0.5292466878890991,False,True
2993,humaneval_HumanEval/72:0:0:1,real,humaneval,63a56bc6500bd302147b26f67281210a8b5e49b3a10626c377d0ce550b78f456,True,False,semantic,0.4,-0.9359334707260132,-0.5296834707260132,False,True
2993,humaneval_HumanEval/72:0:0:1,real,humaneval,63a56bc6500bd302147b26f67281210a8b5e49b3a10626c377d0ce550b78f456,True,False,reverse,0.02,-0.9358296394348145,-0.5295796394348145,False,True
2993,humaneval_HumanEval/72:0:0:1,real,humaneval,63a56bc6500bd302147b26f67281210a8b5e49b3a10626c377d0ce550b78f456,True,False,reverse,0.05,-0.9358006119728088,-0.5295506119728088,False,True
2993,humaneval_HumanEval/72:0:0:1,real,humaneval,63a56bc6500bd302147b26f67281210a8b5e49b3a10626c377d0ce550b78f456,True,False,reverse,0.1,-0.9263988733291626,-0.5357738733291626,False,True
2993,humaneval_HumanEval/72:0:0:1,real,humaneval,63a56bc6500bd302147b26f67281210a8b5e49b3a10626c377d0ce550b78f456,True,False,reverse,0.2,-0.9079819917678833,-0.5486069917678833,False,True
2993,humaneval_HumanEval/72:0:0:1,real,humaneval,63a56bc6500bd302147b26f67281210a8b5e49b3a10626c377d0ce550b78f456,True,False,reverse,0.4,-0.8374467492103577,-0.6030717492103577,False,True
2993,humaneval_HumanEval/72:0:0:1,real,humaneval,63a56bc6500bd302147b26f67281210a8b5e49b3a10626c377d0ce550b78f456,True,False,random,0.02,-0.9358026385307312,-0.5295526385307312,False,True
2993,humaneval_HumanEval/72:0:0:1,real,humaneval,63a56bc6500bd302147b26f67281210a8b5e49b3a10626c377d0ce550b78f456,True,False,random,0.05,-0.9263724684715271,-0.5357474684715271,False,True
2993,humaneval_HumanEval/72:0:0:1,real,humaneval,63a56bc6500bd302147b26f67281210a8b5e49b3a10626c377d0ce550b78f456,True,False,random,0.1,-0.9358310103416443,-0.5295810103416443,False,True
2993,humaneval_HumanEval/72:0:0:1,real,humaneval,63a56bc6500bd302147b26f67281210a8b5e49b3a10626c377d0ce550b78f456,True,False,random,0.2,-0.9263591766357422,-0.5357341766357422,False,True
2993,humaneval_HumanEval/72:0:0:1,real,humaneval,63a56bc6500bd302147b26f67281210a8b5e49b3a10626c377d0ce550b78f456,True,False,random,0.4,-0.926025390625,-0.535400390625,False,True
2993,humaneval_HumanEval/72:0:0:1,real,humaneval,63a56bc6500bd302147b26f67281210a8b5e49b3a10626c377d0ce550b78f456,True,False,shuffled,0.02,-0.9358077049255371,-0.5295577049255371,False,True
2993,humaneval_HumanEval/72:0:0:1,real,humaneval,63a56bc6500bd302147b26f67281210a8b5e49b3a10626c377d0ce550b78f456,True,False,shuffled,0.05,-0.9264627695083618,-0.5358377695083618,False,True
2993,humaneval_HumanEval/72:0:0:1,real,humaneval,63a56bc6500bd302147b26f67281210a8b5e49b3a10626c377d0ce550b78f456,True,False,shuffled,0.1,-0.935802161693573,-0.529552161693573,False,True
2993,humaneval_HumanEval/72:0:0:1,real,humaneval,63a56bc6500bd302147b26f67281210a8b5e49b3a10626c377d0ce550b78f456,True,False,shuffled,0.2,-0.9265112280845642,-0.5358862280845642,False,True
2993,humaneval_HumanEval/72:0:0:1,real,humaneval,63a56bc6500bd302147b26f67281210a8b5e49b3a10626c377d0ce550b78f456,True,False,shuffled,0.4,-0.9089652299880981,-0.5495902299880981,False,True
2993,humaneval_HumanEval/72:0:0:1,real,humaneval,63a56bc6500bd302147b26f67281210a8b5e49b3a10626c377d0ce550b78f456,True,False,wrong_site,0.02,-0.9357963800430298,-0.5295463800430298,False,True
2993,humaneval_HumanEval/72:0:0:1,real,humaneval,63a56bc6500bd302147b26f67281210a8b5e49b3a10626c377d0ce550b78f456,True,False,wrong_site,0.05,-0.9358071088790894,-0.5295571088790894,False,True
2993,humaneval_HumanEval/72:0:0:1,real,humaneval,63a56bc6500bd302147b26f67281210a8b5e49b3a10626c377d0ce550b78f456,True,False,wrong_site,0.1,-0.9356648921966553,-0.5294148921966553,False,True
2993,humaneval_HumanEval/72:0:0:1,real,humaneval,63a56bc6500bd302147b26f67281210a8b5e49b3a10626c377d0ce550b78f456,True,False,wrong_site,0.2,-0.9356834888458252,-0.5294334888458252,False,True
2993,humaneval_HumanEval/72:0:0:1,real,humaneval,63a56bc6500bd302147b26f67281210a8b5e49b3a10626c377d0ce550b78f456,True,False,wrong_site,0.4,-0.9355943202972412,-0.5293443202972412,False,True
2993,humaneval_HumanEval/72:0:0:1,real,humaneval,63a56bc6500bd302147b26f67281210a8b5e49b3a10626c377d0ce550b78f456,True,False,answer_site,0.02,-0.9195520281791687,-0.5445520281791687,False,True
2993,humaneval_HumanEval/72:0:0:1,real,humaneval,63a56bc6500bd302147b26f67281210a8b5e49b3a10626c377d0ce550b78f456,True,False,answer_site,0.05,-0.914526104927063,-0.555151104927063,False,True
2993,humaneval_HumanEval/72:0:0:1,real,humaneval,63a56bc6500bd302147b26f67281210a8b5e49b3a10626c377d0ce550b78f456,True,False,answer_site,0.1,-0.8963489532470703,-0.5838489532470703,False,True
2993,humaneval_HumanEval/72:0:0:1,real,humaneval,63a56bc6500bd302147b26f67281210a8b5e49b3a10626c377d0ce550b78f456,True,False,answer_site,0.2,-0.750446617603302,-0.766071617603302,True,False
2993,humaneval_HumanEval/72:0:0:1,real,humaneval,63a56bc6500bd302147b26f67281210a8b5e49b3a10626c377d0ce550b78f456,True,False,answer_site,0.4,-1.0025718212127686,-1.8463218212127686,True,False
2993,humaneval_HumanEval/72:0:0:1,real,humaneval,63a56bc6500bd302147b26f67281210a8b5e49b3a10626c377d0ce550b78f456,True,False,actuator_cond,0.02,-0.9358052611351013,-0.5295552611351013,False,True
2993,humaneval_HumanEval/72:0:0:1,real,humaneval,63a56bc6500bd302147b26f67281210a8b5e49b3a10626c377d0ce550b78f456,True,False,actuator_cond,0.05,-0.9266414642333984,-0.5360164642333984,False,True
2993,humaneval_HumanEval/72:0:0:1,real,humaneval,63a56bc6500bd302147b26f67281210a8b5e49b3a10626c377d0ce550b78f456,True,False,actuator_cond,0.1,-0.9083614349365234,-0.5489864349365234,False,True
2993,humaneval_HumanEval/72:0:0:1,real,humaneval,63a56bc6500bd302147b26f67281210a8b5e49b3a10626c377d0ce550b78f456,True,False,actuator_cond,0.2,-0.8906655311584473,-0.5625405311584473,False,True
2993,humaneval_HumanEval/72:0:0:1,real,humaneval,63a56bc6500bd302147b26f67281210a8b5e49b3a10626c377d0ce550b78f456,True,False,actuator_cond,0.4,-0.7964557409286499,-0.6402057409286499,False,True
2993,humaneval_HumanEval/72:0:0:1,real,humaneval,63a56bc6500bd302147b26f67281210a8b5e49b3a10626c377d0ce550b78f456,True,False,actuator_answer,0.02,-1.543717622756958,-0.26246756315231323,False,True
2993,humaneval_HumanEval/72:0:0:1,real,humaneval,63a56bc6500bd302147b26f67281210a8b5e49b3a10626c377d0ce550b78f456,True,False,actuator_answer,0.05,-2.723790407180786,-0.08316539973020554,False,True
2993,humaneval_HumanEval/72:0:0:1,real,humaneval,63a56bc6500bd302147b26f67281210a8b5e49b3a10626c377d0ce550b78f456,True,False,actuator_answer,0.1,-4.9398884773254395,-0.018013453111052513,False,True
2993,humaneval_HumanEval/72:0:0:1,real,humaneval,63a56bc6500bd302147b26f67281210a8b5e49b3a10626c377d0ce550b78f456,True,False,actuator_answer,0.2,-9.227749824523926,-0.008999500423669815,False,True
2993,humaneval_HumanEval/72:0:0:1,real,humaneval,63a56bc6500bd302147b26f67281210a8b5e49b3a10626c377d0ce550b78f456,True,False,actuator_answer,0.4,-17.510099411010742,-0.06088107079267502,False,True
2994,humaneval_HumanEval/72:0:0:2,real,humaneval,63a56bc6500bd302147b26f67281210a8b5e49b3a10626c377d0ce550b78f456,True,False,baseline,0.0,-0.8941094279289246,-0.5503594279289246,False,True
2994,humaneval_HumanEval/72:0:0:2,real,humaneval,63a56bc6500bd302147b26f67281210a8b5e49b3a10626c377d0ce550b78f456,True,False,semantic,0.02,-0.9032529592514038,-0.5438779592514038,False,True
2994,humaneval_HumanEval/72:0:0:2,real,humaneval,63a56bc6500bd302147b26f67281210a8b5e49b3a10626c377d0ce550b78f456,True,False,semantic,0.05,-0.893998384475708,-0.550248384475708,False,True
2994,humaneval_HumanEval/72:0:0:2,real,humaneval,63a56bc6500bd302147b26f67281210a8b5e49b3a10626c377d0ce550b78f456,True,False,semantic,0.1,-0.8939874172210693,-0.5502374172210693,False,True
2994,humaneval_HumanEval/72:0:0:2,real,humaneval,63a56bc6500bd302147b26f67281210a8b5e49b3a10626c377d0ce550b78f456,True,False,semantic,0.2,-0.903127908706665,-0.543752908706665,False,True
2994,humaneval_HumanEval/72:0:0:2,real,humaneval,63a56bc6500bd302147b26f67281210a8b5e49b3a10626c377d0ce550b78f456,True,False,semantic,0.4,-0.9035150408744812,-0.5441400408744812,False,True
2994,humaneval_HumanEval/72:0:0:2,real,humaneval,63a56bc6500bd302147b26f67281210a8b5e49b3a10626c377d0ce550b78f456,True,False,reverse,0.02,-0.8941096067428589,-0.5503596067428589,False,True
2994,humaneval_HumanEval/72:0:0:2,real,humaneval,63a56bc6500bd302147b26f67281210a8b5e49b3a10626c377d0ce550b78f456,True,False,reverse,0.05,-0.8940370082855225,-0.5502870082855225,False,True
2994,humaneval_HumanEval/72:0:0:2,real,humaneval,63a56bc6500bd302147b26f67281210a8b5e49b3a10626c377d0ce550b78f456,True,False,reverse,0.1,-0.8941327333450317,-0.5503827333450317,False,True
2994,humaneval_HumanEval/72:0:0:2,real,humaneval,63a56bc6500bd302147b26f67281210a8b5e49b3a10626c377d0ce550b78f456,True,False,reverse,0.2,-0.8671211004257202,-0.5702461004257202,False,True
2994,humaneval_HumanEval/72:0:0:2,real,humaneval,63a56bc6500bd302147b26f67281210a8b5e49b3a10626c377d0ce550b78f456,True,False,reverse,0.4,-0.8151785135269165,-0.6120535135269165,False,True
2994,humaneval_HumanEval/72:0:0:2,real,humaneval,63a56bc6500bd302147b26f67281210a8b5e49b3a10626c377d0ce550b78f456,True,False,random,0.02,-0.8942219018936157,-0.5504719018936157,False,True
2994,humaneval_HumanEval/72:0:0:2,real,humaneval,63a56bc6500bd302147b26f67281210a8b5e49b3a10626c377d0ce550b78f456,True,False,random,0.05,-0.9033032059669495,-0.5439282059669495,False,True
2994,humaneval_HumanEval/72:0:0:2,real,humaneval,63a56bc6500bd302147b26f67281210a8b5e49b3a10626c377d0ce550b78f456,True,False,random,0.1,-0.8940848708152771,-0.5503348708152771,False,True
2994,humaneval_HumanEval/72:0:0:2,real,humaneval,63a56bc6500bd302147b26f67281210a8b5e49b3a10626c377d0ce550b78f456,True,False,random,0.2,-0.8939242362976074,-0.5501742362976074,False,True
2994,humaneval_HumanEval/72:0:0:2,real,humaneval,63a56bc6500bd302147b26f67281210a8b5e49b3a10626c377d0ce550b78f456,True,False,random,0.4,-0.9030361771583557,-0.5436611771583557,False,True
2994,humaneval_HumanEval/72:0:0:2,real,humaneval,63a56bc6500bd302147b26f67281210a8b5e49b3a10626c377d0ce550b78f456,True,False,shuffled,0.02,-0.8942192196846008,-0.5504692196846008,False,True
2994,humaneval_HumanEval/72:0:0:2,real,humaneval,63a56bc6500bd302147b26f67281210a8b5e49b3a10626c377d0ce550b78f456,True,False,shuffled,0.05,-0.9033454060554504,-0.5439704060554504,False,True
2994,humaneval_HumanEval/72:0:0:2,real,humaneval,63a56bc6500bd302147b26f67281210a8b5e49b3a10626c377d0ce550b78f456,True,False,shuffled,0.1,-0.9032907485961914,-0.5439157485961914,False,True
2994,humaneval_HumanEval/72:0:0:2,real,humaneval,63a56bc6500bd302147b26f67281210a8b5e49b3a10626c377d0ce550b78f456,True,False,shuffled,0.2,-0.8941873908042908,-0.5504373908042908,False,True
2994,humaneval_HumanEval/72:0:0:2,real,humaneval,63a56bc6500bd302147b26f67281210a8b5e49b3a10626c377d0ce550b78f456,True,False,shuffled,0.4,-0.8773822784423828,-0.5648822784423828,False,True
2994,humaneval_HumanEval/72:0:0:2,real,humaneval,63a56bc6500bd302147b26f67281210a8b5e49b3a10626c377d0ce550b78f456,True,False,wrong_site,0.02,-0.8942009210586548,-0.5504509210586548,False,True
2994,humaneval_HumanEval/72:0:0:2,real,humaneval,63a56bc6500bd302147b26f67281210a8b5e49b3a10626c377d0ce550b78f456,True,False,wrong_site,0.05,-0.8942129015922546,-0.5504629015922546,False,True
2994,humaneval_HumanEval/72:0:0:2,real,humaneval,63a56bc6500bd302147b26f67281210a8b5e49b3a10626c377d0ce550b78f456,True,False,wrong_site,0.1,-0.8942115306854248,-0.5504615306854248,False,True
2994,humaneval_HumanEval/72:0:0:2,real,humaneval,63a56bc6500bd302147b26f67281210a8b5e49b3a10626c377d0ce550b78f456,True,False,wrong_site,0.2,-0.8942146897315979,-0.5504646897315979,False,True
2994,humaneval_HumanEval/72:0:0:2,real,humaneval,63a56bc6500bd302147b26f67281210a8b5e49b3a10626c377d0ce550b78f456,True,False,wrong_site,0.4,-0.8939938545227051,-0.5502438545227051,False,True
2994,humaneval_HumanEval/72:0:0:2,real,humaneval,63a56bc6500bd302147b26f67281210a8b5e49b3a10626c377d0ce550b78f456,True,False,answer_site,0.02,-0.8865253925323486,-0.5584003925323486,False,True
2994,humaneval_HumanEval/72:0:0:2,real,humaneval,63a56bc6500bd302147b26f67281210a8b5e49b3a10626c377d0ce550b78f456,True,False,answer_site,0.05,-0.8893721699714661,-0.5612471699714661,False,True
2994,humaneval_HumanEval/72:0:0:2,real,humaneval,63a56bc6500bd302147b26f67281210a8b5e49b3a10626c377d0ce550b78f456,True,False,answer_site,0.1,-0.886437177658081,-0.573937177658081,False,True
2994,humaneval_HumanEval/72:0:0:2,real,humaneval,63a56bc6500bd302147b26f67281210a8b5e49b3a10626c377d0ce550b78f456,True,False,answer_site,0.2,-0.7581606507301331,-0.7269106507301331,False,True
2994,humaneval_HumanEval/72:0:0:2,real,humaneval,63a56bc6500bd302147b26f67281210a8b5e49b3a10626c377d0ce550b78f456,True,False,answer_site,0.4,-0.9335988163948059,-1.6992237567901611,True,False
2994,humaneval_HumanEval/72:0:0:2,real,humaneval,63a56bc6500bd302147b26f67281210a8b5e49b3a10626c377d0ce550b78f456,True,False,actuator_cond,0.02,-0.8942052125930786,-0.5504552125930786,False,True
2994,humaneval_HumanEval/72:0:0:2,real,humaneval,63a56bc6500bd302147b26f67281210a8b5e49b3a10626c377d0ce550b78f456,True,False,actuator_cond,0.05,-0.8943466544151306,-0.5505966544151306,False,True
2994,humaneval_HumanEval/72:0:0:2,real,humaneval,63a56bc6500bd302147b26f67281210a8b5e49b3a10626c377d0ce550b78f456,True,False,actuator_cond,0.1,-0.8762679696083069,-0.5637679696083069,False,True
2994,humaneval_HumanEval/72:0:0:2,real,humaneval,63a56bc6500bd302147b26f67281210a8b5e49b3a10626c377d0ce550b78f456,True,False,actuator_cond,0.2,-0.8589514493942261,-0.5777014493942261,False,True
2994,humaneval_HumanEval/72:0:0:2,real,humaneval,63a56bc6500bd302147b26f67281210a8b5e49b3a10626c377d0ce550b78f456,True,False,actuator_cond,0.4,-0.7745267152786255,-0.6495267152786255,False,True
2994,humaneval_HumanEval/72:0:0:2,real,humaneval,63a56bc6500bd302147b26f67281210a8b5e49b3a10626c377d0ce550b78f456,True,False,actuator_answer,0.02,-1.4789011478424072,-0.2757761776447296,False,True
2994,humaneval_HumanEval/72:0:0:2,real,humaneval,63a56bc6500bd302147b26f67281210a8b5e49b3a10626c377d0ce550b78f456,True,False,actuator_answer,0.05,-2.633291244506836,-0.08641622960567474,False,True
2994,humaneval_HumanEval/72:0:0:2,real,humaneval,63a56bc6500bd302147b26f67281210a8b5e49b3a10626c377d0ce550b78f456,True,False,actuator_answer,0.1,-4.875497817993164,-0.01612279750406742,False,True
2994,humaneval_HumanEval/72:0:0:2,real,humaneval,63a56bc6500bd302147b26f67281210a8b5e49b3a10626c377d0ce550b78f456,True,False,actuator_answer,0.2,-9.288372039794922,-0.007121891248971224,False,True
2994,humaneval_HumanEval/72:0:0:2,real,humaneval,63a56bc6500bd302147b26f67281210a8b5e49b3a10626c377d0ce550b78f456,True,False,actuator_answer,0.4,-17.604415893554688,-0.057541411370038986,False,True
2995,humaneval_HumanEval/72:0:1:0,real,humaneval,63a56bc6500bd302147b26f67281210a8b5e49b3a10626c377d0ce550b78f456,False,False,baseline,0.0,-0.3410649299621582,-1.2785649299621582,True,False
2995,humaneval_HumanEval/72:0:1:0,real,humaneval,63a56bc6500bd302147b26f67281210a8b5e49b3a10626c377d0ce550b78f456,False,False,semantic,0.02,-0.34092065691947937,-1.2784206867218018,True,False
2995,humaneval_HumanEval/72:0:1:0,real,humaneval,63a56bc6500bd302147b26f67281210a8b5e49b3a10626c377d0ce550b78f456,False,False,semantic,0.05,-0.3410694897174835,-1.2785694599151611,True,False
2995,humaneval_HumanEval/72:0:1:0,real,humaneval,63a56bc6500bd302147b26f67281210a8b5e49b3a10626c377d0ce550b78f456,False,False,semantic,0.1,-0.34095701575279236,-1.2784570455551147,True,False
2995,humaneval_HumanEval/72:0:1:0,real,humaneval,63a56bc6500bd302147b26f67281210a8b5e49b3a10626c377d0ce550b78f456,False,False,semantic,0.2,-0.34097379446029663,-1.2784738540649414,True,False
2995,humaneval_HumanEval/72:0:1:0,real,humaneval,63a56bc6500bd302147b26f67281210a8b5e49b3a10626c377d0ce550b78f456,False,False,semantic,0.4,-0.37767651677131653,-1.1901764869689941,True,False
2995,humaneval_HumanEval/72:0:1:0,real,humaneval,63a56bc6500bd302147b26f67281210a8b5e49b3a10626c377d0ce550b78f456,False,False,reverse,0.02,-0.3409274220466614,-1.2784273624420166,True,False
2995,humaneval_HumanEval/72:0:1:0,real,humaneval,63a56bc6500bd302147b26f67281210a8b5e49b3a10626c377d0ce550b78f456,False,False,reverse,0.05,-0.3409232795238495,-1.2784233093261719,True,False
2995,humaneval_HumanEval/72:0:1:0,real,humaneval,63a56bc6500bd302147b26f67281210a8b5e49b3a10626c377d0ce550b78f456,False,False,reverse,0.1,-0.3409704864025116,-1.278470516204834,True,False
2995,humaneval_HumanEval/72:0:1:0,real,humaneval,63a56bc6500bd302147b26f67281210a8b5e49b3a10626c377d0ce550b78f456,False,False,reverse,0.2,-0.34106865525245667,-1.2785686254501343,True,False
2995,humaneval_HumanEval/72:0:1:0,real,humaneval,63a56bc6500bd302147b26f67281210a8b5e49b3a10626c377d0ce550b78f456,False,False,reverse,0.4,-0.35051605105400085,-1.2567660808563232,True,False
2995,humaneval_HumanEval/72:0:1:0,real,humaneval,63a56bc6500bd302147b26f67281210a8b5e49b3a10626c377d0ce550b78f456,False,False,random,0.02,-0.33657678961753845,-1.2897018194198608,True,False
2995,humaneval_HumanEval/72:0:1:0,real,humaneval,63a56bc6500bd302147b26f67281210a8b5e49b3a10626c377d0ce550b78f456,False,False,random,0.05,-0.3409616947174072,-1.2784616947174072,True,False
2995,humaneval_HumanEval/72:0:1:0,real,humaneval,63a56bc6500bd302147b26f67281210a8b5e49b3a10626c377d0ce550b78f456,False,False,random,0.1,-0.3410210907459259,-1.2785210609436035,True,False
2995,humaneval_HumanEval/72:0:1:0,real,humaneval,63a56bc6500bd302147b26f67281210a8b5e49b3a10626c377d0ce550b78f456,False,False,random,0.2,-0.34092089533805847,-1.2784209251403809,True,False
2995,humaneval_HumanEval/72:0:1:0,real,humaneval,63a56bc6500bd302147b26f67281210a8b5e49b3a10626c377d0ce550b78f456,False,False,random,0.4,-0.340850293636322,-1.2783503532409668,True,False
2995,humaneval_HumanEval/72:0:1:0,real,humaneval,63a56bc6500bd302147b26f67281210a8b5e49b3a10626c377d0ce550b78f456,False,False,shuffled,0.02,-0.3410791754722595,-1.2785792350769043,True,False
2995,humaneval_HumanEval/72:0:1:0,real,humaneval,63a56bc6500bd302147b26f67281210a8b5e49b3a10626c377d0ce550b78f456,False,False,shuffled,0.05,-0.3410186469554901,-1.2785186767578125,True,False
2995,humaneval_HumanEval/72:0:1:0,real,humaneval,63a56bc6500bd302147b26f67281210a8b5e49b3a10626c377d0ce550b78f456,False,False,shuffled,0.1,-0.3410845994949341,-1.278584599494934,True,False
2995,humaneval_HumanEval/72:0:1:0,real,humaneval,63a56bc6500bd302147b26f67281210a8b5e49b3a10626c377d0ce550b78f456,False,False,shuffled,0.2,-0.33666762709617615,-1.2897926568984985,True,False
2995,humaneval_HumanEval/72:0:1:0,real,humaneval,63a56bc6500bd302147b26f67281210a8b5e49b3a10626c377d0ce550b78f456,False,False,shuffled,0.4,-0.3454850912094116,-1.2673600912094116,True,False
2995,humaneval_HumanEval/72:0:1:0,real,humaneval,63a56bc6500bd302147b26f67281210a8b5e49b3a10626c377d0ce550b78f456,False,False,wrong_site,0.02,-0.3365914225578308,-1.2897164821624756,True,False
2995,humaneval_HumanEval/72:0:1:0,real,humaneval,63a56bc6500bd302147b26f67281210a8b5e49b3a10626c377d0ce550b78f456,False,False,wrong_site,0.05,-0.34106501936912537,-1.2785650491714478,True,False
2995,humaneval_HumanEval/72:0:1:0,real,humaneval,63a56bc6500bd302147b26f67281210a8b5e49b3a10626c377d0ce550b78f456,False,False,wrong_site,0.1,-0.3365932106971741,-1.2897181510925293,True,False
2995,humaneval_HumanEval/72:0:1:0,real,humaneval,63a56bc6500bd302147b26f67281210a8b5e49b3a10626c377d0ce550b78f456,False,False,wrong_site,0.2,-0.3409588038921356,-1.278458833694458,True,False
2995,humaneval_HumanEval/72:0:1:0,real,humaneval,63a56bc6500bd302147b26f67281210a8b5e49b3a10626c377d0ce550b78f456,False,False,wrong_site,0.4,-0.3409252166748047,-1.2784252166748047,True,False
2995,humaneval_HumanEval/72:0:1:0,real,humaneval,63a56bc6500bd302147b26f67281210a8b5e49b3a10626c377d0ce550b78f456,False,False,answer_site,0.02,-0.34020093083381653,-1.2777009010314941,True,False
2995,humaneval_HumanEval/72:0:1:0,real,humaneval,63a56bc6500bd302147b26f67281210a8b5e49b3a10626c377d0ce550b78f456,False,False,answer_site,0.05,-0.34383222460746765,-1.26570725440979,True,False
2995,humaneval_HumanEval/72:0:1:0,real,humaneval,63a56bc6500bd302147b26f67281210a8b5e49b3a10626c377d0ce550b78f456,False,False,answer_site,0.1,-0.3216128647327423,-1.32161283493042,True,False
2995,humaneval_HumanEval/72:0:1:0,real,humaneval,63a56bc6500bd302147b26f67281210a8b5e49b3a10626c377d0ce550b78f456,False,False,answer_site,0.2,-0.16008159518241882,-1.9725816249847412,True,False
2995,humaneval_HumanEval/72:0:1:0,real,humaneval,63a56bc6500bd302147b26f67281210a8b5e49b3a10626c377d0ce550b78f456,False,False,answer_site,0.4,-0.1526370495557785,-5.715137004852295,True,False
2995,humaneval_HumanEval/72:0:1:0,real,humaneval,63a56bc6500bd302147b26f67281210a8b5e49b3a10626c377d0ce550b78f456,False,False,actuator_cond,0.02,-0.3365737199783325,-1.2896987199783325,True,False
2995,humaneval_HumanEval/72:0:1:0,real,humaneval,63a56bc6500bd302147b26f67281210a8b5e49b3a10626c377d0ce550b78f456,False,False,actuator_cond,0.05,-0.3365863859653473,-1.289711356163025,True,False
2995,humaneval_HumanEval/72:0:1:0,real,humaneval,63a56bc6500bd302147b26f67281210a8b5e49b3a10626c377d0ce550b78f456,False,False,actuator_cond,0.1,-0.336534708738327,-1.2896597385406494,True,False
2995,humaneval_HumanEval/72:0:1:0,real,humaneval,63a56bc6500bd302147b26f67281210a8b5e49b3a10626c377d0ce550b78f456,False,False,actuator_cond,0.2,-0.3322203755378723,-1.3009703159332275,True,False
2995,humaneval_HumanEval/72:0:1:0,real,humaneval,63a56bc6500bd302147b26f67281210a8b5e49b3a10626c377d0ce550b78f456,False,False,actuator_cond,0.4,-0.2953680455684662,-1.4047430753707886,True,False
2995,humaneval_HumanEval/72:0:1:0,real,humaneval,63a56bc6500bd302147b26f67281210a8b5e49b3a10626c377d0ce550b78f456,False,False,actuator_answer,0.02,-0.6661930084228516,-0.7443180084228516,True,False
2995,humaneval_HumanEval/72:0:1:0,real,humaneval,63a56bc6500bd302147b26f67281210a8b5e49b3a10626c377d0ce550b78f456,False,False,actuator_answer,0.05,-1.5619269609451294,-0.249426931142807,False,True
2995,humaneval_HumanEval/72:0:1:0,real,humaneval,63a56bc6500bd302147b26f67281210a8b5e49b3a10626c377d0ce550b78f456,False,False,actuator_answer,0.1,-4.088016986846924,-0.025516828522086143,False,True
2995,humaneval_HumanEval/72:0:1:0,real,humaneval,63a56bc6500bd302147b26f67281210a8b5e49b3a10626c377d0ce550b78f456,False,False,actuator_answer,0.2,-8.873692512512207,-0.006505264900624752,False,True
2995,humaneval_HumanEval/72:0:1:0,real,humaneval,63a56bc6500bd302147b26f67281210a8b5e49b3a10626c377d0ce550b78f456,False,False,actuator_answer,0.4,-16.37498664855957,-0.0937359407544136,False,True
2996,humaneval_HumanEval/72:0:1:1,real,humaneval,63a56bc6500bd302147b26f67281210a8b5e49b3a10626c377d0ce550b78f456,True,False,baseline,0.0,-0.8406513929367065,-0.5906513929367065,False,True
2996,humaneval_HumanEval/72:0:1:1,real,humaneval,63a56bc6500bd302147b26f67281210a8b5e49b3a10626c377d0ce550b78f456,True,False,semantic,0.02,-0.8406416177749634,-0.5906416177749634,False,True
2996,humaneval_HumanEval/72:0:1:1,real,humaneval,63a56bc6500bd302147b26f67281210a8b5e49b3a10626c377d0ce550b78f456,True,False,semantic,0.05,-0.8406437039375305,-0.5906437039375305,False,True
2996,humaneval_HumanEval/72:0:1:1,real,humaneval,63a56bc6500bd302147b26f67281210a8b5e49b3a10626c377d0ce550b78f456,True,False,semantic,0.1,-0.840634286403656,-0.590634286403656,False,True
2996,humaneval_HumanEval/72:0:1:1,real,humaneval,63a56bc6500bd302147b26f67281210a8b5e49b3a10626c377d0ce550b78f456,True,False,semantic,0.2,-0.8319047689437866,-0.5975297689437866,False,True
2996,humaneval_HumanEval/72:0:1:1,real,humaneval,63a56bc6500bd302147b26f67281210a8b5e49b3a10626c377d0ce550b78f456,True,False,semantic,0.4,-0.8325564861297607,-0.5981814861297607,False,True
2996,humaneval_HumanEval/72:0:1:1,real,humaneval,63a56bc6500bd302147b26f67281210a8b5e49b3a10626c377d0ce550b78f456,True,False,reverse,0.02,-0.8406705260276794,-0.5906705260276794,False,True
2996,humaneval_HumanEval/72:0:1:1,real,humaneval,63a56bc6500bd302147b26f67281210a8b5e49b3a10626c377d0ce550b78f456,True,False,reverse,0.05,-0.8405550122261047,-0.5905550122261047,False,True
2996,humaneval_HumanEval/72:0:1:1,real,humaneval,63a56bc6500bd302147b26f67281210a8b5e49b3a10626c377d0ce550b78f456,True,False,reverse,0.1,-0.8405687808990479,-0.5905687808990479,False,True
2996,humaneval_HumanEval/72:0:1:1,real,humaneval,63a56bc6500bd302147b26f67281210a8b5e49b3a10626c377d0ce550b78f456,True,False,reverse,0.2,-0.8318163752555847,-0.5974413752555847,False,True
2996,humaneval_HumanEval/72:0:1:1,real,humaneval,63a56bc6500bd302147b26f67281210a8b5e49b3a10626c377d0ce550b78f456,True,False,reverse,0.4,-0.780593991279602,-0.639968991279602,False,True
2996,humaneval_HumanEval/72:0:1:1,real,humaneval,63a56bc6500bd302147b26f67281210a8b5e49b3a10626c377d0ce550b78f456,True,False,random,0.02,-0.8406285047531128,-0.5906285047531128,False,True
2996,humaneval_HumanEval/72:0:1:1,real,humaneval,63a56bc6500bd302147b26f67281210a8b5e49b3a10626c377d0ce550b78f456,True,False,random,0.05,-0.840639591217041,-0.590639591217041,False,True
2996,humaneval_HumanEval/72:0:1:1,real,humaneval,63a56bc6500bd302147b26f67281210a8b5e49b3a10626c377d0ce550b78f456,True,False,random,0.1,-0.8406351208686829,-0.5906351208686829,False,True
2996,humaneval_HumanEval/72:0:1:1,real,humaneval,63a56bc6500bd302147b26f67281210a8b5e49b3a10626c377d0ce550b78f456,True,False,random,0.2,-0.8407235145568848,-0.5907235145568848,False,True
2996,humaneval_HumanEval/72:0:1:1,real,humaneval,63a56bc6500bd302147b26f67281210a8b5e49b3a10626c377d0ce550b78f456,True,False,random,0.4,-0.8406547904014587,-0.5906547904014587,False,True
2996,humaneval_HumanEval/72:0:1:1,real,humaneval,63a56bc6500bd302147b26f67281210a8b5e49b3a10626c377d0ce550b78f456,True,False,shuffled,0.02,-0.831826388835907,-0.597451388835907,False,True
2996,humaneval_HumanEval/72:0:1:1,real,humaneval,63a56bc6500bd302147b26f67281210a8b5e49b3a10626c377d0ce550b78f456,True,False,shuffled,0.05,-0.8404558897018433,-0.5904558897018433,False,True
2996,humaneval_HumanEval/72:0:1:1,real,humaneval,63a56bc6500bd302147b26f67281210a8b5e49b3a10626c377d0ce550b78f456,True,False,shuffled,0.1,-0.840512752532959,-0.590512752532959,False,True
2996,humaneval_HumanEval/72:0:1:1,real,humaneval,63a56bc6500bd302147b26f67281210a8b5e49b3a10626c377d0ce550b78f456,True,False,shuffled,0.2,-0.8403902649879456,-0.5903902649879456,False,True
2996,humaneval_HumanEval/72:0:1:1,real,humaneval,63a56bc6500bd302147b26f67281210a8b5e49b3a10626c377d0ce550b78f456,True,False,shuffled,0.4,-0.8164471387863159,-0.6133221387863159,False,True
2996,humaneval_HumanEval/72:0:1:1,real,humaneval,63a56bc6500bd302147b26f67281210a8b5e49b3a10626c377d0ce550b78f456,True,False,wrong_site,0.02,-0.8405550718307495,-0.5905550718307495,False,True
2996,humaneval_HumanEval/72:0:1:1,real,humaneval,63a56bc6500bd302147b26f67281210a8b5e49b3a10626c377d0ce550b78f456,True,False,wrong_site,0.05,-0.840584397315979,-0.590584397315979,False,True
2996,humaneval_HumanEval/72:0:1:1,real,humaneval,63a56bc6500bd302147b26f67281210a8b5e49b3a10626c377d0ce550b78f456,True,False,wrong_site,0.1,-0.8405807018280029,-0.5905807018280029,False,True
2996,humaneval_HumanEval/72:0:1:1,real,humaneval,63a56bc6500bd302147b26f67281210a8b5e49b3a10626c377d0ce550b78f456,True,False,wrong_site,0.2,-0.8405734300613403,-0.5905734300613403,False,True
2996,humaneval_HumanEval/72:0:1:1,real,humaneval,63a56bc6500bd302147b26f67281210a8b5e49b3a10626c377d0ce550b78f456,True,False,wrong_site,0.4,-0.8318220376968384,-0.5974470376968384,False,True
2996,humaneval_HumanEval/72:0:1:1,real,humaneval,63a56bc6500bd302147b26f67281210a8b5e49b3a10626c377d0ce550b78f456,True,False,answer_site,0.02,-0.8335146307945251,-0.5991396307945251,False,True
2996,humaneval_HumanEval/72:0:1:1,real,humaneval,63a56bc6500bd302147b26f67281210a8b5e49b3a10626c377d0ce550b78f456,True,False,answer_site,0.05,-0.8365550637245178,-0.6021800637245178,False,True
2996,humaneval_HumanEval/72:0:1:1,real,humaneval,63a56bc6500bd302147b26f67281210a8b5e49b3a10626c377d0ce550b78f456,True,False,answer_site,0.1,-0.8255631923675537,-0.6224381923675537,False,True
2996,humaneval_HumanEval/72:0:1:1,real,humaneval,63a56bc6500bd302147b26f67281210a8b5e49b3a10626c377d0ce550b78f456,True,False,answer_site,0.2,-0.7203177809715271,-0.7671927809715271,True,False
2996,humaneval_HumanEval/72:0:1:1,real,humaneval,63a56bc6500bd302147b26f67281210a8b5e49b3a10626c377d0ce550b78f456,True,False,answer_site,0.4,-0.9483039379119873,-1.7139289379119873,True,False
2996,humaneval_HumanEval/72:0:1:1,real,humaneval,63a56bc6500bd302147b26f67281210a8b5e49b3a10626c377d0ce550b78f456,True,False,actuator_cond,0.02,-0.8406451940536499,-0.5906451940536499,False,True
2996,humaneval_HumanEval/72:0:1:1,real,humaneval,63a56bc6500bd302147b26f67281210a8b5e49b3a10626c377d0ce550b78f456,True,False,actuator_cond,0.05,-0.8406602740287781,-0.5906602740287781,False,True
2996,humaneval_HumanEval/72:0:1:1,real,humaneval,63a56bc6500bd302147b26f67281210a8b5e49b3a10626c377d0ce550b78f456,True,False,actuator_cond,0.1,-0.8318151235580444,-0.5974401235580444,False,True
2996,humaneval_HumanEval/72:0:1:1,real,humaneval,63a56bc6500bd302147b26f67281210a8b5e49b3a10626c377d0ce550b78f456,True,False,actuator_cond,0.2,-0.8232991099357605,-0.6045491099357605,False,True
2996,humaneval_HumanEval/72:0:1:1,real,humaneval,63a56bc6500bd302147b26f67281210a8b5e49b3a10626c377d0ce550b78f456,True,False,actuator_cond,0.4,-0.748582124710083,-0.670457124710083,False,True
2996,humaneval_HumanEval/72:0:1:1,real,humaneval,63a56bc6500bd302147b26f67281210a8b5e49b3a10626c377d0ce550b78f456,True,False,actuator_answer,0.02,-1.419611930847168,-0.29461193084716797,False,True
2996,humaneval_HumanEval/72:0:1:1,real,humaneval,63a56bc6500bd302147b26f67281210a8b5e49b3a10626c377d0ce550b78f456,True,False,actuator_answer,0.05,-2.590151309967041,-0.09015141427516937,False,True
2996,humaneval_HumanEval/72:0:1:1,real,humaneval,63a56bc6500bd302147b26f67281210a8b5e49b3a10626c377d0ce550b78f456,True,False,actuator_answer,0.1,-4.891089916229248,-0.01608971692621708,False,True
2996,humaneval_HumanEval/72:0:1:1,real,humaneval,63a56bc6500bd302147b26f67281210a8b5e49b3a10626c377d0ce550b78f456,True,False,actuator_answer,0.2,-9.288514137268066,-0.007263680454343557,False,True
2996,humaneval_HumanEval/72:0:1:1,real,humaneval,63a56bc6500bd302147b26f67281210a8b5e49b3a10626c377d0ce550b78f456,True,False,actuator_answer,0.4,-17.643831253051758,-0.057893723249435425,False,True
2997,humaneval_HumanEval/72:0:1:2,real,humaneval,63a56bc6500bd302147b26f67281210a8b5e49b3a10626c377d0ce550b78f456,True,False,baseline,0.0,-0.8462067246437073,-0.5805817246437073,False,True
2997,humaneval_HumanEval/72:0:1:2,real,humaneval,63a56bc6500bd302147b26f67281210a8b5e49b3a10626c377d0ce550b78f456,True,False,semantic,0.02,-0.8462058901786804,-0.5805808901786804,False,True
2997,humaneval_HumanEval/72:0:1:2,real,humaneval,63a56bc6500bd302147b26f67281210a8b5e49b3a10626c377d0ce550b78f456,True,False,semantic,0.05,-0.8462051749229431,-0.5805801749229431,False,True
2997,humaneval_HumanEval/72:0:1:2,real,humaneval,63a56bc6500bd302147b26f67281210a8b5e49b3a10626c377d0ce550b78f456,True,False,semantic,0.1,-0.855143666267395,-0.573893666267395,False,True
2997,humaneval_HumanEval/72:0:1:2,real,humaneval,63a56bc6500bd302147b26f67281210a8b5e49b3a10626c377d0ce550b78f456,True,False,semantic,0.2,-0.8463956713676453,-0.5807706713676453,False,True
2997,humaneval_HumanEval/72:0:1:2,real,humaneval,63a56bc6500bd302147b26f67281210a8b5e49b3a10626c377d0ce550b78f456,True,False,semantic,0.4,-0.8381426334381104,-0.5881426334381104,False,True
2997,humaneval_HumanEval/72:0:1:2,real,humaneval,63a56bc6500bd302147b26f67281210a8b5e49b3a10626c377d0ce550b78f456,True,False,reverse,0.02,-0.846199095249176,-0.580574095249176,False,True
2997,humaneval_HumanEval/72:0:1:2,real,humaneval,63a56bc6500bd302147b26f67281210a8b5e49b3a10626c377d0ce550b78f456,True,False,reverse,0.05,-0.8550010323524475,-0.5737510323524475,False,True
2997,humaneval_HumanEval/72:0:1:2,real,humaneval,63a56bc6500bd302147b26f67281210a8b5e49b3a10626c377d0ce550b78f456,True,False,reverse,0.1,-0.855099618434906,-0.573849618434906,False,True
2997,humaneval_HumanEval/72:0:1:2,real,humaneval,63a56bc6500bd302147b26f67281210a8b5e49b3a10626c377d0ce550b78f456,True,False,reverse,0.2,-0.846154510974884,-0.580529510974884,False,True
2997,humaneval_HumanEval/72:0:1:2,real,humaneval,63a56bc6500bd302147b26f67281210a8b5e49b3a10626c377d0ce550b78f456,True,False,reverse,0.4,-0.7942128777503967,-0.6223378777503967,False,True
2997,humaneval_HumanEval/72:0:1:2,real,humaneval,63a56bc6500bd302147b26f67281210a8b5e49b3a10626c377d0ce550b78f456,True,False,random,0.02,-0.8551546931266785,-0.5739046931266785,False,True
2997,humaneval_HumanEval/72:0:1:2,real,humaneval,63a56bc6500bd302147b26f67281210a8b5e49b3a10626c377d0ce550b78f456,True,False,random,0.05,-0.8462011814117432,-0.5805761814117432,False,True
2997,humaneval_HumanEval/72:0:1:2,real,humaneval,63a56bc6500bd302147b26f67281210a8b5e49b3a10626c377d0ce550b78f456,True,False,random,0.1,-0.8551409840583801,-0.5738909840583801,False,True
2997,humaneval_HumanEval/72:0:1:2,real,humaneval,63a56bc6500bd302147b26f67281210a8b5e49b3a10626c377d0ce550b78f456,True,False,random,0.2,-0.8462494611740112,-0.5806244611740112,False,True
2997,humaneval_HumanEval/72:0:1:2,real,humaneval,63a56bc6500bd302147b26f67281210a8b5e49b3a10626c377d0ce550b78f456,True,False,random,0.4,-0.8551435470581055,-0.5738935470581055,False,True
2997,humaneval_HumanEval/72:0:1:2,real,humaneval,63a56bc6500bd302147b26f67281210a8b5e49b3a10626c377d0ce550b78f456,True,False,shuffled,0.02,-0.8462042808532715,-0.5805792808532715,False,True
2997,humaneval_HumanEval/72:0:1:2,real,humaneval,63a56bc6500bd302147b26f67281210a8b5e49b3a10626c377d0ce550b78f456,True,False,shuffled,0.05,-0.8551462292671204,-0.5738962292671204,False,True
2997,humaneval_HumanEval/72:0:1:2,real,humaneval,63a56bc6500bd302147b26f67281210a8b5e49b3a10626c377d0ce550b78f456,True,False,shuffled,0.1,-0.8549821376800537,-0.5737321376800537,False,True
2997,humaneval_HumanEval/72:0:1:2,real,humaneval,63a56bc6500bd302147b26f67281210a8b5e49b3a10626c377d0ce550b78f456,True,False,shuffled,0.2,-0.8549569845199585,-0.5737069845199585,False,True
2997,humaneval_HumanEval/72:0:1:2,real,humaneval,63a56bc6500bd302147b26f67281210a8b5e49b3a10626c377d0ce550b78f456,True,False,shuffled,0.4,-0.8218033909797668,-0.6030533909797668,False,True
2997,humaneval_HumanEval/72:0:1:2,real,humaneval,63a56bc6500bd302147b26f67281210a8b5e49b3a10626c377d0ce550b78f456,True,False,wrong_site,0.02,-0.8462260961532593,-0.5806010961532593,False,True
2997,humaneval_HumanEval/72:0:1:2,real,humaneval,63a56bc6500bd302147b26f67281210a8b5e49b3a10626c377d0ce550b78f456,True,False,wrong_site,0.05,-0.8462235927581787,-0.5805985927581787,False,True
2997,humaneval_HumanEval/72:0:1:2,real,humaneval,63a56bc6500bd302147b26f67281210a8b5e49b3a10626c377d0ce550b78f456,True,False,wrong_site,0.1,-0.855143666267395,-0.573893666267395,False,True
2997,humaneval_HumanEval/72:0:1:2,real,humaneval,63a56bc6500bd302147b26f67281210a8b5e49b3a10626c377d0ce550b78f456,True,False,wrong_site,0.2,-0.8550969362258911,-0.5738469362258911,False,True
2997,humaneval_HumanEval/72:0:1:2,real,humaneval,63a56bc6500bd302147b26f67281210a8b5e49b3a10626c377d0ce550b78f456,True,False,wrong_site,0.4,-0.8550710082054138,-0.5738210082054138,False,True
2997,humaneval_HumanEval/72:0:1:2,real,humaneval,63a56bc6500bd302147b26f67281210a8b5e49b3a10626c377d0ce550b78f456,True,False,answer_site,0.02,-0.8561479449272156,-0.5748979449272156,False,True
2997,humaneval_HumanEval/72:0:1:2,real,humaneval,63a56bc6500bd302147b26f67281210a8b5e49b3a10626c377d0ce550b78f456,True,False,answer_site,0.05,-0.8762134909629822,-0.5637134909629822,False,True
2997,humaneval_HumanEval/72:0:1:2,real,humaneval,63a56bc6500bd302147b26f67281210a8b5e49b3a10626c377d0ce550b78f456,True,False,answer_site,0.1,-0.8812552094459534,-0.5687552094459534,False,True
2997,humaneval_HumanEval/72:0:1:2,real,humaneval,63a56bc6500bd302147b26f67281210a8b5e49b3a10626c377d0ce550b78f456,True,False,answer_site,0.2,-0.7829225063323975,-0.6891725063323975,False,True
2997,humaneval_HumanEval/72:0:1:2,real,humaneval,63a56bc6500bd302147b26f67281210a8b5e49b3a10626c377d0ce550b78f456,True,False,answer_site,0.4,-0.9669516086578369,-1.654451608657837,True,False
2997,humaneval_HumanEval/72:0:1:2,real,humaneval,63a56bc6500bd302147b26f67281210a8b5e49b3a10626c377d0ce550b78f456,True,False,actuator_cond,0.02,-0.8462162613868713,-0.5805912613868713,False,True
2997,humaneval_HumanEval/72:0:1:2,real,humaneval,63a56bc6500bd302147b26f67281210a8b5e49b3a10626c377d0ce550b78f456,True,False,actuator_cond,0.05,-0.8461979031562805,-0.5805729031562805,False,True
2997,humaneval_HumanEval/72:0:1:2,real,humaneval,63a56bc6500bd302147b26f67281210a8b5e49b3a10626c377d0ce550b78f456,True,False,actuator_cond,0.1,-0.8374296426773071,-0.5874296426773071,False,True
2997,humaneval_HumanEval/72:0:1:2,real,humaneval,63a56bc6500bd302147b26f67281210a8b5e49b3a10626c377d0ce550b78f456,True,False,actuator_cond,0.2,-0.837516188621521,-0.587516188621521,False,True
2997,humaneval_HumanEval/72:0:1:2,real,humaneval,63a56bc6500bd302147b26f67281210a8b5e49b3a10626c377d0ce550b78f456,True,False,actuator_cond,0.4,-0.769859790802002,-0.644859790802002,False,True
2997,humaneval_HumanEval/72:0:1:2,real,humaneval,63a56bc6500bd302147b26f67281210a8b5e49b3a10626c377d0ce550b78f456,True,False,actuator_answer,0.02,-1.416799545288086,-0.29179948568344116,False,True
2997,humaneval_HumanEval/72:0:1:2,real,humaneval,63a56bc6500bd302147b26f67281210a8b5e49b3a10626c377d0ce550b78f456,True,False,actuator_answer,0.05,-2.558943033218384,-0.09019302576780319,False,True
2997,humaneval_HumanEval/72:0:1:2,real,humaneval,63a56bc6500bd302147b26f67281210a8b5e49b3a10626c377d0ce550b78f456,True,False,actuator_answer,0.1,-4.873976707458496,-0.014601632952690125,False,True
2997,humaneval_HumanEval/72:0:1:2,real,humaneval,63a56bc6500bd302147b26f67281210a8b5e49b3a10626c377d0ce550b78f456,True,False,actuator_answer,0.2,-9.380976676940918,-0.005976662505418062,False,True
2997,humaneval_HumanEval/72:0:1:2,real,humaneval,63a56bc6500bd302147b26f67281210a8b5e49b3a10626c377d0ce550b78f456,True,False,actuator_answer,0.4,-17.715621948242188,-0.05546564608812332,False,True
2998,humaneval_HumanEval/72:1:1:0,real,humaneval,63a56bc6500bd302147b26f67281210a8b5e49b3a10626c377d0ce550b78f456,True,False,baseline,0.0,-0.15121953189373016,-2.073094606399536,True,False
2998,humaneval_HumanEval/72:1:1:0,real,humaneval,63a56bc6500bd302147b26f67281210a8b5e49b3a10626c377d0ce550b78f456,True,False,semantic,0.02,-0.1533128321170807,-2.059562921524048,True,False
2998,humaneval_HumanEval/72:1:1:0,real,humaneval,63a56bc6500bd302147b26f67281210a8b5e49b3a10626c377d0ce550b78f456,True,False,semantic,0.05,-0.15120866894721985,-2.0730836391448975,True,False
2998,humaneval_HumanEval/72:1:1:0,real,humaneval,63a56bc6500bd302147b26f67281210a8b5e49b3a10626c377d0ce550b78f456,True,False,semantic,0.1,-0.1511952430009842,-2.0730702877044678,True,False
2998,humaneval_HumanEval/72:1:1:0,real,humaneval,63a56bc6500bd302147b26f67281210a8b5e49b3a10626c377d0ce550b78f456,True,False,semantic,0.2,-0.15128326416015625,-2.0731582641601562,True,False
2998,humaneval_HumanEval/72:1:1:0,real,humaneval,63a56bc6500bd302147b26f67281210a8b5e49b3a10626c377d0ce550b78f456,True,False,semantic,0.4,-0.1539638489484787,-2.060213804244995,True,False
2998,humaneval_HumanEval/72:1:1:0,real,humaneval,63a56bc6500bd302147b26f67281210a8b5e49b3a10626c377d0ce550b78f456,True,False,reverse,0.02,-0.15330567955970764,-2.059555768966675,True,False
2998,humaneval_HumanEval/72:1:1:0,real,humaneval,63a56bc6500bd302147b26f67281210a8b5e49b3a10626c377d0ce550b78f456,True,False,reverse,0.05,-0.1513284593820572,-2.0732035636901855,True,False
2998,humaneval_HumanEval/72:1:1:0,real,humaneval,63a56bc6500bd302147b26f67281210a8b5e49b3a10626c377d0ce550b78f456,True,False,reverse,0.1,-0.15134207904338837,-2.0732171535491943,True,False
2998,humaneval_HumanEval/72:1:1:0,real,humaneval,63a56bc6500bd302147b26f67281210a8b5e49b3a10626c377d0ce550b78f456,True,False,reverse,0.2,-0.15134434401988983,-2.0732192993164062,True,False
2998,humaneval_HumanEval/72:1:1:0,real,humaneval,63a56bc6500bd302147b26f67281210a8b5e49b3a10626c377d0ce550b78f456,True,False,reverse,0.4,-0.14545591175556183,-2.114205837249756,True,False
2998,humaneval_HumanEval/72:1:1:0,real,humaneval,63a56bc6500bd302147b26f67281210a8b5e49b3a10626c377d0ce550b78f456,True,False,random,0.02,-0.1512032300233841,-2.073078155517578,True,False
2998,humaneval_HumanEval/72:1:1:0,real,humaneval,63a56bc6500bd302147b26f67281210a8b5e49b3a10626c377d0ce550b78f456,True,False,random,0.05,-0.1532866507768631,-2.0595366954803467,True,False
2998,humaneval_HumanEval/72:1:1:0,real,humaneval,63a56bc6500bd302147b26f67281210a8b5e49b3a10626c377d0ce550b78f456,True,False,random,0.1,-0.15329289436340332,-2.0595428943634033,True,False
2998,humaneval_HumanEval/72:1:1:0,real,humaneval,63a56bc6500bd302147b26f67281210a8b5e49b3a10626c377d0ce550b78f456,True,False,random,0.2,-0.15327653288841248,-2.0595264434814453,True,False
2998,humaneval_HumanEval/72:1:1:0,real,humaneval,63a56bc6500bd302147b26f67281210a8b5e49b3a10626c377d0ce550b78f456,True,False,random,0.4,-0.15114133059978485,-2.073016405105591,True,False
2998,humaneval_HumanEval/72:1:1:0,real,humaneval,63a56bc6500bd302147b26f67281210a8b5e49b3a10626c377d0ce550b78f456,True,False,shuffled,0.02,-0.1512080579996109,-2.0730831623077393,True,False
2998,humaneval_HumanEval/72:1:1:0,real,humaneval,63a56bc6500bd302147b26f67281210a8b5e49b3a10626c377d0ce550b78f456,True,False,shuffled,0.05,-0.15325075387954712,-2.0595006942749023,True,False
2998,humaneval_HumanEval/72:1:1:0,real,humaneval,63a56bc6500bd302147b26f67281210a8b5e49b3a10626c377d0ce550b78f456,True,False,shuffled,0.1,-0.15116971731185913,-2.073044776916504,True,False
2998,humaneval_HumanEval/72:1:1:0,real,humaneval,63a56bc6500bd302147b26f67281210a8b5e49b3a10626c377d0ce550b78f456,True,False,shuffled,0.2,-0.15309099853038788,-2.0593409538269043,True,False
2998,humaneval_HumanEval/72:1:1:0,real,humaneval,63a56bc6500bd302147b26f67281210a8b5e49b3a10626c377d0ce550b78f456,True,False,shuffled,0.4,-0.1678873747587204,-1.9803873300552368,True,False
2998,humaneval_HumanEval/72:1:1:0,real,humaneval,63a56bc6500bd302147b26f67281210a8b5e49b3a10626c377d0ce550b78f456,True,False,wrong_site,0.02,-0.15121020376682281,-2.073085308074951,True,False
2998,humaneval_HumanEval/72:1:1:0,real,humaneval,63a56bc6500bd302147b26f67281210a8b5e49b3a10626c377d0ce550b78f456,True,False,wrong_site,0.05,-0.15333257615566254,-2.059582471847534,True,False
2998,humaneval_HumanEval/72:1:1:0,real,humaneval,63a56bc6500bd302147b26f67281210a8b5e49b3a10626c377d0ce550b78f456,True,False,wrong_site,0.1,-0.15332050621509552,-2.059570550918579,True,False
2998,humaneval_HumanEval/72:1:1:0,real,humaneval,63a56bc6500bd302147b26f67281210a8b5e49b3a10626c377d0ce550b78f456,True,False,wrong_site,0.2,-0.1533215194940567,-2.0595715045928955,True,False
2998,humaneval_HumanEval/72:1:1:0,real,humaneval,63a56bc6500bd302147b26f67281210a8b5e49b3a10626c377d0ce550b78f456,True,False,wrong_site,0.4,-0.15331171452999115,-2.0595617294311523,True,False
2998,humaneval_HumanEval/72:1:1:0,real,humaneval,63a56bc6500bd302147b26f67281210a8b5e49b3a10626c377d0ce550b78f456,True,False,answer_site,0.02,-0.1612044870853424,-2.0205795764923096,True,False
2998,humaneval_HumanEval/72:1:1:0,real,humaneval,63a56bc6500bd302147b26f67281210a8b5e49b3a10626c377d0ce550b78f456,True,False,answer_site,0.05,-0.19003333151340485,-1.8775333166122437,True,False
2998,humaneval_HumanEval/72:1:1:0,real,humaneval,63a56bc6500bd302147b26f67281210a8b5e49b3a10626c377d0ce550b78f456,True,False,answer_site,0.1,-0.2650863826274872,-1.5932114124298096,True,False
2998,humaneval_HumanEval/72:1:1:0,real,humaneval,63a56bc6500bd302147b26f67281210a8b5e49b3a10626c377d0ce550b78f456,True,False,answer_site,0.2,-0.4433045983314514,-1.2401795387268066,True,False
2998,humaneval_HumanEval/72:1:1:0,real,humaneval,63a56bc6500bd302147b26f67281210a8b5e49b3a10626c377d0ce550b78f456,True,False,answer_site,0.4,-1.0072128772735596,-1.9915878772735596,True,False
2998,humaneval_HumanEval/72:1:1:0,real,humaneval,63a56bc6500bd302147b26f67281210a8b5e49b3a10626c377d0ce550b78f456,True,False,actuator_cond,0.02,-0.15340803563594818,-2.0596580505371094,True,False
2998,humaneval_HumanEval/72:1:1:0,real,humaneval,63a56bc6500bd302147b26f67281210a8b5e49b3a10626c377d0ce550b78f456,True,False,actuator_cond,0.05,-0.15120507776737213,-2.073080062866211,True,False
2998,humaneval_HumanEval/72:1:1:0,real,humaneval,63a56bc6500bd302147b26f67281210a8b5e49b3a10626c377d0ce550b78f456,True,False,actuator_cond,0.1,-0.15125375986099243,-2.0731287002563477,True,False
2998,humaneval_HumanEval/72:1:1:0,real,humaneval,63a56bc6500bd302147b26f67281210a8b5e49b3a10626c377d0ce550b78f456,True,False,actuator_cond,0.2,-0.14733807742595673,-2.1004631519317627,True,False
2998,humaneval_HumanEval/72:1:1:0,real,humaneval,63a56bc6500bd302147b26f67281210a8b5e49b3a10626c377d0ce550b78f456,True,False,actuator_cond,0.4,-0.13666005432605743,-2.183535099029541,True,False
2998,humaneval_HumanEval/72:1:1:0,real,humaneval,63a56bc6500bd302147b26f67281210a8b5e49b3a10626c377d0ce550b78f456,True,False,actuator_answer,0.02,-0.3295043110847473,-1.3295042514801025,True,False
2998,humaneval_HumanEval/72:1:1:0,real,humaneval,63a56bc6500bd302147b26f67281210a8b5e49b3a10626c377d0ce550b78f456,True,False,actuator_answer,0.05,-0.9519055485725403,-0.5144055485725403,False,True
2998,humaneval_HumanEval/72:1:1:0,real,humaneval,63a56bc6500bd302147b26f67281210a8b5e49b3a10626c377d0ce550b78f456,True,False,actuator_answer,0.1,-3.2097387313842773,-0.05348862335085869,False,True
2998,humaneval_HumanEval/72:1:1:0,real,humaneval,63a56bc6500bd302147b26f67281210a8b5e49b3a10626c377d0ce550b78f456,True,False,actuator_answer,0.2,-8.430144309997559,-0.008269001729786396,False,True
2998,humaneval_HumanEval/72:1:1:0,real,humaneval,63a56bc6500bd302147b26f67281210a8b5e49b3a10626c377d0ce550b78f456,True,False,actuator_answer,0.4,-17.33225440979004,-0.05100506916642189,False,True
2999,humaneval_HumanEval/72:1:1:1,real,humaneval,63a56bc6500bd302147b26f67281210a8b5e49b3a10626c377d0ce550b78f456,False,False,baseline,0.0,-0.48077020049095154,-1.012020230293274,True,False
2999,humaneval_HumanEval/72:1:1:1,real,humaneval,63a56bc6500bd302147b26f67281210a8b5e49b3a10626c377d0ce550b78f456,False,False,semantic,0.02,-0.4807659387588501,-1.01201593875885,True,False
2999,humaneval_HumanEval/72:1:1:1,real,humaneval,63a56bc6500bd302147b26f67281210a8b5e49b3a10626c377d0ce550b78f456,False,False,semantic,0.05,-0.4807578921318054,-1.0120079517364502,True,False
2999,humaneval_HumanEval/72:1:1:1,real,humaneval,63a56bc6500bd302147b26f67281210a8b5e49b3a10626c377d0ce550b78f456,False,False,semantic,0.1,-0.4807610511779785,-1.0120110511779785,True,False
2999,humaneval_HumanEval/72:1:1:1,real,humaneval,63a56bc6500bd302147b26f67281210a8b5e49b3a10626c377d0ce550b78f456,False,False,semantic,0.2,-0.48659294843673706,-1.0022180080413818,True,False
2999,humaneval_HumanEval/72:1:1:1,real,humaneval,63a56bc6500bd302147b26f67281210a8b5e49b3a10626c377d0ce550b78f456,False,False,semantic,0.4,-0.5107760429382324,-0.9639010429382324,True,False
2999,humaneval_HumanEval/72:1:1:1,real,humaneval,63a56bc6500bd302147b26f67281210a8b5e49b3a10626c377d0ce550b78f456,False,False,reverse,0.02,-0.480882465839386,-1.0121324062347412,True,False
2999,humaneval_HumanEval/72:1:1:1,real,humaneval,63a56bc6500bd302147b26f67281210a8b5e49b3a10626c377d0ce550b78f456,False,False,reverse,0.05,-0.4808616042137146,-1.0121116638183594,True,False
2999,humaneval_HumanEval/72:1:1:1,real,humaneval,63a56bc6500bd302147b26f67281210a8b5e49b3a10626c377d0ce550b78f456,False,False,reverse,0.1,-0.4808647036552429,-1.0121147632598877,True,False
2999,humaneval_HumanEval/72:1:1:1,real,humaneval,63a56bc6500bd302147b26f67281210a8b5e49b3a10626c377d0ce550b78f456,False,False,reverse,0.2,-0.4806978106498718,-1.0119478702545166,True,False
2999,humaneval_HumanEval/72:1:1:1,real,humaneval,63a56bc6500bd302147b26f67281210a8b5e49b3a10626c377d0ce550b78f456,False,False,reverse,0.4,-0.48726654052734375,-1.0028915405273438,True,False
2999,humaneval_HumanEval/72:1:1:1,real,humaneval,63a56bc6500bd302147b26f67281210a8b5e49b3a10626c377d0ce550b78f456,False,False,random,0.02,-0.4808935821056366,-1.012143611907959,True,False
2999,humaneval_HumanEval/72:1:1:1,real,humaneval,63a56bc6500bd302147b26f67281210a8b5e49b3a10626c377d0ce550b78f456,False,False,random,0.05,-0.4807741641998291,-1.012024164199829,True,False
2999,humaneval_HumanEval/72:1:1:1,real,humaneval,63a56bc6500bd302147b26f67281210a8b5e49b3a10626c377d0ce550b78f456,False,False,random,0.1,-0.4750552475452423,-1.02193021774292,True,False
2999,humaneval_HumanEval/72:1:1:1,real,humaneval,63a56bc6500bd302147b26f67281210a8b5e49b3a10626c377d0ce550b78f456,False,False,random,0.2,-0.4750797152519226,-1.0219547748565674,True,False
2999,humaneval_HumanEval/72:1:1:1,real,humaneval,63a56bc6500bd302147b26f67281210a8b5e49b3a10626c377d0ce550b78f456,False,False,random,0.4,-0.47496554255485535,-1.0218405723571777,True,False
2999,humaneval_HumanEval/72:1:1:1,real,humaneval,63a56bc6500bd302147b26f67281210a8b5e49b3a10626c377d0ce550b78f456,False,False,shuffled,0.02,-0.48088741302490234,-1.0121374130249023,True,False
2999,humaneval_HumanEval/72:1:1:1,real,humaneval,63a56bc6500bd302147b26f67281210a8b5e49b3a10626c377d0ce550b78f456,False,False,shuffled,0.05,-0.4808070659637451,-1.0120570659637451,True,False
2999,humaneval_HumanEval/72:1:1:1,real,humaneval,63a56bc6500bd302147b26f67281210a8b5e49b3a10626c377d0ce550b78f456,False,False,shuffled,0.1,-0.47503983974456787,-1.0219148397445679,True,False
2999,humaneval_HumanEval/72:1:1:1,real,humaneval,63a56bc6500bd302147b26f67281210a8b5e49b3a10626c377d0ce550b78f456,False,False,shuffled,0.2,-0.48076701164245605,-1.012017011642456,True,False
2999,humaneval_HumanEval/72:1:1:1,real,humaneval,63a56bc6500bd302147b26f67281210a8b5e49b3a10626c377d0ce550b78f456,False,False,shuffled,0.4,-0.4748927354812622,-1.0217677354812622,True,False
2999,humaneval_HumanEval/72:1:1:1,real,humaneval,63a56bc6500bd302147b26f67281210a8b5e49b3a10626c377d0ce550b78f456,False,False,wrong_site,0.02,-0.48076364398002625,-1.0120136737823486,True,False
2999,humaneval_HumanEval/72:1:1:1,real,humaneval,63a56bc6500bd302147b26f67281210a8b5e49b3a10626c377d0ce550b78f456,False,False,wrong_site,0.05,-0.48086822032928467,-1.0121182203292847,True,False
2999,humaneval_HumanEval/72:1:1:1,real,humaneval,63a56bc6500bd302147b26f67281210a8b5e49b3a10626c377d0ce550b78f456,False,False,wrong_site,0.1,-0.48090043663978577,-1.0121504068374634,True,False
2999,humaneval_HumanEval/72:1:1:1,real,humaneval,63a56bc6500bd302147b26f67281210a8b5e49b3a10626c377d0ce550b78f456,False,False,wrong_site,0.2,-0.48087912797927856,-1.0121290683746338,True,False
2999,humaneval_HumanEval/72:1:1:1,real,humaneval,63a56bc6500bd302147b26f67281210a8b5e49b3a10626c377d0ce550b78f456,False,False,wrong_site,0.4,-0.48095476627349854,-1.0122047662734985,True,False
2999,humaneval_HumanEval/72:1:1:1,real,humaneval,63a56bc6500bd302147b26f67281210a8b5e49b3a10626c377d0ce550b78f456,False,False,answer_site,0.02,-0.44544416666030884,-1.070444107055664,True,False
2999,humaneval_HumanEval/72:1:1:1,real,humaneval,63a56bc6500bd302147b26f67281210a8b5e49b3a10626c377d0ce550b78f456,False,False,answer_site,0.05,-0.3914873003959656,-1.1727373600006104,True,False
2999,humaneval_HumanEval/72:1:1:1,real,humaneval,63a56bc6500bd302147b26f67281210a8b5e49b3a10626c377d0ce550b78f456,False,False,answer_site,0.1,-0.2900502681732178,-1.4306752681732178,True,False
2999,humaneval_HumanEval/72:1:1:1,real,humaneval,63a56bc6500bd302147b26f67281210a8b5e49b3a10626c377d0ce550b78f456,False,False,answer_site,0.2,-0.11593246459960938,-2.3346824645996094,True,False
2999,humaneval_HumanEval/72:1:1:1,real,humaneval,63a56bc6500bd302147b26f67281210a8b5e49b3a10626c377d0ce550b78f456,False,False,answer_site,0.4,-0.19836455583572388,-5.862427234649658,True,False
2999,humaneval_HumanEval/72:1:1:1,real,humaneval,63a56bc6500bd302147b26f67281210a8b5e49b3a10626c377d0ce550b78f456,False,False,actuator_cond,0.02,-0.4751277565956116,-1.0220026969909668,True,False
2999,humaneval_HumanEval/72:1:1:1,real,humaneval,63a56bc6500bd302147b26f67281210a8b5e49b3a10626c377d0ce550b78f456,False,False,actuator_cond,0.05,-0.4750596880912781,-1.0219347476959229,True,False
2999,humaneval_HumanEval/72:1:1:1,real,humaneval,63a56bc6500bd302147b26f67281210a8b5e49b3a10626c377d0ce550b78f456,False,False,actuator_cond,0.1,-0.46928492188453674,-1.0317848920822144,True,False
2999,humaneval_HumanEval/72:1:1:1,real,humaneval,63a56bc6500bd302147b26f67281210a8b5e49b3a10626c377d0ce550b78f456,False,False,actuator_cond,0.2,-0.469065397977829,-1.0315654277801514,True,False
2999,humaneval_HumanEval/72:1:1:1,real,humaneval,63a56bc6500bd302147b26f67281210a8b5e49b3a10626c377d0ce550b78f456,False,False,actuator_cond,0.4,-0.4097874164581299,-1.1441624164581299,True,False
2999,humaneval_HumanEval/72:1:1:1,real,humaneval,63a56bc6500bd302147b26f67281210a8b5e49b3a10626c377d0ce550b78f456,False,False,actuator_answer,0.02,-0.9455928206443787,-0.5237178206443787,False,True
2999,humaneval_HumanEval/72:1:1:1,real,humaneval,63a56bc6500bd302147b26f67281210a8b5e49b3a10626c377d0ce550b78f456,False,False,actuator_answer,0.05,-2.1307339668273926,-0.14635902643203735,False,True
2999,humaneval_HumanEval/72:1:1:1,real,humaneval,63a56bc6500bd302147b26f67281210a8b5e49b3a10626c377d0ce550b78f456,False,False,actuator_answer,0.1,-4.771042823791504,-0.02104266732931137,False,True
2999,humaneval_HumanEval/72:1:1:1,real,humaneval,63a56bc6500bd302147b26f67281210a8b5e49b3a10626c377d0ce550b78f456,False,False,actuator_answer,0.2,-9.0242919921875,-0.008667231537401676,False,True
2999,humaneval_HumanEval/72:1:1:1,real,humaneval,63a56bc6500bd302147b26f67281210a8b5e49b3a10626c377d0ce550b78f456,False,False,actuator_answer,0.4,-16.3093204498291,-0.09057016670703888,False,True
3000,humaneval_HumanEval/72:1:1:2,real,humaneval,63a56bc6500bd302147b26f67281210a8b5e49b3a10626c377d0ce550b78f456,False,False,baseline,0.0,-0.9020696878433228,-0.5583196878433228,False,True
3000,humaneval_HumanEval/72:1:1:2,real,humaneval,63a56bc6500bd302147b26f67281210a8b5e49b3a10626c377d0ce550b78f456,False,False,semantic,0.02,-0.9019559621810913,-0.5582059621810913,False,True
3000,humaneval_HumanEval/72:1:1:2,real,humaneval,63a56bc6500bd302147b26f67281210a8b5e49b3a10626c377d0ce550b78f456,False,False,semantic,0.05,-0.9018865823745728,-0.5581365823745728,False,True
3000,humaneval_HumanEval/72:1:1:2,real,humaneval,63a56bc6500bd302147b26f67281210a8b5e49b3a10626c377d0ce550b78f456,False,False,semantic,0.1,-0.901943564414978,-0.558193564414978,False,True
3000,humaneval_HumanEval/72:1:1:2,real,humaneval,63a56bc6500bd302147b26f67281210a8b5e49b3a10626c377d0ce550b78f456,False,False,semantic,0.2,-0.9111717939376831,-0.5517967939376831,False,True
3000,humaneval_HumanEval/72:1:1:2,real,humaneval,63a56bc6500bd302147b26f67281210a8b5e49b3a10626c377d0ce550b78f456,False,False,semantic,0.4,-0.948735237121582,-0.526860237121582,False,True
3000,humaneval_HumanEval/72:1:1:2,real,humaneval,63a56bc6500bd302147b26f67281210a8b5e49b3a10626c377d0ce550b78f456,False,False,reverse,0.02,-0.9018546342849731,-0.5581046342849731,False,True
3000,humaneval_HumanEval/72:1:1:2,real,humaneval,63a56bc6500bd302147b26f67281210a8b5e49b3a10626c377d0ce550b78f456,False,False,reverse,0.05,-0.9021139740943909,-0.5583639740943909,False,True
3000,humaneval_HumanEval/72:1:1:2,real,humaneval,63a56bc6500bd302147b26f67281210a8b5e49b3a10626c377d0ce550b78f456,False,False,reverse,0.1,-0.901902437210083,-0.558152437210083,False,True
3000,humaneval_HumanEval/72:1:1:2,real,humaneval,63a56bc6500bd302147b26f67281210a8b5e49b3a10626c377d0ce550b78f456,False,False,reverse,0.2,-0.9019918441772461,-0.5582418441772461,False,True
3000,humaneval_HumanEval/72:1:1:2,real,humaneval,63a56bc6500bd302147b26f67281210a8b5e49b3a10626c377d0ce550b78f456,False,False,reverse,0.4,-0.9025970697402954,-0.5588470697402954,False,True
3000,humaneval_HumanEval/72:1:1:2,real,humaneval,63a56bc6500bd302147b26f67281210a8b5e49b3a10626c377d0ce550b78f456,False,False,random,0.02,-0.9019192457199097,-0.5581692457199097,False,True
3000,humaneval_HumanEval/72:1:1:2,real,humaneval,63a56bc6500bd302147b26f67281210a8b5e49b3a10626c377d0ce550b78f456,False,False,random,0.05,-0.9020913243293762,-0.5583413243293762,False,True
3000,humaneval_HumanEval/72:1:1:2,real,humaneval,63a56bc6500bd302147b26f67281210a8b5e49b3a10626c377d0ce550b78f456,False,False,random,0.1,-0.9019744992256165,-0.5582244992256165,False,True
3000,humaneval_HumanEval/72:1:1:2,real,humaneval,63a56bc6500bd302147b26f67281210a8b5e49b3a10626c377d0ce550b78f456,False,False,random,0.2,-0.8929013609886169,-0.5647763609886169,False,True
3000,humaneval_HumanEval/72:1:1:2,real,humaneval,63a56bc6500bd302147b26f67281210a8b5e49b3a10626c377d0ce550b78f456,False,False,random,0.4,-0.8929349184036255,-0.5648099184036255,False,True
3000,humaneval_HumanEval/72:1:1:2,real,humaneval,63a56bc6500bd302147b26f67281210a8b5e49b3a10626c377d0ce550b78f456,False,False,shuffled,0.02,-0.901901125907898,-0.558151125907898,False,True
3000,humaneval_HumanEval/72:1:1:2,real,humaneval,63a56bc6500bd302147b26f67281210a8b5e49b3a10626c377d0ce550b78f456,False,False,shuffled,0.05,-0.9019242525100708,-0.5581742525100708,False,True
3000,humaneval_HumanEval/72:1:1:2,real,humaneval,63a56bc6500bd302147b26f67281210a8b5e49b3a10626c377d0ce550b78f456,False,False,shuffled,0.1,-0.8929381966590881,-0.5648131966590881,False,True
3000,humaneval_HumanEval/72:1:1:2,real,humaneval,63a56bc6500bd302147b26f67281210a8b5e49b3a10626c377d0ce550b78f456,False,False,shuffled,0.2,-0.9019405245780945,-0.5581905245780945,False,True
3000,humaneval_HumanEval/72:1:1:2,real,humaneval,63a56bc6500bd302147b26f67281210a8b5e49b3a10626c377d0ce550b78f456,False,False,shuffled,0.4,-0.8927924633026123,-0.5646674633026123,False,True
3000,humaneval_HumanEval/72:1:1:2,real,humaneval,63a56bc6500bd302147b26f67281210a8b5e49b3a10626c377d0ce550b78f456,False,False,wrong_site,0.02,-0.9021050930023193,-0.5583550930023193,False,True
3000,humaneval_HumanEval/72:1:1:2,real,humaneval,63a56bc6500bd302147b26f67281210a8b5e49b3a10626c377d0ce550b78f456,False,False,wrong_site,0.05,-0.8928455710411072,-0.5647205710411072,False,True
3000,humaneval_HumanEval/72:1:1:2,real,humaneval,63a56bc6500bd302147b26f67281210a8b5e49b3a10626c377d0ce550b78f456,False,False,wrong_site,0.1,-0.8928329944610596,-0.5647079944610596,False,True
3000,humaneval_HumanEval/72:1:1:2,real,humaneval,63a56bc6500bd302147b26f67281210a8b5e49b3a10626c377d0ce550b78f456,False,False,wrong_site,0.2,-0.9020885229110718,-0.5583385229110718,False,True
3000,humaneval_HumanEval/72:1:1:2,real,humaneval,63a56bc6500bd302147b26f67281210a8b5e49b3a10626c377d0ce550b78f456,False,False,wrong_site,0.4,-0.9019778370857239,-0.5582278370857239,False,True
3000,humaneval_HumanEval/72:1:1:2,real,humaneval,63a56bc6500bd302147b26f67281210a8b5e49b3a10626c377d0ce550b78f456,False,False,answer_site,0.02,-0.8995991945266724,-0.5558491945266724,False,True
3000,humaneval_HumanEval/72:1:1:2,real,humaneval,63a56bc6500bd302147b26f67281210a8b5e49b3a10626c377d0ce550b78f456,False,False,answer_site,0.05,-0.8786513209342957,-0.5661513209342957,False,True
3000,humaneval_HumanEval/72:1:1:2,real,humaneval,63a56bc6500bd302147b26f67281210a8b5e49b3a10626c377d0ce550b78f456,False,False,answer_site,0.1,-0.7640787363052368,-0.6547037363052368,False,True
3000,humaneval_HumanEval/72:1:1:2,real,humaneval,63a56bc6500bd302147b26f67281210a8b5e49b3a10626c377d0ce550b78f456,False,False,answer_site,0.2,-0.3627052903175354,-1.2377052307128906,True,False
3000,humaneval_HumanEval/72:1:1:2,real,humaneval,63a56bc6500bd302147b26f67281210a8b5e49b3a10626c377d0ce550b78f456,False,False,answer_site,0.4,-0.1837506890296936,-5.090000629425049,True,False
3000,humaneval_HumanEval/72:1:1:2,real,humaneval,63a56bc6500bd302147b26f67281210a8b5e49b3a10626c377d0ce550b78f456,False,False,actuator_cond,0.02,-0.9019380807876587,-0.5581880807876587,False,True
3000,humaneval_HumanEval/72:1:1:2,real,humaneval,63a56bc6500bd302147b26f67281210a8b5e49b3a10626c377d0ce550b78f456,False,False,actuator_cond,0.05,-0.8926938772201538,-0.5645688772201538,False,True
3000,humaneval_HumanEval/72:1:1:2,real,humaneval,63a56bc6500bd302147b26f67281210a8b5e49b3a10626c377d0ce550b78f456,False,False,actuator_cond,0.1,-0.8837776780128479,-0.5712776780128479,False,True
3000,humaneval_HumanEval/72:1:1:2,real,humaneval,63a56bc6500bd302147b26f67281210a8b5e49b3a10626c377d0ce550b78f456,False,False,actuator_cond,0.2,-0.8835632801055908,-0.5710632801055908,False,True
3000,humaneval_HumanEval/72:1:1:2,real,humaneval,63a56bc6500bd302147b26f67281210a8b5e49b3a10626c377d0ce550b78f456,False,False,actuator_cond,0.4,-0.7710930109024048,-0.6617180109024048,False,True
3000,humaneval_HumanEval/72:1:1:2,real,humaneval,63a56bc6500bd302147b26f67281210a8b5e49b3a10626c377d0ce550b78f456,False,False,actuator_answer,0.02,-1.559537410736084,-0.26266247034072876,False,True
3000,humaneval_HumanEval/72:1:1:2,real,humaneval,63a56bc6500bd302147b26f67281210a8b5e49b3a10626c377d0ce550b78f456,False,False,actuator_answer,0.05,-2.8587417602539062,-0.0774916410446167,False,True
3000,humaneval_HumanEval/72:1:1:2,real,humaneval,63a56bc6500bd302147b26f67281210a8b5e49b3a10626c377d0ce550b78f456,False,False,actuator_answer,0.1,-5.267226696014404,-0.01722671091556549,False,True
3000,humaneval_HumanEval/72:1:1:2,real,humaneval,63a56bc6500bd302147b26f67281210a8b5e49b3a10626c377d0ce550b78f456,False,False,actuator_answer,0.2,-9.226768493652344,-0.008018091320991516,False,True
3000,humaneval_HumanEval/72:1:1:2,real,humaneval,63a56bc6500bd302147b26f67281210a8b5e49b3a10626c377d0ce550b78f456,False,False,actuator_answer,0.4,-16.3632869720459,-0.09180190414190292,False,True
3001,humaneval_HumanEval/72:2:0:0,real,humaneval,63a56bc6500bd302147b26f67281210a8b5e49b3a10626c377d0ce550b78f456,False,False,baseline,0.0,-0.36412596702575684,-1.2391259670257568,True,False
3001,humaneval_HumanEval/72:2:0:0,real,humaneval,63a56bc6500bd302147b26f67281210a8b5e49b3a10626c377d0ce550b78f456,False,False,semantic,0.02,-0.3689485192298889,-1.2283234596252441,True,False
3001,humaneval_HumanEval/72:2:0:0,real,humaneval,63a56bc6500bd302147b26f67281210a8b5e49b3a10626c377d0ce550b78f456,False,False,semantic,0.05,-0.36891841888427734,-1.2282934188842773,True,False
3001,humaneval_HumanEval/72:2:0:0,real,humaneval,63a56bc6500bd302147b26f67281210a8b5e49b3a10626c377d0ce550b78f456,False,False,semantic,0.1,-0.3689805567264557,-1.2283555269241333,True,False
3001,humaneval_HumanEval/72:2:0:0,real,humaneval,63a56bc6500bd302147b26f67281210a8b5e49b3a10626c377d0ce550b78f456,False,False,semantic,0.2,-0.37851354479789734,-1.2066385746002197,True,False
3001,humaneval_HumanEval/72:2:0:0,real,humaneval,63a56bc6500bd302147b26f67281210a8b5e49b3a10626c377d0ce550b78f456,False,False,semantic,0.4,-0.4145934581756592,-1.1333434581756592,True,False
3001,humaneval_HumanEval/72:2:0:0,real,humaneval,63a56bc6500bd302147b26f67281210a8b5e49b3a10626c377d0ce550b78f456,False,False,reverse,0.02,-0.36894628405570984,-1.2283213138580322,True,False
3001,humaneval_HumanEval/72:2:0:0,real,humaneval,63a56bc6500bd302147b26f67281210a8b5e49b3a10626c377d0ce550b78f456,False,False,reverse,0.05,-0.3641567528247833,-1.239156723022461,True,False
3001,humaneval_HumanEval/72:2:0:0,real,humaneval,63a56bc6500bd302147b26f67281210a8b5e49b3a10626c377d0ce550b78f456,False,False,reverse,0.1,-0.36415335536003113,-1.2391533851623535,True,False
3001,humaneval_HumanEval/72:2:0:0,real,humaneval,63a56bc6500bd302147b26f67281210a8b5e49b3a10626c377d0ce550b78f456,False,False,reverse,0.2,-0.36403343081474304,-1.2390334606170654,True,False
3001,humaneval_HumanEval/72:2:0:0,real,humaneval,63a56bc6500bd302147b26f67281210a8b5e49b3a10626c377d0ce550b78f456,False,False,reverse,0.4,-0.36419254541397095,-1.2391924858093262,True,False
3001,humaneval_HumanEval/72:2:0:0,real,humaneval,63a56bc6500bd302147b26f67281210a8b5e49b3a10626c377d0ce550b78f456,False,False,random,0.02,-0.36433878540992737,-1.239338755607605,True,False
3001,humaneval_HumanEval/72:2:0:0,real,humaneval,63a56bc6500bd302147b26f67281210a8b5e49b3a10626c377d0ce550b78f456,False,False,random,0.05,-0.36414483189582825,-1.2391448020935059,True,False
3001,humaneval_HumanEval/72:2:0:0,real,humaneval,63a56bc6500bd302147b26f67281210a8b5e49b3a10626c377d0ce550b78f456,False,False,random,0.1,-0.3641226291656494,-1.2391226291656494,True,False
3001,humaneval_HumanEval/72:2:0:0,real,humaneval,63a56bc6500bd302147b26f67281210a8b5e49b3a10626c377d0ce550b78f456,False,False,random,0.2,-0.368738055229187,-1.228113055229187,True,False
3001,humaneval_HumanEval/72:2:0:0,real,humaneval,63a56bc6500bd302147b26f67281210a8b5e49b3a10626c377d0ce550b78f456,False,False,random,0.4,-0.363883912563324,-1.2388839721679688,True,False
3001,humaneval_HumanEval/72:2:0:0,real,humaneval,63a56bc6500bd302147b26f67281210a8b5e49b3a10626c377d0ce550b78f456,False,False,shuffled,0.02,-0.368917852640152,-1.2282928228378296,True,False
3001,humaneval_HumanEval/72:2:0:0,real,humaneval,63a56bc6500bd302147b26f67281210a8b5e49b3a10626c377d0ce550b78f456,False,False,shuffled,0.05,-0.368915855884552,-1.2282907962799072,True,False
3001,humaneval_HumanEval/72:2:0:0,real,humaneval,63a56bc6500bd302147b26f67281210a8b5e49b3a10626c377d0ce550b78f456,False,False,shuffled,0.1,-0.36418598890304565,-1.2391860485076904,True,False
3001,humaneval_HumanEval/72:2:0:0,real,humaneval,63a56bc6500bd302147b26f67281210a8b5e49b3a10626c377d0ce550b78f456,False,False,shuffled,0.2,-0.36899805068969727,-1.2283730506896973,True,False
3001,humaneval_HumanEval/72:2:0:0,real,humaneval,63a56bc6500bd302147b26f67281210a8b5e49b3a10626c377d0ce550b78f456,False,False,shuffled,0.4,-0.3692186772823334,-1.2285937070846558,True,False
3001,humaneval_HumanEval/72:2:0:0,real,humaneval,63a56bc6500bd302147b26f67281210a8b5e49b3a10626c377d0ce550b78f456,False,False,wrong_site,0.02,-0.36431726813316345,-1.2393172979354858,True,False
3001,humaneval_HumanEval/72:2:0:0,real,humaneval,63a56bc6500bd302147b26f67281210a8b5e49b3a10626c377d0ce550b78f456,False,False,wrong_site,0.05,-0.3689309358596802,-1.2283059358596802,True,False
3001,humaneval_HumanEval/72:2:0:0,real,humaneval,63a56bc6500bd302147b26f67281210a8b5e49b3a10626c377d0ce550b78f456,False,False,wrong_site,0.1,-0.3641509711742401,-1.2391510009765625,True,False
3001,humaneval_HumanEval/72:2:0:0,real,humaneval,63a56bc6500bd302147b26f67281210a8b5e49b3a10626c377d0ce550b78f456,False,False,wrong_site,0.2,-0.36433035135269165,-1.2393302917480469,True,False
3001,humaneval_HumanEval/72:2:0:0,real,humaneval,63a56bc6500bd302147b26f67281210a8b5e49b3a10626c377d0ce550b78f456,False,False,wrong_site,0.4,-0.368844211101532,-1.2282192707061768,True,False
3001,humaneval_HumanEval/72:2:0:0,real,humaneval,63a56bc6500bd302147b26f67281210a8b5e49b3a10626c377d0ce550b78f456,False,False,answer_site,0.02,-0.35821136832237244,-1.2488363981246948,True,False
3001,humaneval_HumanEval/72:2:0:0,real,humaneval,63a56bc6500bd302147b26f67281210a8b5e49b3a10626c377d0ce550b78f456,False,False,answer_site,0.05,-0.34303414821624756,-1.2805341482162476,True,False
3001,humaneval_HumanEval/72:2:0:0,real,humaneval,63a56bc6500bd302147b26f67281210a8b5e49b3a10626c377d0ce550b78f456,False,False,answer_site,0.1,-0.29977288842201233,-1.39352285861969,True,False
3001,humaneval_HumanEval/72:2:0:0,real,humaneval,63a56bc6500bd302147b26f67281210a8b5e49b3a10626c377d0ce550b78f456,False,False,answer_site,0.2,-0.16423045098781586,-1.961105465888977,True,False
3001,humaneval_HumanEval/72:2:0:0,real,humaneval,63a56bc6500bd302147b26f67281210a8b5e49b3a10626c377d0ce550b78f456,False,False,answer_site,0.4,-0.13454198837280273,-5.243916988372803,True,False
3001,humaneval_HumanEval/72:2:0:0,real,humaneval,63a56bc6500bd302147b26f67281210a8b5e49b3a10626c377d0ce550b78f456,False,False,actuator_cond,0.02,-0.3641563355922699,-1.2391563653945923,True,False
3001,humaneval_HumanEval/72:2:0:0,real,humaneval,63a56bc6500bd302147b26f67281210a8b5e49b3a10626c377d0ce550b78f456,False,False,actuator_cond,0.05,-0.3641512095928192,-1.2391512393951416,True,False
3001,humaneval_HumanEval/72:2:0:0,real,humaneval,63a56bc6500bd302147b26f67281210a8b5e49b3a10626c377d0ce550b78f456,False,False,actuator_cond,0.1,-0.35480526089668274,-1.2610552310943604,True,False
3001,humaneval_HumanEval/72:2:0:0,real,humaneval,63a56bc6500bd302147b26f67281210a8b5e49b3a10626c377d0ce550b78f456,False,False,actuator_cond,0.2,-0.3502052426338196,-1.2720801830291748,True,False
3001,humaneval_HumanEval/72:2:0:0,real,humaneval,63a56bc6500bd302147b26f67281210a8b5e49b3a10626c377d0ce550b78f456,False,False,actuator_cond,0.4,-0.3035457730293274,-1.3972957134246826,True,False
3001,humaneval_HumanEval/72:2:0:0,real,humaneval,63a56bc6500bd302147b26f67281210a8b5e49b3a10626c377d0ce550b78f456,False,False,actuator_answer,0.02,-0.7023617029190063,-0.7179867029190063,True,False
3001,humaneval_HumanEval/72:2:0:0,real,humaneval,63a56bc6500bd302147b26f67281210a8b5e49b3a10626c377d0ce550b78f456,False,False,actuator_answer,0.05,-1.641864538192749,-0.2356145828962326,False,True
3001,humaneval_HumanEval/72:2:0:0,real,humaneval,63a56bc6500bd302147b26f67281210a8b5e49b3a10626c377d0ce550b78f456,False,False,actuator_answer,0.1,-4.168252468109131,-0.027627339586615562,False,True
3001,humaneval_HumanEval/72:2:0:0,real,humaneval,63a56bc6500bd302147b26f67281210a8b5e49b3a10626c377d0ce550b78f456,False,False,actuator_answer,0.2,-8.649393081665039,-0.008768507279455662,False,True
3001,humaneval_HumanEval/72:2:0:0,real,humaneval,63a56bc6500bd302147b26f67281210a8b5e49b3a10626c377d0ce550b78f456,False,False,actuator_answer,0.4,-16.03517723083496,-0.0937715396285057,False,True
3002,humaneval_HumanEval/72:2:0:1,real,humaneval,63a56bc6500bd302147b26f67281210a8b5e49b3a10626c377d0ce550b78f456,True,False,baseline,0.0,-1.0772156715393066,-0.45221561193466187,False,True
3002,humaneval_HumanEval/72:2:0:1,real,humaneval,63a56bc6500bd302147b26f67281210a8b5e49b3a10626c377d0ce550b78f456,True,False,semantic,0.02,-1.0873863697052002,-0.4467613101005554,False,True
3002,humaneval_HumanEval/72:2:0:1,real,humaneval,63a56bc6500bd302147b26f67281210a8b5e49b3a10626c377d0ce550b78f456,True,False,semantic,0.05,-1.0873924493789673,-0.4467674195766449,False,True
3002,humaneval_HumanEval/72:2:0:1,real,humaneval,63a56bc6500bd302147b26f67281210a8b5e49b3a10626c377d0ce550b78f456,True,False,semantic,0.1,-1.0872067213058472,-0.44658172130584717,False,True
3002,humaneval_HumanEval/72:2:0:1,real,humaneval,63a56bc6500bd302147b26f67281210a8b5e49b3a10626c377d0ce550b78f456,True,False,semantic,0.2,-1.0870566368103027,-0.44643157720565796,False,True
3002,humaneval_HumanEval/72:2:0:1,real,humaneval,63a56bc6500bd302147b26f67281210a8b5e49b3a10626c377d0ce550b78f456,True,False,semantic,0.4,-1.0871303081512451,-0.44650527834892273,False,True
3002,humaneval_HumanEval/72:2:0:1,real,humaneval,63a56bc6500bd302147b26f67281210a8b5e49b3a10626c377d0ce550b78f456,True,False,reverse,0.02,-1.0772076845169067,-0.45220765471458435,False,True
3002,humaneval_HumanEval/72:2:0:1,real,humaneval,63a56bc6500bd302147b26f67281210a8b5e49b3a10626c377d0ce550b78f456,True,False,reverse,0.05,-1.0773553848266602,-0.45235538482666016,False,True
3002,humaneval_HumanEval/72:2:0:1,real,humaneval,63a56bc6500bd302147b26f67281210a8b5e49b3a10626c377d0ce550b78f456,True,False,reverse,0.1,-1.077302098274231,-0.45230206847190857,False,True
3002,humaneval_HumanEval/72:2:0:1,real,humaneval,63a56bc6500bd302147b26f67281210a8b5e49b3a10626c377d0ce550b78f456,True,False,reverse,0.2,-1.0470662117004395,-0.4689411520957947,False,True
3002,humaneval_HumanEval/72:2:0:1,real,humaneval,63a56bc6500bd302147b26f67281210a8b5e49b3a10626c377d0ce550b78f456,True,False,reverse,0.4,-1.0000250339508057,-0.5000249743461609,False,True
3002,humaneval_HumanEval/72:2:0:1,real,humaneval,63a56bc6500bd302147b26f67281210a8b5e49b3a10626c377d0ce550b78f456,True,False,random,0.02,-1.0774040222167969,-0.4524039924144745,False,True
3002,humaneval_HumanEval/72:2:0:1,real,humaneval,63a56bc6500bd302147b26f67281210a8b5e49b3a10626c377d0ce550b78f456,True,False,random,0.05,-1.0774210691452026,-0.45242106914520264,False,True
3002,humaneval_HumanEval/72:2:0:1,real,humaneval,63a56bc6500bd302147b26f67281210a8b5e49b3a10626c377d0ce550b78f456,True,False,random,0.1,-1.0771437883377075,-0.4521437883377075,False,True
3002,humaneval_HumanEval/72:2:0:1,real,humaneval,63a56bc6500bd302147b26f67281210a8b5e49b3a10626c377d0ce550b78f456,True,False,random,0.2,-1.0774621963500977,-0.45246222615242004,False,True
3002,humaneval_HumanEval/72:2:0:1,real,humaneval,63a56bc6500bd302147b26f67281210a8b5e49b3a10626c377d0ce550b78f456,True,False,random,0.4,-1.067229151725769,-0.45785415172576904,False,True
3002,humaneval_HumanEval/72:2:0:1,real,humaneval,63a56bc6500bd302147b26f67281210a8b5e49b3a10626c377d0ce550b78f456,True,False,shuffled,0.02,-1.0774201154708862,-0.4524201452732086,False,True
3002,humaneval_HumanEval/72:2:0:1,real,humaneval,63a56bc6500bd302147b26f67281210a8b5e49b3a10626c377d0ce550b78f456,True,False,shuffled,0.05,-1.0772383213043213,-0.4522382915019989,False,True
3002,humaneval_HumanEval/72:2:0:1,real,humaneval,63a56bc6500bd302147b26f67281210a8b5e49b3a10626c377d0ce550b78f456,True,False,shuffled,0.1,-1.0771305561065674,-0.45213058590888977,False,True
3002,humaneval_HumanEval/72:2:0:1,real,humaneval,63a56bc6500bd302147b26f67281210a8b5e49b3a10626c377d0ce550b78f456,True,False,shuffled,0.2,-1.0770403146743774,-0.45204031467437744,False,True
3002,humaneval_HumanEval/72:2:0:1,real,humaneval,63a56bc6500bd302147b26f67281210a8b5e49b3a10626c377d0ce550b78f456,True,False,shuffled,0.4,-1.0482780933380127,-0.4701530337333679,False,True
3002,humaneval_HumanEval/72:2:0:1,real,humaneval,63a56bc6500bd302147b26f67281210a8b5e49b3a10626c377d0ce550b78f456,True,False,wrong_site,0.02,-1.0875427722930908,-0.4469177722930908,False,True
3002,humaneval_HumanEval/72:2:0:1,real,humaneval,63a56bc6500bd302147b26f67281210a8b5e49b3a10626c377d0ce550b78f456,True,False,wrong_site,0.05,-1.0772507190704346,-0.45225071907043457,False,True
3002,humaneval_HumanEval/72:2:0:1,real,humaneval,63a56bc6500bd302147b26f67281210a8b5e49b3a10626c377d0ce550b78f456,True,False,wrong_site,0.1,-1.077255368232727,-0.45225536823272705,False,True
3002,humaneval_HumanEval/72:2:0:1,real,humaneval,63a56bc6500bd302147b26f67281210a8b5e49b3a10626c377d0ce550b78f456,True,False,wrong_site,0.2,-1.0873613357543945,-0.4467363655567169,False,True
3002,humaneval_HumanEval/72:2:0:1,real,humaneval,63a56bc6500bd302147b26f67281210a8b5e49b3a10626c377d0ce550b78f456,True,False,wrong_site,0.4,-1.0770431756973267,-0.45204320549964905,False,True
3002,humaneval_HumanEval/72:2:0:1,real,humaneval,63a56bc6500bd302147b26f67281210a8b5e49b3a10626c377d0ce550b78f456,True,False,answer_site,0.02,-1.0397855043411255,-0.4772855043411255,False,True
3002,humaneval_HumanEval/72:2:0:1,real,humaneval,63a56bc6500bd302147b26f67281210a8b5e49b3a10626c377d0ce550b78f456,True,False,answer_site,0.05,-0.9956476092338562,-0.5112726092338562,False,True
3002,humaneval_HumanEval/72:2:0:1,real,humaneval,63a56bc6500bd302147b26f67281210a8b5e49b3a10626c377d0ce550b78f456,True,False,answer_site,0.1,-0.8841735124588013,-0.6029235124588013,False,True
3002,humaneval_HumanEval/72:2:0:1,real,humaneval,63a56bc6500bd302147b26f67281210a8b5e49b3a10626c377d0ce550b78f456,True,False,answer_site,0.2,-0.6336145997047424,-0.9148645997047424,True,False
3002,humaneval_HumanEval/72:2:0:1,real,humaneval,63a56bc6500bd302147b26f67281210a8b5e49b3a10626c377d0ce550b78f456,True,False,answer_site,0.4,-0.9400316476821899,-1.94003164768219,True,False
3002,humaneval_HumanEval/72:2:0:1,real,humaneval,63a56bc6500bd302147b26f67281210a8b5e49b3a10626c377d0ce550b78f456,True,False,actuator_cond,0.02,-1.0773708820343018,-0.45237085223197937,False,True
3002,humaneval_HumanEval/72:2:0:1,real,humaneval,63a56bc6500bd302147b26f67281210a8b5e49b3a10626c377d0ce550b78f456,True,False,actuator_cond,0.05,-1.0777475833892822,-0.452747642993927,False,True
3002,humaneval_HumanEval/72:2:0:1,real,humaneval,63a56bc6500bd302147b26f67281210a8b5e49b3a10626c377d0ce550b78f456,True,False,actuator_cond,0.1,-1.0576791763305664,-0.4639291763305664,False,True
3002,humaneval_HumanEval/72:2:0:1,real,humaneval,63a56bc6500bd302147b26f67281210a8b5e49b3a10626c377d0ce550b78f456,True,False,actuator_cond,0.2,-1.0384727716445923,-0.4759727716445923,False,True
3002,humaneval_HumanEval/72:2:0:1,real,humaneval,63a56bc6500bd302147b26f67281210a8b5e49b3a10626c377d0ce550b78f456,True,False,actuator_cond,0.4,-0.9354216456413269,-0.5447966456413269,False,True
3002,humaneval_HumanEval/72:2:0:1,real,humaneval,63a56bc6500bd302147b26f67281210a8b5e49b3a10626c377d0ce550b78f456,True,False,actuator_answer,0.02,-1.7224256992340088,-0.22242574393749237,False,True
3002,humaneval_HumanEval/72:2:0:1,real,humaneval,63a56bc6500bd302147b26f67281210a8b5e49b3a10626c377d0ce550b78f456,True,False,actuator_answer,0.05,-2.8878602981567383,-0.07536018639802933,False,True
3002,humaneval_HumanEval/72:2:0:1,real,humaneval,63a56bc6500bd302147b26f67281210a8b5e49b3a10626c377d0ce550b78f456,True,False,actuator_answer,0.1,-4.988501071929932,-0.019751301035284996,False,True
3002,humaneval_HumanEval/72:2:0:1,real,humaneval,63a56bc6500bd302147b26f67281210a8b5e49b3a10626c377d0ce550b78f456,True,False,actuator_answer,0.2,-9.073318481445312,-0.010818755254149437,False,True
3002,humaneval_HumanEval/72:2:0:1,real,humaneval,63a56bc6500bd302147b26f67281210a8b5e49b3a10626c377d0ce550b78f456,True,False,actuator_answer,0.4,-17.335750579833984,-0.05840739607810974,False,True
3003,humaneval_HumanEval/72:2:0:2,real,humaneval,63a56bc6500bd302147b26f67281210a8b5e49b3a10626c377d0ce550b78f456,True,False,baseline,0.0,-0.9053839445114136,-0.5460089445114136,False,True
3003,humaneval_HumanEval/72:2:0:2,real,humaneval,63a56bc6500bd302147b26f67281210a8b5e49b3a10626c377d0ce550b78f456,True,False,semantic,0.02,-0.9053191542625427,-0.5459441542625427,False,True
3003,humaneval_HumanEval/72:2:0:2,real,humaneval,63a56bc6500bd302147b26f67281210a8b5e49b3a10626c377d0ce550b78f456,True,False,semantic,0.05,-0.9053413271903992,-0.5459663271903992,False,True
3003,humaneval_HumanEval/72:2:0:2,real,humaneval,63a56bc6500bd302147b26f67281210a8b5e49b3a10626c377d0ce550b78f456,True,False,semantic,0.1,-0.9051393866539001,-0.5457643866539001,False,True
3003,humaneval_HumanEval/72:2:0:2,real,humaneval,63a56bc6500bd302147b26f67281210a8b5e49b3a10626c377d0ce550b78f456,True,False,semantic,0.2,-0.9050486087799072,-0.5456736087799072,False,True
3003,humaneval_HumanEval/72:2:0:2,real,humaneval,63a56bc6500bd302147b26f67281210a8b5e49b3a10626c377d0ce550b78f456,True,False,semantic,0.4,-0.9146755933761597,-0.5396755933761597,False,True
3003,humaneval_HumanEval/72:2:0:2,real,humaneval,63a56bc6500bd302147b26f67281210a8b5e49b3a10626c377d0ce550b78f456,True,False,reverse,0.02,-0.905288577079773,-0.545913577079773,False,True
3003,humaneval_HumanEval/72:2:0:2,real,humaneval,63a56bc6500bd302147b26f67281210a8b5e49b3a10626c377d0ce550b78f456,True,False,reverse,0.05,-0.8961743712425232,-0.5524243712425232,False,True
3003,humaneval_HumanEval/72:2:0:2,real,humaneval,63a56bc6500bd302147b26f67281210a8b5e49b3a10626c377d0ce550b78f456,True,False,reverse,0.1,-0.8961314558982849,-0.5523814558982849,False,True
3003,humaneval_HumanEval/72:2:0:2,real,humaneval,63a56bc6500bd302147b26f67281210a8b5e49b3a10626c377d0ce550b78f456,True,False,reverse,0.2,-0.8781001567840576,-0.5656001567840576,False,True
3003,humaneval_HumanEval/72:2:0:2,real,humaneval,63a56bc6500bd302147b26f67281210a8b5e49b3a10626c377d0ce550b78f456,True,False,reverse,0.4,-0.8264341950416565,-0.6076841950416565,False,True
3003,humaneval_HumanEval/72:2:0:2,real,humaneval,63a56bc6500bd302147b26f67281210a8b5e49b3a10626c377d0ce550b78f456,True,False,random,0.02,-0.905270516872406,-0.545895516872406,False,True
3003,humaneval_HumanEval/72:2:0:2,real,humaneval,63a56bc6500bd302147b26f67281210a8b5e49b3a10626c377d0ce550b78f456,True,False,random,0.05,-0.9052915573120117,-0.5459165573120117,False,True
3003,humaneval_HumanEval/72:2:0:2,real,humaneval,63a56bc6500bd302147b26f67281210a8b5e49b3a10626c377d0ce550b78f456,True,False,random,0.1,-0.9053758978843689,-0.5460008978843689,False,True
3003,humaneval_HumanEval/72:2:0:2,real,humaneval,63a56bc6500bd302147b26f67281210a8b5e49b3a10626c377d0ce550b78f456,True,False,random,0.2,-0.9051963686943054,-0.5458213686943054,False,True
3003,humaneval_HumanEval/72:2:0:2,real,humaneval,63a56bc6500bd302147b26f67281210a8b5e49b3a10626c377d0ce550b78f456,True,False,random,0.4,-0.9051936864852905,-0.5458186864852905,False,True
3003,humaneval_HumanEval/72:2:0:2,real,humaneval,63a56bc6500bd302147b26f67281210a8b5e49b3a10626c377d0ce550b78f456,True,False,shuffled,0.02,-0.9052910804748535,-0.5459160804748535,False,True
3003,humaneval_HumanEval/72:2:0:2,real,humaneval,63a56bc6500bd302147b26f67281210a8b5e49b3a10626c377d0ce550b78f456,True,False,shuffled,0.05,-0.9053775072097778,-0.5460025072097778,False,True
3003,humaneval_HumanEval/72:2:0:2,real,humaneval,63a56bc6500bd302147b26f67281210a8b5e49b3a10626c377d0ce550b78f456,True,False,shuffled,0.1,-0.905380368232727,-0.546005368232727,False,True
3003,humaneval_HumanEval/72:2:0:2,real,humaneval,63a56bc6500bd302147b26f67281210a8b5e49b3a10626c377d0ce550b78f456,True,False,shuffled,0.2,-0.9054730534553528,-0.5460980534553528,False,True
3003,humaneval_HumanEval/72:2:0:2,real,humaneval,63a56bc6500bd302147b26f67281210a8b5e49b3a10626c377d0ce550b78f456,True,False,shuffled,0.4,-0.8886876106262207,-0.5605626106262207,False,True
3003,humaneval_HumanEval/72:2:0:2,real,humaneval,63a56bc6500bd302147b26f67281210a8b5e49b3a10626c377d0ce550b78f456,True,False,wrong_site,0.02,-0.9052772521972656,-0.5459022521972656,False,True
3003,humaneval_HumanEval/72:2:0:2,real,humaneval,63a56bc6500bd302147b26f67281210a8b5e49b3a10626c377d0ce550b78f456,True,False,wrong_site,0.05,-0.9052883982658386,-0.5459133982658386,False,True
3003,humaneval_HumanEval/72:2:0:2,real,humaneval,63a56bc6500bd302147b26f67281210a8b5e49b3a10626c377d0ce550b78f456,True,False,wrong_site,0.1,-0.905281662940979,-0.545906662940979,False,True
3003,humaneval_HumanEval/72:2:0:2,real,humaneval,63a56bc6500bd302147b26f67281210a8b5e49b3a10626c377d0ce550b78f456,True,False,wrong_site,0.2,-0.9054089784622192,-0.5460339784622192,False,True
3003,humaneval_HumanEval/72:2:0:2,real,humaneval,63a56bc6500bd302147b26f67281210a8b5e49b3a10626c377d0ce550b78f456,True,False,wrong_site,0.4,-0.9054134488105774,-0.5460384488105774,False,True
3003,humaneval_HumanEval/72:2:0:2,real,humaneval,63a56bc6500bd302147b26f67281210a8b5e49b3a10626c377d0ce550b78f456,True,False,answer_site,0.02,-0.8886158466339111,-0.5604908466339111,False,True
3003,humaneval_HumanEval/72:2:0:2,real,humaneval,63a56bc6500bd302147b26f67281210a8b5e49b3a10626c377d0ce550b78f456,True,False,answer_site,0.05,-0.8825303912162781,-0.5700303912162781,False,True
3003,humaneval_HumanEval/72:2:0:2,real,humaneval,63a56bc6500bd302147b26f67281210a8b5e49b3a10626c377d0ce550b78f456,True,False,answer_site,0.1,-0.8531433343887329,-0.6031433343887329,False,True
3003,humaneval_HumanEval/72:2:0:2,real,humaneval,63a56bc6500bd302147b26f67281210a8b5e49b3a10626c377d0ce550b78f456,True,False,answer_site,0.2,-0.6942775845527649,-0.8036525845527649,True,False
3003,humaneval_HumanEval/72:2:0:2,real,humaneval,63a56bc6500bd302147b26f67281210a8b5e49b3a10626c377d0ce550b78f456,True,False,answer_site,0.4,-0.9141545295715332,-1.7266545295715332,True,False
3003,humaneval_HumanEval/72:2:0:2,real,humaneval,63a56bc6500bd302147b26f67281210a8b5e49b3a10626c377d0ce550b78f456,True,False,actuator_cond,0.02,-0.8962498307228088,-0.5524998307228088,False,True
3003,humaneval_HumanEval/72:2:0:2,real,humaneval,63a56bc6500bd302147b26f67281210a8b5e49b3a10626c377d0ce550b78f456,True,False,actuator_cond,0.05,-0.8964309692382812,-0.5526809692382812,False,True
3003,humaneval_HumanEval/72:2:0:2,real,humaneval,63a56bc6500bd302147b26f67281210a8b5e49b3a10626c377d0ce550b78f456,True,False,actuator_cond,0.1,-0.8876371383666992,-0.5595121383666992,False,True
3003,humaneval_HumanEval/72:2:0:2,real,humaneval,63a56bc6500bd302147b26f67281210a8b5e49b3a10626c377d0ce550b78f456,True,False,actuator_cond,0.2,-0.8701507449150085,-0.5732757449150085,False,True
3003,humaneval_HumanEval/72:2:0:2,real,humaneval,63a56bc6500bd302147b26f67281210a8b5e49b3a10626c377d0ce550b78f456,True,False,actuator_cond,0.4,-0.7856972217559814,-0.6450722217559814,False,True
3003,humaneval_HumanEval/72:2:0:2,real,humaneval,63a56bc6500bd302147b26f67281210a8b5e49b3a10626c377d0ce550b78f456,True,False,actuator_answer,0.02,-1.4806857109069824,-0.2775607109069824,False,True
3003,humaneval_HumanEval/72:2:0:2,real,humaneval,63a56bc6500bd302147b26f67281210a8b5e49b3a10626c377d0ce550b78f456,True,False,actuator_answer,0.05,-2.605982542037964,-0.09035760164260864,False,True
3003,humaneval_HumanEval/72:2:0:2,real,humaneval,63a56bc6500bd302147b26f67281210a8b5e49b3a10626c377d0ce550b78f456,True,False,actuator_answer,0.1,-4.830158233642578,-0.017658166587352753,False,True
3003,humaneval_HumanEval/72:2:0:2,real,humaneval,63a56bc6500bd302147b26f67281210a8b5e49b3a10626c377d0ce550b78f456,True,False,actuator_answer,0.2,-9.10220718383789,-0.008456847630441189,False,True
3003,humaneval_HumanEval/72:2:0:2,real,humaneval,63a56bc6500bd302147b26f67281210a8b5e49b3a10626c377d0ce550b78f456,True,False,actuator_answer,0.4,-17.403657913208008,-0.059907201677560806,False,True
3004,humaneval_HumanEval/72:4:1:0,real,humaneval,63a56bc6500bd302147b26f67281210a8b5e49b3a10626c377d0ce550b78f456,True,False,baseline,0.0,-0.950215756893158,-0.512715756893158,False,True
3004,humaneval_HumanEval/72:4:1:0,real,humaneval,63a56bc6500bd302147b26f67281210a8b5e49b3a10626c377d0ce550b78f456,True,False,semantic,0.02,-0.9502251148223877,-0.5127251148223877,False,True
3004,humaneval_HumanEval/72:4:1:0,real,humaneval,63a56bc6500bd302147b26f67281210a8b5e49b3a10626c377d0ce550b78f456,True,False,semantic,0.05,-0.9407106637954712,-0.5188356637954712,False,True
3004,humaneval_HumanEval/72:4:1:0,real,humaneval,63a56bc6500bd302147b26f67281210a8b5e49b3a10626c377d0ce550b78f456,True,False,semantic,0.1,-0.9501925706863403,-0.5126925706863403,False,True
3004,humaneval_HumanEval/72:4:1:0,real,humaneval,63a56bc6500bd302147b26f67281210a8b5e49b3a10626c377d0ce550b78f456,True,False,semantic,0.2,-0.9409356117248535,-0.5190606117248535,False,True
3004,humaneval_HumanEval/72:4:1:0,real,humaneval,63a56bc6500bd302147b26f67281210a8b5e49b3a10626c377d0ce550b78f456,True,False,semantic,0.4,-0.9321070909500122,-0.5258570909500122,False,True
3004,humaneval_HumanEval/72:4:1:0,real,humaneval,63a56bc6500bd302147b26f67281210a8b5e49b3a10626c377d0ce550b78f456,True,False,reverse,0.02,-0.9502524137496948,-0.5127524137496948,False,True
3004,humaneval_HumanEval/72:4:1:0,real,humaneval,63a56bc6500bd302147b26f67281210a8b5e49b3a10626c377d0ce550b78f456,True,False,reverse,0.05,-0.950229287147522,-0.512729287147522,False,True
3004,humaneval_HumanEval/72:4:1:0,real,humaneval,63a56bc6500bd302147b26f67281210a8b5e49b3a10626c377d0ce550b78f456,True,False,reverse,0.1,-0.9501076340675354,-0.5126076340675354,False,True
3004,humaneval_HumanEval/72:4:1:0,real,humaneval,63a56bc6500bd302147b26f67281210a8b5e49b3a10626c377d0ce550b78f456,True,False,reverse,0.2,-0.931358814239502,-0.525108814239502,False,True
3004,humaneval_HumanEval/72:4:1:0,real,humaneval,63a56bc6500bd302147b26f67281210a8b5e49b3a10626c377d0ce550b78f456,True,False,reverse,0.4,-0.8853995203971863,-0.5572745203971863,False,True
3004,humaneval_HumanEval/72:4:1:0,real,humaneval,63a56bc6500bd302147b26f67281210a8b5e49b3a10626c377d0ce550b78f456,True,False,random,0.02,-0.9502185583114624,-0.5127185583114624,False,True
3004,humaneval_HumanEval/72:4:1:0,real,humaneval,63a56bc6500bd302147b26f67281210a8b5e49b3a10626c377d0ce550b78f456,True,False,random,0.05,-0.9502322673797607,-0.5127322673797607,False,True
3004,humaneval_HumanEval/72:4:1:0,real,humaneval,63a56bc6500bd302147b26f67281210a8b5e49b3a10626c377d0ce550b78f456,True,False,random,0.1,-0.9502145051956177,-0.5127145051956177,False,True
3004,humaneval_HumanEval/72:4:1:0,real,humaneval,63a56bc6500bd302147b26f67281210a8b5e49b3a10626c377d0ce550b78f456,True,False,random,0.2,-0.9407160878181458,-0.5188410878181458,False,True
3004,humaneval_HumanEval/72:4:1:0,real,humaneval,63a56bc6500bd302147b26f67281210a8b5e49b3a10626c377d0ce550b78f456,True,False,random,0.4,-0.950315535068512,-0.512815535068512,False,True
3004,humaneval_HumanEval/72:4:1:0,real,humaneval,63a56bc6500bd302147b26f67281210a8b5e49b3a10626c377d0ce550b78f456,True,False,shuffled,0.02,-0.9502192139625549,-0.5127192139625549,False,True
3004,humaneval_HumanEval/72:4:1:0,real,humaneval,63a56bc6500bd302147b26f67281210a8b5e49b3a10626c377d0ce550b78f456,True,False,shuffled,0.05,-0.9501861333847046,-0.5126861333847046,False,True
3004,humaneval_HumanEval/72:4:1:0,real,humaneval,63a56bc6500bd302147b26f67281210a8b5e49b3a10626c377d0ce550b78f456,True,False,shuffled,0.1,-0.94070965051651,-0.51883465051651,False,True
3004,humaneval_HumanEval/72:4:1:0,real,humaneval,63a56bc6500bd302147b26f67281210a8b5e49b3a10626c377d0ce550b78f456,True,False,shuffled,0.2,-0.9406591653823853,-0.5187841653823853,False,True
3004,humaneval_HumanEval/72:4:1:0,real,humaneval,63a56bc6500bd302147b26f67281210a8b5e49b3a10626c377d0ce550b78f456,True,False,shuffled,0.4,-0.9056217670440674,-0.5462467670440674,False,True
3004,humaneval_HumanEval/72:4:1:0,real,humaneval,63a56bc6500bd302147b26f67281210a8b5e49b3a10626c377d0ce550b78f456,True,False,wrong_site,0.02,-0.9502156972885132,-0.5127156972885132,False,True
3004,humaneval_HumanEval/72:4:1:0,real,humaneval,63a56bc6500bd302147b26f67281210a8b5e49b3a10626c377d0ce550b78f456,True,False,wrong_site,0.05,-0.9502173066139221,-0.5127173066139221,False,True
3004,humaneval_HumanEval/72:4:1:0,real,humaneval,63a56bc6500bd302147b26f67281210a8b5e49b3a10626c377d0ce550b78f456,True,False,wrong_site,0.1,-0.950230598449707,-0.512730598449707,False,True
3004,humaneval_HumanEval/72:4:1:0,real,humaneval,63a56bc6500bd302147b26f67281210a8b5e49b3a10626c377d0ce550b78f456,True,False,wrong_site,0.2,-0.9408287405967712,-0.5189537405967712,False,True
3004,humaneval_HumanEval/72:4:1:0,real,humaneval,63a56bc6500bd302147b26f67281210a8b5e49b3a10626c377d0ce550b78f456,True,False,wrong_site,0.4,-0.9407036304473877,-0.5188286304473877,False,True
3004,humaneval_HumanEval/72:4:1:0,real,humaneval,63a56bc6500bd302147b26f67281210a8b5e49b3a10626c377d0ce550b78f456,True,False,answer_site,0.02,-0.9235876202583313,-0.5329626202583313,False,True
3004,humaneval_HumanEval/72:4:1:0,real,humaneval,63a56bc6500bd302147b26f67281210a8b5e49b3a10626c377d0ce550b78f456,True,False,answer_site,0.05,-0.9081450700759888,-0.5487700700759888,False,True
3004,humaneval_HumanEval/72:4:1:0,real,humaneval,63a56bc6500bd302147b26f67281210a8b5e49b3a10626c377d0ce550b78f456,True,False,answer_site,0.1,-0.8882554769515991,-0.5757554769515991,False,True
3004,humaneval_HumanEval/72:4:1:0,real,humaneval,63a56bc6500bd302147b26f67281210a8b5e49b3a10626c377d0ce550b78f456,True,False,answer_site,0.2,-0.7729417681694031,-0.7260667681694031,False,True
3004,humaneval_HumanEval/72:4:1:0,real,humaneval,63a56bc6500bd302147b26f67281210a8b5e49b3a10626c377d0ce550b78f456,True,False,answer_site,0.4,-1.0728027820587158,-1.7915527820587158,True,False
3004,humaneval_HumanEval/72:4:1:0,real,humaneval,63a56bc6500bd302147b26f67281210a8b5e49b3a10626c377d0ce550b78f456,True,False,actuator_cond,0.02,-0.9502243995666504,-0.5127243995666504,False,True
3004,humaneval_HumanEval/72:4:1:0,real,humaneval,63a56bc6500bd302147b26f67281210a8b5e49b3a10626c377d0ce550b78f456,True,False,actuator_cond,0.05,-0.940673828125,-0.518798828125,False,True
3004,humaneval_HumanEval/72:4:1:0,real,humaneval,63a56bc6500bd302147b26f67281210a8b5e49b3a10626c377d0ce550b78f456,True,False,actuator_cond,0.1,-0.9406698346138,-0.5187948346138,False,True
3004,humaneval_HumanEval/72:4:1:0,real,humaneval,63a56bc6500bd302147b26f67281210a8b5e49b3a10626c377d0ce550b78f456,True,False,actuator_cond,0.2,-0.9222027659416199,-0.5315777659416199,False,True
3004,humaneval_HumanEval/72:4:1:0,real,humaneval,63a56bc6500bd302147b26f67281210a8b5e49b3a10626c377d0ce550b78f456,True,False,actuator_cond,0.4,-0.8416142463684082,-0.5916142463684082,False,True
3004,humaneval_HumanEval/72:4:1:0,real,humaneval,63a56bc6500bd302147b26f67281210a8b5e49b3a10626c377d0ce550b78f456,True,False,actuator_answer,0.02,-1.5516551733016968,-0.2547801434993744,False,True
3004,humaneval_HumanEval/72:4:1:0,real,humaneval,63a56bc6500bd302147b26f67281210a8b5e49b3a10626c377d0ce550b78f456,True,False,actuator_answer,0.05,-2.749469518661499,-0.07759445160627365,False,True
3004,humaneval_HumanEval/72:4:1:0,real,humaneval,63a56bc6500bd302147b26f67281210a8b5e49b3a10626c377d0ce550b78f456,True,False,actuator_answer,0.1,-5.0148234367370605,-0.014823295176029205,False,True
3004,humaneval_HumanEval/72:4:1:0,real,humaneval,63a56bc6500bd302147b26f67281210a8b5e49b3a10626c377d0ce550b78f456,True,False,actuator_answer,0.2,-9.350592613220215,-0.006842751521617174,False,True
3004,humaneval_HumanEval/72:4:1:0,real,humaneval,63a56bc6500bd302147b26f67281210a8b5e49b3a10626c377d0ce550b78f456,True,False,actuator_answer,0.4,-17.662113189697266,-0.05664471536874771,False,True
3005,humaneval_HumanEval/72:4:1:1,real,humaneval,63a56bc6500bd302147b26f67281210a8b5e49b3a10626c377d0ce550b78f456,False,False,baseline,0.0,-0.5647151470184326,-0.8772151470184326,True,False
3005,humaneval_HumanEval/72:4:1:1,real,humaneval,63a56bc6500bd302147b26f67281210a8b5e49b3a10626c377d0ce550b78f456,False,False,semantic,0.02,-0.5646660923957825,-0.8771660923957825,True,False
3005,humaneval_HumanEval/72:4:1:1,real,humaneval,63a56bc6500bd302147b26f67281210a8b5e49b3a10626c377d0ce550b78f456,False,False,semantic,0.05,-0.5645880103111267,-0.8770880103111267,True,False
3005,humaneval_HumanEval/72:4:1:1,real,humaneval,63a56bc6500bd302147b26f67281210a8b5e49b3a10626c377d0ce550b78f456,False,False,semantic,0.1,-0.5645313262939453,-0.8770313262939453,True,False
3005,humaneval_HumanEval/72:4:1:1,real,humaneval,63a56bc6500bd302147b26f67281210a8b5e49b3a10626c377d0ce550b78f456,False,False,semantic,0.2,-0.5646371841430664,-0.8771371841430664,True,False
3005,humaneval_HumanEval/72:4:1:1,real,humaneval,63a56bc6500bd302147b26f67281210a8b5e49b3a10626c377d0ce550b78f456,False,False,semantic,0.4,-0.6054546236991882,-0.8242046236991882,True,False
3005,humaneval_HumanEval/72:4:1:1,real,humaneval,63a56bc6500bd302147b26f67281210a8b5e49b3a10626c377d0ce550b78f456,False,False,reverse,0.02,-0.5579965710639954,-0.8861215710639954,True,False
3005,humaneval_HumanEval/72:4:1:1,real,humaneval,63a56bc6500bd302147b26f67281210a8b5e49b3a10626c377d0ce550b78f456,False,False,reverse,0.05,-0.5646965503692627,-0.8771965503692627,True,False
3005,humaneval_HumanEval/72:4:1:1,real,humaneval,63a56bc6500bd302147b26f67281210a8b5e49b3a10626c377d0ce550b78f456,False,False,reverse,0.1,-0.5646898150444031,-0.8771898150444031,True,False
3005,humaneval_HumanEval/72:4:1:1,real,humaneval,63a56bc6500bd302147b26f67281210a8b5e49b3a10626c377d0ce550b78f456,False,False,reverse,0.2,-0.5581842660903931,-0.8863092660903931,True,False
3005,humaneval_HumanEval/72:4:1:1,real,humaneval,63a56bc6500bd302147b26f67281210a8b5e49b3a10626c377d0ce550b78f456,False,False,reverse,0.4,-0.5720169544219971,-0.8688919544219971,True,False
3005,humaneval_HumanEval/72:4:1:1,real,humaneval,63a56bc6500bd302147b26f67281210a8b5e49b3a10626c377d0ce550b78f456,False,False,random,0.02,-0.5580074191093445,-0.8861324191093445,True,False
3005,humaneval_HumanEval/72:4:1:1,real,humaneval,63a56bc6500bd302147b26f67281210a8b5e49b3a10626c377d0ce550b78f456,False,False,random,0.05,-0.5647011995315552,-0.8772011995315552,True,False
3005,humaneval_HumanEval/72:4:1:1,real,humaneval,63a56bc6500bd302147b26f67281210a8b5e49b3a10626c377d0ce550b78f456,False,False,random,0.1,-0.5580035448074341,-0.8861285448074341,True,False
3005,humaneval_HumanEval/72:4:1:1,real,humaneval,63a56bc6500bd302147b26f67281210a8b5e49b3a10626c377d0ce550b78f456,False,False,random,0.2,-0.5580042600631714,-0.8861292600631714,True,False
3005,humaneval_HumanEval/72:4:1:1,real,humaneval,63a56bc6500bd302147b26f67281210a8b5e49b3a10626c377d0ce550b78f456,False,False,random,0.4,-0.5580126047134399,-0.8861376047134399,True,False
3005,humaneval_HumanEval/72:4:1:1,real,humaneval,63a56bc6500bd302147b26f67281210a8b5e49b3a10626c377d0ce550b78f456,False,False,shuffled,0.02,-0.5646755695343018,-0.8771755695343018,True,False
3005,humaneval_HumanEval/72:4:1:1,real,humaneval,63a56bc6500bd302147b26f67281210a8b5e49b3a10626c377d0ce550b78f456,False,False,shuffled,0.05,-0.558031439781189,-0.886156439781189,True,False
3005,humaneval_HumanEval/72:4:1:1,real,humaneval,63a56bc6500bd302147b26f67281210a8b5e49b3a10626c377d0ce550b78f456,False,False,shuffled,0.1,-0.5582200288772583,-0.8863450288772583,True,False
3005,humaneval_HumanEval/72:4:1:1,real,humaneval,63a56bc6500bd302147b26f67281210a8b5e49b3a10626c377d0ce550b78f456,False,False,shuffled,0.2,-0.5581768155097961,-0.8863018155097961,True,False
3005,humaneval_HumanEval/72:4:1:1,real,humaneval,63a56bc6500bd302147b26f67281210a8b5e49b3a10626c377d0ce550b78f456,False,False,shuffled,0.4,-0.5581001043319702,-0.8862251043319702,True,False
3005,humaneval_HumanEval/72:4:1:1,real,humaneval,63a56bc6500bd302147b26f67281210a8b5e49b3a10626c377d0ce550b78f456,False,False,wrong_site,0.02,-0.5580056309700012,-0.8861306309700012,True,False
3005,humaneval_HumanEval/72:4:1:1,real,humaneval,63a56bc6500bd302147b26f67281210a8b5e49b3a10626c377d0ce550b78f456,False,False,wrong_site,0.05,-0.5580053925514221,-0.8861303925514221,True,False
3005,humaneval_HumanEval/72:4:1:1,real,humaneval,63a56bc6500bd302147b26f67281210a8b5e49b3a10626c377d0ce550b78f456,False,False,wrong_site,0.1,-0.5579906702041626,-0.8861156702041626,True,False
3005,humaneval_HumanEval/72:4:1:1,real,humaneval,63a56bc6500bd302147b26f67281210a8b5e49b3a10626c377d0ce550b78f456,False,False,wrong_site,0.2,-0.5579819083213806,-0.8861069083213806,True,False
3005,humaneval_HumanEval/72:4:1:1,real,humaneval,63a56bc6500bd302147b26f67281210a8b5e49b3a10626c377d0ce550b78f456,False,False,wrong_site,0.4,-0.55804044008255,-0.88616544008255,True,False
3005,humaneval_HumanEval/72:4:1:1,real,humaneval,63a56bc6500bd302147b26f67281210a8b5e49b3a10626c377d0ce550b78f456,False,False,answer_site,0.02,-0.524740993976593,-0.930990993976593,True,False
3005,humaneval_HumanEval/72:4:1:1,real,humaneval,63a56bc6500bd302147b26f67281210a8b5e49b3a10626c377d0ce550b78f456,False,False,answer_site,0.05,-0.44685259461402893,-1.0562275648117065,True,False
3005,humaneval_HumanEval/72:4:1:1,real,humaneval,63a56bc6500bd302147b26f67281210a8b5e49b3a10626c377d0ce550b78f456,False,False,answer_site,0.1,-0.30406925082206726,-1.3821942806243896,True,False
3005,humaneval_HumanEval/72:4:1:1,real,humaneval,63a56bc6500bd302147b26f67281210a8b5e49b3a10626c377d0ce550b78f456,False,False,answer_site,0.2,-0.10042332112789154,-2.4754233360290527,True,False
3005,humaneval_HumanEval/72:4:1:1,real,humaneval,63a56bc6500bd302147b26f67281210a8b5e49b3a10626c377d0ce550b78f456,False,False,answer_site,0.4,-0.21007560193538666,-6.014762878417969,True,False
3005,humaneval_HumanEval/72:4:1:1,real,humaneval,63a56bc6500bd302147b26f67281210a8b5e49b3a10626c377d0ce550b78f456,False,False,actuator_cond,0.02,-0.5581957101821899,-0.8863207101821899,True,False
3005,humaneval_HumanEval/72:4:1:1,real,humaneval,63a56bc6500bd302147b26f67281210a8b5e49b3a10626c377d0ce550b78f456,False,False,actuator_cond,0.05,-0.5580044388771057,-0.8861294388771057,True,False
3005,humaneval_HumanEval/72:4:1:1,real,humaneval,63a56bc6500bd302147b26f67281210a8b5e49b3a10626c377d0ce550b78f456,False,False,actuator_cond,0.1,-0.5514460802078247,-0.8951960802078247,True,False
3005,humaneval_HumanEval/72:4:1:1,real,humaneval,63a56bc6500bd302147b26f67281210a8b5e49b3a10626c377d0ce550b78f456,False,False,actuator_cond,0.2,-0.545025110244751,-0.904400110244751,True,False
3005,humaneval_HumanEval/72:4:1:1,real,humaneval,63a56bc6500bd302147b26f67281210a8b5e49b3a10626c377d0ce550b78f456,False,False,actuator_cond,0.4,-0.4777718484401703,-1.0090218782424927,True,False
3005,humaneval_HumanEval/72:4:1:1,real,humaneval,63a56bc6500bd302147b26f67281210a8b5e49b3a10626c377d0ce550b78f456,False,False,actuator_answer,0.02,-1.0697603225708008,-0.44476038217544556,False,True
3005,humaneval_HumanEval/72:4:1:1,real,humaneval,63a56bc6500bd302147b26f67281210a8b5e49b3a10626c377d0ce550b78f456,False,False,actuator_answer,0.05,-2.25225830078125,-0.12725841999053955,False,True
3005,humaneval_HumanEval/72:4:1:1,real,humaneval,63a56bc6500bd302147b26f67281210a8b5e49b3a10626c377d0ce550b78f456,False,False,actuator_answer,0.1,-4.769582748413086,-0.019582515582442284,False,True
3005,humaneval_HumanEval/72:4:1:1,real,humaneval,63a56bc6500bd302147b26f67281210a8b5e49b3a10626c377d0ce550b78f456,False,False,actuator_answer,0.2,-9.070812225341797,-0.008312626741826534,False,True
3005,humaneval_HumanEval/72:4:1:1,real,humaneval,63a56bc6500bd302147b26f67281210a8b5e49b3a10626c377d0ce550b78f456,False,False,actuator_answer,0.4,-16.33547592163086,-0.09328897297382355,False,True
3006,humaneval_HumanEval/73:2:0:0,real,humaneval,85d6b6d07eba962c260ebe85c0ad5299d2db74ba41598b597bbfb6d55b53fa71,True,False,baseline,0.0,-0.612857460975647,-2.3784823417663574,True,False
3006,humaneval_HumanEval/73:2:0:0,real,humaneval,85d6b6d07eba962c260ebe85c0ad5299d2db74ba41598b597bbfb6d55b53fa71,True,False,semantic,0.02,-0.6103927493095398,-2.3447678089141846,True,False
3006,humaneval_HumanEval/73:2:0:0,real,humaneval,85d6b6d07eba962c260ebe85c0ad5299d2db74ba41598b597bbfb6d55b53fa71,True,False,semantic,0.05,-0.6001874804496765,-2.2876875400543213,True,False
3006,humaneval_HumanEval/73:2:0:0,real,humaneval,85d6b6d07eba962c260ebe85c0ad5299d2db74ba41598b597bbfb6d55b53fa71,True,False,semantic,0.1,-0.6116940975189209,-2.158569097518921,True,False
3006,humaneval_HumanEval/73:2:0:0,real,humaneval,85d6b6d07eba962c260ebe85c0ad5299d2db74ba41598b597bbfb6d55b53fa71,True,False,semantic,0.2,-0.6573764681816101,-1.8917515277862549,True,False
3006,humaneval_HumanEval/73:2:0:0,real,humaneval,85d6b6d07eba962c260ebe85c0ad5299d2db74ba41598b597bbfb6d55b53fa71,True,False,semantic,0.4,-0.7294840812683105,-1.6513590812683105,True,False
3006,humaneval_HumanEval/73:2:0:0,real,humaneval,85d6b6d07eba962c260ebe85c0ad5299d2db74ba41598b597bbfb6d55b53fa71,True,False,reverse,0.02,-0.6239080429077148,-2.389533042907715,True,False
3006,humaneval_HumanEval/73:2:0:0,real,humaneval,85d6b6d07eba962c260ebe85c0ad5299d2db74ba41598b597bbfb6d55b53fa71,True,False,reverse,0.05,-0.6482839584350586,-2.3982839584350586,True,False
3006,humaneval_HumanEval/73:2:0:0,real,humaneval,85d6b6d07eba962c260ebe85c0ad5299d2db74ba41598b597bbfb6d55b53fa71,True,False,reverse,0.1,-0.6841426491737366,-2.371642589569092,True,False
3006,humaneval_HumanEval/73:2:0:0,real,humaneval,85d6b6d07eba962c260ebe85c0ad5299d2db74ba41598b597bbfb6d55b53fa71,True,False,reverse,0.2,-0.7434700727462769,-2.2903451919555664,True,False
3006,humaneval_HumanEval/73:2:0:0,real,humaneval,85d6b6d07eba962c260ebe85c0ad5299d2db74ba41598b597bbfb6d55b53fa71,True,False,reverse,0.4,-0.7290289998054504,-2.1509039402008057,True,False
3006,humaneval_HumanEval/73:2:0:0,real,humaneval,85d6b6d07eba962c260ebe85c0ad5299d2db74ba41598b597bbfb6d55b53fa71,True,False,random,0.02,-0.6143091320991516,-2.364309072494507,True,False
3006,humaneval_HumanEval/73:2:0:0,real,humaneval,85d6b6d07eba962c260ebe85c0ad5299d2db74ba41598b597bbfb6d55b53fa71,True,False,random,0.05,-0.6088747978210449,-2.358874797821045,True,False
3006,humaneval_HumanEval/73:2:0:0,real,humaneval,85d6b6d07eba962c260ebe85c0ad5299d2db74ba41598b597bbfb6d55b53fa71,True,False,random,0.1,-0.6036669611930847,-2.3536670207977295,True,False
3006,humaneval_HumanEval/73:2:0:0,real,humaneval,85d6b6d07eba962c260ebe85c0ad5299d2db74ba41598b597bbfb6d55b53fa71,True,False,random,0.2,-0.6265786290168762,-2.2984535694122314,True,False
3006,humaneval_HumanEval/73:2:0:0,real,humaneval,85d6b6d07eba962c260ebe85c0ad5299d2db74ba41598b597bbfb6d55b53fa71,True,False,random,0.4,-0.7120212912559509,-2.1807713508605957,True,False
3006,humaneval_HumanEval/73:2:0:0,real,humaneval,85d6b6d07eba962c260ebe85c0ad5299d2db74ba41598b597bbfb6d55b53fa71,True,False,shuffled,0.02,-0.6019699573516846,-2.3675949573516846,True,False
3006,humaneval_HumanEval/73:2:0:0,real,humaneval,85d6b6d07eba962c260ebe85c0ad5299d2db74ba41598b597bbfb6d55b53fa71,True,False,shuffled,0.05,-0.5822372436523438,-2.3791122436523438,True,False
3006,humaneval_HumanEval/73:2:0:0,real,humaneval,85d6b6d07eba962c260ebe85c0ad5299d2db74ba41598b597bbfb6d55b53fa71,True,False,shuffled,0.1,-0.5569486618041992,-2.400698661804199,True,False
3006,humaneval_HumanEval/73:2:0:0,real,humaneval,85d6b6d07eba962c260ebe85c0ad5299d2db74ba41598b597bbfb6d55b53fa71,True,False,shuffled,0.2,-0.5495438575744629,-2.424543857574463,True,False
3006,humaneval_HumanEval/73:2:0:0,real,humaneval,85d6b6d07eba962c260ebe85c0ad5299d2db74ba41598b597bbfb6d55b53fa71,True,False,shuffled,0.4,-0.5932968854904175,-2.374547004699707,True,False
3006,humaneval_HumanEval/73:2:0:0,real,humaneval,85d6b6d07eba962c260ebe85c0ad5299d2db74ba41598b597bbfb6d55b53fa71,True,False,wrong_site,0.02,-0.6202462911605835,-2.370246410369873,True,False
3006,humaneval_HumanEval/73:2:0:0,real,humaneval,85d6b6d07eba962c260ebe85c0ad5299d2db74ba41598b597bbfb6d55b53fa71,True,False,wrong_site,0.05,-0.6145098209381104,-2.3645098209381104,True,False
3006,humaneval_HumanEval/73:2:0:0,real,humaneval,85d6b6d07eba962c260ebe85c0ad5299d2db74ba41598b597bbfb6d55b53fa71,True,False,wrong_site,0.1,-0.6212953925132751,-2.35567045211792,True,False
3006,humaneval_HumanEval/73:2:0:0,real,humaneval,85d6b6d07eba962c260ebe85c0ad5299d2db74ba41598b597bbfb6d55b53fa71,True,False,wrong_site,0.2,-0.623615562915802,-2.3423655033111572,True,False
3006,humaneval_HumanEval/73:2:0:0,real,humaneval,85d6b6d07eba962c260ebe85c0ad5299d2db74ba41598b597bbfb6d55b53fa71,True,False,wrong_site,0.4,-0.6251445412635803,-2.3282694816589355,True,False
3006,humaneval_HumanEval/73:2:0:0,real,humaneval,85d6b6d07eba962c260ebe85c0ad5299d2db74ba41598b597bbfb6d55b53fa71,True,False,answer_site,0.02,-0.6406441330909729,-2.234394073486328,True,False
3006,humaneval_HumanEval/73:2:0:0,real,humaneval,85d6b6d07eba962c260ebe85c0ad5299d2db74ba41598b597bbfb6d55b53fa71,True,False,answer_site,0.05,-0.682847797870636,-2.010972738265991,True,False
3006,humaneval_HumanEval/73:2:0:0,real,humaneval,85d6b6d07eba962c260ebe85c0ad5299d2db74ba41598b597bbfb6d55b53fa71,True,False,answer_site,0.1,-0.824772834777832,-1.621647834777832,True,False
3006,humaneval_HumanEval/73:2:0:0,real,humaneval,85d6b6d07eba962c260ebe85c0ad5299d2db74ba41598b597bbfb6d55b53fa71,True,False,answer_site,0.2,-1.3464694023132324,-0.9558444023132324,False,True
3006,humaneval_HumanEval/73:2:0:0,real,humaneval,85d6b6d07eba962c260ebe85c0ad5299d2db74ba41598b597bbfb6d55b53fa71,True,False,answer_site,0.4,-1.6352229118347168,-0.6977229118347168,False,True
3006,humaneval_HumanEval/73:2:0:0,real,humaneval,85d6b6d07eba962c260ebe85c0ad5299d2db74ba41598b597bbfb6d55b53fa71,True,False,actuator_cond,0.02,-0.6162165403366089,-2.4130916595458984,True,False
3006,humaneval_HumanEval/73:2:0:0,real,humaneval,85d6b6d07eba962c260ebe85c0ad5299d2db74ba41598b597bbfb6d55b53fa71,True,False,actuator_cond,0.05,-0.5929172039031982,-2.5304172039031982,True,False
3006,humaneval_HumanEval/73:2:0:0,real,humaneval,85d6b6d07eba962c260ebe85c0ad5299d2db74ba41598b597bbfb6d55b53fa71,True,False,actuator_cond,0.1,-0.5410686135292053,-2.8066935539245605,True,False
3006,humaneval_HumanEval/73:2:0:0,real,humaneval,85d6b6d07eba962c260ebe85c0ad5299d2db74ba41598b597bbfb6d55b53fa71,True,False,actuator_cond,0.2,-0.453141450881958,-3.328141450881958,True,False
3006,humaneval_HumanEval/73:2:0:0,real,humaneval,85d6b6d07eba962c260ebe85c0ad5299d2db74ba41598b597bbfb6d55b53fa71,True,False,actuator_cond,0.4,-0.5297150611877441,-3.748465061187744,True,False
3006,humaneval_HumanEval/73:2:0:0,real,humaneval,85d6b6d07eba962c260ebe85c0ad5299d2db74ba41598b597bbfb6d55b53fa71,True,False,actuator_answer,0.02,-0.6751503944396973,-1.8626503944396973,True,False
3006,humaneval_HumanEval/73:2:0:0,real,humaneval,85d6b6d07eba962c260ebe85c0ad5299d2db74ba41598b597bbfb6d55b53fa71,True,False,actuator_answer,0.05,-0.8297646045684814,-1.2047646045684814,True,False
3006,humaneval_HumanEval/73:2:0:0,real,humaneval,85d6b6d07eba962c260ebe85c0ad5299d2db74ba41598b597bbfb6d55b53fa71,True,False,actuator_answer,0.1,-1.3757442235946655,-0.4851192235946655,False,True
3006,humaneval_HumanEval/73:2:0:0,real,humaneval,85d6b6d07eba962c260ebe85c0ad5299d2db74ba41598b597bbfb6d55b53fa71,True,False,actuator_answer,0.2,-3.2173011302948,-0.06105121597647667,False,True
3006,humaneval_HumanEval/73:2:0:0,real,humaneval,85d6b6d07eba962c260ebe85c0ad5299d2db74ba41598b597bbfb6d55b53fa71,True,False,actuator_answer,0.4,-1.7495732307434082,-0.23394818603992462,False,True
3007,humaneval_HumanEval/73:2:0:1,real,humaneval,85d6b6d07eba962c260ebe85c0ad5299d2db74ba41598b597bbfb6d55b53fa71,False,False,baseline,0.0,-1.8804233074188232,-0.817923367023468,False,True
3007,humaneval_HumanEval/73:2:0:1,real,humaneval,85d6b6d07eba962c260ebe85c0ad5299d2db74ba41598b597bbfb6d55b53fa71,False,False,semantic,0.02,-1.8987457752227783,-0.8206207752227783,False,True
3007,humaneval_HumanEval/73:2:0:1,real,humaneval,85d6b6d07eba962c260ebe85c0ad5299d2db74ba41598b597bbfb6d55b53fa71,False,False,semantic,0.05,-1.9062995910644531,-0.8281745314598083,False,True
3007,humaneval_HumanEval/73:2:0:1,real,humaneval,85d6b6d07eba962c260ebe85c0ad5299d2db74ba41598b597bbfb6d55b53fa71,False,False,semantic,0.1,-1.9113411903381348,-0.86446613073349,False,True
3007,humaneval_HumanEval/73:2:0:1,real,humaneval,85d6b6d07eba962c260ebe85c0ad5299d2db74ba41598b597bbfb6d55b53fa71,False,False,semantic,0.2,-1.867278814315796,-0.8985288143157959,False,True
3007,humaneval_HumanEval/73:2:0:1,real,humaneval,85d6b6d07eba962c260ebe85c0ad5299d2db74ba41598b597bbfb6d55b53fa71,False,False,semantic,0.4,-1.7023265361785889,-0.9054514765739441,False,True
3007,humaneval_HumanEval/73:2:0:1,real,humaneval,85d6b6d07eba962c260ebe85c0ad5299d2db74ba41598b597bbfb6d55b53fa71,False,False,reverse,0.02,-1.8610072135925293,-0.8141322135925293,False,True
3007,humaneval_HumanEval/73:2:0:1,real,humaneval,85d6b6d07eba962c260ebe85c0ad5299d2db74ba41598b597bbfb6d55b53fa71,False,False,reverse,0.05,-1.8286925554275513,-0.8130675554275513,False,True
3007,humaneval_HumanEval/73:2:0:1,real,humaneval,85d6b6d07eba962c260ebe85c0ad5299d2db74ba41598b597bbfb6d55b53fa71,False,False,reverse,0.1,-1.7336739301681519,-0.8274239301681519,False,True
3007,humaneval_HumanEval/73:2:0:1,real,humaneval,85d6b6d07eba962c260ebe85c0ad5299d2db74ba41598b597bbfb6d55b53fa71,False,False,reverse,0.2,-1.5273816585540771,-0.8711316585540771,False,True
3007,humaneval_HumanEval/73:2:0:1,real,humaneval,85d6b6d07eba962c260ebe85c0ad5299d2db74ba41598b597bbfb6d55b53fa71,False,False,reverse,0.4,-1.3382461071014404,-0.9476211071014404,False,True
3007,humaneval_HumanEval/73:2:0:1,real,humaneval,85d6b6d07eba962c260ebe85c0ad5299d2db74ba41598b597bbfb6d55b53fa71,False,False,random,0.02,-1.867640495300293,-0.820765495300293,False,True
3007,humaneval_HumanEval/73:2:0:1,real,humaneval,85d6b6d07eba962c260ebe85c0ad5299d2db74ba41598b597bbfb6d55b53fa71,False,False,random,0.05,-1.8672773838043213,-0.8204024434089661,False,True
3007,humaneval_HumanEval/73:2:0:1,real,humaneval,85d6b6d07eba962c260ebe85c0ad5299d2db74ba41598b597bbfb6d55b53fa71,False,False,random,0.1,-1.8350234031677246,-0.8350234031677246,False,True
3007,humaneval_HumanEval/73:2:0:1,real,humaneval,85d6b6d07eba962c260ebe85c0ad5299d2db74ba41598b597bbfb6d55b53fa71,False,False,random,0.2,-1.7911748886108398,-0.8536748886108398,False,True
3007,humaneval_HumanEval/73:2:0:1,real,humaneval,85d6b6d07eba962c260ebe85c0ad5299d2db74ba41598b597bbfb6d55b53fa71,False,False,random,0.4,-1.7256253957748413,-0.8818753957748413,False,True
3007,humaneval_HumanEval/73:2:0:1,real,humaneval,85d6b6d07eba962c260ebe85c0ad5299d2db74ba41598b597bbfb6d55b53fa71,False,False,shuffled,0.02,-1.8731441497802734,-0.8262692093849182,False,True
3007,humaneval_HumanEval/73:2:0:1,real,humaneval,85d6b6d07eba962c260ebe85c0ad5299d2db74ba41598b597bbfb6d55b53fa71,False,False,shuffled,0.05,-1.8604706525802612,-0.8448456525802612,False,True
3007,humaneval_HumanEval/73:2:0:1,real,humaneval,85d6b6d07eba962c260ebe85c0ad5299d2db74ba41598b597bbfb6d55b53fa71,False,False,shuffled,0.1,-1.8200573921203613,-0.8669323921203613,False,True
3007,humaneval_HumanEval/73:2:0:1,real,humaneval,85d6b6d07eba962c260ebe85c0ad5299d2db74ba41598b597bbfb6d55b53fa71,False,False,shuffled,0.2,-1.7608587741851807,-0.9171088337898254,False,True
3007,humaneval_HumanEval/73:2:0:1,real,humaneval,85d6b6d07eba962c260ebe85c0ad5299d2db74ba41598b597bbfb6d55b53fa71,False,False,shuffled,0.4,-1.7111631631851196,-0.9611631631851196,False,True
3007,humaneval_HumanEval/73:2:0:1,real,humaneval,85d6b6d07eba962c260ebe85c0ad5299d2db74ba41598b597bbfb6d55b53fa71,False,False,wrong_site,0.02,-1.8873562812805176,-0.8092312216758728,False,True
3007,humaneval_HumanEval/73:2:0:1,real,humaneval,85d6b6d07eba962c260ebe85c0ad5299d2db74ba41598b597bbfb6d55b53fa71,False,False,wrong_site,0.05,-1.8919544219970703,-0.8138294219970703,False,True
3007,humaneval_HumanEval/73:2:0:1,real,humaneval,85d6b6d07eba962c260ebe85c0ad5299d2db74ba41598b597bbfb6d55b53fa71,False,False,wrong_site,0.1,-1.8927197456359863,-0.8145947456359863,False,True
3007,humaneval_HumanEval/73:2:0:1,real,humaneval,85d6b6d07eba962c260ebe85c0ad5299d2db74ba41598b597bbfb6d55b53fa71,False,False,wrong_site,0.2,-1.9067517518997192,-0.8130017518997192,False,True
3007,humaneval_HumanEval/73:2:0:1,real,humaneval,85d6b6d07eba962c260ebe85c0ad5299d2db74ba41598b597bbfb6d55b53fa71,False,False,wrong_site,0.4,-1.90631103515625,-0.81256103515625,False,True
3007,humaneval_HumanEval/73:2:0:1,real,humaneval,85d6b6d07eba962c260ebe85c0ad5299d2db74ba41598b597bbfb6d55b53fa71,False,False,answer_site,0.02,-2.0143775939941406,-0.8112524747848511,False,True
3007,humaneval_HumanEval/73:2:0:1,real,humaneval,85d6b6d07eba962c260ebe85c0ad5299d2db74ba41598b597bbfb6d55b53fa71,False,False,answer_site,0.05,-2.198493242263794,-0.8234933018684387,False,True
3007,humaneval_HumanEval/73:2:0:1,real,humaneval,85d6b6d07eba962c260ebe85c0ad5299d2db74ba41598b597bbfb6d55b53fa71,False,False,answer_site,0.1,-2.5631117820739746,-0.9068618416786194,False,False
3007,humaneval_HumanEval/73:2:0:1,real,humaneval,85d6b6d07eba962c260ebe85c0ad5299d2db74ba41598b597bbfb6d55b53fa71,False,False,answer_site,0.2,-3.3275465965270996,-1.1087967157363892,False,False
3007,humaneval_HumanEval/73:2:0:1,real,humaneval,85d6b6d07eba962c260ebe85c0ad5299d2db74ba41598b597bbfb6d55b53fa71,False,False,answer_site,0.4,-3.8648834228515625,-1.9586334228515625,False,False
3007,humaneval_HumanEval/73:2:0:1,real,humaneval,85d6b6d07eba962c260ebe85c0ad5299d2db74ba41598b597bbfb6d55b53fa71,False,False,actuator_cond,0.02,-1.8411699533462524,-0.8099199533462524,False,True
3007,humaneval_HumanEval/73:2:0:1,real,humaneval,85d6b6d07eba962c260ebe85c0ad5299d2db74ba41598b597bbfb6d55b53fa71,False,False,actuator_cond,0.05,-1.790216088294983,-0.8058410882949829,False,True
3007,humaneval_HumanEval/73:2:0:1,real,humaneval,85d6b6d07eba962c260ebe85c0ad5299d2db74ba41598b597bbfb6d55b53fa71,False,False,actuator_cond,0.1,-1.7040607929229736,-0.8134358525276184,False,True
3007,humaneval_HumanEval/73:2:0:1,real,humaneval,85d6b6d07eba962c260ebe85c0ad5299d2db74ba41598b597bbfb6d55b53fa71,False,False,actuator_cond,0.2,-1.3682568073272705,-0.8838817477226257,False,True
3007,humaneval_HumanEval/73:2:0:1,real,humaneval,85d6b6d07eba962c260ebe85c0ad5299d2db74ba41598b597bbfb6d55b53fa71,False,False,actuator_cond,0.4,-0.8371910452842712,-1.259066104888916,True,False
3007,humaneval_HumanEval/73:2:0:1,real,humaneval,85d6b6d07eba962c260ebe85c0ad5299d2db74ba41598b597bbfb6d55b53fa71,False,False,actuator_answer,0.02,-2.2788617610931396,-0.7632368206977844,False,True
3007,humaneval_HumanEval/73:2:0:1,real,humaneval,85d6b6d07eba962c260ebe85c0ad5299d2db74ba41598b597bbfb6d55b53fa71,False,False,actuator_answer,0.05,-2.8898401260375977,-0.6554651260375977,False,True
3007,humaneval_HumanEval/73:2:0:1,real,humaneval,85d6b6d07eba962c260ebe85c0ad5299d2db74ba41598b597bbfb6d55b53fa71,False,False,actuator_answer,0.1,-3.714137554168701,-0.4485124945640564,False,True
3007,humaneval_HumanEval/73:2:0:1,real,humaneval,85d6b6d07eba962c260ebe85c0ad5299d2db74ba41598b597bbfb6d55b53fa71,False,False,actuator_answer,0.2,-4.727510929107666,-0.1962609887123108,False,True
3007,humaneval_HumanEval/73:2:0:1,real,humaneval,85d6b6d07eba962c260ebe85c0ad5299d2db74ba41598b597bbfb6d55b53fa71,False,False,actuator_answer,0.4,-4.666561126708984,-0.02593589574098587,False,True
3008,humaneval_HumanEval/73:2:0:2,real,humaneval,85d6b6d07eba962c260ebe85c0ad5299d2db74ba41598b597bbfb6d55b53fa71,False,False,baseline,0.0,-1.8184469938278198,-0.7871969938278198,False,True
3008,humaneval_HumanEval/73:2:0:2,real,humaneval,85d6b6d07eba962c260ebe85c0ad5299d2db74ba41598b597bbfb6d55b53fa71,False,False,semantic,0.02,-1.844595193862915,-0.7820951342582703,False,True
3008,humaneval_HumanEval/73:2:0:2,real,humaneval,85d6b6d07eba962c260ebe85c0ad5299d2db74ba41598b597bbfb6d55b53fa71,False,False,semantic,0.05,-1.8586986064910889,-0.7805736064910889,False,True
3008,humaneval_HumanEval/73:2:0:2,real,humaneval,85d6b6d07eba962c260ebe85c0ad5299d2db74ba41598b597bbfb6d55b53fa71,False,False,semantic,0.1,-1.8773868083953857,-0.783636748790741,False,True
3008,humaneval_HumanEval/73:2:0:2,real,humaneval,85d6b6d07eba962c260ebe85c0ad5299d2db74ba41598b597bbfb6d55b53fa71,False,False,semantic,0.2,-1.8590161800384521,-0.7965161204338074,False,True
3008,humaneval_HumanEval/73:2:0:2,real,humaneval,85d6b6d07eba962c260ebe85c0ad5299d2db74ba41598b597bbfb6d55b53fa71,False,False,semantic,0.4,-1.7673428058624268,-0.767342746257782,False,True
3008,humaneval_HumanEval/73:2:0:2,real,humaneval,85d6b6d07eba962c260ebe85c0ad5299d2db74ba41598b597bbfb6d55b53fa71,False,False,reverse,0.02,-1.800539493560791,-0.784914493560791,False,True
3008,humaneval_HumanEval/73:2:0:2,real,humaneval,85d6b6d07eba962c260ebe85c0ad5299d2db74ba41598b597bbfb6d55b53fa71,False,False,reverse,0.05,-1.7541954517364502,-0.8010704517364502,False,True
3008,humaneval_HumanEval/73:2:0:2,real,humaneval,85d6b6d07eba962c260ebe85c0ad5299d2db74ba41598b597bbfb6d55b53fa71,False,False,reverse,0.1,-1.6590336561203003,-0.8309086561203003,False,True
3008,humaneval_HumanEval/73:2:0:2,real,humaneval,85d6b6d07eba962c260ebe85c0ad5299d2db74ba41598b597bbfb6d55b53fa71,False,False,reverse,0.2,-1.465723991394043,-0.9032239317893982,False,True
3008,humaneval_HumanEval/73:2:0:2,real,humaneval,85d6b6d07eba962c260ebe85c0ad5299d2db74ba41598b597bbfb6d55b53fa71,False,False,reverse,0.4,-1.3030461072921753,-0.9749211072921753,False,True
3008,humaneval_HumanEval/73:2:0:2,real,humaneval,85d6b6d07eba962c260ebe85c0ad5299d2db74ba41598b597bbfb6d55b53fa71,False,False,random,0.02,-1.826035976409912,-0.7791609764099121,False,True
3008,humaneval_HumanEval/73:2:0:2,real,humaneval,85d6b6d07eba962c260ebe85c0ad5299d2db74ba41598b597bbfb6d55b53fa71,False,False,random,0.05,-1.844126582145691,-0.7816265821456909,False,True
3008,humaneval_HumanEval/73:2:0:2,real,humaneval,85d6b6d07eba962c260ebe85c0ad5299d2db74ba41598b597bbfb6d55b53fa71,False,False,random,0.1,-1.862760066986084,-0.784635066986084,False,True
3008,humaneval_HumanEval/73:2:0:2,real,humaneval,85d6b6d07eba962c260ebe85c0ad5299d2db74ba41598b597bbfb6d55b53fa71,False,False,random,0.2,-1.901471495628357,-0.7920964956283569,False,True
3008,humaneval_HumanEval/73:2:0:2,real,humaneval,85d6b6d07eba962c260ebe85c0ad5299d2db74ba41598b597bbfb6d55b53fa71,False,False,random,0.4,-1.9590867757797241,-0.8184617757797241,False,True
3008,humaneval_HumanEval/73:2:0:2,real,humaneval,85d6b6d07eba962c260ebe85c0ad5299d2db74ba41598b597bbfb6d55b53fa71,False,False,shuffled,0.02,-1.8109418153762817,-0.7953168153762817,False,True
3008,humaneval_HumanEval/73:2:0:2,real,humaneval,85d6b6d07eba962c260ebe85c0ad5299d2db74ba41598b597bbfb6d55b53fa71,False,False,shuffled,0.05,-1.7942537069320679,-0.8255037069320679,False,True
3008,humaneval_HumanEval/73:2:0:2,real,humaneval,85d6b6d07eba962c260ebe85c0ad5299d2db74ba41598b597bbfb6d55b53fa71,False,False,shuffled,0.1,-1.77264404296875,-0.8507689833641052,False,True
3008,humaneval_HumanEval/73:2:0:2,real,humaneval,85d6b6d07eba962c260ebe85c0ad5299d2db74ba41598b597bbfb6d55b53fa71,False,False,shuffled,0.2,-1.7309203147888184,-0.8871703743934631,False,True
3008,humaneval_HumanEval/73:2:0:2,real,humaneval,85d6b6d07eba962c260ebe85c0ad5299d2db74ba41598b597bbfb6d55b53fa71,False,False,shuffled,0.4,-1.6973869800567627,-0.9317620396614075,False,True
3008,humaneval_HumanEval/73:2:0:2,real,humaneval,85d6b6d07eba962c260ebe85c0ad5299d2db74ba41598b597bbfb6d55b53fa71,False,False,wrong_site,0.02,-1.826137900352478,-0.779262900352478,False,True
3008,humaneval_HumanEval/73:2:0:2,real,humaneval,85d6b6d07eba962c260ebe85c0ad5299d2db74ba41598b597bbfb6d55b53fa71,False,False,wrong_site,0.05,-1.831529140472412,-0.7846540808677673,False,True
3008,humaneval_HumanEval/73:2:0:2,real,humaneval,85d6b6d07eba962c260ebe85c0ad5299d2db74ba41598b597bbfb6d55b53fa71,False,False,wrong_site,0.1,-1.8441615104675293,-0.7816615104675293,False,True
3008,humaneval_HumanEval/73:2:0:2,real,humaneval,85d6b6d07eba962c260ebe85c0ad5299d2db74ba41598b597bbfb6d55b53fa71,False,False,wrong_site,0.2,-1.8518388271331787,-0.7737138271331787,False,True
3008,humaneval_HumanEval/73:2:0:2,real,humaneval,85d6b6d07eba962c260ebe85c0ad5299d2db74ba41598b597bbfb6d55b53fa71,False,False,wrong_site,0.4,-1.8653604984283447,-0.7716104984283447,False,True
3008,humaneval_HumanEval/73:2:0:2,real,humaneval,85d6b6d07eba962c260ebe85c0ad5299d2db74ba41598b597bbfb6d55b53fa71,False,False,answer_site,0.02,-1.9150874614715576,-0.7744624018669128,False,True
3008,humaneval_HumanEval/73:2:0:2,real,humaneval,85d6b6d07eba962c260ebe85c0ad5299d2db74ba41598b597bbfb6d55b53fa71,False,False,answer_site,0.05,-2.079780101776123,-0.7672802209854126,False,True
3008,humaneval_HumanEval/73:2:0:2,real,humaneval,85d6b6d07eba962c260ebe85c0ad5299d2db74ba41598b597bbfb6d55b53fa71,False,False,answer_site,0.1,-2.4147393703460693,-0.6959893703460693,False,True
3008,humaneval_HumanEval/73:2:0:2,real,humaneval,85d6b6d07eba962c260ebe85c0ad5299d2db74ba41598b597bbfb6d55b53fa71,False,False,answer_site,0.2,-3.0357823371887207,-0.5201573371887207,False,True
3008,humaneval_HumanEval/73:2:0:2,real,humaneval,85d6b6d07eba962c260ebe85c0ad5299d2db74ba41598b597bbfb6d55b53fa71,False,False,answer_site,0.4,-3.231308698654175,-0.9344336986541748,False,True
3008,humaneval_HumanEval/73:2:0:2,real,humaneval,85d6b6d07eba962c260ebe85c0ad5299d2db74ba41598b597bbfb6d55b53fa71,False,False,actuator_cond,0.02,-1.7810041904449463,-0.7810041308403015,False,True
3008,humaneval_HumanEval/73:2:0:2,real,humaneval,85d6b6d07eba962c260ebe85c0ad5299d2db74ba41598b597bbfb6d55b53fa71,False,False,actuator_cond,0.05,-1.7117879390716553,-0.7899129390716553,False,True
3008,humaneval_HumanEval/73:2:0:2,real,humaneval,85d6b6d07eba962c260ebe85c0ad5299d2db74ba41598b597bbfb6d55b53fa71,False,False,actuator_cond,0.1,-1.5931274890899658,-0.827502429485321,False,True
3008,humaneval_HumanEval/73:2:0:2,real,humaneval,85d6b6d07eba962c260ebe85c0ad5299d2db74ba41598b597bbfb6d55b53fa71,False,False,actuator_cond,0.2,-1.2865972518920898,-0.9115971922874451,False,True
3008,humaneval_HumanEval/73:2:0:2,real,humaneval,85d6b6d07eba962c260ebe85c0ad5299d2db74ba41598b597bbfb6d55b53fa71,False,False,actuator_cond,0.4,-0.8746083974838257,-1.2027333974838257,True,False
3008,humaneval_HumanEval/73:2:0:2,real,humaneval,85d6b6d07eba962c260ebe85c0ad5299d2db74ba41598b597bbfb6d55b53fa71,False,False,actuator_answer,0.02,-2.266317844390869,-0.6725679039955139,False,True
3008,humaneval_HumanEval/73:2:0:2,real,humaneval,85d6b6d07eba962c260ebe85c0ad5299d2db74ba41598b597bbfb6d55b53fa71,False,False,actuator_answer,0.05,-2.900999069213867,-0.5259990692138672,False,True
3008,humaneval_HumanEval/73:2:0:2,real,humaneval,85d6b6d07eba962c260ebe85c0ad5299d2db74ba41598b597bbfb6d55b53fa71,False,False,actuator_answer,0.1,-3.7111306190490723,-0.35175564885139465,False,True
3008,humaneval_HumanEval/73:2:0:2,real,humaneval,85d6b6d07eba962c260ebe85c0ad5299d2db74ba41598b597bbfb6d55b53fa71,False,False,actuator_answer,0.2,-4.652507781982422,-0.16813276708126068,False,True
3008,humaneval_HumanEval/73:2:0:2,real,humaneval,85d6b6d07eba962c260ebe85c0ad5299d2db74ba41598b597bbfb6d55b53fa71,False,False,actuator_answer,0.4,-4.679462909698486,-0.02321295067667961,False,True
3009,humaneval_HumanEval/80:4:1:0,real,humaneval,e478364eff25f6688683d37a57770ea316eaa4f042b631bba3214fa8b17d8b4b,False,False,baseline,0.0,-2.908433198928833,-0.08030812442302704,False,True
3009,humaneval_HumanEval/80:4:1:0,real,humaneval,e478364eff25f6688683d37a57770ea316eaa4f042b631bba3214fa8b17d8b4b,False,False,semantic,0.02,-2.8776392936706543,-0.08076433837413788,False,True
3009,humaneval_HumanEval/80:4:1:0,real,humaneval,e478364eff25f6688683d37a57770ea316eaa4f042b631bba3214fa8b17d8b4b,False,False,semantic,0.05,-2.83213472366333,-0.08213471621274948,False,True
3009,humaneval_HumanEval/80:4:1:0,real,humaneval,e478364eff25f6688683d37a57770ea316eaa4f042b631bba3214fa8b17d8b4b,False,False,semantic,0.1,-2.727552890777588,-0.08692791312932968,False,True
3009,humaneval_HumanEval/80:4:1:0,real,humaneval,e478364eff25f6688683d37a57770ea316eaa4f042b631bba3214fa8b17d8b4b,False,False,semantic,0.2,-2.48157000541687,-0.1065700426697731,False,True
3009,humaneval_HumanEval/80:4:1:0,real,humaneval,e478364eff25f6688683d37a57770ea316eaa4f042b631bba3214fa8b17d8b4b,False,False,semantic,0.4,-2.203425645828247,-0.1409255564212799,False,True
3009,humaneval_HumanEval/80:4:1:0,real,humaneval,e478364eff25f6688683d37a57770ea316eaa4f042b631bba3214fa8b17d8b4b,False,False,reverse,0.02,-2.9099647998809814,-0.08183982968330383,False,True
3009,humaneval_HumanEval/80:4:1:0,real,humaneval,e478364eff25f6688683d37a57770ea316eaa4f042b631bba3214fa8b17d8b4b,False,False,reverse,0.05,-2.91243839263916,-0.08431348204612732,False,True
3009,humaneval_HumanEval/80:4:1:0,real,humaneval,e478364eff25f6688683d37a57770ea316eaa4f042b631bba3214fa8b17d8b4b,False,False,reverse,0.1,-2.9593236446380615,-0.08432356268167496,False,True
3009,humaneval_HumanEval/80:4:1:0,real,humaneval,e478364eff25f6688683d37a57770ea316eaa4f042b631bba3214fa8b17d8b4b,False,False,reverse,0.2,-3.062819242477417,-0.07844413816928864,False,True
3009,humaneval_HumanEval/80:4:1:0,real,humaneval,e478364eff25f6688683d37a57770ea316eaa4f042b631bba3214fa8b17d8b4b,False,False,reverse,0.4,-3.149590015411377,-0.0714651346206665,False,True
3009,humaneval_HumanEval/80:4:1:0,real,humaneval,e478364eff25f6688683d37a57770ea316eaa4f042b631bba3214fa8b17d8b4b,False,False,random,0.02,-2.8793716430664062,-0.08249668776988983,False,True
3009,humaneval_HumanEval/80:4:1:0,real,humaneval,e478364eff25f6688683d37a57770ea316eaa4f042b631bba3214fa8b17d8b4b,False,False,random,0.05,-2.849825620651245,-0.08420072495937347,False,True
3009,humaneval_HumanEval/80:4:1:0,real,humaneval,e478364eff25f6688683d37a57770ea316eaa4f042b631bba3214fa8b17d8b4b,False,False,random,0.1,-2.820714235305786,-0.08633913844823837,False,True
3009,humaneval_HumanEval/80:4:1:0,real,humaneval,e478364eff25f6688683d37a57770ea316eaa4f042b631bba3214fa8b17d8b4b,False,False,random,0.2,-2.776822328567505,-0.08932230621576309,False,True
3009,humaneval_HumanEval/80:4:1:0,real,humaneval,e478364eff25f6688683d37a57770ea316eaa4f042b631bba3214fa8b17d8b4b,False,False,random,0.4,-2.748558282852173,-0.09230823814868927,False,True
3009,humaneval_HumanEval/80:4:1:0,real,humaneval,e478364eff25f6688683d37a57770ea316eaa4f042b631bba3214fa8b17d8b4b,False,False,shuffled,0.02,-2.87906813621521,-0.08219312876462936,False,True
3009,humaneval_HumanEval/80:4:1:0,real,humaneval,e478364eff25f6688683d37a57770ea316eaa4f042b631bba3214fa8b17d8b4b,False,False,shuffled,0.05,-2.8497390747070312,-0.08411415666341782,False,True
3009,humaneval_HumanEval/80:4:1:0,real,humaneval,e478364eff25f6688683d37a57770ea316eaa4f042b631bba3214fa8b17d8b4b,False,False,shuffled,0.1,-2.8640899658203125,-0.08283987641334534,False,True
3009,humaneval_HumanEval/80:4:1:0,real,humaneval,e478364eff25f6688683d37a57770ea316eaa4f042b631bba3214fa8b17d8b4b,False,False,shuffled,0.2,-2.8929786682128906,-0.08047862350940704,False,True
3009,humaneval_HumanEval/80:4:1:0,real,humaneval,e478364eff25f6688683d37a57770ea316eaa4f042b631bba3214fa8b17d8b4b,False,False,shuffled,0.4,-2.93709135055542,-0.07771623134613037,False,True
3009,humaneval_HumanEval/80:4:1:0,real,humaneval,e478364eff25f6688683d37a57770ea316eaa4f042b631bba3214fa8b17d8b4b,False,False,wrong_site,0.02,-2.893842935562134,-0.08134300261735916,False,True
3009,humaneval_HumanEval/80:4:1:0,real,humaneval,e478364eff25f6688683d37a57770ea316eaa4f042b631bba3214fa8b17d8b4b,False,False,wrong_site,0.05,-2.8935904502868652,-0.08109042793512344,False,True
3009,humaneval_HumanEval/80:4:1:0,real,humaneval,e478364eff25f6688683d37a57770ea316eaa4f042b631bba3214fa8b17d8b4b,False,False,wrong_site,0.1,-2.8936519622802734,-0.08115187287330627,False,True
3009,humaneval_HumanEval/80:4:1:0,real,humaneval,e478364eff25f6688683d37a57770ea316eaa4f042b631bba3214fa8b17d8b4b,False,False,wrong_site,0.2,-2.9081034660339355,-0.07997848093509674,False,True
3009,humaneval_HumanEval/80:4:1:0,real,humaneval,e478364eff25f6688683d37a57770ea316eaa4f042b631bba3214fa8b17d8b4b,False,False,wrong_site,0.4,-2.9374091625213623,-0.0780341625213623,False,True
3009,humaneval_HumanEval/80:4:1:0,real,humaneval,e478364eff25f6688683d37a57770ea316eaa4f042b631bba3214fa8b17d8b4b,False,False,answer_site,0.02,-2.9946377277374268,-0.07276273518800735,False,True
3009,humaneval_HumanEval/80:4:1:0,real,humaneval,e478364eff25f6688683d37a57770ea316eaa4f042b631bba3214fa8b17d8b4b,False,False,answer_site,0.05,-3.0808961391448975,-0.06527122110128403,False,True
3009,humaneval_HumanEval/80:4:1:0,real,humaneval,e478364eff25f6688683d37a57770ea316eaa4f042b631bba3214fa8b17d8b4b,False,False,answer_site,0.1,-3.048438549041748,-0.06406348943710327,False,True
3009,humaneval_HumanEval/80:4:1:0,real,humaneval,e478364eff25f6688683d37a57770ea316eaa4f042b631bba3214fa8b17d8b4b,False,False,answer_site,0.2,-2.422396659851074,-0.1098967120051384,False,True
3009,humaneval_HumanEval/80:4:1:0,real,humaneval,e478364eff25f6688683d37a57770ea316eaa4f042b631bba3214fa8b17d8b4b,False,False,answer_site,0.4,-0.37713468074798584,-1.6896346807479858,True,False
3009,humaneval_HumanEval/80:4:1:0,real,humaneval,e478364eff25f6688683d37a57770ea316eaa4f042b631bba3214fa8b17d8b4b,False,False,actuator_cond,0.02,-2.7768447399139404,-0.08934465795755386,False,True
3009,humaneval_HumanEval/80:4:1:0,real,humaneval,e478364eff25f6688683d37a57770ea316eaa4f042b631bba3214fa8b17d8b4b,False,False,actuator_cond,0.05,-2.632577896118164,-0.10132784396409988,False,True
3009,humaneval_HumanEval/80:4:1:0,real,humaneval,e478364eff25f6688683d37a57770ea316eaa4f042b631bba3214fa8b17d8b4b,False,False,actuator_cond,0.1,-2.4901742935180664,-0.11517419666051865,False,True
3009,humaneval_HumanEval/80:4:1:0,real,humaneval,e478364eff25f6688683d37a57770ea316eaa4f042b631bba3214fa8b17d8b4b,False,False,actuator_cond,0.2,-2.3360586166381836,-0.13293367624282837,False,True
3009,humaneval_HumanEval/80:4:1:0,real,humaneval,e478364eff25f6688683d37a57770ea316eaa4f042b631bba3214fa8b17d8b4b,False,False,actuator_cond,0.4,-1.7979687452316284,-0.21984374523162842,False,True
3009,humaneval_HumanEval/80:4:1:0,real,humaneval,e478364eff25f6688683d37a57770ea316eaa4f042b631bba3214fa8b17d8b4b,False,False,actuator_answer,0.02,-3.9147965908050537,-0.03979649767279625,False,True
3009,humaneval_HumanEval/80:4:1:0,real,humaneval,e478364eff25f6688683d37a57770ea316eaa4f042b631bba3214fa8b17d8b4b,False,False,actuator_answer,0.05,-5.379835605621338,-0.02046073041856289,False,True
3009,humaneval_HumanEval/80:4:1:0,real,humaneval,e478364eff25f6688683d37a57770ea316eaa4f042b631bba3214fa8b17d8b4b,False,False,actuator_answer,0.1,-7.357903957366943,-0.014154164120554924,False,True
3009,humaneval_HumanEval/80:4:1:0,real,humaneval,e478364eff25f6688683d37a57770ea316eaa4f042b631bba3214fa8b17d8b4b,False,False,actuator_answer,0.2,-10.84858512878418,-0.01264753844588995,False,True
3009,humaneval_HumanEval/80:4:1:0,real,humaneval,e478364eff25f6688683d37a57770ea316eaa4f042b631bba3214fa8b17d8b4b,False,False,actuator_answer,0.4,-18.07993507385254,-0.36069607734680176,False,True
3010,humaneval_HumanEval/80:4:1:1,real,humaneval,e478364eff25f6688683d37a57770ea316eaa4f042b631bba3214fa8b17d8b4b,True,False,baseline,0.0,-0.03406305983662605,-3.8778131008148193,True,False
3010,humaneval_HumanEval/80:4:1:1,real,humaneval,e478364eff25f6688683d37a57770ea316eaa4f042b631bba3214fa8b17d8b4b,True,False,semantic,0.02,-0.033680811524391174,-3.8930559158325195,True,False
3010,humaneval_HumanEval/80:4:1:1,real,humaneval,e478364eff25f6688683d37a57770ea316eaa4f042b631bba3214fa8b17d8b4b,True,False,semantic,0.05,-0.033960971981287,-3.877711057662964,True,False
3010,humaneval_HumanEval/80:4:1:1,real,humaneval,e478364eff25f6688683d37a57770ea316eaa4f042b631bba3214fa8b17d8b4b,True,False,semantic,0.1,-0.034043241292238235,-3.877793312072754,True,False
3010,humaneval_HumanEval/80:4:1:1,real,humaneval,e478364eff25f6688683d37a57770ea316eaa4f042b631bba3214fa8b17d8b4b,True,False,semantic,0.2,-0.0348951555788517,-3.847395181655884,True,False
3010,humaneval_HumanEval/80:4:1:1,real,humaneval,e478364eff25f6688683d37a57770ea316eaa4f042b631bba3214fa8b17d8b4b,True,False,semantic,0.4,-0.03780394792556763,-3.772178888320923,True,False
3010,humaneval_HumanEval/80:4:1:1,real,humaneval,e478364eff25f6688683d37a57770ea316eaa4f042b631bba3214fa8b17d8b4b,True,False,reverse,0.02,-0.03372829779982567,-3.8931033611297607,True,False
3010,humaneval_HumanEval/80:4:1:1,real,humaneval,e478364eff25f6688683d37a57770ea316eaa4f042b631bba3214fa8b17d8b4b,True,False,reverse,0.05,-0.033752501010894775,-3.89312744140625,True,False
3010,humaneval_HumanEval/80:4:1:1,real,humaneval,e478364eff25f6688683d37a57770ea316eaa4f042b631bba3214fa8b17d8b4b,True,False,reverse,0.1,-0.03431834653019905,-3.878068447113037,True,False
3010,humaneval_HumanEval/80:4:1:1,real,humaneval,e478364eff25f6688683d37a57770ea316eaa4f042b631bba3214fa8b17d8b4b,True,False,reverse,0.2,-0.03638888895511627,-3.817638874053955,True,False
3010,humaneval_HumanEval/80:4:1:1,real,humaneval,e478364eff25f6688683d37a57770ea316eaa4f042b631bba3214fa8b17d8b4b,True,False,reverse,0.4,-0.03779017552733421,-3.803415060043335,True,False
3010,humaneval_HumanEval/80:4:1:1,real,humaneval,e478364eff25f6688683d37a57770ea316eaa4f042b631bba3214fa8b17d8b4b,True,False,random,0.02,-0.034057412296533585,-3.877807378768921,True,False
3010,humaneval_HumanEval/80:4:1:1,real,humaneval,e478364eff25f6688683d37a57770ea316eaa4f042b631bba3214fa8b17d8b4b,True,False,random,0.05,-0.034084029495716095,-3.8778340816497803,True,False
3010,humaneval_HumanEval/80:4:1:1,real,humaneval,e478364eff25f6688683d37a57770ea316eaa4f042b631bba3214fa8b17d8b4b,True,False,random,0.1,-0.034071698784828186,-3.877821683883667,True,False
3010,humaneval_HumanEval/80:4:1:1,real,humaneval,e478364eff25f6688683d37a57770ea316eaa4f042b631bba3214fa8b17d8b4b,True,False,random,0.2,-0.0340890996158123,-3.8778390884399414,True,False
3010,humaneval_HumanEval/80:4:1:1,real,humaneval,e478364eff25f6688683d37a57770ea316eaa4f042b631bba3214fa8b17d8b4b,True,False,random,0.4,-0.03561175987124443,-3.832486867904663,True,False
3010,humaneval_HumanEval/80:4:1:1,real,humaneval,e478364eff25f6688683d37a57770ea316eaa4f042b631bba3214fa8b17d8b4b,True,False,shuffled,0.02,-0.033671360462903976,-3.8930463790893555,True,False
3010,humaneval_HumanEval/80:4:1:1,real,humaneval,e478364eff25f6688683d37a57770ea316eaa4f042b631bba3214fa8b17d8b4b,True,False,shuffled,0.05,-0.033595629036426544,-3.892970561981201,True,False
3010,humaneval_HumanEval/80:4:1:1,real,humaneval,e478364eff25f6688683d37a57770ea316eaa4f042b631bba3214fa8b17d8b4b,True,False,shuffled,0.1,-0.03323165327310562,-3.908231735229492,True,False
3010,humaneval_HumanEval/80:4:1:1,real,humaneval,e478364eff25f6688683d37a57770ea316eaa4f042b631bba3214fa8b17d8b4b,True,False,shuffled,0.2,-0.03406374901533127,-3.8934388160705566,True,False
3010,humaneval_HumanEval/80:4:1:1,real,humaneval,e478364eff25f6688683d37a57770ea316eaa4f042b631bba3214fa8b17d8b4b,True,False,shuffled,0.4,-0.04656148701906204,-3.6403114795684814,True,False
3010,humaneval_HumanEval/80:4:1:1,real,humaneval,e478364eff25f6688683d37a57770ea316eaa4f042b631bba3214fa8b17d8b4b,True,False,wrong_site,0.02,-0.03376564010977745,-3.8931405544281006,True,False
3010,humaneval_HumanEval/80:4:1:1,real,humaneval,e478364eff25f6688683d37a57770ea316eaa4f042b631bba3214fa8b17d8b4b,True,False,wrong_site,0.05,-0.03422814980149269,-3.8779780864715576,True,False
3010,humaneval_HumanEval/80:4:1:1,real,humaneval,e478364eff25f6688683d37a57770ea316eaa4f042b631bba3214fa8b17d8b4b,True,False,wrong_site,0.1,-0.034220434725284576,-3.8779704570770264,True,False
3010,humaneval_HumanEval/80:4:1:1,real,humaneval,e478364eff25f6688683d37a57770ea316eaa4f042b631bba3214fa8b17d8b4b,True,False,wrong_site,0.2,-0.03459084406495094,-3.87834095954895,True,False
3010,humaneval_HumanEval/80:4:1:1,real,humaneval,e478364eff25f6688683d37a57770ea316eaa4f042b631bba3214fa8b17d8b4b,True,False,wrong_site,0.4,-0.035063911229372025,-3.8631889820098877,True,False
3010,humaneval_HumanEval/80:4:1:1,real,humaneval,e478364eff25f6688683d37a57770ea316eaa4f042b631bba3214fa8b17d8b4b,True,False,answer_site,0.02,-0.035000141710042953,-3.8943750858306885,True,False
3010,humaneval_HumanEval/80:4:1:1,real,humaneval,e478364eff25f6688683d37a57770ea316eaa4f042b631bba3214fa8b17d8b4b,True,False,answer_site,0.05,-0.03748582303524017,-3.8812358379364014,True,False
3010,humaneval_HumanEval/80:4:1:1,real,humaneval,e478364eff25f6688683d37a57770ea316eaa4f042b631bba3214fa8b17d8b4b,True,False,answer_site,0.1,-0.04440702125430107,-3.8100321292877197,True,False
3010,humaneval_HumanEval/80:4:1:1,real,humaneval,e478364eff25f6688683d37a57770ea316eaa4f042b631bba3214fa8b17d8b4b,True,False,answer_site,0.2,-0.09360231459140778,-3.202977418899536,True,False
3010,humaneval_HumanEval/80:4:1:1,real,humaneval,e478364eff25f6688683d37a57770ea316eaa4f042b631bba3214fa8b17d8b4b,True,False,answer_site,0.4,-0.7787941098213196,-2.513169050216675,True,False
3010,humaneval_HumanEval/80:4:1:1,real,humaneval,e478364eff25f6688683d37a57770ea316eaa4f042b631bba3214fa8b17d8b4b,True,False,actuator_cond,0.02,-0.03344069421291351,-3.908440589904785,True,False
3010,humaneval_HumanEval/80:4:1:1,real,humaneval,e478364eff25f6688683d37a57770ea316eaa4f042b631bba3214fa8b17d8b4b,True,False,actuator_cond,0.05,-0.03241651877760887,-3.954291582107544,True,False
3010,humaneval_HumanEval/80:4:1:1,real,humaneval,e478364eff25f6688683d37a57770ea316eaa4f042b631bba3214fa8b17d8b4b,True,False,actuator_cond,0.1,-0.03230133652687073,-3.969801425933838,True,False
3010,humaneval_HumanEval/80:4:1:1,real,humaneval,e478364eff25f6688683d37a57770ea316eaa4f042b631bba3214fa8b17d8b4b,True,False,actuator_cond,0.2,-0.03359747305512428,-3.955472469329834,True,False
3010,humaneval_HumanEval/80:4:1:1,real,humaneval,e478364eff25f6688683d37a57770ea316eaa4f042b631bba3214fa8b17d8b4b,True,False,actuator_cond,0.4,-0.03358536958694458,-4.127335548400879,True,False
3010,humaneval_HumanEval/80:4:1:1,real,humaneval,e478364eff25f6688683d37a57770ea316eaa4f042b631bba3214fa8b17d8b4b,True,False,actuator_answer,0.02,-0.06550280749797821,-3.018627882003784,True,False
3010,humaneval_HumanEval/80:4:1:1,real,humaneval,e478364eff25f6688683d37a57770ea316eaa4f042b631bba3214fa8b17d8b4b,True,False,actuator_answer,0.05,-0.22046835720539093,-1.7204684019088745,True,False
3010,humaneval_HumanEval/80:4:1:1,real,humaneval,e478364eff25f6688683d37a57770ea316eaa4f042b631bba3214fa8b17d8b4b,True,False,actuator_answer,0.1,-1.5978236198425293,-0.2540736198425293,False,True
3010,humaneval_HumanEval/80:4:1:1,real,humaneval,e478364eff25f6688683d37a57770ea316eaa4f042b631bba3214fa8b17d8b4b,True,False,actuator_answer,0.2,-7.750345706939697,-0.01597052812576294,False,True
3010,humaneval_HumanEval/80:4:1:1,real,humaneval,e478364eff25f6688683d37a57770ea316eaa4f042b631bba3214fa8b17d8b4b,True,False,actuator_answer,0.4,-17.294239044189453,-0.07939616590738297,False,True
3011,humaneval_HumanEval/81:0:8:0,real,humaneval,8900ebef85192be8a1fb4f631fb051b9c2c14585f0c037133eeda5770cc17d36,True,False,baseline,0.0,-0.6370817422866821,-11.211965560913086,True,False
3011,humaneval_HumanEval/81:0:8:0,real,humaneval,8900ebef85192be8a1fb4f631fb051b9c2c14585f0c037133eeda5770cc17d36,True,False,semantic,0.02,-0.633972704410553,-11.209600448608398,True,False
3011,humaneval_HumanEval/81:0:8:0,real,humaneval,8900ebef85192be8a1fb4f631fb051b9c2c14585f0c037133eeda5770cc17d36,True,False,semantic,0.05,-0.63262939453125,-11.205909729003906,True,False
3011,humaneval_HumanEval/81:0:8:0,real,humaneval,8900ebef85192be8a1fb4f631fb051b9c2c14585f0c037133eeda5770cc17d36,True,False,semantic,0.1,-0.6357032656669617,-11.195302963256836,True,False
3011,humaneval_HumanEval/81:0:8:0,real,humaneval,8900ebef85192be8a1fb4f631fb051b9c2c14585f0c037133eeda5770cc17d36,True,False,semantic,0.2,-0.6370253562927246,-11.193195343017578,True,False
3011,humaneval_HumanEval/81:0:8:0,real,humaneval,8900ebef85192be8a1fb4f631fb051b9c2c14585f0c037133eeda5770cc17d36,True,False,semantic,0.4,-0.6298524141311646,-11.154516220092773,True,False
3011,humaneval_HumanEval/81:0:8:0,real,humaneval,8900ebef85192be8a1fb4f631fb051b9c2c14585f0c037133eeda5770cc17d36,True,False,reverse,0.02,-0.6325739622116089,-11.229944229125977,True,False
3011,humaneval_HumanEval/81:0:8:0,real,humaneval,8900ebef85192be8a1fb4f631fb051b9c2c14585f0c037133eeda5770cc17d36,True,False,reverse,0.05,-0.6357886791229248,-11.203324317932129,True,False
3011,humaneval_HumanEval/81:0:8:0,real,humaneval,8900ebef85192be8a1fb4f631fb051b9c2c14585f0c037133eeda5770cc17d36,True,False,reverse,0.1,-0.6336258053779602,-11.215145111083984,True,False
3011,humaneval_HumanEval/81:0:8:0,real,humaneval,8900ebef85192be8a1fb4f631fb051b9c2c14585f0c037133eeda5770cc17d36,True,False,reverse,0.2,-0.6333725452423096,-11.212287902832031,True,False
3011,humaneval_HumanEval/81:0:8:0,real,humaneval,8900ebef85192be8a1fb4f631fb051b9c2c14585f0c037133eeda5770cc17d36,True,False,reverse,0.4,-0.6369786262512207,-11.20083236694336,True,False
3011,humaneval_HumanEval/81:0:8:0,real,humaneval,8900ebef85192be8a1fb4f631fb051b9c2c14585f0c037133eeda5770cc17d36,True,False,random,0.02,-0.6391221880912781,-11.220061302185059,True,False
3011,humaneval_HumanEval/81:0:8:0,real,humaneval,8900ebef85192be8a1fb4f631fb051b9c2c14585f0c037133eeda5770cc17d36,True,False,random,0.05,-0.6378904581069946,-11.22046184539795,True,False
3011,humaneval_HumanEval/81:0:8:0,real,humaneval,8900ebef85192be8a1fb4f631fb051b9c2c14585f0c037133eeda5770cc17d36,True,False,random,0.1,-0.637786865234375,-11.210131645202637,True,False
3011,humaneval_HumanEval/81:0:8:0,real,humaneval,8900ebef85192be8a1fb4f631fb051b9c2c14585f0c037133eeda5770cc17d36,True,False,random,0.2,-0.6335039734840393,-11.209993362426758,True,False
3011,humaneval_HumanEval/81:0:8:0,real,humaneval,8900ebef85192be8a1fb4f631fb051b9c2c14585f0c037133eeda5770cc17d36,True,False,random,0.4,-0.6390776634216309,-11.208003044128418,True,False
3011,humaneval_HumanEval/81:0:8:0,real,humaneval,8900ebef85192be8a1fb4f631fb051b9c2c14585f0c037133eeda5770cc17d36,True,False,shuffled,0.02,-0.6394352912902832,-11.21423625946045,True,False
3011,humaneval_HumanEval/81:0:8:0,real,humaneval,8900ebef85192be8a1fb4f631fb051b9c2c14585f0c037133eeda5770cc17d36,True,False,shuffled,0.05,-0.6390633583068848,-11.233810424804688,True,False
3011,humaneval_HumanEval/81:0:8:0,real,humaneval,8900ebef85192be8a1fb4f631fb051b9c2c14585f0c037133eeda5770cc17d36,True,False,shuffled,0.1,-0.6320468187332153,-11.206528663635254,True,False
3011,humaneval_HumanEval/81:0:8:0,real,humaneval,8900ebef85192be8a1fb4f631fb051b9c2c14585f0c037133eeda5770cc17d36,True,False,shuffled,0.2,-0.6380538940429688,-11.227633476257324,True,False
3011,humaneval_HumanEval/81:0:8:0,real,humaneval,8900ebef85192be8a1fb4f631fb051b9c2c14585f0c037133eeda5770cc17d36,True,False,shuffled,0.4,-0.6340076923370361,-11.171625137329102,True,False
3011,humaneval_HumanEval/81:0:8:0,real,humaneval,8900ebef85192be8a1fb4f631fb051b9c2c14585f0c037133eeda5770cc17d36,True,False,wrong_site,0.02,-0.6319131255149841,-11.225839614868164,True,False
3011,humaneval_HumanEval/81:0:8:0,real,humaneval,8900ebef85192be8a1fb4f631fb051b9c2c14585f0c037133eeda5770cc17d36,True,False,wrong_site,0.05,-0.6377874612808228,-11.230325698852539,True,False
3011,humaneval_HumanEval/81:0:8:0,real,humaneval,8900ebef85192be8a1fb4f631fb051b9c2c14585f0c037133eeda5770cc17d36,True,False,wrong_site,0.1,-0.6392414569854736,-11.231491088867188,True,False
3011,humaneval_HumanEval/81:0:8:0,real,humaneval,8900ebef85192be8a1fb4f631fb051b9c2c14585f0c037133eeda5770cc17d36,True,False,wrong_site,0.2,-0.6428618431091309,-11.19741153717041,True,False
3011,humaneval_HumanEval/81:0:8:0,real,humaneval,8900ebef85192be8a1fb4f631fb051b9c2c14585f0c037133eeda5770cc17d36,True,False,wrong_site,0.4,-0.6412676572799683,-11.239917755126953,True,False
3011,humaneval_HumanEval/81:0:8:0,real,humaneval,8900ebef85192be8a1fb4f631fb051b9c2c14585f0c037133eeda5770cc17d36,True,False,answer_site,0.02,-0.6526420712471008,-11.203168869018555,True,False
3011,humaneval_HumanEval/81:0:8:0,real,humaneval,8900ebef85192be8a1fb4f631fb051b9c2c14585f0c037133eeda5770cc17d36,True,False,answer_site,0.05,-0.6798794269561768,-11.205930709838867,True,False
3011,humaneval_HumanEval/81:0:8:0,real,humaneval,8900ebef85192be8a1fb4f631fb051b9c2c14585f0c037133eeda5770cc17d36,True,False,answer_site,0.1,-0.7298737168312073,-11.17888069152832,True,False
3011,humaneval_HumanEval/81:0:8:0,real,humaneval,8900ebef85192be8a1fb4f631fb051b9c2c14585f0c037133eeda5770cc17d36,True,False,answer_site,0.2,-0.9819133877754211,-11.300264358520508,True,False
3011,humaneval_HumanEval/81:0:8:0,real,humaneval,8900ebef85192be8a1fb4f631fb051b9c2c14585f0c037133eeda5770cc17d36,True,False,answer_site,0.4,-2.372075080871582,-12.680140495300293,False,False
3011,humaneval_HumanEval/81:0:8:0,real,humaneval,8900ebef85192be8a1fb4f631fb051b9c2c14585f0c037133eeda5770cc17d36,True,False,actuator_cond,0.02,-0.6394767761230469,-11.220748901367188,True,False
3011,humaneval_HumanEval/81:0:8:0,real,humaneval,8900ebef85192be8a1fb4f631fb051b9c2c14585f0c037133eeda5770cc17d36,True,False,actuator_cond,0.05,-0.6379881501197815,-11.202128410339355,True,False
3011,humaneval_HumanEval/81:0:8:0,real,humaneval,8900ebef85192be8a1fb4f631fb051b9c2c14585f0c037133eeda5770cc17d36,True,False,actuator_cond,0.1,-0.6342910528182983,-11.192712783813477,True,False
3011,humaneval_HumanEval/81:0:8:0,real,humaneval,8900ebef85192be8a1fb4f631fb051b9c2c14585f0c037133eeda5770cc17d36,True,False,actuator_cond,0.2,-0.6377748250961304,-11.205082893371582,True,False
3011,humaneval_HumanEval/81:0:8:0,real,humaneval,8900ebef85192be8a1fb4f631fb051b9c2c14585f0c037133eeda5770cc17d36,True,False,actuator_cond,0.4,-0.6420260667800903,-11.282510757446289,True,False
3011,humaneval_HumanEval/81:0:8:0,real,humaneval,8900ebef85192be8a1fb4f631fb051b9c2c14585f0c037133eeda5770cc17d36,True,False,actuator_answer,0.02,-0.646361768245697,-11.21092700958252,True,False
3011,humaneval_HumanEval/81:0:8:0,real,humaneval,8900ebef85192be8a1fb4f631fb051b9c2c14585f0c037133eeda5770cc17d36,True,False,actuator_answer,0.05,-0.6680899262428284,-11.247772216796875,True,False
3011,humaneval_HumanEval/81:0:8:0,real,humaneval,8900ebef85192be8a1fb4f631fb051b9c2c14585f0c037133eeda5770cc17d36,True,False,actuator_answer,0.1,-0.7077410221099854,-11.29071044921875,True,False
3011,humaneval_HumanEval/81:0:8:0,real,humaneval,8900ebef85192be8a1fb4f631fb051b9c2c14585f0c037133eeda5770cc17d36,True,False,actuator_answer,0.2,-0.825009286403656,-11.419865608215332,True,False
3011,humaneval_HumanEval/81:0:8:0,real,humaneval,8900ebef85192be8a1fb4f631fb051b9c2c14585f0c037133eeda5770cc17d36,True,False,actuator_answer,0.4,-2.502577066421509,-13.073141098022461,False,False
3012,humaneval_HumanEval/81:0:8:1,real,humaneval,8900ebef85192be8a1fb4f631fb051b9c2c14585f0c037133eeda5770cc17d36,False,False,baseline,0.0,-6.618251800537109,-0.8725470304489136,False,True
3012,humaneval_HumanEval/81:0:8:1,real,humaneval,8900ebef85192be8a1fb4f631fb051b9c2c14585f0c037133eeda5770cc17d36,False,False,semantic,0.02,-6.6204609870910645,-0.8753454089164734,False,True
3012,humaneval_HumanEval/81:0:8:1,real,humaneval,8900ebef85192be8a1fb4f631fb051b9c2c14585f0c037133eeda5770cc17d36,False,False,semantic,0.05,-6.63277006149292,-0.8764228820800781,False,True
3012,humaneval_HumanEval/81:0:8:1,real,humaneval,8900ebef85192be8a1fb4f631fb051b9c2c14585f0c037133eeda5770cc17d36,False,False,semantic,0.1,-6.6343607902526855,-0.8743193745613098,False,True
3012,humaneval_HumanEval/81:0:8:1,real,humaneval,8900ebef85192be8a1fb4f631fb051b9c2c14585f0c037133eeda5770cc17d36,False,False,semantic,0.2,-6.620257377624512,-0.8753283023834229,False,True
3012,humaneval_HumanEval/81:0:8:1,real,humaneval,8900ebef85192be8a1fb4f631fb051b9c2c14585f0c037133eeda5770cc17d36,False,False,semantic,0.4,-6.616171836853027,-0.8843228816986084,False,True
3012,humaneval_HumanEval/81:0:8:1,real,humaneval,8900ebef85192be8a1fb4f631fb051b9c2c14585f0c037133eeda5770cc17d36,False,False,reverse,0.02,-6.6123576164245605,-0.8708714842796326,False,True
3012,humaneval_HumanEval/81:0:8:1,real,humaneval,8900ebef85192be8a1fb4f631fb051b9c2c14585f0c037133eeda5770cc17d36,False,False,reverse,0.05,-6.6150689125061035,-0.8758087754249573,False,True
3012,humaneval_HumanEval/81:0:8:1,real,humaneval,8900ebef85192be8a1fb4f631fb051b9c2c14585f0c037133eeda5770cc17d36,False,False,reverse,0.1,-6.612761974334717,-0.8728722929954529,False,True
3012,humaneval_HumanEval/81:0:8:1,real,humaneval,8900ebef85192be8a1fb4f631fb051b9c2c14585f0c037133eeda5770cc17d36,False,False,reverse,0.2,-6.613999366760254,-0.8731532096862793,False,True
3012,humaneval_HumanEval/81:0:8:1,real,humaneval,8900ebef85192be8a1fb4f631fb051b9c2c14585f0c037133eeda5770cc17d36,False,False,reverse,0.4,-6.579355239868164,-0.8716434240341187,False,True
3012,humaneval_HumanEval/81:0:8:1,real,humaneval,8900ebef85192be8a1fb4f631fb051b9c2c14585f0c037133eeda5770cc17d36,False,False,random,0.02,-6.620977401733398,-0.8728445768356323,False,True
3012,humaneval_HumanEval/81:0:8:1,real,humaneval,8900ebef85192be8a1fb4f631fb051b9c2c14585f0c037133eeda5770cc17d36,False,False,random,0.05,-6.620735168457031,-0.8725063800811768,False,True
3012,humaneval_HumanEval/81:0:8:1,real,humaneval,8900ebef85192be8a1fb4f631fb051b9c2c14585f0c037133eeda5770cc17d36,False,False,random,0.1,-6.636142253875732,-0.8718428015708923,False,True
3012,humaneval_HumanEval/81:0:8:1,real,humaneval,8900ebef85192be8a1fb4f631fb051b9c2c14585f0c037133eeda5770cc17d36,False,False,random,0.2,-6.619919300079346,-0.8728641271591187,False,True
3012,humaneval_HumanEval/81:0:8:1,real,humaneval,8900ebef85192be8a1fb4f631fb051b9c2c14585f0c037133eeda5770cc17d36,False,False,random,0.4,-6.6167449951171875,-0.8731824159622192,False,True
3012,humaneval_HumanEval/81:0:8:1,real,humaneval,8900ebef85192be8a1fb4f631fb051b9c2c14585f0c037133eeda5770cc17d36,False,False,shuffled,0.02,-6.612421989440918,-0.8711365461349487,False,True
3012,humaneval_HumanEval/81:0:8:1,real,humaneval,8900ebef85192be8a1fb4f631fb051b9c2c14585f0c037133eeda5770cc17d36,False,False,shuffled,0.05,-6.6203083992004395,-0.8728063106536865,False,True
3012,humaneval_HumanEval/81:0:8:1,real,humaneval,8900ebef85192be8a1fb4f631fb051b9c2c14585f0c037133eeda5770cc17d36,False,False,shuffled,0.1,-6.615967750549316,-0.8726315498352051,False,True
3012,humaneval_HumanEval/81:0:8:1,real,humaneval,8900ebef85192be8a1fb4f631fb051b9c2c14585f0c037133eeda5770cc17d36,False,False,shuffled,0.2,-6.637243270874023,-0.8749332427978516,False,True
3012,humaneval_HumanEval/81:0:8:1,real,humaneval,8900ebef85192be8a1fb4f631fb051b9c2c14585f0c037133eeda5770cc17d36,False,False,shuffled,0.4,-6.616163730621338,-0.8787847757339478,False,True
3012,humaneval_HumanEval/81:0:8:1,real,humaneval,8900ebef85192be8a1fb4f631fb051b9c2c14585f0c037133eeda5770cc17d36,False,False,wrong_site,0.02,-6.630561828613281,-0.8730891942977905,False,True
3012,humaneval_HumanEval/81:0:8:1,real,humaneval,8900ebef85192be8a1fb4f631fb051b9c2c14585f0c037133eeda5770cc17d36,False,False,wrong_site,0.05,-6.617644786834717,-0.8731537461280823,False,True
3012,humaneval_HumanEval/81:0:8:1,real,humaneval,8900ebef85192be8a1fb4f631fb051b9c2c14585f0c037133eeda5770cc17d36,False,False,wrong_site,0.1,-6.614705562591553,-0.8726688027381897,False,True
3012,humaneval_HumanEval/81:0:8:1,real,humaneval,8900ebef85192be8a1fb4f631fb051b9c2c14585f0c037133eeda5770cc17d36,False,False,wrong_site,0.2,-6.630642890930176,-0.8692604303359985,False,True
3012,humaneval_HumanEval/81:0:8:1,real,humaneval,8900ebef85192be8a1fb4f631fb051b9c2c14585f0c037133eeda5770cc17d36,False,False,wrong_site,0.4,-6.625887870788574,-0.8687074184417725,False,True
3012,humaneval_HumanEval/81:0:8:1,real,humaneval,8900ebef85192be8a1fb4f631fb051b9c2c14585f0c037133eeda5770cc17d36,False,False,answer_site,0.02,-6.6154561042785645,-0.8579021692276001,False,True
3012,humaneval_HumanEval/81:0:8:1,real,humaneval,8900ebef85192be8a1fb4f631fb051b9c2c14585f0c037133eeda5770cc17d36,False,False,answer_site,0.05,-6.602524280548096,-0.8359445333480835,False,True
3012,humaneval_HumanEval/81:0:8:1,real,humaneval,8900ebef85192be8a1fb4f631fb051b9c2c14585f0c037133eeda5770cc17d36,False,False,answer_site,0.1,-6.5908708572387695,-0.8114970922470093,False,True
3012,humaneval_HumanEval/81:0:8:1,real,humaneval,8900ebef85192be8a1fb4f631fb051b9c2c14585f0c037133eeda5770cc17d36,False,False,answer_site,0.2,-6.583723545074463,-0.8020659685134888,False,True
3012,humaneval_HumanEval/81:0:8:1,real,humaneval,8900ebef85192be8a1fb4f631fb051b9c2c14585f0c037133eeda5770cc17d36,False,False,answer_site,0.4,-9.509552001953125,-3.783878803253174,False,False
3012,humaneval_HumanEval/81:0:8:1,real,humaneval,8900ebef85192be8a1fb4f631fb051b9c2c14585f0c037133eeda5770cc17d36,False,False,actuator_cond,0.02,-6.6141486167907715,-0.8729248046875,False,True
3012,humaneval_HumanEval/81:0:8:1,real,humaneval,8900ebef85192be8a1fb4f631fb051b9c2c14585f0c037133eeda5770cc17d36,False,False,actuator_cond,0.05,-6.6134538650512695,-0.8736480474472046,False,True
3012,humaneval_HumanEval/81:0:8:1,real,humaneval,8900ebef85192be8a1fb4f631fb051b9c2c14585f0c037133eeda5770cc17d36,False,False,actuator_cond,0.1,-6.6208086013793945,-0.874610960483551,False,True
3012,humaneval_HumanEval/81:0:8:1,real,humaneval,8900ebef85192be8a1fb4f631fb051b9c2c14585f0c037133eeda5770cc17d36,False,False,actuator_cond,0.2,-6.612092018127441,-0.8728352189064026,False,True
3012,humaneval_HumanEval/81:0:8:1,real,humaneval,8900ebef85192be8a1fb4f631fb051b9c2c14585f0c037133eeda5770cc17d36,False,False,actuator_cond,0.4,-6.4647016525268555,-0.8908856511116028,False,True
3012,humaneval_HumanEval/81:0:8:1,real,humaneval,8900ebef85192be8a1fb4f631fb051b9c2c14585f0c037133eeda5770cc17d36,False,False,actuator_answer,0.02,-6.605438232421875,-0.8636031746864319,False,True
3012,humaneval_HumanEval/81:0:8:1,real,humaneval,8900ebef85192be8a1fb4f631fb051b9c2c14585f0c037133eeda5770cc17d36,False,False,actuator_answer,0.05,-6.578176021575928,-0.8372491598129272,False,True
3012,humaneval_HumanEval/81:0:8:1,real,humaneval,8900ebef85192be8a1fb4f631fb051b9c2c14585f0c037133eeda5770cc17d36,False,False,actuator_answer,0.1,-6.525085926055908,-0.8030296564102173,False,True
3012,humaneval_HumanEval/81:0:8:1,real,humaneval,8900ebef85192be8a1fb4f631fb051b9c2c14585f0c037133eeda5770cc17d36,False,False,actuator_answer,0.2,-6.461213111877441,-0.7880736589431763,False,True
3012,humaneval_HumanEval/81:0:8:1,real,humaneval,8900ebef85192be8a1fb4f631fb051b9c2c14585f0c037133eeda5770cc17d36,False,False,actuator_answer,0.4,-7.252236843109131,-1.708705186843872,False,False
3013,humaneval_HumanEval/81:0:8:2,real,humaneval,8900ebef85192be8a1fb4f631fb051b9c2c14585f0c037133eeda5770cc17d36,False,False,baseline,0.0,-5.653407096862793,-1.025753378868103,False,True
3013,humaneval_HumanEval/81:0:8:2,real,humaneval,8900ebef85192be8a1fb4f631fb051b9c2c14585f0c037133eeda5770cc17d36,False,False,semantic,0.02,-5.643165588378906,-1.0277676582336426,False,True
3013,humaneval_HumanEval/81:0:8:2,real,humaneval,8900ebef85192be8a1fb4f631fb051b9c2c14585f0c037133eeda5770cc17d36,False,False,semantic,0.05,-5.653290271759033,-1.0277810096740723,False,True
3013,humaneval_HumanEval/81:0:8:2,real,humaneval,8900ebef85192be8a1fb4f631fb051b9c2c14585f0c037133eeda5770cc17d36,False,False,semantic,0.1,-5.647007942199707,-1.020395278930664,False,True
3013,humaneval_HumanEval/81:0:8:2,real,humaneval,8900ebef85192be8a1fb4f631fb051b9c2c14585f0c037133eeda5770cc17d36,False,False,semantic,0.2,-5.649850845336914,-1.0240976810455322,False,True
3013,humaneval_HumanEval/81:0:8:2,real,humaneval,8900ebef85192be8a1fb4f631fb051b9c2c14585f0c037133eeda5770cc17d36,False,False,semantic,0.4,-5.636965274810791,-1.025280475616455,False,True
3013,humaneval_HumanEval/81:0:8:2,real,humaneval,8900ebef85192be8a1fb4f631fb051b9c2c14585f0c037133eeda5770cc17d36,False,False,reverse,0.02,-5.646050453186035,-1.025689959526062,False,True
3013,humaneval_HumanEval/81:0:8:2,real,humaneval,8900ebef85192be8a1fb4f631fb051b9c2c14585f0c037133eeda5770cc17d36,False,False,reverse,0.05,-5.649279594421387,-1.0274686813354492,False,True
3013,humaneval_HumanEval/81:0:8:2,real,humaneval,8900ebef85192be8a1fb4f631fb051b9c2c14585f0c037133eeda5770cc17d36,False,False,reverse,0.1,-5.628500938415527,-1.0222406387329102,False,True
3013,humaneval_HumanEval/81:0:8:2,real,humaneval,8900ebef85192be8a1fb4f631fb051b9c2c14585f0c037133eeda5770cc17d36,False,False,reverse,0.2,-5.628946304321289,-1.0252059698104858,False,True
3013,humaneval_HumanEval/81:0:8:2,real,humaneval,8900ebef85192be8a1fb4f631fb051b9c2c14585f0c037133eeda5770cc17d36,False,False,reverse,0.4,-5.598609447479248,-1.02577543258667,False,True
3013,humaneval_HumanEval/81:0:8:2,real,humaneval,8900ebef85192be8a1fb4f631fb051b9c2c14585f0c037133eeda5770cc17d36,False,False,random,0.02,-5.6479172706604,-1.0261218547821045,False,True
3013,humaneval_HumanEval/81:0:8:2,real,humaneval,8900ebef85192be8a1fb4f631fb051b9c2c14585f0c037133eeda5770cc17d36,False,False,random,0.05,-5.643276691436768,-1.0202349424362183,False,True
3013,humaneval_HumanEval/81:0:8:2,real,humaneval,8900ebef85192be8a1fb4f631fb051b9c2c14585f0c037133eeda5770cc17d36,False,False,random,0.1,-5.647665023803711,-1.0272706747055054,False,True
3013,humaneval_HumanEval/81:0:8:2,real,humaneval,8900ebef85192be8a1fb4f631fb051b9c2c14585f0c037133eeda5770cc17d36,False,False,random,0.2,-5.649219036102295,-1.0275017023086548,False,True
3013,humaneval_HumanEval/81:0:8:2,real,humaneval,8900ebef85192be8a1fb4f631fb051b9c2c14585f0c037133eeda5770cc17d36,False,False,random,0.4,-5.649081230163574,-1.0283958911895752,False,True
3013,humaneval_HumanEval/81:0:8:2,real,humaneval,8900ebef85192be8a1fb4f631fb051b9c2c14585f0c037133eeda5770cc17d36,False,False,shuffled,0.02,-5.645162582397461,-1.0227965116500854,False,True
3013,humaneval_HumanEval/81:0:8:2,real,humaneval,8900ebef85192be8a1fb4f631fb051b9c2c14585f0c037133eeda5770cc17d36,False,False,shuffled,0.05,-5.6273956298828125,-1.0233373641967773,False,True
3013,humaneval_HumanEval/81:0:8:2,real,humaneval,8900ebef85192be8a1fb4f631fb051b9c2c14585f0c037133eeda5770cc17d36,False,False,shuffled,0.1,-5.628738880157471,-1.023395299911499,False,True
3013,humaneval_HumanEval/81:0:8:2,real,humaneval,8900ebef85192be8a1fb4f631fb051b9c2c14585f0c037133eeda5770cc17d36,False,False,shuffled,0.2,-5.626622200012207,-1.0229655504226685,False,True
3013,humaneval_HumanEval/81:0:8:2,real,humaneval,8900ebef85192be8a1fb4f631fb051b9c2c14585f0c037133eeda5770cc17d36,False,False,shuffled,0.4,-5.610319137573242,-1.0241857767105103,False,True
3013,humaneval_HumanEval/81:0:8:2,real,humaneval,8900ebef85192be8a1fb4f631fb051b9c2c14585f0c037133eeda5770cc17d36,False,False,wrong_site,0.02,-5.6348557472229,-1.028597354888916,False,True
3013,humaneval_HumanEval/81:0:8:2,real,humaneval,8900ebef85192be8a1fb4f631fb051b9c2c14585f0c037133eeda5770cc17d36,False,False,wrong_site,0.05,-5.645580291748047,-1.0238256454467773,False,True
3013,humaneval_HumanEval/81:0:8:2,real,humaneval,8900ebef85192be8a1fb4f631fb051b9c2c14585f0c037133eeda5770cc17d36,False,False,wrong_site,0.1,-5.643569469451904,-1.0214489698410034,False,True
3013,humaneval_HumanEval/81:0:8:2,real,humaneval,8900ebef85192be8a1fb4f631fb051b9c2c14585f0c037133eeda5770cc17d36,False,False,wrong_site,0.2,-5.6259765625,-1.0189695358276367,False,True
3013,humaneval_HumanEval/81:0:8:2,real,humaneval,8900ebef85192be8a1fb4f631fb051b9c2c14585f0c037133eeda5770cc17d36,False,False,wrong_site,0.4,-5.638648986816406,-1.013757348060608,False,True
3013,humaneval_HumanEval/81:0:8:2,real,humaneval,8900ebef85192be8a1fb4f631fb051b9c2c14585f0c037133eeda5770cc17d36,False,False,answer_site,0.02,-5.6479926109313965,-1.0103322267532349,False,True
3013,humaneval_HumanEval/81:0:8:2,real,humaneval,8900ebef85192be8a1fb4f631fb051b9c2c14585f0c037133eeda5770cc17d36,False,False,answer_site,0.05,-5.624312400817871,-0.98868727684021,False,True
3013,humaneval_HumanEval/81:0:8:2,real,humaneval,8900ebef85192be8a1fb4f631fb051b9c2c14585f0c037133eeda5770cc17d36,False,False,answer_site,0.1,-5.615712642669678,-0.9693962335586548,False,True
3013,humaneval_HumanEval/81:0:8:2,real,humaneval,8900ebef85192be8a1fb4f631fb051b9c2c14585f0c037133eeda5770cc17d36,False,False,answer_site,0.2,-5.620399475097656,-0.9625707864761353,False,True
3013,humaneval_HumanEval/81:0:8:2,real,humaneval,8900ebef85192be8a1fb4f631fb051b9c2c14585f0c037133eeda5770cc17d36,False,False,answer_site,0.4,-8.605642318725586,-4.011527061462402,False,False
3013,humaneval_HumanEval/81:0:8:2,real,humaneval,8900ebef85192be8a1fb4f631fb051b9c2c14585f0c037133eeda5770cc17d36,False,False,actuator_cond,0.02,-5.647773265838623,-1.0275375843048096,False,True
3013,humaneval_HumanEval/81:0:8:2,real,humaneval,8900ebef85192be8a1fb4f631fb051b9c2c14585f0c037133eeda5770cc17d36,False,False,actuator_cond,0.05,-5.647884368896484,-1.0252692699432373,False,True
3013,humaneval_HumanEval/81:0:8:2,real,humaneval,8900ebef85192be8a1fb4f631fb051b9c2c14585f0c037133eeda5770cc17d36,False,False,actuator_cond,0.1,-5.6421332359313965,-1.0193896293640137,False,True
3013,humaneval_HumanEval/81:0:8:2,real,humaneval,8900ebef85192be8a1fb4f631fb051b9c2c14585f0c037133eeda5770cc17d36,False,False,actuator_cond,0.2,-5.631897926330566,-1.0253849029541016,False,True
3013,humaneval_HumanEval/81:0:8:2,real,humaneval,8900ebef85192be8a1fb4f631fb051b9c2c14585f0c037133eeda5770cc17d36,False,False,actuator_cond,0.4,-5.528820037841797,-1.0299403667449951,False,True
3013,humaneval_HumanEval/81:0:8:2,real,humaneval,8900ebef85192be8a1fb4f631fb051b9c2c14585f0c037133eeda5770cc17d36,False,False,actuator_answer,0.02,-5.607954502105713,-1.0034959316253662,False,True
3013,humaneval_HumanEval/81:0:8:2,real,humaneval,8900ebef85192be8a1fb4f631fb051b9c2c14585f0c037133eeda5770cc17d36,False,False,actuator_answer,0.05,-5.616646766662598,-0.9816795587539673,False,True
3013,humaneval_HumanEval/81:0:8:2,real,humaneval,8900ebef85192be8a1fb4f631fb051b9c2c14585f0c037133eeda5770cc17d36,False,False,actuator_answer,0.1,-5.576030731201172,-0.9426028728485107,False,True
3013,humaneval_HumanEval/81:0:8:2,real,humaneval,8900ebef85192be8a1fb4f631fb051b9c2c14585f0c037133eeda5770cc17d36,False,False,actuator_answer,0.2,-5.561211109161377,-0.9470845460891724,False,True
3013,humaneval_HumanEval/81:0:8:2,real,humaneval,8900ebef85192be8a1fb4f631fb051b9c2c14585f0c037133eeda5770cc17d36,False,False,actuator_answer,0.4,-6.974684715270996,-2.46646785736084,False,False
3014,humaneval_HumanEval/81:1:5:0,real,humaneval,8900ebef85192be8a1fb4f631fb051b9c2c14585f0c037133eeda5770cc17d36,False,False,baseline,0.0,-6.980003356933594,-5.4822187423706055,False,False
3014,humaneval_HumanEval/81:1:5:0,real,humaneval,8900ebef85192be8a1fb4f631fb051b9c2c14585f0c037133eeda5770cc17d36,False,False,semantic,0.02,-6.973815441131592,-5.47580623626709,False,False
3014,humaneval_HumanEval/81:1:5:0,real,humaneval,8900ebef85192be8a1fb4f631fb051b9c2c14585f0c037133eeda5770cc17d36,False,False,semantic,0.05,-6.970904350280762,-5.476710319519043,False,False
3014,humaneval_HumanEval/81:1:5:0,real,humaneval,8900ebef85192be8a1fb4f631fb051b9c2c14585f0c037133eeda5770cc17d36,False,False,semantic,0.1,-6.989288806915283,-5.47786808013916,False,False
3014,humaneval_HumanEval/81:1:5:0,real,humaneval,8900ebef85192be8a1fb4f631fb051b9c2c14585f0c037133eeda5770cc17d36,False,False,semantic,0.2,-6.976935386657715,-5.480978012084961,False,False
3014,humaneval_HumanEval/81:1:5:0,real,humaneval,8900ebef85192be8a1fb4f631fb051b9c2c14585f0c037133eeda5770cc17d36,False,False,semantic,0.4,-6.976045608520508,-5.488324165344238,False,False
3014,humaneval_HumanEval/81:1:5:0,real,humaneval,8900ebef85192be8a1fb4f631fb051b9c2c14585f0c037133eeda5770cc17d36,False,False,reverse,0.02,-6.991041660308838,-5.479547500610352,False,False
3014,humaneval_HumanEval/81:1:5:0,real,humaneval,8900ebef85192be8a1fb4f631fb051b9c2c14585f0c037133eeda5770cc17d36,False,False,reverse,0.05,-6.985763072967529,-5.475879669189453,False,False
3014,humaneval_HumanEval/81:1:5:0,real,humaneval,8900ebef85192be8a1fb4f631fb051b9c2c14585f0c037133eeda5770cc17d36,False,False,reverse,0.1,-6.97601318359375,-5.472532749176025,False,False
3014,humaneval_HumanEval/81:1:5:0,real,humaneval,8900ebef85192be8a1fb4f631fb051b9c2c14585f0c037133eeda5770cc17d36,False,False,reverse,0.2,-6.970887184143066,-5.486259460449219,False,False
3014,humaneval_HumanEval/81:1:5:0,real,humaneval,8900ebef85192be8a1fb4f631fb051b9c2c14585f0c037133eeda5770cc17d36,False,False,reverse,0.4,-6.90464973449707,-5.501813888549805,False,False
3014,humaneval_HumanEval/81:1:5:0,real,humaneval,8900ebef85192be8a1fb4f631fb051b9c2c14585f0c037133eeda5770cc17d36,False,False,random,0.02,-6.995689868927002,-5.494800567626953,False,False
3014,humaneval_HumanEval/81:1:5:0,real,humaneval,8900ebef85192be8a1fb4f631fb051b9c2c14585f0c037133eeda5770cc17d36,False,False,random,0.05,-6.985946178436279,-5.477687358856201,False,False
3014,humaneval_HumanEval/81:1:5:0,real,humaneval,8900ebef85192be8a1fb4f631fb051b9c2c14585f0c037133eeda5770cc17d36,False,False,random,0.1,-6.96640682220459,-5.482576847076416,False,False
3014,humaneval_HumanEval/81:1:5:0,real,humaneval,8900ebef85192be8a1fb4f631fb051b9c2c14585f0c037133eeda5770cc17d36,False,False,random,0.2,-6.980576515197754,-5.479192733764648,False,False
3014,humaneval_HumanEval/81:1:5:0,real,humaneval,8900ebef85192be8a1fb4f631fb051b9c2c14585f0c037133eeda5770cc17d36,False,False,random,0.4,-6.959668159484863,-5.477972984313965,False,False
3014,humaneval_HumanEval/81:1:5:0,real,humaneval,8900ebef85192be8a1fb4f631fb051b9c2c14585f0c037133eeda5770cc17d36,False,False,shuffled,0.02,-6.97646951675415,-5.485949993133545,False,False
3014,humaneval_HumanEval/81:1:5:0,real,humaneval,8900ebef85192be8a1fb4f631fb051b9c2c14585f0c037133eeda5770cc17d36,False,False,shuffled,0.05,-6.986032009124756,-5.479780197143555,False,False
3014,humaneval_HumanEval/81:1:5:0,real,humaneval,8900ebef85192be8a1fb4f631fb051b9c2c14585f0c037133eeda5770cc17d36,False,False,shuffled,0.1,-6.975817680358887,-5.4721527099609375,False,False
3014,humaneval_HumanEval/81:1:5:0,real,humaneval,8900ebef85192be8a1fb4f631fb051b9c2c14585f0c037133eeda5770cc17d36,False,False,shuffled,0.2,-6.984951972961426,-5.492318153381348,False,False
3014,humaneval_HumanEval/81:1:5:0,real,humaneval,8900ebef85192be8a1fb4f631fb051b9c2c14585f0c037133eeda5770cc17d36,False,False,shuffled,0.4,-6.983994960784912,-5.497219085693359,False,False
3014,humaneval_HumanEval/81:1:5:0,real,humaneval,8900ebef85192be8a1fb4f631fb051b9c2c14585f0c037133eeda5770cc17d36,False,False,wrong_site,0.02,-6.981545448303223,-5.475301742553711,False,False
3014,humaneval_HumanEval/81:1:5:0,real,humaneval,8900ebef85192be8a1fb4f631fb051b9c2c14585f0c037133eeda5770cc17d36,False,False,wrong_site,0.05,-6.9766130447387695,-5.472912788391113,False,False
3014,humaneval_HumanEval/81:1:5:0,real,humaneval,8900ebef85192be8a1fb4f631fb051b9c2c14585f0c037133eeda5770cc17d36,False,False,wrong_site,0.1,-6.979635238647461,-5.469480991363525,False,False
3014,humaneval_HumanEval/81:1:5:0,real,humaneval,8900ebef85192be8a1fb4f631fb051b9c2c14585f0c037133eeda5770cc17d36,False,False,wrong_site,0.2,-6.964264869689941,-5.472295761108398,False,False
3014,humaneval_HumanEval/81:1:5:0,real,humaneval,8900ebef85192be8a1fb4f631fb051b9c2c14585f0c037133eeda5770cc17d36,False,False,wrong_site,0.4,-6.962342262268066,-5.468463897705078,False,False
3014,humaneval_HumanEval/81:1:5:0,real,humaneval,8900ebef85192be8a1fb4f631fb051b9c2c14585f0c037133eeda5770cc17d36,False,False,answer_site,0.02,-6.974140644073486,-5.4691057205200195,False,False
3014,humaneval_HumanEval/81:1:5:0,real,humaneval,8900ebef85192be8a1fb4f631fb051b9c2c14585f0c037133eeda5770cc17d36,False,False,answer_site,0.05,-6.971370697021484,-5.454104423522949,False,False
3014,humaneval_HumanEval/81:1:5:0,real,humaneval,8900ebef85192be8a1fb4f631fb051b9c2c14585f0c037133eeda5770cc17d36,False,False,answer_site,0.1,-6.977911949157715,-5.429697513580322,False,False
3014,humaneval_HumanEval/81:1:5:0,real,humaneval,8900ebef85192be8a1fb4f631fb051b9c2c14585f0c037133eeda5770cc17d36,False,False,answer_site,0.2,-6.944612979888916,-5.401638984680176,False,False
3014,humaneval_HumanEval/81:1:5:0,real,humaneval,8900ebef85192be8a1fb4f631fb051b9c2c14585f0c037133eeda5770cc17d36,False,False,answer_site,0.4,-9.632458686828613,-8.162740707397461,False,False
3014,humaneval_HumanEval/81:1:5:0,real,humaneval,8900ebef85192be8a1fb4f631fb051b9c2c14585f0c037133eeda5770cc17d36,False,False,actuator_cond,0.02,-6.985532760620117,-5.480306625366211,False,False
3014,humaneval_HumanEval/81:1:5:0,real,humaneval,8900ebef85192be8a1fb4f631fb051b9c2c14585f0c037133eeda5770cc17d36,False,False,actuator_cond,0.05,-6.9735822677612305,-5.472921848297119,False,False
3014,humaneval_HumanEval/81:1:5:0,real,humaneval,8900ebef85192be8a1fb4f631fb051b9c2c14585f0c037133eeda5770cc17d36,False,False,actuator_cond,0.1,-6.990196228027344,-5.497351169586182,False,False
3014,humaneval_HumanEval/81:1:5:0,real,humaneval,8900ebef85192be8a1fb4f631fb051b9c2c14585f0c037133eeda5770cc17d36,False,False,actuator_cond,0.2,-6.967894077301025,-5.493925094604492,False,False
3014,humaneval_HumanEval/81:1:5:0,real,humaneval,8900ebef85192be8a1fb4f631fb051b9c2c14585f0c037133eeda5770cc17d36,False,False,actuator_cond,0.4,-6.91806173324585,-5.527640342712402,False,False
3014,humaneval_HumanEval/81:1:5:0,real,humaneval,8900ebef85192be8a1fb4f631fb051b9c2c14585f0c037133eeda5770cc17d36,False,False,actuator_answer,0.02,-6.969087600708008,-5.488059997558594,False,False
3014,humaneval_HumanEval/81:1:5:0,real,humaneval,8900ebef85192be8a1fb4f631fb051b9c2c14585f0c037133eeda5770cc17d36,False,False,actuator_answer,0.05,-6.95818567276001,-5.486547946929932,False,False
3014,humaneval_HumanEval/81:1:5:0,real,humaneval,8900ebef85192be8a1fb4f631fb051b9c2c14585f0c037133eeda5770cc17d36,False,False,actuator_answer,0.1,-6.931756019592285,-5.503653526306152,False,False
3014,humaneval_HumanEval/81:1:5:0,real,humaneval,8900ebef85192be8a1fb4f631fb051b9c2c14585f0c037133eeda5770cc17d36,False,False,actuator_answer,0.2,-6.90958309173584,-5.593173027038574,False,False
3014,humaneval_HumanEval/81:1:5:0,real,humaneval,8900ebef85192be8a1fb4f631fb051b9c2c14585f0c037133eeda5770cc17d36,False,False,actuator_answer,0.4,-7.582716941833496,-6.508767127990723,False,False
3015,humaneval_HumanEval/81:1:5:1,real,humaneval,8900ebef85192be8a1fb4f631fb051b9c2c14585f0c037133eeda5770cc17d36,True,False,baseline,0.0,-3.9191670417785645,-5.336015701293945,False,False
3015,humaneval_HumanEval/81:1:5:1,real,humaneval,8900ebef85192be8a1fb4f631fb051b9c2c14585f0c037133eeda5770cc17d36,True,False,semantic,0.02,-3.9185547828674316,-5.33540153503418,False,False
3015,humaneval_HumanEval/81:1:5:1,real,humaneval,8900ebef85192be8a1fb4f631fb051b9c2c14585f0c037133eeda5770cc17d36,True,False,semantic,0.05,-3.9209206104278564,-5.322277069091797,False,False
3015,humaneval_HumanEval/81:1:5:1,real,humaneval,8900ebef85192be8a1fb4f631fb051b9c2c14585f0c037133eeda5770cc17d36,True,False,semantic,0.1,-3.921046257019043,-5.321842193603516,False,False
3015,humaneval_HumanEval/81:1:5:1,real,humaneval,8900ebef85192be8a1fb4f631fb051b9c2c14585f0c037133eeda5770cc17d36,True,False,semantic,0.2,-3.9159460067749023,-5.332588195800781,False,False
3015,humaneval_HumanEval/81:1:5:1,real,humaneval,8900ebef85192be8a1fb4f631fb051b9c2c14585f0c037133eeda5770cc17d36,True,False,semantic,0.4,-3.9268689155578613,-5.30576229095459,False,False
3015,humaneval_HumanEval/81:1:5:1,real,humaneval,8900ebef85192be8a1fb4f631fb051b9c2c14585f0c037133eeda5770cc17d36,True,False,reverse,0.02,-3.9180006980895996,-5.334787845611572,False,False
3015,humaneval_HumanEval/81:1:5:1,real,humaneval,8900ebef85192be8a1fb4f631fb051b9c2c14585f0c037133eeda5770cc17d36,True,False,reverse,0.05,-3.91585373878479,-5.3327460289001465,False,False
3015,humaneval_HumanEval/81:1:5:1,real,humaneval,8900ebef85192be8a1fb4f631fb051b9c2c14585f0c037133eeda5770cc17d36,True,False,reverse,0.1,-3.9185664653778076,-5.334785461425781,False,False
3015,humaneval_HumanEval/81:1:5:1,real,humaneval,8900ebef85192be8a1fb4f631fb051b9c2c14585f0c037133eeda5770cc17d36,True,False,reverse,0.2,-3.905372142791748,-5.33427095413208,False,False
3015,humaneval_HumanEval/81:1:5:1,real,humaneval,8900ebef85192be8a1fb4f631fb051b9c2c14585f0c037133eeda5770cc17d36,True,False,reverse,0.4,-3.9081263542175293,-5.321524620056152,False,False
3015,humaneval_HumanEval/81:1:5:1,real,humaneval,8900ebef85192be8a1fb4f631fb051b9c2c14585f0c037133eeda5770cc17d36,True,False,random,0.02,-3.909888744354248,-5.326735019683838,False,False
3015,humaneval_HumanEval/81:1:5:1,real,humaneval,8900ebef85192be8a1fb4f631fb051b9c2c14585f0c037133eeda5770cc17d36,True,False,random,0.05,-3.910111427307129,-5.334765911102295,False,False
3015,humaneval_HumanEval/81:1:5:1,real,humaneval,8900ebef85192be8a1fb4f631fb051b9c2c14585f0c037133eeda5770cc17d36,True,False,random,0.1,-3.917886734008789,-5.327005386352539,False,False
3015,humaneval_HumanEval/81:1:5:1,real,humaneval,8900ebef85192be8a1fb4f631fb051b9c2c14585f0c037133eeda5770cc17d36,True,False,random,0.2,-3.914844036102295,-5.316330909729004,False,False
3015,humaneval_HumanEval/81:1:5:1,real,humaneval,8900ebef85192be8a1fb4f631fb051b9c2c14585f0c037133eeda5770cc17d36,True,False,random,0.4,-3.901587963104248,-5.3286848068237305,False,False
3015,humaneval_HumanEval/81:1:5:1,real,humaneval,8900ebef85192be8a1fb4f631fb051b9c2c14585f0c037133eeda5770cc17d36,True,False,shuffled,0.02,-3.910459041595459,-5.327348232269287,False,False
3015,humaneval_HumanEval/81:1:5:1,real,humaneval,8900ebef85192be8a1fb4f631fb051b9c2c14585f0c037133eeda5770cc17d36,True,False,shuffled,0.05,-3.917417526245117,-5.327302932739258,False,False
3015,humaneval_HumanEval/81:1:5:1,real,humaneval,8900ebef85192be8a1fb4f631fb051b9c2c14585f0c037133eeda5770cc17d36,True,False,shuffled,0.1,-3.9158935546875,-5.325788497924805,False,False
3015,humaneval_HumanEval/81:1:5:1,real,humaneval,8900ebef85192be8a1fb4f631fb051b9c2c14585f0c037133eeda5770cc17d36,True,False,shuffled,0.2,-3.9169769287109375,-5.33500862121582,False,False
3015,humaneval_HumanEval/81:1:5:1,real,humaneval,8900ebef85192be8a1fb4f631fb051b9c2c14585f0c037133eeda5770cc17d36,True,False,shuffled,0.4,-3.9095404148101807,-5.312108039855957,False,False
3015,humaneval_HumanEval/81:1:5:1,real,humaneval,8900ebef85192be8a1fb4f631fb051b9c2c14585f0c037133eeda5770cc17d36,True,False,wrong_site,0.02,-3.9179348945617676,-5.334647178649902,False,False
3015,humaneval_HumanEval/81:1:5:1,real,humaneval,8900ebef85192be8a1fb4f631fb051b9c2c14585f0c037133eeda5770cc17d36,True,False,wrong_site,0.05,-3.917508125305176,-5.3274641036987305,False,False
3015,humaneval_HumanEval/81:1:5:1,real,humaneval,8900ebef85192be8a1fb4f631fb051b9c2c14585f0c037133eeda5770cc17d36,True,False,wrong_site,0.1,-3.9174141883850098,-5.3265252113342285,False,False
3015,humaneval_HumanEval/81:1:5:1,real,humaneval,8900ebef85192be8a1fb4f631fb051b9c2c14585f0c037133eeda5770cc17d36,True,False,wrong_site,0.2,-3.924121379852295,-5.334095001220703,False,False
3015,humaneval_HumanEval/81:1:5:1,real,humaneval,8900ebef85192be8a1fb4f631fb051b9c2c14585f0c037133eeda5770cc17d36,True,False,wrong_site,0.4,-3.9234166145324707,-5.343639373779297,False,False
3015,humaneval_HumanEval/81:1:5:1,real,humaneval,8900ebef85192be8a1fb4f631fb051b9c2c14585f0c037133eeda5770cc17d36,True,False,answer_site,0.02,-3.9253435134887695,-5.349156379699707,False,False
3015,humaneval_HumanEval/81:1:5:1,real,humaneval,8900ebef85192be8a1fb4f631fb051b9c2c14585f0c037133eeda5770cc17d36,True,False,answer_site,0.05,-3.9752089977264404,-5.393833637237549,False,False
3015,humaneval_HumanEval/81:1:5:1,real,humaneval,8900ebef85192be8a1fb4f631fb051b9c2c14585f0c037133eeda5770cc17d36,True,False,answer_site,0.1,-4.053431034088135,-5.476955890655518,False,False
3015,humaneval_HumanEval/81:1:5:1,real,humaneval,8900ebef85192be8a1fb4f631fb051b9c2c14585f0c037133eeda5770cc17d36,True,False,answer_site,0.2,-4.421186923980713,-5.815792083740234,False,False
3015,humaneval_HumanEval/81:1:5:1,real,humaneval,8900ebef85192be8a1fb4f631fb051b9c2c14585f0c037133eeda5770cc17d36,True,False,answer_site,0.4,-5.769941329956055,-7.083955764770508,False,False
3015,humaneval_HumanEval/81:1:5:1,real,humaneval,8900ebef85192be8a1fb4f631fb051b9c2c14585f0c037133eeda5770cc17d36,True,False,actuator_cond,0.02,-3.9175004959106445,-5.334347724914551,False,False
3015,humaneval_HumanEval/81:1:5:1,real,humaneval,8900ebef85192be8a1fb4f631fb051b9c2c14585f0c037133eeda5770cc17d36,True,False,actuator_cond,0.05,-3.913823127746582,-5.330708980560303,False,False
3015,humaneval_HumanEval/81:1:5:1,real,humaneval,8900ebef85192be8a1fb4f631fb051b9c2c14585f0c037133eeda5770cc17d36,True,False,actuator_cond,0.1,-3.9154720306396484,-5.336094856262207,False,False
3015,humaneval_HumanEval/81:1:5:1,real,humaneval,8900ebef85192be8a1fb4f631fb051b9c2c14585f0c037133eeda5770cc17d36,True,False,actuator_cond,0.2,-3.906795024871826,-5.334344387054443,False,False
3015,humaneval_HumanEval/81:1:5:1,real,humaneval,8900ebef85192be8a1fb4f631fb051b9c2c14585f0c037133eeda5770cc17d36,True,False,actuator_cond,0.4,-3.874807119369507,-5.380393981933594,False,False
3015,humaneval_HumanEval/81:1:5:1,real,humaneval,8900ebef85192be8a1fb4f631fb051b9c2c14585f0c037133eeda5770cc17d36,True,False,actuator_answer,0.02,-3.872162103652954,-5.314696311950684,False,False
3015,humaneval_HumanEval/81:1:5:1,real,humaneval,8900ebef85192be8a1fb4f631fb051b9c2c14585f0c037133eeda5770cc17d36,True,False,actuator_answer,0.05,-3.841158628463745,-5.287199974060059,False,False
3015,humaneval_HumanEval/81:1:5:1,real,humaneval,8900ebef85192be8a1fb4f631fb051b9c2c14585f0c037133eeda5770cc17d36,True,False,actuator_answer,0.1,-3.758666515350342,-5.229944229125977,False,False
3015,humaneval_HumanEval/81:1:5:1,real,humaneval,8900ebef85192be8a1fb4f631fb051b9c2c14585f0c037133eeda5770cc17d36,True,False,actuator_answer,0.2,-3.645806312561035,-5.210589408874512,False,False
3015,humaneval_HumanEval/81:1:5:1,real,humaneval,8900ebef85192be8a1fb4f631fb051b9c2c14585f0c037133eeda5770cc17d36,True,False,actuator_answer,0.4,-5.981338977813721,-7.858607292175293,False,False
3016,humaneval_HumanEval/81:1:6:0,real,humaneval,8900ebef85192be8a1fb4f631fb051b9c2c14585f0c037133eeda5770cc17d36,False,False,baseline,0.0,-6.975974082946777,-6.152862548828125,False,False
3016,humaneval_HumanEval/81:1:6:0,real,humaneval,8900ebef85192be8a1fb4f631fb051b9c2c14585f0c037133eeda5770cc17d36,False,False,semantic,0.02,-6.982114791870117,-6.146677017211914,False,False
3016,humaneval_HumanEval/81:1:6:0,real,humaneval,8900ebef85192be8a1fb4f631fb051b9c2c14585f0c037133eeda5770cc17d36,False,False,semantic,0.05,-6.972208023071289,-6.1493120193481445,False,False
3016,humaneval_HumanEval/81:1:6:0,real,humaneval,8900ebef85192be8a1fb4f631fb051b9c2c14585f0c037133eeda5770cc17d36,False,False,semantic,0.1,-6.98599100112915,-6.14678955078125,False,False
3016,humaneval_HumanEval/81:1:6:0,real,humaneval,8900ebef85192be8a1fb4f631fb051b9c2c14585f0c037133eeda5770cc17d36,False,False,semantic,0.2,-6.971639156341553,-6.1461615562438965,False,False
3016,humaneval_HumanEval/81:1:6:0,real,humaneval,8900ebef85192be8a1fb4f631fb051b9c2c14585f0c037133eeda5770cc17d36,False,False,semantic,0.4,-6.9618330001831055,-6.139185428619385,False,False
3016,humaneval_HumanEval/81:1:6:0,real,humaneval,8900ebef85192be8a1fb4f631fb051b9c2c14585f0c037133eeda5770cc17d36,False,False,reverse,0.02,-6.980546951293945,-6.157654762268066,False,False
3016,humaneval_HumanEval/81:1:6:0,real,humaneval,8900ebef85192be8a1fb4f631fb051b9c2c14585f0c037133eeda5770cc17d36,False,False,reverse,0.05,-6.9731340408325195,-6.14541482925415,False,False
3016,humaneval_HumanEval/81:1:6:0,real,humaneval,8900ebef85192be8a1fb4f631fb051b9c2c14585f0c037133eeda5770cc17d36,False,False,reverse,0.1,-6.978501319885254,-6.159477233886719,False,False
3016,humaneval_HumanEval/81:1:6:0,real,humaneval,8900ebef85192be8a1fb4f631fb051b9c2c14585f0c037133eeda5770cc17d36,False,False,reverse,0.2,-6.971108436584473,-6.159213066101074,False,False
3016,humaneval_HumanEval/81:1:6:0,real,humaneval,8900ebef85192be8a1fb4f631fb051b9c2c14585f0c037133eeda5770cc17d36,False,False,reverse,0.4,-6.8868560791015625,-6.122515678405762,False,False
3016,humaneval_HumanEval/81:1:6:0,real,humaneval,8900ebef85192be8a1fb4f631fb051b9c2c14585f0c037133eeda5770cc17d36,False,False,random,0.02,-6.979800224304199,-6.151909828186035,False,False
3016,humaneval_HumanEval/81:1:6:0,real,humaneval,8900ebef85192be8a1fb4f631fb051b9c2c14585f0c037133eeda5770cc17d36,False,False,random,0.05,-6.982170104980469,-6.163029670715332,False,False
3016,humaneval_HumanEval/81:1:6:0,real,humaneval,8900ebef85192be8a1fb4f631fb051b9c2c14585f0c037133eeda5770cc17d36,False,False,random,0.1,-6.966683387756348,-6.146860122680664,False,False
3016,humaneval_HumanEval/81:1:6:0,real,humaneval,8900ebef85192be8a1fb4f631fb051b9c2c14585f0c037133eeda5770cc17d36,False,False,random,0.2,-6.980673313140869,-6.151278495788574,False,False
3016,humaneval_HumanEval/81:1:6:0,real,humaneval,8900ebef85192be8a1fb4f631fb051b9c2c14585f0c037133eeda5770cc17d36,False,False,random,0.4,-6.960659980773926,-6.150411128997803,False,False
3016,humaneval_HumanEval/81:1:6:0,real,humaneval,8900ebef85192be8a1fb4f631fb051b9c2c14585f0c037133eeda5770cc17d36,False,False,shuffled,0.02,-6.992774486541748,-6.156723976135254,False,False
3016,humaneval_HumanEval/81:1:6:0,real,humaneval,8900ebef85192be8a1fb4f631fb051b9c2c14585f0c037133eeda5770cc17d36,False,False,shuffled,0.05,-6.9831647872924805,-6.155094146728516,False,False
3016,humaneval_HumanEval/81:1:6:0,real,humaneval,8900ebef85192be8a1fb4f631fb051b9c2c14585f0c037133eeda5770cc17d36,False,False,shuffled,0.1,-6.981501579284668,-6.146236896514893,False,False
3016,humaneval_HumanEval/81:1:6:0,real,humaneval,8900ebef85192be8a1fb4f631fb051b9c2c14585f0c037133eeda5770cc17d36,False,False,shuffled,0.2,-6.965399742126465,-6.153384208679199,False,False
3016,humaneval_HumanEval/81:1:6:0,real,humaneval,8900ebef85192be8a1fb4f631fb051b9c2c14585f0c037133eeda5770cc17d36,False,False,shuffled,0.4,-6.991053581237793,-6.164805889129639,False,False
3016,humaneval_HumanEval/81:1:6:0,real,humaneval,8900ebef85192be8a1fb4f631fb051b9c2c14585f0c037133eeda5770cc17d36,False,False,wrong_site,0.02,-6.981545448303223,-6.1535964012146,False,False
3016,humaneval_HumanEval/81:1:6:0,real,humaneval,8900ebef85192be8a1fb4f631fb051b9c2c14585f0c037133eeda5770cc17d36,False,False,wrong_site,0.05,-6.9766130447387695,-6.161375999450684,False,False
3016,humaneval_HumanEval/81:1:6:0,real,humaneval,8900ebef85192be8a1fb4f631fb051b9c2c14585f0c037133eeda5770cc17d36,False,False,wrong_site,0.1,-6.979635238647461,-6.1387529373168945,False,False
3016,humaneval_HumanEval/81:1:6:0,real,humaneval,8900ebef85192be8a1fb4f631fb051b9c2c14585f0c037133eeda5770cc17d36,False,False,wrong_site,0.2,-6.964264869689941,-6.150617599487305,False,False
3016,humaneval_HumanEval/81:1:6:0,real,humaneval,8900ebef85192be8a1fb4f631fb051b9c2c14585f0c037133eeda5770cc17d36,False,False,wrong_site,0.4,-6.962342262268066,-6.148318290710449,False,False
3016,humaneval_HumanEval/81:1:6:0,real,humaneval,8900ebef85192be8a1fb4f631fb051b9c2c14585f0c037133eeda5770cc17d36,False,False,answer_site,0.02,-6.974140644073486,-6.137077331542969,False,False
3016,humaneval_HumanEval/81:1:6:0,real,humaneval,8900ebef85192be8a1fb4f631fb051b9c2c14585f0c037133eeda5770cc17d36,False,False,answer_site,0.05,-6.971370697021484,-6.119883060455322,False,False
3016,humaneval_HumanEval/81:1:6:0,real,humaneval,8900ebef85192be8a1fb4f631fb051b9c2c14585f0c037133eeda5770cc17d36,False,False,answer_site,0.1,-6.977911949157715,-6.089911460876465,False,False
3016,humaneval_HumanEval/81:1:6:0,real,humaneval,8900ebef85192be8a1fb4f631fb051b9c2c14585f0c037133eeda5770cc17d36,False,False,answer_site,0.2,-6.944612979888916,-6.058886528015137,False,False
3016,humaneval_HumanEval/81:1:6:0,real,humaneval,8900ebef85192be8a1fb4f631fb051b9c2c14585f0c037133eeda5770cc17d36,False,False,answer_site,0.4,-9.632458686828613,-8.781587600708008,False,False
3016,humaneval_HumanEval/81:1:6:0,real,humaneval,8900ebef85192be8a1fb4f631fb051b9c2c14585f0c037133eeda5770cc17d36,False,False,actuator_cond,0.02,-6.977190017700195,-6.138575077056885,False,False
3016,humaneval_HumanEval/81:1:6:0,real,humaneval,8900ebef85192be8a1fb4f631fb051b9c2c14585f0c037133eeda5770cc17d36,False,False,actuator_cond,0.05,-6.9680705070495605,-6.14469051361084,False,False
3016,humaneval_HumanEval/81:1:6:0,real,humaneval,8900ebef85192be8a1fb4f631fb051b9c2c14585f0c037133eeda5770cc17d36,False,False,actuator_cond,0.1,-6.980681419372559,-6.157070159912109,False,False
3016,humaneval_HumanEval/81:1:6:0,real,humaneval,8900ebef85192be8a1fb4f631fb051b9c2c14585f0c037133eeda5770cc17d36,False,False,actuator_cond,0.2,-6.9678568840026855,-6.156152725219727,False,False
3016,humaneval_HumanEval/81:1:6:0,real,humaneval,8900ebef85192be8a1fb4f631fb051b9c2c14585f0c037133eeda5770cc17d36,False,False,actuator_cond,0.4,-6.892569541931152,-6.226775646209717,False,False
3016,humaneval_HumanEval/81:1:6:0,real,humaneval,8900ebef85192be8a1fb4f631fb051b9c2c14585f0c037133eeda5770cc17d36,False,False,actuator_answer,0.02,-6.955677032470703,-6.119803428649902,False,False
3016,humaneval_HumanEval/81:1:6:0,real,humaneval,8900ebef85192be8a1fb4f631fb051b9c2c14585f0c037133eeda5770cc17d36,False,False,actuator_answer,0.05,-6.91478967666626,-6.096189022064209,False,False
3016,humaneval_HumanEval/81:1:6:0,real,humaneval,8900ebef85192be8a1fb4f631fb051b9c2c14585f0c037133eeda5770cc17d36,False,False,actuator_answer,0.1,-6.8324689865112305,-6.05886697769165,False,False
3016,humaneval_HumanEval/81:1:6:0,real,humaneval,8900ebef85192be8a1fb4f631fb051b9c2c14585f0c037133eeda5770cc17d36,False,False,actuator_answer,0.2,-6.75008487701416,-6.090447425842285,False,False
3016,humaneval_HumanEval/81:1:6:0,real,humaneval,8900ebef85192be8a1fb4f631fb051b9c2c14585f0c037133eeda5770cc17d36,False,False,actuator_answer,0.4,-7.655516624450684,-7.4367570877075195,False,False
3017,humaneval_HumanEval/81:1:6:1,real,humaneval,8900ebef85192be8a1fb4f631fb051b9c2c14585f0c037133eeda5770cc17d36,True,False,baseline,0.0,-5.379815101623535,-4.7530317306518555,False,False
3017,humaneval_HumanEval/81:1:6:1,real,humaneval,8900ebef85192be8a1fb4f631fb051b9c2c14585f0c037133eeda5770cc17d36,True,False,semantic,0.02,-5.374327182769775,-4.738579750061035,False,False
3017,humaneval_HumanEval/81:1:6:1,real,humaneval,8900ebef85192be8a1fb4f631fb051b9c2c14585f0c037133eeda5770cc17d36,True,False,semantic,0.05,-5.37984561920166,-4.752641677856445,False,False
3017,humaneval_HumanEval/81:1:6:1,real,humaneval,8900ebef85192be8a1fb4f631fb051b9c2c14585f0c037133eeda5770cc17d36,True,False,semantic,0.1,-5.375033378601074,-4.749256134033203,False,False
3017,humaneval_HumanEval/81:1:6:1,real,humaneval,8900ebef85192be8a1fb4f631fb051b9c2c14585f0c037133eeda5770cc17d36,True,False,semantic,0.2,-5.38279914855957,-4.762375831604004,False,False
3017,humaneval_HumanEval/81:1:6:1,real,humaneval,8900ebef85192be8a1fb4f631fb051b9c2c14585f0c037133eeda5770cc17d36,True,False,semantic,0.4,-5.364448547363281,-4.7788166999816895,False,False
3017,humaneval_HumanEval/81:1:6:1,real,humaneval,8900ebef85192be8a1fb4f631fb051b9c2c14585f0c037133eeda5770cc17d36,True,False,reverse,0.02,-5.3829803466796875,-4.754556179046631,False,False
3017,humaneval_HumanEval/81:1:6:1,real,humaneval,8900ebef85192be8a1fb4f631fb051b9c2c14585f0c037133eeda5770cc17d36,True,False,reverse,0.05,-5.380112648010254,-4.757969856262207,False,False
3017,humaneval_HumanEval/81:1:6:1,real,humaneval,8900ebef85192be8a1fb4f631fb051b9c2c14585f0c037133eeda5770cc17d36,True,False,reverse,0.1,-5.369341850280762,-4.743744373321533,False,False
3017,humaneval_HumanEval/81:1:6:1,real,humaneval,8900ebef85192be8a1fb4f631fb051b9c2c14585f0c037133eeda5770cc17d36,True,False,reverse,0.2,-5.389127731323242,-4.738947868347168,False,False
3017,humaneval_HumanEval/81:1:6:1,real,humaneval,8900ebef85192be8a1fb4f631fb051b9c2c14585f0c037133eeda5770cc17d36,True,False,reverse,0.4,-5.3887104988098145,-4.750255584716797,False,False
3017,humaneval_HumanEval/81:1:6:1,real,humaneval,8900ebef85192be8a1fb4f631fb051b9c2c14585f0c037133eeda5770cc17d36,True,False,random,0.02,-5.374396324157715,-4.757411003112793,False,False
3017,humaneval_HumanEval/81:1:6:1,real,humaneval,8900ebef85192be8a1fb4f631fb051b9c2c14585f0c037133eeda5770cc17d36,True,False,random,0.05,-5.383828163146973,-4.753720283508301,False,False
3017,humaneval_HumanEval/81:1:6:1,real,humaneval,8900ebef85192be8a1fb4f631fb051b9c2c14585f0c037133eeda5770cc17d36,True,False,random,0.1,-5.380829334259033,-4.750721454620361,False,False
3017,humaneval_HumanEval/81:1:6:1,real,humaneval,8900ebef85192be8a1fb4f631fb051b9c2c14585f0c037133eeda5770cc17d36,True,False,random,0.2,-5.387887954711914,-4.757781982421875,False,False
3017,humaneval_HumanEval/81:1:6:1,real,humaneval,8900ebef85192be8a1fb4f631fb051b9c2c14585f0c037133eeda5770cc17d36,True,False,random,0.4,-5.364596843719482,-4.751012802124023,False,False
3017,humaneval_HumanEval/81:1:6:1,real,humaneval,8900ebef85192be8a1fb4f631fb051b9c2c14585f0c037133eeda5770cc17d36,True,False,shuffled,0.02,-5.379824161529541,-4.749716281890869,False,False
3017,humaneval_HumanEval/81:1:6:1,real,humaneval,8900ebef85192be8a1fb4f631fb051b9c2c14585f0c037133eeda5770cc17d36,True,False,shuffled,0.05,-5.3829779624938965,-4.752869606018066,False,False
3017,humaneval_HumanEval/81:1:6:1,real,humaneval,8900ebef85192be8a1fb4f631fb051b9c2c14585f0c037133eeda5770cc17d36,True,False,shuffled,0.1,-5.379095077514648,-4.748987197875977,False,False
3017,humaneval_HumanEval/81:1:6:1,real,humaneval,8900ebef85192be8a1fb4f631fb051b9c2c14585f0c037133eeda5770cc17d36,True,False,shuffled,0.2,-5.379750728607178,-4.7504777908325195,False,False
3017,humaneval_HumanEval/81:1:6:1,real,humaneval,8900ebef85192be8a1fb4f631fb051b9c2c14585f0c037133eeda5770cc17d36,True,False,shuffled,0.4,-5.358095645904541,-4.72983980178833,False,False
3017,humaneval_HumanEval/81:1:6:1,real,humaneval,8900ebef85192be8a1fb4f631fb051b9c2c14585f0c037133eeda5770cc17d36,True,False,wrong_site,0.02,-5.376687049865723,-4.746578693389893,False,False
3017,humaneval_HumanEval/81:1:6:1,real,humaneval,8900ebef85192be8a1fb4f631fb051b9c2c14585f0c037133eeda5770cc17d36,True,False,wrong_site,0.05,-5.384723663330078,-4.753758430480957,False,False
3017,humaneval_HumanEval/81:1:6:1,real,humaneval,8900ebef85192be8a1fb4f631fb051b9c2c14585f0c037133eeda5770cc17d36,True,False,wrong_site,0.1,-5.393507957458496,-4.760585784912109,False,False
3017,humaneval_HumanEval/81:1:6:1,real,humaneval,8900ebef85192be8a1fb4f631fb051b9c2c14585f0c037133eeda5770cc17d36,True,False,wrong_site,0.2,-5.383242607116699,-4.7531352043151855,False,False
3017,humaneval_HumanEval/81:1:6:1,real,humaneval,8900ebef85192be8a1fb4f631fb051b9c2c14585f0c037133eeda5770cc17d36,True,False,wrong_site,0.4,-5.4062676429748535,-4.77342414855957,False,False
3017,humaneval_HumanEval/81:1:6:1,real,humaneval,8900ebef85192be8a1fb4f631fb051b9c2c14585f0c037133eeda5770cc17d36,True,False,answer_site,0.02,-5.414481163024902,-4.790079116821289,False,False
3017,humaneval_HumanEval/81:1:6:1,real,humaneval,8900ebef85192be8a1fb4f631fb051b9c2c14585f0c037133eeda5770cc17d36,True,False,answer_site,0.05,-5.440385818481445,-4.808542251586914,False,False
3017,humaneval_HumanEval/81:1:6:1,real,humaneval,8900ebef85192be8a1fb4f631fb051b9c2c14585f0c037133eeda5770cc17d36,True,False,answer_site,0.1,-5.526755332946777,-4.914257049560547,False,False
3017,humaneval_HumanEval/81:1:6:1,real,humaneval,8900ebef85192be8a1fb4f631fb051b9c2c14585f0c037133eeda5770cc17d36,True,False,answer_site,0.2,-5.885346412658691,-5.300664901733398,False,False
3017,humaneval_HumanEval/81:1:6:1,real,humaneval,8900ebef85192be8a1fb4f631fb051b9c2c14585f0c037133eeda5770cc17d36,True,False,answer_site,0.4,-7.174083709716797,-6.6457600593566895,False,False
3017,humaneval_HumanEval/81:1:6:1,real,humaneval,8900ebef85192be8a1fb4f631fb051b9c2c14585f0c037133eeda5770cc17d36,True,False,actuator_cond,0.02,-5.3798298835754395,-4.749722957611084,False,False
3017,humaneval_HumanEval/81:1:6:1,real,humaneval,8900ebef85192be8a1fb4f631fb051b9c2c14585f0c037133eeda5770cc17d36,True,False,actuator_cond,0.05,-5.375001907348633,-4.74489688873291,False,False
3017,humaneval_HumanEval/81:1:6:1,real,humaneval,8900ebef85192be8a1fb4f631fb051b9c2c14585f0c037133eeda5770cc17d36,True,False,actuator_cond,0.1,-5.375051021575928,-4.744941711425781,False,False
3017,humaneval_HumanEval/81:1:6:1,real,humaneval,8900ebef85192be8a1fb4f631fb051b9c2c14585f0c037133eeda5770cc17d36,True,False,actuator_cond,0.2,-5.389614105224609,-4.75950288772583,False,False
3017,humaneval_HumanEval/81:1:6:1,real,humaneval,8900ebef85192be8a1fb4f631fb051b9c2c14585f0c037133eeda5770cc17d36,True,False,actuator_cond,0.4,-5.370770454406738,-4.769636631011963,False,False
3017,humaneval_HumanEval/81:1:6:1,real,humaneval,8900ebef85192be8a1fb4f631fb051b9c2c14585f0c037133eeda5770cc17d36,True,False,actuator_answer,0.02,-5.3331756591796875,-4.731484889984131,False,False
3017,humaneval_HumanEval/81:1:6:1,real,humaneval,8900ebef85192be8a1fb4f631fb051b9c2c14585f0c037133eeda5770cc17d36,True,False,actuator_answer,0.05,-5.2754387855529785,-4.709425926208496,False,False
3017,humaneval_HumanEval/81:1:6:1,real,humaneval,8900ebef85192be8a1fb4f631fb051b9c2c14585f0c037133eeda5770cc17d36,True,False,actuator_answer,0.1,-5.210919380187988,-4.7256269454956055,False,False
3017,humaneval_HumanEval/81:1:6:1,real,humaneval,8900ebef85192be8a1fb4f631fb051b9c2c14585f0c037133eeda5770cc17d36,True,False,actuator_answer,0.2,-5.605808258056641,-5.343803405761719,False,False
3017,humaneval_HumanEval/81:1:6:1,real,humaneval,8900ebef85192be8a1fb4f631fb051b9c2c14585f0c037133eeda5770cc17d36,True,False,actuator_answer,0.4,-7.334092140197754,-7.043633460998535,False,False
3018,humaneval_HumanEval/81:1:9:0,real,humaneval,8900ebef85192be8a1fb4f631fb051b9c2c14585f0c037133eeda5770cc17d36,True,False,baseline,0.0,-6.975974082946777,-6.356772422790527,False,False
3018,humaneval_HumanEval/81:1:9:0,real,humaneval,8900ebef85192be8a1fb4f631fb051b9c2c14585f0c037133eeda5770cc17d36,True,False,semantic,0.02,-6.987284183502197,-6.3710618019104,False,False
3018,humaneval_HumanEval/81:1:9:0,real,humaneval,8900ebef85192be8a1fb4f631fb051b9c2c14585f0c037133eeda5770cc17d36,True,False,semantic,0.05,-6.989325523376465,-6.37435245513916,False,False
3018,humaneval_HumanEval/81:1:9:0,real,humaneval,8900ebef85192be8a1fb4f631fb051b9c2c14585f0c037133eeda5770cc17d36,True,False,semantic,0.1,-6.984563827514648,-6.366510391235352,False,False
3018,humaneval_HumanEval/81:1:9:0,real,humaneval,8900ebef85192be8a1fb4f631fb051b9c2c14585f0c037133eeda5770cc17d36,True,False,semantic,0.2,-6.973116874694824,-6.373889923095703,False,False
3018,humaneval_HumanEval/81:1:9:0,real,humaneval,8900ebef85192be8a1fb4f631fb051b9c2c14585f0c037133eeda5770cc17d36,True,False,semantic,0.4,-6.9214653968811035,-6.384640216827393,False,False
3018,humaneval_HumanEval/81:1:9:0,real,humaneval,8900ebef85192be8a1fb4f631fb051b9c2c14585f0c037133eeda5770cc17d36,True,False,reverse,0.02,-6.982268810272217,-6.36306619644165,False,False
3018,humaneval_HumanEval/81:1:9:0,real,humaneval,8900ebef85192be8a1fb4f631fb051b9c2c14585f0c037133eeda5770cc17d36,True,False,reverse,0.05,-6.960073471069336,-6.359573841094971,False,False
3018,humaneval_HumanEval/81:1:9:0,real,humaneval,8900ebef85192be8a1fb4f631fb051b9c2c14585f0c037133eeda5770cc17d36,True,False,reverse,0.1,-6.962857723236084,-6.362238883972168,False,False
3018,humaneval_HumanEval/81:1:9:0,real,humaneval,8900ebef85192be8a1fb4f631fb051b9c2c14585f0c037133eeda5770cc17d36,True,False,reverse,0.2,-6.970479488372803,-6.365520477294922,False,False
3018,humaneval_HumanEval/81:1:9:0,real,humaneval,8900ebef85192be8a1fb4f631fb051b9c2c14585f0c037133eeda5770cc17d36,True,False,reverse,0.4,-6.983287811279297,-6.359681129455566,False,False
3018,humaneval_HumanEval/81:1:9:0,real,humaneval,8900ebef85192be8a1fb4f631fb051b9c2c14585f0c037133eeda5770cc17d36,True,False,random,0.02,-6.982346534729004,-6.366223335266113,False,False
3018,humaneval_HumanEval/81:1:9:0,real,humaneval,8900ebef85192be8a1fb4f631fb051b9c2c14585f0c037133eeda5770cc17d36,True,False,random,0.05,-6.976998805999756,-6.377652168273926,False,False
3018,humaneval_HumanEval/81:1:9:0,real,humaneval,8900ebef85192be8a1fb4f631fb051b9c2c14585f0c037133eeda5770cc17d36,True,False,random,0.1,-6.976757049560547,-6.377412796020508,False,False
3018,humaneval_HumanEval/81:1:9:0,real,humaneval,8900ebef85192be8a1fb4f631fb051b9c2c14585f0c037133eeda5770cc17d36,True,False,random,0.2,-6.975376605987549,-6.360406398773193,False,False
3018,humaneval_HumanEval/81:1:9:0,real,humaneval,8900ebef85192be8a1fb4f631fb051b9c2c14585f0c037133eeda5770cc17d36,True,False,random,0.4,-6.967494964599609,-6.368143081665039,False,False
3018,humaneval_HumanEval/81:1:9:0,real,humaneval,8900ebef85192be8a1fb4f631fb051b9c2c14585f0c037133eeda5770cc17d36,True,False,shuffled,0.02,-6.971503734588623,-6.367925643920898,False,False
3018,humaneval_HumanEval/81:1:9:0,real,humaneval,8900ebef85192be8a1fb4f631fb051b9c2c14585f0c037133eeda5770cc17d36,True,False,shuffled,0.05,-6.977353096008301,-6.361228942871094,False,False
3018,humaneval_HumanEval/81:1:9:0,real,humaneval,8900ebef85192be8a1fb4f631fb051b9c2c14585f0c037133eeda5770cc17d36,True,False,shuffled,0.1,-6.983325958251953,-6.368351936340332,False,False
3018,humaneval_HumanEval/81:1:9:0,real,humaneval,8900ebef85192be8a1fb4f631fb051b9c2c14585f0c037133eeda5770cc17d36,True,False,shuffled,0.2,-6.97602653503418,-6.357870101928711,False,False
3018,humaneval_HumanEval/81:1:9:0,real,humaneval,8900ebef85192be8a1fb4f631fb051b9c2c14585f0c037133eeda5770cc17d36,True,False,shuffled,0.4,-6.942703723907471,-6.340801239013672,False,False
3018,humaneval_HumanEval/81:1:9:0,real,humaneval,8900ebef85192be8a1fb4f631fb051b9c2c14585f0c037133eeda5770cc17d36,True,False,wrong_site,0.02,-6.99030876159668,-6.371106147766113,False,False
3018,humaneval_HumanEval/81:1:9:0,real,humaneval,8900ebef85192be8a1fb4f631fb051b9c2c14585f0c037133eeda5770cc17d36,True,False,wrong_site,0.05,-6.969213962554932,-6.365540027618408,False,False
3018,humaneval_HumanEval/81:1:9:0,real,humaneval,8900ebef85192be8a1fb4f631fb051b9c2c14585f0c037133eeda5770cc17d36,True,False,wrong_site,0.1,-6.986289024353027,-6.371319770812988,False,False
3018,humaneval_HumanEval/81:1:9:0,real,humaneval,8900ebef85192be8a1fb4f631fb051b9c2c14585f0c037133eeda5770cc17d36,True,False,wrong_site,0.2,-6.998554229736328,-6.3949785232543945,False,False
3018,humaneval_HumanEval/81:1:9:0,real,humaneval,8900ebef85192be8a1fb4f631fb051b9c2c14585f0c037133eeda5770cc17d36,True,False,wrong_site,0.4,-6.978963851928711,-6.361036777496338,False,False
3018,humaneval_HumanEval/81:1:9:0,real,humaneval,8900ebef85192be8a1fb4f631fb051b9c2c14585f0c037133eeda5770cc17d36,True,False,answer_site,0.02,-6.971552848815918,-6.36175537109375,False,False
3018,humaneval_HumanEval/81:1:9:0,real,humaneval,8900ebef85192be8a1fb4f631fb051b9c2c14585f0c037133eeda5770cc17d36,True,False,answer_site,0.05,-6.990906715393066,-6.36494255065918,False,False
3018,humaneval_HumanEval/81:1:9:0,real,humaneval,8900ebef85192be8a1fb4f631fb051b9c2c14585f0c037133eeda5770cc17d36,True,False,answer_site,0.1,-7.010919094085693,-6.390125751495361,False,False
3018,humaneval_HumanEval/81:1:9:0,real,humaneval,8900ebef85192be8a1fb4f631fb051b9c2c14585f0c037133eeda5770cc17d36,True,False,answer_site,0.2,-7.3347063064575195,-6.697489261627197,False,False
3018,humaneval_HumanEval/81:1:9:0,real,humaneval,8900ebef85192be8a1fb4f631fb051b9c2c14585f0c037133eeda5770cc17d36,True,False,answer_site,0.4,-8.622100830078125,-8.015031814575195,False,False
3018,humaneval_HumanEval/81:1:9:0,real,humaneval,8900ebef85192be8a1fb4f631fb051b9c2c14585f0c037133eeda5770cc17d36,True,False,actuator_cond,0.02,-6.984510898590088,-6.3683857917785645,False,False
3018,humaneval_HumanEval/81:1:9:0,real,humaneval,8900ebef85192be8a1fb4f631fb051b9c2c14585f0c037133eeda5770cc17d36,True,False,actuator_cond,0.05,-6.972844123840332,-6.37349796295166,False,False
3018,humaneval_HumanEval/81:1:9:0,real,humaneval,8900ebef85192be8a1fb4f631fb051b9c2c14585f0c037133eeda5770cc17d36,True,False,actuator_cond,0.1,-6.977043151855469,-6.362076759338379,False,False
3018,humaneval_HumanEval/81:1:9:0,real,humaneval,8900ebef85192be8a1fb4f631fb051b9c2c14585f0c037133eeda5770cc17d36,True,False,actuator_cond,0.2,-6.976613998413086,-6.357287883758545,False,False
3018,humaneval_HumanEval/81:1:9:0,real,humaneval,8900ebef85192be8a1fb4f631fb051b9c2c14585f0c037133eeda5770cc17d36,True,False,actuator_cond,0.4,-6.950979709625244,-6.383783340454102,False,False
3018,humaneval_HumanEval/81:1:9:0,real,humaneval,8900ebef85192be8a1fb4f631fb051b9c2c14585f0c037133eeda5770cc17d36,True,False,actuator_answer,0.02,-6.931050777435303,-6.342630863189697,False,False
3018,humaneval_HumanEval/81:1:9:0,real,humaneval,8900ebef85192be8a1fb4f631fb051b9c2c14585f0c037133eeda5770cc17d36,True,False,actuator_answer,0.05,-6.89506721496582,-6.343418598175049,False,False
3018,humaneval_HumanEval/81:1:9:0,real,humaneval,8900ebef85192be8a1fb4f631fb051b9c2c14585f0c037133eeda5770cc17d36,True,False,actuator_answer,0.1,-6.845776081085205,-6.367815971374512,False,False
3018,humaneval_HumanEval/81:1:9:0,real,humaneval,8900ebef85192be8a1fb4f631fb051b9c2c14585f0c037133eeda5770cc17d36,True,False,actuator_answer,0.2,-7.269709587097168,-6.972311019897461,False,False
3018,humaneval_HumanEval/81:1:9:0,real,humaneval,8900ebef85192be8a1fb4f631fb051b9c2c14585f0c037133eeda5770cc17d36,True,False,actuator_answer,0.4,-9.02446174621582,-8.649576187133789,False,False
3019,humaneval_HumanEval/81:1:9:1,real,humaneval,8900ebef85192be8a1fb4f631fb051b9c2c14585f0c037133eeda5770cc17d36,False,False,baseline,0.0,-1.749013900756836,-8.021649360656738,True,False
3019,humaneval_HumanEval/81:1:9:1,real,humaneval,8900ebef85192be8a1fb4f631fb051b9c2c14585f0c037133eeda5770cc17d36,False,False,semantic,0.02,-1.7442271709442139,-8.018356323242188,True,False
3019,humaneval_HumanEval/81:1:9:1,real,humaneval,8900ebef85192be8a1fb4f631fb051b9c2c14585f0c037133eeda5770cc17d36,False,False,semantic,0.05,-1.7435266971588135,-8.020576477050781,True,False
3019,humaneval_HumanEval/81:1:9:1,real,humaneval,8900ebef85192be8a1fb4f631fb051b9c2c14585f0c037133eeda5770cc17d36,False,False,semantic,0.1,-1.7470324039459229,-8.008885383605957,True,False
3019,humaneval_HumanEval/81:1:9:1,real,humaneval,8900ebef85192be8a1fb4f631fb051b9c2c14585f0c037133eeda5770cc17d36,False,False,semantic,0.2,-1.7541625499725342,-8.012741088867188,True,False
3019,humaneval_HumanEval/81:1:9:1,real,humaneval,8900ebef85192be8a1fb4f631fb051b9c2c14585f0c037133eeda5770cc17d36,False,False,semantic,0.4,-1.7526323795318604,-8.003591537475586,True,False
3019,humaneval_HumanEval/81:1:9:1,real,humaneval,8900ebef85192be8a1fb4f631fb051b9c2c14585f0c037133eeda5770cc17d36,False,False,reverse,0.02,-1.7432868480682373,-8.018915176391602,True,False
3019,humaneval_HumanEval/81:1:9:1,real,humaneval,8900ebef85192be8a1fb4f631fb051b9c2c14585f0c037133eeda5770cc17d36,False,False,reverse,0.05,-1.7432920932769775,-8.014053344726562,True,False
3019,humaneval_HumanEval/81:1:9:1,real,humaneval,8900ebef85192be8a1fb4f631fb051b9c2c14585f0c037133eeda5770cc17d36,False,False,reverse,0.1,-1.7434427738189697,-8.01283073425293,True,False
3019,humaneval_HumanEval/81:1:9:1,real,humaneval,8900ebef85192be8a1fb4f631fb051b9c2c14585f0c037133eeda5770cc17d36,False,False,reverse,0.2,-1.746983528137207,-8.026254653930664,True,False
3019,humaneval_HumanEval/81:1:9:1,real,humaneval,8900ebef85192be8a1fb4f631fb051b9c2c14585f0c037133eeda5770cc17d36,False,False,reverse,0.4,-1.7478196620941162,-7.988022804260254,True,False
3019,humaneval_HumanEval/81:1:9:1,real,humaneval,8900ebef85192be8a1fb4f631fb051b9c2c14585f0c037133eeda5770cc17d36,False,False,random,0.02,-1.7468376159667969,-8.02437973022461,True,False
3019,humaneval_HumanEval/81:1:9:1,real,humaneval,8900ebef85192be8a1fb4f631fb051b9c2c14585f0c037133eeda5770cc17d36,False,False,random,0.05,-1.7433016300201416,-8.020660400390625,True,False
3019,humaneval_HumanEval/81:1:9:1,real,humaneval,8900ebef85192be8a1fb4f631fb051b9c2c14585f0c037133eeda5770cc17d36,False,False,random,0.1,-1.7432435750961304,-8.015909194946289,True,False
3019,humaneval_HumanEval/81:1:9:1,real,humaneval,8900ebef85192be8a1fb4f631fb051b9c2c14585f0c037133eeda5770cc17d36,False,False,random,0.2,-1.7482271194458008,-8.013958930969238,True,False
3019,humaneval_HumanEval/81:1:9:1,real,humaneval,8900ebef85192be8a1fb4f631fb051b9c2c14585f0c037133eeda5770cc17d36,False,False,random,0.4,-1.753402829170227,-8.03084945678711,True,False
3019,humaneval_HumanEval/81:1:9:1,real,humaneval,8900ebef85192be8a1fb4f631fb051b9c2c14585f0c037133eeda5770cc17d36,False,False,shuffled,0.02,-1.7473663091659546,-8.018573760986328,True,False
3019,humaneval_HumanEval/81:1:9:1,real,humaneval,8900ebef85192be8a1fb4f631fb051b9c2c14585f0c037133eeda5770cc17d36,False,False,shuffled,0.05,-1.7538349628448486,-8.026037216186523,True,False
3019,humaneval_HumanEval/81:1:9:1,real,humaneval,8900ebef85192be8a1fb4f631fb051b9c2c14585f0c037133eeda5770cc17d36,False,False,shuffled,0.1,-1.7497451305389404,-8.021941184997559,True,False
3019,humaneval_HumanEval/81:1:9:1,real,humaneval,8900ebef85192be8a1fb4f631fb051b9c2c14585f0c037133eeda5770cc17d36,False,False,shuffled,0.2,-1.7430245876312256,-8.00631332397461,True,False
3019,humaneval_HumanEval/81:1:9:1,real,humaneval,8900ebef85192be8a1fb4f631fb051b9c2c14585f0c037133eeda5770cc17d36,False,False,shuffled,0.4,-1.7536524534225464,-8.028285026550293,True,False
3019,humaneval_HumanEval/81:1:9:1,real,humaneval,8900ebef85192be8a1fb4f631fb051b9c2c14585f0c037133eeda5770cc17d36,False,False,wrong_site,0.02,-1.7422128915786743,-8.014457702636719,True,False
3019,humaneval_HumanEval/81:1:9:1,real,humaneval,8900ebef85192be8a1fb4f631fb051b9c2c14585f0c037133eeda5770cc17d36,False,False,wrong_site,0.05,-1.7473690509796143,-8.019647598266602,True,False
3019,humaneval_HumanEval/81:1:9:1,real,humaneval,8900ebef85192be8a1fb4f631fb051b9c2c14585f0c037133eeda5770cc17d36,False,False,wrong_site,0.1,-1.7434520721435547,-8.030465126037598,True,False
3019,humaneval_HumanEval/81:1:9:1,real,humaneval,8900ebef85192be8a1fb4f631fb051b9c2c14585f0c037133eeda5770cc17d36,False,False,wrong_site,0.2,-1.7491939067840576,-8.02299690246582,True,False
3019,humaneval_HumanEval/81:1:9:1,real,humaneval,8900ebef85192be8a1fb4f631fb051b9c2c14585f0c037133eeda5770cc17d36,False,False,wrong_site,0.4,-1.7426751852035522,-8.02728271484375,True,False
3019,humaneval_HumanEval/81:1:9:1,real,humaneval,8900ebef85192be8a1fb4f631fb051b9c2c14585f0c037133eeda5770cc17d36,False,False,answer_site,0.02,-1.7353777885437012,-8.021306991577148,True,False
3019,humaneval_HumanEval/81:1:9:1,real,humaneval,8900ebef85192be8a1fb4f631fb051b9c2c14585f0c037133eeda5770cc17d36,False,False,answer_site,0.05,-1.715938925743103,-7.984817981719971,True,False
3019,humaneval_HumanEval/81:1:9:1,real,humaneval,8900ebef85192be8a1fb4f631fb051b9c2c14585f0c037133eeda5770cc17d36,False,False,answer_site,0.1,-1.6940455436706543,-7.975595474243164,True,False
3019,humaneval_HumanEval/81:1:9:1,real,humaneval,8900ebef85192be8a1fb4f631fb051b9c2c14585f0c037133eeda5770cc17d36,False,False,answer_site,0.2,-1.7487435340881348,-8.055427551269531,True,False
3019,humaneval_HumanEval/81:1:9:1,real,humaneval,8900ebef85192be8a1fb4f631fb051b9c2c14585f0c037133eeda5770cc17d36,False,False,answer_site,0.4,-4.735729217529297,-10.904317855834961,False,False
3019,humaneval_HumanEval/81:1:9:1,real,humaneval,8900ebef85192be8a1fb4f631fb051b9c2c14585f0c037133eeda5770cc17d36,False,False,actuator_cond,0.02,-1.7473623752593994,-8.019561767578125,True,False
3019,humaneval_HumanEval/81:1:9:1,real,humaneval,8900ebef85192be8a1fb4f631fb051b9c2c14585f0c037133eeda5770cc17d36,False,False,actuator_cond,0.05,-1.747077226638794,-8.024001121520996,True,False
3019,humaneval_HumanEval/81:1:9:1,real,humaneval,8900ebef85192be8a1fb4f631fb051b9c2c14585f0c037133eeda5770cc17d36,False,False,actuator_cond,0.1,-1.7432646751403809,-8.015913009643555,True,False
3019,humaneval_HumanEval/81:1:9:1,real,humaneval,8900ebef85192be8a1fb4f631fb051b9c2c14585f0c037133eeda5770cc17d36,False,False,actuator_cond,0.2,-1.7478022575378418,-8.033087730407715,True,False
3019,humaneval_HumanEval/81:1:9:1,real,humaneval,8900ebef85192be8a1fb4f631fb051b9c2c14585f0c037133eeda5770cc17d36,False,False,actuator_cond,0.4,-1.7595512866973877,-8.04836654663086,True,False
3019,humaneval_HumanEval/81:1:9:1,real,humaneval,8900ebef85192be8a1fb4f631fb051b9c2c14585f0c037133eeda5770cc17d36,False,False,actuator_answer,0.02,-1.7589542865753174,-8.034650802612305,False,False
3019,humaneval_HumanEval/81:1:9:1,real,humaneval,8900ebef85192be8a1fb4f631fb051b9c2c14585f0c037133eeda5770cc17d36,False,False,actuator_answer,0.05,-1.773719310760498,-8.05044937133789,False,False
3019,humaneval_HumanEval/81:1:9:1,real,humaneval,8900ebef85192be8a1fb4f631fb051b9c2c14585f0c037133eeda5770cc17d36,False,False,actuator_answer,0.1,-1.7898632287979126,-8.083309173583984,False,False
3019,humaneval_HumanEval/81:1:9:1,real,humaneval,8900ebef85192be8a1fb4f631fb051b9c2c14585f0c037133eeda5770cc17d36,False,False,actuator_answer,0.2,-1.8835967779159546,-8.386123657226562,False,False
3019,humaneval_HumanEval/81:1:9:1,real,humaneval,8900ebef85192be8a1fb4f631fb051b9c2c14585f0c037133eeda5770cc17d36,False,False,actuator_answer,0.4,-2.8016932010650635,-9.563020706176758,False,False
3020,humaneval_HumanEval/81:2:8:0,real,humaneval,8900ebef85192be8a1fb4f631fb051b9c2c14585f0c037133eeda5770cc17d36,False,False,baseline,0.0,-5.779269695281982,-5.152803421020508,False,False
3020,humaneval_HumanEval/81:2:8:0,real,humaneval,8900ebef85192be8a1fb4f631fb051b9c2c14585f0c037133eeda5770cc17d36,False,False,semantic,0.02,-5.776579856872559,-5.139405250549316,False,False
3020,humaneval_HumanEval/81:2:8:0,real,humaneval,8900ebef85192be8a1fb4f631fb051b9c2c14585f0c037133eeda5770cc17d36,False,False,semantic,0.05,-5.767582416534424,-5.151213645935059,False,False
3020,humaneval_HumanEval/81:2:8:0,real,humaneval,8900ebef85192be8a1fb4f631fb051b9c2c14585f0c037133eeda5770cc17d36,False,False,semantic,0.1,-5.776738166809082,-5.1510796546936035,False,False
3020,humaneval_HumanEval/81:2:8:0,real,humaneval,8900ebef85192be8a1fb4f631fb051b9c2c14585f0c037133eeda5770cc17d36,False,False,semantic,0.2,-5.777722358703613,-5.142086982727051,False,False
3020,humaneval_HumanEval/81:2:8:0,real,humaneval,8900ebef85192be8a1fb4f631fb051b9c2c14585f0c037133eeda5770cc17d36,False,False,semantic,0.4,-5.767784595489502,-5.131843566894531,False,False
3020,humaneval_HumanEval/81:2:8:0,real,humaneval,8900ebef85192be8a1fb4f631fb051b9c2c14585f0c037133eeda5770cc17d36,False,False,reverse,0.02,-5.780415058135986,-5.148076057434082,False,False
3020,humaneval_HumanEval/81:2:8:0,real,humaneval,8900ebef85192be8a1fb4f631fb051b9c2c14585f0c037133eeda5770cc17d36,False,False,reverse,0.05,-5.773737907409668,-5.15687370300293,False,False
3020,humaneval_HumanEval/81:2:8:0,real,humaneval,8900ebef85192be8a1fb4f631fb051b9c2c14585f0c037133eeda5770cc17d36,False,False,reverse,0.1,-5.789538383483887,-5.165822982788086,False,False
3020,humaneval_HumanEval/81:2:8:0,real,humaneval,8900ebef85192be8a1fb4f631fb051b9c2c14585f0c037133eeda5770cc17d36,False,False,reverse,0.2,-5.7862548828125,-5.166979789733887,False,False
3020,humaneval_HumanEval/81:2:8:0,real,humaneval,8900ebef85192be8a1fb4f631fb051b9c2c14585f0c037133eeda5770cc17d36,False,False,reverse,0.4,-5.850566387176514,-5.206973552703857,False,False
3020,humaneval_HumanEval/81:2:8:0,real,humaneval,8900ebef85192be8a1fb4f631fb051b9c2c14585f0c037133eeda5770cc17d36,False,False,random,0.02,-5.788236618041992,-5.153853416442871,False,False
3020,humaneval_HumanEval/81:2:8:0,real,humaneval,8900ebef85192be8a1fb4f631fb051b9c2c14585f0c037133eeda5770cc17d36,False,False,random,0.05,-5.793530464172363,-5.153961658477783,False,False
3020,humaneval_HumanEval/81:2:8:0,real,humaneval,8900ebef85192be8a1fb4f631fb051b9c2c14585f0c037133eeda5770cc17d36,False,False,random,0.1,-5.777121543884277,-5.155606746673584,False,False
3020,humaneval_HumanEval/81:2:8:0,real,humaneval,8900ebef85192be8a1fb4f631fb051b9c2c14585f0c037133eeda5770cc17d36,False,False,random,0.2,-5.782993316650391,-5.1658406257629395,False,False
3020,humaneval_HumanEval/81:2:8:0,real,humaneval,8900ebef85192be8a1fb4f631fb051b9c2c14585f0c037133eeda5770cc17d36,False,False,random,0.4,-5.779054641723633,-5.1516594886779785,False,False
3020,humaneval_HumanEval/81:2:8:0,real,humaneval,8900ebef85192be8a1fb4f631fb051b9c2c14585f0c037133eeda5770cc17d36,False,False,shuffled,0.02,-5.7859344482421875,-5.161804676055908,False,False
3020,humaneval_HumanEval/81:2:8:0,real,humaneval,8900ebef85192be8a1fb4f631fb051b9c2c14585f0c037133eeda5770cc17d36,False,False,shuffled,0.05,-5.789127826690674,-5.149123191833496,False,False
3020,humaneval_HumanEval/81:2:8:0,real,humaneval,8900ebef85192be8a1fb4f631fb051b9c2c14585f0c037133eeda5770cc17d36,False,False,shuffled,0.1,-5.786768913269043,-5.14703369140625,False,False
3020,humaneval_HumanEval/81:2:8:0,real,humaneval,8900ebef85192be8a1fb4f631fb051b9c2c14585f0c037133eeda5770cc17d36,False,False,shuffled,0.2,-5.787196636199951,-5.163086414337158,False,False
3020,humaneval_HumanEval/81:2:8:0,real,humaneval,8900ebef85192be8a1fb4f631fb051b9c2c14585f0c037133eeda5770cc17d36,False,False,shuffled,0.4,-5.795155048370361,-5.167052268981934,False,False
3020,humaneval_HumanEval/81:2:8:0,real,humaneval,8900ebef85192be8a1fb4f631fb051b9c2c14585f0c037133eeda5770cc17d36,False,False,wrong_site,0.02,-5.790194511413574,-5.149973392486572,False,False
3020,humaneval_HumanEval/81:2:8:0,real,humaneval,8900ebef85192be8a1fb4f631fb051b9c2c14585f0c037133eeda5770cc17d36,False,False,wrong_site,0.05,-5.772719383239746,-5.153280258178711,False,False
3020,humaneval_HumanEval/81:2:8:0,real,humaneval,8900ebef85192be8a1fb4f631fb051b9c2c14585f0c037133eeda5770cc17d36,False,False,wrong_site,0.1,-5.787222862243652,-5.150355339050293,False,False
3020,humaneval_HumanEval/81:2:8:0,real,humaneval,8900ebef85192be8a1fb4f631fb051b9c2c14585f0c037133eeda5770cc17d36,False,False,wrong_site,0.2,-5.780029296875,-5.1439714431762695,False,False
3020,humaneval_HumanEval/81:2:8:0,real,humaneval,8900ebef85192be8a1fb4f631fb051b9c2c14585f0c037133eeda5770cc17d36,False,False,wrong_site,0.4,-5.7816267013549805,-5.145877838134766,False,False
3020,humaneval_HumanEval/81:2:8:0,real,humaneval,8900ebef85192be8a1fb4f631fb051b9c2c14585f0c037133eeda5770cc17d36,False,False,answer_site,0.02,-5.781001567840576,-5.138887405395508,False,False
3020,humaneval_HumanEval/81:2:8:0,real,humaneval,8900ebef85192be8a1fb4f631fb051b9c2c14585f0c037133eeda5770cc17d36,False,False,answer_site,0.05,-5.782753944396973,-5.128662109375,False,False
3020,humaneval_HumanEval/81:2:8:0,real,humaneval,8900ebef85192be8a1fb4f631fb051b9c2c14585f0c037133eeda5770cc17d36,False,False,answer_site,0.1,-5.758579254150391,-5.091516494750977,False,False
3020,humaneval_HumanEval/81:2:8:0,real,humaneval,8900ebef85192be8a1fb4f631fb051b9c2c14585f0c037133eeda5770cc17d36,False,False,answer_site,0.2,-5.787126541137695,-5.081385612487793,False,False
3020,humaneval_HumanEval/81:2:8:0,real,humaneval,8900ebef85192be8a1fb4f631fb051b9c2c14585f0c037133eeda5770cc17d36,False,False,answer_site,0.4,-8.664830207824707,-7.998685836791992,False,False
3020,humaneval_HumanEval/81:2:8:0,real,humaneval,8900ebef85192be8a1fb4f631fb051b9c2c14585f0c037133eeda5770cc17d36,False,False,actuator_cond,0.02,-5.788331985473633,-5.153276443481445,False,False
3020,humaneval_HumanEval/81:2:8:0,real,humaneval,8900ebef85192be8a1fb4f631fb051b9c2c14585f0c037133eeda5770cc17d36,False,False,actuator_cond,0.05,-5.785680770874023,-5.145444393157959,False,False
3020,humaneval_HumanEval/81:2:8:0,real,humaneval,8900ebef85192be8a1fb4f631fb051b9c2c14585f0c037133eeda5770cc17d36,False,False,actuator_cond,0.1,-5.773749351501465,-5.150758266448975,False,False
3020,humaneval_HumanEval/81:2:8:0,real,humaneval,8900ebef85192be8a1fb4f631fb051b9c2c14585f0c037133eeda5770cc17d36,False,False,actuator_cond,0.2,-5.786797046661377,-5.147568702697754,False,False
3020,humaneval_HumanEval/81:2:8:0,real,humaneval,8900ebef85192be8a1fb4f631fb051b9c2c14585f0c037133eeda5770cc17d36,False,False,actuator_cond,0.4,-5.743423938751221,-5.2142229080200195,False,False
3020,humaneval_HumanEval/81:2:8:0,real,humaneval,8900ebef85192be8a1fb4f631fb051b9c2c14585f0c037133eeda5770cc17d36,False,False,actuator_answer,0.02,-5.759317398071289,-5.142773151397705,False,False
3020,humaneval_HumanEval/81:2:8:0,real,humaneval,8900ebef85192be8a1fb4f631fb051b9c2c14585f0c037133eeda5770cc17d36,False,False,actuator_answer,0.05,-5.709573745727539,-5.085180759429932,False,False
3020,humaneval_HumanEval/81:2:8:0,real,humaneval,8900ebef85192be8a1fb4f631fb051b9c2c14585f0c037133eeda5770cc17d36,False,False,actuator_answer,0.1,-5.617588996887207,-5.013426303863525,False,False
3020,humaneval_HumanEval/81:2:8:0,real,humaneval,8900ebef85192be8a1fb4f631fb051b9c2c14585f0c037133eeda5770cc17d36,False,False,actuator_answer,0.2,-5.502516269683838,-4.994170188903809,False,False
3020,humaneval_HumanEval/81:2:8:0,real,humaneval,8900ebef85192be8a1fb4f631fb051b9c2c14585f0c037133eeda5770cc17d36,False,False,actuator_answer,0.4,-6.3533735275268555,-6.21993350982666,False,False
3021,humaneval_HumanEval/81:2:8:1,real,humaneval,8900ebef85192be8a1fb4f631fb051b9c2c14585f0c037133eeda5770cc17d36,True,False,baseline,0.0,-5.266796112060547,-6.739412307739258,False,False
3021,humaneval_HumanEval/81:2:8:1,real,humaneval,8900ebef85192be8a1fb4f631fb051b9c2c14585f0c037133eeda5770cc17d36,True,False,semantic,0.02,-5.268795490264893,-6.741176605224609,False,False
3021,humaneval_HumanEval/81:2:8:1,real,humaneval,8900ebef85192be8a1fb4f631fb051b9c2c14585f0c037133eeda5770cc17d36,True,False,semantic,0.05,-5.270055294036865,-6.742687702178955,False,False
3021,humaneval_HumanEval/81:2:8:1,real,humaneval,8900ebef85192be8a1fb4f631fb051b9c2c14585f0c037133eeda5770cc17d36,True,False,semantic,0.1,-5.2722368240356445,-6.740992546081543,False,False
3021,humaneval_HumanEval/81:2:8:1,real,humaneval,8900ebef85192be8a1fb4f631fb051b9c2c14585f0c037133eeda5770cc17d36,True,False,semantic,0.2,-5.289056777954102,-6.742809772491455,False,False
3021,humaneval_HumanEval/81:2:8:1,real,humaneval,8900ebef85192be8a1fb4f631fb051b9c2c14585f0c037133eeda5770cc17d36,True,False,semantic,0.4,-5.318737506866455,-6.668008804321289,False,False
3021,humaneval_HumanEval/81:2:8:1,real,humaneval,8900ebef85192be8a1fb4f631fb051b9c2c14585f0c037133eeda5770cc17d36,True,False,reverse,0.02,-5.267319679260254,-6.744692325592041,False,False
3021,humaneval_HumanEval/81:2:8:1,real,humaneval,8900ebef85192be8a1fb4f631fb051b9c2c14585f0c037133eeda5770cc17d36,True,False,reverse,0.05,-5.265877723693848,-6.7512712478637695,False,False
3021,humaneval_HumanEval/81:2:8:1,real,humaneval,8900ebef85192be8a1fb4f631fb051b9c2c14585f0c037133eeda5770cc17d36,True,False,reverse,0.1,-5.271473407745361,-6.742964744567871,False,False
3021,humaneval_HumanEval/81:2:8:1,real,humaneval,8900ebef85192be8a1fb4f631fb051b9c2c14585f0c037133eeda5770cc17d36,True,False,reverse,0.2,-5.2653303146362305,-6.759256362915039,False,False
3021,humaneval_HumanEval/81:2:8:1,real,humaneval,8900ebef85192be8a1fb4f631fb051b9c2c14585f0c037133eeda5770cc17d36,True,False,reverse,0.4,-5.258669853210449,-6.74152946472168,False,False
3021,humaneval_HumanEval/81:2:8:1,real,humaneval,8900ebef85192be8a1fb4f631fb051b9c2c14585f0c037133eeda5770cc17d36,True,False,random,0.02,-5.270104885101318,-6.7470703125,False,False
3021,humaneval_HumanEval/81:2:8:1,real,humaneval,8900ebef85192be8a1fb4f631fb051b9c2c14585f0c037133eeda5770cc17d36,True,False,random,0.05,-5.274454116821289,-6.747049331665039,False,False
3021,humaneval_HumanEval/81:2:8:1,real,humaneval,8900ebef85192be8a1fb4f631fb051b9c2c14585f0c037133eeda5770cc17d36,True,False,random,0.1,-5.273834228515625,-6.730815410614014,False,False
3021,humaneval_HumanEval/81:2:8:1,real,humaneval,8900ebef85192be8a1fb4f631fb051b9c2c14585f0c037133eeda5770cc17d36,True,False,random,0.2,-5.272028923034668,-6.744625091552734,False,False
3021,humaneval_HumanEval/81:2:8:1,real,humaneval,8900ebef85192be8a1fb4f631fb051b9c2c14585f0c037133eeda5770cc17d36,True,False,random,0.4,-5.283814430236816,-6.740785121917725,False,False
3021,humaneval_HumanEval/81:2:8:1,real,humaneval,8900ebef85192be8a1fb4f631fb051b9c2c14585f0c037133eeda5770cc17d36,True,False,shuffled,0.02,-5.272580623626709,-6.745190620422363,False,False
3021,humaneval_HumanEval/81:2:8:1,real,humaneval,8900ebef85192be8a1fb4f631fb051b9c2c14585f0c037133eeda5770cc17d36,True,False,shuffled,0.05,-5.2693939208984375,-6.745163917541504,False,False
3021,humaneval_HumanEval/81:2:8:1,real,humaneval,8900ebef85192be8a1fb4f631fb051b9c2c14585f0c037133eeda5770cc17d36,True,False,shuffled,0.1,-5.270145893096924,-6.7426910400390625,False,False
3021,humaneval_HumanEval/81:2:8:1,real,humaneval,8900ebef85192be8a1fb4f631fb051b9c2c14585f0c037133eeda5770cc17d36,True,False,shuffled,0.2,-5.270504951477051,-6.7539567947387695,False,False
3021,humaneval_HumanEval/81:2:8:1,real,humaneval,8900ebef85192be8a1fb4f631fb051b9c2c14585f0c037133eeda5770cc17d36,True,False,shuffled,0.4,-5.244346618652344,-6.74574089050293,False,False
3021,humaneval_HumanEval/81:2:8:1,real,humaneval,8900ebef85192be8a1fb4f631fb051b9c2c14585f0c037133eeda5770cc17d36,True,False,wrong_site,0.02,-5.2693257331848145,-6.741927623748779,False,False
3021,humaneval_HumanEval/81:2:8:1,real,humaneval,8900ebef85192be8a1fb4f631fb051b9c2c14585f0c037133eeda5770cc17d36,True,False,wrong_site,0.05,-5.262571334838867,-6.7542524337768555,False,False
3021,humaneval_HumanEval/81:2:8:1,real,humaneval,8900ebef85192be8a1fb4f631fb051b9c2c14585f0c037133eeda5770cc17d36,True,False,wrong_site,0.1,-5.272670745849609,-6.744985103607178,False,False
3021,humaneval_HumanEval/81:2:8:1,real,humaneval,8900ebef85192be8a1fb4f631fb051b9c2c14585f0c037133eeda5770cc17d36,True,False,wrong_site,0.2,-5.288178443908691,-6.773019790649414,False,False
3021,humaneval_HumanEval/81:2:8:1,real,humaneval,8900ebef85192be8a1fb4f631fb051b9c2c14585f0c037133eeda5770cc17d36,True,False,wrong_site,0.4,-5.289229393005371,-6.776378154754639,False,False
3021,humaneval_HumanEval/81:2:8:1,real,humaneval,8900ebef85192be8a1fb4f631fb051b9c2c14585f0c037133eeda5770cc17d36,True,False,answer_site,0.02,-5.286487579345703,-6.755311489105225,False,False
3021,humaneval_HumanEval/81:2:8:1,real,humaneval,8900ebef85192be8a1fb4f631fb051b9c2c14585f0c037133eeda5770cc17d36,True,False,answer_site,0.05,-5.287721633911133,-6.736576080322266,False,False
3021,humaneval_HumanEval/81:2:8:1,real,humaneval,8900ebef85192be8a1fb4f631fb051b9c2c14585f0c037133eeda5770cc17d36,True,False,answer_site,0.1,-5.301428318023682,-6.7491655349731445,False,False
3021,humaneval_HumanEval/81:2:8:1,real,humaneval,8900ebef85192be8a1fb4f631fb051b9c2c14585f0c037133eeda5770cc17d36,True,False,answer_site,0.2,-5.570197105407715,-7.003360748291016,False,False
3021,humaneval_HumanEval/81:2:8:1,real,humaneval,8900ebef85192be8a1fb4f631fb051b9c2c14585f0c037133eeda5770cc17d36,True,False,answer_site,0.4,-6.8513078689575195,-8.238497734069824,False,False
3021,humaneval_HumanEval/81:2:8:1,real,humaneval,8900ebef85192be8a1fb4f631fb051b9c2c14585f0c037133eeda5770cc17d36,True,False,actuator_cond,0.02,-5.273224830627441,-6.746171951293945,False,False
3021,humaneval_HumanEval/81:2:8:1,real,humaneval,8900ebef85192be8a1fb4f631fb051b9c2c14585f0c037133eeda5770cc17d36,True,False,actuator_cond,0.05,-5.27309513092041,-6.746186256408691,False,False
3021,humaneval_HumanEval/81:2:8:1,real,humaneval,8900ebef85192be8a1fb4f631fb051b9c2c14585f0c037133eeda5770cc17d36,True,False,actuator_cond,0.1,-5.288433074951172,-6.756304740905762,False,False
3021,humaneval_HumanEval/81:2:8:1,real,humaneval,8900ebef85192be8a1fb4f631fb051b9c2c14585f0c037133eeda5770cc17d36,True,False,actuator_cond,0.2,-5.272216796875,-6.752007484436035,False,False
3021,humaneval_HumanEval/81:2:8:1,real,humaneval,8900ebef85192be8a1fb4f631fb051b9c2c14585f0c037133eeda5770cc17d36,True,False,actuator_cond,0.4,-5.254398345947266,-6.900501251220703,False,False
3021,humaneval_HumanEval/81:2:8:1,real,humaneval,8900ebef85192be8a1fb4f631fb051b9c2c14585f0c037133eeda5770cc17d36,True,False,actuator_answer,0.02,-5.285693168640137,-6.767786026000977,False,False
3021,humaneval_HumanEval/81:2:8:1,real,humaneval,8900ebef85192be8a1fb4f631fb051b9c2c14585f0c037133eeda5770cc17d36,True,False,actuator_answer,0.05,-5.317492485046387,-6.79543399810791,False,False
3021,humaneval_HumanEval/81:2:8:1,real,humaneval,8900ebef85192be8a1fb4f631fb051b9c2c14585f0c037133eeda5770cc17d36,True,False,actuator_answer,0.1,-5.322338104248047,-6.828794002532959,False,False
3021,humaneval_HumanEval/81:2:8:1,real,humaneval,8900ebef85192be8a1fb4f631fb051b9c2c14585f0c037133eeda5770cc17d36,True,False,actuator_answer,0.2,-5.4043731689453125,-6.947134017944336,False,False
3021,humaneval_HumanEval/81:2:8:1,real,humaneval,8900ebef85192be8a1fb4f631fb051b9c2c14585f0c037133eeda5770cc17d36,True,False,actuator_answer,0.4,-7.215334415435791,-8.893518447875977,False,False
3022,humaneval_HumanEval/81:2:10:0,real,humaneval,8900ebef85192be8a1fb4f631fb051b9c2c14585f0c037133eeda5770cc17d36,False,False,baseline,0.0,-5.779269695281982,-5.557733535766602,False,False
3022,humaneval_HumanEval/81:2:10:0,real,humaneval,8900ebef85192be8a1fb4f631fb051b9c2c14585f0c037133eeda5770cc17d36,False,False,semantic,0.02,-5.776946544647217,-5.557539939880371,False,False
3022,humaneval_HumanEval/81:2:10:0,real,humaneval,8900ebef85192be8a1fb4f631fb051b9c2c14585f0c037133eeda5770cc17d36,False,False,semantic,0.05,-5.776012420654297,-5.556605339050293,False,False
3022,humaneval_HumanEval/81:2:10:0,real,humaneval,8900ebef85192be8a1fb4f631fb051b9c2c14585f0c037133eeda5770cc17d36,False,False,semantic,0.1,-5.773158550262451,-5.554045677185059,False,False
3022,humaneval_HumanEval/81:2:10:0,real,humaneval,8900ebef85192be8a1fb4f631fb051b9c2c14585f0c037133eeda5770cc17d36,False,False,semantic,0.2,-5.77549934387207,-5.556387424468994,False,False
3022,humaneval_HumanEval/81:2:10:0,real,humaneval,8900ebef85192be8a1fb4f631fb051b9c2c14585f0c037133eeda5770cc17d36,False,False,semantic,0.4,-5.762587547302246,-5.540635585784912,False,False
3022,humaneval_HumanEval/81:2:10:0,real,humaneval,8900ebef85192be8a1fb4f631fb051b9c2c14585f0c037133eeda5770cc17d36,False,False,reverse,0.02,-5.791415214538574,-5.572006702423096,False,False
3022,humaneval_HumanEval/81:2:10:0,real,humaneval,8900ebef85192be8a1fb4f631fb051b9c2c14585f0c037133eeda5770cc17d36,False,False,reverse,0.05,-5.793447494506836,-5.571910858154297,False,False
3022,humaneval_HumanEval/81:2:10:0,real,humaneval,8900ebef85192be8a1fb4f631fb051b9c2c14585f0c037133eeda5770cc17d36,False,False,reverse,0.1,-5.791375160217285,-5.571968078613281,False,False
3022,humaneval_HumanEval/81:2:10:0,real,humaneval,8900ebef85192be8a1fb4f631fb051b9c2c14585f0c037133eeda5770cc17d36,False,False,reverse,0.2,-5.789508819580078,-5.583684921264648,False,False
3022,humaneval_HumanEval/81:2:10:0,real,humaneval,8900ebef85192be8a1fb4f631fb051b9c2c14585f0c037133eeda5770cc17d36,False,False,reverse,0.4,-5.876257419586182,-5.6291985511779785,False,False
3022,humaneval_HumanEval/81:2:10:0,real,humaneval,8900ebef85192be8a1fb4f631fb051b9c2c14585f0c037133eeda5770cc17d36,False,False,random,0.02,-5.7889204025268555,-5.567381858825684,False,False
3022,humaneval_HumanEval/81:2:10:0,real,humaneval,8900ebef85192be8a1fb4f631fb051b9c2c14585f0c037133eeda5770cc17d36,False,False,random,0.05,-5.785586833953857,-5.56404972076416,False,False
3022,humaneval_HumanEval/81:2:10:0,real,humaneval,8900ebef85192be8a1fb4f631fb051b9c2c14585f0c037133eeda5770cc17d36,False,False,random,0.1,-5.791201591491699,-5.571791648864746,False,False
3022,humaneval_HumanEval/81:2:10:0,real,humaneval,8900ebef85192be8a1fb4f631fb051b9c2c14585f0c037133eeda5770cc17d36,False,False,random,0.2,-5.777434825897217,-5.5558977127075195,False,False
3022,humaneval_HumanEval/81:2:10:0,real,humaneval,8900ebef85192be8a1fb4f631fb051b9c2c14585f0c037133eeda5770cc17d36,False,False,random,0.4,-5.774839878082275,-5.555636405944824,False,False
3022,humaneval_HumanEval/81:2:10:0,real,humaneval,8900ebef85192be8a1fb4f631fb051b9c2c14585f0c037133eeda5770cc17d36,False,False,shuffled,0.02,-5.793281555175781,-5.571743965148926,False,False
3022,humaneval_HumanEval/81:2:10:0,real,humaneval,8900ebef85192be8a1fb4f631fb051b9c2c14585f0c037133eeda5770cc17d36,False,False,shuffled,0.05,-5.777090072631836,-5.573602199554443,False,False
3022,humaneval_HumanEval/81:2:10:0,real,humaneval,8900ebef85192be8a1fb4f631fb051b9c2c14585f0c037133eeda5770cc17d36,False,False,shuffled,0.1,-5.77388334274292,-5.554566383361816,False,False
3022,humaneval_HumanEval/81:2:10:0,real,humaneval,8900ebef85192be8a1fb4f631fb051b9c2c14585f0c037133eeda5770cc17d36,False,False,shuffled,0.2,-5.797907829284668,-5.576372146606445,False,False
3022,humaneval_HumanEval/81:2:10:0,real,humaneval,8900ebef85192be8a1fb4f631fb051b9c2c14585f0c037133eeda5770cc17d36,False,False,shuffled,0.4,-5.817188262939453,-5.595431327819824,False,False
3022,humaneval_HumanEval/81:2:10:0,real,humaneval,8900ebef85192be8a1fb4f631fb051b9c2c14585f0c037133eeda5770cc17d36,False,False,wrong_site,0.02,-5.790194511413574,-5.568659782409668,False,False
3022,humaneval_HumanEval/81:2:10:0,real,humaneval,8900ebef85192be8a1fb4f631fb051b9c2c14585f0c037133eeda5770cc17d36,False,False,wrong_site,0.05,-5.772719383239746,-5.553310394287109,False,False
3022,humaneval_HumanEval/81:2:10:0,real,humaneval,8900ebef85192be8a1fb4f631fb051b9c2c14585f0c037133eeda5770cc17d36,False,False,wrong_site,0.1,-5.787222862243652,-5.5656867027282715,False,False
3022,humaneval_HumanEval/81:2:10:0,real,humaneval,8900ebef85192be8a1fb4f631fb051b9c2c14585f0c037133eeda5770cc17d36,False,False,wrong_site,0.2,-5.780029296875,-5.558492183685303,False,False
3022,humaneval_HumanEval/81:2:10:0,real,humaneval,8900ebef85192be8a1fb4f631fb051b9c2c14585f0c037133eeda5770cc17d36,False,False,wrong_site,0.4,-5.7816267013549805,-5.559736251831055,False,False
3022,humaneval_HumanEval/81:2:10:0,real,humaneval,8900ebef85192be8a1fb4f631fb051b9c2c14585f0c037133eeda5770cc17d36,False,False,answer_site,0.02,-5.781001567840576,-5.567561149597168,False,False
3022,humaneval_HumanEval/81:2:10:0,real,humaneval,8900ebef85192be8a1fb4f631fb051b9c2c14585f0c037133eeda5770cc17d36,False,False,answer_site,0.05,-5.782753944396973,-5.574012756347656,False,False
3022,humaneval_HumanEval/81:2:10:0,real,humaneval,8900ebef85192be8a1fb4f631fb051b9c2c14585f0c037133eeda5770cc17d36,False,False,answer_site,0.1,-5.758579254150391,-5.575787544250488,False,False
3022,humaneval_HumanEval/81:2:10:0,real,humaneval,8900ebef85192be8a1fb4f631fb051b9c2c14585f0c037133eeda5770cc17d36,False,False,answer_site,0.2,-5.787126541137695,-5.561711311340332,False,False
3022,humaneval_HumanEval/81:2:10:0,real,humaneval,8900ebef85192be8a1fb4f631fb051b9c2c14585f0c037133eeda5770cc17d36,False,False,answer_site,0.4,-8.664830207824707,-8.433858871459961,False,False
3022,humaneval_HumanEval/81:2:10:0,real,humaneval,8900ebef85192be8a1fb4f631fb051b9c2c14585f0c037133eeda5770cc17d36,False,False,actuator_cond,0.02,-5.786800384521484,-5.567391395568848,False,False
3022,humaneval_HumanEval/81:2:10:0,real,humaneval,8900ebef85192be8a1fb4f631fb051b9c2c14585f0c037133eeda5770cc17d36,False,False,actuator_cond,0.05,-5.786799430847168,-5.567389965057373,False,False
3022,humaneval_HumanEval/81:2:10:0,real,humaneval,8900ebef85192be8a1fb4f631fb051b9c2c14585f0c037133eeda5770cc17d36,False,False,actuator_cond,0.1,-5.790075302124023,-5.570669174194336,False,False
3022,humaneval_HumanEval/81:2:10:0,real,humaneval,8900ebef85192be8a1fb4f631fb051b9c2c14585f0c037133eeda5770cc17d36,False,False,actuator_cond,0.2,-5.76912260055542,-5.549800395965576,False,False
3022,humaneval_HumanEval/81:2:10:0,real,humaneval,8900ebef85192be8a1fb4f631fb051b9c2c14585f0c037133eeda5770cc17d36,False,False,actuator_cond,0.4,-5.837037563323975,-5.5996270179748535,False,False
3022,humaneval_HumanEval/81:2:10:0,real,humaneval,8900ebef85192be8a1fb4f631fb051b9c2c14585f0c037133eeda5770cc17d36,False,False,actuator_answer,0.02,-5.759256839752197,-5.565700054168701,False,False
3022,humaneval_HumanEval/81:2:10:0,real,humaneval,8900ebef85192be8a1fb4f631fb051b9c2c14585f0c037133eeda5770cc17d36,False,False,actuator_answer,0.05,-5.721022129058838,-5.54296875,False,False
3022,humaneval_HumanEval/81:2:10:0,real,humaneval,8900ebef85192be8a1fb4f631fb051b9c2c14585f0c037133eeda5770cc17d36,False,False,actuator_answer,0.1,-5.671180248260498,-5.536274433135986,False,False
3022,humaneval_HumanEval/81:2:10:0,real,humaneval,8900ebef85192be8a1fb4f631fb051b9c2c14585f0c037133eeda5770cc17d36,False,False,actuator_answer,0.2,-5.992399215698242,-5.951047897338867,False,False
3022,humaneval_HumanEval/81:2:10:0,real,humaneval,8900ebef85192be8a1fb4f631fb051b9c2c14585f0c037133eeda5770cc17d36,False,False,actuator_answer,0.4,-7.708456993103027,-7.667043685913086,False,False
3023,humaneval_HumanEval/81:2:10:1,real,humaneval,8900ebef85192be8a1fb4f631fb051b9c2c14585f0c037133eeda5770cc17d36,True,False,baseline,0.0,-6.708822250366211,-6.994303226470947,False,False
3023,humaneval_HumanEval/81:2:10:1,real,humaneval,8900ebef85192be8a1fb4f631fb051b9c2c14585f0c037133eeda5770cc17d36,True,False,semantic,0.02,-6.751595497131348,-7.021451473236084,False,False
3023,humaneval_HumanEval/81:2:10:1,real,humaneval,8900ebef85192be8a1fb4f631fb051b9c2c14585f0c037133eeda5770cc17d36,True,False,semantic,0.05,-6.743517875671387,-7.031989097595215,False,False
3023,humaneval_HumanEval/81:2:10:1,real,humaneval,8900ebef85192be8a1fb4f631fb051b9c2c14585f0c037133eeda5770cc17d36,True,False,semantic,0.1,-6.741061210632324,-7.010919570922852,False,False
3023,humaneval_HumanEval/81:2:10:1,real,humaneval,8900ebef85192be8a1fb4f631fb051b9c2c14585f0c037133eeda5770cc17d36,True,False,semantic,0.2,-6.765728950500488,-7.019965648651123,False,False
3023,humaneval_HumanEval/81:2:10:1,real,humaneval,8900ebef85192be8a1fb4f631fb051b9c2c14585f0c037133eeda5770cc17d36,True,False,semantic,0.4,-6.7986249923706055,-7.090559005737305,False,False
3023,humaneval_HumanEval/81:2:10:1,real,humaneval,8900ebef85192be8a1fb4f631fb051b9c2c14585f0c037133eeda5770cc17d36,True,False,reverse,0.02,-6.7384748458862305,-7.008331298828125,False,False
3023,humaneval_HumanEval/81:2:10:1,real,humaneval,8900ebef85192be8a1fb4f631fb051b9c2c14585f0c037133eeda5770cc17d36,True,False,reverse,0.05,-6.723581790924072,-7.009062767028809,False,False
3023,humaneval_HumanEval/81:2:10:1,real,humaneval,8900ebef85192be8a1fb4f631fb051b9c2c14585f0c037133eeda5770cc17d36,True,False,reverse,0.1,-6.723572254180908,-7.009052276611328,False,False
3023,humaneval_HumanEval/81:2:10:1,real,humaneval,8900ebef85192be8a1fb4f631fb051b9c2c14585f0c037133eeda5770cc17d36,True,False,reverse,0.2,-6.7095232009887695,-6.998003005981445,False,False
3023,humaneval_HumanEval/81:2:10:1,real,humaneval,8900ebef85192be8a1fb4f631fb051b9c2c14585f0c037133eeda5770cc17d36,True,False,reverse,0.4,-6.704345226287842,-6.990841865539551,False,False
3023,humaneval_HumanEval/81:2:10:1,real,humaneval,8900ebef85192be8a1fb4f631fb051b9c2c14585f0c037133eeda5770cc17d36,True,False,random,0.02,-6.723578453063965,-7.009059429168701,False,False
3023,humaneval_HumanEval/81:2:10:1,real,humaneval,8900ebef85192be8a1fb4f631fb051b9c2c14585f0c037133eeda5770cc17d36,True,False,random,0.05,-6.737845420837402,-7.007701396942139,False,False
3023,humaneval_HumanEval/81:2:10:1,real,humaneval,8900ebef85192be8a1fb4f631fb051b9c2c14585f0c037133eeda5770cc17d36,True,False,random,0.1,-6.741236686706543,-7.011092662811279,False,False
3023,humaneval_HumanEval/81:2:10:1,real,humaneval,8900ebef85192be8a1fb4f631fb051b9c2c14585f0c037133eeda5770cc17d36,True,False,random,0.2,-6.7306647300720215,-7.016147136688232,False,False
3023,humaneval_HumanEval/81:2:10:1,real,humaneval,8900ebef85192be8a1fb4f631fb051b9c2c14585f0c037133eeda5770cc17d36,True,False,random,0.4,-6.735461235046387,-7.001347541809082,False,False
3023,humaneval_HumanEval/81:2:10:1,real,humaneval,8900ebef85192be8a1fb4f631fb051b9c2c14585f0c037133eeda5770cc17d36,True,False,shuffled,0.02,-6.73066520690918,-7.0151262283325195,False,False
3023,humaneval_HumanEval/81:2:10:1,real,humaneval,8900ebef85192be8a1fb4f631fb051b9c2c14585f0c037133eeda5770cc17d36,True,False,shuffled,0.05,-6.730673789978027,-7.0161542892456055,False,False
3023,humaneval_HumanEval/81:2:10:1,real,humaneval,8900ebef85192be8a1fb4f631fb051b9c2c14585f0c037133eeda5770cc17d36,True,False,shuffled,0.1,-6.721120834350586,-7.0066022872924805,False,False
3023,humaneval_HumanEval/81:2:10:1,real,humaneval,8900ebef85192be8a1fb4f631fb051b9c2c14585f0c037133eeda5770cc17d36,True,False,shuffled,0.2,-6.715708255767822,-6.984494686126709,False,False
3023,humaneval_HumanEval/81:2:10:1,real,humaneval,8900ebef85192be8a1fb4f631fb051b9c2c14585f0c037133eeda5770cc17d36,True,False,shuffled,0.4,-6.667157173156738,-6.901792526245117,False,False
3023,humaneval_HumanEval/81:2:10:1,real,humaneval,8900ebef85192be8a1fb4f631fb051b9c2c14585f0c037133eeda5770cc17d36,True,False,wrong_site,0.02,-6.723353862762451,-7.008834362030029,False,False
3023,humaneval_HumanEval/81:2:10:1,real,humaneval,8900ebef85192be8a1fb4f631fb051b9c2c14585f0c037133eeda5770cc17d36,True,False,wrong_site,0.05,-6.7354865074157715,-7.005340576171875,False,False
3023,humaneval_HumanEval/81:2:10:1,real,humaneval,8900ebef85192be8a1fb4f631fb051b9c2c14585f0c037133eeda5770cc17d36,True,False,wrong_site,0.1,-6.738310813903809,-7.007149696350098,False,False
3023,humaneval_HumanEval/81:2:10:1,real,humaneval,8900ebef85192be8a1fb4f631fb051b9c2c14585f0c037133eeda5770cc17d36,True,False,wrong_site,0.2,-6.743709564208984,-7.01661491394043,False,False
3023,humaneval_HumanEval/81:2:10:1,real,humaneval,8900ebef85192be8a1fb4f631fb051b9c2c14585f0c037133eeda5770cc17d36,True,False,wrong_site,0.4,-6.73983907699585,-7.031501293182373,False,False
3023,humaneval_HumanEval/81:2:10:1,real,humaneval,8900ebef85192be8a1fb4f631fb051b9c2c14585f0c037133eeda5770cc17d36,True,False,answer_site,0.02,-6.704418659210205,-6.9800872802734375,False,False
3023,humaneval_HumanEval/81:2:10:1,real,humaneval,8900ebef85192be8a1fb4f631fb051b9c2c14585f0c037133eeda5770cc17d36,True,False,answer_site,0.05,-6.649890422821045,-6.95023250579834,False,False
3023,humaneval_HumanEval/81:2:10:1,real,humaneval,8900ebef85192be8a1fb4f631fb051b9c2c14585f0c037133eeda5770cc17d36,True,False,answer_site,0.1,-6.578681945800781,-6.869899749755859,False,False
3023,humaneval_HumanEval/81:2:10:1,real,humaneval,8900ebef85192be8a1fb4f631fb051b9c2c14585f0c037133eeda5770cc17d36,True,False,answer_site,0.2,-6.75017786026001,-7.050957679748535,False,False
3023,humaneval_HumanEval/81:2:10:1,real,humaneval,8900ebef85192be8a1fb4f631fb051b9c2c14585f0c037133eeda5770cc17d36,True,False,answer_site,0.4,-7.824680328369141,-8.105012893676758,False,False
3023,humaneval_HumanEval/81:2:10:1,real,humaneval,8900ebef85192be8a1fb4f631fb051b9c2c14585f0c037133eeda5770cc17d36,True,False,actuator_cond,0.02,-6.728847026824951,-6.9987030029296875,False,False
3023,humaneval_HumanEval/81:2:10:1,real,humaneval,8900ebef85192be8a1fb4f631fb051b9c2c14585f0c037133eeda5770cc17d36,True,False,actuator_cond,0.05,-6.743198871612549,-7.013050079345703,False,False
3023,humaneval_HumanEval/81:2:10:1,real,humaneval,8900ebef85192be8a1fb4f631fb051b9c2c14585f0c037133eeda5770cc17d36,True,False,actuator_cond,0.1,-6.72823429107666,-7.0137104988098145,False,False
3023,humaneval_HumanEval/81:2:10:1,real,humaneval,8900ebef85192be8a1fb4f631fb051b9c2c14585f0c037133eeda5770cc17d36,True,False,actuator_cond,0.2,-6.749663352966309,-7.019587516784668,False,False
3023,humaneval_HumanEval/81:2:10:1,real,humaneval,8900ebef85192be8a1fb4f631fb051b9c2c14585f0c037133eeda5770cc17d36,True,False,actuator_cond,0.4,-6.74464225769043,-7.03153133392334,False,False
3023,humaneval_HumanEval/81:2:10:1,real,humaneval,8900ebef85192be8a1fb4f631fb051b9c2c14585f0c037133eeda5770cc17d36,True,False,actuator_answer,0.02,-6.770283222198486,-7.067018508911133,False,False
3023,humaneval_HumanEval/81:2:10:1,real,humaneval,8900ebef85192be8a1fb4f631fb051b9c2c14585f0c037133eeda5770cc17d36,True,False,actuator_answer,0.05,-6.82219123840332,-7.146320343017578,False,False
3023,humaneval_HumanEval/81:2:10:1,real,humaneval,8900ebef85192be8a1fb4f631fb051b9c2c14585f0c037133eeda5770cc17d36,True,False,actuator_answer,0.1,-6.953532695770264,-7.332489967346191,False,False
3023,humaneval_HumanEval/81:2:10:1,real,humaneval,8900ebef85192be8a1fb4f631fb051b9c2c14585f0c037133eeda5770cc17d36,True,False,actuator_answer,0.2,-7.555944442749023,-8.016586303710938,False,False
3023,humaneval_HumanEval/81:2:10:1,real,humaneval,8900ebef85192be8a1fb4f631fb051b9c2c14585f0c037133eeda5770cc17d36,True,False,actuator_answer,0.4,-21.18040657043457,-21.631555557250977,False,False
3024,humaneval_HumanEval/81:2:11:0,real,humaneval,8900ebef85192be8a1fb4f631fb051b9c2c14585f0c037133eeda5770cc17d36,True,False,baseline,0.0,-5.779269695281982,-2.7318530082702637,False,False
3024,humaneval_HumanEval/81:2:11:0,real,humaneval,8900ebef85192be8a1fb4f631fb051b9c2c14585f0c037133eeda5770cc17d36,True,False,semantic,0.02,-5.785593509674072,-2.7354750633239746,False,False
3024,humaneval_HumanEval/81:2:11:0,real,humaneval,8900ebef85192be8a1fb4f631fb051b9c2c14585f0c037133eeda5770cc17d36,True,False,semantic,0.05,-5.785633563995361,-2.7305455207824707,False,False
3024,humaneval_HumanEval/81:2:11:0,real,humaneval,8900ebef85192be8a1fb4f631fb051b9c2c14585f0c037133eeda5770cc17d36,True,False,semantic,0.1,-5.780172348022461,-2.7356622219085693,False,False
3024,humaneval_HumanEval/81:2:11:0,real,humaneval,8900ebef85192be8a1fb4f631fb051b9c2c14585f0c037133eeda5770cc17d36,True,False,semantic,0.2,-5.7701005935668945,-2.7361035346984863,False,False
3024,humaneval_HumanEval/81:2:11:0,real,humaneval,8900ebef85192be8a1fb4f631fb051b9c2c14585f0c037133eeda5770cc17d36,True,False,semantic,0.4,-5.835552215576172,-2.7300877571105957,False,False
3024,humaneval_HumanEval/81:2:11:0,real,humaneval,8900ebef85192be8a1fb4f631fb051b9c2c14585f0c037133eeda5770cc17d36,True,False,reverse,0.02,-5.77672004699707,-2.7275919914245605,False,False
3024,humaneval_HumanEval/81:2:11:0,real,humaneval,8900ebef85192be8a1fb4f631fb051b9c2c14585f0c037133eeda5770cc17d36,True,False,reverse,0.05,-5.782706260681152,-2.725825786590576,False,False
3024,humaneval_HumanEval/81:2:11:0,real,humaneval,8900ebef85192be8a1fb4f631fb051b9c2c14585f0c037133eeda5770cc17d36,True,False,reverse,0.1,-5.770434856414795,-2.709815502166748,False,False
3024,humaneval_HumanEval/81:2:11:0,real,humaneval,8900ebef85192be8a1fb4f631fb051b9c2c14585f0c037133eeda5770cc17d36,True,False,reverse,0.2,-5.7715044021606445,-2.6826820373535156,False,False
3024,humaneval_HumanEval/81:2:11:0,real,humaneval,8900ebef85192be8a1fb4f631fb051b9c2c14585f0c037133eeda5770cc17d36,True,False,reverse,0.4,-5.765408992767334,-2.700716495513916,False,False
3024,humaneval_HumanEval/81:2:11:0,real,humaneval,8900ebef85192be8a1fb4f631fb051b9c2c14585f0c037133eeda5770cc17d36,True,False,random,0.02,-5.784769058227539,-2.742827892303467,False,False
3024,humaneval_HumanEval/81:2:11:0,real,humaneval,8900ebef85192be8a1fb4f631fb051b9c2c14585f0c037133eeda5770cc17d36,True,False,random,0.05,-5.790532112121582,-2.7249701023101807,False,False
3024,humaneval_HumanEval/81:2:11:0,real,humaneval,8900ebef85192be8a1fb4f631fb051b9c2c14585f0c037133eeda5770cc17d36,True,False,random,0.1,-5.777907371520996,-2.7302515506744385,False,False
3024,humaneval_HumanEval/81:2:11:0,real,humaneval,8900ebef85192be8a1fb4f631fb051b9c2c14585f0c037133eeda5770cc17d36,True,False,random,0.2,-5.776640892028809,-2.7314083576202393,False,False
3024,humaneval_HumanEval/81:2:11:0,real,humaneval,8900ebef85192be8a1fb4f631fb051b9c2c14585f0c037133eeda5770cc17d36,True,False,random,0.4,-5.77402925491333,-2.711864709854126,False,False
3024,humaneval_HumanEval/81:2:11:0,real,humaneval,8900ebef85192be8a1fb4f631fb051b9c2c14585f0c037133eeda5770cc17d36,True,False,shuffled,0.02,-5.7803955078125,-2.7342047691345215,False,False
3024,humaneval_HumanEval/81:2:11:0,real,humaneval,8900ebef85192be8a1fb4f631fb051b9c2c14585f0c037133eeda5770cc17d36,True,False,shuffled,0.05,-5.773221969604492,-2.7285149097442627,False,False
3024,humaneval_HumanEval/81:2:11:0,real,humaneval,8900ebef85192be8a1fb4f631fb051b9c2c14585f0c037133eeda5770cc17d36,True,False,shuffled,0.1,-5.769213676452637,-2.739840030670166,False,False
3024,humaneval_HumanEval/81:2:11:0,real,humaneval,8900ebef85192be8a1fb4f631fb051b9c2c14585f0c037133eeda5770cc17d36,True,False,shuffled,0.2,-5.7689008712768555,-2.7371392250061035,False,False
3024,humaneval_HumanEval/81:2:11:0,real,humaneval,8900ebef85192be8a1fb4f631fb051b9c2c14585f0c037133eeda5770cc17d36,True,False,shuffled,0.4,-5.6908769607543945,-2.77462100982666,False,False
3024,humaneval_HumanEval/81:2:11:0,real,humaneval,8900ebef85192be8a1fb4f631fb051b9c2c14585f0c037133eeda5770cc17d36,True,False,wrong_site,0.02,-5.7723388671875,-2.7232134342193604,False,False
3024,humaneval_HumanEval/81:2:11:0,real,humaneval,8900ebef85192be8a1fb4f631fb051b9c2c14585f0c037133eeda5770cc17d36,True,False,wrong_site,0.05,-5.781994342803955,-2.72182559967041,False,False
3024,humaneval_HumanEval/81:2:11:0,real,humaneval,8900ebef85192be8a1fb4f631fb051b9c2c14585f0c037133eeda5770cc17d36,True,False,wrong_site,0.1,-5.7723388671875,-2.7110595703125,False,False
3024,humaneval_HumanEval/81:2:11:0,real,humaneval,8900ebef85192be8a1fb4f631fb051b9c2c14585f0c037133eeda5770cc17d36,True,False,wrong_site,0.2,-5.791045188903809,-2.7324204444885254,False,False
3024,humaneval_HumanEval/81:2:11:0,real,humaneval,8900ebef85192be8a1fb4f631fb051b9c2c14585f0c037133eeda5770cc17d36,True,False,wrong_site,0.4,-5.781344413757324,-2.7355785369873047,False,False
3024,humaneval_HumanEval/81:2:11:0,real,humaneval,8900ebef85192be8a1fb4f631fb051b9c2c14585f0c037133eeda5770cc17d36,True,False,answer_site,0.02,-5.775479793548584,-2.7250566482543945,False,False
3024,humaneval_HumanEval/81:2:11:0,real,humaneval,8900ebef85192be8a1fb4f631fb051b9c2c14585f0c037133eeda5770cc17d36,True,False,answer_site,0.05,-5.798933982849121,-2.7102973461151123,False,False
3024,humaneval_HumanEval/81:2:11:0,real,humaneval,8900ebef85192be8a1fb4f631fb051b9c2c14585f0c037133eeda5770cc17d36,True,False,answer_site,0.1,-5.795566558837891,-2.684504985809326,False,False
3024,humaneval_HumanEval/81:2:11:0,real,humaneval,8900ebef85192be8a1fb4f631fb051b9c2c14585f0c037133eeda5770cc17d36,True,False,answer_site,0.2,-6.040477752685547,-2.833218574523926,False,False
3024,humaneval_HumanEval/81:2:11:0,real,humaneval,8900ebef85192be8a1fb4f631fb051b9c2c14585f0c037133eeda5770cc17d36,True,False,answer_site,0.4,-7.234017372131348,-3.90997314453125,False,False
3024,humaneval_HumanEval/81:2:11:0,real,humaneval,8900ebef85192be8a1fb4f631fb051b9c2c14585f0c037133eeda5770cc17d36,True,False,actuator_cond,0.02,-5.774635314941406,-2.7291042804718018,False,False
3024,humaneval_HumanEval/81:2:11:0,real,humaneval,8900ebef85192be8a1fb4f631fb051b9c2c14585f0c037133eeda5770cc17d36,True,False,actuator_cond,0.05,-5.779905796051025,-2.7274703979492188,False,False
3024,humaneval_HumanEval/81:2:11:0,real,humaneval,8900ebef85192be8a1fb4f631fb051b9c2c14585f0c037133eeda5770cc17d36,True,False,actuator_cond,0.1,-5.770441055297852,-2.7309212684631348,False,False
3024,humaneval_HumanEval/81:2:11:0,real,humaneval,8900ebef85192be8a1fb4f631fb051b9c2c14585f0c037133eeda5770cc17d36,True,False,actuator_cond,0.2,-5.771213531494141,-2.7378323078155518,False,False
3024,humaneval_HumanEval/81:2:11:0,real,humaneval,8900ebef85192be8a1fb4f631fb051b9c2c14585f0c037133eeda5770cc17d36,True,False,actuator_cond,0.4,-5.642505645751953,-3.4225480556488037,False,False
3024,humaneval_HumanEval/81:2:11:0,real,humaneval,8900ebef85192be8a1fb4f631fb051b9c2c14585f0c037133eeda5770cc17d36,True,False,actuator_answer,0.02,-5.77681827545166,-2.730693817138672,False,False
3024,humaneval_HumanEval/81:2:11:0,real,humaneval,8900ebef85192be8a1fb4f631fb051b9c2c14585f0c037133eeda5770cc17d36,True,False,actuator_answer,0.05,-5.747635841369629,-2.7133374214172363,False,False
3024,humaneval_HumanEval/81:2:11:0,real,humaneval,8900ebef85192be8a1fb4f631fb051b9c2c14585f0c037133eeda5770cc17d36,True,False,actuator_answer,0.1,-5.706963062286377,-2.733302116394043,False,False
3024,humaneval_HumanEval/81:2:11:0,real,humaneval,8900ebef85192be8a1fb4f631fb051b9c2c14585f0c037133eeda5770cc17d36,True,False,actuator_answer,0.2,-5.7741312980651855,-2.9188148975372314,False,False
3024,humaneval_HumanEval/81:2:11:0,real,humaneval,8900ebef85192be8a1fb4f631fb051b9c2c14585f0c037133eeda5770cc17d36,True,False,actuator_answer,0.4,-7.389842987060547,-4.873986721038818,False,False
