row,member_id,split,source,group,taken,capable,condition,dose,logp_o,logp_flip,exact_o,exact_flip
2865,mbpp_453:0:2:0,real,mbpp,4830471b9553729204f3248542aac99b34066db7128653ce25cfd15d1d6839a0,False,False,baseline,0.0,-4.902615547180176,-6.394794464111328,False,False
2865,mbpp_453:0:2:0,real,mbpp,4830471b9553729204f3248542aac99b34066db7128653ce25cfd15d1d6839a0,False,False,semantic,0.02,-4.904719829559326,-6.387889862060547,False,False
2865,mbpp_453:0:2:0,real,mbpp,4830471b9553729204f3248542aac99b34066db7128653ce25cfd15d1d6839a0,False,False,semantic,0.05,-4.900224208831787,-6.375903129577637,False,False
2865,mbpp_453:0:2:0,real,mbpp,4830471b9553729204f3248542aac99b34066db7128653ce25cfd15d1d6839a0,False,False,semantic,0.1,-4.929265975952148,-6.390936851501465,False,False
2865,mbpp_453:0:2:0,real,mbpp,4830471b9553729204f3248542aac99b34066db7128653ce25cfd15d1d6839a0,False,False,semantic,0.2,-4.92784309387207,-6.40036678314209,False,False
2865,mbpp_453:0:2:0,real,mbpp,4830471b9553729204f3248542aac99b34066db7128653ce25cfd15d1d6839a0,False,False,semantic,0.4,-4.954054355621338,-6.385034561157227,False,False
2865,mbpp_453:0:2:0,real,mbpp,4830471b9553729204f3248542aac99b34066db7128653ce25cfd15d1d6839a0,False,False,reverse,0.02,-4.901792049407959,-6.387979030609131,False,False
2865,mbpp_453:0:2:0,real,mbpp,4830471b9553729204f3248542aac99b34066db7128653ce25cfd15d1d6839a0,False,False,reverse,0.05,-4.910590171813965,-6.38793420791626,False,False
2865,mbpp_453:0:2:0,real,mbpp,4830471b9553729204f3248542aac99b34066db7128653ce25cfd15d1d6839a0,False,False,reverse,0.1,-4.9041852951049805,-6.3969621658325195,False,False
2865,mbpp_453:0:2:0,real,mbpp,4830471b9553729204f3248542aac99b34066db7128653ce25cfd15d1d6839a0,False,False,reverse,0.2,-4.873789310455322,-6.401477813720703,False,False
2865,mbpp_453:0:2:0,real,mbpp,4830471b9553729204f3248542aac99b34066db7128653ce25cfd15d1d6839a0,False,False,reverse,0.4,-4.847805500030518,-6.4013352394104,False,False
2865,mbpp_453:0:2:0,real,mbpp,4830471b9553729204f3248542aac99b34066db7128653ce25cfd15d1d6839a0,False,False,random,0.02,-4.9090752601623535,-6.389687538146973,False,False
2865,mbpp_453:0:2:0,real,mbpp,4830471b9553729204f3248542aac99b34066db7128653ce25cfd15d1d6839a0,False,False,random,0.05,-4.912541389465332,-6.397644996643066,False,False
2865,mbpp_453:0:2:0,real,mbpp,4830471b9553729204f3248542aac99b34066db7128653ce25cfd15d1d6839a0,False,False,random,0.1,-4.910741806030273,-6.397317409515381,False,False
2865,mbpp_453:0:2:0,real,mbpp,4830471b9553729204f3248542aac99b34066db7128653ce25cfd15d1d6839a0,False,False,random,0.2,-4.925848960876465,-6.3949689865112305,False,False
2865,mbpp_453:0:2:0,real,mbpp,4830471b9553729204f3248542aac99b34066db7128653ce25cfd15d1d6839a0,False,False,random,0.4,-4.926397323608398,-6.397937297821045,False,False
2865,mbpp_453:0:2:0,real,mbpp,4830471b9553729204f3248542aac99b34066db7128653ce25cfd15d1d6839a0,False,False,shuffled,0.02,-4.909590244293213,-6.409128189086914,False,False
2865,mbpp_453:0:2:0,real,mbpp,4830471b9553729204f3248542aac99b34066db7128653ce25cfd15d1d6839a0,False,False,shuffled,0.05,-4.911281585693359,-6.399701118469238,False,False
2865,mbpp_453:0:2:0,real,mbpp,4830471b9553729204f3248542aac99b34066db7128653ce25cfd15d1d6839a0,False,False,shuffled,0.1,-4.888837814331055,-6.394718170166016,False,False
2865,mbpp_453:0:2:0,real,mbpp,4830471b9553729204f3248542aac99b34066db7128653ce25cfd15d1d6839a0,False,False,shuffled,0.2,-4.88554573059082,-6.388916015625,False,False
2865,mbpp_453:0:2:0,real,mbpp,4830471b9553729204f3248542aac99b34066db7128653ce25cfd15d1d6839a0,False,False,shuffled,0.4,-4.87622594833374,-6.359081268310547,False,False
2865,mbpp_453:0:2:0,real,mbpp,4830471b9553729204f3248542aac99b34066db7128653ce25cfd15d1d6839a0,False,False,wrong_site,0.02,-4.913562297821045,-6.384488105773926,False,False
2865,mbpp_453:0:2:0,real,mbpp,4830471b9553729204f3248542aac99b34066db7128653ce25cfd15d1d6839a0,False,False,wrong_site,0.05,-4.901803016662598,-6.38325834274292,False,False
2865,mbpp_453:0:2:0,real,mbpp,4830471b9553729204f3248542aac99b34066db7128653ce25cfd15d1d6839a0,False,False,wrong_site,0.1,-4.904247283935547,-6.388184070587158,False,False
2865,mbpp_453:0:2:0,real,mbpp,4830471b9553729204f3248542aac99b34066db7128653ce25cfd15d1d6839a0,False,False,wrong_site,0.2,-4.9073052406311035,-6.389705657958984,False,False
2865,mbpp_453:0:2:0,real,mbpp,4830471b9553729204f3248542aac99b34066db7128653ce25cfd15d1d6839a0,False,False,wrong_site,0.4,-4.911344528198242,-6.390504360198975,False,False
2865,mbpp_453:0:2:0,real,mbpp,4830471b9553729204f3248542aac99b34066db7128653ce25cfd15d1d6839a0,False,False,answer_site,0.02,-4.888393402099609,-6.447039604187012,False,False
2865,mbpp_453:0:2:0,real,mbpp,4830471b9553729204f3248542aac99b34066db7128653ce25cfd15d1d6839a0,False,False,answer_site,0.05,-4.840474605560303,-6.575497150421143,False,False
2865,mbpp_453:0:2:0,real,mbpp,4830471b9553729204f3248542aac99b34066db7128653ce25cfd15d1d6839a0,False,False,answer_site,0.1,-4.861965656280518,-6.782219886779785,False,False
2865,mbpp_453:0:2:0,real,mbpp,4830471b9553729204f3248542aac99b34066db7128653ce25cfd15d1d6839a0,False,False,answer_site,0.2,-5.317505836486816,-6.982621192932129,False,False
2865,mbpp_453:0:2:0,real,mbpp,4830471b9553729204f3248542aac99b34066db7128653ce25cfd15d1d6839a0,False,False,answer_site,0.4,-5.653543472290039,-6.512542724609375,False,False
2865,mbpp_453:0:2:0,real,mbpp,4830471b9553729204f3248542aac99b34066db7128653ce25cfd15d1d6839a0,False,False,actuator_cond,0.02,-4.908046722412109,-6.391101360321045,False,False
2865,mbpp_453:0:2:0,real,mbpp,4830471b9553729204f3248542aac99b34066db7128653ce25cfd15d1d6839a0,False,False,actuator_cond,0.05,-4.908991813659668,-6.370504379272461,False,False
2865,mbpp_453:0:2:0,real,mbpp,4830471b9553729204f3248542aac99b34066db7128653ce25cfd15d1d6839a0,False,False,actuator_cond,0.1,-4.900256156921387,-6.373264312744141,False,False
2865,mbpp_453:0:2:0,real,mbpp,4830471b9553729204f3248542aac99b34066db7128653ce25cfd15d1d6839a0,False,False,actuator_cond,0.2,-4.8906025886535645,-6.372016906738281,False,False
2865,mbpp_453:0:2:0,real,mbpp,4830471b9553729204f3248542aac99b34066db7128653ce25cfd15d1d6839a0,False,False,actuator_cond,0.4,-4.895368576049805,-6.287981986999512,False,False
2865,mbpp_453:0:2:0,real,mbpp,4830471b9553729204f3248542aac99b34066db7128653ce25cfd15d1d6839a0,False,False,actuator_answer,0.02,-4.892821788787842,-6.331880569458008,False,False
2865,mbpp_453:0:2:0,real,mbpp,4830471b9553729204f3248542aac99b34066db7128653ce25cfd15d1d6839a0,False,False,actuator_answer,0.05,-4.864508628845215,-6.228432655334473,False,False
2865,mbpp_453:0:2:0,real,mbpp,4830471b9553729204f3248542aac99b34066db7128653ce25cfd15d1d6839a0,False,False,actuator_answer,0.1,-4.823444366455078,-5.9267730712890625,False,False
2865,mbpp_453:0:2:0,real,mbpp,4830471b9553729204f3248542aac99b34066db7128653ce25cfd15d1d6839a0,False,False,actuator_answer,0.2,-4.878775119781494,-5.35598611831665,False,False
2865,mbpp_453:0:2:0,real,mbpp,4830471b9553729204f3248542aac99b34066db7128653ce25cfd15d1d6839a0,False,False,actuator_answer,0.4,-5.423295021057129,-5.634707450866699,False,False
2866,mbpp_453:0:2:1,real,mbpp,4830471b9553729204f3248542aac99b34066db7128653ce25cfd15d1d6839a0,True,False,baseline,0.0,-3.494966506958008,-2.944209098815918,False,False
2866,mbpp_453:0:2:1,real,mbpp,4830471b9553729204f3248542aac99b34066db7128653ce25cfd15d1d6839a0,True,False,semantic,0.02,-3.495908737182617,-2.944208860397339,False,False
2866,mbpp_453:0:2:1,real,mbpp,4830471b9553729204f3248542aac99b34066db7128653ce25cfd15d1d6839a0,True,False,semantic,0.05,-3.489978790283203,-2.9398624897003174,False,False
2866,mbpp_453:0:2:1,real,mbpp,4830471b9553729204f3248542aac99b34066db7128653ce25cfd15d1d6839a0,True,False,semantic,0.1,-3.498405933380127,-2.932560920715332,False,False
2866,mbpp_453:0:2:1,real,mbpp,4830471b9553729204f3248542aac99b34066db7128653ce25cfd15d1d6839a0,True,False,semantic,0.2,-3.502211570739746,-2.9447073936462402,False,False
2866,mbpp_453:0:2:1,real,mbpp,4830471b9553729204f3248542aac99b34066db7128653ce25cfd15d1d6839a0,True,False,semantic,0.4,-3.5337631702423096,-2.952606678009033,False,False
2866,mbpp_453:0:2:1,real,mbpp,4830471b9553729204f3248542aac99b34066db7128653ce25cfd15d1d6839a0,True,False,reverse,0.02,-3.488743305206299,-2.9442086219787598,False,False
2866,mbpp_453:0:2:1,real,mbpp,4830471b9553729204f3248542aac99b34066db7128653ce25cfd15d1d6839a0,True,False,reverse,0.05,-3.4869022369384766,-2.9550747871398926,False,False
2866,mbpp_453:0:2:1,real,mbpp,4830471b9553729204f3248542aac99b34066db7128653ce25cfd15d1d6839a0,True,False,reverse,0.1,-3.4827873706817627,-2.955573081970215,False,False
2866,mbpp_453:0:2:1,real,mbpp,4830471b9553729204f3248542aac99b34066db7128653ce25cfd15d1d6839a0,True,False,reverse,0.2,-3.45235013961792,-2.9429264068603516,False,False
2866,mbpp_453:0:2:1,real,mbpp,4830471b9553729204f3248542aac99b34066db7128653ce25cfd15d1d6839a0,True,False,reverse,0.4,-3.3882477283477783,-2.9382967948913574,False,False
2866,mbpp_453:0:2:1,real,mbpp,4830471b9553729204f3248542aac99b34066db7128653ce25cfd15d1d6839a0,True,False,random,0.02,-3.4895827770233154,-2.9442083835601807,False,False
2866,mbpp_453:0:2:1,real,mbpp,4830471b9553729204f3248542aac99b34066db7128653ce25cfd15d1d6839a0,True,False,random,0.05,-3.500746011734009,-2.943314552307129,False,False
2866,mbpp_453:0:2:1,real,mbpp,4830471b9553729204f3248542aac99b34066db7128653ce25cfd15d1d6839a0,True,False,random,0.1,-3.5020556449890137,-2.9498748779296875,False,False
2866,mbpp_453:0:2:1,real,mbpp,4830471b9553729204f3248542aac99b34066db7128653ce25cfd15d1d6839a0,True,False,random,0.2,-3.4998722076416016,-2.948694944381714,False,False
2866,mbpp_453:0:2:1,real,mbpp,4830471b9553729204f3248542aac99b34066db7128653ce25cfd15d1d6839a0,True,False,random,0.4,-3.4868154525756836,-2.936746120452881,False,False
2866,mbpp_453:0:2:1,real,mbpp,4830471b9553729204f3248542aac99b34066db7128653ce25cfd15d1d6839a0,True,False,shuffled,0.02,-3.4947803020477295,-2.949446439743042,False,False
2866,mbpp_453:0:2:1,real,mbpp,4830471b9553729204f3248542aac99b34066db7128653ce25cfd15d1d6839a0,True,False,shuffled,0.05,-3.507335662841797,-2.9418764114379883,False,False
2866,mbpp_453:0:2:1,real,mbpp,4830471b9553729204f3248542aac99b34066db7128653ce25cfd15d1d6839a0,True,False,shuffled,0.1,-3.495577335357666,-2.947078227996826,False,False
2866,mbpp_453:0:2:1,real,mbpp,4830471b9553729204f3248542aac99b34066db7128653ce25cfd15d1d6839a0,True,False,shuffled,0.2,-3.4961626529693604,-2.9476423263549805,False,False
2866,mbpp_453:0:2:1,real,mbpp,4830471b9553729204f3248542aac99b34066db7128653ce25cfd15d1d6839a0,True,False,shuffled,0.4,-3.4467170238494873,-2.9277422428131104,False,False
2866,mbpp_453:0:2:1,real,mbpp,4830471b9553729204f3248542aac99b34066db7128653ce25cfd15d1d6839a0,True,False,wrong_site,0.02,-3.498138189315796,-2.9560015201568604,False,False
2866,mbpp_453:0:2:1,real,mbpp,4830471b9553729204f3248542aac99b34066db7128653ce25cfd15d1d6839a0,True,False,wrong_site,0.05,-3.5031588077545166,-2.948880910873413,False,False
2866,mbpp_453:0:2:1,real,mbpp,4830471b9553729204f3248542aac99b34066db7128653ce25cfd15d1d6839a0,True,False,wrong_site,0.1,-3.515394449234009,-2.9413962364196777,False,False
2866,mbpp_453:0:2:1,real,mbpp,4830471b9553729204f3248542aac99b34066db7128653ce25cfd15d1d6839a0,True,False,wrong_site,0.2,-3.5184507369995117,-2.94180965423584,False,False
2866,mbpp_453:0:2:1,real,mbpp,4830471b9553729204f3248542aac99b34066db7128653ce25cfd15d1d6839a0,True,False,wrong_site,0.4,-3.5203237533569336,-2.9443440437316895,False,False
2866,mbpp_453:0:2:1,real,mbpp,4830471b9553729204f3248542aac99b34066db7128653ce25cfd15d1d6839a0,True,False,answer_site,0.02,-3.5083065032958984,-2.943398952484131,False,False
2866,mbpp_453:0:2:1,real,mbpp,4830471b9553729204f3248542aac99b34066db7128653ce25cfd15d1d6839a0,True,False,answer_site,0.05,-3.5669312477111816,-2.947385787963867,False,False
2866,mbpp_453:0:2:1,real,mbpp,4830471b9553729204f3248542aac99b34066db7128653ce25cfd15d1d6839a0,True,False,answer_site,0.1,-3.6718640327453613,-3.023564338684082,False,False
2866,mbpp_453:0:2:1,real,mbpp,4830471b9553729204f3248542aac99b34066db7128653ce25cfd15d1d6839a0,True,False,answer_site,0.2,-3.8837599754333496,-3.319106101989746,False,False
2866,mbpp_453:0:2:1,real,mbpp,4830471b9553729204f3248542aac99b34066db7128653ce25cfd15d1d6839a0,True,False,answer_site,0.4,-4.133547306060791,-4.103324890136719,False,False
2866,mbpp_453:0:2:1,real,mbpp,4830471b9553729204f3248542aac99b34066db7128653ce25cfd15d1d6839a0,True,False,actuator_cond,0.02,-3.5044543743133545,-2.949873208999634,False,False
2866,mbpp_453:0:2:1,real,mbpp,4830471b9553729204f3248542aac99b34066db7128653ce25cfd15d1d6839a0,True,False,actuator_cond,0.05,-3.488210678100586,-2.952009677886963,False,False
2866,mbpp_453:0:2:1,real,mbpp,4830471b9553729204f3248542aac99b34066db7128653ce25cfd15d1d6839a0,True,False,actuator_cond,0.1,-3.4892024993896484,-2.9613595008850098,False,False
2866,mbpp_453:0:2:1,real,mbpp,4830471b9553729204f3248542aac99b34066db7128653ce25cfd15d1d6839a0,True,False,actuator_cond,0.2,-3.488025188446045,-2.9615440368652344,False,False
2866,mbpp_453:0:2:1,real,mbpp,4830471b9553729204f3248542aac99b34066db7128653ce25cfd15d1d6839a0,True,False,actuator_cond,0.4,-3.4624686241149902,-3.013978958129883,False,False
2866,mbpp_453:0:2:1,real,mbpp,4830471b9553729204f3248542aac99b34066db7128653ce25cfd15d1d6839a0,True,False,actuator_answer,0.02,-3.4726648330688477,-2.8340439796447754,False,False
2866,mbpp_453:0:2:1,real,mbpp,4830471b9553729204f3248542aac99b34066db7128653ce25cfd15d1d6839a0,True,False,actuator_answer,0.05,-3.414961338043213,-2.686692953109741,False,False
2866,mbpp_453:0:2:1,real,mbpp,4830471b9553729204f3248542aac99b34066db7128653ce25cfd15d1d6839a0,True,False,actuator_answer,0.1,-3.376410961151123,-2.5291666984558105,False,False
2866,mbpp_453:0:2:1,real,mbpp,4830471b9553729204f3248542aac99b34066db7128653ce25cfd15d1d6839a0,True,False,actuator_answer,0.2,-3.3794045448303223,-2.360913038253784,False,False
2866,mbpp_453:0:2:1,real,mbpp,4830471b9553729204f3248542aac99b34066db7128653ce25cfd15d1d6839a0,True,False,actuator_answer,0.4,-5.334212779998779,-0.5359483957290649,False,False
2867,mbpp_453:0:2:2,real,mbpp,4830471b9553729204f3248542aac99b34066db7128653ce25cfd15d1d6839a0,True,False,baseline,0.0,-4.2288818359375,-2.0515599250793457,False,False
2867,mbpp_453:0:2:2,real,mbpp,4830471b9553729204f3248542aac99b34066db7128653ce25cfd15d1d6839a0,True,False,semantic,0.02,-4.239260673522949,-2.0515594482421875,False,False
2867,mbpp_453:0:2:2,real,mbpp,4830471b9553729204f3248542aac99b34066db7128653ce25cfd15d1d6839a0,True,False,semantic,0.05,-4.2459259033203125,-2.040945053100586,False,False
2867,mbpp_453:0:2:2,real,mbpp,4830471b9553729204f3248542aac99b34066db7128653ce25cfd15d1d6839a0,True,False,semantic,0.1,-4.253000259399414,-2.046433687210083,False,False
2867,mbpp_453:0:2:2,real,mbpp,4830471b9553729204f3248542aac99b34066db7128653ce25cfd15d1d6839a0,True,False,semantic,0.2,-4.254940509796143,-2.047802448272705,False,False
2867,mbpp_453:0:2:2,real,mbpp,4830471b9553729204f3248542aac99b34066db7128653ce25cfd15d1d6839a0,True,False,semantic,0.4,-4.269076824188232,-2.056734085083008,False,False
2867,mbpp_453:0:2:2,real,mbpp,4830471b9553729204f3248542aac99b34066db7128653ce25cfd15d1d6839a0,True,False,reverse,0.02,-4.227232456207275,-2.0478100776672363,False,False
2867,mbpp_453:0:2:2,real,mbpp,4830471b9553729204f3248542aac99b34066db7128653ce25cfd15d1d6839a0,True,False,reverse,0.05,-4.227420806884766,-2.05269193649292,False,False
2867,mbpp_453:0:2:2,real,mbpp,4830471b9553729204f3248542aac99b34066db7128653ce25cfd15d1d6839a0,True,False,reverse,0.1,-4.233368396759033,-2.0576882362365723,False,False
2867,mbpp_453:0:2:2,real,mbpp,4830471b9553729204f3248542aac99b34066db7128653ce25cfd15d1d6839a0,True,False,reverse,0.2,-4.217357158660889,-2.0672268867492676,False,False
2867,mbpp_453:0:2:2,real,mbpp,4830471b9553729204f3248542aac99b34066db7128653ce25cfd15d1d6839a0,True,False,reverse,0.4,-4.229753494262695,-2.064962387084961,False,False
2867,mbpp_453:0:2:2,real,mbpp,4830471b9553729204f3248542aac99b34066db7128653ce25cfd15d1d6839a0,True,False,random,0.02,-4.230257034301758,-2.0509488582611084,False,False
2867,mbpp_453:0:2:2,real,mbpp,4830471b9553729204f3248542aac99b34066db7128653ce25cfd15d1d6839a0,True,False,random,0.05,-4.234237194061279,-2.051837921142578,False,False
2867,mbpp_453:0:2:2,real,mbpp,4830471b9553729204f3248542aac99b34066db7128653ce25cfd15d1d6839a0,True,False,random,0.1,-4.227587699890137,-2.0559232234954834,False,False
2867,mbpp_453:0:2:2,real,mbpp,4830471b9553729204f3248542aac99b34066db7128653ce25cfd15d1d6839a0,True,False,random,0.2,-4.226114273071289,-2.0643954277038574,False,False
2867,mbpp_453:0:2:2,real,mbpp,4830471b9553729204f3248542aac99b34066db7128653ce25cfd15d1d6839a0,True,False,random,0.4,-4.209448337554932,-2.0817558765411377,False,False
2867,mbpp_453:0:2:2,real,mbpp,4830471b9553729204f3248542aac99b34066db7128653ce25cfd15d1d6839a0,True,False,shuffled,0.02,-4.241939544677734,-2.0404860973358154,False,False
2867,mbpp_453:0:2:2,real,mbpp,4830471b9553729204f3248542aac99b34066db7128653ce25cfd15d1d6839a0,True,False,shuffled,0.05,-4.234208106994629,-2.0458984375,False,False
2867,mbpp_453:0:2:2,real,mbpp,4830471b9553729204f3248542aac99b34066db7128653ce25cfd15d1d6839a0,True,False,shuffled,0.1,-4.218714714050293,-2.04780912399292,False,False
2867,mbpp_453:0:2:2,real,mbpp,4830471b9553729204f3248542aac99b34066db7128653ce25cfd15d1d6839a0,True,False,shuffled,0.2,-4.233519077301025,-2.048586368560791,False,False
2867,mbpp_453:0:2:2,real,mbpp,4830471b9553729204f3248542aac99b34066db7128653ce25cfd15d1d6839a0,True,False,shuffled,0.4,-4.258266925811768,-2.0259828567504883,False,False
2867,mbpp_453:0:2:2,real,mbpp,4830471b9553729204f3248542aac99b34066db7128653ce25cfd15d1d6839a0,True,False,wrong_site,0.02,-4.233134746551514,-2.044839859008789,False,False
2867,mbpp_453:0:2:2,real,mbpp,4830471b9553729204f3248542aac99b34066db7128653ce25cfd15d1d6839a0,True,False,wrong_site,0.05,-4.241776466369629,-2.042567253112793,False,False
2867,mbpp_453:0:2:2,real,mbpp,4830471b9553729204f3248542aac99b34066db7128653ce25cfd15d1d6839a0,True,False,wrong_site,0.1,-4.24174690246582,-2.044799327850342,False,False
2867,mbpp_453:0:2:2,real,mbpp,4830471b9553729204f3248542aac99b34066db7128653ce25cfd15d1d6839a0,True,False,wrong_site,0.2,-4.231048583984375,-2.037806987762451,False,False
2867,mbpp_453:0:2:2,real,mbpp,4830471b9553729204f3248542aac99b34066db7128653ce25cfd15d1d6839a0,True,False,wrong_site,0.4,-4.2538652420043945,-2.0621914863586426,False,False
2867,mbpp_453:0:2:2,real,mbpp,4830471b9553729204f3248542aac99b34066db7128653ce25cfd15d1d6839a0,True,False,answer_site,0.02,-4.25241756439209,-2.1568775177001953,False,False
2867,mbpp_453:0:2:2,real,mbpp,4830471b9553729204f3248542aac99b34066db7128653ce25cfd15d1d6839a0,True,False,answer_site,0.05,-4.269233226776123,-2.3194799423217773,False,False
2867,mbpp_453:0:2:2,real,mbpp,4830471b9553729204f3248542aac99b34066db7128653ce25cfd15d1d6839a0,True,False,answer_site,0.1,-4.361496925354004,-2.558701992034912,False,False
2867,mbpp_453:0:2:2,real,mbpp,4830471b9553729204f3248542aac99b34066db7128653ce25cfd15d1d6839a0,True,False,answer_site,0.2,-4.682828426361084,-2.9775147438049316,False,False
2867,mbpp_453:0:2:2,real,mbpp,4830471b9553729204f3248542aac99b34066db7128653ce25cfd15d1d6839a0,True,False,answer_site,0.4,-5.485049724578857,-3.8196492195129395,False,False
2867,mbpp_453:0:2:2,real,mbpp,4830471b9553729204f3248542aac99b34066db7128653ce25cfd15d1d6839a0,True,False,actuator_cond,0.02,-4.2375946044921875,-2.058168888092041,False,False
2867,mbpp_453:0:2:2,real,mbpp,4830471b9553729204f3248542aac99b34066db7128653ce25cfd15d1d6839a0,True,False,actuator_cond,0.05,-4.235682487487793,-2.0718178749084473,False,False
2867,mbpp_453:0:2:2,real,mbpp,4830471b9553729204f3248542aac99b34066db7128653ce25cfd15d1d6839a0,True,False,actuator_cond,0.1,-4.215963363647461,-2.0915122032165527,False,False
2867,mbpp_453:0:2:2,real,mbpp,4830471b9553729204f3248542aac99b34066db7128653ce25cfd15d1d6839a0,True,False,actuator_cond,0.2,-4.1725897789001465,-2.1821274757385254,False,False
2867,mbpp_453:0:2:2,real,mbpp,4830471b9553729204f3248542aac99b34066db7128653ce25cfd15d1d6839a0,True,False,actuator_cond,0.4,-4.040905475616455,-2.364748239517212,False,False
2867,mbpp_453:0:2:2,real,mbpp,4830471b9553729204f3248542aac99b34066db7128653ce25cfd15d1d6839a0,True,False,actuator_answer,0.02,-4.373953819274902,-1.849191665649414,False,False
2867,mbpp_453:0:2:2,real,mbpp,4830471b9553729204f3248542aac99b34066db7128653ce25cfd15d1d6839a0,True,False,actuator_answer,0.05,-4.607629299163818,-1.5487502813339233,False,False
2867,mbpp_453:0:2:2,real,mbpp,4830471b9553729204f3248542aac99b34066db7128653ce25cfd15d1d6839a0,True,False,actuator_answer,0.1,-4.987321376800537,-1.2915947437286377,False,False
2867,mbpp_453:0:2:2,real,mbpp,4830471b9553729204f3248542aac99b34066db7128653ce25cfd15d1d6839a0,True,False,actuator_answer,0.2,-5.385451316833496,-1.3348592519760132,False,False
2867,mbpp_453:0:2:2,real,mbpp,4830471b9553729204f3248542aac99b34066db7128653ce25cfd15d1d6839a0,True,False,actuator_answer,0.4,-7.883626937866211,-0.29467257857322693,False,True
2868,mbpp_453:1:0:0,real,mbpp,4830471b9553729204f3248542aac99b34066db7128653ce25cfd15d1d6839a0,False,False,baseline,0.0,-4.599416255950928,-2.6490607261657715,False,False
2868,mbpp_453:1:0:0,real,mbpp,4830471b9553729204f3248542aac99b34066db7128653ce25cfd15d1d6839a0,False,False,semantic,0.02,-4.594347953796387,-2.6226730346679688,False,False
2868,mbpp_453:1:0:0,real,mbpp,4830471b9553729204f3248542aac99b34066db7128653ce25cfd15d1d6839a0,False,False,semantic,0.05,-4.604149341583252,-2.572390079498291,False,False
2868,mbpp_453:1:0:0,real,mbpp,4830471b9553729204f3248542aac99b34066db7128653ce25cfd15d1d6839a0,False,False,semantic,0.1,-4.621133327484131,-2.489757537841797,False,False
2868,mbpp_453:1:0:0,real,mbpp,4830471b9553729204f3248542aac99b34066db7128653ce25cfd15d1d6839a0,False,False,semantic,0.2,-4.634486675262451,-2.3583359718322754,False,False
2868,mbpp_453:1:0:0,real,mbpp,4830471b9553729204f3248542aac99b34066db7128653ce25cfd15d1d6839a0,False,False,semantic,0.4,-4.662957191467285,-2.113161563873291,False,False
2868,mbpp_453:1:0:0,real,mbpp,4830471b9553729204f3248542aac99b34066db7128653ce25cfd15d1d6839a0,False,False,reverse,0.02,-4.589655876159668,-2.6781394481658936,False,False
2868,mbpp_453:1:0:0,real,mbpp,4830471b9553729204f3248542aac99b34066db7128653ce25cfd15d1d6839a0,False,False,reverse,0.05,-4.588449001312256,-2.723256826400757,False,False
2868,mbpp_453:1:0:0,real,mbpp,4830471b9553729204f3248542aac99b34066db7128653ce25cfd15d1d6839a0,False,False,reverse,0.1,-4.573655128479004,-2.8021934032440186,False,False
2868,mbpp_453:1:0:0,real,mbpp,4830471b9553729204f3248542aac99b34066db7128653ce25cfd15d1d6839a0,False,False,reverse,0.2,-4.589469909667969,-2.920722246170044,False,False
2868,mbpp_453:1:0:0,real,mbpp,4830471b9553729204f3248542aac99b34066db7128653ce25cfd15d1d6839a0,False,False,reverse,0.4,-4.5818634033203125,-3.1265499591827393,False,False
2868,mbpp_453:1:0:0,real,mbpp,4830471b9553729204f3248542aac99b34066db7128653ce25cfd15d1d6839a0,False,False,random,0.02,-4.587477684020996,-2.649062395095825,False,False
2868,mbpp_453:1:0:0,real,mbpp,4830471b9553729204f3248542aac99b34066db7128653ce25cfd15d1d6839a0,False,False,random,0.05,-4.588871955871582,-2.649059534072876,False,False
2868,mbpp_453:1:0:0,real,mbpp,4830471b9553729204f3248542aac99b34066db7128653ce25cfd15d1d6839a0,False,False,random,0.1,-4.581306457519531,-2.650629758834839,False,False
2868,mbpp_453:1:0:0,real,mbpp,4830471b9553729204f3248542aac99b34066db7128653ce25cfd15d1d6839a0,False,False,random,0.2,-4.5970869064331055,-2.6635875701904297,False,False
2868,mbpp_453:1:0:0,real,mbpp,4830471b9553729204f3248542aac99b34066db7128653ce25cfd15d1d6839a0,False,False,random,0.4,-4.606513023376465,-2.647115707397461,False,False
2868,mbpp_453:1:0:0,real,mbpp,4830471b9553729204f3248542aac99b34066db7128653ce25cfd15d1d6839a0,False,False,shuffled,0.02,-4.585236072540283,-2.6476073265075684,False,False
2868,mbpp_453:1:0:0,real,mbpp,4830471b9553729204f3248542aac99b34066db7128653ce25cfd15d1d6839a0,False,False,shuffled,0.05,-4.568241119384766,-2.6491827964782715,False,False
2868,mbpp_453:1:0:0,real,mbpp,4830471b9553729204f3248542aac99b34066db7128653ce25cfd15d1d6839a0,False,False,shuffled,0.1,-4.573025703430176,-2.653317928314209,False,False
2868,mbpp_453:1:0:0,real,mbpp,4830471b9553729204f3248542aac99b34066db7128653ce25cfd15d1d6839a0,False,False,shuffled,0.2,-4.573417663574219,-2.6727793216705322,False,False
2868,mbpp_453:1:0:0,real,mbpp,4830471b9553729204f3248542aac99b34066db7128653ce25cfd15d1d6839a0,False,False,shuffled,0.4,-4.561573028564453,-2.730590343475342,False,False
2868,mbpp_453:1:0:0,real,mbpp,4830471b9553729204f3248542aac99b34066db7128653ce25cfd15d1d6839a0,False,False,wrong_site,0.02,-4.599714279174805,-2.6490626335144043,False,False
2868,mbpp_453:1:0:0,real,mbpp,4830471b9553729204f3248542aac99b34066db7128653ce25cfd15d1d6839a0,False,False,wrong_site,0.05,-4.596893310546875,-2.6516857147216797,False,False
2868,mbpp_453:1:0:0,real,mbpp,4830471b9553729204f3248542aac99b34066db7128653ce25cfd15d1d6839a0,False,False,wrong_site,0.1,-4.59775447845459,-2.6490564346313477,False,False
2868,mbpp_453:1:0:0,real,mbpp,4830471b9553729204f3248542aac99b34066db7128653ce25cfd15d1d6839a0,False,False,wrong_site,0.2,-4.581740856170654,-2.6442131996154785,False,False
2868,mbpp_453:1:0:0,real,mbpp,4830471b9553729204f3248542aac99b34066db7128653ce25cfd15d1d6839a0,False,False,wrong_site,0.4,-4.580066680908203,-2.600114583969116,False,False
2868,mbpp_453:1:0:0,real,mbpp,4830471b9553729204f3248542aac99b34066db7128653ce25cfd15d1d6839a0,False,False,answer_site,0.02,-4.575431823730469,-2.981332302093506,False,False
2868,mbpp_453:1:0:0,real,mbpp,4830471b9553729204f3248542aac99b34066db7128653ce25cfd15d1d6839a0,False,False,answer_site,0.05,-4.574845314025879,-3.533478260040283,False,False
2868,mbpp_453:1:0:0,real,mbpp,4830471b9553729204f3248542aac99b34066db7128653ce25cfd15d1d6839a0,False,False,answer_site,0.1,-4.6473798751831055,-4.427976608276367,False,False
2868,mbpp_453:1:0:0,real,mbpp,4830471b9553729204f3248542aac99b34066db7128653ce25cfd15d1d6839a0,False,False,answer_site,0.2,-4.860631942749023,-5.463475227355957,False,False
2868,mbpp_453:1:0:0,real,mbpp,4830471b9553729204f3248542aac99b34066db7128653ce25cfd15d1d6839a0,False,False,answer_site,0.4,-5.8494157791137695,-4.82948112487793,False,False
2868,mbpp_453:1:0:0,real,mbpp,4830471b9553729204f3248542aac99b34066db7128653ce25cfd15d1d6839a0,False,False,actuator_cond,0.02,-4.5879974365234375,-2.6635899543762207,False,False
2868,mbpp_453:1:0:0,real,mbpp,4830471b9553729204f3248542aac99b34066db7128653ce25cfd15d1d6839a0,False,False,actuator_cond,0.05,-4.576982498168945,-2.680452346801758,False,False
2868,mbpp_453:1:0:0,real,mbpp,4830471b9553729204f3248542aac99b34066db7128653ce25cfd15d1d6839a0,False,False,actuator_cond,0.1,-4.583972930908203,-2.7559900283813477,False,False
2868,mbpp_453:1:0:0,real,mbpp,4830471b9553729204f3248542aac99b34066db7128653ce25cfd15d1d6839a0,False,False,actuator_cond,0.2,-4.591805934906006,-2.957613468170166,False,False
2868,mbpp_453:1:0:0,real,mbpp,4830471b9553729204f3248542aac99b34066db7128653ce25cfd15d1d6839a0,False,False,actuator_cond,0.4,-4.616294860839844,-3.432436943054199,False,False
2868,mbpp_453:1:0:0,real,mbpp,4830471b9553729204f3248542aac99b34066db7128653ce25cfd15d1d6839a0,False,False,actuator_answer,0.02,-4.751303195953369,-2.258089303970337,False,False
2868,mbpp_453:1:0:0,real,mbpp,4830471b9553729204f3248542aac99b34066db7128653ce25cfd15d1d6839a0,False,False,actuator_answer,0.05,-5.016168594360352,-1.7535964250564575,False,False
2868,mbpp_453:1:0:0,real,mbpp,4830471b9553729204f3248542aac99b34066db7128653ce25cfd15d1d6839a0,False,False,actuator_answer,0.1,-5.553055763244629,-1.1830174922943115,False,True
2868,mbpp_453:1:0:0,real,mbpp,4830471b9553729204f3248542aac99b34066db7128653ce25cfd15d1d6839a0,False,False,actuator_answer,0.2,-7.232535362243652,-0.4409080445766449,False,True
2868,mbpp_453:1:0:0,real,mbpp,4830471b9553729204f3248542aac99b34066db7128653ce25cfd15d1d6839a0,False,False,actuator_answer,0.4,-12.721842765808105,-0.02862456999719143,False,True
2869,mbpp_453:1:0:1,real,mbpp,4830471b9553729204f3248542aac99b34066db7128653ce25cfd15d1d6839a0,True,False,baseline,0.0,-3.165693759918213,-3.9190778732299805,False,False
2869,mbpp_453:1:0:1,real,mbpp,4830471b9553729204f3248542aac99b34066db7128653ce25cfd15d1d6839a0,True,False,semantic,0.02,-3.1899304389953613,-3.905862331390381,False,False
2869,mbpp_453:1:0:1,real,mbpp,4830471b9553729204f3248542aac99b34066db7128653ce25cfd15d1d6839a0,True,False,semantic,0.05,-3.240649700164795,-3.9172310829162598,False,False
2869,mbpp_453:1:0:1,real,mbpp,4830471b9553729204f3248542aac99b34066db7128653ce25cfd15d1d6839a0,True,False,semantic,0.1,-3.2914347648620605,-3.915300130844116,False,False
2869,mbpp_453:1:0:1,real,mbpp,4830471b9553729204f3248542aac99b34066db7128653ce25cfd15d1d6839a0,True,False,semantic,0.2,-3.4120917320251465,-3.914393663406372,False,False
2869,mbpp_453:1:0:1,real,mbpp,4830471b9553729204f3248542aac99b34066db7128653ce25cfd15d1d6839a0,True,False,semantic,0.4,-3.620664358139038,-3.9222960472106934,False,False
2869,mbpp_453:1:0:1,real,mbpp,4830471b9553729204f3248542aac99b34066db7128653ce25cfd15d1d6839a0,True,False,reverse,0.02,-3.14992618560791,-3.9065468311309814,False,False
2869,mbpp_453:1:0:1,real,mbpp,4830471b9553729204f3248542aac99b34066db7128653ce25cfd15d1d6839a0,True,False,reverse,0.05,-3.0963563919067383,-3.907623291015625,False,False
2869,mbpp_453:1:0:1,real,mbpp,4830471b9553729204f3248542aac99b34066db7128653ce25cfd15d1d6839a0,True,False,reverse,0.1,-3.033492088317871,-3.892200469970703,False,False
2869,mbpp_453:1:0:1,real,mbpp,4830471b9553729204f3248542aac99b34066db7128653ce25cfd15d1d6839a0,True,False,reverse,0.2,-2.890239715576172,-3.9000439643859863,False,False
2869,mbpp_453:1:0:1,real,mbpp,4830471b9553729204f3248542aac99b34066db7128653ce25cfd15d1d6839a0,True,False,reverse,0.4,-2.6323444843292236,-3.9226317405700684,False,False
2869,mbpp_453:1:0:1,real,mbpp,4830471b9553729204f3248542aac99b34066db7128653ce25cfd15d1d6839a0,True,False,random,0.02,-3.165695905685425,-3.9086968898773193,False,False
2869,mbpp_453:1:0:1,real,mbpp,4830471b9553729204f3248542aac99b34066db7128653ce25cfd15d1d6839a0,True,False,random,0.05,-3.180670976638794,-3.9071130752563477,False,False
2869,mbpp_453:1:0:1,real,mbpp,4830471b9553729204f3248542aac99b34066db7128653ce25cfd15d1d6839a0,True,False,random,0.1,-3.188260078430176,-3.904332160949707,False,False
2869,mbpp_453:1:0:1,real,mbpp,4830471b9553729204f3248542aac99b34066db7128653ce25cfd15d1d6839a0,True,False,random,0.2,-3.208934783935547,-3.914092779159546,False,False
2869,mbpp_453:1:0:1,real,mbpp,4830471b9553729204f3248542aac99b34066db7128653ce25cfd15d1d6839a0,True,False,random,0.4,-3.246466636657715,-3.9067869186401367,False,False
2869,mbpp_453:1:0:1,real,mbpp,4830471b9553729204f3248542aac99b34066db7128653ce25cfd15d1d6839a0,True,False,shuffled,0.02,-3.1656932830810547,-3.9144465923309326,False,False
2869,mbpp_453:1:0:1,real,mbpp,4830471b9553729204f3248542aac99b34066db7128653ce25cfd15d1d6839a0,True,False,shuffled,0.05,-3.161344289779663,-3.9015259742736816,False,False
2869,mbpp_453:1:0:1,real,mbpp,4830471b9553729204f3248542aac99b34066db7128653ce25cfd15d1d6839a0,True,False,shuffled,0.1,-3.161344289779663,-3.9034204483032227,False,False
2869,mbpp_453:1:0:1,real,mbpp,4830471b9553729204f3248542aac99b34066db7128653ce25cfd15d1d6839a0,True,False,shuffled,0.2,-3.1672191619873047,-3.8832709789276123,False,False
2869,mbpp_453:1:0:1,real,mbpp,4830471b9553729204f3248542aac99b34066db7128653ce25cfd15d1d6839a0,True,False,shuffled,0.4,-3.26877498626709,-3.850910186767578,False,False
2869,mbpp_453:1:0:1,real,mbpp,4830471b9553729204f3248542aac99b34066db7128653ce25cfd15d1d6839a0,True,False,wrong_site,0.02,-3.169677734375,-3.9248690605163574,False,False
2869,mbpp_453:1:0:1,real,mbpp,4830471b9553729204f3248542aac99b34066db7128653ce25cfd15d1d6839a0,True,False,wrong_site,0.05,-3.165705919265747,-3.907844066619873,False,False
2869,mbpp_453:1:0:1,real,mbpp,4830471b9553729204f3248542aac99b34066db7128653ce25cfd15d1d6839a0,True,False,wrong_site,0.1,-3.150757312774658,-3.9144654273986816,False,False
2869,mbpp_453:1:0:1,real,mbpp,4830471b9553729204f3248542aac99b34066db7128653ce25cfd15d1d6839a0,True,False,wrong_site,0.2,-3.105961561203003,-3.9198734760284424,False,False
2869,mbpp_453:1:0:1,real,mbpp,4830471b9553729204f3248542aac99b34066db7128653ce25cfd15d1d6839a0,True,False,wrong_site,0.4,-3.075314998626709,-3.910956859588623,False,False
2869,mbpp_453:1:0:1,real,mbpp,4830471b9553729204f3248542aac99b34066db7128653ce25cfd15d1d6839a0,True,False,answer_site,0.02,-3.049948215484619,-3.955880880355835,False,False
2869,mbpp_453:1:0:1,real,mbpp,4830471b9553729204f3248542aac99b34066db7128653ce25cfd15d1d6839a0,True,False,answer_site,0.05,-2.8802402019500732,-3.9915788173675537,False,False
2869,mbpp_453:1:0:1,real,mbpp,4830471b9553729204f3248542aac99b34066db7128653ce25cfd15d1d6839a0,True,False,answer_site,0.1,-2.6318345069885254,-4.028067111968994,False,False
2869,mbpp_453:1:0:1,real,mbpp,4830471b9553729204f3248542aac99b34066db7128653ce25cfd15d1d6839a0,True,False,answer_site,0.2,-2.0804150104522705,-4.073452949523926,False,False
2869,mbpp_453:1:0:1,real,mbpp,4830471b9553729204f3248542aac99b34066db7128653ce25cfd15d1d6839a0,True,False,answer_site,0.4,-1.8844786882400513,-4.051115989685059,False,False
2869,mbpp_453:1:0:1,real,mbpp,4830471b9553729204f3248542aac99b34066db7128653ce25cfd15d1d6839a0,True,False,actuator_cond,0.02,-3.169672727584839,-3.9238314628601074,False,False
2869,mbpp_453:1:0:1,real,mbpp,4830471b9553729204f3248542aac99b34066db7128653ce25cfd15d1d6839a0,True,False,actuator_cond,0.05,-3.1635382175445557,-3.9220187664031982,False,False
2869,mbpp_453:1:0:1,real,mbpp,4830471b9553729204f3248542aac99b34066db7128653ce25cfd15d1d6839a0,True,False,actuator_cond,0.1,-3.1446962356567383,-3.9288601875305176,False,False
2869,mbpp_453:1:0:1,real,mbpp,4830471b9553729204f3248542aac99b34066db7128653ce25cfd15d1d6839a0,True,False,actuator_cond,0.2,-3.1327314376831055,-3.936936855316162,False,False
2869,mbpp_453:1:0:1,real,mbpp,4830471b9553729204f3248542aac99b34066db7128653ce25cfd15d1d6839a0,True,False,actuator_cond,0.4,-3.023418664932251,-3.946969985961914,False,False
2869,mbpp_453:1:0:1,real,mbpp,4830471b9553729204f3248542aac99b34066db7128653ce25cfd15d1d6839a0,True,False,actuator_answer,0.02,-3.6987695693969727,-3.8394742012023926,False,False
2869,mbpp_453:1:0:1,real,mbpp,4830471b9553729204f3248542aac99b34066db7128653ce25cfd15d1d6839a0,True,False,actuator_answer,0.05,-4.398824691772461,-3.742849826812744,False,False
2869,mbpp_453:1:0:1,real,mbpp,4830471b9553729204f3248542aac99b34066db7128653ce25cfd15d1d6839a0,True,False,actuator_answer,0.1,-5.147737979888916,-3.534237861633301,False,False
2869,mbpp_453:1:0:1,real,mbpp,4830471b9553729204f3248542aac99b34066db7128653ce25cfd15d1d6839a0,True,False,actuator_answer,0.2,-5.359428882598877,-3.0192794799804688,False,True
2869,mbpp_453:1:0:1,real,mbpp,4830471b9553729204f3248542aac99b34066db7128653ce25cfd15d1d6839a0,True,False,actuator_answer,0.4,-5.296084403991699,-1.6309773921966553,False,True
2870,mbpp_453:1:0:2,real,mbpp,4830471b9553729204f3248542aac99b34066db7128653ce25cfd15d1d6839a0,True,False,baseline,0.0,-2.79177188873291,-2.919369697570801,False,False
2870,mbpp_453:1:0:2,real,mbpp,4830471b9553729204f3248542aac99b34066db7128653ce25cfd15d1d6839a0,True,False,semantic,0.02,-2.827598810195923,-2.92384934425354,False,False
2870,mbpp_453:1:0:2,real,mbpp,4830471b9553729204f3248542aac99b34066db7128653ce25cfd15d1d6839a0,True,False,semantic,0.05,-2.8798584938049316,-2.913693904876709,False,False
2870,mbpp_453:1:0:2,real,mbpp,4830471b9553729204f3248542aac99b34066db7128653ce25cfd15d1d6839a0,True,False,semantic,0.1,-2.9685792922973633,-2.90803861618042,False,False
2870,mbpp_453:1:0:2,real,mbpp,4830471b9553729204f3248542aac99b34066db7128653ce25cfd15d1d6839a0,True,False,semantic,0.2,-3.1231369972229004,-2.9086084365844727,False,False
2870,mbpp_453:1:0:2,real,mbpp,4830471b9553729204f3248542aac99b34066db7128653ce25cfd15d1d6839a0,True,False,semantic,0.4,-3.3918912410736084,-2.9081339836120605,False,False
2870,mbpp_453:1:0:2,real,mbpp,4830471b9553729204f3248542aac99b34066db7128653ce25cfd15d1d6839a0,True,False,reverse,0.02,-2.760979175567627,-2.9134531021118164,False,False
2870,mbpp_453:1:0:2,real,mbpp,4830471b9553729204f3248542aac99b34066db7128653ce25cfd15d1d6839a0,True,False,reverse,0.05,-2.7033309936523438,-2.925234794616699,False,False
2870,mbpp_453:1:0:2,real,mbpp,4830471b9553729204f3248542aac99b34066db7128653ce25cfd15d1d6839a0,True,False,reverse,0.1,-2.6310269832611084,-2.924659490585327,False,False
2870,mbpp_453:1:0:2,real,mbpp,4830471b9553729204f3248542aac99b34066db7128653ce25cfd15d1d6839a0,True,False,reverse,0.2,-2.491727590560913,-2.929798126220703,False,False
2870,mbpp_453:1:0:2,real,mbpp,4830471b9553729204f3248542aac99b34066db7128653ce25cfd15d1d6839a0,True,False,reverse,0.4,-2.259575843811035,-3.008073091506958,False,False
2870,mbpp_453:1:0:2,real,mbpp,4830471b9553729204f3248542aac99b34066db7128653ce25cfd15d1d6839a0,True,False,random,0.02,-2.801224708557129,-2.928406238555908,False,False
2870,mbpp_453:1:0:2,real,mbpp,4830471b9553729204f3248542aac99b34066db7128653ce25cfd15d1d6839a0,True,False,random,0.05,-2.820341110229492,-2.9118289947509766,False,False
2870,mbpp_453:1:0:2,real,mbpp,4830471b9553729204f3248542aac99b34066db7128653ce25cfd15d1d6839a0,True,False,random,0.1,-2.8505477905273438,-2.9157540798187256,False,False
2870,mbpp_453:1:0:2,real,mbpp,4830471b9553729204f3248542aac99b34066db7128653ce25cfd15d1d6839a0,True,False,random,0.2,-2.8965821266174316,-2.9082422256469727,False,False
2870,mbpp_453:1:0:2,real,mbpp,4830471b9553729204f3248542aac99b34066db7128653ce25cfd15d1d6839a0,True,False,random,0.4,-2.866292953491211,-2.9092845916748047,False,False
2870,mbpp_453:1:0:2,real,mbpp,4830471b9553729204f3248542aac99b34066db7128653ce25cfd15d1d6839a0,True,False,shuffled,0.02,-2.790980815887451,-2.9083404541015625,False,False
2870,mbpp_453:1:0:2,real,mbpp,4830471b9553729204f3248542aac99b34066db7128653ce25cfd15d1d6839a0,True,False,shuffled,0.05,-2.79097843170166,-2.915236473083496,False,False
2870,mbpp_453:1:0:2,real,mbpp,4830471b9553729204f3248542aac99b34066db7128653ce25cfd15d1d6839a0,True,False,shuffled,0.1,-2.7958803176879883,-2.912689208984375,False,False
2870,mbpp_453:1:0:2,real,mbpp,4830471b9553729204f3248542aac99b34066db7128653ce25cfd15d1d6839a0,True,False,shuffled,0.2,-2.8099350929260254,-2.9135494232177734,False,False
2870,mbpp_453:1:0:2,real,mbpp,4830471b9553729204f3248542aac99b34066db7128653ce25cfd15d1d6839a0,True,False,shuffled,0.4,-2.917083740234375,-2.9239039421081543,False,False
2870,mbpp_453:1:0:2,real,mbpp,4830471b9553729204f3248542aac99b34066db7128653ce25cfd15d1d6839a0,True,False,wrong_site,0.02,-2.790983200073242,-2.9184834957122803,False,False
2870,mbpp_453:1:0:2,real,mbpp,4830471b9553729204f3248542aac99b34066db7128653ce25cfd15d1d6839a0,True,False,wrong_site,0.05,-2.7763254642486572,-2.9223482608795166,False,False
2870,mbpp_453:1:0:2,real,mbpp,4830471b9553729204f3248542aac99b34066db7128653ce25cfd15d1d6839a0,True,False,wrong_site,0.1,-2.761686325073242,-2.914330005645752,False,False
2870,mbpp_453:1:0:2,real,mbpp,4830471b9553729204f3248542aac99b34066db7128653ce25cfd15d1d6839a0,True,False,wrong_site,0.2,-2.730353355407715,-2.9173779487609863,False,False
2870,mbpp_453:1:0:2,real,mbpp,4830471b9553729204f3248542aac99b34066db7128653ce25cfd15d1d6839a0,True,False,wrong_site,0.4,-2.688413619995117,-2.899080753326416,False,False
2870,mbpp_453:1:0:2,real,mbpp,4830471b9553729204f3248542aac99b34066db7128653ce25cfd15d1d6839a0,True,False,answer_site,0.02,-2.5630393028259277,-2.8834824562072754,False,False
2870,mbpp_453:1:0:2,real,mbpp,4830471b9553729204f3248542aac99b34066db7128653ce25cfd15d1d6839a0,True,False,answer_site,0.05,-2.296800136566162,-2.8278117179870605,False,False
2870,mbpp_453:1:0:2,real,mbpp,4830471b9553729204f3248542aac99b34066db7128653ce25cfd15d1d6839a0,True,False,answer_site,0.1,-2.0027318000793457,-2.738654851913452,False,False
2870,mbpp_453:1:0:2,real,mbpp,4830471b9553729204f3248542aac99b34066db7128653ce25cfd15d1d6839a0,True,False,answer_site,0.2,-1.6001604795455933,-2.6255242824554443,False,False
2870,mbpp_453:1:0:2,real,mbpp,4830471b9553729204f3248542aac99b34066db7128653ce25cfd15d1d6839a0,True,False,answer_site,0.4,-1.9119813442230225,-2.3487746715545654,False,False
2870,mbpp_453:1:0:2,real,mbpp,4830471b9553729204f3248542aac99b34066db7128653ce25cfd15d1d6839a0,True,False,actuator_cond,0.02,-2.7894930839538574,-2.9111647605895996,False,False
2870,mbpp_453:1:0:2,real,mbpp,4830471b9553729204f3248542aac99b34066db7128653ce25cfd15d1d6839a0,True,False,actuator_cond,0.05,-2.782153606414795,-2.9233503341674805,False,False
2870,mbpp_453:1:0:2,real,mbpp,4830471b9553729204f3248542aac99b34066db7128653ce25cfd15d1d6839a0,True,False,actuator_cond,0.1,-2.7932968139648438,-2.9218661785125732,False,False
2870,mbpp_453:1:0:2,real,mbpp,4830471b9553729204f3248542aac99b34066db7128653ce25cfd15d1d6839a0,True,False,actuator_cond,0.2,-2.7701268196105957,-2.9265754222869873,False,False
2870,mbpp_453:1:0:2,real,mbpp,4830471b9553729204f3248542aac99b34066db7128653ce25cfd15d1d6839a0,True,False,actuator_cond,0.4,-2.7319254875183105,-2.903238296508789,False,False
2870,mbpp_453:1:0:2,real,mbpp,4830471b9553729204f3248542aac99b34066db7128653ce25cfd15d1d6839a0,True,False,actuator_answer,0.02,-3.2861328125,-2.9150562286376953,False,False
2870,mbpp_453:1:0:2,real,mbpp,4830471b9553729204f3248542aac99b34066db7128653ce25cfd15d1d6839a0,True,False,actuator_answer,0.05,-3.8877391815185547,-2.9347662925720215,False,False
2870,mbpp_453:1:0:2,real,mbpp,4830471b9553729204f3248542aac99b34066db7128653ce25cfd15d1d6839a0,True,False,actuator_answer,0.1,-4.414374351501465,-2.94909405708313,False,False
2870,mbpp_453:1:0:2,real,mbpp,4830471b9553729204f3248542aac99b34066db7128653ce25cfd15d1d6839a0,True,False,actuator_answer,0.2,-4.294441223144531,-2.778057098388672,False,False
2870,mbpp_453:1:0:2,real,mbpp,4830471b9553729204f3248542aac99b34066db7128653ce25cfd15d1d6839a0,True,False,actuator_answer,0.4,-5.255584239959717,-2.2019283771514893,False,False
2871,mbpp_453:2:0:0,real,mbpp,4830471b9553729204f3248542aac99b34066db7128653ce25cfd15d1d6839a0,False,False,baseline,0.0,-2.1177151203155518,-2.3364651203155518,False,False
2871,mbpp_453:2:0:0,real,mbpp,4830471b9553729204f3248542aac99b34066db7128653ce25cfd15d1d6839a0,False,False,semantic,0.02,-2.120635509490967,-2.323760509490967,False,False
2871,mbpp_453:2:0:0,real,mbpp,4830471b9553729204f3248542aac99b34066db7128653ce25cfd15d1d6839a0,False,False,semantic,0.05,-2.125574827194214,-2.266199827194214,False,False
2871,mbpp_453:2:0:0,real,mbpp,4830471b9553729204f3248542aac99b34066db7128653ce25cfd15d1d6839a0,False,False,semantic,0.1,-2.1295857429504395,-2.1920857429504395,False,False
2871,mbpp_453:2:0:0,real,mbpp,4830471b9553729204f3248542aac99b34066db7128653ce25cfd15d1d6839a0,False,False,semantic,0.2,-2.1445469856262207,-2.0195469856262207,False,False
2871,mbpp_453:2:0:0,real,mbpp,4830471b9553729204f3248542aac99b34066db7128653ce25cfd15d1d6839a0,False,False,semantic,0.4,-2.1911864280700684,-1.7693113088607788,False,False
2871,mbpp_453:2:0:0,real,mbpp,4830471b9553729204f3248542aac99b34066db7128653ce25cfd15d1d6839a0,False,False,reverse,0.02,-2.12563157081604,-2.37563157081604,False,False
2871,mbpp_453:2:0:0,real,mbpp,4830471b9553729204f3248542aac99b34066db7128653ce25cfd15d1d6839a0,False,False,reverse,0.05,-2.1141443252563477,-2.4266443252563477,False,False
2871,mbpp_453:2:0:0,real,mbpp,4830471b9553729204f3248542aac99b34066db7128653ce25cfd15d1d6839a0,False,False,reverse,0.1,-2.113450288772583,-2.488450288772583,False,False
2871,mbpp_453:2:0:0,real,mbpp,4830471b9553729204f3248542aac99b34066db7128653ce25cfd15d1d6839a0,False,False,reverse,0.2,-2.1142311096191406,-2.6298561096191406,False,False
2871,mbpp_453:2:0:0,real,mbpp,4830471b9553729204f3248542aac99b34066db7128653ce25cfd15d1d6839a0,False,False,reverse,0.4,-2.0910773277282715,-2.8879523277282715,False,False
2871,mbpp_453:2:0:0,real,mbpp,4830471b9553729204f3248542aac99b34066db7128653ce25cfd15d1d6839a0,False,False,random,0.02,-2.129211187362671,-2.347961187362671,False,False
2871,mbpp_453:2:0:0,real,mbpp,4830471b9553729204f3248542aac99b34066db7128653ce25cfd15d1d6839a0,False,False,random,0.05,-2.127727746963501,-2.362102746963501,False,False
2871,mbpp_453:2:0:0,real,mbpp,4830471b9553729204f3248542aac99b34066db7128653ce25cfd15d1d6839a0,False,False,random,0.1,-2.116349220275879,-2.366349220275879,False,False
2871,mbpp_453:2:0:0,real,mbpp,4830471b9553729204f3248542aac99b34066db7128653ce25cfd15d1d6839a0,False,False,random,0.2,-2.1148931980133057,-2.3961431980133057,False,False
2871,mbpp_453:2:0:0,real,mbpp,4830471b9553729204f3248542aac99b34066db7128653ce25cfd15d1d6839a0,False,False,random,0.4,-2.142274856567383,-2.454774856567383,False,False
2871,mbpp_453:2:0:0,real,mbpp,4830471b9553729204f3248542aac99b34066db7128653ce25cfd15d1d6839a0,False,False,shuffled,0.02,-2.1226963996887207,-2.3414463996887207,False,False
2871,mbpp_453:2:0:0,real,mbpp,4830471b9553729204f3248542aac99b34066db7128653ce25cfd15d1d6839a0,False,False,shuffled,0.05,-2.1004011631011963,-2.3504011631011963,False,False
2871,mbpp_453:2:0:0,real,mbpp,4830471b9553729204f3248542aac99b34066db7128653ce25cfd15d1d6839a0,False,False,shuffled,0.1,-2.1019954681396484,-2.3519954681396484,False,False
2871,mbpp_453:2:0:0,real,mbpp,4830471b9553729204f3248542aac99b34066db7128653ce25cfd15d1d6839a0,False,False,shuffled,0.2,-2.0845155715942383,-2.3501405715942383,False,False
2871,mbpp_453:2:0:0,real,mbpp,4830471b9553729204f3248542aac99b34066db7128653ce25cfd15d1d6839a0,False,False,shuffled,0.4,-2.0396180152893066,-2.3833680152893066,False,False
2871,mbpp_453:2:0:0,real,mbpp,4830471b9553729204f3248542aac99b34066db7128653ce25cfd15d1d6839a0,False,False,wrong_site,0.02,-2.1245052814483643,-2.3432552814483643,False,False
2871,mbpp_453:2:0:0,real,mbpp,4830471b9553729204f3248542aac99b34066db7128653ce25cfd15d1d6839a0,False,False,wrong_site,0.05,-2.1278159618377686,-2.3465659618377686,False,False
2871,mbpp_453:2:0:0,real,mbpp,4830471b9553729204f3248542aac99b34066db7128653ce25cfd15d1d6839a0,False,False,wrong_site,0.1,-2.1226227283477783,-2.3569977283477783,False,False
2871,mbpp_453:2:0:0,real,mbpp,4830471b9553729204f3248542aac99b34066db7128653ce25cfd15d1d6839a0,False,False,wrong_site,0.2,-2.1364102363586426,-2.3551602363586426,False,False
2871,mbpp_453:2:0:0,real,mbpp,4830471b9553729204f3248542aac99b34066db7128653ce25cfd15d1d6839a0,False,False,wrong_site,0.4,-2.1372032165527344,-2.2934532165527344,False,False
2871,mbpp_453:2:0:0,real,mbpp,4830471b9553729204f3248542aac99b34066db7128653ce25cfd15d1d6839a0,False,False,answer_site,0.02,-2.051114320755005,-2.597989320755005,False,False
2871,mbpp_453:2:0:0,real,mbpp,4830471b9553729204f3248542aac99b34066db7128653ce25cfd15d1d6839a0,False,False,answer_site,0.05,-2.0051677227020264,-3.0207927227020264,False,False
2871,mbpp_453:2:0:0,real,mbpp,4830471b9553729204f3248542aac99b34066db7128653ce25cfd15d1d6839a0,False,False,answer_site,0.1,-2.1720666885375977,-3.7189416885375977,False,False
2871,mbpp_453:2:0:0,real,mbpp,4830471b9553729204f3248542aac99b34066db7128653ce25cfd15d1d6839a0,False,False,answer_site,0.2,-3.5082848072052,-4.648909568786621,False,False
2871,mbpp_453:2:0:0,real,mbpp,4830471b9553729204f3248542aac99b34066db7128653ce25cfd15d1d6839a0,False,False,answer_site,0.4,-4.557220458984375,-4.213470458984375,False,False
2871,mbpp_453:2:0:0,real,mbpp,4830471b9553729204f3248542aac99b34066db7128653ce25cfd15d1d6839a0,False,False,actuator_cond,0.02,-2.1154189109802246,-2.3654189109802246,False,False
2871,mbpp_453:2:0:0,real,mbpp,4830471b9553729204f3248542aac99b34066db7128653ce25cfd15d1d6839a0,False,False,actuator_cond,0.05,-2.1104724407196045,-2.3917224407196045,False,False
2871,mbpp_453:2:0:0,real,mbpp,4830471b9553729204f3248542aac99b34066db7128653ce25cfd15d1d6839a0,False,False,actuator_cond,0.1,-2.111318588256836,-2.455068588256836,False,False
2871,mbpp_453:2:0:0,real,mbpp,4830471b9553729204f3248542aac99b34066db7128653ce25cfd15d1d6839a0,False,False,actuator_cond,0.2,-2.143038034439087,-2.627413034439087,False,False
2871,mbpp_453:2:0:0,real,mbpp,4830471b9553729204f3248542aac99b34066db7128653ce25cfd15d1d6839a0,False,False,actuator_cond,0.4,-2.261920928955078,-3.215045928955078,False,False
2871,mbpp_453:2:0:0,real,mbpp,4830471b9553729204f3248542aac99b34066db7128653ce25cfd15d1d6839a0,False,False,actuator_answer,0.02,-2.2870922088623047,-2.0683422088623047,False,False
2871,mbpp_453:2:0:0,real,mbpp,4830471b9553729204f3248542aac99b34066db7128653ce25cfd15d1d6839a0,False,False,actuator_answer,0.05,-2.783322334289551,-1.7833223342895508,False,False
2871,mbpp_453:2:0:0,real,mbpp,4830471b9553729204f3248542aac99b34066db7128653ce25cfd15d1d6839a0,False,False,actuator_answer,0.1,-3.9241795539855957,-1.5179296731948853,False,False
2871,mbpp_453:2:0:0,real,mbpp,4830471b9553729204f3248542aac99b34066db7128653ce25cfd15d1d6839a0,False,False,actuator_answer,0.2,-6.377397537231445,-0.7367726564407349,False,True
2871,mbpp_453:2:0:0,real,mbpp,4830471b9553729204f3248542aac99b34066db7128653ce25cfd15d1d6839a0,False,False,actuator_answer,0.4,-11.261421203613281,-0.03485889360308647,False,True
2872,mbpp_453:2:0:1,real,mbpp,4830471b9553729204f3248542aac99b34066db7128653ce25cfd15d1d6839a0,True,False,baseline,0.0,-1.6374238729476929,-1.9811738729476929,False,False
2872,mbpp_453:2:0:1,real,mbpp,4830471b9553729204f3248542aac99b34066db7128653ce25cfd15d1d6839a0,True,False,semantic,0.02,-1.6617709398269653,-1.9742709398269653,False,False
2872,mbpp_453:2:0:1,real,mbpp,4830471b9553729204f3248542aac99b34066db7128653ce25cfd15d1d6839a0,True,False,semantic,0.05,-1.70248281955719,-1.95248281955719,False,False
2872,mbpp_453:2:0:1,real,mbpp,4830471b9553729204f3248542aac99b34066db7128653ce25cfd15d1d6839a0,True,False,semantic,0.1,-1.7498250007629395,-1.9373250007629395,False,False
2872,mbpp_453:2:0:1,real,mbpp,4830471b9553729204f3248542aac99b34066db7128653ce25cfd15d1d6839a0,True,False,semantic,0.2,-1.8575468063354492,-1.9200468063354492,False,False
2872,mbpp_453:2:0:1,real,mbpp,4830471b9553729204f3248542aac99b34066db7128653ce25cfd15d1d6839a0,True,False,semantic,0.4,-2.0369505882263184,-1.8807005882263184,False,False
2872,mbpp_453:2:0:1,real,mbpp,4830471b9553729204f3248542aac99b34066db7128653ce25cfd15d1d6839a0,True,False,reverse,0.02,-1.611836552619934,-1.986836552619934,False,False
2872,mbpp_453:2:0:1,real,mbpp,4830471b9553729204f3248542aac99b34066db7128653ce25cfd15d1d6839a0,True,False,reverse,0.05,-1.5834041833877563,-2.005279064178467,False,False
2872,mbpp_453:2:0:1,real,mbpp,4830471b9553729204f3248542aac99b34066db7128653ce25cfd15d1d6839a0,True,False,reverse,0.1,-1.5183875560760498,-2.03401255607605,False,False
2872,mbpp_453:2:0:1,real,mbpp,4830471b9553729204f3248542aac99b34066db7128653ce25cfd15d1d6839a0,True,False,reverse,0.2,-1.3906440734863281,-2.093769073486328,False,False
2872,mbpp_453:2:0:1,real,mbpp,4830471b9553729204f3248542aac99b34066db7128653ce25cfd15d1d6839a0,True,False,reverse,0.4,-1.1947940587997437,-2.241669178009033,True,False
2872,mbpp_453:2:0:1,real,mbpp,4830471b9553729204f3248542aac99b34066db7128653ce25cfd15d1d6839a0,True,False,random,0.02,-1.6486059427261353,-1.9767309427261353,False,False
2872,mbpp_453:2:0:1,real,mbpp,4830471b9553729204f3248542aac99b34066db7128653ce25cfd15d1d6839a0,True,False,random,0.05,-1.6622143983840942,-1.9747143983840942,False,False
2872,mbpp_453:2:0:1,real,mbpp,4830471b9553729204f3248542aac99b34066db7128653ce25cfd15d1d6839a0,True,False,random,0.1,-1.6668505668640137,-1.9637255668640137,False,False
2872,mbpp_453:2:0:1,real,mbpp,4830471b9553729204f3248542aac99b34066db7128653ce25cfd15d1d6839a0,True,False,random,0.2,-1.699754238128662,-1.949754238128662,False,False
2872,mbpp_453:2:0:1,real,mbpp,4830471b9553729204f3248542aac99b34066db7128653ce25cfd15d1d6839a0,True,False,random,0.4,-1.7066212892532349,-1.9409962892532349,False,False
2872,mbpp_453:2:0:1,real,mbpp,4830471b9553729204f3248542aac99b34066db7128653ce25cfd15d1d6839a0,True,False,shuffled,0.02,-1.637092113494873,-1.980842113494873,False,False
2872,mbpp_453:2:0:1,real,mbpp,4830471b9553729204f3248542aac99b34066db7128653ce25cfd15d1d6839a0,True,False,shuffled,0.05,-1.6441864967346191,-1.9879364967346191,False,False
2872,mbpp_453:2:0:1,real,mbpp,4830471b9553729204f3248542aac99b34066db7128653ce25cfd15d1d6839a0,True,False,shuffled,0.1,-1.6640311479568481,-1.9921561479568481,False,False
2872,mbpp_453:2:0:1,real,mbpp,4830471b9553729204f3248542aac99b34066db7128653ce25cfd15d1d6839a0,True,False,shuffled,0.2,-1.6790003776550293,-1.9915003776550293,False,False
2872,mbpp_453:2:0:1,real,mbpp,4830471b9553729204f3248542aac99b34066db7128653ce25cfd15d1d6839a0,True,False,shuffled,0.4,-1.7394317388534546,-2.020681858062744,False,False
2872,mbpp_453:2:0:1,real,mbpp,4830471b9553729204f3248542aac99b34066db7128653ce25cfd15d1d6839a0,True,False,wrong_site,0.02,-1.644705057144165,-1.972830057144165,False,False
2872,mbpp_453:2:0:1,real,mbpp,4830471b9553729204f3248542aac99b34066db7128653ce25cfd15d1d6839a0,True,False,wrong_site,0.05,-1.6363017559051514,-1.9800517559051514,False,False
2872,mbpp_453:2:0:1,real,mbpp,4830471b9553729204f3248542aac99b34066db7128653ce25cfd15d1d6839a0,True,False,wrong_site,0.1,-1.6208349466323853,-1.9802099466323853,False,False
2872,mbpp_453:2:0:1,real,mbpp,4830471b9553729204f3248542aac99b34066db7128653ce25cfd15d1d6839a0,True,False,wrong_site,0.2,-1.6106904745101929,-1.9700654745101929,False,False
2872,mbpp_453:2:0:1,real,mbpp,4830471b9553729204f3248542aac99b34066db7128653ce25cfd15d1d6839a0,True,False,wrong_site,0.4,-1.56007719039917,-1.98195219039917,False,False
2872,mbpp_453:2:0:1,real,mbpp,4830471b9553729204f3248542aac99b34066db7128653ce25cfd15d1d6839a0,True,False,answer_site,0.02,-1.468456506729126,-2.234081506729126,False,False
2872,mbpp_453:2:0:1,real,mbpp,4830471b9553729204f3248542aac99b34066db7128653ce25cfd15d1d6839a0,True,False,answer_site,0.05,-1.2779285907745361,-2.590428590774536,True,False
2872,mbpp_453:2:0:1,real,mbpp,4830471b9553729204f3248542aac99b34066db7128653ce25cfd15d1d6839a0,True,False,answer_site,0.1,-1.1139041185379028,-2.9732789993286133,True,False
2872,mbpp_453:2:0:1,real,mbpp,4830471b9553729204f3248542aac99b34066db7128653ce25cfd15d1d6839a0,True,False,answer_site,0.2,-1.0169669389724731,-3.2513418197631836,True,False
2872,mbpp_453:2:0:1,real,mbpp,4830471b9553729204f3248542aac99b34066db7128653ce25cfd15d1d6839a0,True,False,answer_site,0.4,-1.420902132987976,-3.7802772521972656,True,False
2872,mbpp_453:2:0:1,real,mbpp,4830471b9553729204f3248542aac99b34066db7128653ce25cfd15d1d6839a0,True,False,actuator_cond,0.02,-1.62909734249115,-1.97284734249115,False,False
2872,mbpp_453:2:0:1,real,mbpp,4830471b9553729204f3248542aac99b34066db7128653ce25cfd15d1d6839a0,True,False,actuator_cond,0.05,-1.6104083061218262,-1.9697833061218262,False,False
2872,mbpp_453:2:0:1,real,mbpp,4830471b9553729204f3248542aac99b34066db7128653ce25cfd15d1d6839a0,True,False,actuator_cond,0.1,-1.5968499183654785,-1.9562249183654785,False,False
2872,mbpp_453:2:0:1,real,mbpp,4830471b9553729204f3248542aac99b34066db7128653ce25cfd15d1d6839a0,True,False,actuator_cond,0.2,-1.5676462650299072,-1.9582712650299072,False,False
2872,mbpp_453:2:0:1,real,mbpp,4830471b9553729204f3248542aac99b34066db7128653ce25cfd15d1d6839a0,True,False,actuator_cond,0.4,-1.450514554977417,-2.013014554977417,False,False
2872,mbpp_453:2:0:1,real,mbpp,4830471b9553729204f3248542aac99b34066db7128653ce25cfd15d1d6839a0,True,False,actuator_answer,0.02,-1.958783507347107,-2.0681586265563965,False,False
2872,mbpp_453:2:0:1,real,mbpp,4830471b9553729204f3248542aac99b34066db7128653ce25cfd15d1d6839a0,True,False,actuator_answer,0.05,-2.5719733238220215,-2.1657233238220215,False,False
2872,mbpp_453:2:0:1,real,mbpp,4830471b9553729204f3248542aac99b34066db7128653ce25cfd15d1d6839a0,True,False,actuator_answer,0.1,-3.5992655754089355,-2.1617655754089355,False,False
2872,mbpp_453:2:0:1,real,mbpp,4830471b9553729204f3248542aac99b34066db7128653ce25cfd15d1d6839a0,True,False,actuator_answer,0.2,-4.602393627166748,-1.993018627166748,False,False
2872,mbpp_453:2:0:1,real,mbpp,4830471b9553729204f3248542aac99b34066db7128653ce25cfd15d1d6839a0,True,False,actuator_answer,0.4,-6.541609287261963,-3.025984287261963,False,False
2873,mbpp_453:2:0:2,real,mbpp,4830471b9553729204f3248542aac99b34066db7128653ce25cfd15d1d6839a0,True,False,baseline,0.0,-1.8800426721572876,-1.8956676721572876,False,False
2873,mbpp_453:2:0:2,real,mbpp,4830471b9553729204f3248542aac99b34066db7128653ce25cfd15d1d6839a0,True,False,semantic,0.02,-1.904626488685608,-1.889001488685608,False,False
2873,mbpp_453:2:0:2,real,mbpp,4830471b9553729204f3248542aac99b34066db7128653ce25cfd15d1d6839a0,True,False,semantic,0.05,-1.9487791061401367,-1.8706541061401367,False,False
2873,mbpp_453:2:0:2,real,mbpp,4830471b9553729204f3248542aac99b34066db7128653ce25cfd15d1d6839a0,True,False,semantic,0.1,-2.004751205444336,-1.8641263246536255,False,False
2873,mbpp_453:2:0:2,real,mbpp,4830471b9553729204f3248542aac99b34066db7128653ce25cfd15d1d6839a0,True,False,semantic,0.2,-2.1237893104553223,-1.8425391912460327,False,False
2873,mbpp_453:2:0:2,real,mbpp,4830471b9553729204f3248542aac99b34066db7128653ce25cfd15d1d6839a0,True,False,semantic,0.4,-2.309506416320801,-1.8095062971115112,False,False
2873,mbpp_453:2:0:2,real,mbpp,4830471b9553729204f3248542aac99b34066db7128653ce25cfd15d1d6839a0,True,False,reverse,0.02,-1.8588413000106812,-1.8900913000106812,False,False
2873,mbpp_453:2:0:2,real,mbpp,4830471b9553729204f3248542aac99b34066db7128653ce25cfd15d1d6839a0,True,False,reverse,0.05,-1.8178975582122803,-1.9116475582122803,False,False
2873,mbpp_453:2:0:2,real,mbpp,4830471b9553729204f3248542aac99b34066db7128653ce25cfd15d1d6839a0,True,False,reverse,0.1,-1.7504806518554688,-1.9379806518554688,False,False
2873,mbpp_453:2:0:2,real,mbpp,4830471b9553729204f3248542aac99b34066db7128653ce25cfd15d1d6839a0,True,False,reverse,0.2,-1.637937307357788,-1.981687307357788,False,False
2873,mbpp_453:2:0:2,real,mbpp,4830471b9553729204f3248542aac99b34066db7128653ce25cfd15d1d6839a0,True,False,reverse,0.4,-1.5158302783966064,-2.0939552783966064,False,False
2873,mbpp_453:2:0:2,real,mbpp,4830471b9553729204f3248542aac99b34066db7128653ce25cfd15d1d6839a0,True,False,random,0.02,-1.8800424337387085,-1.8956674337387085,False,False
2873,mbpp_453:2:0:2,real,mbpp,4830471b9553729204f3248542aac99b34066db7128653ce25cfd15d1d6839a0,True,False,random,0.05,-1.879597783088684,-1.895222783088684,False,False
2873,mbpp_453:2:0:2,real,mbpp,4830471b9553729204f3248542aac99b34066db7128653ce25cfd15d1d6839a0,True,False,random,0.1,-1.8795976638793945,-1.8952226638793945,False,False
2873,mbpp_453:2:0:2,real,mbpp,4830471b9553729204f3248542aac99b34066db7128653ce25cfd15d1d6839a0,True,False,random,0.2,-1.882483720779419,-1.898108720779419,False,False
2873,mbpp_453:2:0:2,real,mbpp,4830471b9553729204f3248542aac99b34066db7128653ce25cfd15d1d6839a0,True,False,random,0.4,-1.895983099937439,-1.927233099937439,False,False
2873,mbpp_453:2:0:2,real,mbpp,4830471b9553729204f3248542aac99b34066db7128653ce25cfd15d1d6839a0,True,False,shuffled,0.02,-1.882060170173645,-1.897685170173645,False,False
2873,mbpp_453:2:0:2,real,mbpp,4830471b9553729204f3248542aac99b34066db7128653ce25cfd15d1d6839a0,True,False,shuffled,0.05,-1.8757808208465576,-1.9226558208465576,False,False
2873,mbpp_453:2:0:2,real,mbpp,4830471b9553729204f3248542aac99b34066db7128653ce25cfd15d1d6839a0,True,False,shuffled,0.1,-1.8771374225616455,-1.9396374225616455,False,False
2873,mbpp_453:2:0:2,real,mbpp,4830471b9553729204f3248542aac99b34066db7128653ce25cfd15d1d6839a0,True,False,shuffled,0.2,-1.8965336084365845,-1.9746586084365845,False,False
2873,mbpp_453:2:0:2,real,mbpp,4830471b9553729204f3248542aac99b34066db7128653ce25cfd15d1d6839a0,True,False,shuffled,0.4,-1.9644412994384766,-2.0269412994384766,False,False
2873,mbpp_453:2:0:2,real,mbpp,4830471b9553729204f3248542aac99b34066db7128653ce25cfd15d1d6839a0,True,False,wrong_site,0.02,-1.8728779554367065,-1.8885029554367065,False,False
2873,mbpp_453:2:0:2,real,mbpp,4830471b9553729204f3248542aac99b34066db7128653ce25cfd15d1d6839a0,True,False,wrong_site,0.05,-1.8712413311004639,-1.8868663311004639,False,False
2873,mbpp_453:2:0:2,real,mbpp,4830471b9553729204f3248542aac99b34066db7128653ce25cfd15d1d6839a0,True,False,wrong_site,0.1,-1.8580412864685059,-1.8892912864685059,False,False
2873,mbpp_453:2:0:2,real,mbpp,4830471b9553729204f3248542aac99b34066db7128653ce25cfd15d1d6839a0,True,False,wrong_site,0.2,-1.844874382019043,-1.891749382019043,False,False
2873,mbpp_453:2:0:2,real,mbpp,4830471b9553729204f3248542aac99b34066db7128653ce25cfd15d1d6839a0,True,False,wrong_site,0.4,-1.8278403282165527,-1.9059653282165527,False,False
2873,mbpp_453:2:0:2,real,mbpp,4830471b9553729204f3248542aac99b34066db7128653ce25cfd15d1d6839a0,True,False,answer_site,0.02,-1.775214433670044,-1.993964433670044,False,False
2873,mbpp_453:2:0:2,real,mbpp,4830471b9553729204f3248542aac99b34066db7128653ce25cfd15d1d6839a0,True,False,answer_site,0.05,-1.646492838859558,-2.1621179580688477,False,False
2873,mbpp_453:2:0:2,real,mbpp,4830471b9553729204f3248542aac99b34066db7128653ce25cfd15d1d6839a0,True,False,answer_site,0.1,-1.4779598712921143,-2.4779598712921143,False,False
2873,mbpp_453:2:0:2,real,mbpp,4830471b9553729204f3248542aac99b34066db7128653ce25cfd15d1d6839a0,True,False,answer_site,0.2,-1.2818405628204346,-2.8599655628204346,True,False
2873,mbpp_453:2:0:2,real,mbpp,4830471b9553729204f3248542aac99b34066db7128653ce25cfd15d1d6839a0,True,False,answer_site,0.4,-1.696467399597168,-3.118342399597168,False,False
2873,mbpp_453:2:0:2,real,mbpp,4830471b9553729204f3248542aac99b34066db7128653ce25cfd15d1d6839a0,True,False,actuator_cond,0.02,-1.8676326274871826,-1.8988826274871826,False,False
2873,mbpp_453:2:0:2,real,mbpp,4830471b9553729204f3248542aac99b34066db7128653ce25cfd15d1d6839a0,True,False,actuator_cond,0.05,-1.8604364395141602,-1.9073114395141602,False,False
2873,mbpp_453:2:0:2,real,mbpp,4830471b9553729204f3248542aac99b34066db7128653ce25cfd15d1d6839a0,True,False,actuator_cond,0.1,-1.8398520946502686,-1.9179770946502686,False,False
2873,mbpp_453:2:0:2,real,mbpp,4830471b9553729204f3248542aac99b34066db7128653ce25cfd15d1d6839a0,True,False,actuator_cond,0.2,-1.820227026939392,-1.945227026939392,False,False
2873,mbpp_453:2:0:2,real,mbpp,4830471b9553729204f3248542aac99b34066db7128653ce25cfd15d1d6839a0,True,False,actuator_cond,0.4,-1.7944798469543457,-1.9663548469543457,False,False
2873,mbpp_453:2:0:2,real,mbpp,4830471b9553729204f3248542aac99b34066db7128653ce25cfd15d1d6839a0,True,False,actuator_answer,0.02,-2.194706678390503,-1.897831678390503,False,False
2873,mbpp_453:2:0:2,real,mbpp,4830471b9553729204f3248542aac99b34066db7128653ce25cfd15d1d6839a0,True,False,actuator_answer,0.05,-2.796346664428711,-1.952596664428711,False,False
2873,mbpp_453:2:0:2,real,mbpp,4830471b9553729204f3248542aac99b34066db7128653ce25cfd15d1d6839a0,True,False,actuator_answer,0.1,-4.001603603363037,-2.064103603363037,False,False
2873,mbpp_453:2:0:2,real,mbpp,4830471b9553729204f3248542aac99b34066db7128653ce25cfd15d1d6839a0,True,False,actuator_answer,0.2,-5.913193225860596,-1.9913182258605957,False,False
2873,mbpp_453:2:0:2,real,mbpp,4830471b9553729204f3248542aac99b34066db7128653ce25cfd15d1d6839a0,True,False,actuator_answer,0.4,-2.9924540519714355,-0.8674541115760803,False,True
2874,mbpp_453:2:2:0,real,mbpp,4830471b9553729204f3248542aac99b34066db7128653ce25cfd15d1d6839a0,True,False,baseline,0.0,-2.1162140369415283,-2.3974640369415283,False,False
2874,mbpp_453:2:2:0,real,mbpp,4830471b9553729204f3248542aac99b34066db7128653ce25cfd15d1d6839a0,True,False,semantic,0.02,-2.1195125579833984,-2.4007625579833984,False,False
2874,mbpp_453:2:2:0,real,mbpp,4830471b9553729204f3248542aac99b34066db7128653ce25cfd15d1d6839a0,True,False,semantic,0.05,-2.105135202407837,-2.402010202407837,False,False
2874,mbpp_453:2:2:0,real,mbpp,4830471b9553729204f3248542aac99b34066db7128653ce25cfd15d1d6839a0,True,False,semantic,0.1,-2.0926384925842285,-2.4051384925842285,False,False
2874,mbpp_453:2:2:0,real,mbpp,4830471b9553729204f3248542aac99b34066db7128653ce25cfd15d1d6839a0,True,False,semantic,0.2,-2.093393087387085,-2.405893087387085,False,False
2874,mbpp_453:2:2:0,real,mbpp,4830471b9553729204f3248542aac99b34066db7128653ce25cfd15d1d6839a0,True,False,semantic,0.4,-2.123044729232788,-2.388669729232788,False,False
2874,mbpp_453:2:2:0,real,mbpp,4830471b9553729204f3248542aac99b34066db7128653ce25cfd15d1d6839a0,True,False,reverse,0.02,-2.129970073699951,-2.395595073699951,False,False
2874,mbpp_453:2:2:0,real,mbpp,4830471b9553729204f3248542aac99b34066db7128653ce25cfd15d1d6839a0,True,False,reverse,0.05,-2.12640380859375,-2.40765380859375,False,False
2874,mbpp_453:2:2:0,real,mbpp,4830471b9553729204f3248542aac99b34066db7128653ce25cfd15d1d6839a0,True,False,reverse,0.1,-2.1261188983917236,-2.4073688983917236,False,False
2874,mbpp_453:2:2:0,real,mbpp,4830471b9553729204f3248542aac99b34066db7128653ce25cfd15d1d6839a0,True,False,reverse,0.2,-2.1253819465637207,-2.4066319465637207,False,False
2874,mbpp_453:2:2:0,real,mbpp,4830471b9553729204f3248542aac99b34066db7128653ce25cfd15d1d6839a0,True,False,reverse,0.4,-2.1150732040405273,-2.4119482040405273,False,False
2874,mbpp_453:2:2:0,real,mbpp,4830471b9553729204f3248542aac99b34066db7128653ce25cfd15d1d6839a0,True,False,random,0.02,-2.1162147521972656,-2.3974647521972656,False,False
2874,mbpp_453:2:2:0,real,mbpp,4830471b9553729204f3248542aac99b34066db7128653ce25cfd15d1d6839a0,True,False,random,0.05,-2.118105173110962,-2.399355173110962,False,False
2874,mbpp_453:2:2:0,real,mbpp,4830471b9553729204f3248542aac99b34066db7128653ce25cfd15d1d6839a0,True,False,random,0.1,-2.1332736015319824,-2.3988986015319824,False,False
2874,mbpp_453:2:2:0,real,mbpp,4830471b9553729204f3248542aac99b34066db7128653ce25cfd15d1d6839a0,True,False,random,0.2,-2.153855323791504,-2.419480323791504,False,False
2874,mbpp_453:2:2:0,real,mbpp,4830471b9553729204f3248542aac99b34066db7128653ce25cfd15d1d6839a0,True,False,random,0.4,-2.1820614337921143,-2.4320614337921143,False,False
2874,mbpp_453:2:2:0,real,mbpp,4830471b9553729204f3248542aac99b34066db7128653ce25cfd15d1d6839a0,True,False,shuffled,0.02,-2.115459442138672,-2.396709442138672,False,False
2874,mbpp_453:2:2:0,real,mbpp,4830471b9553729204f3248542aac99b34066db7128653ce25cfd15d1d6839a0,True,False,shuffled,0.05,-2.118277072906494,-2.399527072906494,False,False
2874,mbpp_453:2:2:0,real,mbpp,4830471b9553729204f3248542aac99b34066db7128653ce25cfd15d1d6839a0,True,False,shuffled,0.1,-2.101562976837158,-2.398437976837158,False,False
2874,mbpp_453:2:2:0,real,mbpp,4830471b9553729204f3248542aac99b34066db7128653ce25cfd15d1d6839a0,True,False,shuffled,0.2,-2.1015725135803223,-2.4140725135803223,False,False
2874,mbpp_453:2:2:0,real,mbpp,4830471b9553729204f3248542aac99b34066db7128653ce25cfd15d1d6839a0,True,False,shuffled,0.4,-2.146195888519287,-2.411820888519287,False,False
2874,mbpp_453:2:2:0,real,mbpp,4830471b9553729204f3248542aac99b34066db7128653ce25cfd15d1d6839a0,True,False,wrong_site,0.02,-2.116213798522949,-2.397463798522949,False,False
2874,mbpp_453:2:2:0,real,mbpp,4830471b9553729204f3248542aac99b34066db7128653ce25cfd15d1d6839a0,True,False,wrong_site,0.05,-2.1177172660827637,-2.3989672660827637,False,False
2874,mbpp_453:2:2:0,real,mbpp,4830471b9553729204f3248542aac99b34066db7128653ce25cfd15d1d6839a0,True,False,wrong_site,0.1,-2.1117000579833984,-2.4085750579833984,False,False
2874,mbpp_453:2:2:0,real,mbpp,4830471b9553729204f3248542aac99b34066db7128653ce25cfd15d1d6839a0,True,False,wrong_site,0.2,-2.0997281074523926,-2.4122281074523926,False,False
2874,mbpp_453:2:2:0,real,mbpp,4830471b9553729204f3248542aac99b34066db7128653ce25cfd15d1d6839a0,True,False,wrong_site,0.4,-2.1111629009246826,-2.4236629009246826,False,False
2874,mbpp_453:2:2:0,real,mbpp,4830471b9553729204f3248542aac99b34066db7128653ce25cfd15d1d6839a0,True,False,answer_site,0.02,-2.2239484786987305,-2.3489484786987305,False,False
2874,mbpp_453:2:2:0,real,mbpp,4830471b9553729204f3248542aac99b34066db7128653ce25cfd15d1d6839a0,True,False,answer_site,0.05,-2.427955150604248,-2.271705150604248,False,False
2874,mbpp_453:2:2:0,real,mbpp,4830471b9553729204f3248542aac99b34066db7128653ce25cfd15d1d6839a0,True,False,answer_site,0.1,-2.77229642868042,-2.22542142868042,False,False
2874,mbpp_453:2:2:0,real,mbpp,4830471b9553729204f3248542aac99b34066db7128653ce25cfd15d1d6839a0,True,False,answer_site,0.2,-3.1629433631896973,-2.3191933631896973,False,False
2874,mbpp_453:2:2:0,real,mbpp,4830471b9553729204f3248542aac99b34066db7128653ce25cfd15d1d6839a0,True,False,answer_site,0.4,-3.1311087608337402,-1.4904837608337402,False,True
2874,mbpp_453:2:2:0,real,mbpp,4830471b9553729204f3248542aac99b34066db7128653ce25cfd15d1d6839a0,True,False,actuator_cond,0.02,-2.116213798522949,-2.397463798522949,False,False
2874,mbpp_453:2:2:0,real,mbpp,4830471b9553729204f3248542aac99b34066db7128653ce25cfd15d1d6839a0,True,False,actuator_cond,0.05,-2.1147572994232178,-2.4116322994232178,False,False
2874,mbpp_453:2:2:0,real,mbpp,4830471b9553729204f3248542aac99b34066db7128653ce25cfd15d1d6839a0,True,False,actuator_cond,0.1,-2.102254867553711,-2.414754867553711,False,False
2874,mbpp_453:2:2:0,real,mbpp,4830471b9553729204f3248542aac99b34066db7128653ce25cfd15d1d6839a0,True,False,actuator_cond,0.2,-2.116295337677002,-2.413170337677002,False,False
2874,mbpp_453:2:2:0,real,mbpp,4830471b9553729204f3248542aac99b34066db7128653ce25cfd15d1d6839a0,True,False,actuator_cond,0.4,-2.1451785564422607,-2.3795535564422607,False,False
2874,mbpp_453:2:2:0,real,mbpp,4830471b9553729204f3248542aac99b34066db7128653ce25cfd15d1d6839a0,True,False,actuator_answer,0.02,-2.20534086227417,-2.43971586227417,False,False
2874,mbpp_453:2:2:0,real,mbpp,4830471b9553729204f3248542aac99b34066db7128653ce25cfd15d1d6839a0,True,False,actuator_answer,0.05,-2.3779959678649902,-2.4561209678649902,False,False
2874,mbpp_453:2:2:0,real,mbpp,4830471b9553729204f3248542aac99b34066db7128653ce25cfd15d1d6839a0,True,False,actuator_answer,0.1,-2.6585888862609863,-2.3460888862609863,False,False
2874,mbpp_453:2:2:0,real,mbpp,4830471b9553729204f3248542aac99b34066db7128653ce25cfd15d1d6839a0,True,False,actuator_answer,0.2,-3.2855091094970703,-1.6448841094970703,False,False
2874,mbpp_453:2:2:0,real,mbpp,4830471b9553729204f3248542aac99b34066db7128653ce25cfd15d1d6839a0,True,False,actuator_answer,0.4,-7.079848289489746,-0.06422314047813416,False,True
2875,mbpp_453:2:2:1,real,mbpp,4830471b9553729204f3248542aac99b34066db7128653ce25cfd15d1d6839a0,False,False,baseline,0.0,-3.286949396133423,-4.14241886138916,False,False
2875,mbpp_453:2:2:1,real,mbpp,4830471b9553729204f3248542aac99b34066db7128653ce25cfd15d1d6839a0,False,False,semantic,0.02,-3.2671892642974854,-4.152005195617676,False,False
2875,mbpp_453:2:2:1,real,mbpp,4830471b9553729204f3248542aac99b34066db7128653ce25cfd15d1d6839a0,False,False,semantic,0.05,-3.2640295028686523,-4.14166784286499,False,False
2875,mbpp_453:2:2:1,real,mbpp,4830471b9553729204f3248542aac99b34066db7128653ce25cfd15d1d6839a0,False,False,semantic,0.1,-3.283578395843506,-4.141024589538574,False,False
2875,mbpp_453:2:2:1,real,mbpp,4830471b9553729204f3248542aac99b34066db7128653ce25cfd15d1d6839a0,False,False,semantic,0.2,-3.293187141418457,-4.165441989898682,False,False
2875,mbpp_453:2:2:1,real,mbpp,4830471b9553729204f3248542aac99b34066db7128653ce25cfd15d1d6839a0,False,False,semantic,0.4,-3.3369293212890625,-4.206730365753174,False,False
2875,mbpp_453:2:2:1,real,mbpp,4830471b9553729204f3248542aac99b34066db7128653ce25cfd15d1d6839a0,False,False,reverse,0.02,-3.2694454193115234,-4.160250186920166,False,False
2875,mbpp_453:2:2:1,real,mbpp,4830471b9553729204f3248542aac99b34066db7128653ce25cfd15d1d6839a0,False,False,reverse,0.05,-3.274474859237671,-4.146261215209961,False,False
2875,mbpp_453:2:2:1,real,mbpp,4830471b9553729204f3248542aac99b34066db7128653ce25cfd15d1d6839a0,False,False,reverse,0.1,-3.2715673446655273,-4.146925449371338,False,False
2875,mbpp_453:2:2:1,real,mbpp,4830471b9553729204f3248542aac99b34066db7128653ce25cfd15d1d6839a0,False,False,reverse,0.2,-3.264042615890503,-4.17645263671875,False,False
2875,mbpp_453:2:2:1,real,mbpp,4830471b9553729204f3248542aac99b34066db7128653ce25cfd15d1d6839a0,False,False,reverse,0.4,-3.26289701461792,-4.190313339233398,False,False
2875,mbpp_453:2:2:1,real,mbpp,4830471b9553729204f3248542aac99b34066db7128653ce25cfd15d1d6839a0,False,False,random,0.02,-3.271695613861084,-4.164023399353027,False,False
2875,mbpp_453:2:2:1,real,mbpp,4830471b9553729204f3248542aac99b34066db7128653ce25cfd15d1d6839a0,False,False,random,0.05,-3.2740392684936523,-4.163524150848389,False,False
2875,mbpp_453:2:2:1,real,mbpp,4830471b9553729204f3248542aac99b34066db7128653ce25cfd15d1d6839a0,False,False,random,0.1,-3.2854981422424316,-4.155073165893555,False,False
2875,mbpp_453:2:2:1,real,mbpp,4830471b9553729204f3248542aac99b34066db7128653ce25cfd15d1d6839a0,False,False,random,0.2,-3.281869411468506,-4.159473896026611,False,False
2875,mbpp_453:2:2:1,real,mbpp,4830471b9553729204f3248542aac99b34066db7128653ce25cfd15d1d6839a0,False,False,random,0.4,-3.3117730617523193,-4.210483551025391,False,False
2875,mbpp_453:2:2:1,real,mbpp,4830471b9553729204f3248542aac99b34066db7128653ce25cfd15d1d6839a0,False,False,shuffled,0.02,-3.2759389877319336,-4.135486125946045,False,False
2875,mbpp_453:2:2:1,real,mbpp,4830471b9553729204f3248542aac99b34066db7128653ce25cfd15d1d6839a0,False,False,shuffled,0.05,-3.265115737915039,-4.1412811279296875,False,False
2875,mbpp_453:2:2:1,real,mbpp,4830471b9553729204f3248542aac99b34066db7128653ce25cfd15d1d6839a0,False,False,shuffled,0.1,-3.2642688751220703,-4.140361785888672,False,False
2875,mbpp_453:2:2:1,real,mbpp,4830471b9553729204f3248542aac99b34066db7128653ce25cfd15d1d6839a0,False,False,shuffled,0.2,-3.2575671672821045,-4.115643501281738,False,False
2875,mbpp_453:2:2:1,real,mbpp,4830471b9553729204f3248542aac99b34066db7128653ce25cfd15d1d6839a0,False,False,shuffled,0.4,-3.286970615386963,-4.081635475158691,False,False
2875,mbpp_453:2:2:1,real,mbpp,4830471b9553729204f3248542aac99b34066db7128653ce25cfd15d1d6839a0,False,False,wrong_site,0.02,-3.2737197875976562,-4.155737400054932,False,False
2875,mbpp_453:2:2:1,real,mbpp,4830471b9553729204f3248542aac99b34066db7128653ce25cfd15d1d6839a0,False,False,wrong_site,0.05,-3.2734789848327637,-4.141884803771973,False,False
2875,mbpp_453:2:2:1,real,mbpp,4830471b9553729204f3248542aac99b34066db7128653ce25cfd15d1d6839a0,False,False,wrong_site,0.1,-3.269639015197754,-4.146188259124756,False,False
2875,mbpp_453:2:2:1,real,mbpp,4830471b9553729204f3248542aac99b34066db7128653ce25cfd15d1d6839a0,False,False,wrong_site,0.2,-3.2804718017578125,-4.151197910308838,False,False
2875,mbpp_453:2:2:1,real,mbpp,4830471b9553729204f3248542aac99b34066db7128653ce25cfd15d1d6839a0,False,False,wrong_site,0.4,-3.304790496826172,-4.158037185668945,False,False
2875,mbpp_453:2:2:1,real,mbpp,4830471b9553729204f3248542aac99b34066db7128653ce25cfd15d1d6839a0,False,False,answer_site,0.02,-3.2471466064453125,-4.132996559143066,False,False
2875,mbpp_453:2:2:1,real,mbpp,4830471b9553729204f3248542aac99b34066db7128653ce25cfd15d1d6839a0,False,False,answer_site,0.05,-3.2527642250061035,-4.101745128631592,False,False
2875,mbpp_453:2:2:1,real,mbpp,4830471b9553729204f3248542aac99b34066db7128653ce25cfd15d1d6839a0,False,False,answer_site,0.1,-3.297276258468628,-4.085179328918457,False,False
2875,mbpp_453:2:2:1,real,mbpp,4830471b9553729204f3248542aac99b34066db7128653ce25cfd15d1d6839a0,False,False,answer_site,0.2,-3.8165769577026367,-4.057062149047852,False,False
2875,mbpp_453:2:2:1,real,mbpp,4830471b9553729204f3248542aac99b34066db7128653ce25cfd15d1d6839a0,False,False,answer_site,0.4,-4.788857460021973,-3.389033317565918,False,False
2875,mbpp_453:2:2:1,real,mbpp,4830471b9553729204f3248542aac99b34066db7128653ce25cfd15d1d6839a0,False,False,actuator_cond,0.02,-3.263305902481079,-4.152429580688477,False,False
2875,mbpp_453:2:2:1,real,mbpp,4830471b9553729204f3248542aac99b34066db7128653ce25cfd15d1d6839a0,False,False,actuator_cond,0.05,-3.2662270069122314,-4.159534454345703,False,False
2875,mbpp_453:2:2:1,real,mbpp,4830471b9553729204f3248542aac99b34066db7128653ce25cfd15d1d6839a0,False,False,actuator_cond,0.1,-3.2795958518981934,-4.166977405548096,False,False
2875,mbpp_453:2:2:1,real,mbpp,4830471b9553729204f3248542aac99b34066db7128653ce25cfd15d1d6839a0,False,False,actuator_cond,0.2,-3.305051565170288,-4.203193187713623,False,False
2875,mbpp_453:2:2:1,real,mbpp,4830471b9553729204f3248542aac99b34066db7128653ce25cfd15d1d6839a0,False,False,actuator_cond,0.4,-3.250821113586426,-4.299609184265137,False,False
2875,mbpp_453:2:2:1,real,mbpp,4830471b9553729204f3248542aac99b34066db7128653ce25cfd15d1d6839a0,False,False,actuator_answer,0.02,-3.2760114669799805,-4.116116046905518,False,False
2875,mbpp_453:2:2:1,real,mbpp,4830471b9553729204f3248542aac99b34066db7128653ce25cfd15d1d6839a0,False,False,actuator_answer,0.05,-3.334277629852295,-4.081330299377441,False,False
2875,mbpp_453:2:2:1,real,mbpp,4830471b9553729204f3248542aac99b34066db7128653ce25cfd15d1d6839a0,False,False,actuator_answer,0.1,-3.4402904510498047,-3.9553608894348145,False,False
2875,mbpp_453:2:2:1,real,mbpp,4830471b9553729204f3248542aac99b34066db7128653ce25cfd15d1d6839a0,False,False,actuator_answer,0.2,-3.1951687335968018,-3.426802158355713,False,False
2875,mbpp_453:2:2:1,real,mbpp,4830471b9553729204f3248542aac99b34066db7128653ce25cfd15d1d6839a0,False,False,actuator_answer,0.4,-6.692460536956787,-1.8629047870635986,False,False
2876,mbpp_453:2:2:2,real,mbpp,4830471b9553729204f3248542aac99b34066db7128653ce25cfd15d1d6839a0,False,False,baseline,0.0,-2.2854888439178467,-3.2821736335754395,False,False
2876,mbpp_453:2:2:2,real,mbpp,4830471b9553729204f3248542aac99b34066db7128653ce25cfd15d1d6839a0,False,False,semantic,0.02,-2.2863199710845947,-3.2731382846832275,False,False
2876,mbpp_453:2:2:2,real,mbpp,4830471b9553729204f3248542aac99b34066db7128653ce25cfd15d1d6839a0,False,False,semantic,0.05,-2.27407169342041,-3.2764270305633545,False,False
2876,mbpp_453:2:2:2,real,mbpp,4830471b9553729204f3248542aac99b34066db7128653ce25cfd15d1d6839a0,False,False,semantic,0.1,-2.284773826599121,-3.2708842754364014,False,False
2876,mbpp_453:2:2:2,real,mbpp,4830471b9553729204f3248542aac99b34066db7128653ce25cfd15d1d6839a0,False,False,semantic,0.2,-2.2968392372131348,-3.2692809104919434,False,False
2876,mbpp_453:2:2:2,real,mbpp,4830471b9553729204f3248542aac99b34066db7128653ce25cfd15d1d6839a0,False,False,semantic,0.4,-2.307237148284912,-3.246046543121338,False,False
2876,mbpp_453:2:2:2,real,mbpp,4830471b9553729204f3248542aac99b34066db7128653ce25cfd15d1d6839a0,False,False,reverse,0.02,-2.277956962585449,-3.2813470363616943,False,False
2876,mbpp_453:2:2:2,real,mbpp,4830471b9553729204f3248542aac99b34066db7128653ce25cfd15d1d6839a0,False,False,reverse,0.05,-2.291165351867676,-3.2788352966308594,False,False
2876,mbpp_453:2:2:2,real,mbpp,4830471b9553729204f3248542aac99b34066db7128653ce25cfd15d1d6839a0,False,False,reverse,0.1,-2.286919116973877,-3.2998712062835693,False,False
2876,mbpp_453:2:2:2,real,mbpp,4830471b9553729204f3248542aac99b34066db7128653ce25cfd15d1d6839a0,False,False,reverse,0.2,-2.294851779937744,-3.301870822906494,False,False
2876,mbpp_453:2:2:2,real,mbpp,4830471b9553729204f3248542aac99b34066db7128653ce25cfd15d1d6839a0,False,False,reverse,0.4,-2.3043949604034424,-3.3045120239257812,False,False
2876,mbpp_453:2:2:2,real,mbpp,4830471b9553729204f3248542aac99b34066db7128653ce25cfd15d1d6839a0,False,False,random,0.02,-2.28206467628479,-3.293935537338257,False,False
2876,mbpp_453:2:2:2,real,mbpp,4830471b9553729204f3248542aac99b34066db7128653ce25cfd15d1d6839a0,False,False,random,0.05,-2.285489082336426,-3.283061981201172,False,False
2876,mbpp_453:2:2:2,real,mbpp,4830471b9553729204f3248542aac99b34066db7128653ce25cfd15d1d6839a0,False,False,random,0.1,-2.286098003387451,-3.2847554683685303,False,False
2876,mbpp_453:2:2:2,real,mbpp,4830471b9553729204f3248542aac99b34066db7128653ce25cfd15d1d6839a0,False,False,random,0.2,-2.2845587730407715,-3.283463954925537,False,False
2876,mbpp_453:2:2:2,real,mbpp,4830471b9553729204f3248542aac99b34066db7128653ce25cfd15d1d6839a0,False,False,random,0.4,-2.2882204055786133,-3.2820494174957275,False,False
2876,mbpp_453:2:2:2,real,mbpp,4830471b9553729204f3248542aac99b34066db7128653ce25cfd15d1d6839a0,False,False,shuffled,0.02,-2.2917606830596924,-3.2845706939697266,False,False
2876,mbpp_453:2:2:2,real,mbpp,4830471b9553729204f3248542aac99b34066db7128653ce25cfd15d1d6839a0,False,False,shuffled,0.05,-2.297982692718506,-3.2697367668151855,False,False
2876,mbpp_453:2:2:2,real,mbpp,4830471b9553729204f3248542aac99b34066db7128653ce25cfd15d1d6839a0,False,False,shuffled,0.1,-2.2970075607299805,-3.282400608062744,False,False
2876,mbpp_453:2:2:2,real,mbpp,4830471b9553729204f3248542aac99b34066db7128653ce25cfd15d1d6839a0,False,False,shuffled,0.2,-2.3116602897644043,-3.294238328933716,False,False
2876,mbpp_453:2:2:2,real,mbpp,4830471b9553729204f3248542aac99b34066db7128653ce25cfd15d1d6839a0,False,False,shuffled,0.4,-2.3289642333984375,-3.2747302055358887,False,False
2876,mbpp_453:2:2:2,real,mbpp,4830471b9553729204f3248542aac99b34066db7128653ce25cfd15d1d6839a0,False,False,wrong_site,0.02,-2.2874903678894043,-3.274028778076172,False,False
2876,mbpp_453:2:2:2,real,mbpp,4830471b9553729204f3248542aac99b34066db7128653ce25cfd15d1d6839a0,False,False,wrong_site,0.05,-2.2811660766601562,-3.2674989700317383,False,False
2876,mbpp_453:2:2:2,real,mbpp,4830471b9553729204f3248542aac99b34066db7128653ce25cfd15d1d6839a0,False,False,wrong_site,0.1,-2.298724412918091,-3.2745039463043213,False,False
2876,mbpp_453:2:2:2,real,mbpp,4830471b9553729204f3248542aac99b34066db7128653ce25cfd15d1d6839a0,False,False,wrong_site,0.2,-2.2972168922424316,-3.2562408447265625,False,False
2876,mbpp_453:2:2:2,real,mbpp,4830471b9553729204f3248542aac99b34066db7128653ce25cfd15d1d6839a0,False,False,wrong_site,0.4,-2.2993505001068115,-3.2554759979248047,False,False
2876,mbpp_453:2:2:2,real,mbpp,4830471b9553729204f3248542aac99b34066db7128653ce25cfd15d1d6839a0,False,False,answer_site,0.02,-2.2058005332946777,-3.311514139175415,False,False
2876,mbpp_453:2:2:2,real,mbpp,4830471b9553729204f3248542aac99b34066db7128653ce25cfd15d1d6839a0,False,False,answer_site,0.05,-2.1377339363098145,-3.3912696838378906,False,False
2876,mbpp_453:2:2:2,real,mbpp,4830471b9553729204f3248542aac99b34066db7128653ce25cfd15d1d6839a0,False,False,answer_site,0.1,-2.1088967323303223,-3.6341419219970703,False,False
2876,mbpp_453:2:2:2,real,mbpp,4830471b9553729204f3248542aac99b34066db7128653ce25cfd15d1d6839a0,False,False,answer_site,0.2,-1.9250993728637695,-4.259491443634033,False,False
2876,mbpp_453:2:2:2,real,mbpp,4830471b9553729204f3248542aac99b34066db7128653ce25cfd15d1d6839a0,False,False,answer_site,0.4,-1.7473371028900146,-3.866687059402466,True,False
2876,mbpp_453:2:2:2,real,mbpp,4830471b9553729204f3248542aac99b34066db7128653ce25cfd15d1d6839a0,False,False,actuator_cond,0.02,-2.2785611152648926,-3.2827017307281494,False,False
2876,mbpp_453:2:2:2,real,mbpp,4830471b9553729204f3248542aac99b34066db7128653ce25cfd15d1d6839a0,False,False,actuator_cond,0.05,-2.28206467628479,-3.2910521030426025,False,False
2876,mbpp_453:2:2:2,real,mbpp,4830471b9553729204f3248542aac99b34066db7128653ce25cfd15d1d6839a0,False,False,actuator_cond,0.1,-2.2850117683410645,-3.2883052825927734,False,False
2876,mbpp_453:2:2:2,real,mbpp,4830471b9553729204f3248542aac99b34066db7128653ce25cfd15d1d6839a0,False,False,actuator_cond,0.2,-2.2978768348693848,-3.289372444152832,False,False
2876,mbpp_453:2:2:2,real,mbpp,4830471b9553729204f3248542aac99b34066db7128653ce25cfd15d1d6839a0,False,False,actuator_cond,0.4,-2.2409558296203613,-3.2636911869049072,False,False
2876,mbpp_453:2:2:2,real,mbpp,4830471b9553729204f3248542aac99b34066db7128653ce25cfd15d1d6839a0,False,False,actuator_answer,0.02,-2.393259286880493,-3.4871442317962646,False,False
2876,mbpp_453:2:2:2,real,mbpp,4830471b9553729204f3248542aac99b34066db7128653ce25cfd15d1d6839a0,False,False,actuator_answer,0.05,-2.6383824348449707,-3.809795379638672,False,False
2876,mbpp_453:2:2:2,real,mbpp,4830471b9553729204f3248542aac99b34066db7128653ce25cfd15d1d6839a0,False,False,actuator_answer,0.1,-3.2917723655700684,-4.344423770904541,False,False
2876,mbpp_453:2:2:2,real,mbpp,4830471b9553729204f3248542aac99b34066db7128653ce25cfd15d1d6839a0,False,False,actuator_answer,0.2,-5.765010356903076,-5.336967468261719,False,False
2876,mbpp_453:2:2:2,real,mbpp,4830471b9553729204f3248542aac99b34066db7128653ce25cfd15d1d6839a0,False,False,actuator_answer,0.4,-11.481034278869629,-7.078309535980225,False,False
2877,mbpp_454:0:0:0,real,mbpp,551d216fb5b71d7b182d18d789d3b158e545aa934e7ef291b3ee3d325d13c87c,True,False,baseline,0.0,-0.6252902746200562,-2.4422998428344727,True,False
2877,mbpp_454:0:0:0,real,mbpp,551d216fb5b71d7b182d18d789d3b158e545aa934e7ef291b3ee3d325d13c87c,True,False,semantic,0.02,-0.6276987195014954,-2.4289865493774414,True,False
2877,mbpp_454:0:0:0,real,mbpp,551d216fb5b71d7b182d18d789d3b158e545aa934e7ef291b3ee3d325d13c87c,True,False,semantic,0.05,-0.6302427053451538,-2.415781021118164,True,False
2877,mbpp_454:0:0:0,real,mbpp,551d216fb5b71d7b182d18d789d3b158e545aa934e7ef291b3ee3d325d13c87c,True,False,semantic,0.1,-0.640339195728302,-2.3942694664001465,True,False
2877,mbpp_454:0:0:0,real,mbpp,551d216fb5b71d7b182d18d789d3b158e545aa934e7ef291b3ee3d325d13c87c,True,False,semantic,0.2,-0.6482751369476318,-2.3472630977630615,True,False
2877,mbpp_454:0:0:0,real,mbpp,551d216fb5b71d7b182d18d789d3b158e545aa934e7ef291b3ee3d325d13c87c,True,False,semantic,0.4,-0.659572958946228,-2.2753703594207764,True,False
2877,mbpp_454:0:0:0,real,mbpp,551d216fb5b71d7b182d18d789d3b158e545aa934e7ef291b3ee3d325d13c87c,True,False,reverse,0.02,-0.6195035576820374,-2.436739444732666,True,False
2877,mbpp_454:0:0:0,real,mbpp,551d216fb5b71d7b182d18d789d3b158e545aa934e7ef291b3ee3d325d13c87c,True,False,reverse,0.05,-0.6223282814025879,-2.455056667327881,True,False
2877,mbpp_454:0:0:0,real,mbpp,551d216fb5b71d7b182d18d789d3b158e545aa934e7ef291b3ee3d325d13c87c,True,False,reverse,0.1,-0.6190246939659119,-2.4673829078674316,True,False
2877,mbpp_454:0:0:0,real,mbpp,551d216fb5b71d7b182d18d789d3b158e545aa934e7ef291b3ee3d325d13c87c,True,False,reverse,0.2,-0.5949370265007019,-2.474262237548828,True,False
2877,mbpp_454:0:0:0,real,mbpp,551d216fb5b71d7b182d18d789d3b158e545aa934e7ef291b3ee3d325d13c87c,True,False,reverse,0.4,-0.5967659950256348,-2.287515878677368,True,False
2877,mbpp_454:0:0:0,real,mbpp,551d216fb5b71d7b182d18d789d3b158e545aa934e7ef291b3ee3d325d13c87c,True,False,random,0.02,-0.6278164982795715,-2.4291648864746094,True,False
2877,mbpp_454:0:0:0,real,mbpp,551d216fb5b71d7b182d18d789d3b158e545aa934e7ef291b3ee3d325d13c87c,True,False,random,0.05,-0.6244473457336426,-2.410262107849121,True,False
2877,mbpp_454:0:0:0,real,mbpp,551d216fb5b71d7b182d18d789d3b158e545aa934e7ef291b3ee3d325d13c87c,True,False,random,0.1,-0.6274434328079224,-2.39754581451416,True,False
2877,mbpp_454:0:0:0,real,mbpp,551d216fb5b71d7b182d18d789d3b158e545aa934e7ef291b3ee3d325d13c87c,True,False,random,0.2,-0.6321494579315186,-2.3708271980285645,True,False
2877,mbpp_454:0:0:0,real,mbpp,551d216fb5b71d7b182d18d789d3b158e545aa934e7ef291b3ee3d325d13c87c,True,False,random,0.4,-0.6184542179107666,-2.263507843017578,True,False
2877,mbpp_454:0:0:0,real,mbpp,551d216fb5b71d7b182d18d789d3b158e545aa934e7ef291b3ee3d325d13c87c,True,False,shuffled,0.02,-0.624917209148407,-2.4419188499450684,True,False
2877,mbpp_454:0:0:0,real,mbpp,551d216fb5b71d7b182d18d789d3b158e545aa934e7ef291b3ee3d325d13c87c,True,False,shuffled,0.05,-0.6270036697387695,-2.459695816040039,True,False
2877,mbpp_454:0:0:0,real,mbpp,551d216fb5b71d7b182d18d789d3b158e545aa934e7ef291b3ee3d325d13c87c,True,False,shuffled,0.1,-0.6204335689544678,-2.484382152557373,True,False
2877,mbpp_454:0:0:0,real,mbpp,551d216fb5b71d7b182d18d789d3b158e545aa934e7ef291b3ee3d325d13c87c,True,False,shuffled,0.2,-0.5959357023239136,-2.475543737411499,True,False
2877,mbpp_454:0:0:0,real,mbpp,551d216fb5b71d7b182d18d789d3b158e545aa934e7ef291b3ee3d325d13c87c,True,False,shuffled,0.4,-0.6060941815376282,-2.3761253356933594,True,False
2877,mbpp_454:0:0:0,real,mbpp,551d216fb5b71d7b182d18d789d3b158e545aa934e7ef291b3ee3d325d13c87c,True,False,wrong_site,0.02,-0.627825140953064,-2.429243564605713,True,False
2877,mbpp_454:0:0:0,real,mbpp,551d216fb5b71d7b182d18d789d3b158e545aa934e7ef291b3ee3d325d13c87c,True,False,wrong_site,0.05,-0.6254432201385498,-2.4424619674682617,True,False
2877,mbpp_454:0:0:0,real,mbpp,551d216fb5b71d7b182d18d789d3b158e545aa934e7ef291b3ee3d325d13c87c,True,False,wrong_site,0.1,-0.6279869079589844,-2.429469108581543,True,False
2877,mbpp_454:0:0:0,real,mbpp,551d216fb5b71d7b182d18d789d3b158e545aa934e7ef291b3ee3d325d13c87c,True,False,wrong_site,0.2,-0.6419960260391235,-2.396491050720215,True,False
2877,mbpp_454:0:0:0,real,mbpp,551d216fb5b71d7b182d18d789d3b158e545aa934e7ef291b3ee3d325d13c87c,True,False,wrong_site,0.4,-0.6395299434661865,-2.3782951831817627,True,False
2877,mbpp_454:0:0:0,real,mbpp,551d216fb5b71d7b182d18d789d3b158e545aa934e7ef291b3ee3d325d13c87c,True,False,answer_site,0.02,-0.634303629398346,-2.3729710578918457,True,False
2877,mbpp_454:0:0:0,real,mbpp,551d216fb5b71d7b182d18d789d3b158e545aa934e7ef291b3ee3d325d13c87c,True,False,answer_site,0.05,-0.6513830423355103,-2.280406951904297,True,False
2877,mbpp_454:0:0:0,real,mbpp,551d216fb5b71d7b182d18d789d3b158e545aa934e7ef291b3ee3d325d13c87c,True,False,answer_site,0.1,-0.7189730405807495,-2.176065444946289,True,False
2877,mbpp_454:0:0:0,real,mbpp,551d216fb5b71d7b182d18d789d3b158e545aa934e7ef291b3ee3d325d13c87c,True,False,answer_site,0.2,-0.9532203674316406,-2.1762304306030273,True,False
2877,mbpp_454:0:0:0,real,mbpp,551d216fb5b71d7b182d18d789d3b158e545aa934e7ef291b3ee3d325d13c87c,True,False,answer_site,0.4,-1.6019701957702637,-2.8423123359680176,False,False
2877,mbpp_454:0:0:0,real,mbpp,551d216fb5b71d7b182d18d789d3b158e545aa934e7ef291b3ee3d325d13c87c,True,False,actuator_cond,0.02,-0.6173007488250732,-2.4498538970947266,True,False
2877,mbpp_454:0:0:0,real,mbpp,551d216fb5b71d7b182d18d789d3b158e545aa934e7ef291b3ee3d325d13c87c,True,False,actuator_cond,0.05,-0.6181432604789734,-2.4819674491882324,True,False
2877,mbpp_454:0:0:0,real,mbpp,551d216fb5b71d7b182d18d789d3b158e545aa934e7ef291b3ee3d325d13c87c,True,False,actuator_cond,0.1,-0.6009579300880432,-2.5427253246307373,True,False
2877,mbpp_454:0:0:0,real,mbpp,551d216fb5b71d7b182d18d789d3b158e545aa934e7ef291b3ee3d325d13c87c,True,False,actuator_cond,0.2,-0.577083945274353,-2.534151792526245,True,False
2877,mbpp_454:0:0:0,real,mbpp,551d216fb5b71d7b182d18d789d3b158e545aa934e7ef291b3ee3d325d13c87c,True,False,actuator_cond,0.4,-0.5871104598045349,-2.449232339859009,True,False
2877,mbpp_454:0:0:0,real,mbpp,551d216fb5b71d7b182d18d789d3b158e545aa934e7ef291b3ee3d325d13c87c,True,False,actuator_answer,0.02,-0.6201097369194031,-2.4059133529663086,True,False
2877,mbpp_454:0:0:0,real,mbpp,551d216fb5b71d7b182d18d789d3b158e545aa934e7ef291b3ee3d325d13c87c,True,False,actuator_answer,0.05,-0.6122138500213623,-2.3980510234832764,True,False
2877,mbpp_454:0:0:0,real,mbpp,551d216fb5b71d7b182d18d789d3b158e545aa934e7ef291b3ee3d325d13c87c,True,False,actuator_answer,0.1,-0.5821444988250732,-2.3526248931884766,True,False
2877,mbpp_454:0:0:0,real,mbpp,551d216fb5b71d7b182d18d789d3b158e545aa934e7ef291b3ee3d325d13c87c,True,False,actuator_answer,0.2,-0.5176932215690613,-2.3041882514953613,True,False
2877,mbpp_454:0:0:0,real,mbpp,551d216fb5b71d7b182d18d789d3b158e545aa934e7ef291b3ee3d325d13c87c,True,False,actuator_answer,0.4,-6.356663227081299,-7.959707736968994,False,False
2878,mbpp_454:0:0:1,real,mbpp,551d216fb5b71d7b182d18d789d3b158e545aa934e7ef291b3ee3d325d13c87c,False,False,baseline,0.0,-1.8724114894866943,-0.4918818175792694,False,True
2878,mbpp_454:0:0:1,real,mbpp,551d216fb5b71d7b182d18d789d3b158e545aa934e7ef291b3ee3d325d13c87c,False,False,semantic,0.02,-1.871981143951416,-0.4913383722305298,False,True
2878,mbpp_454:0:0:1,real,mbpp,551d216fb5b71d7b182d18d789d3b158e545aa934e7ef291b3ee3d325d13c87c,False,False,semantic,0.05,-1.8932546377182007,-0.4814625084400177,False,True
2878,mbpp_454:0:0:1,real,mbpp,551d216fb5b71d7b182d18d789d3b158e545aa934e7ef291b3ee3d325d13c87c,False,False,semantic,0.1,-1.8948160409927368,-0.4829666018486023,False,True
2878,mbpp_454:0:0:1,real,mbpp,551d216fb5b71d7b182d18d789d3b158e545aa934e7ef291b3ee3d325d13c87c,False,False,semantic,0.2,-1.9070440530776978,-0.46416395902633667,False,True
2878,mbpp_454:0:0:1,real,mbpp,551d216fb5b71d7b182d18d789d3b158e545aa934e7ef291b3ee3d325d13c87c,False,False,semantic,0.4,-1.802094578742981,-0.46962466835975647,False,True
2878,mbpp_454:0:0:1,real,mbpp,551d216fb5b71d7b182d18d789d3b158e545aa934e7ef291b3ee3d325d13c87c,False,False,reverse,0.02,-1.8725941181182861,-0.4920554757118225,False,True
2878,mbpp_454:0:0:1,real,mbpp,551d216fb5b71d7b182d18d789d3b158e545aa934e7ef291b3ee3d325d13c87c,False,False,reverse,0.05,-1.8629331588745117,-0.4981323778629303,False,True
2878,mbpp_454:0:0:1,real,mbpp,551d216fb5b71d7b182d18d789d3b158e545aa934e7ef291b3ee3d325d13c87c,False,False,reverse,0.1,-1.8409616947174072,-0.5076159834861755,False,True
2878,mbpp_454:0:0:1,real,mbpp,551d216fb5b71d7b182d18d789d3b158e545aa934e7ef291b3ee3d325d13c87c,False,False,reverse,0.2,-1.826939344406128,-0.5091736316680908,False,True
2878,mbpp_454:0:0:1,real,mbpp,551d216fb5b71d7b182d18d789d3b158e545aa934e7ef291b3ee3d325d13c87c,False,False,reverse,0.4,-1.7997196912765503,-0.5302919149398804,False,True
2878,mbpp_454:0:0:1,real,mbpp,551d216fb5b71d7b182d18d789d3b158e545aa934e7ef291b3ee3d325d13c87c,False,False,random,0.02,-1.8690003156661987,-0.48849496245384216,False,True
2878,mbpp_454:0:0:1,real,mbpp,551d216fb5b71d7b182d18d789d3b158e545aa934e7ef291b3ee3d325d13c87c,False,False,random,0.05,-1.87203049659729,-0.491540789604187,False,True
2878,mbpp_454:0:0:1,real,mbpp,551d216fb5b71d7b182d18d789d3b158e545aa934e7ef291b3ee3d325d13c87c,False,False,random,0.1,-1.8810269832611084,-0.4850020706653595,False,True
2878,mbpp_454:0:0:1,real,mbpp,551d216fb5b71d7b182d18d789d3b158e545aa934e7ef291b3ee3d325d13c87c,False,False,random,0.2,-1.8982106447219849,-0.4867241382598877,False,True
2878,mbpp_454:0:0:1,real,mbpp,551d216fb5b71d7b182d18d789d3b158e545aa934e7ef291b3ee3d325d13c87c,False,False,random,0.4,-1.945112943649292,-0.47116732597351074,False,True
2878,mbpp_454:0:0:1,real,mbpp,551d216fb5b71d7b182d18d789d3b158e545aa934e7ef291b3ee3d325d13c87c,False,False,shuffled,0.02,-1.8568718433380127,-0.49190855026245117,False,True
2878,mbpp_454:0:0:1,real,mbpp,551d216fb5b71d7b182d18d789d3b158e545aa934e7ef291b3ee3d325d13c87c,False,False,shuffled,0.05,-1.8544921875,-0.4896498918533325,False,True
2878,mbpp_454:0:0:1,real,mbpp,551d216fb5b71d7b182d18d789d3b158e545aa934e7ef291b3ee3d325d13c87c,False,False,shuffled,0.1,-1.838968276977539,-0.48988378047943115,False,True
2878,mbpp_454:0:0:1,real,mbpp,551d216fb5b71d7b182d18d789d3b158e545aa934e7ef291b3ee3d325d13c87c,False,False,shuffled,0.2,-1.8174901008605957,-0.48426592350006104,False,True
2878,mbpp_454:0:0:1,real,mbpp,551d216fb5b71d7b182d18d789d3b158e545aa934e7ef291b3ee3d325d13c87c,False,False,shuffled,0.4,-1.7660601139068604,-0.4803187847137451,False,True
2878,mbpp_454:0:0:1,real,mbpp,551d216fb5b71d7b182d18d789d3b158e545aa934e7ef291b3ee3d325d13c87c,False,False,wrong_site,0.02,-1.8690135478973389,-0.48839902877807617,False,True
2878,mbpp_454:0:0:1,real,mbpp,551d216fb5b71d7b182d18d789d3b158e545aa934e7ef291b3ee3d325d13c87c,False,False,wrong_site,0.05,-1.8718492984771729,-0.49130702018737793,False,True
2878,mbpp_454:0:0:1,real,mbpp,551d216fb5b71d7b182d18d789d3b158e545aa934e7ef291b3ee3d325d13c87c,False,False,wrong_site,0.1,-1.8722655773162842,-0.4917483925819397,False,True
2878,mbpp_454:0:0:1,real,mbpp,551d216fb5b71d7b182d18d789d3b158e545aa934e7ef291b3ee3d325d13c87c,False,False,wrong_site,0.2,-1.8722009658813477,-0.4917598366737366,False,True
2878,mbpp_454:0:0:1,real,mbpp,551d216fb5b71d7b182d18d789d3b158e545aa934e7ef291b3ee3d325d13c87c,False,False,wrong_site,0.4,-1.8578011989593506,-0.49297696352005005,False,True
2878,mbpp_454:0:0:1,real,mbpp,551d216fb5b71d7b182d18d789d3b158e545aa934e7ef291b3ee3d325d13c87c,False,False,answer_site,0.02,-1.9229540824890137,-0.47969287633895874,False,True
2878,mbpp_454:0:0:1,real,mbpp,551d216fb5b71d7b182d18d789d3b158e545aa934e7ef291b3ee3d325d13c87c,False,False,answer_site,0.05,-1.9956908226013184,-0.4739817678928375,False,True
2878,mbpp_454:0:0:1,real,mbpp,551d216fb5b71d7b182d18d789d3b158e545aa934e7ef291b3ee3d325d13c87c,False,False,answer_site,0.1,-2.0867795944213867,-0.4864358603954315,False,True
2878,mbpp_454:0:0:1,real,mbpp,551d216fb5b71d7b182d18d789d3b158e545aa934e7ef291b3ee3d325d13c87c,False,False,answer_site,0.2,-2.21579909324646,-0.5520336031913757,False,True
2878,mbpp_454:0:0:1,real,mbpp,551d216fb5b71d7b182d18d789d3b158e545aa934e7ef291b3ee3d325d13c87c,False,False,answer_site,0.4,-2.6164755821228027,-1.0120232105255127,False,False
2878,mbpp_454:0:0:1,real,mbpp,551d216fb5b71d7b182d18d789d3b158e545aa934e7ef291b3ee3d325d13c87c,False,False,actuator_cond,0.02,-1.847507357597351,-0.4982483983039856,False,True
2878,mbpp_454:0:0:1,real,mbpp,551d216fb5b71d7b182d18d789d3b158e545aa934e7ef291b3ee3d325d13c87c,False,False,actuator_cond,0.05,-1.835049033164978,-0.501460075378418,False,True
2878,mbpp_454:0:0:1,real,mbpp,551d216fb5b71d7b182d18d789d3b158e545aa934e7ef291b3ee3d325d13c87c,False,False,actuator_cond,0.1,-1.782908320426941,-0.511882483959198,False,True
2878,mbpp_454:0:0:1,real,mbpp,551d216fb5b71d7b182d18d789d3b158e545aa934e7ef291b3ee3d325d13c87c,False,False,actuator_cond,0.2,-1.6765353679656982,-0.5300820469856262,False,True
2878,mbpp_454:0:0:1,real,mbpp,551d216fb5b71d7b182d18d789d3b158e545aa934e7ef291b3ee3d325d13c87c,False,False,actuator_cond,0.4,-1.3976078033447266,-0.6268881559371948,False,True
2878,mbpp_454:0:0:1,real,mbpp,551d216fb5b71d7b182d18d789d3b158e545aa934e7ef291b3ee3d325d13c87c,False,False,actuator_answer,0.02,-1.902093529701233,-0.4902254343032837,False,True
2878,mbpp_454:0:0:1,real,mbpp,551d216fb5b71d7b182d18d789d3b158e545aa934e7ef291b3ee3d325d13c87c,False,False,actuator_answer,0.05,-1.9326729774475098,-0.4739731550216675,False,True
2878,mbpp_454:0:0:1,real,mbpp,551d216fb5b71d7b182d18d789d3b158e545aa934e7ef291b3ee3d325d13c87c,False,False,actuator_answer,0.1,-2.0454628467559814,-0.44576579332351685,False,True
2878,mbpp_454:0:0:1,real,mbpp,551d216fb5b71d7b182d18d789d3b158e545aa934e7ef291b3ee3d325d13c87c,False,False,actuator_answer,0.2,-2.238131046295166,-0.5114903450012207,False,True
2878,mbpp_454:0:0:1,real,mbpp,551d216fb5b71d7b182d18d789d3b158e545aa934e7ef291b3ee3d325d13c87c,False,False,actuator_answer,0.4,-2.0832881927490234,-0.758658766746521,False,True
2879,mbpp_454:0:0:2,real,mbpp,551d216fb5b71d7b182d18d789d3b158e545aa934e7ef291b3ee3d325d13c87c,False,False,baseline,0.0,-2.438110589981079,-0.40071502327919006,False,True
2879,mbpp_454:0:0:2,real,mbpp,551d216fb5b71d7b182d18d789d3b158e545aa934e7ef291b3ee3d325d13c87c,False,False,semantic,0.02,-2.4376516342163086,-0.40024399757385254,False,True
2879,mbpp_454:0:0:2,real,mbpp,551d216fb5b71d7b182d18d789d3b158e545aa934e7ef291b3ee3d325d13c87c,False,False,semantic,0.05,-2.4614765644073486,-0.39289015531539917,False,True
2879,mbpp_454:0:0:2,real,mbpp,551d216fb5b71d7b182d18d789d3b158e545aa934e7ef291b3ee3d325d13c87c,False,False,semantic,0.1,-2.4767346382141113,-0.39251112937927246,False,True
2879,mbpp_454:0:0:2,real,mbpp,551d216fb5b71d7b182d18d789d3b158e545aa934e7ef291b3ee3d325d13c87c,False,False,semantic,0.2,-2.4947350025177,-0.37959539890289307,False,True
2879,mbpp_454:0:0:2,real,mbpp,551d216fb5b71d7b182d18d789d3b158e545aa934e7ef291b3ee3d325d13c87c,False,False,semantic,0.4,-2.3154778480529785,-0.37354710698127747,False,True
2879,mbpp_454:0:0:2,real,mbpp,551d216fb5b71d7b182d18d789d3b158e545aa934e7ef291b3ee3d325d13c87c,False,False,reverse,0.02,-2.4244964122772217,-0.40284937620162964,False,True
2879,mbpp_454:0:0:2,real,mbpp,551d216fb5b71d7b182d18d789d3b158e545aa934e7ef291b3ee3d325d13c87c,False,False,reverse,0.05,-2.4108715057373047,-0.4049812853336334,False,True
2879,mbpp_454:0:0:2,real,mbpp,551d216fb5b71d7b182d18d789d3b158e545aa934e7ef291b3ee3d325d13c87c,False,False,reverse,0.1,-2.3859357833862305,-0.4114261865615845,False,True
2879,mbpp_454:0:0:2,real,mbpp,551d216fb5b71d7b182d18d789d3b158e545aa934e7ef291b3ee3d325d13c87c,False,False,reverse,0.2,-2.329376220703125,-0.41786664724349976,False,True
2879,mbpp_454:0:0:2,real,mbpp,551d216fb5b71d7b182d18d789d3b158e545aa934e7ef291b3ee3d325d13c87c,False,False,reverse,0.4,-2.2866268157958984,-0.4397135078907013,False,True
2879,mbpp_454:0:0:2,real,mbpp,551d216fb5b71d7b182d18d789d3b158e545aa934e7ef291b3ee3d325d13c87c,False,False,random,0.02,-2.4245967864990234,-0.40277063846588135,False,True
2879,mbpp_454:0:0:2,real,mbpp,551d216fb5b71d7b182d18d789d3b158e545aa934e7ef291b3ee3d325d13c87c,False,False,random,0.05,-2.4244003295898438,-0.4026812016963959,False,True
2879,mbpp_454:0:0:2,real,mbpp,551d216fb5b71d7b182d18d789d3b158e545aa934e7ef291b3ee3d325d13c87c,False,False,random,0.1,-2.3968710899353027,-0.4063243269920349,False,True
2879,mbpp_454:0:0:2,real,mbpp,551d216fb5b71d7b182d18d789d3b158e545aa934e7ef291b3ee3d325d13c87c,False,False,random,0.2,-2.399277448654175,-0.40872204303741455,False,True
2879,mbpp_454:0:0:2,real,mbpp,551d216fb5b71d7b182d18d789d3b158e545aa934e7ef291b3ee3d325d13c87c,False,False,random,0.4,-2.358367919921875,-0.3983929753303528,False,True
2879,mbpp_454:0:0:2,real,mbpp,551d216fb5b71d7b182d18d789d3b158e545aa934e7ef291b3ee3d325d13c87c,False,False,shuffled,0.02,-2.407790184020996,-0.4016970098018646,False,True
2879,mbpp_454:0:0:2,real,mbpp,551d216fb5b71d7b182d18d789d3b158e545aa934e7ef291b3ee3d325d13c87c,False,False,shuffled,0.05,-2.404656171798706,-0.3985999822616577,False,True
2879,mbpp_454:0:0:2,real,mbpp,551d216fb5b71d7b182d18d789d3b158e545aa934e7ef291b3ee3d325d13c87c,False,False,shuffled,0.1,-2.3873724937438965,-0.3970441520214081,False,True
2879,mbpp_454:0:0:2,real,mbpp,551d216fb5b71d7b182d18d789d3b158e545aa934e7ef291b3ee3d325d13c87c,False,False,shuffled,0.2,-2.363706588745117,-0.3894498348236084,False,True
2879,mbpp_454:0:0:2,real,mbpp,551d216fb5b71d7b182d18d789d3b158e545aa934e7ef291b3ee3d325d13c87c,False,False,shuffled,0.4,-2.3056859970092773,-0.3791072964668274,False,True
2879,mbpp_454:0:0:2,real,mbpp,551d216fb5b71d7b182d18d789d3b158e545aa934e7ef291b3ee3d325d13c87c,False,False,wrong_site,0.02,-2.4344589710235596,-0.39718353748321533,False,True
2879,mbpp_454:0:0:2,real,mbpp,551d216fb5b71d7b182d18d789d3b158e545aa934e7ef291b3ee3d325d13c87c,False,False,wrong_site,0.05,-2.421135902404785,-0.39945027232170105,False,True
2879,mbpp_454:0:0:2,real,mbpp,551d216fb5b71d7b182d18d789d3b158e545aa934e7ef291b3ee3d325d13c87c,False,False,wrong_site,0.1,-2.4243662357330322,-0.40261566638946533,False,True
2879,mbpp_454:0:0:2,real,mbpp,551d216fb5b71d7b182d18d789d3b158e545aa934e7ef291b3ee3d325d13c87c,False,False,wrong_site,0.2,-2.408137083053589,-0.4021432101726532,False,True
2879,mbpp_454:0:0:2,real,mbpp,551d216fb5b71d7b182d18d789d3b158e545aa934e7ef291b3ee3d325d13c87c,False,False,wrong_site,0.4,-2.4089086055755615,-0.4028741121292114,False,True
2879,mbpp_454:0:0:2,real,mbpp,551d216fb5b71d7b182d18d789d3b158e545aa934e7ef291b3ee3d325d13c87c,False,False,answer_site,0.02,-2.4839742183685303,-0.39946800470352173,False,True
2879,mbpp_454:0:0:2,real,mbpp,551d216fb5b71d7b182d18d789d3b158e545aa934e7ef291b3ee3d325d13c87c,False,False,answer_site,0.05,-2.577674627304077,-0.3990704417228699,False,True
2879,mbpp_454:0:0:2,real,mbpp,551d216fb5b71d7b182d18d789d3b158e545aa934e7ef291b3ee3d325d13c87c,False,False,answer_site,0.1,-2.6805739402770996,-0.4231002926826477,False,True
2879,mbpp_454:0:0:2,real,mbpp,551d216fb5b71d7b182d18d789d3b158e545aa934e7ef291b3ee3d325d13c87c,False,False,answer_site,0.2,-2.8096868991851807,-0.48849910497665405,False,True
2879,mbpp_454:0:0:2,real,mbpp,551d216fb5b71d7b182d18d789d3b158e545aa934e7ef291b3ee3d325d13c87c,False,False,answer_site,0.4,-3.1166326999664307,-0.9330416321754456,False,False
2879,mbpp_454:0:0:2,real,mbpp,551d216fb5b71d7b182d18d789d3b158e545aa934e7ef291b3ee3d325d13c87c,False,False,actuator_cond,0.02,-2.410189628601074,-0.40419304370880127,False,True
2879,mbpp_454:0:0:2,real,mbpp,551d216fb5b71d7b182d18d789d3b158e545aa934e7ef291b3ee3d325d13c87c,False,False,actuator_cond,0.05,-2.376426935195923,-0.4017699062824249,False,True
2879,mbpp_454:0:0:2,real,mbpp,551d216fb5b71d7b182d18d789d3b158e545aa934e7ef291b3ee3d325d13c87c,False,False,actuator_cond,0.1,-2.3213632106781006,-0.40932512283325195,False,True
2879,mbpp_454:0:0:2,real,mbpp,551d216fb5b71d7b182d18d789d3b158e545aa934e7ef291b3ee3d325d13c87c,False,False,actuator_cond,0.2,-2.1456596851348877,-0.4210822582244873,False,True
2879,mbpp_454:0:0:2,real,mbpp,551d216fb5b71d7b182d18d789d3b158e545aa934e7ef291b3ee3d325d13c87c,False,False,actuator_cond,0.4,-1.7983574867248535,-0.49608907103538513,False,True
2879,mbpp_454:0:0:2,real,mbpp,551d216fb5b71d7b182d18d789d3b158e545aa934e7ef291b3ee3d325d13c87c,False,False,actuator_answer,0.02,-2.4679698944091797,-0.39937442541122437,False,True
2879,mbpp_454:0:0:2,real,mbpp,551d216fb5b71d7b182d18d789d3b158e545aa934e7ef291b3ee3d325d13c87c,False,False,actuator_answer,0.05,-2.5086331367492676,-0.3931189179420471,False,True
2879,mbpp_454:0:0:2,real,mbpp,551d216fb5b71d7b182d18d789d3b158e545aa934e7ef291b3ee3d325d13c87c,False,False,actuator_answer,0.1,-2.608588457107544,-0.36753204464912415,False,True
2879,mbpp_454:0:0:2,real,mbpp,551d216fb5b71d7b182d18d789d3b158e545aa934e7ef291b3ee3d325d13c87c,False,False,actuator_answer,0.2,-2.69616436958313,-0.43745705485343933,False,True
2879,mbpp_454:0:0:2,real,mbpp,551d216fb5b71d7b182d18d789d3b158e545aa934e7ef291b3ee3d325d13c87c,False,False,actuator_answer,0.4,-2.401862621307373,-0.6705259084701538,False,True
2880,mbpp_454:1:0:0,real,mbpp,551d216fb5b71d7b182d18d789d3b158e545aa934e7ef291b3ee3d325d13c87c,True,False,baseline,0.0,-0.6302778124809265,-2.4013121128082275,True,False
2880,mbpp_454:1:0:0,real,mbpp,551d216fb5b71d7b182d18d789d3b158e545aa934e7ef291b3ee3d325d13c87c,True,False,semantic,0.02,-0.6379127502441406,-2.393187999725342,True,False
2880,mbpp_454:1:0:0,real,mbpp,551d216fb5b71d7b182d18d789d3b158e545aa934e7ef291b3ee3d325d13c87c,True,False,semantic,0.05,-0.6405313611030579,-2.380147695541382,True,False
2880,mbpp_454:1:0:0,real,mbpp,551d216fb5b71d7b182d18d789d3b158e545aa934e7ef291b3ee3d325d13c87c,True,False,semantic,0.1,-0.64851975440979,-2.3723671436309814,True,False
2880,mbpp_454:1:0:0,real,mbpp,551d216fb5b71d7b182d18d789d3b158e545aa934e7ef291b3ee3d325d13c87c,True,False,semantic,0.2,-0.659591019153595,-2.3363914489746094,True,False
2880,mbpp_454:1:0:0,real,mbpp,551d216fb5b71d7b182d18d789d3b158e545aa934e7ef291b3ee3d325d13c87c,True,False,semantic,0.4,-0.6721622347831726,-2.2850985527038574,True,False
2880,mbpp_454:1:0:0,real,mbpp,551d216fb5b71d7b182d18d789d3b158e545aa934e7ef291b3ee3d325d13c87c,True,False,reverse,0.02,-0.6351528763771057,-2.406219244003296,True,False
2880,mbpp_454:1:0:0,real,mbpp,551d216fb5b71d7b182d18d789d3b158e545aa934e7ef291b3ee3d325d13c87c,True,False,reverse,0.05,-0.6270701885223389,-2.413801908493042,True,False
2880,mbpp_454:1:0:0,real,mbpp,551d216fb5b71d7b182d18d789d3b158e545aa934e7ef291b3ee3d325d13c87c,True,False,reverse,0.1,-0.623670220375061,-2.4260146617889404,True,False
2880,mbpp_454:1:0:0,real,mbpp,551d216fb5b71d7b182d18d789d3b158e545aa934e7ef291b3ee3d325d13c87c,True,False,reverse,0.2,-0.6072149872779846,-2.425018310546875,True,False
2880,mbpp_454:1:0:0,real,mbpp,551d216fb5b71d7b182d18d789d3b158e545aa934e7ef291b3ee3d325d13c87c,True,False,reverse,0.4,-0.6092709302902222,-2.300823211669922,True,False
2880,mbpp_454:1:0:0,real,mbpp,551d216fb5b71d7b182d18d789d3b158e545aa934e7ef291b3ee3d325d13c87c,True,False,random,0.02,-0.637390673160553,-2.392803192138672,True,False
2880,mbpp_454:1:0:0,real,mbpp,551d216fb5b71d7b182d18d789d3b158e545aa934e7ef291b3ee3d325d13c87c,True,False,random,0.05,-0.6376105546951294,-2.393057346343994,True,False
2880,mbpp_454:1:0:0,real,mbpp,551d216fb5b71d7b182d18d789d3b158e545aa934e7ef291b3ee3d325d13c87c,True,False,random,0.1,-0.648158848285675,-2.403604507446289,True,False
2880,mbpp_454:1:0:0,real,mbpp,551d216fb5b71d7b182d18d789d3b158e545aa934e7ef291b3ee3d325d13c87c,True,False,random,0.2,-0.649467945098877,-2.3893232345581055,True,False
2880,mbpp_454:1:0:0,real,mbpp,551d216fb5b71d7b182d18d789d3b158e545aa934e7ef291b3ee3d325d13c87c,True,False,random,0.4,-0.6419326663017273,-2.3815016746520996,True,False
2880,mbpp_454:1:0:0,real,mbpp,551d216fb5b71d7b182d18d789d3b158e545aa934e7ef291b3ee3d325d13c87c,True,False,shuffled,0.02,-0.6352324485778809,-2.4062769412994385,True,False
2880,mbpp_454:1:0:0,real,mbpp,551d216fb5b71d7b182d18d789d3b158e545aa934e7ef291b3ee3d325d13c87c,True,False,shuffled,0.05,-0.6318100690841675,-2.41852068901062,True,False
2880,mbpp_454:1:0:0,real,mbpp,551d216fb5b71d7b182d18d789d3b158e545aa934e7ef291b3ee3d325d13c87c,True,False,shuffled,0.1,-0.6277422904968262,-2.429978132247925,True,False
2880,mbpp_454:1:0:0,real,mbpp,551d216fb5b71d7b182d18d789d3b158e545aa934e7ef291b3ee3d325d13c87c,True,False,shuffled,0.2,-0.616348385810852,-2.4498279094696045,True,False
2880,mbpp_454:1:0:0,real,mbpp,551d216fb5b71d7b182d18d789d3b158e545aa934e7ef291b3ee3d325d13c87c,True,False,shuffled,0.4,-0.5986617803573608,-2.431910753250122,True,False
2880,mbpp_454:1:0:0,real,mbpp,551d216fb5b71d7b182d18d789d3b158e545aa934e7ef291b3ee3d325d13c87c,True,False,wrong_site,0.02,-0.6380332708358765,-2.393404483795166,True,False
2880,mbpp_454:1:0:0,real,mbpp,551d216fb5b71d7b182d18d789d3b158e545aa934e7ef291b3ee3d325d13c87c,True,False,wrong_site,0.05,-0.6383879780769348,-2.393822431564331,True,False
2880,mbpp_454:1:0:0,real,mbpp,551d216fb5b71d7b182d18d789d3b158e545aa934e7ef291b3ee3d325d13c87c,True,False,wrong_site,0.1,-0.6414588689804077,-2.381352186203003,True,False
2880,mbpp_454:1:0:0,real,mbpp,551d216fb5b71d7b182d18d789d3b158e545aa934e7ef291b3ee3d325d13c87c,True,False,wrong_site,0.2,-0.6558323502540588,-2.3488359451293945,True,False
2880,mbpp_454:1:0:0,real,mbpp,551d216fb5b71d7b182d18d789d3b158e545aa934e7ef291b3ee3d325d13c87c,True,False,wrong_site,0.4,-0.6533698439598083,-2.299363851547241,True,False
2880,mbpp_454:1:0:0,real,mbpp,551d216fb5b71d7b182d18d789d3b158e545aa934e7ef291b3ee3d325d13c87c,True,False,answer_site,0.02,-0.645270824432373,-2.3379366397857666,True,False
2880,mbpp_454:1:0:0,real,mbpp,551d216fb5b71d7b182d18d789d3b158e545aa934e7ef291b3ee3d325d13c87c,True,False,answer_site,0.05,-0.6764273047447205,-2.2751917839050293,True,False
2880,mbpp_454:1:0:0,real,mbpp,551d216fb5b71d7b182d18d789d3b158e545aa934e7ef291b3ee3d325d13c87c,True,False,answer_site,0.1,-0.7465218901634216,-2.2043991088867188,True,False
2880,mbpp_454:1:0:0,real,mbpp,551d216fb5b71d7b182d18d789d3b158e545aa934e7ef291b3ee3d325d13c87c,True,False,answer_site,0.2,-0.9942559003829956,-2.3277015686035156,True,False
2880,mbpp_454:1:0:0,real,mbpp,551d216fb5b71d7b182d18d789d3b158e545aa934e7ef291b3ee3d325d13c87c,True,False,answer_site,0.4,-1.6227871179580688,-3.082831859588623,False,False
2880,mbpp_454:1:0:0,real,mbpp,551d216fb5b71d7b182d18d789d3b158e545aa934e7ef291b3ee3d325d13c87c,True,False,actuator_cond,0.02,-0.6296303272247314,-2.400639533996582,True,False
2880,mbpp_454:1:0:0,real,mbpp,551d216fb5b71d7b182d18d789d3b158e545aa934e7ef291b3ee3d325d13c87c,True,False,actuator_cond,0.05,-0.6246265172958374,-2.4268319606781006,True,False
2880,mbpp_454:1:0:0,real,mbpp,551d216fb5b71d7b182d18d789d3b158e545aa934e7ef291b3ee3d325d13c87c,True,False,actuator_cond,0.1,-0.6084984540939331,-2.4730191230773926,True,False
2880,mbpp_454:1:0:0,real,mbpp,551d216fb5b71d7b182d18d789d3b158e545aa934e7ef291b3ee3d325d13c87c,True,False,actuator_cond,0.2,-0.5959057807922363,-2.4758644104003906,True,False
2880,mbpp_454:1:0:0,real,mbpp,551d216fb5b71d7b182d18d789d3b158e545aa934e7ef291b3ee3d325d13c87c,True,False,actuator_cond,0.4,-0.5984143018722534,-2.4617502689361572,True,False
2880,mbpp_454:1:0:0,real,mbpp,551d216fb5b71d7b182d18d789d3b158e545aa934e7ef291b3ee3d325d13c87c,True,False,actuator_answer,0.02,-0.6335452198982239,-2.3889338970184326,True,False
2880,mbpp_454:1:0:0,real,mbpp,551d216fb5b71d7b182d18d789d3b158e545aa934e7ef291b3ee3d325d13c87c,True,False,actuator_answer,0.05,-0.6222038269042969,-2.362091064453125,True,False
2880,mbpp_454:1:0:0,real,mbpp,551d216fb5b71d7b182d18d789d3b158e545aa934e7ef291b3ee3d325d13c87c,True,False,actuator_answer,0.1,-0.5982276797294617,-2.3227028846740723,True,False
2880,mbpp_454:1:0:0,real,mbpp,551d216fb5b71d7b182d18d789d3b158e545aa934e7ef291b3ee3d325d13c87c,True,False,actuator_answer,0.2,-0.5576526522636414,-2.282514810562134,True,False
2880,mbpp_454:1:0:0,real,mbpp,551d216fb5b71d7b182d18d789d3b158e545aa934e7ef291b3ee3d325d13c87c,True,False,actuator_answer,0.4,-6.3098859786987305,-8.02371883392334,False,False
2881,mbpp_454:1:0:1,real,mbpp,551d216fb5b71d7b182d18d789d3b158e545aa934e7ef291b3ee3d325d13c87c,False,False,baseline,0.0,-2.3966379165649414,-0.4347080588340759,False,True
2881,mbpp_454:1:0:1,real,mbpp,551d216fb5b71d7b182d18d789d3b158e545aa934e7ef291b3ee3d325d13c87c,False,False,semantic,0.02,-2.4100961685180664,-0.4324229955673218,False,True
2881,mbpp_454:1:0:1,real,mbpp,551d216fb5b71d7b182d18d789d3b158e545aa934e7ef291b3ee3d325d13c87c,False,False,semantic,0.05,-2.4228320121765137,-0.42939186096191406,False,True
2881,mbpp_454:1:0:1,real,mbpp,551d216fb5b71d7b182d18d789d3b158e545aa934e7ef291b3ee3d325d13c87c,False,False,semantic,0.1,-2.421677589416504,-0.4283530116081238,False,True
2881,mbpp_454:1:0:1,real,mbpp,551d216fb5b71d7b182d18d789d3b158e545aa934e7ef291b3ee3d325d13c87c,False,False,semantic,0.2,-2.431896686553955,-0.40756672620773315,False,True
2881,mbpp_454:1:0:1,real,mbpp,551d216fb5b71d7b182d18d789d3b158e545aa934e7ef291b3ee3d325d13c87c,False,False,semantic,0.4,-2.3245627880096436,-0.3959290683269501,False,True
2881,mbpp_454:1:0:1,real,mbpp,551d216fb5b71d7b182d18d789d3b158e545aa934e7ef291b3ee3d325d13c87c,False,False,reverse,0.02,-2.4001657962799072,-0.4381681978702545,False,True
2881,mbpp_454:1:0:1,real,mbpp,551d216fb5b71d7b182d18d789d3b158e545aa934e7ef291b3ee3d325d13c87c,False,False,reverse,0.05,-2.387331485748291,-0.44100457429885864,False,True
2881,mbpp_454:1:0:1,real,mbpp,551d216fb5b71d7b182d18d789d3b158e545aa934e7ef291b3ee3d325d13c87c,False,False,reverse,0.1,-2.3766043186187744,-0.4460056722164154,False,True
2881,mbpp_454:1:0:1,real,mbpp,551d216fb5b71d7b182d18d789d3b158e545aa934e7ef291b3ee3d325d13c87c,False,False,reverse,0.2,-2.358009099960327,-0.44270095229148865,False,True
2881,mbpp_454:1:0:1,real,mbpp,551d216fb5b71d7b182d18d789d3b158e545aa934e7ef291b3ee3d325d13c87c,False,False,reverse,0.4,-2.3729350566864014,-0.45857730507850647,False,True
2881,mbpp_454:1:0:1,real,mbpp,551d216fb5b71d7b182d18d789d3b158e545aa934e7ef291b3ee3d325d13c87c,False,False,random,0.02,-2.4005823135375977,-0.4385802149772644,False,True
2881,mbpp_454:1:0:1,real,mbpp,551d216fb5b71d7b182d18d789d3b158e545aa934e7ef291b3ee3d325d13c87c,False,False,random,0.05,-2.4001190662384033,-0.4381003975868225,False,True
2881,mbpp_454:1:0:1,real,mbpp,551d216fb5b71d7b182d18d789d3b158e545aa934e7ef291b3ee3d325d13c87c,False,False,random,0.1,-2.3990349769592285,-0.4369732141494751,False,True
2881,mbpp_454:1:0:1,real,mbpp,551d216fb5b71d7b182d18d789d3b158e545aa934e7ef291b3ee3d325d13c87c,False,False,random,0.2,-2.4213931560516357,-0.42797577381134033,False,True
2881,mbpp_454:1:0:1,real,mbpp,551d216fb5b71d7b182d18d789d3b158e545aa934e7ef291b3ee3d325d13c87c,False,False,random,0.4,-2.3582091331481934,-0.4105059802532196,False,True
2881,mbpp_454:1:0:1,real,mbpp,551d216fb5b71d7b182d18d789d3b158e545aa934e7ef291b3ee3d325d13c87c,False,False,shuffled,0.02,-2.3971474170684814,-0.43510323762893677,False,True
2881,mbpp_454:1:0:1,real,mbpp,551d216fb5b71d7b182d18d789d3b158e545aa934e7ef291b3ee3d325d13c87c,False,False,shuffled,0.05,-2.3799819946289062,-0.4337511658668518,False,True
2881,mbpp_454:1:0:1,real,mbpp,551d216fb5b71d7b182d18d789d3b158e545aa934e7ef291b3ee3d325d13c87c,False,False,shuffled,0.1,-2.3740153312683105,-0.42777830362319946,False,True
2881,mbpp_454:1:0:1,real,mbpp,551d216fb5b71d7b182d18d789d3b158e545aa934e7ef291b3ee3d325d13c87c,False,False,shuffled,0.2,-2.3661484718322754,-0.4200204014778137,False,True
2881,mbpp_454:1:0:1,real,mbpp,551d216fb5b71d7b182d18d789d3b158e545aa934e7ef291b3ee3d325d13c87c,False,False,shuffled,0.4,-2.31644606590271,-0.40232086181640625,False,True
2881,mbpp_454:1:0:1,real,mbpp,551d216fb5b71d7b182d18d789d3b158e545aa934e7ef291b3ee3d325d13c87c,False,False,wrong_site,0.02,-2.3965444564819336,-0.4345560073852539,False,True
2881,mbpp_454:1:0:1,real,mbpp,551d216fb5b71d7b182d18d789d3b158e545aa934e7ef291b3ee3d325d13c87c,False,False,wrong_site,0.05,-2.3972957134246826,-0.4353618621826172,False,True
2881,mbpp_454:1:0:1,real,mbpp,551d216fb5b71d7b182d18d789d3b158e545aa934e7ef291b3ee3d325d13c87c,False,False,wrong_site,0.1,-2.3965139389038086,-0.43459761142730713,False,True
2881,mbpp_454:1:0:1,real,mbpp,551d216fb5b71d7b182d18d789d3b158e545aa934e7ef291b3ee3d325d13c87c,False,False,wrong_site,0.2,-2.3974790573120117,-0.43555694818496704,False,True
2881,mbpp_454:1:0:1,real,mbpp,551d216fb5b71d7b182d18d789d3b158e545aa934e7ef291b3ee3d325d13c87c,False,False,wrong_site,0.4,-2.381653070449829,-0.4353136420249939,False,True
2881,mbpp_454:1:0:1,real,mbpp,551d216fb5b71d7b182d18d789d3b158e545aa934e7ef291b3ee3d325d13c87c,False,False,answer_site,0.02,-2.4703361988067627,-0.4299522638320923,False,True
2881,mbpp_454:1:0:1,real,mbpp,551d216fb5b71d7b182d18d789d3b158e545aa934e7ef291b3ee3d325d13c87c,False,False,answer_site,0.05,-2.574599504470825,-0.4244173765182495,False,True
2881,mbpp_454:1:0:1,real,mbpp,551d216fb5b71d7b182d18d789d3b158e545aa934e7ef291b3ee3d325d13c87c,False,False,answer_site,0.1,-2.698349952697754,-0.43810760974884033,False,True
2881,mbpp_454:1:0:1,real,mbpp,551d216fb5b71d7b182d18d789d3b158e545aa934e7ef291b3ee3d325d13c87c,False,False,answer_site,0.2,-2.8777194023132324,-0.5226007103919983,False,True
2881,mbpp_454:1:0:1,real,mbpp,551d216fb5b71d7b182d18d789d3b158e545aa934e7ef291b3ee3d325d13c87c,False,False,answer_site,0.4,-3.318495988845825,-1.0221894979476929,False,False
2881,mbpp_454:1:0:1,real,mbpp,551d216fb5b71d7b182d18d789d3b158e545aa934e7ef291b3ee3d325d13c87c,False,False,actuator_cond,0.02,-2.383791923522949,-0.43746399879455566,False,True
2881,mbpp_454:1:0:1,real,mbpp,551d216fb5b71d7b182d18d789d3b158e545aa934e7ef291b3ee3d325d13c87c,False,False,actuator_cond,0.05,-2.3561339378356934,-0.44109541177749634,False,True
2881,mbpp_454:1:0:1,real,mbpp,551d216fb5b71d7b182d18d789d3b158e545aa934e7ef291b3ee3d325d13c87c,False,False,actuator_cond,0.1,-2.3115134239196777,-0.4435230791568756,False,True
2881,mbpp_454:1:0:1,real,mbpp,551d216fb5b71d7b182d18d789d3b158e545aa934e7ef291b3ee3d325d13c87c,False,False,actuator_cond,0.2,-2.1889610290527344,-0.44529324769973755,False,True
2881,mbpp_454:1:0:1,real,mbpp,551d216fb5b71d7b182d18d789d3b158e545aa934e7ef291b3ee3d325d13c87c,False,False,actuator_cond,0.4,-1.8703100681304932,-0.5029973983764648,False,True
2881,mbpp_454:1:0:1,real,mbpp,551d216fb5b71d7b182d18d789d3b158e545aa934e7ef291b3ee3d325d13c87c,False,False,actuator_answer,0.02,-2.4295670986175537,-0.4363144338130951,False,True
2881,mbpp_454:1:0:1,real,mbpp,551d216fb5b71d7b182d18d789d3b158e545aa934e7ef291b3ee3d325d13c87c,False,False,actuator_answer,0.05,-2.4976043701171875,-0.42615029215812683,False,True
2881,mbpp_454:1:0:1,real,mbpp,551d216fb5b71d7b182d18d789d3b158e545aa934e7ef291b3ee3d325d13c87c,False,False,actuator_answer,0.1,-2.634746789932251,-0.40660732984542847,False,True
2881,mbpp_454:1:0:1,real,mbpp,551d216fb5b71d7b182d18d789d3b158e545aa934e7ef291b3ee3d325d13c87c,False,False,actuator_answer,0.2,-2.842764139175415,-0.4874705374240875,False,True
2881,mbpp_454:1:0:1,real,mbpp,551d216fb5b71d7b182d18d789d3b158e545aa934e7ef291b3ee3d325d13c87c,False,False,actuator_answer,0.4,-2.6866588592529297,-0.6707531213760376,False,True
2882,mbpp_455:0:0:0,real,mbpp,40f62a45578553368d5de658f2fc94e6af50b07c2c32aa3a51df78398b0e8b51,True,False,baseline,0.0,-0.2197905331850052,-1.9072905778884888,True,False
2882,mbpp_455:0:0:0,real,mbpp,40f62a45578553368d5de658f2fc94e6af50b07c2c32aa3a51df78398b0e8b51,True,False,semantic,0.02,-0.22002284228801727,-1.9075227975845337,True,False
2882,mbpp_455:0:0:0,real,mbpp,40f62a45578553368d5de658f2fc94e6af50b07c2c32aa3a51df78398b0e8b51,True,False,semantic,0.05,-0.2253451645374298,-1.8815951347351074,True,False
2882,mbpp_455:0:0:0,real,mbpp,40f62a45578553368d5de658f2fc94e6af50b07c2c32aa3a51df78398b0e8b51,True,False,semantic,0.1,-0.23599877953529358,-1.8297487497329712,True,False
2882,mbpp_455:0:0:0,real,mbpp,40f62a45578553368d5de658f2fc94e6af50b07c2c32aa3a51df78398b0e8b51,True,False,semantic,0.2,-0.2632913291454315,-1.700791358947754,True,False
2882,mbpp_455:0:0:0,real,mbpp,40f62a45578553368d5de658f2fc94e6af50b07c2c32aa3a51df78398b0e8b51,True,False,semantic,0.4,-0.3131849467754364,-1.5163099765777588,True,False
2882,mbpp_455:0:0:0,real,mbpp,40f62a45578553368d5de658f2fc94e6af50b07c2c32aa3a51df78398b0e8b51,True,False,reverse,0.02,-0.21965168416500092,-1.907151699066162,True,False
2882,mbpp_455:0:0:0,real,mbpp,40f62a45578553368d5de658f2fc94e6af50b07c2c32aa3a51df78398b0e8b51,True,False,reverse,0.05,-0.21627214550971985,-1.9193971157073975,True,False
2882,mbpp_455:0:0:0,real,mbpp,40f62a45578553368d5de658f2fc94e6af50b07c2c32aa3a51df78398b0e8b51,True,False,reverse,0.1,-0.21232812106609344,-1.9310780763626099,True,False
2882,mbpp_455:0:0:0,real,mbpp,40f62a45578553368d5de658f2fc94e6af50b07c2c32aa3a51df78398b0e8b51,True,False,reverse,0.2,-0.21737754344940186,-1.8736275434494019,True,False
2882,mbpp_455:0:0:0,real,mbpp,40f62a45578553368d5de658f2fc94e6af50b07c2c32aa3a51df78398b0e8b51,True,False,reverse,0.4,-0.2653670012950897,-1.655992031097412,True,False
2882,mbpp_455:0:0:0,real,mbpp,40f62a45578553368d5de658f2fc94e6af50b07c2c32aa3a51df78398b0e8b51,True,False,random,0.02,-0.21981388330459595,-1.9073138236999512,True,False
2882,mbpp_455:0:0:0,real,mbpp,40f62a45578553368d5de658f2fc94e6af50b07c2c32aa3a51df78398b0e8b51,True,False,random,0.05,-0.21732670068740845,-1.9204516410827637,True,False
2882,mbpp_455:0:0:0,real,mbpp,40f62a45578553368d5de658f2fc94e6af50b07c2c32aa3a51df78398b0e8b51,True,False,random,0.1,-0.2148280292749405,-1.9335780143737793,True,False
2882,mbpp_455:0:0:0,real,mbpp,40f62a45578553368d5de658f2fc94e6af50b07c2c32aa3a51df78398b0e8b51,True,False,random,0.2,-0.21363720297813416,-1.9480122327804565,True,False
2882,mbpp_455:0:0:0,real,mbpp,40f62a45578553368d5de658f2fc94e6af50b07c2c32aa3a51df78398b0e8b51,True,False,random,0.4,-0.2079763114452362,-1.9892263412475586,True,False
2882,mbpp_455:0:0:0,real,mbpp,40f62a45578553368d5de658f2fc94e6af50b07c2c32aa3a51df78398b0e8b51,True,False,shuffled,0.02,-0.21974718570709229,-1.9072471857070923,True,False
2882,mbpp_455:0:0:0,real,mbpp,40f62a45578553368d5de658f2fc94e6af50b07c2c32aa3a51df78398b0e8b51,True,False,shuffled,0.05,-0.2216288298368454,-1.8935037851333618,True,False
2882,mbpp_455:0:0:0,real,mbpp,40f62a45578553368d5de658f2fc94e6af50b07c2c32aa3a51df78398b0e8b51,True,False,shuffled,0.1,-0.22160446643829346,-1.8934794664382935,True,False
2882,mbpp_455:0:0:0,real,mbpp,40f62a45578553368d5de658f2fc94e6af50b07c2c32aa3a51df78398b0e8b51,True,False,shuffled,0.2,-0.22173675894737244,-1.8779867887496948,True,False
2882,mbpp_455:0:0:0,real,mbpp,40f62a45578553368d5de658f2fc94e6af50b07c2c32aa3a51df78398b0e8b51,True,False,shuffled,0.4,-0.24358397722244263,-1.7748339176177979,True,False
2882,mbpp_455:0:0:0,real,mbpp,40f62a45578553368d5de658f2fc94e6af50b07c2c32aa3a51df78398b0e8b51,True,False,wrong_site,0.02,-0.21944409608840942,-1.9069440364837646,True,False
2882,mbpp_455:0:0:0,real,mbpp,40f62a45578553368d5de658f2fc94e6af50b07c2c32aa3a51df78398b0e8b51,True,False,wrong_site,0.05,-0.21949127316474915,-1.9069912433624268,True,False
2882,mbpp_455:0:0:0,real,mbpp,40f62a45578553368d5de658f2fc94e6af50b07c2c32aa3a51df78398b0e8b51,True,False,wrong_site,0.1,-0.2221118062734604,-1.8939868211746216,True,False
2882,mbpp_455:0:0:0,real,mbpp,40f62a45578553368d5de658f2fc94e6af50b07c2c32aa3a51df78398b0e8b51,True,False,wrong_site,0.2,-0.22495675086975098,-1.881206750869751,True,False
2882,mbpp_455:0:0:0,real,mbpp,40f62a45578553368d5de658f2fc94e6af50b07c2c32aa3a51df78398b0e8b51,True,False,wrong_site,0.4,-0.2254703789949417,-1.8817204236984253,True,False
2882,mbpp_455:0:0:0,real,mbpp,40f62a45578553368d5de658f2fc94e6af50b07c2c32aa3a51df78398b0e8b51,True,False,answer_site,0.02,-0.25139889121055603,-1.7670239210128784,True,False
2882,mbpp_455:0:0:0,real,mbpp,40f62a45578553368d5de658f2fc94e6af50b07c2c32aa3a51df78398b0e8b51,True,False,answer_site,0.05,-0.31387996673583984,-1.5482549667358398,True,False
2882,mbpp_455:0:0:0,real,mbpp,40f62a45578553368d5de658f2fc94e6af50b07c2c32aa3a51df78398b0e8b51,True,False,answer_site,0.1,-0.4513619542121887,-1.216986894607544,True,False
2882,mbpp_455:0:0:0,real,mbpp,40f62a45578553368d5de658f2fc94e6af50b07c2c32aa3a51df78398b0e8b51,True,False,answer_site,0.2,-0.8385082483291626,-0.7447582483291626,False,True
2882,mbpp_455:0:0:0,real,mbpp,40f62a45578553368d5de658f2fc94e6af50b07c2c32aa3a51df78398b0e8b51,True,False,answer_site,0.4,-1.3774139881134033,-0.6742889285087585,False,True
2882,mbpp_455:0:0:0,real,mbpp,40f62a45578553368d5de658f2fc94e6af50b07c2c32aa3a51df78398b0e8b51,True,False,actuator_cond,0.02,-0.20619983971118927,-1.9874498844146729,True,False
2882,mbpp_455:0:0:0,real,mbpp,40f62a45578553368d5de658f2fc94e6af50b07c2c32aa3a51df78398b0e8b51,True,False,actuator_cond,0.05,-0.19378291070461273,-2.0687828063964844,True,False
2882,mbpp_455:0:0:0,real,mbpp,40f62a45578553368d5de658f2fc94e6af50b07c2c32aa3a51df78398b0e8b51,True,False,actuator_cond,0.1,-0.18289124965667725,-2.151641368865967,True,False
2882,mbpp_455:0:0:0,real,mbpp,40f62a45578553368d5de658f2fc94e6af50b07c2c32aa3a51df78398b0e8b51,True,False,actuator_cond,0.2,-0.1710553765296936,-2.217930316925049,True,False
2882,mbpp_455:0:0:0,real,mbpp,40f62a45578553368d5de658f2fc94e6af50b07c2c32aa3a51df78398b0e8b51,True,False,actuator_cond,0.4,-0.10683726519346237,-2.747462272644043,True,False
2882,mbpp_455:0:0:0,real,mbpp,40f62a45578553368d5de658f2fc94e6af50b07c2c32aa3a51df78398b0e8b51,True,False,actuator_answer,0.02,-0.4805881977081299,-1.1055881977081299,True,False
2882,mbpp_455:0:0:0,real,mbpp,40f62a45578553368d5de658f2fc94e6af50b07c2c32aa3a51df78398b0e8b51,True,False,actuator_answer,0.05,-1.3614472150802612,-0.36144721508026123,False,True
2882,mbpp_455:0:0:0,real,mbpp,40f62a45578553368d5de658f2fc94e6af50b07c2c32aa3a51df78398b0e8b51,True,False,actuator_answer,0.1,-3.7953317165374756,-0.06095677986741066,False,True
2882,mbpp_455:0:0:0,real,mbpp,40f62a45578553368d5de658f2fc94e6af50b07c2c32aa3a51df78398b0e8b51,True,False,actuator_answer,0.2,-8.116196632385254,-0.030259549617767334,False,True
2882,mbpp_455:0:0:0,real,mbpp,40f62a45578553368d5de658f2fc94e6af50b07c2c32aa3a51df78398b0e8b51,True,False,actuator_answer,0.4,-15.258267402648926,-0.31686070561408997,False,True
2883,mbpp_455:0:0:1,real,mbpp,40f62a45578553368d5de658f2fc94e6af50b07c2c32aa3a51df78398b0e8b51,False,False,baseline,0.0,-1.8290538787841797,-0.23530390858650208,False,True
2883,mbpp_455:0:0:1,real,mbpp,40f62a45578553368d5de658f2fc94e6af50b07c2c32aa3a51df78398b0e8b51,False,False,semantic,0.02,-1.841615080833435,-0.23224006593227386,False,True
2883,mbpp_455:0:0:1,real,mbpp,40f62a45578553368d5de658f2fc94e6af50b07c2c32aa3a51df78398b0e8b51,False,False,semantic,0.05,-1.8410453796386719,-0.2316703349351883,False,True
2883,mbpp_455:0:0:1,real,mbpp,40f62a45578553368d5de658f2fc94e6af50b07c2c32aa3a51df78398b0e8b51,False,False,semantic,0.1,-1.8526798486709595,-0.22767989337444305,False,True
2883,mbpp_455:0:0:1,real,mbpp,40f62a45578553368d5de658f2fc94e6af50b07c2c32aa3a51df78398b0e8b51,False,False,semantic,0.2,-1.821523904800415,-0.22777387499809265,False,True
2883,mbpp_455:0:0:1,real,mbpp,40f62a45578553368d5de658f2fc94e6af50b07c2c32aa3a51df78398b0e8b51,False,False,semantic,0.4,-1.6185147762298584,-0.274764746427536,False,True
2883,mbpp_455:0:0:1,real,mbpp,40f62a45578553368d5de658f2fc94e6af50b07c2c32aa3a51df78398b0e8b51,False,False,reverse,0.02,-1.8164787292480469,-0.23835378885269165,False,True
2883,mbpp_455:0:0:1,real,mbpp,40f62a45578553368d5de658f2fc94e6af50b07c2c32aa3a51df78398b0e8b51,False,False,reverse,0.05,-1.8037068843841553,-0.24120689928531647,False,True
2883,mbpp_455:0:0:1,real,mbpp,40f62a45578553368d5de658f2fc94e6af50b07c2c32aa3a51df78398b0e8b51,False,False,reverse,0.1,-1.7523442506790161,-0.2523442506790161,False,True
2883,mbpp_455:0:0:1,real,mbpp,40f62a45578553368d5de658f2fc94e6af50b07c2c32aa3a51df78398b0e8b51,False,False,reverse,0.2,-1.6252808570861816,-0.28153088688850403,False,True
2883,mbpp_455:0:0:1,real,mbpp,40f62a45578553368d5de658f2fc94e6af50b07c2c32aa3a51df78398b0e8b51,False,False,reverse,0.4,-1.4445785284042358,-0.33520352840423584,False,True
2883,mbpp_455:0:0:1,real,mbpp,40f62a45578553368d5de658f2fc94e6af50b07c2c32aa3a51df78398b0e8b51,False,False,random,0.02,-1.8289059400558472,-0.23515598475933075,False,True
2883,mbpp_455:0:0:1,real,mbpp,40f62a45578553368d5de658f2fc94e6af50b07c2c32aa3a51df78398b0e8b51,False,False,random,0.05,-1.828824520111084,-0.2350744605064392,False,True
2883,mbpp_455:0:0:1,real,mbpp,40f62a45578553368d5de658f2fc94e6af50b07c2c32aa3a51df78398b0e8b51,False,False,random,0.1,-1.803440809249878,-0.2409408688545227,False,True
2883,mbpp_455:0:0:1,real,mbpp,40f62a45578553368d5de658f2fc94e6af50b07c2c32aa3a51df78398b0e8b51,False,False,random,0.2,-1.7902183532714844,-0.24334335327148438,False,True
2883,mbpp_455:0:0:1,real,mbpp,40f62a45578553368d5de658f2fc94e6af50b07c2c32aa3a51df78398b0e8b51,False,False,random,0.4,-1.7381691932678223,-0.2537941634654999,False,True
2883,mbpp_455:0:0:1,real,mbpp,40f62a45578553368d5de658f2fc94e6af50b07c2c32aa3a51df78398b0e8b51,False,False,shuffled,0.02,-1.8419184684753418,-0.2325434684753418,False,True
2883,mbpp_455:0:0:1,real,mbpp,40f62a45578553368d5de658f2fc94e6af50b07c2c32aa3a51df78398b0e8b51,False,False,shuffled,0.05,-1.8548271656036377,-0.22982721030712128,False,True
2883,mbpp_455:0:0:1,real,mbpp,40f62a45578553368d5de658f2fc94e6af50b07c2c32aa3a51df78398b0e8b51,False,False,shuffled,0.1,-1.867557406425476,-0.2269323766231537,False,True
2883,mbpp_455:0:0:1,real,mbpp,40f62a45578553368d5de658f2fc94e6af50b07c2c32aa3a51df78398b0e8b51,False,False,shuffled,0.2,-1.8518909215927124,-0.2268909513950348,False,True
2883,mbpp_455:0:0:1,real,mbpp,40f62a45578553368d5de658f2fc94e6af50b07c2c32aa3a51df78398b0e8b51,False,False,shuffled,0.4,-1.8601630926132202,-0.21953807771205902,False,True
2883,mbpp_455:0:0:1,real,mbpp,40f62a45578553368d5de658f2fc94e6af50b07c2c32aa3a51df78398b0e8b51,False,False,wrong_site,0.02,-1.828996181488037,-0.23524624109268188,False,True
2883,mbpp_455:0:0:1,real,mbpp,40f62a45578553368d5de658f2fc94e6af50b07c2c32aa3a51df78398b0e8b51,False,False,wrong_site,0.05,-1.8421000242233276,-0.23272503912448883,False,True
2883,mbpp_455:0:0:1,real,mbpp,40f62a45578553368d5de658f2fc94e6af50b07c2c32aa3a51df78398b0e8b51,False,False,wrong_site,0.1,-1.8419294357299805,-0.23255443572998047,False,True
2883,mbpp_455:0:0:1,real,mbpp,40f62a45578553368d5de658f2fc94e6af50b07c2c32aa3a51df78398b0e8b51,False,False,wrong_site,0.2,-1.8420442342758179,-0.23266920447349548,False,True
2883,mbpp_455:0:0:1,real,mbpp,40f62a45578553368d5de658f2fc94e6af50b07c2c32aa3a51df78398b0e8b51,False,False,wrong_site,0.4,-1.8548222780227661,-0.2298222929239273,False,True
2883,mbpp_455:0:0:1,real,mbpp,40f62a45578553368d5de658f2fc94e6af50b07c2c32aa3a51df78398b0e8b51,False,False,answer_site,0.02,-1.9846864938735962,-0.2034364640712738,False,True
2883,mbpp_455:0:0:1,real,mbpp,40f62a45578553368d5de658f2fc94e6af50b07c2c32aa3a51df78398b0e8b51,False,False,answer_site,0.05,-2.2125871181488037,-0.1657121777534485,False,True
2883,mbpp_455:0:0:1,real,mbpp,40f62a45578553368d5de658f2fc94e6af50b07c2c32aa3a51df78398b0e8b51,False,False,answer_site,0.1,-2.6176772117614746,-0.11767717450857162,False,True
2883,mbpp_455:0:0:1,real,mbpp,40f62a45578553368d5de658f2fc94e6af50b07c2c32aa3a51df78398b0e8b51,False,False,answer_site,0.2,-3.5273220539093018,-0.05857211723923683,False,True
2883,mbpp_455:0:0:1,real,mbpp,40f62a45578553368d5de658f2fc94e6af50b07c2c32aa3a51df78398b0e8b51,False,False,answer_site,0.4,-6.665315628051758,-0.11062835901975632,False,True
2883,mbpp_455:0:0:1,real,mbpp,40f62a45578553368d5de658f2fc94e6af50b07c2c32aa3a51df78398b0e8b51,False,False,actuator_cond,0.02,-1.7518880367279053,-0.2518880069255829,False,True
2883,mbpp_455:0:0:1,real,mbpp,40f62a45578553368d5de658f2fc94e6af50b07c2c32aa3a51df78398b0e8b51,False,False,actuator_cond,0.05,-1.626523733139038,-0.28277379274368286,False,True
2883,mbpp_455:0:0:1,real,mbpp,40f62a45578553368d5de658f2fc94e6af50b07c2c32aa3a51df78398b0e8b51,False,False,actuator_cond,0.1,-1.4468013048171997,-0.3374263048171997,False,True
2883,mbpp_455:0:0:1,real,mbpp,40f62a45578553368d5de658f2fc94e6af50b07c2c32aa3a51df78398b0e8b51,False,False,actuator_cond,0.2,-1.172236442565918,-0.4534863829612732,False,True
2883,mbpp_455:0:0:1,real,mbpp,40f62a45578553368d5de658f2fc94e6af50b07c2c32aa3a51df78398b0e8b51,False,False,actuator_cond,0.4,-0.7006914019584656,-0.8256914019584656,True,False
2883,mbpp_455:0:0:1,real,mbpp,40f62a45578553368d5de658f2fc94e6af50b07c2c32aa3a51df78398b0e8b51,False,False,actuator_answer,0.02,-2.771589756011963,-0.11533970385789871,False,True
2883,mbpp_455:0:0:1,real,mbpp,40f62a45578553368d5de658f2fc94e6af50b07c2c32aa3a51df78398b0e8b51,False,False,actuator_answer,0.05,-4.260766506195068,-0.057641685009002686,False,True
2883,mbpp_455:0:0:1,real,mbpp,40f62a45578553368d5de658f2fc94e6af50b07c2c32aa3a51df78398b0e8b51,False,False,actuator_answer,0.1,-6.445497512817383,-0.03924761340022087,False,True
2883,mbpp_455:0:0:1,real,mbpp,40f62a45578553368d5de658f2fc94e6af50b07c2c32aa3a51df78398b0e8b51,False,False,actuator_answer,0.2,-9.991930961608887,-0.03099300153553486,False,True
2883,mbpp_455:0:0:1,real,mbpp,40f62a45578553368d5de658f2fc94e6af50b07c2c32aa3a51df78398b0e8b51,False,False,actuator_answer,0.4,-16.99751091003418,-0.15962085127830505,False,True
2884,mbpp_455:0:0:2,real,mbpp,40f62a45578553368d5de658f2fc94e6af50b07c2c32aa3a51df78398b0e8b51,False,False,baseline,0.0,-0.8417593836784363,-0.7323843836784363,False,True
2884,mbpp_455:0:0:2,real,mbpp,40f62a45578553368d5de658f2fc94e6af50b07c2c32aa3a51df78398b0e8b51,False,False,semantic,0.02,-0.833613395690918,-0.739863395690918,False,True
2884,mbpp_455:0:0:2,real,mbpp,40f62a45578553368d5de658f2fc94e6af50b07c2c32aa3a51df78398b0e8b51,False,False,semantic,0.05,-0.824184775352478,-0.746059775352478,False,True
2884,mbpp_455:0:0:2,real,mbpp,40f62a45578553368d5de658f2fc94e6af50b07c2c32aa3a51df78398b0e8b51,False,False,semantic,0.1,-0.8053245544433594,-0.7584495544433594,False,True
2884,mbpp_455:0:0:2,real,mbpp,40f62a45578553368d5de658f2fc94e6af50b07c2c32aa3a51df78398b0e8b51,False,False,semantic,0.2,-0.7701635360717773,-0.7857885360717773,True,False
2884,mbpp_455:0:0:2,real,mbpp,40f62a45578553368d5de658f2fc94e6af50b07c2c32aa3a51df78398b0e8b51,False,False,semantic,0.4,-0.6727100610733032,-0.9070850610733032,True,False
2884,mbpp_455:0:0:2,real,mbpp,40f62a45578553368d5de658f2fc94e6af50b07c2c32aa3a51df78398b0e8b51,False,False,reverse,0.02,-0.8498384356498718,-0.7248384356498718,False,True
2884,mbpp_455:0:0:2,real,mbpp,40f62a45578553368d5de658f2fc94e6af50b07c2c32aa3a51df78398b0e8b51,False,False,reverse,0.05,-0.8664990067481995,-0.7102490067481995,False,True
2884,mbpp_455:0:0:2,real,mbpp,40f62a45578553368d5de658f2fc94e6af50b07c2c32aa3a51df78398b0e8b51,False,False,reverse,0.1,-0.8735666275024414,-0.7016916275024414,False,True
2884,mbpp_455:0:0:2,real,mbpp,40f62a45578553368d5de658f2fc94e6af50b07c2c32aa3a51df78398b0e8b51,False,False,reverse,0.2,-0.8791904449462891,-0.6916904449462891,False,True
2884,mbpp_455:0:0:2,real,mbpp,40f62a45578553368d5de658f2fc94e6af50b07c2c32aa3a51df78398b0e8b51,False,False,reverse,0.4,-0.8743343353271484,-0.6868343353271484,False,True
2884,mbpp_455:0:0:2,real,mbpp,40f62a45578553368d5de658f2fc94e6af50b07c2c32aa3a51df78398b0e8b51,False,False,random,0.02,-0.8337745070457458,-0.7400245070457458,False,True
2884,mbpp_455:0:0:2,real,mbpp,40f62a45578553368d5de658f2fc94e6af50b07c2c32aa3a51df78398b0e8b51,False,False,random,0.05,-0.8332861661911011,-0.7395361661911011,False,True
2884,mbpp_455:0:0:2,real,mbpp,40f62a45578553368d5de658f2fc94e6af50b07c2c32aa3a51df78398b0e8b51,False,False,random,0.1,-0.8250266313552856,-0.7469016313552856,False,True
2884,mbpp_455:0:0:2,real,mbpp,40f62a45578553368d5de658f2fc94e6af50b07c2c32aa3a51df78398b0e8b51,False,False,random,0.2,-0.8080622553825378,-0.7611872553825378,False,True
2884,mbpp_455:0:0:2,real,mbpp,40f62a45578553368d5de658f2fc94e6af50b07c2c32aa3a51df78398b0e8b51,False,False,random,0.4,-0.8021228909492493,-0.7552478909492493,False,True
2884,mbpp_455:0:0:2,real,mbpp,40f62a45578553368d5de658f2fc94e6af50b07c2c32aa3a51df78398b0e8b51,False,False,shuffled,0.02,-0.8414484858512878,-0.7320734858512878,False,True
2884,mbpp_455:0:0:2,real,mbpp,40f62a45578553368d5de658f2fc94e6af50b07c2c32aa3a51df78398b0e8b51,False,False,shuffled,0.05,-0.8506507277488708,-0.7256507277488708,False,True
2884,mbpp_455:0:0:2,real,mbpp,40f62a45578553368d5de658f2fc94e6af50b07c2c32aa3a51df78398b0e8b51,False,False,shuffled,0.1,-0.8511047959327698,-0.7261047959327698,False,True
2884,mbpp_455:0:0:2,real,mbpp,40f62a45578553368d5de658f2fc94e6af50b07c2c32aa3a51df78398b0e8b51,False,False,shuffled,0.2,-0.850906491279602,-0.725906491279602,False,True
2884,mbpp_455:0:0:2,real,mbpp,40f62a45578553368d5de658f2fc94e6af50b07c2c32aa3a51df78398b0e8b51,False,False,shuffled,0.4,-0.8758028745651245,-0.7039278745651245,False,True
2884,mbpp_455:0:0:2,real,mbpp,40f62a45578553368d5de658f2fc94e6af50b07c2c32aa3a51df78398b0e8b51,False,False,wrong_site,0.02,-0.8415520787239075,-0.7321770787239075,False,True
2884,mbpp_455:0:0:2,real,mbpp,40f62a45578553368d5de658f2fc94e6af50b07c2c32aa3a51df78398b0e8b51,False,False,wrong_site,0.05,-0.8413619995117188,-0.7319869995117188,False,True
2884,mbpp_455:0:0:2,real,mbpp,40f62a45578553368d5de658f2fc94e6af50b07c2c32aa3a51df78398b0e8b51,False,False,wrong_site,0.1,-0.8418971300125122,-0.7325221300125122,False,True
2884,mbpp_455:0:0:2,real,mbpp,40f62a45578553368d5de658f2fc94e6af50b07c2c32aa3a51df78398b0e8b51,False,False,wrong_site,0.2,-0.832811713218689,-0.739061713218689,False,True
2884,mbpp_455:0:0:2,real,mbpp,40f62a45578553368d5de658f2fc94e6af50b07c2c32aa3a51df78398b0e8b51,False,False,wrong_site,0.4,-0.8325639367103577,-0.7388139367103577,False,True
2884,mbpp_455:0:0:2,real,mbpp,40f62a45578553368d5de658f2fc94e6af50b07c2c32aa3a51df78398b0e8b51,False,False,answer_site,0.02,-0.90131014585495,-0.66693514585495,False,True
2884,mbpp_455:0:0:2,real,mbpp,40f62a45578553368d5de658f2fc94e6af50b07c2c32aa3a51df78398b0e8b51,False,False,answer_site,0.05,-1.0008671283721924,-0.5789921283721924,False,True
2884,mbpp_455:0:0:2,real,mbpp,40f62a45578553368d5de658f2fc94e6af50b07c2c32aa3a51df78398b0e8b51,False,False,answer_site,0.1,-1.165724277496338,-0.4625992774963379,False,True
2884,mbpp_455:0:0:2,real,mbpp,40f62a45578553368d5de658f2fc94e6af50b07c2c32aa3a51df78398b0e8b51,False,False,answer_site,0.2,-1.4762682914733887,-0.32001835107803345,False,True
2884,mbpp_455:0:0:2,real,mbpp,40f62a45578553368d5de658f2fc94e6af50b07c2c32aa3a51df78398b0e8b51,False,False,answer_site,0.4,-3.2440857887268066,-0.2753359079360962,False,True
2884,mbpp_455:0:0:2,real,mbpp,40f62a45578553368d5de658f2fc94e6af50b07c2c32aa3a51df78398b0e8b51,False,False,actuator_cond,0.02,-0.7786952257156372,-0.7943202257156372,True,False
2884,mbpp_455:0:0:2,real,mbpp,40f62a45578553368d5de658f2fc94e6af50b07c2c32aa3a51df78398b0e8b51,False,False,actuator_cond,0.05,-0.7066918611526489,-0.8785668611526489,True,False
2884,mbpp_455:0:0:2,real,mbpp,40f62a45578553368d5de658f2fc94e6af50b07c2c32aa3a51df78398b0e8b51,False,False,actuator_cond,0.1,-0.6078288555145264,-1.0140788555145264,True,False
2884,mbpp_455:0:0:2,real,mbpp,40f62a45578553368d5de658f2fc94e6af50b07c2c32aa3a51df78398b0e8b51,False,False,actuator_cond,0.2,-0.4991799294948578,-1.2179299592971802,True,False
2884,mbpp_455:0:0:2,real,mbpp,40f62a45578553368d5de658f2fc94e6af50b07c2c32aa3a51df78398b0e8b51,False,False,actuator_cond,0.4,-0.31548017263412476,-1.8311052322387695,True,False
2884,mbpp_455:0:0:2,real,mbpp,40f62a45578553368d5de658f2fc94e6af50b07c2c32aa3a51df78398b0e8b51,False,False,actuator_answer,0.02,-1.54207444190979,-0.35457441210746765,False,True
2884,mbpp_455:0:0:2,real,mbpp,40f62a45578553368d5de658f2fc94e6af50b07c2c32aa3a51df78398b0e8b51,False,False,actuator_answer,0.05,-2.887354612350464,-0.13735462725162506,False,True
2884,mbpp_455:0:0:2,real,mbpp,40f62a45578553368d5de658f2fc94e6af50b07c2c32aa3a51df78398b0e8b51,False,False,actuator_answer,0.1,-5.12459135055542,-0.06209130585193634,False,True
2884,mbpp_455:0:0:2,real,mbpp,40f62a45578553368d5de658f2fc94e6af50b07c2c32aa3a51df78398b0e8b51,False,False,actuator_answer,0.2,-9.05439567565918,-0.03877021744847298,False,True
2884,mbpp_455:0:0:2,real,mbpp,40f62a45578553368d5de658f2fc94e6af50b07c2c32aa3a51df78398b0e8b51,False,False,actuator_answer,0.4,-16.599533081054688,-0.1698463410139084,False,True
2885,mbpp_455:1:0:0,real,mbpp,40f62a45578553368d5de658f2fc94e6af50b07c2c32aa3a51df78398b0e8b51,False,False,baseline,0.0,-1.701230764389038,-0.26373082399368286,False,True
2885,mbpp_455:1:0:0,real,mbpp,40f62a45578553368d5de658f2fc94e6af50b07c2c32aa3a51df78398b0e8b51,False,False,semantic,0.02,-1.713751196861267,-0.2606261968612671,False,True
2885,mbpp_455:1:0:0,real,mbpp,40f62a45578553368d5de658f2fc94e6af50b07c2c32aa3a51df78398b0e8b51,False,False,semantic,0.05,-1.7253425121307373,-0.25659245252609253,False,True
2885,mbpp_455:1:0:0,real,mbpp,40f62a45578553368d5de658f2fc94e6af50b07c2c32aa3a51df78398b0e8b51,False,False,semantic,0.1,-1.7235298156738281,-0.25477978587150574,False,True
2885,mbpp_455:1:0:0,real,mbpp,40f62a45578553368d5de658f2fc94e6af50b07c2c32aa3a51df78398b0e8b51,False,False,semantic,0.2,-1.7064558267593384,-0.25333085656166077,False,True
2885,mbpp_455:1:0:0,real,mbpp,40f62a45578553368d5de658f2fc94e6af50b07c2c32aa3a51df78398b0e8b51,False,False,semantic,0.4,-1.5218403339385986,-0.30309027433395386,False,True
2885,mbpp_455:1:0:0,real,mbpp,40f62a45578553368d5de658f2fc94e6af50b07c2c32aa3a51df78398b0e8b51,False,False,reverse,0.02,-1.6893701553344727,-0.26749521493911743,False,True
2885,mbpp_455:1:0:0,real,mbpp,40f62a45578553368d5de658f2fc94e6af50b07c2c32aa3a51df78398b0e8b51,False,False,reverse,0.05,-1.689068078994751,-0.267193078994751,False,True
2885,mbpp_455:1:0:0,real,mbpp,40f62a45578553368d5de658f2fc94e6af50b07c2c32aa3a51df78398b0e8b51,False,False,reverse,0.1,-1.6272234916687012,-0.28347355127334595,False,True
2885,mbpp_455:1:0:0,real,mbpp,40f62a45578553368d5de658f2fc94e6af50b07c2c32aa3a51df78398b0e8b51,False,False,reverse,0.2,-1.5281648635864258,-0.30941492319107056,False,True
2885,mbpp_455:1:0:0,real,mbpp,40f62a45578553368d5de658f2fc94e6af50b07c2c32aa3a51df78398b0e8b51,False,False,reverse,0.4,-1.409554362297058,-0.3470543622970581,False,True
2885,mbpp_455:1:0:0,real,mbpp,40f62a45578553368d5de658f2fc94e6af50b07c2c32aa3a51df78398b0e8b51,False,False,random,0.02,-1.7012090682983398,-0.26370900869369507,False,True
2885,mbpp_455:1:0:0,real,mbpp,40f62a45578553368d5de658f2fc94e6af50b07c2c32aa3a51df78398b0e8b51,False,False,random,0.05,-1.6887152194976807,-0.26684021949768066,False,True
2885,mbpp_455:1:0:0,real,mbpp,40f62a45578553368d5de658f2fc94e6af50b07c2c32aa3a51df78398b0e8b51,False,False,random,0.1,-1.6763439178466797,-0.2700938880443573,False,True
2885,mbpp_455:1:0:0,real,mbpp,40f62a45578553368d5de658f2fc94e6af50b07c2c32aa3a51df78398b0e8b51,False,False,random,0.2,-1.6502336263656616,-0.27523359656333923,False,True
2885,mbpp_455:1:0:0,real,mbpp,40f62a45578553368d5de658f2fc94e6af50b07c2c32aa3a51df78398b0e8b51,False,False,random,0.4,-1.6124296188354492,-0.284304678440094,False,True
2885,mbpp_455:1:0:0,real,mbpp,40f62a45578553368d5de658f2fc94e6af50b07c2c32aa3a51df78398b0e8b51,False,False,shuffled,0.02,-1.7139126062393188,-0.26078757643699646,False,True
2885,mbpp_455:1:0:0,real,mbpp,40f62a45578553368d5de658f2fc94e6af50b07c2c32aa3a51df78398b0e8b51,False,False,shuffled,0.05,-1.7138779163360596,-0.26075297594070435,False,True
2885,mbpp_455:1:0:0,real,mbpp,40f62a45578553368d5de658f2fc94e6af50b07c2c32aa3a51df78398b0e8b51,False,False,shuffled,0.1,-1.726212978363037,-0.25746291875839233,False,True
2885,mbpp_455:1:0:0,real,mbpp,40f62a45578553368d5de658f2fc94e6af50b07c2c32aa3a51df78398b0e8b51,False,False,shuffled,0.2,-1.7112183570861816,-0.25809329748153687,False,True
2885,mbpp_455:1:0:0,real,mbpp,40f62a45578553368d5de658f2fc94e6af50b07c2c32aa3a51df78398b0e8b51,False,False,shuffled,0.4,-1.7197628021240234,-0.25101274251937866,False,True
2885,mbpp_455:1:0:0,real,mbpp,40f62a45578553368d5de658f2fc94e6af50b07c2c32aa3a51df78398b0e8b51,False,False,wrong_site,0.02,-1.7011196613311768,-0.26361972093582153,False,True
2885,mbpp_455:1:0:0,real,mbpp,40f62a45578553368d5de658f2fc94e6af50b07c2c32aa3a51df78398b0e8b51,False,False,wrong_site,0.05,-1.701665997505188,-0.2641659677028656,False,True
2885,mbpp_455:1:0:0,real,mbpp,40f62a45578553368d5de658f2fc94e6af50b07c2c32aa3a51df78398b0e8b51,False,False,wrong_site,0.1,-1.713280439376831,-0.26015549898147583,False,True
2885,mbpp_455:1:0:0,real,mbpp,40f62a45578553368d5de658f2fc94e6af50b07c2c32aa3a51df78398b0e8b51,False,False,wrong_site,0.2,-1.7136359214782715,-0.2605109214782715,False,True
2885,mbpp_455:1:0:0,real,mbpp,40f62a45578553368d5de658f2fc94e6af50b07c2c32aa3a51df78398b0e8b51,False,False,wrong_site,0.4,-1.7259598970413208,-0.2572099268436432,False,True
2885,mbpp_455:1:0:0,real,mbpp,40f62a45578553368d5de658f2fc94e6af50b07c2c32aa3a51df78398b0e8b51,False,False,answer_site,0.02,-1.8394410610198975,-0.23006600141525269,False,True
2885,mbpp_455:1:0:0,real,mbpp,40f62a45578553368d5de658f2fc94e6af50b07c2c32aa3a51df78398b0e8b51,False,False,answer_site,0.05,-2.0348246097564697,-0.1910746693611145,False,True
2885,mbpp_455:1:0:0,real,mbpp,40f62a45578553368d5de658f2fc94e6af50b07c2c32aa3a51df78398b0e8b51,False,False,answer_site,0.1,-2.3742053508758545,-0.13983044028282166,False,True
2885,mbpp_455:1:0:0,real,mbpp,40f62a45578553368d5de658f2fc94e6af50b07c2c32aa3a51df78398b0e8b51,False,False,answer_site,0.2,-3.1514387130737305,-0.07331380993127823,False,True
2885,mbpp_455:1:0:0,real,mbpp,40f62a45578553368d5de658f2fc94e6af50b07c2c32aa3a51df78398b0e8b51,False,False,answer_site,0.4,-6.233330726623535,-0.14739343523979187,False,True
2885,mbpp_455:1:0:0,real,mbpp,40f62a45578553368d5de658f2fc94e6af50b07c2c32aa3a51df78398b0e8b51,False,False,actuator_cond,0.02,-1.63844633102417,-0.2790713608264923,False,True
2885,mbpp_455:1:0:0,real,mbpp,40f62a45578553368d5de658f2fc94e6af50b07c2c32aa3a51df78398b0e8b51,False,False,actuator_cond,0.05,-1.5293469429016113,-0.31059691309928894,False,True
2885,mbpp_455:1:0:0,real,mbpp,40f62a45578553368d5de658f2fc94e6af50b07c2c32aa3a51df78398b0e8b51,False,False,actuator_cond,0.1,-1.3773983716964722,-0.36177337169647217,False,True
2885,mbpp_455:1:0:0,real,mbpp,40f62a45578553368d5de658f2fc94e6af50b07c2c32aa3a51df78398b0e8b51,False,False,actuator_cond,0.2,-1.1415774822235107,-0.4697025418281555,False,True
2885,mbpp_455:1:0:0,real,mbpp,40f62a45578553368d5de658f2fc94e6af50b07c2c32aa3a51df78398b0e8b51,False,False,actuator_cond,0.4,-0.6739028096199036,-0.8614028096199036,True,False
2885,mbpp_455:1:0:0,real,mbpp,40f62a45578553368d5de658f2fc94e6af50b07c2c32aa3a51df78398b0e8b51,False,False,actuator_answer,0.02,-2.6118996143341064,-0.12752458453178406,False,True
2885,mbpp_455:1:0:0,real,mbpp,40f62a45578553368d5de658f2fc94e6af50b07c2c32aa3a51df78398b0e8b51,False,False,actuator_answer,0.05,-4.060810565948486,-0.06081073731184006,False,True
2885,mbpp_455:1:0:0,real,mbpp,40f62a45578553368d5de658f2fc94e6af50b07c2c32aa3a51df78398b0e8b51,False,False,actuator_answer,0.1,-6.2731523513793945,-0.03877732530236244,False,True
2885,mbpp_455:1:0:0,real,mbpp,40f62a45578553368d5de658f2fc94e6af50b07c2c32aa3a51df78398b0e8b51,False,False,actuator_answer,0.2,-9.928580284118652,-0.030142614617943764,False,True
2885,mbpp_455:1:0:0,real,mbpp,40f62a45578553368d5de658f2fc94e6af50b07c2c32aa3a51df78398b0e8b51,False,False,actuator_answer,0.4,-17.09186553955078,-0.1680382490158081,False,True
2886,mbpp_455:1:0:1,real,mbpp,40f62a45578553368d5de658f2fc94e6af50b07c2c32aa3a51df78398b0e8b51,True,False,baseline,0.0,-0.2664796710014343,-1.735229730606079,True,False
2886,mbpp_455:1:0:1,real,mbpp,40f62a45578553368d5de658f2fc94e6af50b07c2c32aa3a51df78398b0e8b51,True,False,semantic,0.02,-0.2667577862739563,-1.7355077266693115,True,False
2886,mbpp_455:1:0:1,real,mbpp,40f62a45578553368d5de658f2fc94e6af50b07c2c32aa3a51df78398b0e8b51,True,False,semantic,0.05,-0.2735128402709961,-1.711012840270996,True,False
2886,mbpp_455:1:0:1,real,mbpp,40f62a45578553368d5de658f2fc94e6af50b07c2c32aa3a51df78398b0e8b51,True,False,semantic,0.1,-0.27667033672332764,-1.6985453367233276,True,False
2886,mbpp_455:1:0:1,real,mbpp,40f62a45578553368d5de658f2fc94e6af50b07c2c32aa3a51df78398b0e8b51,True,False,semantic,0.2,-0.29066339135169983,-1.6344133615493774,True,False
2886,mbpp_455:1:0:1,real,mbpp,40f62a45578553368d5de658f2fc94e6af50b07c2c32aa3a51df78398b0e8b51,True,False,semantic,0.4,-0.32507142424583435,-1.5125714540481567,True,False
2886,mbpp_455:1:0:1,real,mbpp,40f62a45578553368d5de658f2fc94e6af50b07c2c32aa3a51df78398b0e8b51,True,False,reverse,0.02,-0.26612260937690735,-1.734872579574585,True,False
2886,mbpp_455:1:0:1,real,mbpp,40f62a45578553368d5de658f2fc94e6af50b07c2c32aa3a51df78398b0e8b51,True,False,reverse,0.05,-0.2687331438064575,-1.7218581438064575,True,False
2886,mbpp_455:1:0:1,real,mbpp,40f62a45578553368d5de658f2fc94e6af50b07c2c32aa3a51df78398b0e8b51,True,False,reverse,0.1,-0.26999014616012573,-1.7074902057647705,True,False
2886,mbpp_455:1:0:1,real,mbpp,40f62a45578553368d5de658f2fc94e6af50b07c2c32aa3a51df78398b0e8b51,True,False,reverse,0.2,-0.2722369432449341,-1.678486943244934,True,False
2886,mbpp_455:1:0:1,real,mbpp,40f62a45578553368d5de658f2fc94e6af50b07c2c32aa3a51df78398b0e8b51,True,False,reverse,0.4,-0.32556861639022827,-1.497443675994873,True,False
2886,mbpp_455:1:0:1,real,mbpp,40f62a45578553368d5de658f2fc94e6af50b07c2c32aa3a51df78398b0e8b51,True,False,random,0.02,-0.26959875226020813,-1.7227237224578857,True,False
2886,mbpp_455:1:0:1,real,mbpp,40f62a45578553368d5de658f2fc94e6af50b07c2c32aa3a51df78398b0e8b51,True,False,random,0.05,-0.27038630843162537,-1.7235113382339478,True,False
2886,mbpp_455:1:0:1,real,mbpp,40f62a45578553368d5de658f2fc94e6af50b07c2c32aa3a51df78398b0e8b51,True,False,random,0.1,-0.2737544775009155,-1.7112544775009155,True,False
2886,mbpp_455:1:0:1,real,mbpp,40f62a45578553368d5de658f2fc94e6af50b07c2c32aa3a51df78398b0e8b51,True,False,random,0.2,-0.2732433080673218,-1.7107433080673218,True,False
2886,mbpp_455:1:0:1,real,mbpp,40f62a45578553368d5de658f2fc94e6af50b07c2c32aa3a51df78398b0e8b51,True,False,random,0.4,-0.2668592929840088,-1.7199842929840088,True,False
2886,mbpp_455:1:0:1,real,mbpp,40f62a45578553368d5de658f2fc94e6af50b07c2c32aa3a51df78398b0e8b51,True,False,shuffled,0.02,-0.27291205525398254,-1.7104120254516602,True,False
2886,mbpp_455:1:0:1,real,mbpp,40f62a45578553368d5de658f2fc94e6af50b07c2c32aa3a51df78398b0e8b51,True,False,shuffled,0.05,-0.27246201038360596,-1.709962010383606,True,False
2886,mbpp_455:1:0:1,real,mbpp,40f62a45578553368d5de658f2fc94e6af50b07c2c32aa3a51df78398b0e8b51,True,False,shuffled,0.1,-0.275089830160141,-1.6969648599624634,True,False
2886,mbpp_455:1:0:1,real,mbpp,40f62a45578553368d5de658f2fc94e6af50b07c2c32aa3a51df78398b0e8b51,True,False,shuffled,0.2,-0.2691614031791687,-1.7066614627838135,True,False
2886,mbpp_455:1:0:1,real,mbpp,40f62a45578553368d5de658f2fc94e6af50b07c2c32aa3a51df78398b0e8b51,True,False,shuffled,0.4,-0.28606951236724854,-1.6454445123672485,True,False
2886,mbpp_455:1:0:1,real,mbpp,40f62a45578553368d5de658f2fc94e6af50b07c2c32aa3a51df78398b0e8b51,True,False,wrong_site,0.02,-0.26652440428733826,-1.7352744340896606,True,False
2886,mbpp_455:1:0:1,real,mbpp,40f62a45578553368d5de658f2fc94e6af50b07c2c32aa3a51df78398b0e8b51,True,False,wrong_site,0.05,-0.2698855698108673,-1.723010540008545,True,False
2886,mbpp_455:1:0:1,real,mbpp,40f62a45578553368d5de658f2fc94e6af50b07c2c32aa3a51df78398b0e8b51,True,False,wrong_site,0.1,-0.26948967576026917,-1.7226146459579468,True,False
2886,mbpp_455:1:0:1,real,mbpp,40f62a45578553368d5de658f2fc94e6af50b07c2c32aa3a51df78398b0e8b51,True,False,wrong_site,0.2,-0.27281033992767334,-1.7103103399276733,True,False
2886,mbpp_455:1:0:1,real,mbpp,40f62a45578553368d5de658f2fc94e6af50b07c2c32aa3a51df78398b0e8b51,True,False,wrong_site,0.4,-0.2729819416999817,-1.710481882095337,True,False
2886,mbpp_455:1:0:1,real,mbpp,40f62a45578553368d5de658f2fc94e6af50b07c2c32aa3a51df78398b0e8b51,True,False,answer_site,0.02,-0.29830557107925415,-1.6264305114746094,True,False
2886,mbpp_455:1:0:1,real,mbpp,40f62a45578553368d5de658f2fc94e6af50b07c2c32aa3a51df78398b0e8b51,True,False,answer_site,0.05,-0.35540786385536194,-1.4647828340530396,True,False
2886,mbpp_455:1:0:1,real,mbpp,40f62a45578553368d5de658f2fc94e6af50b07c2c32aa3a51df78398b0e8b51,True,False,answer_site,0.1,-0.4749872088432312,-1.209362268447876,True,False
2886,mbpp_455:1:0:1,real,mbpp,40f62a45578553368d5de658f2fc94e6af50b07c2c32aa3a51df78398b0e8b51,True,False,answer_site,0.2,-0.8281459212303162,-0.7812709212303162,False,True
2886,mbpp_455:1:0:1,real,mbpp,40f62a45578553368d5de658f2fc94e6af50b07c2c32aa3a51df78398b0e8b51,True,False,answer_site,0.4,-1.4272984266281128,-0.7085484266281128,False,True
2886,mbpp_455:1:0:1,real,mbpp,40f62a45578553368d5de658f2fc94e6af50b07c2c32aa3a51df78398b0e8b51,True,False,actuator_cond,0.02,-0.2493063509464264,-1.811806321144104,True,False
2886,mbpp_455:1:0:1,real,mbpp,40f62a45578553368d5de658f2fc94e6af50b07c2c32aa3a51df78398b0e8b51,True,False,actuator_cond,0.05,-0.2282634824514389,-1.9157634973526,True,False
2886,mbpp_455:1:0:1,real,mbpp,40f62a45578553368d5de658f2fc94e6af50b07c2c32aa3a51df78398b0e8b51,True,False,actuator_cond,0.1,-0.2027895301580429,-2.062164545059204,True,False
2886,mbpp_455:1:0:1,real,mbpp,40f62a45578553368d5de658f2fc94e6af50b07c2c32aa3a51df78398b0e8b51,True,False,actuator_cond,0.2,-0.1805969476699829,-2.2118468284606934,True,False
2886,mbpp_455:1:0:1,real,mbpp,40f62a45578553368d5de658f2fc94e6af50b07c2c32aa3a51df78398b0e8b51,True,False,actuator_cond,0.4,-0.1140165701508522,-2.770266532897949,True,False
2886,mbpp_455:1:0:1,real,mbpp,40f62a45578553368d5de658f2fc94e6af50b07c2c32aa3a51df78398b0e8b51,True,False,actuator_answer,0.02,-0.5606778860092163,-0.9981778860092163,True,False
2886,mbpp_455:1:0:1,real,mbpp,40f62a45578553368d5de658f2fc94e6af50b07c2c32aa3a51df78398b0e8b51,True,False,actuator_answer,0.05,-1.4750474691390991,-0.33442243933677673,False,True
2886,mbpp_455:1:0:1,real,mbpp,40f62a45578553368d5de658f2fc94e6af50b07c2c32aa3a51df78398b0e8b51,True,False,actuator_answer,0.1,-4.0141825675964355,-0.061057496815919876,False,True
2886,mbpp_455:1:0:1,real,mbpp,40f62a45578553368d5de658f2fc94e6af50b07c2c32aa3a51df78398b0e8b51,True,False,actuator_answer,0.2,-8.334976196289062,-0.03028869442641735,False,True
2886,mbpp_455:1:0:1,real,mbpp,40f62a45578553368d5de658f2fc94e6af50b07c2c32aa3a51df78398b0e8b51,True,False,actuator_answer,0.4,-15.385948181152344,-0.28633883595466614,False,True
2887,mbpp_455:1:0:2,real,mbpp,40f62a45578553368d5de658f2fc94e6af50b07c2c32aa3a51df78398b0e8b51,True,False,baseline,0.0,-0.2478998899459839,-1.7791498899459839,True,False
2887,mbpp_455:1:0:2,real,mbpp,40f62a45578553368d5de658f2fc94e6af50b07c2c32aa3a51df78398b0e8b51,True,False,semantic,0.02,-0.2510569989681244,-1.7666820287704468,True,False
2887,mbpp_455:1:0:2,real,mbpp,40f62a45578553368d5de658f2fc94e6af50b07c2c32aa3a51df78398b0e8b51,True,False,semantic,0.05,-0.25706639885902405,-1.7414413690567017,True,False
2887,mbpp_455:1:0:2,real,mbpp,40f62a45578553368d5de658f2fc94e6af50b07c2c32aa3a51df78398b0e8b51,True,False,semantic,0.1,-0.2756732106208801,-1.6662981510162354,True,False
2887,mbpp_455:1:0:2,real,mbpp,40f62a45578553368d5de658f2fc94e6af50b07c2c32aa3a51df78398b0e8b51,True,False,semantic,0.2,-0.3039645552635193,-1.553964614868164,True,False
2887,mbpp_455:1:0:2,real,mbpp,40f62a45578553368d5de658f2fc94e6af50b07c2c32aa3a51df78398b0e8b51,True,False,semantic,0.4,-0.34158986806869507,-1.4353399276733398,True,False
2887,mbpp_455:1:0:2,real,mbpp,40f62a45578553368d5de658f2fc94e6af50b07c2c32aa3a51df78398b0e8b51,True,False,reverse,0.02,-0.2447851449251175,-1.791660189628601,True,False
2887,mbpp_455:1:0:2,real,mbpp,40f62a45578553368d5de658f2fc94e6af50b07c2c32aa3a51df78398b0e8b51,True,False,reverse,0.05,-0.23843155801296234,-1.8165565729141235,True,False
2887,mbpp_455:1:0:2,real,mbpp,40f62a45578553368d5de658f2fc94e6af50b07c2c32aa3a51df78398b0e8b51,True,False,reverse,0.1,-0.2344975769519806,-1.8282475471496582,True,False
2887,mbpp_455:1:0:2,real,mbpp,40f62a45578553368d5de658f2fc94e6af50b07c2c32aa3a51df78398b0e8b51,True,False,reverse,0.2,-0.2293357104063034,-1.8230856657028198,True,False
2887,mbpp_455:1:0:2,real,mbpp,40f62a45578553368d5de658f2fc94e6af50b07c2c32aa3a51df78398b0e8b51,True,False,reverse,0.4,-0.27034491300582886,-1.6453449726104736,True,False
2887,mbpp_455:1:0:2,real,mbpp,40f62a45578553368d5de658f2fc94e6af50b07c2c32aa3a51df78398b0e8b51,True,False,random,0.02,-0.24768663942813873,-1.7789366245269775,True,False
2887,mbpp_455:1:0:2,real,mbpp,40f62a45578553368d5de658f2fc94e6af50b07c2c32aa3a51df78398b0e8b51,True,False,random,0.05,-0.24757300317287445,-1.7788230180740356,True,False
2887,mbpp_455:1:0:2,real,mbpp,40f62a45578553368d5de658f2fc94e6af50b07c2c32aa3a51df78398b0e8b51,True,False,random,0.1,-0.24752190709114075,-1.7787718772888184,True,False
2887,mbpp_455:1:0:2,real,mbpp,40f62a45578553368d5de658f2fc94e6af50b07c2c32aa3a51df78398b0e8b51,True,False,random,0.2,-0.24919448792934418,-1.7648195028305054,True,False
2887,mbpp_455:1:0:2,real,mbpp,40f62a45578553368d5de658f2fc94e6af50b07c2c32aa3a51df78398b0e8b51,True,False,random,0.4,-0.25590962171554565,-1.7246596813201904,True,False
2887,mbpp_455:1:0:2,real,mbpp,40f62a45578553368d5de658f2fc94e6af50b07c2c32aa3a51df78398b0e8b51,True,False,shuffled,0.02,-0.24783504009246826,-1.7790850400924683,True,False
2887,mbpp_455:1:0:2,real,mbpp,40f62a45578553368d5de658f2fc94e6af50b07c2c32aa3a51df78398b0e8b51,True,False,shuffled,0.05,-0.2476562112569809,-1.778906226158142,True,False
2887,mbpp_455:1:0:2,real,mbpp,40f62a45578553368d5de658f2fc94e6af50b07c2c32aa3a51df78398b0e8b51,True,False,shuffled,0.1,-0.24989834427833557,-1.7655233144760132,True,False
2887,mbpp_455:1:0:2,real,mbpp,40f62a45578553368d5de658f2fc94e6af50b07c2c32aa3a51df78398b0e8b51,True,False,shuffled,0.2,-0.24455329775810242,-1.7758033275604248,True,False
2887,mbpp_455:1:0:2,real,mbpp,40f62a45578553368d5de658f2fc94e6af50b07c2c32aa3a51df78398b0e8b51,True,False,shuffled,0.4,-0.2728632390499115,-1.6634882688522339,True,False
2887,mbpp_455:1:0:2,real,mbpp,40f62a45578553368d5de658f2fc94e6af50b07c2c32aa3a51df78398b0e8b51,True,False,wrong_site,0.02,-0.24785365164279938,-1.7791036367416382,True,False
2887,mbpp_455:1:0:2,real,mbpp,40f62a45578553368d5de658f2fc94e6af50b07c2c32aa3a51df78398b0e8b51,True,False,wrong_site,0.05,-0.25083234906196594,-1.7664573192596436,True,False
2887,mbpp_455:1:0:2,real,mbpp,40f62a45578553368d5de658f2fc94e6af50b07c2c32aa3a51df78398b0e8b51,True,False,wrong_site,0.1,-0.2510266602039337,-1.7666516304016113,True,False
2887,mbpp_455:1:0:2,real,mbpp,40f62a45578553368d5de658f2fc94e6af50b07c2c32aa3a51df78398b0e8b51,True,False,wrong_site,0.2,-0.25062909722328186,-1.7662540674209595,True,False
2887,mbpp_455:1:0:2,real,mbpp,40f62a45578553368d5de658f2fc94e6af50b07c2c32aa3a51df78398b0e8b51,True,False,wrong_site,0.4,-0.25424936413764954,-1.7542493343353271,True,False
2887,mbpp_455:1:0:2,real,mbpp,40f62a45578553368d5de658f2fc94e6af50b07c2c32aa3a51df78398b0e8b51,True,False,answer_site,0.02,-0.28714874386787415,-1.6308987140655518,True,False
2887,mbpp_455:1:0:2,real,mbpp,40f62a45578553368d5de658f2fc94e6af50b07c2c32aa3a51df78398b0e8b51,True,False,answer_site,0.05,-0.3493618965148926,-1.4431118965148926,True,False
2887,mbpp_455:1:0:2,real,mbpp,40f62a45578553368d5de658f2fc94e6af50b07c2c32aa3a51df78398b0e8b51,True,False,answer_site,0.1,-0.4951949715614319,-1.135819911956787,True,False
2887,mbpp_455:1:0:2,real,mbpp,40f62a45578553368d5de658f2fc94e6af50b07c2c32aa3a51df78398b0e8b51,True,False,answer_site,0.2,-0.8726006746292114,-0.7163506746292114,False,True
2887,mbpp_455:1:0:2,real,mbpp,40f62a45578553368d5de658f2fc94e6af50b07c2c32aa3a51df78398b0e8b51,True,False,answer_site,0.4,-1.4271754026412964,-0.6771754026412964,False,True
2887,mbpp_455:1:0:2,real,mbpp,40f62a45578553368d5de658f2fc94e6af50b07c2c32aa3a51df78398b0e8b51,True,False,actuator_cond,0.02,-0.23431435227394104,-1.8436893224716187,True,False
2887,mbpp_455:1:0:2,real,mbpp,40f62a45578553368d5de658f2fc94e6af50b07c2c32aa3a51df78398b0e8b51,True,False,actuator_cond,0.05,-0.22732409834861755,-1.88357412815094,True,False
2887,mbpp_455:1:0:2,real,mbpp,40f62a45578553368d5de658f2fc94e6af50b07c2c32aa3a51df78398b0e8b51,True,False,actuator_cond,0.1,-0.2196350395679474,-1.922760009765625,True,False
2887,mbpp_455:1:0:2,real,mbpp,40f62a45578553368d5de658f2fc94e6af50b07c2c32aa3a51df78398b0e8b51,True,False,actuator_cond,0.2,-0.21146126091480255,-1.9614613056182861,True,False
2887,mbpp_455:1:0:2,real,mbpp,40f62a45578553368d5de658f2fc94e6af50b07c2c32aa3a51df78398b0e8b51,True,False,actuator_cond,0.4,-0.12128862738609314,-2.590038537979126,True,False
2887,mbpp_455:1:0:2,real,mbpp,40f62a45578553368d5de658f2fc94e6af50b07c2c32aa3a51df78398b0e8b51,True,False,actuator_answer,0.02,-0.5393602252006531,-1.0081102848052979,True,False
2887,mbpp_455:1:0:2,real,mbpp,40f62a45578553368d5de658f2fc94e6af50b07c2c32aa3a51df78398b0e8b51,True,False,actuator_answer,0.05,-1.4781503677368164,-0.321900337934494,False,True
2887,mbpp_455:1:0:2,real,mbpp,40f62a45578553368d5de658f2fc94e6af50b07c2c32aa3a51df78398b0e8b51,True,False,actuator_answer,0.1,-3.9330549240112305,-0.05805504322052002,False,True
2887,mbpp_455:1:0:2,real,mbpp,40f62a45578553368d5de658f2fc94e6af50b07c2c32aa3a51df78398b0e8b51,True,False,actuator_answer,0.2,-8.248445510864258,-0.029695218428969383,False,True
2887,mbpp_455:1:0:2,real,mbpp,40f62a45578553368d5de658f2fc94e6af50b07c2c32aa3a51df78398b0e8b51,True,False,actuator_answer,0.4,-15.405502319335938,-0.3332369327545166,False,True
2888,mbpp_455:2:0:0,real,mbpp,40f62a45578553368d5de658f2fc94e6af50b07c2c32aa3a51df78398b0e8b51,False,False,baseline,0.0,-1.8022944927215576,-0.2397945374250412,False,True
2888,mbpp_455:2:0:0,real,mbpp,40f62a45578553368d5de658f2fc94e6af50b07c2c32aa3a51df78398b0e8b51,False,False,semantic,0.02,-1.8275597095489502,-0.23380976915359497,False,True
2888,mbpp_455:2:0:0,real,mbpp,40f62a45578553368d5de658f2fc94e6af50b07c2c32aa3a51df78398b0e8b51,False,False,semantic,0.05,-1.8270878791809082,-0.2333378791809082,False,True
2888,mbpp_455:2:0:0,real,mbpp,40f62a45578553368d5de658f2fc94e6af50b07c2c32aa3a51df78398b0e8b51,False,False,semantic,0.1,-1.838640570640564,-0.22926557064056396,False,True
2888,mbpp_455:2:0:0,real,mbpp,40f62a45578553368d5de658f2fc94e6af50b07c2c32aa3a51df78398b0e8b51,False,False,semantic,0.2,-1.807572603225708,-0.22944754362106323,False,True
2888,mbpp_455:2:0:0,real,mbpp,40f62a45578553368d5de658f2fc94e6af50b07c2c32aa3a51df78398b0e8b51,False,False,semantic,0.4,-1.6167463064193726,-0.27299627661705017,False,True
2888,mbpp_455:2:0:0,real,mbpp,40f62a45578553368d5de658f2fc94e6af50b07c2c32aa3a51df78398b0e8b51,False,False,reverse,0.02,-1.802093267440796,-0.23959332704544067,False,True
2888,mbpp_455:2:0:0,real,mbpp,40f62a45578553368d5de658f2fc94e6af50b07c2c32aa3a51df78398b0e8b51,False,False,reverse,0.05,-1.7769674062728882,-0.24571742117404938,False,True
2888,mbpp_455:2:0:0,real,mbpp,40f62a45578553368d5de658f2fc94e6af50b07c2c32aa3a51df78398b0e8b51,False,False,reverse,0.1,-1.713851809501648,-0.26072677969932556,False,True
2888,mbpp_455:2:0:0,real,mbpp,40f62a45578553368d5de658f2fc94e6af50b07c2c32aa3a51df78398b0e8b51,False,False,reverse,0.2,-1.575479507446289,-0.2942294478416443,False,True
2888,mbpp_455:2:0:0,real,mbpp,40f62a45578553368d5de658f2fc94e6af50b07c2c32aa3a51df78398b0e8b51,False,False,reverse,0.4,-1.408126950263977,-0.34562692046165466,False,True
2888,mbpp_455:2:0:0,real,mbpp,40f62a45578553368d5de658f2fc94e6af50b07c2c32aa3a51df78398b0e8b51,False,False,random,0.02,-1.815800428390503,-0.2376754879951477,False,True
2888,mbpp_455:2:0:0,real,mbpp,40f62a45578553368d5de658f2fc94e6af50b07c2c32aa3a51df78398b0e8b51,False,False,random,0.05,-1.828635811805725,-0.2348857820034027,False,True
2888,mbpp_455:2:0:0,real,mbpp,40f62a45578553368d5de658f2fc94e6af50b07c2c32aa3a51df78398b0e8b51,False,False,random,0.1,-1.842488169670105,-0.23311318457126617,False,True
2888,mbpp_455:2:0:0,real,mbpp,40f62a45578553368d5de658f2fc94e6af50b07c2c32aa3a51df78398b0e8b51,False,False,random,0.2,-1.8827221393585205,-0.2264721542596817,False,True
2888,mbpp_455:2:0:0,real,mbpp,40f62a45578553368d5de658f2fc94e6af50b07c2c32aa3a51df78398b0e8b51,False,False,random,0.4,-1.9201645851135254,-0.2170395702123642,False,True
2888,mbpp_455:2:0:0,real,mbpp,40f62a45578553368d5de658f2fc94e6af50b07c2c32aa3a51df78398b0e8b51,False,False,shuffled,0.02,-1.814978837966919,-0.23685385286808014,False,True
2888,mbpp_455:2:0:0,real,mbpp,40f62a45578553368d5de658f2fc94e6af50b07c2c32aa3a51df78398b0e8b51,False,False,shuffled,0.05,-1.8279982805252075,-0.23424823582172394,False,True
2888,mbpp_455:2:0:0,real,mbpp,40f62a45578553368d5de658f2fc94e6af50b07c2c32aa3a51df78398b0e8b51,False,False,shuffled,0.1,-1.8277688026428223,-0.2340187430381775,False,True
2888,mbpp_455:2:0:0,real,mbpp,40f62a45578553368d5de658f2fc94e6af50b07c2c32aa3a51df78398b0e8b51,False,False,shuffled,0.2,-1.8240066766738892,-0.23025663197040558,False,True
2888,mbpp_455:2:0:0,real,mbpp,40f62a45578553368d5de658f2fc94e6af50b07c2c32aa3a51df78398b0e8b51,False,False,shuffled,0.4,-1.8321537971496582,-0.2227787971496582,False,True
2888,mbpp_455:2:0:0,real,mbpp,40f62a45578553368d5de658f2fc94e6af50b07c2c32aa3a51df78398b0e8b51,False,False,wrong_site,0.02,-1.8152886629104614,-0.23716366291046143,False,True
2888,mbpp_455:2:0:0,real,mbpp,40f62a45578553368d5de658f2fc94e6af50b07c2c32aa3a51df78398b0e8b51,False,False,wrong_site,0.05,-1.8150560855865479,-0.23693108558654785,False,True
2888,mbpp_455:2:0:0,real,mbpp,40f62a45578553368d5de658f2fc94e6af50b07c2c32aa3a51df78398b0e8b51,False,False,wrong_site,0.1,-1.8154634237289429,-0.2373383790254593,False,True
2888,mbpp_455:2:0:0,real,mbpp,40f62a45578553368d5de658f2fc94e6af50b07c2c32aa3a51df78398b0e8b51,False,False,wrong_site,0.2,-1.8152309656143188,-0.23710593581199646,False,True
2888,mbpp_455:2:0:0,real,mbpp,40f62a45578553368d5de658f2fc94e6af50b07c2c32aa3a51df78398b0e8b51,False,False,wrong_site,0.4,-1.8284053802490234,-0.23465541005134583,False,True
2888,mbpp_455:2:0:0,real,mbpp,40f62a45578553368d5de658f2fc94e6af50b07c2c32aa3a51df78398b0e8b51,False,False,answer_site,0.02,-1.943559169769287,-0.20918415486812592,False,True
2888,mbpp_455:2:0:0,real,mbpp,40f62a45578553368d5de658f2fc94e6af50b07c2c32aa3a51df78398b0e8b51,False,False,answer_site,0.05,-2.1565613746643066,-0.17218640446662903,False,True
2888,mbpp_455:2:0:0,real,mbpp,40f62a45578553368d5de658f2fc94e6af50b07c2c32aa3a51df78398b0e8b51,False,False,answer_site,0.1,-2.530773401260376,-0.12452351301908493,False,True
2888,mbpp_455:2:0:0,real,mbpp,40f62a45578553368d5de658f2fc94e6af50b07c2c32aa3a51df78398b0e8b51,False,False,answer_site,0.2,-3.4215309619903564,-0.062156058847904205,False,True
2888,mbpp_455:2:0:0,real,mbpp,40f62a45578553368d5de658f2fc94e6af50b07c2c32aa3a51df78398b0e8b51,False,False,answer_site,0.4,-6.562872886657715,-0.11756059527397156,False,True
2888,mbpp_455:2:0:0,real,mbpp,40f62a45578553368d5de658f2fc94e6af50b07c2c32aa3a51df78398b0e8b51,False,False,actuator_cond,0.02,-1.7254002094268799,-0.2566501796245575,False,True
2888,mbpp_455:2:0:0,real,mbpp,40f62a45578553368d5de658f2fc94e6af50b07c2c32aa3a51df78398b0e8b51,False,False,actuator_cond,0.05,-1.612758755683899,-0.2846337854862213,False,True
2888,mbpp_455:2:0:0,real,mbpp,40f62a45578553368d5de658f2fc94e6af50b07c2c32aa3a51df78398b0e8b51,False,False,actuator_cond,0.1,-1.433105707168579,-0.3393557369709015,False,True
2888,mbpp_455:2:0:0,real,mbpp,40f62a45578553368d5de658f2fc94e6af50b07c2c32aa3a51df78398b0e8b51,False,False,actuator_cond,0.2,-1.1701617240905762,-0.45141172409057617,False,True
2888,mbpp_455:2:0:0,real,mbpp,40f62a45578553368d5de658f2fc94e6af50b07c2c32aa3a51df78398b0e8b51,False,False,actuator_cond,0.4,-0.6982240080833435,-0.8232240080833435,True,False
2888,mbpp_455:2:0:0,real,mbpp,40f62a45578553368d5de658f2fc94e6af50b07c2c32aa3a51df78398b0e8b51,False,False,actuator_answer,0.02,-2.7563693523406982,-0.1157444417476654,False,True
2888,mbpp_455:2:0:0,real,mbpp,40f62a45578553368d5de658f2fc94e6af50b07c2c32aa3a51df78398b0e8b51,False,False,actuator_answer,0.05,-4.244762897491455,-0.057263053953647614,False,True
2888,mbpp_455:2:0:0,real,mbpp,40f62a45578553368d5de658f2fc94e6af50b07c2c32aa3a51df78398b0e8b51,False,False,actuator_answer,0.1,-6.460244655609131,-0.0383698008954525,False,True
2888,mbpp_455:2:0:0,real,mbpp,40f62a45578553368d5de658f2fc94e6af50b07c2c32aa3a51df78398b0e8b51,False,False,actuator_answer,0.2,-10.038446426391602,-0.03063385747373104,False,True
2888,mbpp_455:2:0:0,real,mbpp,40f62a45578553368d5de658f2fc94e6af50b07c2c32aa3a51df78398b0e8b51,False,False,actuator_answer,0.4,-17.00547218322754,-0.15586212277412415,False,True
2889,mbpp_455:2:0:1,real,mbpp,40f62a45578553368d5de658f2fc94e6af50b07c2c32aa3a51df78398b0e8b51,True,False,baseline,0.0,-0.2106677144765854,-1.9606677293777466,True,False
2889,mbpp_455:2:0:1,real,mbpp,40f62a45578553368d5de658f2fc94e6af50b07c2c32aa3a51df78398b0e8b51,True,False,semantic,0.02,-0.213210791349411,-1.9475858211517334,True,False
2889,mbpp_455:2:0:1,real,mbpp,40f62a45578553368d5de658f2fc94e6af50b07c2c32aa3a51df78398b0e8b51,True,False,semantic,0.05,-0.22065939009189606,-1.9081593751907349,True,False
2889,mbpp_455:2:0:1,real,mbpp,40f62a45578553368d5de658f2fc94e6af50b07c2c32aa3a51df78398b0e8b51,True,False,semantic,0.1,-0.23319211602210999,-1.8425670862197876,True,False
2889,mbpp_455:2:0:1,real,mbpp,40f62a45578553368d5de658f2fc94e6af50b07c2c32aa3a51df78398b0e8b51,True,False,semantic,0.2,-0.2688125967979431,-1.675062656402588,True,False
2889,mbpp_455:2:0:1,real,mbpp,40f62a45578553368d5de658f2fc94e6af50b07c2c32aa3a51df78398b0e8b51,True,False,semantic,0.4,-0.3300546407699585,-1.4550546407699585,True,False
2889,mbpp_455:2:0:1,real,mbpp,40f62a45578553368d5de658f2fc94e6af50b07c2c32aa3a51df78398b0e8b51,True,False,reverse,0.02,-0.20765839517116547,-1.9732834100723267,True,False
2889,mbpp_455:2:0:1,real,mbpp,40f62a45578553368d5de658f2fc94e6af50b07c2c32aa3a51df78398b0e8b51,True,False,reverse,0.05,-0.20494604110717773,-1.9861960411071777,True,False
2889,mbpp_455:2:0:1,real,mbpp,40f62a45578553368d5de658f2fc94e6af50b07c2c32aa3a51df78398b0e8b51,True,False,reverse,0.1,-0.20088690519332886,-1.9977619647979736,True,False
2889,mbpp_455:2:0:1,real,mbpp,40f62a45578553368d5de658f2fc94e6af50b07c2c32aa3a51df78398b0e8b51,True,False,reverse,0.2,-0.20001064240932465,-1.9656356573104858,True,False
2889,mbpp_455:2:0:1,real,mbpp,40f62a45578553368d5de658f2fc94e6af50b07c2c32aa3a51df78398b0e8b51,True,False,reverse,0.4,-0.2362843006849289,-1.7675342559814453,True,False
2889,mbpp_455:2:0:1,real,mbpp,40f62a45578553368d5de658f2fc94e6af50b07c2c32aa3a51df78398b0e8b51,True,False,random,0.02,-0.20976142585277557,-1.959761381149292,True,False
2889,mbpp_455:2:0:1,real,mbpp,40f62a45578553368d5de658f2fc94e6af50b07c2c32aa3a51df78398b0e8b51,True,False,random,0.05,-0.20617297291755676,-1.9717979431152344,True,False
2889,mbpp_455:2:0:1,real,mbpp,40f62a45578553368d5de658f2fc94e6af50b07c2c32aa3a51df78398b0e8b51,True,False,random,0.1,-0.20279644429683685,-1.984046459197998,True,False
2889,mbpp_455:2:0:1,real,mbpp,40f62a45578553368d5de658f2fc94e6af50b07c2c32aa3a51df78398b0e8b51,True,False,random,0.2,-0.19267617166042328,-2.020801067352295,True,False
2889,mbpp_455:2:0:1,real,mbpp,40f62a45578553368d5de658f2fc94e6af50b07c2c32aa3a51df78398b0e8b51,True,False,random,0.4,-0.17596286535263062,-2.0822129249572754,True,False
2889,mbpp_455:2:0:1,real,mbpp,40f62a45578553368d5de658f2fc94e6af50b07c2c32aa3a51df78398b0e8b51,True,False,shuffled,0.02,-0.21005791425704956,-1.9600579738616943,True,False
2889,mbpp_455:2:0:1,real,mbpp,40f62a45578553368d5de658f2fc94e6af50b07c2c32aa3a51df78398b0e8b51,True,False,shuffled,0.05,-0.21237622201442719,-1.9467512369155884,True,False
2889,mbpp_455:2:0:1,real,mbpp,40f62a45578553368d5de658f2fc94e6af50b07c2c32aa3a51df78398b0e8b51,True,False,shuffled,0.1,-0.21649691462516785,-1.9196219444274902,True,False
2889,mbpp_455:2:0:1,real,mbpp,40f62a45578553368d5de658f2fc94e6af50b07c2c32aa3a51df78398b0e8b51,True,False,shuffled,0.2,-0.21604934334754944,-1.903549313545227,True,False
2889,mbpp_455:2:0:1,real,mbpp,40f62a45578553368d5de658f2fc94e6af50b07c2c32aa3a51df78398b0e8b51,True,False,shuffled,0.4,-0.24186567962169647,-1.773115634918213,True,False
2889,mbpp_455:2:0:1,real,mbpp,40f62a45578553368d5de658f2fc94e6af50b07c2c32aa3a51df78398b0e8b51,True,False,wrong_site,0.02,-0.2102096974849701,-1.9602097272872925,True,False
2889,mbpp_455:2:0:1,real,mbpp,40f62a45578553368d5de658f2fc94e6af50b07c2c32aa3a51df78398b0e8b51,True,False,wrong_site,0.05,-0.20993635058403015,-1.9599363803863525,True,False
2889,mbpp_455:2:0:1,real,mbpp,40f62a45578553368d5de658f2fc94e6af50b07c2c32aa3a51df78398b0e8b51,True,False,wrong_site,0.1,-0.2121885120868683,-1.946563482284546,True,False
2889,mbpp_455:2:0:1,real,mbpp,40f62a45578553368d5de658f2fc94e6af50b07c2c32aa3a51df78398b0e8b51,True,False,wrong_site,0.2,-0.21214108169078827,-1.9465160369873047,True,False
2889,mbpp_455:2:0:1,real,mbpp,40f62a45578553368d5de658f2fc94e6af50b07c2c32aa3a51df78398b0e8b51,True,False,wrong_site,0.4,-0.21498341858386993,-1.9337334632873535,True,False
2889,mbpp_455:2:0:1,real,mbpp,40f62a45578553368d5de658f2fc94e6af50b07c2c32aa3a51df78398b0e8b51,True,False,answer_site,0.02,-0.23777849972248077,-1.8315285444259644,True,False
2889,mbpp_455:2:0:1,real,mbpp,40f62a45578553368d5de658f2fc94e6af50b07c2c32aa3a51df78398b0e8b51,True,False,answer_site,0.05,-0.2897459864616394,-1.6334960460662842,True,False
2889,mbpp_455:2:0:1,real,mbpp,40f62a45578553368d5de658f2fc94e6af50b07c2c32aa3a51df78398b0e8b51,True,False,answer_site,0.1,-0.40851157903671265,-1.3147616386413574,True,False
2889,mbpp_455:2:0:1,real,mbpp,40f62a45578553368d5de658f2fc94e6af50b07c2c32aa3a51df78398b0e8b51,True,False,answer_site,0.2,-0.7686965465545654,-0.8155715465545654,True,False
2889,mbpp_455:2:0:1,real,mbpp,40f62a45578553368d5de658f2fc94e6af50b07c2c32aa3a51df78398b0e8b51,True,False,answer_site,0.4,-1.3639671802520752,-0.64521723985672,False,True
2889,mbpp_455:2:0:1,real,mbpp,40f62a45578553368d5de658f2fc94e6af50b07c2c32aa3a51df78398b0e8b51,True,False,actuator_cond,0.02,-0.1970546841621399,-2.040804624557495,True,False
2889,mbpp_455:2:0:1,real,mbpp,40f62a45578553368d5de658f2fc94e6af50b07c2c32aa3a51df78398b0e8b51,True,False,actuator_cond,0.05,-0.18545229732990265,-2.1229522228240967,True,False
2889,mbpp_455:2:0:1,real,mbpp,40f62a45578553368d5de658f2fc94e6af50b07c2c32aa3a51df78398b0e8b51,True,False,actuator_cond,0.1,-0.18074947595596313,-2.1651244163513184,True,False
2889,mbpp_455:2:0:1,real,mbpp,40f62a45578553368d5de658f2fc94e6af50b07c2c32aa3a51df78398b0e8b51,True,False,actuator_cond,0.2,-0.17687462270259857,-2.1768746376037598,True,False
2889,mbpp_455:2:0:1,real,mbpp,40f62a45578553368d5de658f2fc94e6af50b07c2c32aa3a51df78398b0e8b51,True,False,actuator_cond,0.4,-0.11458087712526321,-2.6458308696746826,True,False
2889,mbpp_455:2:0:1,real,mbpp,40f62a45578553368d5de658f2fc94e6af50b07c2c32aa3a51df78398b0e8b51,True,False,actuator_answer,0.02,-0.4532794952392578,-1.1564044952392578,True,False
2889,mbpp_455:2:0:1,real,mbpp,40f62a45578553368d5de658f2fc94e6af50b07c2c32aa3a51df78398b0e8b51,True,False,actuator_answer,0.05,-1.2602126598358154,-0.4008376896381378,False,True
2889,mbpp_455:2:0:1,real,mbpp,40f62a45578553368d5de658f2fc94e6af50b07c2c32aa3a51df78398b0e8b51,True,False,actuator_answer,0.1,-3.5974230766296387,-0.06617315858602524,False,True
2889,mbpp_455:2:0:1,real,mbpp,40f62a45578553368d5de658f2fc94e6af50b07c2c32aa3a51df78398b0e8b51,True,False,actuator_answer,0.2,-8.00792407989502,-0.03136114403605461,False,True
2889,mbpp_455:2:0:1,real,mbpp,40f62a45578553368d5de658f2fc94e6af50b07c2c32aa3a51df78398b0e8b51,True,False,actuator_answer,0.4,-15.17801570892334,-0.31668779253959656,False,True
2890,mbpp_455:2:0:2,real,mbpp,40f62a45578553368d5de658f2fc94e6af50b07c2c32aa3a51df78398b0e8b51,True,False,baseline,0.0,-0.2197272926568985,-1.9072272777557373,True,False
2890,mbpp_455:2:0:2,real,mbpp,40f62a45578553368d5de658f2fc94e6af50b07c2c32aa3a51df78398b0e8b51,True,False,semantic,0.02,-0.2200772762298584,-1.9075772762298584,True,False
2890,mbpp_455:2:0:2,real,mbpp,40f62a45578553368d5de658f2fc94e6af50b07c2c32aa3a51df78398b0e8b51,True,False,semantic,0.05,-0.22534440457820892,-1.8815944194793701,True,False
2890,mbpp_455:2:0:2,real,mbpp,40f62a45578553368d5de658f2fc94e6af50b07c2c32aa3a51df78398b0e8b51,True,False,semantic,0.1,-0.2360728681087494,-1.8298228979110718,True,False
2890,mbpp_455:2:0:2,real,mbpp,40f62a45578553368d5de658f2fc94e6af50b07c2c32aa3a51df78398b0e8b51,True,False,semantic,0.2,-0.263211727142334,-1.700711727142334,True,False
2890,mbpp_455:2:0:2,real,mbpp,40f62a45578553368d5de658f2fc94e6af50b07c2c32aa3a51df78398b0e8b51,True,False,semantic,0.4,-0.3131849467754364,-1.5163099765777588,True,False
2890,mbpp_455:2:0:2,real,mbpp,40f62a45578553368d5de658f2fc94e6af50b07c2c32aa3a51df78398b0e8b51,True,False,reverse,0.02,-0.21965168416500092,-1.907151699066162,True,False
2890,mbpp_455:2:0:2,real,mbpp,40f62a45578553368d5de658f2fc94e6af50b07c2c32aa3a51df78398b0e8b51,True,False,reverse,0.05,-0.21627214550971985,-1.9193971157073975,True,False
2890,mbpp_455:2:0:2,real,mbpp,40f62a45578553368d5de658f2fc94e6af50b07c2c32aa3a51df78398b0e8b51,True,False,reverse,0.1,-0.21232812106609344,-1.9310780763626099,True,False
2890,mbpp_455:2:0:2,real,mbpp,40f62a45578553368d5de658f2fc94e6af50b07c2c32aa3a51df78398b0e8b51,True,False,reverse,0.2,-0.21737754344940186,-1.8736275434494019,True,False
2890,mbpp_455:2:0:2,real,mbpp,40f62a45578553368d5de658f2fc94e6af50b07c2c32aa3a51df78398b0e8b51,True,False,reverse,0.4,-0.2653670012950897,-1.655992031097412,True,False
2890,mbpp_455:2:0:2,real,mbpp,40f62a45578553368d5de658f2fc94e6af50b07c2c32aa3a51df78398b0e8b51,True,False,random,0.02,-0.21674945950508118,-1.9198744297027588,True,False
2890,mbpp_455:2:0:2,real,mbpp,40f62a45578553368d5de658f2fc94e6af50b07c2c32aa3a51df78398b0e8b51,True,False,random,0.05,-0.21884910762310028,-1.9063490629196167,True,False
2890,mbpp_455:2:0:2,real,mbpp,40f62a45578553368d5de658f2fc94e6af50b07c2c32aa3a51df78398b0e8b51,True,False,random,0.1,-0.21550950407981873,-1.9186345338821411,True,False
2890,mbpp_455:2:0:2,real,mbpp,40f62a45578553368d5de658f2fc94e6af50b07c2c32aa3a51df78398b0e8b51,True,False,random,0.2,-0.2134040892124176,-1.9165290594100952,True,False
2890,mbpp_455:2:0:2,real,mbpp,40f62a45578553368d5de658f2fc94e6af50b07c2c32aa3a51df78398b0e8b51,True,False,random,0.4,-0.19976750016212463,-1.9653924703598022,True,False
2890,mbpp_455:2:0:2,real,mbpp,40f62a45578553368d5de658f2fc94e6af50b07c2c32aa3a51df78398b0e8b51,True,False,shuffled,0.02,-0.21974718570709229,-1.9072471857070923,True,False
2890,mbpp_455:2:0:2,real,mbpp,40f62a45578553368d5de658f2fc94e6af50b07c2c32aa3a51df78398b0e8b51,True,False,shuffled,0.05,-0.2216288298368454,-1.8935037851333618,True,False
2890,mbpp_455:2:0:2,real,mbpp,40f62a45578553368d5de658f2fc94e6af50b07c2c32aa3a51df78398b0e8b51,True,False,shuffled,0.1,-0.22160446643829346,-1.8934794664382935,True,False
2890,mbpp_455:2:0:2,real,mbpp,40f62a45578553368d5de658f2fc94e6af50b07c2c32aa3a51df78398b0e8b51,True,False,shuffled,0.2,-0.22173675894737244,-1.8779867887496948,True,False
2890,mbpp_455:2:0:2,real,mbpp,40f62a45578553368d5de658f2fc94e6af50b07c2c32aa3a51df78398b0e8b51,True,False,shuffled,0.4,-0.24358397722244263,-1.7748339176177979,True,False
2890,mbpp_455:2:0:2,real,mbpp,40f62a45578553368d5de658f2fc94e6af50b07c2c32aa3a51df78398b0e8b51,True,False,wrong_site,0.02,-0.21944409608840942,-1.9069440364837646,True,False
2890,mbpp_455:2:0:2,real,mbpp,40f62a45578553368d5de658f2fc94e6af50b07c2c32aa3a51df78398b0e8b51,True,False,wrong_site,0.05,-0.21949127316474915,-1.9069912433624268,True,False
2890,mbpp_455:2:0:2,real,mbpp,40f62a45578553368d5de658f2fc94e6af50b07c2c32aa3a51df78398b0e8b51,True,False,wrong_site,0.1,-0.2221118062734604,-1.8939868211746216,True,False
2890,mbpp_455:2:0:2,real,mbpp,40f62a45578553368d5de658f2fc94e6af50b07c2c32aa3a51df78398b0e8b51,True,False,wrong_site,0.2,-0.22495675086975098,-1.881206750869751,True,False
2890,mbpp_455:2:0:2,real,mbpp,40f62a45578553368d5de658f2fc94e6af50b07c2c32aa3a51df78398b0e8b51,True,False,wrong_site,0.4,-0.2254703789949417,-1.8817204236984253,True,False
2890,mbpp_455:2:0:2,real,mbpp,40f62a45578553368d5de658f2fc94e6af50b07c2c32aa3a51df78398b0e8b51,True,False,answer_site,0.02,-0.25139889121055603,-1.7670239210128784,True,False
2890,mbpp_455:2:0:2,real,mbpp,40f62a45578553368d5de658f2fc94e6af50b07c2c32aa3a51df78398b0e8b51,True,False,answer_site,0.05,-0.31387996673583984,-1.5482549667358398,True,False
2890,mbpp_455:2:0:2,real,mbpp,40f62a45578553368d5de658f2fc94e6af50b07c2c32aa3a51df78398b0e8b51,True,False,answer_site,0.1,-0.4513619542121887,-1.216986894607544,True,False
2890,mbpp_455:2:0:2,real,mbpp,40f62a45578553368d5de658f2fc94e6af50b07c2c32aa3a51df78398b0e8b51,True,False,answer_site,0.2,-0.8385082483291626,-0.7447582483291626,False,True
2890,mbpp_455:2:0:2,real,mbpp,40f62a45578553368d5de658f2fc94e6af50b07c2c32aa3a51df78398b0e8b51,True,False,answer_site,0.4,-1.3774139881134033,-0.6742889285087585,False,True
2890,mbpp_455:2:0:2,real,mbpp,40f62a45578553368d5de658f2fc94e6af50b07c2c32aa3a51df78398b0e8b51,True,False,actuator_cond,0.02,-0.20619983971118927,-1.9874498844146729,True,False
2890,mbpp_455:2:0:2,real,mbpp,40f62a45578553368d5de658f2fc94e6af50b07c2c32aa3a51df78398b0e8b51,True,False,actuator_cond,0.05,-0.19378291070461273,-2.0687828063964844,True,False
2890,mbpp_455:2:0:2,real,mbpp,40f62a45578553368d5de658f2fc94e6af50b07c2c32aa3a51df78398b0e8b51,True,False,actuator_cond,0.1,-0.18289124965667725,-2.151641368865967,True,False
2890,mbpp_455:2:0:2,real,mbpp,40f62a45578553368d5de658f2fc94e6af50b07c2c32aa3a51df78398b0e8b51,True,False,actuator_cond,0.2,-0.1710553765296936,-2.217930316925049,True,False
2890,mbpp_455:2:0:2,real,mbpp,40f62a45578553368d5de658f2fc94e6af50b07c2c32aa3a51df78398b0e8b51,True,False,actuator_cond,0.4,-0.10683726519346237,-2.747462272644043,True,False
2890,mbpp_455:2:0:2,real,mbpp,40f62a45578553368d5de658f2fc94e6af50b07c2c32aa3a51df78398b0e8b51,True,False,actuator_answer,0.02,-0.4805881977081299,-1.1055881977081299,True,False
2890,mbpp_455:2:0:2,real,mbpp,40f62a45578553368d5de658f2fc94e6af50b07c2c32aa3a51df78398b0e8b51,True,False,actuator_answer,0.05,-1.3614503145217896,-0.36145028471946716,False,True
2890,mbpp_455:2:0:2,real,mbpp,40f62a45578553368d5de658f2fc94e6af50b07c2c32aa3a51df78398b0e8b51,True,False,actuator_answer,0.1,-3.7953286170959473,-0.060953639447689056,False,True
2890,mbpp_455:2:0:2,real,mbpp,40f62a45578553368d5de658f2fc94e6af50b07c2c32aa3a51df78398b0e8b51,True,False,actuator_answer,0.2,-8.116191864013672,-0.030254460871219635,False,True
2890,mbpp_455:2:0:2,real,mbpp,40f62a45578553368d5de658f2fc94e6af50b07c2c32aa3a51df78398b0e8b51,True,False,actuator_answer,0.4,-15.25245475769043,-0.31300121545791626,False,True
2891,mbpp_482:0:0:0,real,mbpp,7e37b4d7adf3e4eff0f4a92d49815db340578f965239b76023be36f64766f0ab,True,False,baseline,0.0,-0.8876376748085022,-2.138165235519409,True,False
2891,mbpp_482:0:0:0,real,mbpp,7e37b4d7adf3e4eff0f4a92d49815db340578f965239b76023be36f64766f0ab,True,False,semantic,0.02,-0.8936048746109009,-2.1441776752471924,True,False
2891,mbpp_482:0:0:0,real,mbpp,7e37b4d7adf3e4eff0f4a92d49815db340578f965239b76023be36f64766f0ab,True,False,semantic,0.05,-0.8985166549682617,-2.1332106590270996,True,False
2891,mbpp_482:0:0:0,real,mbpp,7e37b4d7adf3e4eff0f4a92d49815db340578f965239b76023be36f64766f0ab,True,False,semantic,0.1,-0.9026269912719727,-2.1216890811920166,True,False
2891,mbpp_482:0:0:0,real,mbpp,7e37b4d7adf3e4eff0f4a92d49815db340578f965239b76023be36f64766f0ab,True,False,semantic,0.2,-0.89667809009552,-2.1010098457336426,True,False
2891,mbpp_482:0:0:0,real,mbpp,7e37b4d7adf3e4eff0f4a92d49815db340578f965239b76023be36f64766f0ab,True,False,semantic,0.4,-0.9244237542152405,-2.0827035903930664,True,False
2891,mbpp_482:0:0:0,real,mbpp,7e37b4d7adf3e4eff0f4a92d49815db340578f965239b76023be36f64766f0ab,True,False,reverse,0.02,-0.883005678653717,-2.1515355110168457,True,False
2891,mbpp_482:0:0:0,real,mbpp,7e37b4d7adf3e4eff0f4a92d49815db340578f965239b76023be36f64766f0ab,True,False,reverse,0.05,-0.877987265586853,-2.1441574096679688,True,False
2891,mbpp_482:0:0:0,real,mbpp,7e37b4d7adf3e4eff0f4a92d49815db340578f965239b76023be36f64766f0ab,True,False,reverse,0.1,-0.8555371165275574,-2.1397180557250977,True,False
2891,mbpp_482:0:0:0,real,mbpp,7e37b4d7adf3e4eff0f4a92d49815db340578f965239b76023be36f64766f0ab,True,False,reverse,0.2,-0.8322658538818359,-2.118705987930298,True,False
2891,mbpp_482:0:0:0,real,mbpp,7e37b4d7adf3e4eff0f4a92d49815db340578f965239b76023be36f64766f0ab,True,False,reverse,0.4,-0.8031272292137146,-2.0737674236297607,True,False
2891,mbpp_482:0:0:0,real,mbpp,7e37b4d7adf3e4eff0f4a92d49815db340578f965239b76023be36f64766f0ab,True,False,random,0.02,-0.8911471366882324,-2.1260876655578613,True,False
2891,mbpp_482:0:0:0,real,mbpp,7e37b4d7adf3e4eff0f4a92d49815db340578f965239b76023be36f64766f0ab,True,False,random,0.05,-0.8864256143569946,-2.1371712684631348,True,False
2891,mbpp_482:0:0:0,real,mbpp,7e37b4d7adf3e4eff0f4a92d49815db340578f965239b76023be36f64766f0ab,True,False,random,0.1,-0.8894835710525513,-2.125685691833496,True,False
2891,mbpp_482:0:0:0,real,mbpp,7e37b4d7adf3e4eff0f4a92d49815db340578f965239b76023be36f64766f0ab,True,False,random,0.2,-0.8824821710586548,-2.118894577026367,True,False
2891,mbpp_482:0:0:0,real,mbpp,7e37b4d7adf3e4eff0f4a92d49815db340578f965239b76023be36f64766f0ab,True,False,random,0.4,-0.880124568939209,-2.0985264778137207,True,False
2891,mbpp_482:0:0:0,real,mbpp,7e37b4d7adf3e4eff0f4a92d49815db340578f965239b76023be36f64766f0ab,True,False,shuffled,0.02,-0.8830195665359497,-2.1515889167785645,True,False
2891,mbpp_482:0:0:0,real,mbpp,7e37b4d7adf3e4eff0f4a92d49815db340578f965239b76023be36f64766f0ab,True,False,shuffled,0.05,-0.8816778659820557,-2.1492977142333984,True,False
2891,mbpp_482:0:0:0,real,mbpp,7e37b4d7adf3e4eff0f4a92d49815db340578f965239b76023be36f64766f0ab,True,False,shuffled,0.1,-0.861425518989563,-2.160553216934204,True,False
2891,mbpp_482:0:0:0,real,mbpp,7e37b4d7adf3e4eff0f4a92d49815db340578f965239b76023be36f64766f0ab,True,False,shuffled,0.2,-0.8292373418807983,-2.1778836250305176,True,False
2891,mbpp_482:0:0:0,real,mbpp,7e37b4d7adf3e4eff0f4a92d49815db340578f965239b76023be36f64766f0ab,True,False,shuffled,0.4,-0.812091052532196,-2.192955255508423,True,False
2891,mbpp_482:0:0:0,real,mbpp,7e37b4d7adf3e4eff0f4a92d49815db340578f965239b76023be36f64766f0ab,True,False,wrong_site,0.02,-0.8877424001693726,-2.139336109161377,True,False
2891,mbpp_482:0:0:0,real,mbpp,7e37b4d7adf3e4eff0f4a92d49815db340578f965239b76023be36f64766f0ab,True,False,wrong_site,0.05,-0.8877116441726685,-2.1393423080444336,True,False
2891,mbpp_482:0:0:0,real,mbpp,7e37b4d7adf3e4eff0f4a92d49815db340578f965239b76023be36f64766f0ab,True,False,wrong_site,0.1,-0.8938843011856079,-2.1454379558563232,True,False
2891,mbpp_482:0:0:0,real,mbpp,7e37b4d7adf3e4eff0f4a92d49815db340578f965239b76023be36f64766f0ab,True,False,wrong_site,0.2,-0.9003622531890869,-2.1519360542297363,True,False
2891,mbpp_482:0:0:0,real,mbpp,7e37b4d7adf3e4eff0f4a92d49815db340578f965239b76023be36f64766f0ab,True,False,wrong_site,0.4,-0.9126784801483154,-2.1353917121887207,True,False
2891,mbpp_482:0:0:0,real,mbpp,7e37b4d7adf3e4eff0f4a92d49815db340578f965239b76023be36f64766f0ab,True,False,answer_site,0.02,-0.9109922647476196,-2.0847063064575195,True,False
2891,mbpp_482:0:0:0,real,mbpp,7e37b4d7adf3e4eff0f4a92d49815db340578f965239b76023be36f64766f0ab,True,False,answer_site,0.05,-0.9492260217666626,-1.996952772140503,True,False
2891,mbpp_482:0:0:0,real,mbpp,7e37b4d7adf3e4eff0f4a92d49815db340578f965239b76023be36f64766f0ab,True,False,answer_site,0.1,-1.0342328548431396,-1.8957297801971436,True,False
2891,mbpp_482:0:0:0,real,mbpp,7e37b4d7adf3e4eff0f4a92d49815db340578f965239b76023be36f64766f0ab,True,False,answer_site,0.2,-1.2946197986602783,-1.9225225448608398,False,False
2891,mbpp_482:0:0:0,real,mbpp,7e37b4d7adf3e4eff0f4a92d49815db340578f965239b76023be36f64766f0ab,True,False,answer_site,0.4,-1.9014651775360107,-2.560452461242676,False,False
2891,mbpp_482:0:0:0,real,mbpp,7e37b4d7adf3e4eff0f4a92d49815db340578f965239b76023be36f64766f0ab,True,False,actuator_cond,0.02,-0.8844708204269409,-2.151733160018921,True,False
2891,mbpp_482:0:0:0,real,mbpp,7e37b4d7adf3e4eff0f4a92d49815db340578f965239b76023be36f64766f0ab,True,False,actuator_cond,0.05,-0.874737024307251,-2.1587510108947754,True,False
2891,mbpp_482:0:0:0,real,mbpp,7e37b4d7adf3e4eff0f4a92d49815db340578f965239b76023be36f64766f0ab,True,False,actuator_cond,0.1,-0.854286789894104,-2.18385648727417,True,False
2891,mbpp_482:0:0:0,real,mbpp,7e37b4d7adf3e4eff0f4a92d49815db340578f965239b76023be36f64766f0ab,True,False,actuator_cond,0.2,-0.8230395913124084,-2.20160174369812,True,False
2891,mbpp_482:0:0:0,real,mbpp,7e37b4d7adf3e4eff0f4a92d49815db340578f965239b76023be36f64766f0ab,True,False,actuator_cond,0.4,-0.8053342700004578,-2.2797658443450928,True,False
2891,mbpp_482:0:0:0,real,mbpp,7e37b4d7adf3e4eff0f4a92d49815db340578f965239b76023be36f64766f0ab,True,False,actuator_answer,0.02,-0.9085776805877686,-2.096369504928589,True,False
2891,mbpp_482:0:0:0,real,mbpp,7e37b4d7adf3e4eff0f4a92d49815db340578f965239b76023be36f64766f0ab,True,False,actuator_answer,0.05,-0.9365837574005127,-2.017117500305176,True,False
2891,mbpp_482:0:0:0,real,mbpp,7e37b4d7adf3e4eff0f4a92d49815db340578f965239b76023be36f64766f0ab,True,False,actuator_answer,0.1,-0.9952805042266846,-1.9191097021102905,True,False
2891,mbpp_482:0:0:0,real,mbpp,7e37b4d7adf3e4eff0f4a92d49815db340578f965239b76023be36f64766f0ab,True,False,actuator_answer,0.2,-1.2249701023101807,-1.8804616928100586,True,False
2891,mbpp_482:0:0:0,real,mbpp,7e37b4d7adf3e4eff0f4a92d49815db340578f965239b76023be36f64766f0ab,True,False,actuator_answer,0.4,-2.9442555904388428,-3.3898844718933105,False,False
2892,mbpp_482:0:0:1,real,mbpp,7e37b4d7adf3e4eff0f4a92d49815db340578f965239b76023be36f64766f0ab,False,False,baseline,0.0,-1.5372945070266724,-0.6282196044921875,False,True
2892,mbpp_482:0:0:1,real,mbpp,7e37b4d7adf3e4eff0f4a92d49815db340578f965239b76023be36f64766f0ab,False,False,semantic,0.02,-1.5482131242752075,-0.623428463935852,False,True
2892,mbpp_482:0:0:1,real,mbpp,7e37b4d7adf3e4eff0f4a92d49815db340578f965239b76023be36f64766f0ab,False,False,semantic,0.05,-1.546194076538086,-0.6202208995819092,False,True
2892,mbpp_482:0:0:1,real,mbpp,7e37b4d7adf3e4eff0f4a92d49815db340578f965239b76023be36f64766f0ab,False,False,semantic,0.1,-1.5579582452774048,-0.6154756546020508,False,True
2892,mbpp_482:0:0:1,real,mbpp,7e37b4d7adf3e4eff0f4a92d49815db340578f965239b76023be36f64766f0ab,False,False,semantic,0.2,-1.577764630317688,-0.6007838249206543,False,True
2892,mbpp_482:0:0:1,real,mbpp,7e37b4d7adf3e4eff0f4a92d49815db340578f965239b76023be36f64766f0ab,False,False,semantic,0.4,-1.5638513565063477,-0.6015771627426147,False,True
2892,mbpp_482:0:0:1,real,mbpp,7e37b4d7adf3e4eff0f4a92d49815db340578f965239b76023be36f64766f0ab,False,False,reverse,0.02,-1.537282109260559,-0.6294349431991577,False,True
2892,mbpp_482:0:0:1,real,mbpp,7e37b4d7adf3e4eff0f4a92d49815db340578f965239b76023be36f64766f0ab,False,False,reverse,0.05,-1.5371593236923218,-0.6281605362892151,False,True
2892,mbpp_482:0:0:1,real,mbpp,7e37b4d7adf3e4eff0f4a92d49815db340578f965239b76023be36f64766f0ab,False,False,reverse,0.1,-1.526650309562683,-0.6334595680236816,False,True
2892,mbpp_482:0:0:1,real,mbpp,7e37b4d7adf3e4eff0f4a92d49815db340578f965239b76023be36f64766f0ab,False,False,reverse,0.2,-1.5056977272033691,-0.6430282592773438,False,True
2892,mbpp_482:0:0:1,real,mbpp,7e37b4d7adf3e4eff0f4a92d49815db340578f965239b76023be36f64766f0ab,False,False,reverse,0.4,-1.4967691898345947,-0.6647086143493652,False,True
2892,mbpp_482:0:0:1,real,mbpp,7e37b4d7adf3e4eff0f4a92d49815db340578f965239b76023be36f64766f0ab,False,False,random,0.02,-1.5374536514282227,-0.6282823085784912,False,True
2892,mbpp_482:0:0:1,real,mbpp,7e37b4d7adf3e4eff0f4a92d49815db340578f965239b76023be36f64766f0ab,False,False,random,0.05,-1.5494792461395264,-0.6237189769744873,False,True
2892,mbpp_482:0:0:1,real,mbpp,7e37b4d7adf3e4eff0f4a92d49815db340578f965239b76023be36f64766f0ab,False,False,random,0.1,-1.5495753288269043,-0.6251119375228882,False,True
2892,mbpp_482:0:0:1,real,mbpp,7e37b4d7adf3e4eff0f4a92d49815db340578f965239b76023be36f64766f0ab,False,False,random,0.2,-1.5498147010803223,-0.6253859996795654,False,True
2892,mbpp_482:0:0:1,real,mbpp,7e37b4d7adf3e4eff0f4a92d49815db340578f965239b76023be36f64766f0ab,False,False,random,0.4,-1.5710898637771606,-0.6136772632598877,False,True
2892,mbpp_482:0:0:1,real,mbpp,7e37b4d7adf3e4eff0f4a92d49815db340578f965239b76023be36f64766f0ab,False,False,shuffled,0.02,-1.5382673740386963,-0.6293535232543945,False,True
2892,mbpp_482:0:0:1,real,mbpp,7e37b4d7adf3e4eff0f4a92d49815db340578f965239b76023be36f64766f0ab,False,False,shuffled,0.05,-1.5353977680206299,-0.6264681816101074,False,True
2892,mbpp_482:0:0:1,real,mbpp,7e37b4d7adf3e4eff0f4a92d49815db340578f965239b76023be36f64766f0ab,False,False,shuffled,0.1,-1.5348901748657227,-0.627437949180603,False,True
2892,mbpp_482:0:0:1,real,mbpp,7e37b4d7adf3e4eff0f4a92d49815db340578f965239b76023be36f64766f0ab,False,False,shuffled,0.2,-1.5242877006530762,-0.631695568561554,False,True
2892,mbpp_482:0:0:1,real,mbpp,7e37b4d7adf3e4eff0f4a92d49815db340578f965239b76023be36f64766f0ab,False,False,shuffled,0.4,-1.5133558511734009,-0.6340839862823486,False,True
2892,mbpp_482:0:0:1,real,mbpp,7e37b4d7adf3e4eff0f4a92d49815db340578f965239b76023be36f64766f0ab,False,False,wrong_site,0.02,-1.5460385084152222,-0.6200984120368958,False,True
2892,mbpp_482:0:0:1,real,mbpp,7e37b4d7adf3e4eff0f4a92d49815db340578f965239b76023be36f64766f0ab,False,False,wrong_site,0.05,-1.5349724292755127,-0.6258163452148438,False,True
2892,mbpp_482:0:0:1,real,mbpp,7e37b4d7adf3e4eff0f4a92d49815db340578f965239b76023be36f64766f0ab,False,False,wrong_site,0.1,-1.5339733362197876,-0.6259304285049438,False,True
2892,mbpp_482:0:0:1,real,mbpp,7e37b4d7adf3e4eff0f4a92d49815db340578f965239b76023be36f64766f0ab,False,False,wrong_site,0.2,-1.5337700843811035,-0.6245035529136658,False,True
2892,mbpp_482:0:0:1,real,mbpp,7e37b4d7adf3e4eff0f4a92d49815db340578f965239b76023be36f64766f0ab,False,False,wrong_site,0.4,-1.522038459777832,-0.6273617148399353,False,True
2892,mbpp_482:0:0:1,real,mbpp,7e37b4d7adf3e4eff0f4a92d49815db340578f965239b76023be36f64766f0ab,False,False,answer_site,0.02,-1.585292100906372,-0.6136449575424194,False,True
2892,mbpp_482:0:0:1,real,mbpp,7e37b4d7adf3e4eff0f4a92d49815db340578f965239b76023be36f64766f0ab,False,False,answer_site,0.05,-1.664312720298767,-0.5999890565872192,False,True
2892,mbpp_482:0:0:1,real,mbpp,7e37b4d7adf3e4eff0f4a92d49815db340578f965239b76023be36f64766f0ab,False,False,answer_site,0.1,-1.7644355297088623,-0.6054282188415527,False,True
2892,mbpp_482:0:0:1,real,mbpp,7e37b4d7adf3e4eff0f4a92d49815db340578f965239b76023be36f64766f0ab,False,False,answer_site,0.2,-2.080030918121338,-0.7785722017288208,False,True
2892,mbpp_482:0:0:1,real,mbpp,7e37b4d7adf3e4eff0f4a92d49815db340578f965239b76023be36f64766f0ab,False,False,answer_site,0.4,-2.594759941101074,-1.4117845296859741,False,False
2892,mbpp_482:0:0:1,real,mbpp,7e37b4d7adf3e4eff0f4a92d49815db340578f965239b76023be36f64766f0ab,False,False,actuator_cond,0.02,-1.5369070768356323,-0.6278117895126343,False,True
2892,mbpp_482:0:0:1,real,mbpp,7e37b4d7adf3e4eff0f4a92d49815db340578f965239b76023be36f64766f0ab,False,False,actuator_cond,0.05,-1.5254255533218384,-0.6306318044662476,False,True
2892,mbpp_482:0:0:1,real,mbpp,7e37b4d7adf3e4eff0f4a92d49815db340578f965239b76023be36f64766f0ab,False,False,actuator_cond,0.1,-1.5071337223052979,-0.642449140548706,False,True
2892,mbpp_482:0:0:1,real,mbpp,7e37b4d7adf3e4eff0f4a92d49815db340578f965239b76023be36f64766f0ab,False,False,actuator_cond,0.2,-1.424795150756836,-0.6851599216461182,False,True
2892,mbpp_482:0:0:1,real,mbpp,7e37b4d7adf3e4eff0f4a92d49815db340578f965239b76023be36f64766f0ab,False,False,actuator_cond,0.4,-0.9470371603965759,-1.035508155822754,True,False
2892,mbpp_482:0:0:1,real,mbpp,7e37b4d7adf3e4eff0f4a92d49815db340578f965239b76023be36f64766f0ab,False,False,actuator_answer,0.02,-1.5803422927856445,-0.6084680557250977,False,True
2892,mbpp_482:0:0:1,real,mbpp,7e37b4d7adf3e4eff0f4a92d49815db340578f965239b76023be36f64766f0ab,False,False,actuator_answer,0.05,-1.6269643306732178,-0.5967143774032593,False,True
2892,mbpp_482:0:0:1,real,mbpp,7e37b4d7adf3e4eff0f4a92d49815db340578f965239b76023be36f64766f0ab,False,False,actuator_answer,0.1,-1.7336883544921875,-0.5637826919555664,False,True
2892,mbpp_482:0:0:1,real,mbpp,7e37b4d7adf3e4eff0f4a92d49815db340578f965239b76023be36f64766f0ab,False,False,actuator_answer,0.2,-2.018972158432007,-0.5720678567886353,False,True
2892,mbpp_482:0:0:1,real,mbpp,7e37b4d7adf3e4eff0f4a92d49815db340578f965239b76023be36f64766f0ab,False,False,actuator_answer,0.4,-1.6509238481521606,-0.7025291919708252,False,True
2893,mbpp_482:0:0:2,real,mbpp,7e37b4d7adf3e4eff0f4a92d49815db340578f965239b76023be36f64766f0ab,False,False,baseline,0.0,-1.792973279953003,-0.4993300437927246,False,True
2893,mbpp_482:0:0:2,real,mbpp,7e37b4d7adf3e4eff0f4a92d49815db340578f965239b76023be36f64766f0ab,False,False,semantic,0.02,-1.8050739765167236,-0.4957994818687439,False,True
2893,mbpp_482:0:0:2,real,mbpp,7e37b4d7adf3e4eff0f4a92d49815db340578f965239b76023be36f64766f0ab,False,False,semantic,0.05,-1.8049006462097168,-0.4956531524658203,False,True
2893,mbpp_482:0:0:2,real,mbpp,7e37b4d7adf3e4eff0f4a92d49815db340578f965239b76023be36f64766f0ab,False,False,semantic,0.1,-1.8314690589904785,-0.48675501346588135,False,True
2893,mbpp_482:0:0:2,real,mbpp,7e37b4d7adf3e4eff0f4a92d49815db340578f965239b76023be36f64766f0ab,False,False,semantic,0.2,-1.8486731052398682,-0.4832371175289154,False,True
2893,mbpp_482:0:0:2,real,mbpp,7e37b4d7adf3e4eff0f4a92d49815db340578f965239b76023be36f64766f0ab,False,False,semantic,0.4,-1.8598990440368652,-0.49051403999328613,False,True
2893,mbpp_482:0:0:2,real,mbpp,7e37b4d7adf3e4eff0f4a92d49815db340578f965239b76023be36f64766f0ab,False,False,reverse,0.02,-1.7965033054351807,-0.5031715631484985,False,True
2893,mbpp_482:0:0:2,real,mbpp,7e37b4d7adf3e4eff0f4a92d49815db340578f965239b76023be36f64766f0ab,False,False,reverse,0.05,-1.784977674484253,-0.5084624886512756,False,True
2893,mbpp_482:0:0:2,real,mbpp,7e37b4d7adf3e4eff0f4a92d49815db340578f965239b76023be36f64766f0ab,False,False,reverse,0.1,-1.7769800424575806,-0.5166602730751038,False,True
2893,mbpp_482:0:0:2,real,mbpp,7e37b4d7adf3e4eff0f4a92d49815db340578f965239b76023be36f64766f0ab,False,False,reverse,0.2,-1.7551777362823486,-0.5270624160766602,False,True
2893,mbpp_482:0:0:2,real,mbpp,7e37b4d7adf3e4eff0f4a92d49815db340578f965239b76023be36f64766f0ab,False,False,reverse,0.4,-1.7457553148269653,-0.5551602840423584,False,True
2893,mbpp_482:0:0:2,real,mbpp,7e37b4d7adf3e4eff0f4a92d49815db340578f965239b76023be36f64766f0ab,False,False,random,0.02,-1.8086304664611816,-0.4996981620788574,False,True
2893,mbpp_482:0:0:2,real,mbpp,7e37b4d7adf3e4eff0f4a92d49815db340578f965239b76023be36f64766f0ab,False,False,random,0.05,-1.81123685836792,-0.5009748935699463,False,True
2893,mbpp_482:0:0:2,real,mbpp,7e37b4d7adf3e4eff0f4a92d49815db340578f965239b76023be36f64766f0ab,False,False,random,0.1,-1.8135511875152588,-0.5021775364875793,False,True
2893,mbpp_482:0:0:2,real,mbpp,7e37b4d7adf3e4eff0f4a92d49815db340578f965239b76023be36f64766f0ab,False,False,random,0.2,-1.8281553983688354,-0.5002918243408203,False,True
2893,mbpp_482:0:0:2,real,mbpp,7e37b4d7adf3e4eff0f4a92d49815db340578f965239b76023be36f64766f0ab,False,False,random,0.4,-1.8515352010726929,-0.5047932863235474,False,True
2893,mbpp_482:0:0:2,real,mbpp,7e37b4d7adf3e4eff0f4a92d49815db340578f965239b76023be36f64766f0ab,False,False,shuffled,0.02,-1.7930766344070435,-0.5025470852851868,False,True
2893,mbpp_482:0:0:2,real,mbpp,7e37b4d7adf3e4eff0f4a92d49815db340578f965239b76023be36f64766f0ab,False,False,shuffled,0.05,-1.7786883115768433,-0.5041792392730713,False,True
2893,mbpp_482:0:0:2,real,mbpp,7e37b4d7adf3e4eff0f4a92d49815db340578f965239b76023be36f64766f0ab,False,False,shuffled,0.1,-1.7767174243927002,-0.5029491186141968,False,True
2893,mbpp_482:0:0:2,real,mbpp,7e37b4d7adf3e4eff0f4a92d49815db340578f965239b76023be36f64766f0ab,False,False,shuffled,0.2,-1.7845779657363892,-0.508571445941925,False,True
2893,mbpp_482:0:0:2,real,mbpp,7e37b4d7adf3e4eff0f4a92d49815db340578f965239b76023be36f64766f0ab,False,False,shuffled,0.4,-1.7926392555236816,-0.5231374502182007,False,True
2893,mbpp_482:0:0:2,real,mbpp,7e37b4d7adf3e4eff0f4a92d49815db340578f965239b76023be36f64766f0ab,False,False,wrong_site,0.02,-1.805317759513855,-0.4960496723651886,False,True
2893,mbpp_482:0:0:2,real,mbpp,7e37b4d7adf3e4eff0f4a92d49815db340578f965239b76023be36f64766f0ab,False,False,wrong_site,0.05,-1.794421672821045,-0.5007774829864502,False,True
2893,mbpp_482:0:0:2,real,mbpp,7e37b4d7adf3e4eff0f4a92d49815db340578f965239b76023be36f64766f0ab,False,False,wrong_site,0.1,-1.793562412261963,-0.4996992349624634,False,True
2893,mbpp_482:0:0:2,real,mbpp,7e37b4d7adf3e4eff0f4a92d49815db340578f965239b76023be36f64766f0ab,False,False,wrong_site,0.2,-1.7892197370529175,-0.4965323209762573,False,True
2893,mbpp_482:0:0:2,real,mbpp,7e37b4d7adf3e4eff0f4a92d49815db340578f965239b76023be36f64766f0ab,False,False,wrong_site,0.4,-1.7908048629760742,-0.4980827867984772,False,True
2893,mbpp_482:0:0:2,real,mbpp,7e37b4d7adf3e4eff0f4a92d49815db340578f965239b76023be36f64766f0ab,False,False,answer_site,0.02,-1.8604933023452759,-0.48866745829582214,False,True
2893,mbpp_482:0:0:2,real,mbpp,7e37b4d7adf3e4eff0f4a92d49815db340578f965239b76023be36f64766f0ab,False,False,answer_site,0.05,-1.9338099956512451,-0.4853258728981018,False,True
2893,mbpp_482:0:0:2,real,mbpp,7e37b4d7adf3e4eff0f4a92d49815db340578f965239b76023be36f64766f0ab,False,False,answer_site,0.1,-2.0393354892730713,-0.4944089949131012,False,True
2893,mbpp_482:0:0:2,real,mbpp,7e37b4d7adf3e4eff0f4a92d49815db340578f965239b76023be36f64766f0ab,False,False,answer_site,0.2,-2.3670811653137207,-0.6923174262046814,False,True
2893,mbpp_482:0:0:2,real,mbpp,7e37b4d7adf3e4eff0f4a92d49815db340578f965239b76023be36f64766f0ab,False,False,answer_site,0.4,-3.2707653045654297,-1.7061564922332764,False,False
2893,mbpp_482:0:0:2,real,mbpp,7e37b4d7adf3e4eff0f4a92d49815db340578f965239b76023be36f64766f0ab,False,False,actuator_cond,0.02,-1.7827214002609253,-0.5047703385353088,False,True
2893,mbpp_482:0:0:2,real,mbpp,7e37b4d7adf3e4eff0f4a92d49815db340578f965239b76023be36f64766f0ab,False,False,actuator_cond,0.05,-1.771472454071045,-0.507616400718689,False,True
2893,mbpp_482:0:0:2,real,mbpp,7e37b4d7adf3e4eff0f4a92d49815db340578f965239b76023be36f64766f0ab,False,False,actuator_cond,0.1,-1.7678773403167725,-0.5155848860740662,False,True
2893,mbpp_482:0:0:2,real,mbpp,7e37b4d7adf3e4eff0f4a92d49815db340578f965239b76023be36f64766f0ab,False,False,actuator_cond,0.2,-1.6753374338150024,-0.5597838759422302,False,True
2893,mbpp_482:0:0:2,real,mbpp,7e37b4d7adf3e4eff0f4a92d49815db340578f965239b76023be36f64766f0ab,False,False,actuator_cond,0.4,-1.1195061206817627,-0.8334536552429199,False,True
2893,mbpp_482:0:0:2,real,mbpp,7e37b4d7adf3e4eff0f4a92d49815db340578f965239b76023be36f64766f0ab,False,False,actuator_answer,0.02,-1.8307772874832153,-0.4899372458457947,False,True
2893,mbpp_482:0:0:2,real,mbpp,7e37b4d7adf3e4eff0f4a92d49815db340578f965239b76023be36f64766f0ab,False,False,actuator_answer,0.05,-1.9033457040786743,-0.4721963405609131,False,True
2893,mbpp_482:0:0:2,real,mbpp,7e37b4d7adf3e4eff0f4a92d49815db340578f965239b76023be36f64766f0ab,False,False,actuator_answer,0.1,-2.0203909873962402,-0.4508618712425232,False,True
2893,mbpp_482:0:0:2,real,mbpp,7e37b4d7adf3e4eff0f4a92d49815db340578f965239b76023be36f64766f0ab,False,False,actuator_answer,0.2,-2.3314878940582275,-0.4532961845397949,False,True
2893,mbpp_482:0:0:2,real,mbpp,7e37b4d7adf3e4eff0f4a92d49815db340578f965239b76023be36f64766f0ab,False,False,actuator_answer,0.4,-1.811733365058899,-0.5655264854431152,False,True
2894,mbpp_482:1:0:0,real,mbpp,7e37b4d7adf3e4eff0f4a92d49815db340578f965239b76023be36f64766f0ab,True,False,baseline,0.0,-0.7664364576339722,-3.231362819671631,True,False
2894,mbpp_482:1:0:0,real,mbpp,7e37b4d7adf3e4eff0f4a92d49815db340578f965239b76023be36f64766f0ab,True,False,semantic,0.02,-0.7690183520317078,-3.202691078186035,True,False
2894,mbpp_482:1:0:0,real,mbpp,7e37b4d7adf3e4eff0f4a92d49815db340578f965239b76023be36f64766f0ab,True,False,semantic,0.05,-0.7772049307823181,-3.196326732635498,True,False
2894,mbpp_482:1:0:0,real,mbpp,7e37b4d7adf3e4eff0f4a92d49815db340578f965239b76023be36f64766f0ab,True,False,semantic,0.1,-0.782367467880249,-3.153465747833252,True,False
2894,mbpp_482:1:0:0,real,mbpp,7e37b4d7adf3e4eff0f4a92d49815db340578f965239b76023be36f64766f0ab,True,False,semantic,0.2,-0.7767582535743713,-3.06972074508667,True,False
2894,mbpp_482:1:0:0,real,mbpp,7e37b4d7adf3e4eff0f4a92d49815db340578f965239b76023be36f64766f0ab,True,False,semantic,0.4,-0.8099337816238403,-2.9477529525756836,True,False
2894,mbpp_482:1:0:0,real,mbpp,7e37b4d7adf3e4eff0f4a92d49815db340578f965239b76023be36f64766f0ab,True,False,reverse,0.02,-0.7573603391647339,-3.2390360832214355,True,False
2894,mbpp_482:1:0:0,real,mbpp,7e37b4d7adf3e4eff0f4a92d49815db340578f965239b76023be36f64766f0ab,True,False,reverse,0.05,-0.750804603099823,-3.232487678527832,True,False
2894,mbpp_482:1:0:0,real,mbpp,7e37b4d7adf3e4eff0f4a92d49815db340578f965239b76023be36f64766f0ab,True,False,reverse,0.1,-0.7380163073539734,-3.220820426940918,True,False
2894,mbpp_482:1:0:0,real,mbpp,7e37b4d7adf3e4eff0f4a92d49815db340578f965239b76023be36f64766f0ab,True,False,reverse,0.2,-0.7055891752243042,-3.1883771419525146,True,False
2894,mbpp_482:1:0:0,real,mbpp,7e37b4d7adf3e4eff0f4a92d49815db340578f965239b76023be36f64766f0ab,True,False,reverse,0.4,-0.672435462474823,-3.0580496788024902,True,False
2894,mbpp_482:1:0:0,real,mbpp,7e37b4d7adf3e4eff0f4a92d49815db340578f965239b76023be36f64766f0ab,True,False,random,0.02,-0.7720246911048889,-3.238091468811035,True,False
2894,mbpp_482:1:0:0,real,mbpp,7e37b4d7adf3e4eff0f4a92d49815db340578f965239b76023be36f64766f0ab,True,False,random,0.05,-0.7745698690414429,-3.2394323348999023,True,False
2894,mbpp_482:1:0:0,real,mbpp,7e37b4d7adf3e4eff0f4a92d49815db340578f965239b76023be36f64766f0ab,True,False,random,0.1,-0.7731863260269165,-3.254739761352539,True,False
2894,mbpp_482:1:0:0,real,mbpp,7e37b4d7adf3e4eff0f4a92d49815db340578f965239b76023be36f64766f0ab,True,False,random,0.2,-0.7661792039871216,-3.263327121734619,True,False
2894,mbpp_482:1:0:0,real,mbpp,7e37b4d7adf3e4eff0f4a92d49815db340578f965239b76023be36f64766f0ab,True,False,random,0.4,-0.7270277142524719,-3.2540736198425293,True,False
2894,mbpp_482:1:0:0,real,mbpp,7e37b4d7adf3e4eff0f4a92d49815db340578f965239b76023be36f64766f0ab,True,False,shuffled,0.02,-0.7655732035636902,-3.230557918548584,True,False
2894,mbpp_482:1:0:0,real,mbpp,7e37b4d7adf3e4eff0f4a92d49815db340578f965239b76023be36f64766f0ab,True,False,shuffled,0.05,-0.7578362226486206,-3.2239532470703125,True,False
2894,mbpp_482:1:0:0,real,mbpp,7e37b4d7adf3e4eff0f4a92d49815db340578f965239b76023be36f64766f0ab,True,False,shuffled,0.1,-0.7465071678161621,-3.258498430252075,True,False
2894,mbpp_482:1:0:0,real,mbpp,7e37b4d7adf3e4eff0f4a92d49815db340578f965239b76023be36f64766f0ab,True,False,shuffled,0.2,-0.7210056781768799,-3.2665278911590576,True,False
2894,mbpp_482:1:0:0,real,mbpp,7e37b4d7adf3e4eff0f4a92d49815db340578f965239b76023be36f64766f0ab,True,False,shuffled,0.4,-0.7015802264213562,-3.1210885047912598,True,False
2894,mbpp_482:1:0:0,real,mbpp,7e37b4d7adf3e4eff0f4a92d49815db340578f965239b76023be36f64766f0ab,True,False,wrong_site,0.02,-0.7680128216743469,-3.21840500831604,True,False
2894,mbpp_482:1:0:0,real,mbpp,7e37b4d7adf3e4eff0f4a92d49815db340578f965239b76023be36f64766f0ab,True,False,wrong_site,0.05,-0.7746201753616333,-3.223910331726074,True,False
2894,mbpp_482:1:0:0,real,mbpp,7e37b4d7adf3e4eff0f4a92d49815db340578f965239b76023be36f64766f0ab,True,False,wrong_site,0.1,-0.7759261131286621,-3.210693597793579,True,False
2894,mbpp_482:1:0:0,real,mbpp,7e37b4d7adf3e4eff0f4a92d49815db340578f965239b76023be36f64766f0ab,True,False,wrong_site,0.2,-0.7757112383842468,-3.2093310356140137,True,False
2894,mbpp_482:1:0:0,real,mbpp,7e37b4d7adf3e4eff0f4a92d49815db340578f965239b76023be36f64766f0ab,True,False,wrong_site,0.4,-0.7795379757881165,-3.199829578399658,True,False
2894,mbpp_482:1:0:0,real,mbpp,7e37b4d7adf3e4eff0f4a92d49815db340578f965239b76023be36f64766f0ab,True,False,answer_site,0.02,-0.7737707495689392,-3.1460139751434326,True,False
2894,mbpp_482:1:0:0,real,mbpp,7e37b4d7adf3e4eff0f4a92d49815db340578f965239b76023be36f64766f0ab,True,False,answer_site,0.05,-0.7976037859916687,-3.061614990234375,True,False
2894,mbpp_482:1:0:0,real,mbpp,7e37b4d7adf3e4eff0f4a92d49815db340578f965239b76023be36f64766f0ab,True,False,answer_site,0.1,-0.8470443487167358,-2.8610076904296875,True,False
2894,mbpp_482:1:0:0,real,mbpp,7e37b4d7adf3e4eff0f4a92d49815db340578f965239b76023be36f64766f0ab,True,False,answer_site,0.2,-1.0855424404144287,-2.723341464996338,False,False
2894,mbpp_482:1:0:0,real,mbpp,7e37b4d7adf3e4eff0f4a92d49815db340578f965239b76023be36f64766f0ab,True,False,answer_site,0.4,-1.6926978826522827,-3.1886820793151855,False,False
2894,mbpp_482:1:0:0,real,mbpp,7e37b4d7adf3e4eff0f4a92d49815db340578f965239b76023be36f64766f0ab,True,False,actuator_cond,0.02,-0.7601030468940735,-3.2250306606292725,True,False
2894,mbpp_482:1:0:0,real,mbpp,7e37b4d7adf3e4eff0f4a92d49815db340578f965239b76023be36f64766f0ab,True,False,actuator_cond,0.05,-0.7589483857154846,-3.240574359893799,True,False
2894,mbpp_482:1:0:0,real,mbpp,7e37b4d7adf3e4eff0f4a92d49815db340578f965239b76023be36f64766f0ab,True,False,actuator_cond,0.1,-0.7444949150085449,-3.242913007736206,True,False
2894,mbpp_482:1:0:0,real,mbpp,7e37b4d7adf3e4eff0f4a92d49815db340578f965239b76023be36f64766f0ab,True,False,actuator_cond,0.2,-0.7118157744407654,-3.2571074962615967,True,False
2894,mbpp_482:1:0:0,real,mbpp,7e37b4d7adf3e4eff0f4a92d49815db340578f965239b76023be36f64766f0ab,True,False,actuator_cond,0.4,-0.6975760459899902,-3.288512706756592,True,False
2894,mbpp_482:1:0:0,real,mbpp,7e37b4d7adf3e4eff0f4a92d49815db340578f965239b76023be36f64766f0ab,True,False,actuator_answer,0.02,-0.7773002982139587,-3.181863307952881,True,False
2894,mbpp_482:1:0:0,real,mbpp,7e37b4d7adf3e4eff0f4a92d49815db340578f965239b76023be36f64766f0ab,True,False,actuator_answer,0.05,-0.79274582862854,-3.1034035682678223,True,False
2894,mbpp_482:1:0:0,real,mbpp,7e37b4d7adf3e4eff0f4a92d49815db340578f965239b76023be36f64766f0ab,True,False,actuator_answer,0.1,-0.83243727684021,-2.9888923168182373,True,False
2894,mbpp_482:1:0:0,real,mbpp,7e37b4d7adf3e4eff0f4a92d49815db340578f965239b76023be36f64766f0ab,True,False,actuator_answer,0.2,-0.9907422065734863,-2.8630292415618896,True,False
2894,mbpp_482:1:0:0,real,mbpp,7e37b4d7adf3e4eff0f4a92d49815db340578f965239b76023be36f64766f0ab,True,False,actuator_answer,0.4,-2.7497637271881104,-4.081906795501709,False,False
2895,mbpp_482:1:0:1,real,mbpp,7e37b4d7adf3e4eff0f4a92d49815db340578f965239b76023be36f64766f0ab,False,False,baseline,0.0,-2.7496328353881836,-0.39339345693588257,False,True
2895,mbpp_482:1:0:1,real,mbpp,7e37b4d7adf3e4eff0f4a92d49815db340578f965239b76023be36f64766f0ab,False,False,semantic,0.02,-2.7495381832122803,-0.3920905292034149,False,True
2895,mbpp_482:1:0:1,real,mbpp,7e37b4d7adf3e4eff0f4a92d49815db340578f965239b76023be36f64766f0ab,False,False,semantic,0.05,-2.7606277465820312,-0.3876117467880249,False,True
2895,mbpp_482:1:0:1,real,mbpp,7e37b4d7adf3e4eff0f4a92d49815db340578f965239b76023be36f64766f0ab,False,False,semantic,0.1,-2.7699060440063477,-0.3812461197376251,False,True
2895,mbpp_482:1:0:1,real,mbpp,7e37b4d7adf3e4eff0f4a92d49815db340578f965239b76023be36f64766f0ab,False,False,semantic,0.2,-2.730599880218506,-0.37224748730659485,False,True
2895,mbpp_482:1:0:1,real,mbpp,7e37b4d7adf3e4eff0f4a92d49815db340578f965239b76023be36f64766f0ab,False,False,semantic,0.4,-2.6239712238311768,-0.3784855008125305,False,True
2895,mbpp_482:1:0:1,real,mbpp,7e37b4d7adf3e4eff0f4a92d49815db340578f965239b76023be36f64766f0ab,False,False,reverse,0.02,-2.73903226852417,-0.39846259355545044,False,True
2895,mbpp_482:1:0:1,real,mbpp,7e37b4d7adf3e4eff0f4a92d49815db340578f965239b76023be36f64766f0ab,False,False,reverse,0.05,-2.7219605445861816,-0.3970499634742737,False,True
2895,mbpp_482:1:0:1,real,mbpp,7e37b4d7adf3e4eff0f4a92d49815db340578f965239b76023be36f64766f0ab,False,False,reverse,0.1,-2.678550958633423,-0.40054649114608765,False,True
2895,mbpp_482:1:0:1,real,mbpp,7e37b4d7adf3e4eff0f4a92d49815db340578f965239b76023be36f64766f0ab,False,False,reverse,0.2,-2.6044750213623047,-0.4045392870903015,False,True
2895,mbpp_482:1:0:1,real,mbpp,7e37b4d7adf3e4eff0f4a92d49815db340578f965239b76023be36f64766f0ab,False,False,reverse,0.4,-2.4868507385253906,-0.42763733863830566,False,True
2895,mbpp_482:1:0:1,real,mbpp,7e37b4d7adf3e4eff0f4a92d49815db340578f965239b76023be36f64766f0ab,False,False,random,0.02,-2.7349491119384766,-0.3931260108947754,False,True
2895,mbpp_482:1:0:1,real,mbpp,7e37b4d7adf3e4eff0f4a92d49815db340578f965239b76023be36f64766f0ab,False,False,random,0.05,-2.7520973682403564,-0.3958987295627594,False,True
2895,mbpp_482:1:0:1,real,mbpp,7e37b4d7adf3e4eff0f4a92d49815db340578f965239b76023be36f64766f0ab,False,False,random,0.1,-2.7485849857330322,-0.3911926746368408,False,True
2895,mbpp_482:1:0:1,real,mbpp,7e37b4d7adf3e4eff0f4a92d49815db340578f965239b76023be36f64766f0ab,False,False,random,0.2,-2.773603916168213,-0.38592204451560974,False,True
2895,mbpp_482:1:0:1,real,mbpp,7e37b4d7adf3e4eff0f4a92d49815db340578f965239b76023be36f64766f0ab,False,False,random,0.4,-2.81150484085083,-0.37590962648391724,False,True
2895,mbpp_482:1:0:1,real,mbpp,7e37b4d7adf3e4eff0f4a92d49815db340578f965239b76023be36f64766f0ab,False,False,shuffled,0.02,-2.735853433609009,-0.39531227946281433,False,True
2895,mbpp_482:1:0:1,real,mbpp,7e37b4d7adf3e4eff0f4a92d49815db340578f965239b76023be36f64766f0ab,False,False,shuffled,0.05,-2.7381370067596436,-0.3952608108520508,False,True
2895,mbpp_482:1:0:1,real,mbpp,7e37b4d7adf3e4eff0f4a92d49815db340578f965239b76023be36f64766f0ab,False,False,shuffled,0.1,-2.7217838764190674,-0.39693671464920044,False,True
2895,mbpp_482:1:0:1,real,mbpp,7e37b4d7adf3e4eff0f4a92d49815db340578f965239b76023be36f64766f0ab,False,False,shuffled,0.2,-2.715459108352661,-0.39075028896331787,False,True
2895,mbpp_482:1:0:1,real,mbpp,7e37b4d7adf3e4eff0f4a92d49815db340578f965239b76023be36f64766f0ab,False,False,shuffled,0.4,-2.6841483116149902,-0.3890731930732727,False,True
2895,mbpp_482:1:0:1,real,mbpp,7e37b4d7adf3e4eff0f4a92d49815db340578f965239b76023be36f64766f0ab,False,False,wrong_site,0.02,-2.7378156185150146,-0.3971998691558838,False,True
2895,mbpp_482:1:0:1,real,mbpp,7e37b4d7adf3e4eff0f4a92d49815db340578f965239b76023be36f64766f0ab,False,False,wrong_site,0.05,-2.7489163875579834,-0.3926759958267212,False,True
2895,mbpp_482:1:0:1,real,mbpp,7e37b4d7adf3e4eff0f4a92d49815db340578f965239b76023be36f64766f0ab,False,False,wrong_site,0.1,-2.7488393783569336,-0.392622709274292,False,True
2895,mbpp_482:1:0:1,real,mbpp,7e37b4d7adf3e4eff0f4a92d49815db340578f965239b76023be36f64766f0ab,False,False,wrong_site,0.2,-2.7452352046966553,-0.38901692628860474,False,True
2895,mbpp_482:1:0:1,real,mbpp,7e37b4d7adf3e4eff0f4a92d49815db340578f965239b76023be36f64766f0ab,False,False,wrong_site,0.4,-2.7190520763397217,-0.39295971393585205,False,True
2895,mbpp_482:1:0:1,real,mbpp,7e37b4d7adf3e4eff0f4a92d49815db340578f965239b76023be36f64766f0ab,False,False,answer_site,0.02,-2.808229923248291,-0.3894640803337097,False,True
2895,mbpp_482:1:0:1,real,mbpp,7e37b4d7adf3e4eff0f4a92d49815db340578f965239b76023be36f64766f0ab,False,False,answer_site,0.05,-2.9152414798736572,-0.3870876133441925,False,True
2895,mbpp_482:1:0:1,real,mbpp,7e37b4d7adf3e4eff0f4a92d49815db340578f965239b76023be36f64766f0ab,False,False,answer_site,0.1,-3.064300775527954,-0.3955259919166565,False,True
2895,mbpp_482:1:0:1,real,mbpp,7e37b4d7adf3e4eff0f4a92d49815db340578f965239b76023be36f64766f0ab,False,False,answer_site,0.2,-3.40779709815979,-0.5505214333534241,False,True
2895,mbpp_482:1:0:1,real,mbpp,7e37b4d7adf3e4eff0f4a92d49815db340578f965239b76023be36f64766f0ab,False,False,answer_site,0.4,-3.891392707824707,-1.290502667427063,False,False
2895,mbpp_482:1:0:1,real,mbpp,7e37b4d7adf3e4eff0f4a92d49815db340578f965239b76023be36f64766f0ab,False,False,actuator_cond,0.02,-2.735342264175415,-0.39474087953567505,False,True
2895,mbpp_482:1:0:1,real,mbpp,7e37b4d7adf3e4eff0f4a92d49815db340578f965239b76023be36f64766f0ab,False,False,actuator_cond,0.05,-2.733485460281372,-0.3939981758594513,False,True
2895,mbpp_482:1:0:1,real,mbpp,7e37b4d7adf3e4eff0f4a92d49815db340578f965239b76023be36f64766f0ab,False,False,actuator_cond,0.1,-2.718891143798828,-0.3948991894721985,False,True
2895,mbpp_482:1:0:1,real,mbpp,7e37b4d7adf3e4eff0f4a92d49815db340578f965239b76023be36f64766f0ab,False,False,actuator_cond,0.2,-2.52980637550354,-0.41096124053001404,False,True
2895,mbpp_482:1:0:1,real,mbpp,7e37b4d7adf3e4eff0f4a92d49815db340578f965239b76023be36f64766f0ab,False,False,actuator_cond,0.4,-1.6201378107070923,-0.6085242033004761,False,True
2895,mbpp_482:1:0:1,real,mbpp,7e37b4d7adf3e4eff0f4a92d49815db340578f965239b76023be36f64766f0ab,False,False,actuator_answer,0.02,-2.79264760017395,-0.39053839445114136,False,True
2895,mbpp_482:1:0:1,real,mbpp,7e37b4d7adf3e4eff0f4a92d49815db340578f965239b76023be36f64766f0ab,False,False,actuator_answer,0.05,-2.8509693145751953,-0.3861222267150879,False,True
2895,mbpp_482:1:0:1,real,mbpp,7e37b4d7adf3e4eff0f4a92d49815db340578f965239b76023be36f64766f0ab,False,False,actuator_answer,0.1,-2.9554946422576904,-0.38535159826278687,False,True
2895,mbpp_482:1:0:1,real,mbpp,7e37b4d7adf3e4eff0f4a92d49815db340578f965239b76023be36f64766f0ab,False,False,actuator_answer,0.2,-3.1753859519958496,-0.4195657968521118,False,True
2895,mbpp_482:1:0:1,real,mbpp,7e37b4d7adf3e4eff0f4a92d49815db340578f965239b76023be36f64766f0ab,False,False,actuator_answer,0.4,-2.228403329849243,-0.4548643231391907,False,True
2896,mbpp_482:1:0:2,real,mbpp,7e37b4d7adf3e4eff0f4a92d49815db340578f965239b76023be36f64766f0ab,False,False,baseline,0.0,-2.798309326171875,-0.39169609546661377,False,True
2896,mbpp_482:1:0:2,real,mbpp,7e37b4d7adf3e4eff0f4a92d49815db340578f965239b76023be36f64766f0ab,False,False,semantic,0.02,-2.8099753856658936,-0.3865637183189392,False,True
2896,mbpp_482:1:0:2,real,mbpp,7e37b4d7adf3e4eff0f4a92d49815db340578f965239b76023be36f64766f0ab,False,False,semantic,0.05,-2.8397035598754883,-0.38389724493026733,False,True
2896,mbpp_482:1:0:2,real,mbpp,7e37b4d7adf3e4eff0f4a92d49815db340578f965239b76023be36f64766f0ab,False,False,semantic,0.1,-2.830831527709961,-0.3762405514717102,False,True
2896,mbpp_482:1:0:2,real,mbpp,7e37b4d7adf3e4eff0f4a92d49815db340578f965239b76023be36f64766f0ab,False,False,semantic,0.2,-2.807793378829956,-0.3665585219860077,False,True
2896,mbpp_482:1:0:2,real,mbpp,7e37b4d7adf3e4eff0f4a92d49815db340578f965239b76023be36f64766f0ab,False,False,semantic,0.4,-2.695991039276123,-0.36880478262901306,False,True
2896,mbpp_482:1:0:2,real,mbpp,7e37b4d7adf3e4eff0f4a92d49815db340578f965239b76023be36f64766f0ab,False,False,reverse,0.02,-2.7856311798095703,-0.3934251666069031,False,True
2896,mbpp_482:1:0:2,real,mbpp,7e37b4d7adf3e4eff0f4a92d49815db340578f965239b76023be36f64766f0ab,False,False,reverse,0.05,-2.782660484313965,-0.391665518283844,False,True
2896,mbpp_482:1:0:2,real,mbpp,7e37b4d7adf3e4eff0f4a92d49815db340578f965239b76023be36f64766f0ab,False,False,reverse,0.1,-2.7545814514160156,-0.3959915339946747,False,True
2896,mbpp_482:1:0:2,real,mbpp,7e37b4d7adf3e4eff0f4a92d49815db340578f965239b76023be36f64766f0ab,False,False,reverse,0.2,-2.6808078289031982,-0.3991190791130066,False,True
2896,mbpp_482:1:0:2,real,mbpp,7e37b4d7adf3e4eff0f4a92d49815db340578f965239b76023be36f64766f0ab,False,False,reverse,0.4,-2.5605039596557617,-0.4169219732284546,False,True
2896,mbpp_482:1:0:2,real,mbpp,7e37b4d7adf3e4eff0f4a92d49815db340578f965239b76023be36f64766f0ab,False,False,random,0.02,-2.810016632080078,-0.3877128064632416,False,True
2896,mbpp_482:1:0:2,real,mbpp,7e37b4d7adf3e4eff0f4a92d49815db340578f965239b76023be36f64766f0ab,False,False,random,0.05,-2.8098995685577393,-0.3864649534225464,False,True
2896,mbpp_482:1:0:2,real,mbpp,7e37b4d7adf3e4eff0f4a92d49815db340578f965239b76023be36f64766f0ab,False,False,random,0.1,-2.8098318576812744,-0.3863864541053772,False,True
2896,mbpp_482:1:0:2,real,mbpp,7e37b4d7adf3e4eff0f4a92d49815db340578f965239b76023be36f64766f0ab,False,False,random,0.2,-2.8061585426330566,-0.38156527280807495,False,True
2896,mbpp_482:1:0:2,real,mbpp,7e37b4d7adf3e4eff0f4a92d49815db340578f965239b76023be36f64766f0ab,False,False,random,0.4,-2.785547971725464,-0.3764079511165619,False,True
2896,mbpp_482:1:0:2,real,mbpp,7e37b4d7adf3e4eff0f4a92d49815db340578f965239b76023be36f64766f0ab,False,False,shuffled,0.02,-2.8111257553100586,-0.38768285512924194,False,True
2896,mbpp_482:1:0:2,real,mbpp,7e37b4d7adf3e4eff0f4a92d49815db340578f965239b76023be36f64766f0ab,False,False,shuffled,0.05,-2.800795078277588,-0.3930474817752838,False,True
2896,mbpp_482:1:0:2,real,mbpp,7e37b4d7adf3e4eff0f4a92d49815db340578f965239b76023be36f64766f0ab,False,False,shuffled,0.1,-2.783170461654663,-0.38980603218078613,False,True
2896,mbpp_482:1:0:2,real,mbpp,7e37b4d7adf3e4eff0f4a92d49815db340578f965239b76023be36f64766f0ab,False,False,shuffled,0.2,-2.7796897888183594,-0.3874240219593048,False,True
2896,mbpp_482:1:0:2,real,mbpp,7e37b4d7adf3e4eff0f4a92d49815db340578f965239b76023be36f64766f0ab,False,False,shuffled,0.4,-2.7476158142089844,-0.3850400447845459,False,True
2896,mbpp_482:1:0:2,real,mbpp,7e37b4d7adf3e4eff0f4a92d49815db340578f965239b76023be36f64766f0ab,False,False,wrong_site,0.02,-2.8141937255859375,-0.3907729983329773,False,True
2896,mbpp_482:1:0:2,real,mbpp,7e37b4d7adf3e4eff0f4a92d49815db340578f965239b76023be36f64766f0ab,False,False,wrong_site,0.05,-2.8254079818725586,-0.3863622844219208,False,True
2896,mbpp_482:1:0:2,real,mbpp,7e37b4d7adf3e4eff0f4a92d49815db340578f965239b76023be36f64766f0ab,False,False,wrong_site,0.1,-2.810192346572876,-0.3868502378463745,False,True
2896,mbpp_482:1:0:2,real,mbpp,7e37b4d7adf3e4eff0f4a92d49815db340578f965239b76023be36f64766f0ab,False,False,wrong_site,0.2,-2.8071980476379395,-0.38384944200515747,False,True
2896,mbpp_482:1:0:2,real,mbpp,7e37b4d7adf3e4eff0f4a92d49815db340578f965239b76023be36f64766f0ab,False,False,wrong_site,0.4,-2.791658639907837,-0.38397011160850525,False,True
2896,mbpp_482:1:0:2,real,mbpp,7e37b4d7adf3e4eff0f4a92d49815db340578f965239b76023be36f64766f0ab,False,False,answer_site,0.02,-2.8698532581329346,-0.3850916028022766,False,True
2896,mbpp_482:1:0:2,real,mbpp,7e37b4d7adf3e4eff0f4a92d49815db340578f965239b76023be36f64766f0ab,False,False,answer_site,0.05,-2.9626851081848145,-0.3841454088687897,False,True
2896,mbpp_482:1:0:2,real,mbpp,7e37b4d7adf3e4eff0f4a92d49815db340578f965239b76023be36f64766f0ab,False,False,answer_site,0.1,-3.1114017963409424,-0.39339637756347656,False,True
2896,mbpp_482:1:0:2,real,mbpp,7e37b4d7adf3e4eff0f4a92d49815db340578f965239b76023be36f64766f0ab,False,False,answer_site,0.2,-3.4158458709716797,-0.5403317213058472,False,True
2896,mbpp_482:1:0:2,real,mbpp,7e37b4d7adf3e4eff0f4a92d49815db340578f965239b76023be36f64766f0ab,False,False,answer_site,0.4,-3.95031476020813,-1.268338680267334,False,False
2896,mbpp_482:1:0:2,real,mbpp,7e37b4d7adf3e4eff0f4a92d49815db340578f965239b76023be36f64766f0ab,False,False,actuator_cond,0.02,-2.8142147064208984,-0.3896283507347107,False,True
2896,mbpp_482:1:0:2,real,mbpp,7e37b4d7adf3e4eff0f4a92d49815db340578f965239b76023be36f64766f0ab,False,False,actuator_cond,0.05,-2.7955570220947266,-0.38776957988739014,False,True
2896,mbpp_482:1:0:2,real,mbpp,7e37b4d7adf3e4eff0f4a92d49815db340578f965239b76023be36f64766f0ab,False,False,actuator_cond,0.1,-2.7776148319244385,-0.386574387550354,False,True
2896,mbpp_482:1:0:2,real,mbpp,7e37b4d7adf3e4eff0f4a92d49815db340578f965239b76023be36f64766f0ab,False,False,actuator_cond,0.2,-2.5758540630340576,-0.4056708812713623,False,True
2896,mbpp_482:1:0:2,real,mbpp,7e37b4d7adf3e4eff0f4a92d49815db340578f965239b76023be36f64766f0ab,False,False,actuator_cond,0.4,-1.7197426557540894,-0.5789337158203125,False,True
2896,mbpp_482:1:0:2,real,mbpp,7e37b4d7adf3e4eff0f4a92d49815db340578f965239b76023be36f64766f0ab,False,False,actuator_answer,0.02,-2.8536477088928223,-0.38444551825523376,False,True
2896,mbpp_482:1:0:2,real,mbpp,7e37b4d7adf3e4eff0f4a92d49815db340578f965239b76023be36f64766f0ab,False,False,actuator_answer,0.05,-2.9005768299102783,-0.38783976435661316,False,True
2896,mbpp_482:1:0:2,real,mbpp,7e37b4d7adf3e4eff0f4a92d49815db340578f965239b76023be36f64766f0ab,False,False,actuator_answer,0.1,-3.005622386932373,-0.38559725880622864,False,True
2896,mbpp_482:1:0:2,real,mbpp,7e37b4d7adf3e4eff0f4a92d49815db340578f965239b76023be36f64766f0ab,False,False,actuator_answer,0.2,-3.1891043186187744,-0.4160599112510681,False,True
2896,mbpp_482:1:0:2,real,mbpp,7e37b4d7adf3e4eff0f4a92d49815db340578f965239b76023be36f64766f0ab,False,False,actuator_answer,0.4,-2.2752890586853027,-0.43848276138305664,False,True
2897,mbpp_489:0:1:0,real,mbpp,4982373d1a90faa5a58d9db0cb28546ce8f096d90d7c341ee422731f0eeb0b30,True,False,baseline,0.0,-0.06896435469388962,-3.0845892429351807,True,False
2897,mbpp_489:0:1:0,real,mbpp,4982373d1a90faa5a58d9db0cb28546ce8f096d90d7c341ee422731f0eeb0b30,True,False,semantic,0.02,-0.06923758238554001,-3.084862470626831,True,False
2897,mbpp_489:0:1:0,real,mbpp,4982373d1a90faa5a58d9db0cb28546ce8f096d90d7c341ee422731f0eeb0b30,True,False,semantic,0.05,-0.07076578587293625,-3.055140733718872,True,False
2897,mbpp_489:0:1:0,real,mbpp,4982373d1a90faa5a58d9db0cb28546ce8f096d90d7c341ee422731f0eeb0b30,True,False,semantic,0.1,-0.07267560809850693,-3.0258007049560547,True,False
2897,mbpp_489:0:1:0,real,mbpp,4982373d1a90faa5a58d9db0cb28546ce8f096d90d7c341ee422731f0eeb0b30,True,False,semantic,0.2,-0.07735560834407806,-2.9523556232452393,True,False
2897,mbpp_489:0:1:0,real,mbpp,4982373d1a90faa5a58d9db0cb28546ce8f096d90d7c341ee422731f0eeb0b30,True,False,semantic,0.4,-0.09336411207914352,-2.7496140003204346,True,False
2897,mbpp_489:0:1:0,real,mbpp,4982373d1a90faa5a58d9db0cb28546ce8f096d90d7c341ee422731f0eeb0b30,True,False,reverse,0.02,-0.06723290681838989,-3.114107847213745,True,False
2897,mbpp_489:0:1:0,real,mbpp,4982373d1a90faa5a58d9db0cb28546ce8f096d90d7c341ee422731f0eeb0b30,True,False,reverse,0.05,-0.06723357737064362,-3.1141085624694824,True,False
2897,mbpp_489:0:1:0,real,mbpp,4982373d1a90faa5a58d9db0cb28546ce8f096d90d7c341ee422731f0eeb0b30,True,False,reverse,0.1,-0.06548282504081726,-3.1436078548431396,True,False
2897,mbpp_489:0:1:0,real,mbpp,4982373d1a90faa5a58d9db0cb28546ce8f096d90d7c341ee422731f0eeb0b30,True,False,reverse,0.2,-0.06350483000278473,-3.172879934310913,True,False
2897,mbpp_489:0:1:0,real,mbpp,4982373d1a90faa5a58d9db0cb28546ce8f096d90d7c341ee422731f0eeb0b30,True,False,reverse,0.4,-0.06266127526760101,-3.1876611709594727,True,False
2897,mbpp_489:0:1:0,real,mbpp,4982373d1a90faa5a58d9db0cb28546ce8f096d90d7c341ee422731f0eeb0b30,True,False,random,0.02,-0.06820345669984818,-3.0994534492492676,True,False
2897,mbpp_489:0:1:0,real,mbpp,4982373d1a90faa5a58d9db0cb28546ce8f096d90d7c341ee422731f0eeb0b30,True,False,random,0.05,-0.06820300966501236,-3.0994529724121094,True,False
2897,mbpp_489:0:1:0,real,mbpp,4982373d1a90faa5a58d9db0cb28546ce8f096d90d7c341ee422731f0eeb0b30,True,False,random,0.1,-0.06718119233846664,-3.11405611038208,True,False
2897,mbpp_489:0:1:0,real,mbpp,4982373d1a90faa5a58d9db0cb28546ce8f096d90d7c341ee422731f0eeb0b30,True,False,random,0.2,-0.06647627055644989,-3.128976345062256,True,False
2897,mbpp_489:0:1:0,real,mbpp,4982373d1a90faa5a58d9db0cb28546ce8f096d90d7c341ee422731f0eeb0b30,True,False,random,0.4,-0.06736920773983002,-3.114244222640991,True,False
2897,mbpp_489:0:1:0,real,mbpp,4982373d1a90faa5a58d9db0cb28546ce8f096d90d7c341ee422731f0eeb0b30,True,False,shuffled,0.02,-0.06820334494113922,-3.0994534492492676,True,False
2897,mbpp_489:0:1:0,real,mbpp,4982373d1a90faa5a58d9db0cb28546ce8f096d90d7c341ee422731f0eeb0b30,True,False,shuffled,0.05,-0.06898894160985947,-3.0846140384674072,True,False
2897,mbpp_489:0:1:0,real,mbpp,4982373d1a90faa5a58d9db0cb28546ce8f096d90d7c341ee422731f0eeb0b30,True,False,shuffled,0.1,-0.07043975591659546,-3.0548148155212402,True,False
2897,mbpp_489:0:1:0,real,mbpp,4982373d1a90faa5a58d9db0cb28546ce8f096d90d7c341ee422731f0eeb0b30,True,False,shuffled,0.2,-0.0723390057682991,-3.0254640579223633,True,False
2897,mbpp_489:0:1:0,real,mbpp,4982373d1a90faa5a58d9db0cb28546ce8f096d90d7c341ee422731f0eeb0b30,True,False,shuffled,0.4,-0.09880094230175018,-2.7238008975982666,True,False
2897,mbpp_489:0:1:0,real,mbpp,4982373d1a90faa5a58d9db0cb28546ce8f096d90d7c341ee422731f0eeb0b30,True,False,wrong_site,0.02,-0.06826470047235489,-3.0995147228240967,True,False
2897,mbpp_489:0:1:0,real,mbpp,4982373d1a90faa5a58d9db0cb28546ce8f096d90d7c341ee422731f0eeb0b30,True,False,wrong_site,0.05,-0.068990059196949,-3.0846149921417236,True,False
2897,mbpp_489:0:1:0,real,mbpp,4982373d1a90faa5a58d9db0cb28546ce8f096d90d7c341ee422731f0eeb0b30,True,False,wrong_site,0.1,-0.06827861815690994,-3.0995285511016846,True,False
2897,mbpp_489:0:1:0,real,mbpp,4982373d1a90faa5a58d9db0cb28546ce8f096d90d7c341ee422731f0eeb0b30,True,False,wrong_site,0.2,-0.0682787299156189,-3.0995287895202637,True,False
2897,mbpp_489:0:1:0,real,mbpp,4982373d1a90faa5a58d9db0cb28546ce8f096d90d7c341ee422731f0eeb0b30,True,False,wrong_site,0.4,-0.0695723444223404,-3.0851974487304688,True,False
2897,mbpp_489:0:1:0,real,mbpp,4982373d1a90faa5a58d9db0cb28546ce8f096d90d7c341ee422731f0eeb0b30,True,False,answer_site,0.02,-0.09433980286121368,-2.6880898475646973,True,False
2897,mbpp_489:0:1:0,real,mbpp,4982373d1a90faa5a58d9db0cb28546ce8f096d90d7c341ee422731f0eeb0b30,True,False,answer_site,0.05,-0.1895817518234253,-1.9239567518234253,True,False
2897,mbpp_489:0:1:0,real,mbpp,4982373d1a90faa5a58d9db0cb28546ce8f096d90d7c341ee422731f0eeb0b30,True,False,answer_site,0.1,-0.724025309085846,-0.739650309085846,True,False
2897,mbpp_489:0:1:0,real,mbpp,4982373d1a90faa5a58d9db0cb28546ce8f096d90d7c341ee422731f0eeb0b30,True,False,answer_site,0.2,-2.2091290950775146,-0.16225406527519226,False,True
2897,mbpp_489:0:1:0,real,mbpp,4982373d1a90faa5a58d9db0cb28546ce8f096d90d7c341ee422731f0eeb0b30,True,False,answer_site,0.4,-1.6657168865203857,-0.4469669461250305,False,True
2897,mbpp_489:0:1:0,real,mbpp,4982373d1a90faa5a58d9db0cb28546ce8f096d90d7c341ee422731f0eeb0b30,True,False,actuator_cond,0.02,-0.06826458871364594,-3.0995144844055176,True,False
2897,mbpp_489:0:1:0,real,mbpp,4982373d1a90faa5a58d9db0cb28546ce8f096d90d7c341ee422731f0eeb0b30,True,False,actuator_cond,0.05,-0.06963639706373215,-3.085261344909668,True,False
2897,mbpp_489:0:1:0,real,mbpp,4982373d1a90faa5a58d9db0cb28546ce8f096d90d7c341ee422731f0eeb0b30,True,False,actuator_cond,0.1,-0.0729220062494278,-3.0416719913482666,True,False
2897,mbpp_489:0:1:0,real,mbpp,4982373d1a90faa5a58d9db0cb28546ce8f096d90d7c341ee422731f0eeb0b30,True,False,actuator_cond,0.2,-0.09830966591835022,-2.7858097553253174,True,False
2897,mbpp_489:0:1:0,real,mbpp,4982373d1a90faa5a58d9db0cb28546ce8f096d90d7c341ee422731f0eeb0b30,True,False,actuator_cond,0.4,-0.09574998915195465,-2.814500093460083,True,False
2897,mbpp_489:0:1:0,real,mbpp,4982373d1a90faa5a58d9db0cb28546ce8f096d90d7c341ee422731f0eeb0b30,True,False,actuator_answer,0.02,-0.10007511079311371,-2.6157000064849854,True,False
2897,mbpp_489:0:1:0,real,mbpp,4982373d1a90faa5a58d9db0cb28546ce8f096d90d7c341ee422731f0eeb0b30,True,False,actuator_answer,0.05,-0.2287883162498474,-1.7444133758544922,True,False
2897,mbpp_489:0:1:0,real,mbpp,4982373d1a90faa5a58d9db0cb28546ce8f096d90d7c341ee422731f0eeb0b30,True,False,actuator_answer,0.1,-0.8851513266563416,-0.6351513266563416,False,True
2897,mbpp_489:0:1:0,real,mbpp,4982373d1a90faa5a58d9db0cb28546ce8f096d90d7c341ee422731f0eeb0b30,True,False,actuator_answer,0.2,-2.13218092918396,-0.19468101859092712,False,True
2897,mbpp_489:0:1:0,real,mbpp,4982373d1a90faa5a58d9db0cb28546ce8f096d90d7c341ee422731f0eeb0b30,True,False,actuator_answer,0.4,-0.4679645895957947,-0.9992145895957947,True,False
2898,mbpp_489:0:1:1,real,mbpp,4982373d1a90faa5a58d9db0cb28546ce8f096d90d7c341ee422731f0eeb0b30,False,False,baseline,0.0,-0.8707417845726013,-0.6832417845726013,False,True
2898,mbpp_489:0:1:1,real,mbpp,4982373d1a90faa5a58d9db0cb28546ce8f096d90d7c341ee422731f0eeb0b30,False,False,semantic,0.02,-0.8868874311447144,-0.6681374311447144,False,True
2898,mbpp_489:0:1:1,real,mbpp,4982373d1a90faa5a58d9db0cb28546ce8f096d90d7c341ee422731f0eeb0b30,False,False,semantic,0.05,-0.8865580558776855,-0.6678080558776855,False,True
2898,mbpp_489:0:1:1,real,mbpp,4982373d1a90faa5a58d9db0cb28546ce8f096d90d7c341ee422731f0eeb0b30,False,False,semantic,0.1,-0.8853989839553833,-0.6666489839553833,False,True
2898,mbpp_489:0:1:1,real,mbpp,4982373d1a90faa5a58d9db0cb28546ce8f096d90d7c341ee422731f0eeb0b30,False,False,semantic,0.2,-0.8826698660850525,-0.6639198660850525,False,True
2898,mbpp_489:0:1:1,real,mbpp,4982373d1a90faa5a58d9db0cb28546ce8f096d90d7c341ee422731f0eeb0b30,False,False,semantic,0.4,-0.8967130184173584,-0.6467130184173584,False,True
2898,mbpp_489:0:1:1,real,mbpp,4982373d1a90faa5a58d9db0cb28546ce8f096d90d7c341ee422731f0eeb0b30,False,False,reverse,0.02,-0.8707626461982727,-0.6832626461982727,False,True
2898,mbpp_489:0:1:1,real,mbpp,4982373d1a90faa5a58d9db0cb28546ce8f096d90d7c341ee422731f0eeb0b30,False,False,reverse,0.05,-0.8710774779319763,-0.6835774779319763,False,True
2898,mbpp_489:0:1:1,real,mbpp,4982373d1a90faa5a58d9db0cb28546ce8f096d90d7c341ee422731f0eeb0b30,False,False,reverse,0.1,-0.8546625971794128,-0.6984125971794128,False,True
2898,mbpp_489:0:1:1,real,mbpp,4982373d1a90faa5a58d9db0cb28546ce8f096d90d7c341ee422731f0eeb0b30,False,False,reverse,0.2,-0.8135167956352234,-0.7353917956352234,False,True
2898,mbpp_489:0:1:1,real,mbpp,4982373d1a90faa5a58d9db0cb28546ce8f096d90d7c341ee422731f0eeb0b30,False,False,reverse,0.4,-0.75376296043396,-0.80063796043396,True,False
2898,mbpp_489:0:1:1,real,mbpp,4982373d1a90faa5a58d9db0cb28546ce8f096d90d7c341ee422731f0eeb0b30,False,False,random,0.02,-0.8707628846168518,-0.6832628846168518,False,True
2898,mbpp_489:0:1:1,real,mbpp,4982373d1a90faa5a58d9db0cb28546ce8f096d90d7c341ee422731f0eeb0b30,False,False,random,0.05,-0.8789076209068298,-0.6757826209068298,False,True
2898,mbpp_489:0:1:1,real,mbpp,4982373d1a90faa5a58d9db0cb28546ce8f096d90d7c341ee422731f0eeb0b30,False,False,random,0.1,-0.870739758014679,-0.683239758014679,False,True
2898,mbpp_489:0:1:1,real,mbpp,4982373d1a90faa5a58d9db0cb28546ce8f096d90d7c341ee422731f0eeb0b30,False,False,random,0.2,-0.8707417845726013,-0.6832417845726013,False,True
2898,mbpp_489:0:1:1,real,mbpp,4982373d1a90faa5a58d9db0cb28546ce8f096d90d7c341ee422731f0eeb0b30,False,False,random,0.4,-0.8624476194381714,-0.6905726194381714,False,True
2898,mbpp_489:0:1:1,real,mbpp,4982373d1a90faa5a58d9db0cb28546ce8f096d90d7c341ee422731f0eeb0b30,False,False,shuffled,0.02,-0.8786855936050415,-0.6755605936050415,False,True
2898,mbpp_489:0:1:1,real,mbpp,4982373d1a90faa5a58d9db0cb28546ce8f096d90d7c341ee422731f0eeb0b30,False,False,shuffled,0.05,-0.8877787590026855,-0.6690287590026855,False,True
2898,mbpp_489:0:1:1,real,mbpp,4982373d1a90faa5a58d9db0cb28546ce8f096d90d7c341ee422731f0eeb0b30,False,False,shuffled,0.1,-0.8887603878974915,-0.6700103878974915,False,True
2898,mbpp_489:0:1:1,real,mbpp,4982373d1a90faa5a58d9db0cb28546ce8f096d90d7c341ee422731f0eeb0b30,False,False,shuffled,0.2,-0.8977007865905762,-0.6633257865905762,False,True
2898,mbpp_489:0:1:1,real,mbpp,4982373d1a90faa5a58d9db0cb28546ce8f096d90d7c341ee422731f0eeb0b30,False,False,shuffled,0.4,-0.8976147770881653,-0.6632397770881653,False,True
2898,mbpp_489:0:1:1,real,mbpp,4982373d1a90faa5a58d9db0cb28546ce8f096d90d7c341ee422731f0eeb0b30,False,False,wrong_site,0.02,-0.8706942796707153,-0.6831942796707153,False,True
2898,mbpp_489:0:1:1,real,mbpp,4982373d1a90faa5a58d9db0cb28546ce8f096d90d7c341ee422731f0eeb0b30,False,False,wrong_site,0.05,-0.8786597847938538,-0.6755347847938538,False,True
2898,mbpp_489:0:1:1,real,mbpp,4982373d1a90faa5a58d9db0cb28546ce8f096d90d7c341ee422731f0eeb0b30,False,False,wrong_site,0.1,-0.878659725189209,-0.675534725189209,False,True
2898,mbpp_489:0:1:1,real,mbpp,4982373d1a90faa5a58d9db0cb28546ce8f096d90d7c341ee422731f0eeb0b30,False,False,wrong_site,0.2,-0.8786301612854004,-0.6755051612854004,False,True
2898,mbpp_489:0:1:1,real,mbpp,4982373d1a90faa5a58d9db0cb28546ce8f096d90d7c341ee422731f0eeb0b30,False,False,wrong_site,0.4,-0.8692531585693359,-0.6817531585693359,False,True
2898,mbpp_489:0:1:1,real,mbpp,4982373d1a90faa5a58d9db0cb28546ce8f096d90d7c341ee422731f0eeb0b30,False,False,answer_site,0.02,-1.1382977962493896,-0.5132977962493896,False,True
2898,mbpp_489:0:1:1,real,mbpp,4982373d1a90faa5a58d9db0cb28546ce8f096d90d7c341ee422731f0eeb0b30,False,False,answer_site,0.05,-1.5944781303405762,-0.3444781005382538,False,True
2898,mbpp_489:0:1:1,real,mbpp,4982373d1a90faa5a58d9db0cb28546ce8f096d90d7c341ee422731f0eeb0b30,False,False,answer_site,0.1,-2.3466198444366455,-0.23724491894245148,False,True
2898,mbpp_489:0:1:1,real,mbpp,4982373d1a90faa5a58d9db0cb28546ce8f096d90d7c341ee422731f0eeb0b30,False,False,answer_site,0.2,-3.4927639961242676,-0.9615141153335571,False,False
2898,mbpp_489:0:1:1,real,mbpp,4982373d1a90faa5a58d9db0cb28546ce8f096d90d7c341ee422731f0eeb0b30,False,False,answer_site,0.4,-3.657121181488037,-2.125871181488037,False,False
2898,mbpp_489:0:1:1,real,mbpp,4982373d1a90faa5a58d9db0cb28546ce8f096d90d7c341ee422731f0eeb0b30,False,False,actuator_cond,0.02,-0.8695574402809143,-0.6820574402809143,False,True
2898,mbpp_489:0:1:1,real,mbpp,4982373d1a90faa5a58d9db0cb28546ce8f096d90d7c341ee422731f0eeb0b30,False,False,actuator_cond,0.05,-0.8695542812347412,-0.6820542812347412,False,True
2898,mbpp_489:0:1:1,real,mbpp,4982373d1a90faa5a58d9db0cb28546ce8f096d90d7c341ee422731f0eeb0b30,False,False,actuator_cond,0.1,-0.8602480888366699,-0.6883730888366699,False,True
2898,mbpp_489:0:1:1,real,mbpp,4982373d1a90faa5a58d9db0cb28546ce8f096d90d7c341ee422731f0eeb0b30,False,False,actuator_cond,0.2,-0.8127384185791016,-0.7502384185791016,False,True
2898,mbpp_489:0:1:1,real,mbpp,4982373d1a90faa5a58d9db0cb28546ce8f096d90d7c341ee422731f0eeb0b30,False,False,actuator_cond,0.4,-0.6363920569419861,-0.9176420569419861,True,False
2898,mbpp_489:0:1:1,real,mbpp,4982373d1a90faa5a58d9db0cb28546ce8f096d90d7c341ee422731f0eeb0b30,False,False,actuator_answer,0.02,-1.155799150466919,-0.4995492100715637,False,True
2898,mbpp_489:0:1:1,real,mbpp,4982373d1a90faa5a58d9db0cb28546ce8f096d90d7c341ee422731f0eeb0b30,False,False,actuator_answer,0.05,-1.722581386566162,-0.3007063865661621,False,True
2898,mbpp_489:0:1:1,real,mbpp,4982373d1a90faa5a58d9db0cb28546ce8f096d90d7c341ee422731f0eeb0b30,False,False,actuator_answer,0.1,-2.8136045932769775,-0.17297957837581635,False,True
2898,mbpp_489:0:1:1,real,mbpp,4982373d1a90faa5a58d9db0cb28546ce8f096d90d7c341ee422731f0eeb0b30,False,False,actuator_answer,0.2,-4.304003715515137,-0.22587895393371582,False,True
2898,mbpp_489:0:1:1,real,mbpp,4982373d1a90faa5a58d9db0cb28546ce8f096d90d7c341ee422731f0eeb0b30,False,False,actuator_answer,0.4,-5.151331901550293,-0.07320700585842133,False,True
2899,mbpp_489:0:1:2,real,mbpp,4982373d1a90faa5a58d9db0cb28546ce8f096d90d7c341ee422731f0eeb0b30,False,True,baseline,0.0,-0.7584443092346191,-0.8365693092346191,True,False
2899,mbpp_489:0:1:2,real,mbpp,4982373d1a90faa5a58d9db0cb28546ce8f096d90d7c341ee422731f0eeb0b30,False,True,semantic,0.02,-0.7665380835533142,-0.8290380835533142,True,False
2899,mbpp_489:0:1:2,real,mbpp,4982373d1a90faa5a58d9db0cb28546ce8f096d90d7c341ee422731f0eeb0b30,False,True,semantic,0.05,-0.7735465168952942,-0.8204215168952942,True,False
2899,mbpp_489:0:1:2,real,mbpp,4982373d1a90faa5a58d9db0cb28546ce8f096d90d7c341ee422731f0eeb0b30,False,True,semantic,0.1,-0.7817448973655701,-0.8129948973655701,True,False
2899,mbpp_489:0:1:2,real,mbpp,4982373d1a90faa5a58d9db0cb28546ce8f096d90d7c341ee422731f0eeb0b30,False,True,semantic,0.2,-0.795258641242981,-0.795258641242981,True,False
2899,mbpp_489:0:1:2,real,mbpp,4982373d1a90faa5a58d9db0cb28546ce8f096d90d7c341ee422731f0eeb0b30,False,True,semantic,0.4,-0.8332721590995789,-0.7551471590995789,False,True
2899,mbpp_489:0:1:2,real,mbpp,4982373d1a90faa5a58d9db0cb28546ce8f096d90d7c341ee422731f0eeb0b30,False,True,reverse,0.02,-0.7586504220962524,-0.8367754220962524,True,False
2899,mbpp_489:0:1:2,real,mbpp,4982373d1a90faa5a58d9db0cb28546ce8f096d90d7c341ee422731f0eeb0b30,False,True,reverse,0.05,-0.7517222166061401,-0.8454722166061401,True,False
2899,mbpp_489:0:1:2,real,mbpp,4982373d1a90faa5a58d9db0cb28546ce8f096d90d7c341ee422731f0eeb0b30,False,True,reverse,0.1,-0.7356239557266235,-0.8606239557266235,True,False
2899,mbpp_489:0:1:2,real,mbpp,4982373d1a90faa5a58d9db0cb28546ce8f096d90d7c341ee422731f0eeb0b30,False,True,reverse,0.2,-0.7059171199798584,-0.8934171199798584,True,False
2899,mbpp_489:0:1:2,real,mbpp,4982373d1a90faa5a58d9db0cb28546ce8f096d90d7c341ee422731f0eeb0b30,False,True,reverse,0.4,-0.6638029217720032,-0.9450529217720032,True,False
2899,mbpp_489:0:1:2,real,mbpp,4982373d1a90faa5a58d9db0cb28546ce8f096d90d7c341ee422731f0eeb0b30,False,True,random,0.02,-0.7667182087898254,-0.8292182087898254,True,False
2899,mbpp_489:0:1:2,real,mbpp,4982373d1a90faa5a58d9db0cb28546ce8f096d90d7c341ee422731f0eeb0b30,False,True,random,0.05,-0.7667136788368225,-0.8292136788368225,True,False
2899,mbpp_489:0:1:2,real,mbpp,4982373d1a90faa5a58d9db0cb28546ce8f096d90d7c341ee422731f0eeb0b30,False,True,random,0.1,-0.7667197585105896,-0.8292197585105896,True,False
2899,mbpp_489:0:1:2,real,mbpp,4982373d1a90faa5a58d9db0cb28546ce8f096d90d7c341ee422731f0eeb0b30,False,True,random,0.2,-0.7748688459396362,-0.8217438459396362,True,False
2899,mbpp_489:0:1:2,real,mbpp,4982373d1a90faa5a58d9db0cb28546ce8f096d90d7c341ee422731f0eeb0b30,False,True,random,0.4,-0.7849224209785461,-0.8161724209785461,True,False
2899,mbpp_489:0:1:2,real,mbpp,4982373d1a90faa5a58d9db0cb28546ce8f096d90d7c341ee422731f0eeb0b30,False,True,shuffled,0.02,-0.7584101557731628,-0.8365351557731628,True,False
2899,mbpp_489:0:1:2,real,mbpp,4982373d1a90faa5a58d9db0cb28546ce8f096d90d7c341ee422731f0eeb0b30,False,True,shuffled,0.05,-0.7667436599731445,-0.8292436599731445,True,False
2899,mbpp_489:0:1:2,real,mbpp,4982373d1a90faa5a58d9db0cb28546ce8f096d90d7c341ee422731f0eeb0b30,False,True,shuffled,0.1,-0.7746875286102295,-0.8215625286102295,True,False
2899,mbpp_489:0:1:2,real,mbpp,4982373d1a90faa5a58d9db0cb28546ce8f096d90d7c341ee422731f0eeb0b30,False,True,shuffled,0.2,-0.7663222551345825,-0.8288222551345825,True,False
2899,mbpp_489:0:1:2,real,mbpp,4982373d1a90faa5a58d9db0cb28546ce8f096d90d7c341ee422731f0eeb0b30,False,True,shuffled,0.4,-0.7665870785713196,-0.8290870785713196,True,False
2899,mbpp_489:0:1:2,real,mbpp,4982373d1a90faa5a58d9db0cb28546ce8f096d90d7c341ee422731f0eeb0b30,False,True,wrong_site,0.02,-0.7652429938316345,-0.8277429938316345,True,False
2899,mbpp_489:0:1:2,real,mbpp,4982373d1a90faa5a58d9db0cb28546ce8f096d90d7c341ee422731f0eeb0b30,False,True,wrong_site,0.05,-0.7584104537963867,-0.8365354537963867,True,False
2899,mbpp_489:0:1:2,real,mbpp,4982373d1a90faa5a58d9db0cb28546ce8f096d90d7c341ee422731f0eeb0b30,False,True,wrong_site,0.1,-0.7665019631385803,-0.8290019631385803,True,False
2899,mbpp_489:0:1:2,real,mbpp,4982373d1a90faa5a58d9db0cb28546ce8f096d90d7c341ee422731f0eeb0b30,False,True,wrong_site,0.2,-0.7664716243743896,-0.8289716243743896,True,False
2899,mbpp_489:0:1:2,real,mbpp,4982373d1a90faa5a58d9db0cb28546ce8f096d90d7c341ee422731f0eeb0b30,False,True,wrong_site,0.4,-0.7664246559143066,-0.8289246559143066,True,False
2899,mbpp_489:0:1:2,real,mbpp,4982373d1a90faa5a58d9db0cb28546ce8f096d90d7c341ee422731f0eeb0b30,False,True,answer_site,0.02,-1.0275542736053467,-0.6369293332099915,False,True
2899,mbpp_489:0:1:2,real,mbpp,4982373d1a90faa5a58d9db0cb28546ce8f096d90d7c341ee422731f0eeb0b30,False,True,answer_site,0.05,-1.4810709953308105,-0.4498210549354553,False,True
2899,mbpp_489:0:1:2,real,mbpp,4982373d1a90faa5a58d9db0cb28546ce8f096d90d7c341ee422731f0eeb0b30,False,True,answer_site,0.1,-2.2327418327331543,-0.3577417731285095,False,True
2899,mbpp_489:0:1:2,real,mbpp,4982373d1a90faa5a58d9db0cb28546ce8f096d90d7c341ee422731f0eeb0b30,False,True,answer_site,0.2,-3.3421874046325684,-1.2640624046325684,False,False
2899,mbpp_489:0:1:2,real,mbpp,4982373d1a90faa5a58d9db0cb28546ce8f096d90d7c341ee422731f0eeb0b30,False,True,answer_site,0.4,-2.9534459114074707,-1.8284459114074707,False,False
2899,mbpp_489:0:1:2,real,mbpp,4982373d1a90faa5a58d9db0cb28546ce8f096d90d7c341ee422731f0eeb0b30,False,True,actuator_cond,0.02,-0.75816810131073,-0.83629310131073,True,False
2899,mbpp_489:0:1:2,real,mbpp,4982373d1a90faa5a58d9db0cb28546ce8f096d90d7c341ee422731f0eeb0b30,False,True,actuator_cond,0.05,-0.7581709027290344,-0.8362959027290344,True,False
2899,mbpp_489:0:1:2,real,mbpp,4982373d1a90faa5a58d9db0cb28546ce8f096d90d7c341ee422731f0eeb0b30,False,True,actuator_cond,0.1,-0.7496496438980103,-0.8433996438980103,True,False
2899,mbpp_489:0:1:2,real,mbpp,4982373d1a90faa5a58d9db0cb28546ce8f096d90d7c341ee422731f0eeb0b30,False,True,actuator_cond,0.2,-0.7310981750488281,-0.8873481750488281,True,False
2899,mbpp_489:0:1:2,real,mbpp,4982373d1a90faa5a58d9db0cb28546ce8f096d90d7c341ee422731f0eeb0b30,False,True,actuator_cond,0.4,-0.550847589969635,-1.0977225303649902,True,False
2899,mbpp_489:0:1:2,real,mbpp,4982373d1a90faa5a58d9db0cb28546ce8f096d90d7c341ee422731f0eeb0b30,False,True,actuator_answer,0.02,-1.0923428535461426,-0.5767179131507874,False,True
2899,mbpp_489:0:1:2,real,mbpp,4982373d1a90faa5a58d9db0cb28546ce8f096d90d7c341ee422731f0eeb0b30,False,True,actuator_answer,0.05,-1.80864417552948,-0.3086441457271576,False,True
2899,mbpp_489:0:1:2,real,mbpp,4982373d1a90faa5a58d9db0cb28546ce8f096d90d7c341ee422731f0eeb0b30,False,True,actuator_answer,0.1,-3.1354546546936035,-0.16670477390289307,False,True
2899,mbpp_489:0:1:2,real,mbpp,4982373d1a90faa5a58d9db0cb28546ce8f096d90d7c341ee422731f0eeb0b30,False,True,actuator_answer,0.2,-4.5983052253723145,-0.20768027007579803,False,True
2899,mbpp_489:0:1:2,real,mbpp,4982373d1a90faa5a58d9db0cb28546ce8f096d90d7c341ee422731f0eeb0b30,False,True,actuator_answer,0.4,-5.165514945983887,-0.0717647597193718,False,True
2900,mbpp_489:1:1:0,real,mbpp,4982373d1a90faa5a58d9db0cb28546ce8f096d90d7c341ee422731f0eeb0b30,False,False,baseline,0.0,-2.680050849914551,-0.13317589461803436,False,True
2900,mbpp_489:1:1:0,real,mbpp,4982373d1a90faa5a58d9db0cb28546ce8f096d90d7c341ee422731f0eeb0b30,False,False,semantic,0.02,-2.680048942565918,-0.13317401707172394,False,True
2900,mbpp_489:1:1:0,real,mbpp,4982373d1a90faa5a58d9db0cb28546ce8f096d90d7c341ee422731f0eeb0b30,False,False,semantic,0.05,-2.680042266845703,-0.1331673413515091,False,True
2900,mbpp_489:1:1:0,real,mbpp,4982373d1a90faa5a58d9db0cb28546ce8f096d90d7c341ee422731f0eeb0b30,False,False,semantic,0.1,-2.7074649333953857,-0.12933990359306335,False,True
2900,mbpp_489:1:1:0,real,mbpp,4982373d1a90faa5a58d9db0cb28546ce8f096d90d7c341ee422731f0eeb0b30,False,False,semantic,0.2,-2.7203431129455566,-0.12659303843975067,False,True
2900,mbpp_489:1:1:0,real,mbpp,4982373d1a90faa5a58d9db0cb28546ce8f096d90d7c341ee422731f0eeb0b30,False,False,semantic,0.4,-2.7196435928344727,-0.1258934885263443,False,True
2900,mbpp_489:1:1:0,real,mbpp,4982373d1a90faa5a58d9db0cb28546ce8f096d90d7c341ee422731f0eeb0b30,False,False,reverse,0.02,-2.6655445098876953,-0.13429458439350128,False,True
2900,mbpp_489:1:1:0,real,mbpp,4982373d1a90faa5a58d9db0cb28546ce8f096d90d7c341ee422731f0eeb0b30,False,False,reverse,0.05,-2.666372537612915,-0.1351226419210434,False,True
2900,mbpp_489:1:1:0,real,mbpp,4982373d1a90faa5a58d9db0cb28546ce8f096d90d7c341ee422731f0eeb0b30,False,False,reverse,0.1,-2.63828706741333,-0.13828709721565247,False,True
2900,mbpp_489:1:1:0,real,mbpp,4982373d1a90faa5a58d9db0cb28546ce8f096d90d7c341ee422731f0eeb0b30,False,False,reverse,0.2,-2.5679030418395996,-0.14602810144424438,False,True
2900,mbpp_489:1:1:0,real,mbpp,4982373d1a90faa5a58d9db0cb28546ce8f096d90d7c341ee422731f0eeb0b30,False,False,reverse,0.4,-2.430574417114258,-0.16494940221309662,False,True
2900,mbpp_489:1:1:0,real,mbpp,4982373d1a90faa5a58d9db0cb28546ce8f096d90d7c341ee422731f0eeb0b30,False,False,random,0.02,-2.6663875579833984,-0.1351376324892044,False,True
2900,mbpp_489:1:1:0,real,mbpp,4982373d1a90faa5a58d9db0cb28546ce8f096d90d7c341ee422731f0eeb0b30,False,False,random,0.05,-2.651871681213379,-0.13624674081802368,False,True
2900,mbpp_489:1:1:0,real,mbpp,4982373d1a90faa5a58d9db0cb28546ce8f096d90d7c341ee422731f0eeb0b30,False,False,random,0.1,-2.665548086166382,-0.13429801166057587,False,True
2900,mbpp_489:1:1:0,real,mbpp,4982373d1a90faa5a58d9db0cb28546ce8f096d90d7c341ee422731f0eeb0b30,False,False,random,0.2,-2.63655161857605,-0.13655170798301697,False,True
2900,mbpp_489:1:1:0,real,mbpp,4982373d1a90faa5a58d9db0cb28546ce8f096d90d7c341ee422731f0eeb0b30,False,False,random,0.4,-2.566084384918213,-0.14420941472053528,False,True
2900,mbpp_489:1:1:0,real,mbpp,4982373d1a90faa5a58d9db0cb28546ce8f096d90d7c341ee422731f0eeb0b30,False,False,shuffled,0.02,-2.666375160217285,-0.1351250410079956,False,True
2900,mbpp_489:1:1:0,real,mbpp,4982373d1a90faa5a58d9db0cb28546ce8f096d90d7c341ee422731f0eeb0b30,False,False,shuffled,0.05,-2.680065393447876,-0.13319049775600433,False,True
2900,mbpp_489:1:1:0,real,mbpp,4982373d1a90faa5a58d9db0cb28546ce8f096d90d7c341ee422731f0eeb0b30,False,False,shuffled,0.1,-2.6945738792419434,-0.13207381963729858,False,True
2900,mbpp_489:1:1:0,real,mbpp,4982373d1a90faa5a58d9db0cb28546ce8f096d90d7c341ee422731f0eeb0b30,False,False,shuffled,0.2,-2.6792144775390625,-0.13233952224254608,False,True
2900,mbpp_489:1:1:0,real,mbpp,4982373d1a90faa5a58d9db0cb28546ce8f096d90d7c341ee422731f0eeb0b30,False,False,shuffled,0.4,-2.6494247913360596,-0.1337996870279312,False,True
2900,mbpp_489:1:1:0,real,mbpp,4982373d1a90faa5a58d9db0cb28546ce8f096d90d7c341ee422731f0eeb0b30,False,False,wrong_site,0.02,-2.680050849914551,-0.13317589461803436,False,True
2900,mbpp_489:1:1:0,real,mbpp,4982373d1a90faa5a58d9db0cb28546ce8f096d90d7c341ee422731f0eeb0b30,False,False,wrong_site,0.05,-2.6655051708221436,-0.1342550814151764,False,True
2900,mbpp_489:1:1:0,real,mbpp,4982373d1a90faa5a58d9db0cb28546ce8f096d90d7c341ee422731f0eeb0b30,False,False,wrong_site,0.1,-2.66630482673645,-0.1350548416376114,False,True
2900,mbpp_489:1:1:0,real,mbpp,4982373d1a90faa5a58d9db0cb28546ce8f096d90d7c341ee422731f0eeb0b30,False,False,wrong_site,0.2,-2.652662754058838,-0.13703764975070953,False,True
2900,mbpp_489:1:1:0,real,mbpp,4982373d1a90faa5a58d9db0cb28546ce8f096d90d7c341ee422731f0eeb0b30,False,False,wrong_site,0.4,-2.624525547027588,-0.14015057682991028,False,True
2900,mbpp_489:1:1:0,real,mbpp,4982373d1a90faa5a58d9db0cb28546ce8f096d90d7c341ee422731f0eeb0b30,False,False,answer_site,0.02,-3.053494930267334,-0.10036995261907578,False,True
2900,mbpp_489:1:1:0,real,mbpp,4982373d1a90faa5a58d9db0cb28546ce8f096d90d7c341ee422731f0eeb0b30,False,False,answer_site,0.05,-3.5253818035125732,-0.07225672155618668,False,True
2900,mbpp_489:1:1:0,real,mbpp,4982373d1a90faa5a58d9db0cb28546ce8f096d90d7c341ee422731f0eeb0b30,False,False,answer_site,0.1,-4.143171310424805,-0.049421388655900955,False,True
2900,mbpp_489:1:1:0,real,mbpp,4982373d1a90faa5a58d9db0cb28546ce8f096d90d7c341ee422731f0eeb0b30,False,False,answer_site,0.2,-4.880119800567627,-0.0363699235022068,False,True
2900,mbpp_489:1:1:0,real,mbpp,4982373d1a90faa5a58d9db0cb28546ce8f096d90d7c341ee422731f0eeb0b30,False,False,answer_site,0.4,-4.305845737457275,-0.5245956182479858,False,True
2900,mbpp_489:1:1:0,real,mbpp,4982373d1a90faa5a58d9db0cb28546ce8f096d90d7c341ee422731f0eeb0b30,False,False,actuator_cond,0.02,-2.680037021636963,-0.1331620067358017,False,True
2900,mbpp_489:1:1:0,real,mbpp,4982373d1a90faa5a58d9db0cb28546ce8f096d90d7c341ee422731f0eeb0b30,False,False,actuator_cond,0.05,-2.6654536724090576,-0.1342036873102188,False,True
2900,mbpp_489:1:1:0,real,mbpp,4982373d1a90faa5a58d9db0cb28546ce8f096d90d7c341ee422731f0eeb0b30,False,False,actuator_cond,0.1,-2.650883674621582,-0.13525864481925964,False,True
2900,mbpp_489:1:1:0,real,mbpp,4982373d1a90faa5a58d9db0cb28546ce8f096d90d7c341ee422731f0eeb0b30,False,False,actuator_cond,0.2,-2.391474485397339,-0.17272454500198364,False,True
2900,mbpp_489:1:1:0,real,mbpp,4982373d1a90faa5a58d9db0cb28546ce8f096d90d7c341ee422731f0eeb0b30,False,False,actuator_cond,0.4,-2.142960548400879,-0.18983566761016846,False,True
2900,mbpp_489:1:1:0,real,mbpp,4982373d1a90faa5a58d9db0cb28546ce8f096d90d7c341ee422731f0eeb0b30,False,False,actuator_answer,0.02,-3.082840919494629,-0.11409091204404831,False,True
2900,mbpp_489:1:1:0,real,mbpp,4982373d1a90faa5a58d9db0cb28546ce8f096d90d7c341ee422731f0eeb0b30,False,False,actuator_answer,0.05,-3.6420271396636963,-0.1107771247625351,False,True
2900,mbpp_489:1:1:0,real,mbpp,4982373d1a90faa5a58d9db0cb28546ce8f096d90d7c341ee422731f0eeb0b30,False,False,actuator_answer,0.1,-4.192624568939209,-0.14574961364269257,False,True
2900,mbpp_489:1:1:0,real,mbpp,4982373d1a90faa5a58d9db0cb28546ce8f096d90d7c341ee422731f0eeb0b30,False,False,actuator_answer,0.2,-4.434197425842285,-0.19982264935970306,False,True
2900,mbpp_489:1:1:0,real,mbpp,4982373d1a90faa5a58d9db0cb28546ce8f096d90d7c341ee422731f0eeb0b30,False,False,actuator_answer,0.4,-5.1013922691345215,-0.08576729893684387,False,True
2901,mbpp_489:1:1:1,real,mbpp,4982373d1a90faa5a58d9db0cb28546ce8f096d90d7c341ee422731f0eeb0b30,True,False,baseline,0.0,-0.19728606939315796,-2.1347861289978027,True,False
2901,mbpp_489:1:1:1,real,mbpp,4982373d1a90faa5a58d9db0cb28546ce8f096d90d7c341ee422731f0eeb0b30,True,False,semantic,0.02,-0.19914671778678894,-2.1210217475891113,True,False
2901,mbpp_489:1:1:1,real,mbpp,4982373d1a90faa5a58d9db0cb28546ce8f096d90d7c341ee422731f0eeb0b30,True,False,semantic,0.05,-0.19917601346969604,-2.121051073074341,True,False
2901,mbpp_489:1:1:1,real,mbpp,4982373d1a90faa5a58d9db0cb28546ce8f096d90d7c341ee422731f0eeb0b30,True,False,semantic,0.1,-0.20308136940002441,-2.0937063694000244,True,False
2901,mbpp_489:1:1:1,real,mbpp,4982373d1a90faa5a58d9db0cb28546ce8f096d90d7c341ee422731f0eeb0b30,True,False,semantic,0.2,-0.21018467843532562,-2.0539345741271973,True,False
2901,mbpp_489:1:1:1,real,mbpp,4982373d1a90faa5a58d9db0cb28546ce8f096d90d7c341ee422731f0eeb0b30,True,False,semantic,0.4,-0.23577769100666046,-1.938902735710144,True,False
2901,mbpp_489:1:1:1,real,mbpp,4982373d1a90faa5a58d9db0cb28546ce8f096d90d7c341ee422731f0eeb0b30,True,False,reverse,0.02,-0.19914847612380981,-2.121023416519165,True,False
2901,mbpp_489:1:1:1,real,mbpp,4982373d1a90faa5a58d9db0cb28546ce8f096d90d7c341ee422731f0eeb0b30,True,False,reverse,0.05,-0.19444520771503448,-2.1475701332092285,True,False
2901,mbpp_489:1:1:1,real,mbpp,4982373d1a90faa5a58d9db0cb28546ce8f096d90d7c341ee422731f0eeb0b30,True,False,reverse,0.1,-0.19444520771503448,-2.1475701332092285,True,False
2901,mbpp_489:1:1:1,real,mbpp,4982373d1a90faa5a58d9db0cb28546ce8f096d90d7c341ee422731f0eeb0b30,True,False,reverse,0.2,-0.1890454888343811,-2.1734204292297363,True,False
2901,mbpp_489:1:1:1,real,mbpp,4982373d1a90faa5a58d9db0cb28546ce8f096d90d7c341ee422731f0eeb0b30,True,False,reverse,0.4,-0.1927807778120041,-2.1615307331085205,True,False
2901,mbpp_489:1:1:1,real,mbpp,4982373d1a90faa5a58d9db0cb28546ce8f096d90d7c341ee422731f0eeb0b30,True,False,random,0.02,-0.1991923302412033,-2.1210672855377197,True,False
2901,mbpp_489:1:1:1,real,mbpp,4982373d1a90faa5a58d9db0cb28546ce8f096d90d7c341ee422731f0eeb0b30,True,False,random,0.05,-0.1972859650850296,-2.1347858905792236,True,False
2901,mbpp_489:1:1:1,real,mbpp,4982373d1a90faa5a58d9db0cb28546ce8f096d90d7c341ee422731f0eeb0b30,True,False,random,0.1,-0.19732579588890076,-2.1348257064819336,True,False
2901,mbpp_489:1:1:1,real,mbpp,4982373d1a90faa5a58d9db0cb28546ce8f096d90d7c341ee422731f0eeb0b30,True,False,random,0.2,-0.19828027486801147,-2.1357803344726562,True,False
2901,mbpp_489:1:1:1,real,mbpp,4982373d1a90faa5a58d9db0cb28546ce8f096d90d7c341ee422731f0eeb0b30,True,False,random,0.4,-0.20023353397846222,-2.1377334594726562,True,False
2901,mbpp_489:1:1:1,real,mbpp,4982373d1a90faa5a58d9db0cb28546ce8f096d90d7c341ee422731f0eeb0b30,True,False,shuffled,0.02,-0.19918999075889587,-2.1210649013519287,True,False
2901,mbpp_489:1:1:1,real,mbpp,4982373d1a90faa5a58d9db0cb28546ce8f096d90d7c341ee422731f0eeb0b30,True,False,shuffled,0.05,-0.19918930530548096,-2.1210641860961914,True,False
2901,mbpp_489:1:1:1,real,mbpp,4982373d1a90faa5a58d9db0cb28546ce8f096d90d7c341ee422731f0eeb0b30,True,False,shuffled,0.1,-0.2011193484067917,-2.1073694229125977,True,False
2901,mbpp_489:1:1:1,real,mbpp,4982373d1a90faa5a58d9db0cb28546ce8f096d90d7c341ee422731f0eeb0b30,True,False,shuffled,0.2,-0.2080250233411789,-2.0673999786376953,True,False
2901,mbpp_489:1:1:1,real,mbpp,4982373d1a90faa5a58d9db0cb28546ce8f096d90d7c341ee422731f0eeb0b30,True,False,shuffled,0.4,-0.24474529922008514,-1.9166202545166016,True,False
2901,mbpp_489:1:1:1,real,mbpp,4982373d1a90faa5a58d9db0cb28546ce8f096d90d7c341ee422731f0eeb0b30,True,False,wrong_site,0.02,-0.19641879200935364,-2.1339187622070312,True,False
2901,mbpp_489:1:1:1,real,mbpp,4982373d1a90faa5a58d9db0cb28546ce8f096d90d7c341ee422731f0eeb0b30,True,False,wrong_site,0.05,-0.1964261382818222,-2.1339261531829834,True,False
2901,mbpp_489:1:1:1,real,mbpp,4982373d1a90faa5a58d9db0cb28546ce8f096d90d7c341ee422731f0eeb0b30,True,False,wrong_site,0.1,-0.1964568942785263,-2.1339569091796875,True,False
2901,mbpp_489:1:1:1,real,mbpp,4982373d1a90faa5a58d9db0cb28546ce8f096d90d7c341ee422731f0eeb0b30,True,False,wrong_site,0.2,-0.19924908876419067,-2.121124029159546,True,False
2901,mbpp_489:1:1:1,real,mbpp,4982373d1a90faa5a58d9db0cb28546ce8f096d90d7c341ee422731f0eeb0b30,True,False,wrong_site,0.4,-0.20309412479400635,-2.109344005584717,True,False
2901,mbpp_489:1:1:1,real,mbpp,4982373d1a90faa5a58d9db0cb28546ce8f096d90d7c341ee422731f0eeb0b30,True,False,answer_site,0.02,-0.2717384994029999,-1.7717385292053223,True,False
2901,mbpp_489:1:1:1,real,mbpp,4982373d1a90faa5a58d9db0cb28546ce8f096d90d7c341ee422731f0eeb0b30,True,False,answer_site,0.05,-0.4632483124732971,-1.2444982528686523,True,False
2901,mbpp_489:1:1:1,real,mbpp,4982373d1a90faa5a58d9db0cb28546ce8f096d90d7c341ee422731f0eeb0b30,True,False,answer_site,0.1,-1.00699782371521,-0.61637282371521,False,True
2901,mbpp_489:1:1:1,real,mbpp,4982373d1a90faa5a58d9db0cb28546ce8f096d90d7c341ee422731f0eeb0b30,True,False,answer_site,0.2,-2.0446999073028564,-0.2634499967098236,False,True
2901,mbpp_489:1:1:1,real,mbpp,4982373d1a90faa5a58d9db0cb28546ce8f096d90d7c341ee422731f0eeb0b30,True,False,answer_site,0.4,-1.5279951095581055,-0.8248700499534607,False,True
2901,mbpp_489:1:1:1,real,mbpp,4982373d1a90faa5a58d9db0cb28546ce8f096d90d7c341ee422731f0eeb0b30,True,False,actuator_cond,0.02,-0.19729340076446533,-2.134793281555176,True,False
2901,mbpp_489:1:1:1,real,mbpp,4982373d1a90faa5a58d9db0cb28546ce8f096d90d7c341ee422731f0eeb0b30,True,False,actuator_cond,0.05,-0.20014424622058868,-2.1220192909240723,True,False
2901,mbpp_489:1:1:1,real,mbpp,4982373d1a90faa5a58d9db0cb28546ce8f096d90d7c341ee422731f0eeb0b30,True,False,actuator_cond,0.1,-0.20692317187786102,-2.097548246383667,True,False
2901,mbpp_489:1:1:1,real,mbpp,4982373d1a90faa5a58d9db0cb28546ce8f096d90d7c341ee422731f0eeb0b30,True,False,actuator_cond,0.2,-0.24302665889263153,-1.977401614189148,True,False
2901,mbpp_489:1:1:1,real,mbpp,4982373d1a90faa5a58d9db0cb28546ce8f096d90d7c341ee422731f0eeb0b30,True,False,actuator_cond,0.4,-0.22234472632408142,-2.0660946369171143,True,False
2901,mbpp_489:1:1:1,real,mbpp,4982373d1a90faa5a58d9db0cb28546ce8f096d90d7c341ee422731f0eeb0b30,True,False,actuator_answer,0.02,-0.2718610465526581,-1.7406110763549805,True,False
2901,mbpp_489:1:1:1,real,mbpp,4982373d1a90faa5a58d9db0cb28546ce8f096d90d7c341ee422731f0eeb0b30,True,False,actuator_answer,0.05,-0.46566253900527954,-1.2000374794006348,True,False
2901,mbpp_489:1:1:1,real,mbpp,4982373d1a90faa5a58d9db0cb28546ce8f096d90d7c341ee422731f0eeb0b30,True,False,actuator_answer,0.1,-1.0605520009994507,-0.5605520009994507,False,True
2901,mbpp_489:1:1:1,real,mbpp,4982373d1a90faa5a58d9db0cb28546ce8f096d90d7c341ee422731f0eeb0b30,True,False,actuator_answer,0.2,-2.242051124572754,-0.16392603516578674,False,True
2901,mbpp_489:1:1:1,real,mbpp,4982373d1a90faa5a58d9db0cb28546ce8f096d90d7c341ee422731f0eeb0b30,True,False,actuator_answer,0.4,-0.5563614368438721,-0.8688614368438721,True,False
2902,mbpp_498:1:0:0,real,mbpp,1d9647d3f6add5ce2a3e0e855ab3e46ac54fc69de8bf90619fba3eaf835161bd,False,False,baseline,0.0,-0.1772889494895935,-3.5679140090942383,True,False
2902,mbpp_498:1:0:0,real,mbpp,1d9647d3f6add5ce2a3e0e855ab3e46ac54fc69de8bf90619fba3eaf835161bd,False,False,semantic,0.02,-0.17786537110805511,-3.5528652667999268,True,False
2902,mbpp_498:1:0:0,real,mbpp,1d9647d3f6add5ce2a3e0e855ab3e46ac54fc69de8bf90619fba3eaf835161bd,False,False,semantic,0.05,-0.17909227311611176,-3.5540921688079834,True,False
2902,mbpp_498:1:0:0,real,mbpp,1d9647d3f6add5ce2a3e0e855ab3e46ac54fc69de8bf90619fba3eaf835161bd,False,False,semantic,0.1,-0.18091464042663574,-3.5402896404266357,True,False
2902,mbpp_498:1:0:0,real,mbpp,1d9647d3f6add5ce2a3e0e855ab3e46ac54fc69de8bf90619fba3eaf835161bd,False,False,semantic,0.2,-0.18169724941253662,-3.525447368621826,True,False
2902,mbpp_498:1:0:0,real,mbpp,1d9647d3f6add5ce2a3e0e855ab3e46ac54fc69de8bf90619fba3eaf835161bd,False,False,semantic,0.4,-0.1961050033569336,-3.3523550033569336,True,False
2902,mbpp_498:1:0:0,real,mbpp,1d9647d3f6add5ce2a3e0e855ab3e46ac54fc69de8bf90619fba3eaf835161bd,False,False,reverse,0.02,-0.17291268706321716,-3.57916259765625,True,False
2902,mbpp_498:1:0:0,real,mbpp,1d9647d3f6add5ce2a3e0e855ab3e46ac54fc69de8bf90619fba3eaf835161bd,False,False,reverse,0.05,-0.17117071151733398,-3.593045711517334,True,False
2902,mbpp_498:1:0:0,real,mbpp,1d9647d3f6add5ce2a3e0e855ab3e46ac54fc69de8bf90619fba3eaf835161bd,False,False,reverse,0.1,-0.16921937465667725,-3.591094493865967,True,False
2902,mbpp_498:1:0:0,real,mbpp,1d9647d3f6add5ce2a3e0e855ab3e46ac54fc69de8bf90619fba3eaf835161bd,False,False,reverse,0.2,-0.16742728650569916,-3.6049273014068604,True,False
2902,mbpp_498:1:0:0,real,mbpp,1d9647d3f6add5ce2a3e0e855ab3e46ac54fc69de8bf90619fba3eaf835161bd,False,False,reverse,0.4,-0.18470264971256256,-3.4815776348114014,True,False
2902,mbpp_498:1:0:0,real,mbpp,1d9647d3f6add5ce2a3e0e855ab3e46ac54fc69de8bf90619fba3eaf835161bd,False,False,random,0.02,-0.1766020953655243,-3.5672271251678467,True,False
2902,mbpp_498:1:0:0,real,mbpp,1d9647d3f6add5ce2a3e0e855ab3e46ac54fc69de8bf90619fba3eaf835161bd,False,False,random,0.05,-0.17533643543720245,-3.5659613609313965,True,False
2902,mbpp_498:1:0:0,real,mbpp,1d9647d3f6add5ce2a3e0e855ab3e46ac54fc69de8bf90619fba3eaf835161bd,False,False,random,0.1,-0.1753583401441574,-3.565983295440674,True,False
2902,mbpp_498:1:0:0,real,mbpp,1d9647d3f6add5ce2a3e0e855ab3e46ac54fc69de8bf90619fba3eaf835161bd,False,False,random,0.2,-0.17639406025409698,-3.535768985748291,True,False
2902,mbpp_498:1:0:0,real,mbpp,1d9647d3f6add5ce2a3e0e855ab3e46ac54fc69de8bf90619fba3eaf835161bd,False,False,random,0.4,-0.18190447986125946,-3.4944045543670654,True,False
2902,mbpp_498:1:0:0,real,mbpp,1d9647d3f6add5ce2a3e0e855ab3e46ac54fc69de8bf90619fba3eaf835161bd,False,False,shuffled,0.02,-0.17773525416851044,-3.5527353286743164,True,False
2902,mbpp_498:1:0:0,real,mbpp,1d9647d3f6add5ce2a3e0e855ab3e46ac54fc69de8bf90619fba3eaf835161bd,False,False,shuffled,0.05,-0.17785480618476868,-3.5528547763824463,True,False
2902,mbpp_498:1:0:0,real,mbpp,1d9647d3f6add5ce2a3e0e855ab3e46ac54fc69de8bf90619fba3eaf835161bd,False,False,shuffled,0.1,-0.18094517290592194,-3.5246951580047607,True,False
2902,mbpp_498:1:0:0,real,mbpp,1d9647d3f6add5ce2a3e0e855ab3e46ac54fc69de8bf90619fba3eaf835161bd,False,False,shuffled,0.2,-0.18798041343688965,-3.4848554134368896,True,False
2902,mbpp_498:1:0:0,real,mbpp,1d9647d3f6add5ce2a3e0e855ab3e46ac54fc69de8bf90619fba3eaf835161bd,False,False,shuffled,0.4,-0.19006577134132385,-3.440065860748291,True,False
2902,mbpp_498:1:0:0,real,mbpp,1d9647d3f6add5ce2a3e0e855ab3e46ac54fc69de8bf90619fba3eaf835161bd,False,False,wrong_site,0.02,-0.17533652484416962,-3.5659615993499756,True,False
2902,mbpp_498:1:0:0,real,mbpp,1d9647d3f6add5ce2a3e0e855ab3e46ac54fc69de8bf90619fba3eaf835161bd,False,False,wrong_site,0.05,-0.17404761910438538,-3.5802977085113525,True,False
2902,mbpp_498:1:0:0,real,mbpp,1d9647d3f6add5ce2a3e0e855ab3e46ac54fc69de8bf90619fba3eaf835161bd,False,False,wrong_site,0.1,-0.17284590005874634,-3.5790958404541016,True,False
2902,mbpp_498:1:0:0,real,mbpp,1d9647d3f6add5ce2a3e0e855ab3e46ac54fc69de8bf90619fba3eaf835161bd,False,False,wrong_site,0.2,-0.1710546761751175,-3.5929296016693115,True,False
2902,mbpp_498:1:0:0,real,mbpp,1d9647d3f6add5ce2a3e0e855ab3e46ac54fc69de8bf90619fba3eaf835161bd,False,False,wrong_site,0.4,-0.17162667214870453,-3.593501567840576,True,False
2902,mbpp_498:1:0:0,real,mbpp,1d9647d3f6add5ce2a3e0e855ab3e46ac54fc69de8bf90619fba3eaf835161bd,False,False,answer_site,0.02,-0.12887577712535858,-3.894500732421875,True,False
2902,mbpp_498:1:0:0,real,mbpp,1d9647d3f6add5ce2a3e0e855ab3e46ac54fc69de8bf90619fba3eaf835161bd,False,False,answer_site,0.05,-0.094109907746315,-4.250360012054443,True,False
2902,mbpp_498:1:0:0,real,mbpp,1d9647d3f6add5ce2a3e0e855ab3e46ac54fc69de8bf90619fba3eaf835161bd,False,False,answer_site,0.1,-0.06971600651741028,-4.491590976715088,True,False
2902,mbpp_498:1:0:0,real,mbpp,1d9647d3f6add5ce2a3e0e855ab3e46ac54fc69de8bf90619fba3eaf835161bd,False,False,answer_site,0.2,-0.07098400592803955,-4.30535888671875,True,False
2902,mbpp_498:1:0:0,real,mbpp,1d9647d3f6add5ce2a3e0e855ab3e46ac54fc69de8bf90619fba3eaf835161bd,False,False,answer_site,0.4,-0.3538725972175598,-4.541372776031494,True,False
2902,mbpp_498:1:0:0,real,mbpp,1d9647d3f6add5ce2a3e0e855ab3e46ac54fc69de8bf90619fba3eaf835161bd,False,False,actuator_cond,0.02,-0.17533142864704132,-3.5659563541412354,True,False
2902,mbpp_498:1:0:0,real,mbpp,1d9647d3f6add5ce2a3e0e855ab3e46ac54fc69de8bf90619fba3eaf835161bd,False,False,actuator_cond,0.05,-0.18171146512031555,-3.556711435317993,True,False
2902,mbpp_498:1:0:0,real,mbpp,1d9647d3f6add5ce2a3e0e855ab3e46ac54fc69de8bf90619fba3eaf835161bd,False,False,actuator_cond,0.1,-0.20709025859832764,-3.457090377807617,True,False
2902,mbpp_498:1:0:0,real,mbpp,1d9647d3f6add5ce2a3e0e855ab3e46ac54fc69de8bf90619fba3eaf835161bd,False,False,actuator_cond,0.2,-0.22310329973697662,-3.4418532848358154,True,False
2902,mbpp_498:1:0:0,real,mbpp,1d9647d3f6add5ce2a3e0e855ab3e46ac54fc69de8bf90619fba3eaf835161bd,False,False,actuator_cond,0.4,-0.23456603288650513,-3.4845659732818604,True,False
2902,mbpp_498:1:0:0,real,mbpp,1d9647d3f6add5ce2a3e0e855ab3e46ac54fc69de8bf90619fba3eaf835161bd,False,False,actuator_answer,0.02,-0.19987380504608154,-3.293623924255371,True,False
2902,mbpp_498:1:0:0,real,mbpp,1d9647d3f6add5ce2a3e0e855ab3e46ac54fc69de8bf90619fba3eaf835161bd,False,False,actuator_answer,0.05,-0.23947419226169586,-2.895724296569824,True,False
2902,mbpp_498:1:0:0,real,mbpp,1d9647d3f6add5ce2a3e0e855ab3e46ac54fc69de8bf90619fba3eaf835161bd,False,False,actuator_answer,0.1,-0.3207360506057739,-2.1644859313964844,True,False
2902,mbpp_498:1:0:0,real,mbpp,1d9647d3f6add5ce2a3e0e855ab3e46ac54fc69de8bf90619fba3eaf835161bd,False,False,actuator_answer,0.2,-0.5431829690933228,-1.1213079690933228,True,False
2902,mbpp_498:1:0:0,real,mbpp,1d9647d3f6add5ce2a3e0e855ab3e46ac54fc69de8bf90619fba3eaf835161bd,False,False,actuator_answer,0.4,-1.319179892539978,-2.8035550117492676,False,False
2903,mbpp_498:1:0:1,real,mbpp,1d9647d3f6add5ce2a3e0e855ab3e46ac54fc69de8bf90619fba3eaf835161bd,True,False,baseline,0.0,-0.1842769980430603,-2.871777057647705,False,False
2903,mbpp_498:1:0:1,real,mbpp,1d9647d3f6add5ce2a3e0e855ab3e46ac54fc69de8bf90619fba3eaf835161bd,True,False,semantic,0.02,-0.18316057324409485,-2.8862855434417725,False,False
2903,mbpp_498:1:0:1,real,mbpp,1d9647d3f6add5ce2a3e0e855ab3e46ac54fc69de8bf90619fba3eaf835161bd,True,False,semantic,0.05,-0.1831359565258026,-2.886260986328125,False,False
2903,mbpp_498:1:0:1,real,mbpp,1d9647d3f6add5ce2a3e0e855ab3e46ac54fc69de8bf90619fba3eaf835161bd,True,False,semantic,0.1,-0.18467667698860168,-2.8878016471862793,False,False
2903,mbpp_498:1:0:1,real,mbpp,1d9647d3f6add5ce2a3e0e855ab3e46ac54fc69de8bf90619fba3eaf835161bd,True,False,semantic,0.2,-0.1740182638168335,-2.970893383026123,False,False
2903,mbpp_498:1:0:1,real,mbpp,1d9647d3f6add5ce2a3e0e855ab3e46ac54fc69de8bf90619fba3eaf835161bd,True,False,semantic,0.4,-0.15344832837581635,-3.1221983432769775,False,False
2903,mbpp_498:1:0:1,real,mbpp,1d9647d3f6add5ce2a3e0e855ab3e46ac54fc69de8bf90619fba3eaf835161bd,True,False,reverse,0.02,-0.18334239721298218,-2.886467456817627,False,False
2903,mbpp_498:1:0:1,real,mbpp,1d9647d3f6add5ce2a3e0e855ab3e46ac54fc69de8bf90619fba3eaf835161bd,True,False,reverse,0.05,-0.18169018626213074,-2.884815216064453,False,False
2903,mbpp_498:1:0:1,real,mbpp,1d9647d3f6add5ce2a3e0e855ab3e46ac54fc69de8bf90619fba3eaf835161bd,True,False,reverse,0.1,-0.18179316818714142,-2.884918212890625,False,False
2903,mbpp_498:1:0:1,real,mbpp,1d9647d3f6add5ce2a3e0e855ab3e46ac54fc69de8bf90619fba3eaf835161bd,True,False,reverse,0.2,-0.16946463286876678,-2.966339588165283,False,False
2903,mbpp_498:1:0:1,real,mbpp,1d9647d3f6add5ce2a3e0e855ab3e46ac54fc69de8bf90619fba3eaf835161bd,True,False,reverse,0.4,-0.1513666808605194,-3.120116710662842,False,False
2903,mbpp_498:1:0:1,real,mbpp,1d9647d3f6add5ce2a3e0e855ab3e46ac54fc69de8bf90619fba3eaf835161bd,True,False,random,0.02,-0.18326787650585175,-2.886392831802368,False,False
2903,mbpp_498:1:0:1,real,mbpp,1d9647d3f6add5ce2a3e0e855ab3e46ac54fc69de8bf90619fba3eaf835161bd,True,False,random,0.05,-0.18166792392730713,-2.8847928047180176,False,False
2903,mbpp_498:1:0:1,real,mbpp,1d9647d3f6add5ce2a3e0e855ab3e46ac54fc69de8bf90619fba3eaf835161bd,True,False,random,0.1,-0.18182307481765747,-2.8849480152130127,False,False
2903,mbpp_498:1:0:1,real,mbpp,1d9647d3f6add5ce2a3e0e855ab3e46ac54fc69de8bf90619fba3eaf835161bd,True,False,random,0.2,-0.18084967136383057,-2.899599552154541,False,False
2903,mbpp_498:1:0:1,real,mbpp,1d9647d3f6add5ce2a3e0e855ab3e46ac54fc69de8bf90619fba3eaf835161bd,True,False,random,0.4,-0.17061111330986023,-2.9831111431121826,False,False
2903,mbpp_498:1:0:1,real,mbpp,1d9647d3f6add5ce2a3e0e855ab3e46ac54fc69de8bf90619fba3eaf835161bd,True,False,shuffled,0.02,-0.1842825561761856,-2.8717825412750244,False,False
2903,mbpp_498:1:0:1,real,mbpp,1d9647d3f6add5ce2a3e0e855ab3e46ac54fc69de8bf90619fba3eaf835161bd,True,False,shuffled,0.05,-0.18267449736595154,-2.8701744079589844,False,False
2903,mbpp_498:1:0:1,real,mbpp,1d9647d3f6add5ce2a3e0e855ab3e46ac54fc69de8bf90619fba3eaf835161bd,True,False,shuffled,0.1,-0.18514268100261688,-2.857017755508423,False,False
2903,mbpp_498:1:0:1,real,mbpp,1d9647d3f6add5ce2a3e0e855ab3e46ac54fc69de8bf90619fba3eaf835161bd,True,False,shuffled,0.2,-0.17872823774814606,-2.8974783420562744,False,False
2903,mbpp_498:1:0:1,real,mbpp,1d9647d3f6add5ce2a3e0e855ab3e46ac54fc69de8bf90619fba3eaf835161bd,True,False,shuffled,0.4,-0.17115293443202972,-2.9524028301239014,False,False
2903,mbpp_498:1:0:1,real,mbpp,1d9647d3f6add5ce2a3e0e855ab3e46ac54fc69de8bf90619fba3eaf835161bd,True,False,wrong_site,0.02,-0.18428117036819458,-2.87178111076355,False,False
2903,mbpp_498:1:0:1,real,mbpp,1d9647d3f6add5ce2a3e0e855ab3e46ac54fc69de8bf90619fba3eaf835161bd,True,False,wrong_site,0.05,-0.18176980316638947,-2.884894847869873,False,False
2903,mbpp_498:1:0:1,real,mbpp,1d9647d3f6add5ce2a3e0e855ab3e46ac54fc69de8bf90619fba3eaf835161bd,True,False,wrong_site,0.1,-0.1833977848291397,-2.8865227699279785,False,False
2903,mbpp_498:1:0:1,real,mbpp,1d9647d3f6add5ce2a3e0e855ab3e46ac54fc69de8bf90619fba3eaf835161bd,True,False,wrong_site,0.2,-0.17851246893405914,-2.9128875732421875,False,False
2903,mbpp_498:1:0:1,real,mbpp,1d9647d3f6add5ce2a3e0e855ab3e46ac54fc69de8bf90619fba3eaf835161bd,True,False,wrong_site,0.4,-0.17363004386425018,-2.9392549991607666,False,False
2903,mbpp_498:1:0:1,real,mbpp,1d9647d3f6add5ce2a3e0e855ab3e46ac54fc69de8bf90619fba3eaf835161bd,True,False,answer_site,0.02,-0.21039749681949615,-2.897897481918335,False,False
2903,mbpp_498:1:0:1,real,mbpp,1d9647d3f6add5ce2a3e0e855ab3e46ac54fc69de8bf90619fba3eaf835161bd,True,False,answer_site,0.05,-0.26187607645988464,-2.918126106262207,False,False
2903,mbpp_498:1:0:1,real,mbpp,1d9647d3f6add5ce2a3e0e855ab3e46ac54fc69de8bf90619fba3eaf835161bd,True,False,answer_site,0.1,-0.36676010489463806,-2.976135015487671,False,False
2903,mbpp_498:1:0:1,real,mbpp,1d9647d3f6add5ce2a3e0e855ab3e46ac54fc69de8bf90619fba3eaf835161bd,True,False,answer_site,0.2,-0.5730205774307251,-2.9011454582214355,False,False
2903,mbpp_498:1:0:1,real,mbpp,1d9647d3f6add5ce2a3e0e855ab3e46ac54fc69de8bf90619fba3eaf835161bd,True,False,answer_site,0.4,-0.4340682923793793,-1.7934433221817017,True,False
2903,mbpp_498:1:0:1,real,mbpp,1d9647d3f6add5ce2a3e0e855ab3e46ac54fc69de8bf90619fba3eaf835161bd,True,False,actuator_cond,0.02,-0.18326736986637115,-2.88639235496521,False,False
2903,mbpp_498:1:0:1,real,mbpp,1d9647d3f6add5ce2a3e0e855ab3e46ac54fc69de8bf90619fba3eaf835161bd,True,False,actuator_cond,0.05,-0.1813630908727646,-2.915738105773926,False,False
2903,mbpp_498:1:0:1,real,mbpp,1d9647d3f6add5ce2a3e0e855ab3e46ac54fc69de8bf90619fba3eaf835161bd,True,False,actuator_cond,0.1,-0.18314440548419952,-2.9175193309783936,False,False
2903,mbpp_498:1:0:1,real,mbpp,1d9647d3f6add5ce2a3e0e855ab3e46ac54fc69de8bf90619fba3eaf835161bd,True,False,actuator_cond,0.2,-0.194530189037323,-2.9445302486419678,False,False
2903,mbpp_498:1:0:1,real,mbpp,1d9647d3f6add5ce2a3e0e855ab3e46ac54fc69de8bf90619fba3eaf835161bd,True,False,actuator_cond,0.4,-0.1761796921491623,-3.1449296474456787,False,False
2903,mbpp_498:1:0:1,real,mbpp,1d9647d3f6add5ce2a3e0e855ab3e46ac54fc69de8bf90619fba3eaf835161bd,True,False,actuator_answer,0.02,-0.21740028262138367,-2.483025312423706,False,False
2903,mbpp_498:1:0:1,real,mbpp,1d9647d3f6add5ce2a3e0e855ab3e46ac54fc69de8bf90619fba3eaf835161bd,True,False,actuator_answer,0.05,-0.3450698256492615,-1.7200698852539062,False,False
2903,mbpp_498:1:0:1,real,mbpp,1d9647d3f6add5ce2a3e0e855ab3e46ac54fc69de8bf90619fba3eaf835161bd,True,False,actuator_answer,0.1,-1.0362459421157837,-0.5831209421157837,False,True
2903,mbpp_498:1:0:1,real,mbpp,1d9647d3f6add5ce2a3e0e855ab3e46ac54fc69de8bf90619fba3eaf835161bd,True,False,actuator_answer,0.2,-3.2330501079559326,-0.07680002599954605,False,True
2903,mbpp_498:1:0:1,real,mbpp,1d9647d3f6add5ce2a3e0e855ab3e46ac54fc69de8bf90619fba3eaf835161bd,True,False,actuator_answer,0.4,-8.328274726867676,-0.015774700790643692,False,True
2904,mbpp_498:1:0:2,real,mbpp,1d9647d3f6add5ce2a3e0e855ab3e46ac54fc69de8bf90619fba3eaf835161bd,True,False,baseline,0.0,-0.10570371896028519,-3.824453830718994,False,False
2904,mbpp_498:1:0:2,real,mbpp,1d9647d3f6add5ce2a3e0e855ab3e46ac54fc69de8bf90619fba3eaf835161bd,True,False,semantic,0.02,-0.10465167462825775,-3.823401689529419,False,False
2904,mbpp_498:1:0:2,real,mbpp,1d9647d3f6add5ce2a3e0e855ab3e46ac54fc69de8bf90619fba3eaf835161bd,True,False,semantic,0.05,-0.10430106520652771,-3.8386759757995605,False,False
2904,mbpp_498:1:0:2,real,mbpp,1d9647d3f6add5ce2a3e0e855ab3e46ac54fc69de8bf90619fba3eaf835161bd,True,False,semantic,0.1,-0.10468785464763641,-3.8234379291534424,False,False
2904,mbpp_498:1:0:2,real,mbpp,1d9647d3f6add5ce2a3e0e855ab3e46ac54fc69de8bf90619fba3eaf835161bd,True,False,semantic,0.2,-0.10304334759712219,-3.8374183177948,False,False
2904,mbpp_498:1:0:2,real,mbpp,1d9647d3f6add5ce2a3e0e855ab3e46ac54fc69de8bf90619fba3eaf835161bd,True,False,semantic,0.4,-0.0954446792602539,-3.939194679260254,False,False
2904,mbpp_498:1:0:2,real,mbpp,1d9647d3f6add5ce2a3e0e855ab3e46ac54fc69de8bf90619fba3eaf835161bd,True,False,reverse,0.02,-0.10620070993900299,-3.809325695037842,False,False
2904,mbpp_498:1:0:2,real,mbpp,1d9647d3f6add5ce2a3e0e855ab3e46ac54fc69de8bf90619fba3eaf835161bd,True,False,reverse,0.05,-0.10621153563261032,-3.8093364238739014,False,False
2904,mbpp_498:1:0:2,real,mbpp,1d9647d3f6add5ce2a3e0e855ab3e46ac54fc69de8bf90619fba3eaf835161bd,True,False,reverse,0.1,-0.10778041929006577,-3.7952804565429688,False,False
2904,mbpp_498:1:0:2,real,mbpp,1d9647d3f6add5ce2a3e0e855ab3e46ac54fc69de8bf90619fba3eaf835161bd,True,False,reverse,0.2,-0.10360442847013474,-3.837979316711426,False,False
2904,mbpp_498:1:0:2,real,mbpp,1d9647d3f6add5ce2a3e0e855ab3e46ac54fc69de8bf90619fba3eaf835161bd,True,False,reverse,0.4,-0.09688036143779755,-3.8937554359436035,False,False
2904,mbpp_498:1:0:2,real,mbpp,1d9647d3f6add5ce2a3e0e855ab3e46ac54fc69de8bf90619fba3eaf835161bd,True,False,random,0.02,-0.10623254626989365,-3.8093576431274414,False,False
2904,mbpp_498:1:0:2,real,mbpp,1d9647d3f6add5ce2a3e0e855ab3e46ac54fc69de8bf90619fba3eaf835161bd,True,False,random,0.05,-0.10615675151348114,-3.809281826019287,False,False
2904,mbpp_498:1:0:2,real,mbpp,1d9647d3f6add5ce2a3e0e855ab3e46ac54fc69de8bf90619fba3eaf835161bd,True,False,random,0.1,-0.10482419282197952,-3.8235743045806885,False,False
2904,mbpp_498:1:0:2,real,mbpp,1d9647d3f6add5ce2a3e0e855ab3e46ac54fc69de8bf90619fba3eaf835161bd,True,False,random,0.2,-0.1060522273182869,-3.8091771602630615,False,False
2904,mbpp_498:1:0:2,real,mbpp,1d9647d3f6add5ce2a3e0e855ab3e46ac54fc69de8bf90619fba3eaf835161bd,True,False,random,0.4,-0.10274531692266464,-3.821495294570923,False,False
2904,mbpp_498:1:0:2,real,mbpp,1d9647d3f6add5ce2a3e0e855ab3e46ac54fc69de8bf90619fba3eaf835161bd,True,False,shuffled,0.02,-0.10574286431074142,-3.824492931365967,False,False
2904,mbpp_498:1:0:2,real,mbpp,1d9647d3f6add5ce2a3e0e855ab3e46ac54fc69de8bf90619fba3eaf835161bd,True,False,shuffled,0.05,-0.10493636131286621,-3.823686361312866,False,False
2904,mbpp_498:1:0:2,real,mbpp,1d9647d3f6add5ce2a3e0e855ab3e46ac54fc69de8bf90619fba3eaf835161bd,True,False,shuffled,0.1,-0.10415820777416229,-3.8229081630706787,False,False
2904,mbpp_498:1:0:2,real,mbpp,1d9647d3f6add5ce2a3e0e855ab3e46ac54fc69de8bf90619fba3eaf835161bd,True,False,shuffled,0.2,-0.10546323657035828,-3.8085882663726807,False,False
2904,mbpp_498:1:0:2,real,mbpp,1d9647d3f6add5ce2a3e0e855ab3e46ac54fc69de8bf90619fba3eaf835161bd,True,False,shuffled,0.4,-0.11243347078561783,-3.721808433532715,False,False
2904,mbpp_498:1:0:2,real,mbpp,1d9647d3f6add5ce2a3e0e855ab3e46ac54fc69de8bf90619fba3eaf835161bd,True,False,wrong_site,0.02,-0.10487733036279678,-3.823627233505249,False,False
2904,mbpp_498:1:0:2,real,mbpp,1d9647d3f6add5ce2a3e0e855ab3e46ac54fc69de8bf90619fba3eaf835161bd,True,False,wrong_site,0.05,-0.10621088743209839,-3.809335947036743,False,False
2904,mbpp_498:1:0:2,real,mbpp,1d9647d3f6add5ce2a3e0e855ab3e46ac54fc69de8bf90619fba3eaf835161bd,True,False,wrong_site,0.1,-0.10621753334999084,-3.809342622756958,False,False
2904,mbpp_498:1:0:2,real,mbpp,1d9647d3f6add5ce2a3e0e855ab3e46ac54fc69de8bf90619fba3eaf835161bd,True,False,wrong_site,0.2,-0.10561008751392365,-3.8087351322174072,False,False
2904,mbpp_498:1:0:2,real,mbpp,1d9647d3f6add5ce2a3e0e855ab3e46ac54fc69de8bf90619fba3eaf835161bd,True,False,wrong_site,0.4,-0.10169532150030136,-3.8360702991485596,False,False
2904,mbpp_498:1:0:2,real,mbpp,1d9647d3f6add5ce2a3e0e855ab3e46ac54fc69de8bf90619fba3eaf835161bd,True,False,answer_site,0.02,-0.11726081371307373,-3.8360109329223633,False,False
2904,mbpp_498:1:0:2,real,mbpp,1d9647d3f6add5ce2a3e0e855ab3e46ac54fc69de8bf90619fba3eaf835161bd,True,False,answer_site,0.05,-0.1438399851322174,-3.8625900745391846,False,False
2904,mbpp_498:1:0:2,real,mbpp,1d9647d3f6add5ce2a3e0e855ab3e46ac54fc69de8bf90619fba3eaf835161bd,True,False,answer_site,0.1,-0.20588232576847076,-3.8933823108673096,False,False
2904,mbpp_498:1:0:2,real,mbpp,1d9647d3f6add5ce2a3e0e855ab3e46ac54fc69de8bf90619fba3eaf835161bd,True,False,answer_site,0.2,-0.43031045794487,-3.6021854877471924,True,False
2904,mbpp_498:1:0:2,real,mbpp,1d9647d3f6add5ce2a3e0e855ab3e46ac54fc69de8bf90619fba3eaf835161bd,True,False,answer_site,0.4,-0.8495896458625793,-3.0527145862579346,True,False
2904,mbpp_498:1:0:2,real,mbpp,1d9647d3f6add5ce2a3e0e855ab3e46ac54fc69de8bf90619fba3eaf835161bd,True,False,actuator_cond,0.02,-0.10585782676935196,-3.8246078491210938,False,False
2904,mbpp_498:1:0:2,real,mbpp,1d9647d3f6add5ce2a3e0e855ab3e46ac54fc69de8bf90619fba3eaf835161bd,True,False,actuator_cond,0.05,-0.10699419677257538,-3.825744152069092,False,False
2904,mbpp_498:1:0:2,real,mbpp,1d9647d3f6add5ce2a3e0e855ab3e46ac54fc69de8bf90619fba3eaf835161bd,True,False,actuator_cond,0.1,-0.1066993772983551,-3.8410744667053223,False,False
2904,mbpp_498:1:0:2,real,mbpp,1d9647d3f6add5ce2a3e0e855ab3e46ac54fc69de8bf90619fba3eaf835161bd,True,False,actuator_cond,0.2,-0.11210839450359344,-3.8152334690093994,False,False
2904,mbpp_498:1:0:2,real,mbpp,1d9647d3f6add5ce2a3e0e855ab3e46ac54fc69de8bf90619fba3eaf835161bd,True,False,actuator_cond,0.4,-0.1264858990907669,-3.829610824584961,False,False
2904,mbpp_498:1:0:2,real,mbpp,1d9647d3f6add5ce2a3e0e855ab3e46ac54fc69de8bf90619fba3eaf835161bd,True,False,actuator_answer,0.02,-0.13763047754764557,-3.3095054626464844,False,False
2904,mbpp_498:1:0:2,real,mbpp,1d9647d3f6add5ce2a3e0e855ab3e46ac54fc69de8bf90619fba3eaf835161bd,True,False,actuator_answer,0.05,-0.25013259053230286,-2.2970075607299805,False,False
2904,mbpp_498:1:0:2,real,mbpp,1d9647d3f6add5ce2a3e0e855ab3e46ac54fc69de8bf90619fba3eaf835161bd,True,False,actuator_answer,0.1,-1.0125601291656494,-0.7938100695610046,False,True
2904,mbpp_498:1:0:2,real,mbpp,1d9647d3f6add5ce2a3e0e855ab3e46ac54fc69de8bf90619fba3eaf835161bd,True,False,actuator_answer,0.2,-5.046074390411377,-0.1866993010044098,False,False
2904,mbpp_498:1:0:2,real,mbpp,1d9647d3f6add5ce2a3e0e855ab3e46ac54fc69de8bf90619fba3eaf835161bd,True,False,actuator_answer,0.4,-8.532297134399414,-0.03229706734418869,False,False
