row,member_id,split,source,group,taken,capable,condition,dose,logp_o,logp_flip,exact_o,exact_flip
93,syn_00057:0:0:1,syn_val,synthetic,b4da95ae8a4f170808959548baff6c50a1545c1dd129798bb1c57708046cf969,False,True,baseline,0.0,-0.8559792041778564,-2.9766845703125,True,False
93,syn_00057:0:0:1,syn_val,synthetic,b4da95ae8a4f170808959548baff6c50a1545c1dd129798bb1c57708046cf969,False,True,semantic,0.02,-0.8628363609313965,-2.9778037071228027,True,False
93,syn_00057:0:0:1,syn_val,synthetic,b4da95ae8a4f170808959548baff6c50a1545c1dd129798bb1c57708046cf969,False,True,semantic,0.05,-0.8617261648178101,-2.9743967056274414,True,False
93,syn_00057:0:0:1,syn_val,synthetic,b4da95ae8a4f170808959548baff6c50a1545c1dd129798bb1c57708046cf969,False,True,semantic,0.1,-0.854054868221283,-2.9933173656463623,True,False
93,syn_00057:0:0:1,syn_val,synthetic,b4da95ae8a4f170808959548baff6c50a1545c1dd129798bb1c57708046cf969,False,True,semantic,0.2,-0.8642545938491821,-3.0158791542053223,True,False
93,syn_00057:0:0:1,syn_val,synthetic,b4da95ae8a4f170808959548baff6c50a1545c1dd129798bb1c57708046cf969,False,True,semantic,0.4,-0.8852993249893188,-3.0177059173583984,True,False
93,syn_00057:0:0:1,syn_val,synthetic,b4da95ae8a4f170808959548baff6c50a1545c1dd129798bb1c57708046cf969,False,True,reverse,0.02,-0.8653980493545532,-2.9716835021972656,True,False
93,syn_00057:0:0:1,syn_val,synthetic,b4da95ae8a4f170808959548baff6c50a1545c1dd129798bb1c57708046cf969,False,True,reverse,0.05,-0.8616743683815002,-2.973867893218994,True,False
93,syn_00057:0:0:1,syn_val,synthetic,b4da95ae8a4f170808959548baff6c50a1545c1dd129798bb1c57708046cf969,False,True,reverse,0.1,-0.8727161884307861,-2.975597858428955,True,False
93,syn_00057:0:0:1,syn_val,synthetic,b4da95ae8a4f170808959548baff6c50a1545c1dd129798bb1c57708046cf969,False,True,reverse,0.2,-0.9023718237876892,-3.016842842102051,True,False
93,syn_00057:0:0:1,syn_val,synthetic,b4da95ae8a4f170808959548baff6c50a1545c1dd129798bb1c57708046cf969,False,True,reverse,0.4,-1.061368703842163,-3.1307084560394287,True,False
93,syn_00057:0:0:1,syn_val,synthetic,b4da95ae8a4f170808959548baff6c50a1545c1dd129798bb1c57708046cf969,False,True,random,0.02,-0.8558859825134277,-2.9890503883361816,True,False
93,syn_00057:0:0:1,syn_val,synthetic,b4da95ae8a4f170808959548baff6c50a1545c1dd129798bb1c57708046cf969,False,True,random,0.05,-0.8673809766769409,-2.9747562408447266,True,False
93,syn_00057:0:0:1,syn_val,synthetic,b4da95ae8a4f170808959548baff6c50a1545c1dd129798bb1c57708046cf969,False,True,random,0.1,-0.8649380207061768,-2.9882469177246094,True,False
93,syn_00057:0:0:1,syn_val,synthetic,b4da95ae8a4f170808959548baff6c50a1545c1dd129798bb1c57708046cf969,False,True,random,0.2,-0.8777008056640625,-2.978640079498291,True,False
93,syn_00057:0:0:1,syn_val,synthetic,b4da95ae8a4f170808959548baff6c50a1545c1dd129798bb1c57708046cf969,False,True,random,0.4,-0.9136576652526855,-2.9935741424560547,True,False
93,syn_00057:0:0:1,syn_val,synthetic,b4da95ae8a4f170808959548baff6c50a1545c1dd129798bb1c57708046cf969,False,True,shuffled,0.02,-0.8560969829559326,-2.9779300689697266,True,False
93,syn_00057:0:0:1,syn_val,synthetic,b4da95ae8a4f170808959548baff6c50a1545c1dd129798bb1c57708046cf969,False,True,shuffled,0.05,-0.8662587404251099,-2.960191249847412,True,False
93,syn_00057:0:0:1,syn_val,synthetic,b4da95ae8a4f170808959548baff6c50a1545c1dd129798bb1c57708046cf969,False,True,shuffled,0.1,-0.8791710138320923,-2.9575276374816895,True,False
93,syn_00057:0:0:1,syn_val,synthetic,b4da95ae8a4f170808959548baff6c50a1545c1dd129798bb1c57708046cf969,False,True,shuffled,0.2,-0.8927417397499084,-2.9514012336730957,True,False
93,syn_00057:0:0:1,syn_val,synthetic,b4da95ae8a4f170808959548baff6c50a1545c1dd129798bb1c57708046cf969,False,True,shuffled,0.4,-0.9053400158882141,-2.9283580780029297,True,False
93,syn_00057:0:0:1,syn_val,synthetic,b4da95ae8a4f170808959548baff6c50a1545c1dd129798bb1c57708046cf969,False,True,wrong_site,0.02,-0.860080361366272,-2.9910075664520264,True,False
93,syn_00057:0:0:1,syn_val,synthetic,b4da95ae8a4f170808959548baff6c50a1545c1dd129798bb1c57708046cf969,False,True,wrong_site,0.05,-0.8546630144119263,-2.977630376815796,True,False
93,syn_00057:0:0:1,syn_val,synthetic,b4da95ae8a4f170808959548baff6c50a1545c1dd129798bb1c57708046cf969,False,True,wrong_site,0.1,-0.8631812334060669,-2.969346523284912,True,False
93,syn_00057:0:0:1,syn_val,synthetic,b4da95ae8a4f170808959548baff6c50a1545c1dd129798bb1c57708046cf969,False,True,wrong_site,0.2,-0.8618884682655334,-2.9631268978118896,True,False
93,syn_00057:0:0:1,syn_val,synthetic,b4da95ae8a4f170808959548baff6c50a1545c1dd129798bb1c57708046cf969,False,True,wrong_site,0.4,-0.862371563911438,-2.9406464099884033,True,False
93,syn_00057:0:0:1,syn_val,synthetic,b4da95ae8a4f170808959548baff6c50a1545c1dd129798bb1c57708046cf969,False,True,answer_site,0.02,-0.862575888633728,-2.9474778175354004,True,False
93,syn_00057:0:0:1,syn_val,synthetic,b4da95ae8a4f170808959548baff6c50a1545c1dd129798bb1c57708046cf969,False,True,answer_site,0.05,-0.8671542406082153,-2.921372890472412,True,False
93,syn_00057:0:0:1,syn_val,synthetic,b4da95ae8a4f170808959548baff6c50a1545c1dd129798bb1c57708046cf969,False,True,answer_site,0.1,-0.8605070114135742,-2.8772621154785156,True,False
93,syn_00057:0:0:1,syn_val,synthetic,b4da95ae8a4f170808959548baff6c50a1545c1dd129798bb1c57708046cf969,False,True,answer_site,0.2,-0.8783707618713379,-2.809891700744629,True,False
93,syn_00057:0:0:1,syn_val,synthetic,b4da95ae8a4f170808959548baff6c50a1545c1dd129798bb1c57708046cf969,False,True,answer_site,0.4,-3.5797691345214844,-5.494554042816162,False,False
93,syn_00057:0:0:1,syn_val,synthetic,b4da95ae8a4f170808959548baff6c50a1545c1dd129798bb1c57708046cf969,False,True,actuator_cond,0.02,-0.8604704737663269,-2.982534408569336,True,False
93,syn_00057:0:0:1,syn_val,synthetic,b4da95ae8a4f170808959548baff6c50a1545c1dd129798bb1c57708046cf969,False,True,actuator_cond,0.05,-0.8718210458755493,-2.9830565452575684,True,False
93,syn_00057:0:0:1,syn_val,synthetic,b4da95ae8a4f170808959548baff6c50a1545c1dd129798bb1c57708046cf969,False,True,actuator_cond,0.1,-0.8809677362442017,-2.9939002990722656,True,False
93,syn_00057:0:0:1,syn_val,synthetic,b4da95ae8a4f170808959548baff6c50a1545c1dd129798bb1c57708046cf969,False,True,actuator_cond,0.2,-0.9173560738563538,-3.041044235229492,True,False
93,syn_00057:0:0:1,syn_val,synthetic,b4da95ae8a4f170808959548baff6c50a1545c1dd129798bb1c57708046cf969,False,True,actuator_cond,0.4,-1.0125597715377808,-3.0630669593811035,True,False
93,syn_00057:0:0:1,syn_val,synthetic,b4da95ae8a4f170808959548baff6c50a1545c1dd129798bb1c57708046cf969,False,True,actuator_answer,0.02,-0.8617793321609497,-2.9656009674072266,True,False
93,syn_00057:0:0:1,syn_val,synthetic,b4da95ae8a4f170808959548baff6c50a1545c1dd129798bb1c57708046cf969,False,True,actuator_answer,0.05,-0.8557509183883667,-2.9775919914245605,True,False
93,syn_00057:0:0:1,syn_val,synthetic,b4da95ae8a4f170808959548baff6c50a1545c1dd129798bb1c57708046cf969,False,True,actuator_answer,0.1,-0.8795272707939148,-2.954960346221924,True,False
93,syn_00057:0:0:1,syn_val,synthetic,b4da95ae8a4f170808959548baff6c50a1545c1dd129798bb1c57708046cf969,False,True,actuator_answer,0.2,-1.0122119188308716,-3.017303943634033,True,False
93,syn_00057:0:0:1,syn_val,synthetic,b4da95ae8a4f170808959548baff6c50a1545c1dd129798bb1c57708046cf969,False,True,actuator_answer,0.4,-3.8366503715515137,-5.67169189453125,False,False
94,syn_00057:0:0:2,syn_val,synthetic,b4da95ae8a4f170808959548baff6c50a1545c1dd129798bb1c57708046cf969,False,True,baseline,0.0,-0.683337390422821,-2.5622377395629883,True,False
94,syn_00057:0:0:2,syn_val,synthetic,b4da95ae8a4f170808959548baff6c50a1545c1dd129798bb1c57708046cf969,False,True,semantic,0.02,-0.6900926828384399,-2.5484554767608643,True,False
94,syn_00057:0:0:2,syn_val,synthetic,b4da95ae8a4f170808959548baff6c50a1545c1dd129798bb1c57708046cf969,False,True,semantic,0.05,-0.6830794811248779,-2.565364360809326,True,False
94,syn_00057:0:0:2,syn_val,synthetic,b4da95ae8a4f170808959548baff6c50a1545c1dd129798bb1c57708046cf969,False,True,semantic,0.1,-0.6767064332962036,-2.572261333465576,True,False
94,syn_00057:0:0:2,syn_val,synthetic,b4da95ae8a4f170808959548baff6c50a1545c1dd129798bb1c57708046cf969,False,True,semantic,0.2,-0.6786559820175171,-2.5765843391418457,True,False
94,syn_00057:0:0:2,syn_val,synthetic,b4da95ae8a4f170808959548baff6c50a1545c1dd129798bb1c57708046cf969,False,True,semantic,0.4,-0.6855815052986145,-2.5900321006774902,True,False
94,syn_00057:0:0:2,syn_val,synthetic,b4da95ae8a4f170808959548baff6c50a1545c1dd129798bb1c57708046cf969,False,True,reverse,0.02,-0.6901944875717163,-2.5501785278320312,True,False
94,syn_00057:0:0:2,syn_val,synthetic,b4da95ae8a4f170808959548baff6c50a1545c1dd129798bb1c57708046cf969,False,True,reverse,0.05,-0.6912909150123596,-2.554861068725586,True,False
94,syn_00057:0:0:2,syn_val,synthetic,b4da95ae8a4f170808959548baff6c50a1545c1dd129798bb1c57708046cf969,False,True,reverse,0.1,-0.6907989978790283,-2.5610604286193848,True,False
94,syn_00057:0:0:2,syn_val,synthetic,b4da95ae8a4f170808959548baff6c50a1545c1dd129798bb1c57708046cf969,False,True,reverse,0.2,-0.6946494579315186,-2.5730273723602295,True,False
94,syn_00057:0:0:2,syn_val,synthetic,b4da95ae8a4f170808959548baff6c50a1545c1dd129798bb1c57708046cf969,False,True,reverse,0.4,-0.7232449054718018,-2.5822865962982178,True,False
94,syn_00057:0:0:2,syn_val,synthetic,b4da95ae8a4f170808959548baff6c50a1545c1dd129798bb1c57708046cf969,False,True,random,0.02,-0.6897033452987671,-2.5494227409362793,True,False
94,syn_00057:0:0:2,syn_val,synthetic,b4da95ae8a4f170808959548baff6c50a1545c1dd129798bb1c57708046cf969,False,True,random,0.05,-0.6889861226081848,-2.5370163917541504,True,False
94,syn_00057:0:0:2,syn_val,synthetic,b4da95ae8a4f170808959548baff6c50a1545c1dd129798bb1c57708046cf969,False,True,random,0.1,-0.6887900829315186,-2.5429129600524902,True,False
94,syn_00057:0:0:2,syn_val,synthetic,b4da95ae8a4f170808959548baff6c50a1545c1dd129798bb1c57708046cf969,False,True,random,0.2,-0.6959466934204102,-2.529059886932373,True,False
94,syn_00057:0:0:2,syn_val,synthetic,b4da95ae8a4f170808959548baff6c50a1545c1dd129798bb1c57708046cf969,False,True,random,0.4,-0.7032970190048218,-2.4870426654815674,True,False
94,syn_00057:0:0:2,syn_val,synthetic,b4da95ae8a4f170808959548baff6c50a1545c1dd129798bb1c57708046cf969,False,True,shuffled,0.02,-0.6846641302108765,-2.5587730407714844,True,False
94,syn_00057:0:0:2,syn_val,synthetic,b4da95ae8a4f170808959548baff6c50a1545c1dd129798bb1c57708046cf969,False,True,shuffled,0.05,-0.6898695230484009,-2.53928279876709,True,False
94,syn_00057:0:0:2,syn_val,synthetic,b4da95ae8a4f170808959548baff6c50a1545c1dd129798bb1c57708046cf969,False,True,shuffled,0.1,-0.6974616050720215,-2.5394999980926514,True,False
94,syn_00057:0:0:2,syn_val,synthetic,b4da95ae8a4f170808959548baff6c50a1545c1dd129798bb1c57708046cf969,False,True,shuffled,0.2,-0.7001301050186157,-2.5151944160461426,True,False
94,syn_00057:0:0:2,syn_val,synthetic,b4da95ae8a4f170808959548baff6c50a1545c1dd129798bb1c57708046cf969,False,True,shuffled,0.4,-0.6905731558799744,-2.526541233062744,True,False
94,syn_00057:0:0:2,syn_val,synthetic,b4da95ae8a4f170808959548baff6c50a1545c1dd129798bb1c57708046cf969,False,True,wrong_site,0.02,-0.6900837421417236,-2.552151679992676,True,False
94,syn_00057:0:0:2,syn_val,synthetic,b4da95ae8a4f170808959548baff6c50a1545c1dd129798bb1c57708046cf969,False,True,wrong_site,0.05,-0.6899505853652954,-2.5520095825195312,True,False
94,syn_00057:0:0:2,syn_val,synthetic,b4da95ae8a4f170808959548baff6c50a1545c1dd129798bb1c57708046cf969,False,True,wrong_site,0.1,-0.6902170777320862,-2.5488502979278564,True,False
94,syn_00057:0:0:2,syn_val,synthetic,b4da95ae8a4f170808959548baff6c50a1545c1dd129798bb1c57708046cf969,False,True,wrong_site,0.2,-0.6810579299926758,-2.565453052520752,True,False
94,syn_00057:0:0:2,syn_val,synthetic,b4da95ae8a4f170808959548baff6c50a1545c1dd129798bb1c57708046cf969,False,True,wrong_site,0.4,-0.6889620423316956,-2.53635311126709,True,False
94,syn_00057:0:0:2,syn_val,synthetic,b4da95ae8a4f170808959548baff6c50a1545c1dd129798bb1c57708046cf969,False,True,answer_site,0.02,-0.7028014063835144,-2.526090383529663,True,False
94,syn_00057:0:0:2,syn_val,synthetic,b4da95ae8a4f170808959548baff6c50a1545c1dd129798bb1c57708046cf969,False,True,answer_site,0.05,-0.7193973064422607,-2.5175929069519043,True,False
94,syn_00057:0:0:2,syn_val,synthetic,b4da95ae8a4f170808959548baff6c50a1545c1dd129798bb1c57708046cf969,False,True,answer_site,0.1,-0.7518775463104248,-2.4892070293426514,True,False
94,syn_00057:0:0:2,syn_val,synthetic,b4da95ae8a4f170808959548baff6c50a1545c1dd129798bb1c57708046cf969,False,True,answer_site,0.2,-0.8328360319137573,-2.4733030796051025,True,False
94,syn_00057:0:0:2,syn_val,synthetic,b4da95ae8a4f170808959548baff6c50a1545c1dd129798bb1c57708046cf969,False,True,answer_site,0.4,-4.080870628356934,-5.742525100708008,False,False
94,syn_00057:0:0:2,syn_val,synthetic,b4da95ae8a4f170808959548baff6c50a1545c1dd129798bb1c57708046cf969,False,True,actuator_cond,0.02,-0.690119206905365,-2.5524232387542725,True,False
94,syn_00057:0:0:2,syn_val,synthetic,b4da95ae8a4f170808959548baff6c50a1545c1dd129798bb1c57708046cf969,False,True,actuator_cond,0.05,-0.6917328834533691,-2.5540575981140137,True,False
94,syn_00057:0:0:2,syn_val,synthetic,b4da95ae8a4f170808959548baff6c50a1545c1dd129798bb1c57708046cf969,False,True,actuator_cond,0.1,-0.6940141916275024,-2.562190055847168,True,False
94,syn_00057:0:0:2,syn_val,synthetic,b4da95ae8a4f170808959548baff6c50a1545c1dd129798bb1c57708046cf969,False,True,actuator_cond,0.2,-0.7024694085121155,-2.586945056915283,True,False
94,syn_00057:0:0:2,syn_val,synthetic,b4da95ae8a4f170808959548baff6c50a1545c1dd129798bb1c57708046cf969,False,True,actuator_cond,0.4,-0.7535356879234314,-2.5536835193634033,True,False
94,syn_00057:0:0:2,syn_val,synthetic,b4da95ae8a4f170808959548baff6c50a1545c1dd129798bb1c57708046cf969,False,True,actuator_answer,0.02,-0.6920517086982727,-2.5550084114074707,True,False
94,syn_00057:0:0:2,syn_val,synthetic,b4da95ae8a4f170808959548baff6c50a1545c1dd129798bb1c57708046cf969,False,True,actuator_answer,0.05,-0.6995367407798767,-2.5618300437927246,True,False
94,syn_00057:0:0:2,syn_val,synthetic,b4da95ae8a4f170808959548baff6c50a1545c1dd129798bb1c57708046cf969,False,True,actuator_answer,0.1,-0.7228944897651672,-2.602692127227783,True,False
94,syn_00057:0:0:2,syn_val,synthetic,b4da95ae8a4f170808959548baff6c50a1545c1dd129798bb1c57708046cf969,False,True,actuator_answer,0.2,-0.909187912940979,-2.7252399921417236,True,False
94,syn_00057:0:0:2,syn_val,synthetic,b4da95ae8a4f170808959548baff6c50a1545c1dd129798bb1c57708046cf969,False,True,actuator_answer,0.4,-3.9433135986328125,-5.557200908660889,False,False
128,syn_00075:0:0:1,syn_val,synthetic,c697c4a196143c71bcaa8d8cb4aee41f7b7b616cf258dc20beee95a457c3eb51,False,True,baseline,0.0,-1.2851861715316772,-1.5632632970809937,True,False
128,syn_00075:0:0:1,syn_val,synthetic,c697c4a196143c71bcaa8d8cb4aee41f7b7b616cf258dc20beee95a457c3eb51,False,True,semantic,0.02,-1.2851365804672241,-1.5632206201553345,True,False
128,syn_00075:0:0:1,syn_val,synthetic,c697c4a196143c71bcaa8d8cb4aee41f7b7b616cf258dc20beee95a457c3eb51,False,True,semantic,0.05,-1.2825831174850464,-1.574846625328064,True,False
128,syn_00075:0:0:1,syn_val,synthetic,c697c4a196143c71bcaa8d8cb4aee41f7b7b616cf258dc20beee95a457c3eb51,False,True,semantic,0.1,-1.2870538234710693,-1.5651438236236572,True,False
128,syn_00075:0:0:1,syn_val,synthetic,c697c4a196143c71bcaa8d8cb4aee41f7b7b616cf258dc20beee95a457c3eb51,False,True,semantic,0.2,-1.2905057668685913,-1.5696728229522705,True,False
128,syn_00075:0:0:1,syn_val,synthetic,c697c4a196143c71bcaa8d8cb4aee41f7b7b616cf258dc20beee95a457c3eb51,False,True,semantic,0.4,-1.3048443794250488,-1.5788038969039917,True,False
128,syn_00075:0:0:1,syn_val,synthetic,c697c4a196143c71bcaa8d8cb4aee41f7b7b616cf258dc20beee95a457c3eb51,False,True,reverse,0.02,-1.2828447818756104,-1.5686042308807373,True,False
128,syn_00075:0:0:1,syn_val,synthetic,c697c4a196143c71bcaa8d8cb4aee41f7b7b616cf258dc20beee95a457c3eb51,False,True,reverse,0.05,-1.2764068841934204,-1.5704838037490845,True,False
128,syn_00075:0:0:1,syn_val,synthetic,c697c4a196143c71bcaa8d8cb4aee41f7b7b616cf258dc20beee95a457c3eb51,False,True,reverse,0.1,-1.272632360458374,-1.5588511228561401,True,False
128,syn_00075:0:0:1,syn_val,synthetic,c697c4a196143c71bcaa8d8cb4aee41f7b7b616cf258dc20beee95a457c3eb51,False,True,reverse,0.2,-1.26691472530365,-1.572180986404419,True,False
128,syn_00075:0:0:1,syn_val,synthetic,c697c4a196143c71bcaa8d8cb4aee41f7b7b616cf258dc20beee95a457c3eb51,False,True,reverse,0.4,-1.2529387474060059,-1.5954835414886475,True,False
128,syn_00075:0:0:1,syn_val,synthetic,c697c4a196143c71bcaa8d8cb4aee41f7b7b616cf258dc20beee95a457c3eb51,False,True,random,0.02,-1.2856999635696411,-1.5642926692962646,True,False
128,syn_00075:0:0:1,syn_val,synthetic,c697c4a196143c71bcaa8d8cb4aee41f7b7b616cf258dc20beee95a457c3eb51,False,True,random,0.05,-1.2876899242401123,-1.5747528076171875,True,False
128,syn_00075:0:0:1,syn_val,synthetic,c697c4a196143c71bcaa8d8cb4aee41f7b7b616cf258dc20beee95a457c3eb51,False,True,random,0.1,-1.2896416187286377,-1.5643141269683838,True,False
128,syn_00075:0:0:1,syn_val,synthetic,c697c4a196143c71bcaa8d8cb4aee41f7b7b616cf258dc20beee95a457c3eb51,False,True,random,0.2,-1.2985310554504395,-1.5595276355743408,True,False
128,syn_00075:0:0:1,syn_val,synthetic,c697c4a196143c71bcaa8d8cb4aee41f7b7b616cf258dc20beee95a457c3eb51,False,True,random,0.4,-1.3187310695648193,-1.5611141920089722,True,False
128,syn_00075:0:0:1,syn_val,synthetic,c697c4a196143c71bcaa8d8cb4aee41f7b7b616cf258dc20beee95a457c3eb51,False,True,shuffled,0.02,-1.2842559814453125,-1.5611940622329712,True,False
128,syn_00075:0:0:1,syn_val,synthetic,c697c4a196143c71bcaa8d8cb4aee41f7b7b616cf258dc20beee95a457c3eb51,False,True,shuffled,0.05,-1.2848454713821411,-1.5620867013931274,True,False
128,syn_00075:0:0:1,syn_val,synthetic,c697c4a196143c71bcaa8d8cb4aee41f7b7b616cf258dc20beee95a457c3eb51,False,True,shuffled,0.1,-1.2923316955566406,-1.5683979988098145,True,False
128,syn_00075:0:0:1,syn_val,synthetic,c697c4a196143c71bcaa8d8cb4aee41f7b7b616cf258dc20beee95a457c3eb51,False,True,shuffled,0.2,-1.2836498022079468,-1.5744562149047852,True,False
128,syn_00075:0:0:1,syn_val,synthetic,c697c4a196143c71bcaa8d8cb4aee41f7b7b616cf258dc20beee95a457c3eb51,False,True,shuffled,0.4,-1.2813489437103271,-1.5864248275756836,True,False
128,syn_00075:0:0:1,syn_val,synthetic,c697c4a196143c71bcaa8d8cb4aee41f7b7b616cf258dc20beee95a457c3eb51,False,True,wrong_site,0.02,-1.2861040830612183,-1.564174771308899,True,False
128,syn_00075:0:0:1,syn_val,synthetic,c697c4a196143c71bcaa8d8cb4aee41f7b7b616cf258dc20beee95a457c3eb51,False,True,wrong_site,0.05,-1.2859678268432617,-1.5629136562347412,True,False
128,syn_00075:0:0:1,syn_val,synthetic,c697c4a196143c71bcaa8d8cb4aee41f7b7b616cf258dc20beee95a457c3eb51,False,True,wrong_site,0.1,-1.287888526916504,-1.565981149673462,True,False
128,syn_00075:0:0:1,syn_val,synthetic,c697c4a196143c71bcaa8d8cb4aee41f7b7b616cf258dc20beee95a457c3eb51,False,True,wrong_site,0.2,-1.2767823934555054,-1.5716201066970825,True,False
128,syn_00075:0:0:1,syn_val,synthetic,c697c4a196143c71bcaa8d8cb4aee41f7b7b616cf258dc20beee95a457c3eb51,False,True,wrong_site,0.4,-1.277793049812317,-1.57179856300354,True,False
128,syn_00075:0:0:1,syn_val,synthetic,c697c4a196143c71bcaa8d8cb4aee41f7b7b616cf258dc20beee95a457c3eb51,False,True,answer_site,0.02,-1.3006410598754883,-1.5458595752716064,True,False
128,syn_00075:0:0:1,syn_val,synthetic,c697c4a196143c71bcaa8d8cb4aee41f7b7b616cf258dc20beee95a457c3eb51,False,True,answer_site,0.05,-1.3115136623382568,-1.5538480281829834,True,False
128,syn_00075:0:0:1,syn_val,synthetic,c697c4a196143c71bcaa8d8cb4aee41f7b7b616cf258dc20beee95a457c3eb51,False,True,answer_site,0.1,-1.3373737335205078,-1.5721709728240967,True,False
128,syn_00075:0:0:1,syn_val,synthetic,c697c4a196143c71bcaa8d8cb4aee41f7b7b616cf258dc20beee95a457c3eb51,False,True,answer_site,0.2,-1.3597931861877441,-1.7078548669815063,True,False
128,syn_00075:0:0:1,syn_val,synthetic,c697c4a196143c71bcaa8d8cb4aee41f7b7b616cf258dc20beee95a457c3eb51,False,True,answer_site,0.4,-1.441980004310608,-1.9668266773223877,True,False
128,syn_00075:0:0:1,syn_val,synthetic,c697c4a196143c71bcaa8d8cb4aee41f7b7b616cf258dc20beee95a457c3eb51,False,True,actuator_cond,0.02,-1.2767307758331299,-1.5630418062210083,True,False
128,syn_00075:0:0:1,syn_val,synthetic,c697c4a196143c71bcaa8d8cb4aee41f7b7b616cf258dc20beee95a457c3eb51,False,True,actuator_cond,0.05,-1.2865612506866455,-1.5635154247283936,True,False
128,syn_00075:0:0:1,syn_val,synthetic,c697c4a196143c71bcaa8d8cb4aee41f7b7b616cf258dc20beee95a457c3eb51,False,True,actuator_cond,0.1,-1.2996989488601685,-1.5600873231887817,True,False
128,syn_00075:0:0:1,syn_val,synthetic,c697c4a196143c71bcaa8d8cb4aee41f7b7b616cf258dc20beee95a457c3eb51,False,True,actuator_cond,0.2,-1.3109354972839355,-1.5695514678955078,True,False
128,syn_00075:0:0:1,syn_val,synthetic,c697c4a196143c71bcaa8d8cb4aee41f7b7b616cf258dc20beee95a457c3eb51,False,True,actuator_cond,0.4,-1.3169224262237549,-1.6192599534988403,True,False
128,syn_00075:0:0:1,syn_val,synthetic,c697c4a196143c71bcaa8d8cb4aee41f7b7b616cf258dc20beee95a457c3eb51,False,True,actuator_answer,0.02,-1.2737667560577393,-1.5640205144882202,True,False
128,syn_00075:0:0:1,syn_val,synthetic,c697c4a196143c71bcaa8d8cb4aee41f7b7b616cf258dc20beee95a457c3eb51,False,True,actuator_answer,0.05,-1.2635974884033203,-1.5659396648406982,True,False
128,syn_00075:0:0:1,syn_val,synthetic,c697c4a196143c71bcaa8d8cb4aee41f7b7b616cf258dc20beee95a457c3eb51,False,True,actuator_answer,0.1,-1.2508529424667358,-1.5915818214416504,True,False
128,syn_00075:0:0:1,syn_val,synthetic,c697c4a196143c71bcaa8d8cb4aee41f7b7b616cf258dc20beee95a457c3eb51,False,True,actuator_answer,0.2,-1.2418299913406372,-1.739810585975647,True,False
128,syn_00075:0:0:1,syn_val,synthetic,c697c4a196143c71bcaa8d8cb4aee41f7b7b616cf258dc20beee95a457c3eb51,False,True,actuator_answer,0.4,-5.929605484008789,-6.650036811828613,False,False
198,syn_00112:0:0:2,syn_val,synthetic,ee721611ee5ff65f152276a60b4f525ccbef1fc9a8dd0f6f948c8cf9f1319c3a,True,True,baseline,0.0,-0.8369673490524292,-1.0585881471633911,True,False
198,syn_00112:0:0:2,syn_val,synthetic,ee721611ee5ff65f152276a60b4f525ccbef1fc9a8dd0f6f948c8cf9f1319c3a,True,True,semantic,0.02,-0.8373868465423584,-1.0591840744018555,True,False
198,syn_00112:0:0:2,syn_val,synthetic,ee721611ee5ff65f152276a60b4f525ccbef1fc9a8dd0f6f948c8cf9f1319c3a,True,True,semantic,0.05,-0.8374229073524475,-1.0593901872634888,True,False
198,syn_00112:0:0:2,syn_val,synthetic,ee721611ee5ff65f152276a60b4f525ccbef1fc9a8dd0f6f948c8cf9f1319c3a,True,True,semantic,0.1,-0.836198091506958,-1.0616686344146729,True,False
198,syn_00112:0:0:2,syn_val,synthetic,ee721611ee5ff65f152276a60b4f525ccbef1fc9a8dd0f6f948c8cf9f1319c3a,True,True,semantic,0.2,-0.8262977004051208,-1.0848748683929443,True,False
198,syn_00112:0:0:2,syn_val,synthetic,ee721611ee5ff65f152276a60b4f525ccbef1fc9a8dd0f6f948c8cf9f1319c3a,True,True,semantic,0.4,-0.813001275062561,-1.1285643577575684,True,False
198,syn_00112:0:0:2,syn_val,synthetic,ee721611ee5ff65f152276a60b4f525ccbef1fc9a8dd0f6f948c8cf9f1319c3a,True,True,reverse,0.02,-0.8382318615913391,-1.0401287078857422,True,False
198,syn_00112:0:0:2,syn_val,synthetic,ee721611ee5ff65f152276a60b4f525ccbef1fc9a8dd0f6f948c8cf9f1319c3a,True,True,reverse,0.05,-0.8505527377128601,-1.0393459796905518,True,False
198,syn_00112:0:0:2,syn_val,synthetic,ee721611ee5ff65f152276a60b4f525ccbef1fc9a8dd0f6f948c8cf9f1319c3a,True,True,reverse,0.1,-0.8366560935974121,-1.0555821657180786,True,False
198,syn_00112:0:0:2,syn_val,synthetic,ee721611ee5ff65f152276a60b4f525ccbef1fc9a8dd0f6f948c8cf9f1319c3a,True,True,reverse,0.2,-0.8263500332832336,-1.0744659900665283,True,False
198,syn_00112:0:0:2,syn_val,synthetic,ee721611ee5ff65f152276a60b4f525ccbef1fc9a8dd0f6f948c8cf9f1319c3a,True,True,reverse,0.4,-0.8044013977050781,-1.1121331453323364,True,False
198,syn_00112:0:0:2,syn_val,synthetic,ee721611ee5ff65f152276a60b4f525ccbef1fc9a8dd0f6f948c8cf9f1319c3a,True,True,random,0.02,-0.8359556794166565,-1.0587712526321411,True,False
198,syn_00112:0:0:2,syn_val,synthetic,ee721611ee5ff65f152276a60b4f525ccbef1fc9a8dd0f6f948c8cf9f1319c3a,True,True,random,0.05,-0.8503485918045044,-1.040959358215332,True,False
198,syn_00112:0:0:2,syn_val,synthetic,ee721611ee5ff65f152276a60b4f525ccbef1fc9a8dd0f6f948c8cf9f1319c3a,True,True,random,0.1,-0.837155282497406,-1.0593070983886719,True,False
198,syn_00112:0:0:2,syn_val,synthetic,ee721611ee5ff65f152276a60b4f525ccbef1fc9a8dd0f6f948c8cf9f1319c3a,True,True,random,0.2,-0.8374369144439697,-1.0596487522125244,True,False
198,syn_00112:0:0:2,syn_val,synthetic,ee721611ee5ff65f152276a60b4f525ccbef1fc9a8dd0f6f948c8cf9f1319c3a,True,True,random,0.4,-0.8038526177406311,-1.1183401346206665,True,False
198,syn_00112:0:0:2,syn_val,synthetic,ee721611ee5ff65f152276a60b4f525ccbef1fc9a8dd0f6f948c8cf9f1319c3a,True,True,shuffled,0.02,-0.8352105021476746,-1.0583592653274536,True,False
198,syn_00112:0:0:2,syn_val,synthetic,ee721611ee5ff65f152276a60b4f525ccbef1fc9a8dd0f6f948c8cf9f1319c3a,True,True,shuffled,0.05,-0.8359509706497192,-1.0594203472137451,True,False
198,syn_00112:0:0:2,syn_val,synthetic,ee721611ee5ff65f152276a60b4f525ccbef1fc9a8dd0f6f948c8cf9f1319c3a,True,True,shuffled,0.1,-0.8338218927383423,-1.058469295501709,True,False
198,syn_00112:0:0:2,syn_val,synthetic,ee721611ee5ff65f152276a60b4f525ccbef1fc9a8dd0f6f948c8cf9f1319c3a,True,True,shuffled,0.2,-0.8210874199867249,-1.0798616409301758,True,False
198,syn_00112:0:0:2,syn_val,synthetic,ee721611ee5ff65f152276a60b4f525ccbef1fc9a8dd0f6f948c8cf9f1319c3a,True,True,shuffled,0.4,-0.8399774432182312,-1.0950334072113037,True,False
198,syn_00112:0:0:2,syn_val,synthetic,ee721611ee5ff65f152276a60b4f525ccbef1fc9a8dd0f6f948c8cf9f1319c3a,True,True,wrong_site,0.02,-0.8368433117866516,-1.0592243671417236,True,False
198,syn_00112:0:0:2,syn_val,synthetic,ee721611ee5ff65f152276a60b4f525ccbef1fc9a8dd0f6f948c8cf9f1319c3a,True,True,wrong_site,0.05,-0.838829517364502,-1.05965256690979,True,False
198,syn_00112:0:0:2,syn_val,synthetic,ee721611ee5ff65f152276a60b4f525ccbef1fc9a8dd0f6f948c8cf9f1319c3a,True,True,wrong_site,0.1,-0.8394158482551575,-1.0601614713668823,True,False
198,syn_00112:0:0:2,syn_val,synthetic,ee721611ee5ff65f152276a60b4f525ccbef1fc9a8dd0f6f948c8cf9f1319c3a,True,True,wrong_site,0.2,-0.8407403826713562,-1.061572790145874,True,False
198,syn_00112:0:0:2,syn_val,synthetic,ee721611ee5ff65f152276a60b4f525ccbef1fc9a8dd0f6f948c8cf9f1319c3a,True,True,wrong_site,0.4,-0.8581513166427612,-1.0459280014038086,True,False
198,syn_00112:0:0:2,syn_val,synthetic,ee721611ee5ff65f152276a60b4f525ccbef1fc9a8dd0f6f948c8cf9f1319c3a,True,True,answer_site,0.02,-0.8294448852539062,-1.0849136114120483,True,False
198,syn_00112:0:0:2,syn_val,synthetic,ee721611ee5ff65f152276a60b4f525ccbef1fc9a8dd0f6f948c8cf9f1319c3a,True,True,answer_site,0.05,-0.8276530504226685,-1.1173597574234009,True,False
198,syn_00112:0:0:2,syn_val,synthetic,ee721611ee5ff65f152276a60b4f525ccbef1fc9a8dd0f6f948c8cf9f1319c3a,True,True,answer_site,0.1,-0.8087654113769531,-1.2280282974243164,True,False
198,syn_00112:0:0:2,syn_val,synthetic,ee721611ee5ff65f152276a60b4f525ccbef1fc9a8dd0f6f948c8cf9f1319c3a,True,True,answer_site,0.2,-0.8636636137962341,-1.4160023927688599,True,False
198,syn_00112:0:0:2,syn_val,synthetic,ee721611ee5ff65f152276a60b4f525ccbef1fc9a8dd0f6f948c8cf9f1319c3a,True,True,answer_site,0.4,-1.4245858192443848,-1.5934646129608154,True,False
198,syn_00112:0:0:2,syn_val,synthetic,ee721611ee5ff65f152276a60b4f525ccbef1fc9a8dd0f6f948c8cf9f1319c3a,True,True,actuator_cond,0.02,-0.8242402672767639,-1.0770671367645264,True,False
198,syn_00112:0:0:2,syn_val,synthetic,ee721611ee5ff65f152276a60b4f525ccbef1fc9a8dd0f6f948c8cf9f1319c3a,True,True,actuator_cond,0.05,-0.8231968283653259,-1.076352834701538,True,False
198,syn_00112:0:0:2,syn_val,synthetic,ee721611ee5ff65f152276a60b4f525ccbef1fc9a8dd0f6f948c8cf9f1319c3a,True,True,actuator_cond,0.1,-0.8105583190917969,-1.0953621864318848,True,False
198,syn_00112:0:0:2,syn_val,synthetic,ee721611ee5ff65f152276a60b4f525ccbef1fc9a8dd0f6f948c8cf9f1319c3a,True,True,actuator_cond,0.2,-0.7698689699172974,-1.1759114265441895,True,False
198,syn_00112:0:0:2,syn_val,synthetic,ee721611ee5ff65f152276a60b4f525ccbef1fc9a8dd0f6f948c8cf9f1319c3a,True,True,actuator_cond,0.4,-0.7163650989532471,-1.339001178741455,True,False
198,syn_00112:0:0:2,syn_val,synthetic,ee721611ee5ff65f152276a60b4f525ccbef1fc9a8dd0f6f948c8cf9f1319c3a,True,True,actuator_answer,0.02,-0.8241031169891357,-1.0543830394744873,True,False
198,syn_00112:0:0:2,syn_val,synthetic,ee721611ee5ff65f152276a60b4f525ccbef1fc9a8dd0f6f948c8cf9f1319c3a,True,True,actuator_answer,0.05,-0.8048045635223389,-1.0468153953552246,True,False
198,syn_00112:0:0:2,syn_val,synthetic,ee721611ee5ff65f152276a60b4f525ccbef1fc9a8dd0f6f948c8cf9f1319c3a,True,True,actuator_answer,0.1,-0.7404272556304932,-1.172115683555603,True,False
198,syn_00112:0:0:2,syn_val,synthetic,ee721611ee5ff65f152276a60b4f525ccbef1fc9a8dd0f6f948c8cf9f1319c3a,True,True,actuator_answer,0.2,-0.6489169597625732,-1.3879802227020264,True,False
198,syn_00112:0:0:2,syn_val,synthetic,ee721611ee5ff65f152276a60b4f525ccbef1fc9a8dd0f6f948c8cf9f1319c3a,True,True,actuator_answer,0.4,-1.261492133140564,-2.100558280944824,True,False
246,syn_00141:0:0:1,syn_val,synthetic,90744153b09a23fc8c46d891c4df8efd00a15d3f006d8026992f56055e03a24e,False,True,baseline,0.0,-0.6182214021682739,-3.893770217895508,True,False
246,syn_00141:0:0:1,syn_val,synthetic,90744153b09a23fc8c46d891c4df8efd00a15d3f006d8026992f56055e03a24e,False,True,semantic,0.02,-0.6197848916053772,-3.906525135040283,True,False
246,syn_00141:0:0:1,syn_val,synthetic,90744153b09a23fc8c46d891c4df8efd00a15d3f006d8026992f56055e03a24e,False,True,semantic,0.05,-0.616260290145874,-3.9200100898742676,True,False
246,syn_00141:0:0:1,syn_val,synthetic,90744153b09a23fc8c46d891c4df8efd00a15d3f006d8026992f56055e03a24e,False,True,semantic,0.1,-0.6166598796844482,-3.950122356414795,True,False
246,syn_00141:0:0:1,syn_val,synthetic,90744153b09a23fc8c46d891c4df8efd00a15d3f006d8026992f56055e03a24e,False,True,semantic,0.2,-0.6250252723693848,-3.9666287899017334,True,False
246,syn_00141:0:0:1,syn_val,synthetic,90744153b09a23fc8c46d891c4df8efd00a15d3f006d8026992f56055e03a24e,False,True,semantic,0.4,-0.6359239816665649,-3.9843220710754395,True,False
246,syn_00141:0:0:1,syn_val,synthetic,90744153b09a23fc8c46d891c4df8efd00a15d3f006d8026992f56055e03a24e,False,True,reverse,0.02,-0.6196408271789551,-3.8937268257141113,True,False
246,syn_00141:0:0:1,syn_val,synthetic,90744153b09a23fc8c46d891c4df8efd00a15d3f006d8026992f56055e03a24e,False,True,reverse,0.05,-0.6194774508476257,-3.895200729370117,True,False
246,syn_00141:0:0:1,syn_val,synthetic,90744153b09a23fc8c46d891c4df8efd00a15d3f006d8026992f56055e03a24e,False,True,reverse,0.1,-0.6228354573249817,-3.8861184120178223,True,False
246,syn_00141:0:0:1,syn_val,synthetic,90744153b09a23fc8c46d891c4df8efd00a15d3f006d8026992f56055e03a24e,False,True,reverse,0.2,-0.6331633925437927,-3.8687562942504883,True,False
246,syn_00141:0:0:1,syn_val,synthetic,90744153b09a23fc8c46d891c4df8efd00a15d3f006d8026992f56055e03a24e,False,True,reverse,0.4,-0.6614519357681274,-3.8297152519226074,True,False
246,syn_00141:0:0:1,syn_val,synthetic,90744153b09a23fc8c46d891c4df8efd00a15d3f006d8026992f56055e03a24e,False,True,random,0.02,-0.6155415177345276,-3.9194388389587402,True,False
246,syn_00141:0:0:1,syn_val,synthetic,90744153b09a23fc8c46d891c4df8efd00a15d3f006d8026992f56055e03a24e,False,True,random,0.05,-0.6193088889122009,-3.9120538234710693,True,False
246,syn_00141:0:0:1,syn_val,synthetic,90744153b09a23fc8c46d891c4df8efd00a15d3f006d8026992f56055e03a24e,False,True,random,0.1,-0.6178101897239685,-3.9074199199676514,True,False
246,syn_00141:0:0:1,syn_val,synthetic,90744153b09a23fc8c46d891c4df8efd00a15d3f006d8026992f56055e03a24e,False,True,random,0.2,-0.6224112510681152,-3.8852062225341797,True,False
246,syn_00141:0:0:1,syn_val,synthetic,90744153b09a23fc8c46d891c4df8efd00a15d3f006d8026992f56055e03a24e,False,True,random,0.4,-0.6319537162780762,-3.813488483428955,True,False
246,syn_00141:0:0:1,syn_val,synthetic,90744153b09a23fc8c46d891c4df8efd00a15d3f006d8026992f56055e03a24e,False,True,shuffled,0.02,-0.6209489107131958,-3.9106428623199463,True,False
246,syn_00141:0:0:1,syn_val,synthetic,90744153b09a23fc8c46d891c4df8efd00a15d3f006d8026992f56055e03a24e,False,True,shuffled,0.05,-0.6238402724266052,-3.885329484939575,True,False
246,syn_00141:0:0:1,syn_val,synthetic,90744153b09a23fc8c46d891c4df8efd00a15d3f006d8026992f56055e03a24e,False,True,shuffled,0.1,-0.6280944347381592,-3.866135835647583,True,False
246,syn_00141:0:0:1,syn_val,synthetic,90744153b09a23fc8c46d891c4df8efd00a15d3f006d8026992f56055e03a24e,False,True,shuffled,0.2,-0.6418446898460388,-3.799081802368164,True,False
246,syn_00141:0:0:1,syn_val,synthetic,90744153b09a23fc8c46d891c4df8efd00a15d3f006d8026992f56055e03a24e,False,True,shuffled,0.4,-0.6623996496200562,-3.7533180713653564,True,False
246,syn_00141:0:0:1,syn_val,synthetic,90744153b09a23fc8c46d891c4df8efd00a15d3f006d8026992f56055e03a24e,False,True,wrong_site,0.02,-0.6196374297142029,-3.9064254760742188,True,False
246,syn_00141:0:0:1,syn_val,synthetic,90744153b09a23fc8c46d891c4df8efd00a15d3f006d8026992f56055e03a24e,False,True,wrong_site,0.05,-0.6229522228240967,-3.911235809326172,True,False
246,syn_00141:0:0:1,syn_val,synthetic,90744153b09a23fc8c46d891c4df8efd00a15d3f006d8026992f56055e03a24e,False,True,wrong_site,0.1,-0.6228625774383545,-3.909602642059326,True,False
246,syn_00141:0:0:1,syn_val,synthetic,90744153b09a23fc8c46d891c4df8efd00a15d3f006d8026992f56055e03a24e,False,True,wrong_site,0.2,-0.6192644834518433,-3.894725799560547,True,False
246,syn_00141:0:0:1,syn_val,synthetic,90744153b09a23fc8c46d891c4df8efd00a15d3f006d8026992f56055e03a24e,False,True,wrong_site,0.4,-0.6212438344955444,-3.8808321952819824,True,False
246,syn_00141:0:0:1,syn_val,synthetic,90744153b09a23fc8c46d891c4df8efd00a15d3f006d8026992f56055e03a24e,False,True,answer_site,0.02,-0.6409850120544434,-3.916844367980957,True,False
246,syn_00141:0:0:1,syn_val,synthetic,90744153b09a23fc8c46d891c4df8efd00a15d3f006d8026992f56055e03a24e,False,True,answer_site,0.05,-0.6827652454376221,-3.915048122406006,True,False
246,syn_00141:0:0:1,syn_val,synthetic,90744153b09a23fc8c46d891c4df8efd00a15d3f006d8026992f56055e03a24e,False,True,answer_site,0.1,-0.7315847873687744,-3.926377058029175,True,False
246,syn_00141:0:0:1,syn_val,synthetic,90744153b09a23fc8c46d891c4df8efd00a15d3f006d8026992f56055e03a24e,False,True,answer_site,0.2,-0.8914151787757874,-4.000452041625977,True,False
246,syn_00141:0:0:1,syn_val,synthetic,90744153b09a23fc8c46d891c4df8efd00a15d3f006d8026992f56055e03a24e,False,True,answer_site,0.4,-4.02326774597168,-7.1048970222473145,False,False
246,syn_00141:0:0:1,syn_val,synthetic,90744153b09a23fc8c46d891c4df8efd00a15d3f006d8026992f56055e03a24e,False,True,actuator_cond,0.02,-0.6200770139694214,-3.922623634338379,True,False
246,syn_00141:0:0:1,syn_val,synthetic,90744153b09a23fc8c46d891c4df8efd00a15d3f006d8026992f56055e03a24e,False,True,actuator_cond,0.05,-0.6150979995727539,-3.9191033840179443,True,False
246,syn_00141:0:0:1,syn_val,synthetic,90744153b09a23fc8c46d891c4df8efd00a15d3f006d8026992f56055e03a24e,False,True,actuator_cond,0.1,-0.6232309341430664,-3.9246230125427246,True,False
246,syn_00141:0:0:1,syn_val,synthetic,90744153b09a23fc8c46d891c4df8efd00a15d3f006d8026992f56055e03a24e,False,True,actuator_cond,0.2,-0.6365910172462463,-3.9203286170959473,True,False
246,syn_00141:0:0:1,syn_val,synthetic,90744153b09a23fc8c46d891c4df8efd00a15d3f006d8026992f56055e03a24e,False,True,actuator_cond,0.4,-0.6971582174301147,-3.8617522716522217,True,False
246,syn_00141:0:0:1,syn_val,synthetic,90744153b09a23fc8c46d891c4df8efd00a15d3f006d8026992f56055e03a24e,False,True,actuator_answer,0.02,-0.6239110827445984,-3.928190231323242,True,False
246,syn_00141:0:0:1,syn_val,synthetic,90744153b09a23fc8c46d891c4df8efd00a15d3f006d8026992f56055e03a24e,False,True,actuator_answer,0.05,-0.6357640027999878,-3.9407296180725098,True,False
246,syn_00141:0:0:1,syn_val,synthetic,90744153b09a23fc8c46d891c4df8efd00a15d3f006d8026992f56055e03a24e,False,True,actuator_answer,0.1,-0.678880512714386,-3.9724502563476562,True,False
246,syn_00141:0:0:1,syn_val,synthetic,90744153b09a23fc8c46d891c4df8efd00a15d3f006d8026992f56055e03a24e,False,True,actuator_answer,0.2,-0.8911120295524597,-4.06012487411499,True,False
246,syn_00141:0:0:1,syn_val,synthetic,90744153b09a23fc8c46d891c4df8efd00a15d3f006d8026992f56055e03a24e,False,True,actuator_answer,0.4,-4.121959686279297,-7.016241073608398,False,False
247,syn_00141:0:0:2,syn_val,synthetic,90744153b09a23fc8c46d891c4df8efd00a15d3f006d8026992f56055e03a24e,False,True,baseline,0.0,-0.63356614112854,-2.0701470375061035,True,False
247,syn_00141:0:0:2,syn_val,synthetic,90744153b09a23fc8c46d891c4df8efd00a15d3f006d8026992f56055e03a24e,False,True,semantic,0.02,-0.6317640542984009,-2.069627285003662,True,False
247,syn_00141:0:0:2,syn_val,synthetic,90744153b09a23fc8c46d891c4df8efd00a15d3f006d8026992f56055e03a24e,False,True,semantic,0.05,-0.6324867010116577,-2.06119441986084,True,False
247,syn_00141:0:0:2,syn_val,synthetic,90744153b09a23fc8c46d891c4df8efd00a15d3f006d8026992f56055e03a24e,False,True,semantic,0.1,-0.6321064233779907,-2.0688118934631348,True,False
247,syn_00141:0:0:2,syn_val,synthetic,90744153b09a23fc8c46d891c4df8efd00a15d3f006d8026992f56055e03a24e,False,True,semantic,0.2,-0.6321077346801758,-2.0676069259643555,True,False
247,syn_00141:0:0:2,syn_val,synthetic,90744153b09a23fc8c46d891c4df8efd00a15d3f006d8026992f56055e03a24e,False,True,semantic,0.4,-0.6482133269309998,-2.0414910316467285,True,False
247,syn_00141:0:0:2,syn_val,synthetic,90744153b09a23fc8c46d891c4df8efd00a15d3f006d8026992f56055e03a24e,False,True,reverse,0.02,-0.6316741704940796,-2.069916248321533,True,False
247,syn_00141:0:0:2,syn_val,synthetic,90744153b09a23fc8c46d891c4df8efd00a15d3f006d8026992f56055e03a24e,False,True,reverse,0.05,-0.639164388179779,-2.060462713241577,True,False
247,syn_00141:0:0:2,syn_val,synthetic,90744153b09a23fc8c46d891c4df8efd00a15d3f006d8026992f56055e03a24e,False,True,reverse,0.1,-0.6436427235603333,-2.0513126850128174,True,False
247,syn_00141:0:0:2,syn_val,synthetic,90744153b09a23fc8c46d891c4df8efd00a15d3f006d8026992f56055e03a24e,False,True,reverse,0.2,-0.651527464389801,-2.033602237701416,True,False
247,syn_00141:0:0:2,syn_val,synthetic,90744153b09a23fc8c46d891c4df8efd00a15d3f006d8026992f56055e03a24e,False,True,reverse,0.4,-0.6741822361946106,-2.029367685317993,True,False
247,syn_00141:0:0:2,syn_val,synthetic,90744153b09a23fc8c46d891c4df8efd00a15d3f006d8026992f56055e03a24e,False,True,random,0.02,-0.6327039003372192,-2.0714802742004395,True,False
247,syn_00141:0:0:2,syn_val,synthetic,90744153b09a23fc8c46d891c4df8efd00a15d3f006d8026992f56055e03a24e,False,True,random,0.05,-0.6320798993110657,-2.0786213874816895,True,False
247,syn_00141:0:0:2,syn_val,synthetic,90744153b09a23fc8c46d891c4df8efd00a15d3f006d8026992f56055e03a24e,False,True,random,0.1,-0.6314398050308228,-2.0704028606414795,True,False
247,syn_00141:0:0:2,syn_val,synthetic,90744153b09a23fc8c46d891c4df8efd00a15d3f006d8026992f56055e03a24e,False,True,random,0.2,-0.6386657357215881,-2.0685160160064697,True,False
247,syn_00141:0:0:2,syn_val,synthetic,90744153b09a23fc8c46d891c4df8efd00a15d3f006d8026992f56055e03a24e,False,True,random,0.4,-0.6570079922676086,-2.050379753112793,True,False
247,syn_00141:0:0:2,syn_val,synthetic,90744153b09a23fc8c46d891c4df8efd00a15d3f006d8026992f56055e03a24e,False,True,shuffled,0.02,-0.6308318376541138,-2.0690791606903076,True,False
247,syn_00141:0:0:2,syn_val,synthetic,90744153b09a23fc8c46d891c4df8efd00a15d3f006d8026992f56055e03a24e,False,True,shuffled,0.05,-0.6384836435317993,-2.059825897216797,True,False
247,syn_00141:0:0:2,syn_val,synthetic,90744153b09a23fc8c46d891c4df8efd00a15d3f006d8026992f56055e03a24e,False,True,shuffled,0.1,-0.6447237730026245,-2.044090509414673,True,False
247,syn_00141:0:0:2,syn_val,synthetic,90744153b09a23fc8c46d891c4df8efd00a15d3f006d8026992f56055e03a24e,False,True,shuffled,0.2,-0.656794011592865,-2.0001890659332275,True,False
247,syn_00141:0:0:2,syn_val,synthetic,90744153b09a23fc8c46d891c4df8efd00a15d3f006d8026992f56055e03a24e,False,True,shuffled,0.4,-0.6607204675674438,-1.9580047130584717,True,False
247,syn_00141:0:0:2,syn_val,synthetic,90744153b09a23fc8c46d891c4df8efd00a15d3f006d8026992f56055e03a24e,False,True,wrong_site,0.02,-0.6379625201225281,-2.06034255027771,True,False
247,syn_00141:0:0:2,syn_val,synthetic,90744153b09a23fc8c46d891c4df8efd00a15d3f006d8026992f56055e03a24e,False,True,wrong_site,0.05,-0.6381889581680298,-2.051563262939453,True,False
247,syn_00141:0:0:2,syn_val,synthetic,90744153b09a23fc8c46d891c4df8efd00a15d3f006d8026992f56055e03a24e,False,True,wrong_site,0.1,-0.638164758682251,-2.057589292526245,True,False
247,syn_00141:0:0:2,syn_val,synthetic,90744153b09a23fc8c46d891c4df8efd00a15d3f006d8026992f56055e03a24e,False,True,wrong_site,0.2,-0.6364532113075256,-2.0494766235351562,True,False
247,syn_00141:0:0:2,syn_val,synthetic,90744153b09a23fc8c46d891c4df8efd00a15d3f006d8026992f56055e03a24e,False,True,wrong_site,0.4,-0.632575273513794,-2.0598416328430176,True,False
247,syn_00141:0:0:2,syn_val,synthetic,90744153b09a23fc8c46d891c4df8efd00a15d3f006d8026992f56055e03a24e,False,True,answer_site,0.02,-0.6546288728713989,-2.039402961730957,True,False
247,syn_00141:0:0:2,syn_val,synthetic,90744153b09a23fc8c46d891c4df8efd00a15d3f006d8026992f56055e03a24e,False,True,answer_site,0.05,-0.6793314814567566,-1.9969182014465332,True,False
247,syn_00141:0:0:2,syn_val,synthetic,90744153b09a23fc8c46d891c4df8efd00a15d3f006d8026992f56055e03a24e,False,True,answer_site,0.1,-0.7340186834335327,-1.9389753341674805,True,False
247,syn_00141:0:0:2,syn_val,synthetic,90744153b09a23fc8c46d891c4df8efd00a15d3f006d8026992f56055e03a24e,False,True,answer_site,0.2,-0.8358196020126343,-1.9175554513931274,True,False
247,syn_00141:0:0:2,syn_val,synthetic,90744153b09a23fc8c46d891c4df8efd00a15d3f006d8026992f56055e03a24e,False,True,answer_site,0.4,-3.5293173789978027,-4.707735061645508,False,False
247,syn_00141:0:0:2,syn_val,synthetic,90744153b09a23fc8c46d891c4df8efd00a15d3f006d8026992f56055e03a24e,False,True,actuator_cond,0.02,-0.6367224454879761,-2.0593698024749756,True,False
247,syn_00141:0:0:2,syn_val,synthetic,90744153b09a23fc8c46d891c4df8efd00a15d3f006d8026992f56055e03a24e,False,True,actuator_cond,0.05,-0.6316049098968506,-2.0705575942993164,True,False
247,syn_00141:0:0:2,syn_val,synthetic,90744153b09a23fc8c46d891c4df8efd00a15d3f006d8026992f56055e03a24e,False,True,actuator_cond,0.1,-0.6376327872276306,-2.061922073364258,True,False
247,syn_00141:0:0:2,syn_val,synthetic,90744153b09a23fc8c46d891c4df8efd00a15d3f006d8026992f56055e03a24e,False,True,actuator_cond,0.2,-0.6572564244270325,-2.042382001876831,True,False
247,syn_00141:0:0:2,syn_val,synthetic,90744153b09a23fc8c46d891c4df8efd00a15d3f006d8026992f56055e03a24e,False,True,actuator_cond,0.4,-0.7108324766159058,-1.9785246849060059,True,False
247,syn_00141:0:0:2,syn_val,synthetic,90744153b09a23fc8c46d891c4df8efd00a15d3f006d8026992f56055e03a24e,False,True,actuator_answer,0.02,-0.6368598341941833,-2.0739455223083496,True,False
247,syn_00141:0:0:2,syn_val,synthetic,90744153b09a23fc8c46d891c4df8efd00a15d3f006d8026992f56055e03a24e,False,True,actuator_answer,0.05,-0.6508078575134277,-2.0726819038391113,True,False
247,syn_00141:0:0:2,syn_val,synthetic,90744153b09a23fc8c46d891c4df8efd00a15d3f006d8026992f56055e03a24e,False,True,actuator_answer,0.1,-0.6816961169242859,-2.1053857803344727,True,False
247,syn_00141:0:0:2,syn_val,synthetic,90744153b09a23fc8c46d891c4df8efd00a15d3f006d8026992f56055e03a24e,False,True,actuator_answer,0.2,-0.871637225151062,-2.2320666313171387,True,False
247,syn_00141:0:0:2,syn_val,synthetic,90744153b09a23fc8c46d891c4df8efd00a15d3f006d8026992f56055e03a24e,False,True,actuator_answer,0.4,-3.9526102542877197,-5.086713790893555,False,False
408,syn_00249:0:0:1,syn_val,synthetic,416d6bd787fc0b9b7223916227435e76749e6ee9d12d34ba5460f7703c5899a9,False,True,baseline,0.0,-0.8553845286369324,-3.0981481075286865,True,False
408,syn_00249:0:0:1,syn_val,synthetic,416d6bd787fc0b9b7223916227435e76749e6ee9d12d34ba5460f7703c5899a9,False,True,semantic,0.02,-0.8538011312484741,-3.0968170166015625,True,False
408,syn_00249:0:0:1,syn_val,synthetic,416d6bd787fc0b9b7223916227435e76749e6ee9d12d34ba5460f7703c5899a9,False,True,semantic,0.05,-0.8564043045043945,-3.114246368408203,True,False
408,syn_00249:0:0:1,syn_val,synthetic,416d6bd787fc0b9b7223916227435e76749e6ee9d12d34ba5460f7703c5899a9,False,True,semantic,0.1,-0.8563318252563477,-3.114008665084839,True,False
408,syn_00249:0:0:1,syn_val,synthetic,416d6bd787fc0b9b7223916227435e76749e6ee9d12d34ba5460f7703c5899a9,False,True,semantic,0.2,-0.862574577331543,-3.1062464714050293,True,False
408,syn_00249:0:0:1,syn_val,synthetic,416d6bd787fc0b9b7223916227435e76749e6ee9d12d34ba5460f7703c5899a9,False,True,semantic,0.4,-0.8800938725471497,-3.1086652278900146,True,False
408,syn_00249:0:0:1,syn_val,synthetic,416d6bd787fc0b9b7223916227435e76749e6ee9d12d34ba5460f7703c5899a9,False,True,reverse,0.02,-0.8615320920944214,-3.089150905609131,True,False
408,syn_00249:0:0:1,syn_val,synthetic,416d6bd787fc0b9b7223916227435e76749e6ee9d12d34ba5460f7703c5899a9,False,True,reverse,0.05,-0.8566168546676636,-3.1001172065734863,True,False
408,syn_00249:0:0:1,syn_val,synthetic,416d6bd787fc0b9b7223916227435e76749e6ee9d12d34ba5460f7703c5899a9,False,True,reverse,0.1,-0.8579393625259399,-3.1139090061187744,True,False
408,syn_00249:0:0:1,syn_val,synthetic,416d6bd787fc0b9b7223916227435e76749e6ee9d12d34ba5460f7703c5899a9,False,True,reverse,0.2,-0.8709166646003723,-3.1135425567626953,True,False
408,syn_00249:0:0:1,syn_val,synthetic,416d6bd787fc0b9b7223916227435e76749e6ee9d12d34ba5460f7703c5899a9,False,True,reverse,0.4,-0.9493821859359741,-3.1179699897766113,True,False
408,syn_00249:0:0:1,syn_val,synthetic,416d6bd787fc0b9b7223916227435e76749e6ee9d12d34ba5460f7703c5899a9,False,True,random,0.02,-0.8553252220153809,-3.0980029106140137,True,False
408,syn_00249:0:0:1,syn_val,synthetic,416d6bd787fc0b9b7223916227435e76749e6ee9d12d34ba5460f7703c5899a9,False,True,random,0.05,-0.8570953607559204,-3.101691484451294,True,False
408,syn_00249:0:0:1,syn_val,synthetic,416d6bd787fc0b9b7223916227435e76749e6ee9d12d34ba5460f7703c5899a9,False,True,random,0.1,-0.8591751456260681,-3.1161041259765625,True,False
408,syn_00249:0:0:1,syn_val,synthetic,416d6bd787fc0b9b7223916227435e76749e6ee9d12d34ba5460f7703c5899a9,False,True,random,0.2,-0.8501696586608887,-3.136552572250366,True,False
408,syn_00249:0:0:1,syn_val,synthetic,416d6bd787fc0b9b7223916227435e76749e6ee9d12d34ba5460f7703c5899a9,False,True,random,0.4,-0.8636502623558044,-3.165679454803467,True,False
408,syn_00249:0:0:1,syn_val,synthetic,416d6bd787fc0b9b7223916227435e76749e6ee9d12d34ba5460f7703c5899a9,False,True,shuffled,0.02,-0.8627862334251404,-3.090381383895874,True,False
408,syn_00249:0:0:1,syn_val,synthetic,416d6bd787fc0b9b7223916227435e76749e6ee9d12d34ba5460f7703c5899a9,False,True,shuffled,0.05,-0.8637422323226929,-3.091376304626465,True,False
408,syn_00249:0:0:1,syn_val,synthetic,416d6bd787fc0b9b7223916227435e76749e6ee9d12d34ba5460f7703c5899a9,False,True,shuffled,0.1,-0.8687870502471924,-3.0832571983337402,True,False
408,syn_00249:0:0:1,syn_val,synthetic,416d6bd787fc0b9b7223916227435e76749e6ee9d12d34ba5460f7703c5899a9,False,True,shuffled,0.2,-0.8751748204231262,-3.0769734382629395,True,False
408,syn_00249:0:0:1,syn_val,synthetic,416d6bd787fc0b9b7223916227435e76749e6ee9d12d34ba5460f7703c5899a9,False,True,shuffled,0.4,-0.9058679342269897,-3.0594139099121094,True,False
408,syn_00249:0:0:1,syn_val,synthetic,416d6bd787fc0b9b7223916227435e76749e6ee9d12d34ba5460f7703c5899a9,False,True,wrong_site,0.02,-0.8554251194000244,-3.1119487285614014,True,False
408,syn_00249:0:0:1,syn_val,synthetic,416d6bd787fc0b9b7223916227435e76749e6ee9d12d34ba5460f7703c5899a9,False,True,wrong_site,0.05,-0.8554924130439758,-3.099940776824951,True,False
408,syn_00249:0:0:1,syn_val,synthetic,416d6bd787fc0b9b7223916227435e76749e6ee9d12d34ba5460f7703c5899a9,False,True,wrong_site,0.1,-0.8618602752685547,-3.1029419898986816,True,False
408,syn_00249:0:0:1,syn_val,synthetic,416d6bd787fc0b9b7223916227435e76749e6ee9d12d34ba5460f7703c5899a9,False,True,wrong_site,0.2,-0.8546969890594482,-3.0961225032806396,True,False
408,syn_00249:0:0:1,syn_val,synthetic,416d6bd787fc0b9b7223916227435e76749e6ee9d12d34ba5460f7703c5899a9,False,True,wrong_site,0.4,-0.8571304082870483,-3.0942211151123047,True,False
408,syn_00249:0:0:1,syn_val,synthetic,416d6bd787fc0b9b7223916227435e76749e6ee9d12d34ba5460f7703c5899a9,False,True,answer_site,0.02,-0.8660140037536621,-3.0807347297668457,True,False
408,syn_00249:0:0:1,syn_val,synthetic,416d6bd787fc0b9b7223916227435e76749e6ee9d12d34ba5460f7703c5899a9,False,True,answer_site,0.05,-0.8928157687187195,-3.032865047454834,True,False
408,syn_00249:0:0:1,syn_val,synthetic,416d6bd787fc0b9b7223916227435e76749e6ee9d12d34ba5460f7703c5899a9,False,True,answer_site,0.1,-0.9144623875617981,-2.9908957481384277,True,False
408,syn_00249:0:0:1,syn_val,synthetic,416d6bd787fc0b9b7223916227435e76749e6ee9d12d34ba5460f7703c5899a9,False,True,answer_site,0.2,-0.9856714010238647,-2.939342498779297,True,False
408,syn_00249:0:0:1,syn_val,synthetic,416d6bd787fc0b9b7223916227435e76749e6ee9d12d34ba5460f7703c5899a9,False,True,answer_site,0.4,-3.5120158195495605,-5.3558454513549805,False,False
408,syn_00249:0:0:1,syn_val,synthetic,416d6bd787fc0b9b7223916227435e76749e6ee9d12d34ba5460f7703c5899a9,False,True,actuator_cond,0.02,-0.8630813956260681,-3.090691328048706,True,False
408,syn_00249:0:0:1,syn_val,synthetic,416d6bd787fc0b9b7223916227435e76749e6ee9d12d34ba5460f7703c5899a9,False,True,actuator_cond,0.05,-0.8630577325820923,-3.0922350883483887,True,False
408,syn_00249:0:0:1,syn_val,synthetic,416d6bd787fc0b9b7223916227435e76749e6ee9d12d34ba5460f7703c5899a9,False,True,actuator_cond,0.1,-0.8663929104804993,-3.083066701889038,True,False
408,syn_00249:0:0:1,syn_val,synthetic,416d6bd787fc0b9b7223916227435e76749e6ee9d12d34ba5460f7703c5899a9,False,True,actuator_cond,0.2,-0.8940474390983582,-3.0699429512023926,True,False
408,syn_00249:0:0:1,syn_val,synthetic,416d6bd787fc0b9b7223916227435e76749e6ee9d12d34ba5460f7703c5899a9,False,True,actuator_cond,0.4,-0.9808230400085449,-3.0718963146209717,True,False
408,syn_00249:0:0:1,syn_val,synthetic,416d6bd787fc0b9b7223916227435e76749e6ee9d12d34ba5460f7703c5899a9,False,True,actuator_answer,0.02,-0.8585941791534424,-3.1032464504241943,True,False
408,syn_00249:0:0:1,syn_val,synthetic,416d6bd787fc0b9b7223916227435e76749e6ee9d12d34ba5460f7703c5899a9,False,True,actuator_answer,0.05,-0.8715243339538574,-3.091217041015625,True,False
408,syn_00249:0:0:1,syn_val,synthetic,416d6bd787fc0b9b7223916227435e76749e6ee9d12d34ba5460f7703c5899a9,False,True,actuator_answer,0.1,-0.8921286463737488,-3.1194546222686768,True,False
408,syn_00249:0:0:1,syn_val,synthetic,416d6bd787fc0b9b7223916227435e76749e6ee9d12d34ba5460f7703c5899a9,False,True,actuator_answer,0.2,-1.114851713180542,-3.1750197410583496,True,False
408,syn_00249:0:0:1,syn_val,synthetic,416d6bd787fc0b9b7223916227435e76749e6ee9d12d34ba5460f7703c5899a9,False,True,actuator_answer,0.4,-4.006763935089111,-5.802468299865723,False,False
409,syn_00249:0:0:2,syn_val,synthetic,416d6bd787fc0b9b7223916227435e76749e6ee9d12d34ba5460f7703c5899a9,False,True,baseline,0.0,-0.7565392851829529,-3.1908488273620605,True,False
409,syn_00249:0:0:2,syn_val,synthetic,416d6bd787fc0b9b7223916227435e76749e6ee9d12d34ba5460f7703c5899a9,False,True,semantic,0.02,-0.7499104738235474,-3.215304374694824,True,False
409,syn_00249:0:0:2,syn_val,synthetic,416d6bd787fc0b9b7223916227435e76749e6ee9d12d34ba5460f7703c5899a9,False,True,semantic,0.05,-0.7497554421424866,-3.201357126235962,True,False
409,syn_00249:0:0:2,syn_val,synthetic,416d6bd787fc0b9b7223916227435e76749e6ee9d12d34ba5460f7703c5899a9,False,True,semantic,0.1,-0.7429586052894592,-3.2238941192626953,True,False
409,syn_00249:0:0:2,syn_val,synthetic,416d6bd787fc0b9b7223916227435e76749e6ee9d12d34ba5460f7703c5899a9,False,True,semantic,0.2,-0.7354340553283691,-3.208113431930542,True,False
409,syn_00249:0:0:2,syn_val,synthetic,416d6bd787fc0b9b7223916227435e76749e6ee9d12d34ba5460f7703c5899a9,False,True,semantic,0.4,-0.7426422834396362,-3.2066848278045654,True,False
409,syn_00249:0:0:2,syn_val,synthetic,416d6bd787fc0b9b7223916227435e76749e6ee9d12d34ba5460f7703c5899a9,False,True,reverse,0.02,-0.7572149634361267,-3.1914350986480713,True,False
409,syn_00249:0:0:2,syn_val,synthetic,416d6bd787fc0b9b7223916227435e76749e6ee9d12d34ba5460f7703c5899a9,False,True,reverse,0.05,-0.7577168941497803,-3.192140579223633,True,False
409,syn_00249:0:0:2,syn_val,synthetic,416d6bd787fc0b9b7223916227435e76749e6ee9d12d34ba5460f7703c5899a9,False,True,reverse,0.1,-0.7582822442054749,-3.1929025650024414,True,False
409,syn_00249:0:0:2,syn_val,synthetic,416d6bd787fc0b9b7223916227435e76749e6ee9d12d34ba5460f7703c5899a9,False,True,reverse,0.2,-0.7675268054008484,-3.212961435317993,True,False
409,syn_00249:0:0:2,syn_val,synthetic,416d6bd787fc0b9b7223916227435e76749e6ee9d12d34ba5460f7703c5899a9,False,True,reverse,0.4,-0.7923221588134766,-3.1940805912017822,True,False
409,syn_00249:0:0:2,syn_val,synthetic,416d6bd787fc0b9b7223916227435e76749e6ee9d12d34ba5460f7703c5899a9,False,True,random,0.02,-0.7500180006027222,-3.2017102241516113,True,False
409,syn_00249:0:0:2,syn_val,synthetic,416d6bd787fc0b9b7223916227435e76749e6ee9d12d34ba5460f7703c5899a9,False,True,random,0.05,-0.7568159103393555,-3.1808114051818848,True,False
409,syn_00249:0:0:2,syn_val,synthetic,416d6bd787fc0b9b7223916227435e76749e6ee9d12d34ba5460f7703c5899a9,False,True,random,0.1,-0.7568519115447998,-3.1807973384857178,True,False
409,syn_00249:0:0:2,syn_val,synthetic,416d6bd787fc0b9b7223916227435e76749e6ee9d12d34ba5460f7703c5899a9,False,True,random,0.2,-0.7554711699485779,-3.155698776245117,True,False
409,syn_00249:0:0:2,syn_val,synthetic,416d6bd787fc0b9b7223916227435e76749e6ee9d12d34ba5460f7703c5899a9,False,True,random,0.4,-0.7550853490829468,-3.12410306930542,True,False
409,syn_00249:0:0:2,syn_val,synthetic,416d6bd787fc0b9b7223916227435e76749e6ee9d12d34ba5460f7703c5899a9,False,True,shuffled,0.02,-0.7564798593521118,-3.190847158432007,True,False
409,syn_00249:0:0:2,syn_val,synthetic,416d6bd787fc0b9b7223916227435e76749e6ee9d12d34ba5460f7703c5899a9,False,True,shuffled,0.05,-0.7573780417442322,-3.1917531490325928,True,False
409,syn_00249:0:0:2,syn_val,synthetic,416d6bd787fc0b9b7223916227435e76749e6ee9d12d34ba5460f7703c5899a9,False,True,shuffled,0.1,-0.7606218457221985,-3.181438446044922,True,False
409,syn_00249:0:0:2,syn_val,synthetic,416d6bd787fc0b9b7223916227435e76749e6ee9d12d34ba5460f7703c5899a9,False,True,shuffled,0.2,-0.7708796858787537,-3.1489386558532715,True,False
409,syn_00249:0:0:2,syn_val,synthetic,416d6bd787fc0b9b7223916227435e76749e6ee9d12d34ba5460f7703c5899a9,False,True,shuffled,0.4,-0.7953518629074097,-3.1199328899383545,True,False
409,syn_00249:0:0:2,syn_val,synthetic,416d6bd787fc0b9b7223916227435e76749e6ee9d12d34ba5460f7703c5899a9,False,True,wrong_site,0.02,-0.7564595341682434,-3.1926136016845703,True,False
409,syn_00249:0:0:2,syn_val,synthetic,416d6bd787fc0b9b7223916227435e76749e6ee9d12d34ba5460f7703c5899a9,False,True,wrong_site,0.05,-0.7517818808555603,-3.19985032081604,True,False
409,syn_00249:0:0:2,syn_val,synthetic,416d6bd787fc0b9b7223916227435e76749e6ee9d12d34ba5460f7703c5899a9,False,True,wrong_site,0.1,-0.7493835091590881,-3.1992950439453125,True,False
409,syn_00249:0:0:2,syn_val,synthetic,416d6bd787fc0b9b7223916227435e76749e6ee9d12d34ba5460f7703c5899a9,False,True,wrong_site,0.2,-0.7509381771087646,-3.200512170791626,True,False
409,syn_00249:0:0:2,syn_val,synthetic,416d6bd787fc0b9b7223916227435e76749e6ee9d12d34ba5460f7703c5899a9,False,True,wrong_site,0.4,-0.7532186508178711,-3.187032699584961,True,False
409,syn_00249:0:0:2,syn_val,synthetic,416d6bd787fc0b9b7223916227435e76749e6ee9d12d34ba5460f7703c5899a9,False,True,answer_site,0.02,-0.7683113217353821,-3.203554153442383,True,False
409,syn_00249:0:0:2,syn_val,synthetic,416d6bd787fc0b9b7223916227435e76749e6ee9d12d34ba5460f7703c5899a9,False,True,answer_site,0.05,-0.7943174839019775,-3.1736056804656982,True,False
409,syn_00249:0:0:2,syn_val,synthetic,416d6bd787fc0b9b7223916227435e76749e6ee9d12d34ba5460f7703c5899a9,False,True,answer_site,0.1,-0.8194738626480103,-3.144679307937622,True,False
409,syn_00249:0:0:2,syn_val,synthetic,416d6bd787fc0b9b7223916227435e76749e6ee9d12d34ba5460f7703c5899a9,False,True,answer_site,0.2,-0.8728406429290771,-3.070220947265625,True,False
409,syn_00249:0:0:2,syn_val,synthetic,416d6bd787fc0b9b7223916227435e76749e6ee9d12d34ba5460f7703c5899a9,False,True,answer_site,0.4,-3.4242103099823,-5.515643119812012,False,False
409,syn_00249:0:0:2,syn_val,synthetic,416d6bd787fc0b9b7223916227435e76749e6ee9d12d34ba5460f7703c5899a9,False,True,actuator_cond,0.02,-0.7564520835876465,-3.192608594894409,True,False
409,syn_00249:0:0:2,syn_val,synthetic,416d6bd787fc0b9b7223916227435e76749e6ee9d12d34ba5460f7703c5899a9,False,True,actuator_cond,0.05,-0.758404552936554,-3.1927802562713623,True,False
409,syn_00249:0:0:2,syn_val,synthetic,416d6bd787fc0b9b7223916227435e76749e6ee9d12d34ba5460f7703c5899a9,False,True,actuator_cond,0.1,-0.7658120393753052,-3.1881470680236816,True,False
409,syn_00249:0:0:2,syn_val,synthetic,416d6bd787fc0b9b7223916227435e76749e6ee9d12d34ba5460f7703c5899a9,False,True,actuator_cond,0.2,-0.7785784602165222,-3.1878201961517334,True,False
409,syn_00249:0:0:2,syn_val,synthetic,416d6bd787fc0b9b7223916227435e76749e6ee9d12d34ba5460f7703c5899a9,False,True,actuator_cond,0.4,-0.8378697633743286,-3.173069715499878,True,False
409,syn_00249:0:0:2,syn_val,synthetic,416d6bd787fc0b9b7223916227435e76749e6ee9d12d34ba5460f7703c5899a9,False,True,actuator_answer,0.02,-0.75642329454422,-3.20743465423584,True,False
409,syn_00249:0:0:2,syn_val,synthetic,416d6bd787fc0b9b7223916227435e76749e6ee9d12d34ba5460f7703c5899a9,False,True,actuator_answer,0.05,-0.7660841941833496,-3.206063985824585,True,False
409,syn_00249:0:0:2,syn_val,synthetic,416d6bd787fc0b9b7223916227435e76749e6ee9d12d34ba5460f7703c5899a9,False,True,actuator_answer,0.1,-0.800406277179718,-3.1882333755493164,True,False
409,syn_00249:0:0:2,syn_val,synthetic,416d6bd787fc0b9b7223916227435e76749e6ee9d12d34ba5460f7703c5899a9,False,True,actuator_answer,0.2,-0.9687978029251099,-3.219264030456543,True,False
409,syn_00249:0:0:2,syn_val,synthetic,416d6bd787fc0b9b7223916227435e76749e6ee9d12d34ba5460f7703c5899a9,False,True,actuator_answer,0.4,-3.6544981002807617,-5.621362686157227,False,False
542,syn_00333:0:0:1,syn_val,synthetic,89daa27d1666cc5d274331f7daa466a7e09e05bc387b0cf0481b19de27976183,False,True,baseline,0.0,-0.6375129818916321,-3.391590118408203,True,False
542,syn_00333:0:0:1,syn_val,synthetic,89daa27d1666cc5d274331f7daa466a7e09e05bc387b0cf0481b19de27976183,False,True,semantic,0.02,-0.6387822031974792,-3.4050698280334473,True,False
542,syn_00333:0:0:1,syn_val,synthetic,89daa27d1666cc5d274331f7daa466a7e09e05bc387b0cf0481b19de27976183,False,True,semantic,0.05,-0.6382662653923035,-3.402721881866455,True,False
542,syn_00333:0:0:1,syn_val,synthetic,89daa27d1666cc5d274331f7daa466a7e09e05bc387b0cf0481b19de27976183,False,True,semantic,0.1,-0.6322697401046753,-3.4285688400268555,True,False
542,syn_00333:0:0:1,syn_val,synthetic,89daa27d1666cc5d274331f7daa466a7e09e05bc387b0cf0481b19de27976183,False,True,semantic,0.2,-0.6217221617698669,-3.4737486839294434,True,False
542,syn_00333:0:0:1,syn_val,synthetic,89daa27d1666cc5d274331f7daa466a7e09e05bc387b0cf0481b19de27976183,False,True,semantic,0.4,-0.6276695728302002,-3.49888014793396,True,False
542,syn_00333:0:0:1,syn_val,synthetic,89daa27d1666cc5d274331f7daa466a7e09e05bc387b0cf0481b19de27976183,False,True,reverse,0.02,-0.6378408670425415,-3.3933844566345215,True,False
542,syn_00333:0:0:1,syn_val,synthetic,89daa27d1666cc5d274331f7daa466a7e09e05bc387b0cf0481b19de27976183,False,True,reverse,0.05,-0.6450707316398621,-3.368898868560791,True,False
542,syn_00333:0:0:1,syn_val,synthetic,89daa27d1666cc5d274331f7daa466a7e09e05bc387b0cf0481b19de27976183,False,True,reverse,0.1,-0.6466341018676758,-3.3614273071289062,True,False
542,syn_00333:0:0:1,syn_val,synthetic,89daa27d1666cc5d274331f7daa466a7e09e05bc387b0cf0481b19de27976183,False,True,reverse,0.2,-0.6509113311767578,-3.3572325706481934,True,False
542,syn_00333:0:0:1,syn_val,synthetic,89daa27d1666cc5d274331f7daa466a7e09e05bc387b0cf0481b19de27976183,False,True,reverse,0.4,-0.6817107200622559,-3.3292737007141113,True,False
542,syn_00333:0:0:1,syn_val,synthetic,89daa27d1666cc5d274331f7daa466a7e09e05bc387b0cf0481b19de27976183,False,True,random,0.02,-0.6392782330513,-3.3932299613952637,True,False
542,syn_00333:0:0:1,syn_val,synthetic,89daa27d1666cc5d274331f7daa466a7e09e05bc387b0cf0481b19de27976183,False,True,random,0.05,-0.6447740793228149,-3.383162498474121,True,False
542,syn_00333:0:0:1,syn_val,synthetic,89daa27d1666cc5d274331f7daa466a7e09e05bc387b0cf0481b19de27976183,False,True,random,0.1,-0.6448861956596375,-3.384705066680908,True,False
542,syn_00333:0:0:1,syn_val,synthetic,89daa27d1666cc5d274331f7daa466a7e09e05bc387b0cf0481b19de27976183,False,True,random,0.2,-0.6517791748046875,-3.3882999420166016,True,False
542,syn_00333:0:0:1,syn_val,synthetic,89daa27d1666cc5d274331f7daa466a7e09e05bc387b0cf0481b19de27976183,False,True,random,0.4,-0.6621635556221008,-3.3853325843811035,True,False
542,syn_00333:0:0:1,syn_val,synthetic,89daa27d1666cc5d274331f7daa466a7e09e05bc387b0cf0481b19de27976183,False,True,shuffled,0.02,-0.6391478180885315,-3.3930180072784424,True,False
542,syn_00333:0:0:1,syn_val,synthetic,89daa27d1666cc5d274331f7daa466a7e09e05bc387b0cf0481b19de27976183,False,True,shuffled,0.05,-0.639742910861969,-3.378530979156494,True,False
542,syn_00333:0:0:1,syn_val,synthetic,89daa27d1666cc5d274331f7daa466a7e09e05bc387b0cf0481b19de27976183,False,True,shuffled,0.1,-0.6421302556991577,-3.381138324737549,True,False
542,syn_00333:0:0:1,syn_val,synthetic,89daa27d1666cc5d274331f7daa466a7e09e05bc387b0cf0481b19de27976183,False,True,shuffled,0.2,-0.6450890898704529,-3.343531370162964,True,False
542,syn_00333:0:0:1,syn_val,synthetic,89daa27d1666cc5d274331f7daa466a7e09e05bc387b0cf0481b19de27976183,False,True,shuffled,0.4,-0.6455087661743164,-3.3124570846557617,True,False
542,syn_00333:0:0:1,syn_val,synthetic,89daa27d1666cc5d274331f7daa466a7e09e05bc387b0cf0481b19de27976183,False,True,wrong_site,0.02,-0.6431940197944641,-3.3818345069885254,True,False
542,syn_00333:0:0:1,syn_val,synthetic,89daa27d1666cc5d274331f7daa466a7e09e05bc387b0cf0481b19de27976183,False,True,wrong_site,0.05,-0.6428559422492981,-3.3689792156219482,True,False
542,syn_00333:0:0:1,syn_val,synthetic,89daa27d1666cc5d274331f7daa466a7e09e05bc387b0cf0481b19de27976183,False,True,wrong_site,0.1,-0.649423360824585,-3.3708553314208984,True,False
542,syn_00333:0:0:1,syn_val,synthetic,89daa27d1666cc5d274331f7daa466a7e09e05bc387b0cf0481b19de27976183,False,True,wrong_site,0.2,-0.6422808170318604,-3.3821048736572266,True,False
542,syn_00333:0:0:1,syn_val,synthetic,89daa27d1666cc5d274331f7daa466a7e09e05bc387b0cf0481b19de27976183,False,True,wrong_site,0.4,-0.6448962688446045,-3.382688522338867,True,False
542,syn_00333:0:0:1,syn_val,synthetic,89daa27d1666cc5d274331f7daa466a7e09e05bc387b0cf0481b19de27976183,False,True,answer_site,0.02,-0.6511873006820679,-3.3640382289886475,True,False
542,syn_00333:0:0:1,syn_val,synthetic,89daa27d1666cc5d274331f7daa466a7e09e05bc387b0cf0481b19de27976183,False,True,answer_site,0.05,-0.6726877689361572,-3.3184640407562256,True,False
542,syn_00333:0:0:1,syn_val,synthetic,89daa27d1666cc5d274331f7daa466a7e09e05bc387b0cf0481b19de27976183,False,True,answer_site,0.1,-0.7047537565231323,-3.256392478942871,True,False
542,syn_00333:0:0:1,syn_val,synthetic,89daa27d1666cc5d274331f7daa466a7e09e05bc387b0cf0481b19de27976183,False,True,answer_site,0.2,-0.7547844648361206,-3.191527843475342,True,False
542,syn_00333:0:0:1,syn_val,synthetic,89daa27d1666cc5d274331f7daa466a7e09e05bc387b0cf0481b19de27976183,False,True,answer_site,0.4,-3.3313260078430176,-5.74201774597168,False,False
542,syn_00333:0:0:1,syn_val,synthetic,89daa27d1666cc5d274331f7daa466a7e09e05bc387b0cf0481b19de27976183,False,True,actuator_cond,0.02,-0.6388118863105774,-3.3914966583251953,True,False
542,syn_00333:0:0:1,syn_val,synthetic,89daa27d1666cc5d274331f7daa466a7e09e05bc387b0cf0481b19de27976183,False,True,actuator_cond,0.05,-0.644967794418335,-3.3850700855255127,True,False
542,syn_00333:0:0:1,syn_val,synthetic,89daa27d1666cc5d274331f7daa466a7e09e05bc387b0cf0481b19de27976183,False,True,actuator_cond,0.1,-0.645774245262146,-3.387500047683716,True,False
542,syn_00333:0:0:1,syn_val,synthetic,89daa27d1666cc5d274331f7daa466a7e09e05bc387b0cf0481b19de27976183,False,True,actuator_cond,0.2,-0.659400999546051,-3.37843918800354,True,False
542,syn_00333:0:0:1,syn_val,synthetic,89daa27d1666cc5d274331f7daa466a7e09e05bc387b0cf0481b19de27976183,False,True,actuator_cond,0.4,-0.7084823250770569,-3.3816869258880615,True,False
542,syn_00333:0:0:1,syn_val,synthetic,89daa27d1666cc5d274331f7daa466a7e09e05bc387b0cf0481b19de27976183,False,True,actuator_answer,0.02,-0.6439752578735352,-3.397984504699707,True,False
542,syn_00333:0:0:1,syn_val,synthetic,89daa27d1666cc5d274331f7daa466a7e09e05bc387b0cf0481b19de27976183,False,True,actuator_answer,0.05,-0.6547293066978455,-3.4250950813293457,True,False
542,syn_00333:0:0:1,syn_val,synthetic,89daa27d1666cc5d274331f7daa466a7e09e05bc387b0cf0481b19de27976183,False,True,actuator_answer,0.1,-0.6968943476676941,-3.4285004138946533,True,False
542,syn_00333:0:0:1,syn_val,synthetic,89daa27d1666cc5d274331f7daa466a7e09e05bc387b0cf0481b19de27976183,False,True,actuator_answer,0.2,-0.9008152484893799,-3.4979958534240723,True,False
542,syn_00333:0:0:1,syn_val,synthetic,89daa27d1666cc5d274331f7daa466a7e09e05bc387b0cf0481b19de27976183,False,True,actuator_answer,0.4,-3.54672908782959,-5.883574485778809,False,False
543,syn_00333:0:0:2,syn_val,synthetic,89daa27d1666cc5d274331f7daa466a7e09e05bc387b0cf0481b19de27976183,False,True,baseline,0.0,-0.4763808250427246,-4.008948802947998,True,False
543,syn_00333:0:0:2,syn_val,synthetic,89daa27d1666cc5d274331f7daa466a7e09e05bc387b0cf0481b19de27976183,False,True,semantic,0.02,-0.47642481327056885,-4.0357279777526855,True,False
543,syn_00333:0:0:2,syn_val,synthetic,89daa27d1666cc5d274331f7daa466a7e09e05bc387b0cf0481b19de27976183,False,True,semantic,0.05,-0.4760412871837616,-4.035301208496094,True,False
543,syn_00333:0:0:2,syn_val,synthetic,89daa27d1666cc5d274331f7daa466a7e09e05bc387b0cf0481b19de27976183,False,True,semantic,0.1,-0.47215184569358826,-4.074783802032471,True,False
543,syn_00333:0:0:2,syn_val,synthetic,89daa27d1666cc5d274331f7daa466a7e09e05bc387b0cf0481b19de27976183,False,True,semantic,0.2,-0.4724794626235962,-4.072971343994141,True,False
543,syn_00333:0:0:2,syn_val,synthetic,89daa27d1666cc5d274331f7daa466a7e09e05bc387b0cf0481b19de27976183,False,True,semantic,0.4,-0.4859496057033539,-4.038774013519287,True,False
543,syn_00333:0:0:2,syn_val,synthetic,89daa27d1666cc5d274331f7daa466a7e09e05bc387b0cf0481b19de27976183,False,True,reverse,0.02,-0.48049017786979675,-3.9974892139434814,True,False
543,syn_00333:0:0:2,syn_val,synthetic,89daa27d1666cc5d274331f7daa466a7e09e05bc387b0cf0481b19de27976183,False,True,reverse,0.05,-0.4818226099014282,-3.984988212585449,True,False
543,syn_00333:0:0:2,syn_val,synthetic,89daa27d1666cc5d274331f7daa466a7e09e05bc387b0cf0481b19de27976183,False,True,reverse,0.1,-0.4783473610877991,-3.9696831703186035,True,False
543,syn_00333:0:0:2,syn_val,synthetic,89daa27d1666cc5d274331f7daa466a7e09e05bc387b0cf0481b19de27976183,False,True,reverse,0.2,-0.49090418219566345,-3.923462390899658,True,False
543,syn_00333:0:0:2,syn_val,synthetic,89daa27d1666cc5d274331f7daa466a7e09e05bc387b0cf0481b19de27976183,False,True,reverse,0.4,-0.5144167542457581,-3.848672866821289,True,False
543,syn_00333:0:0:2,syn_val,synthetic,89daa27d1666cc5d274331f7daa466a7e09e05bc387b0cf0481b19de27976183,False,True,random,0.02,-0.47590014338493347,-4.0084028244018555,True,False
543,syn_00333:0:0:2,syn_val,synthetic,89daa27d1666cc5d274331f7daa466a7e09e05bc387b0cf0481b19de27976183,False,True,random,0.05,-0.4761980175971985,-4.007821083068848,True,False
543,syn_00333:0:0:2,syn_val,synthetic,89daa27d1666cc5d274331f7daa466a7e09e05bc387b0cf0481b19de27976183,False,True,random,0.1,-0.4794616997241974,-3.9811010360717773,True,False
543,syn_00333:0:0:2,syn_val,synthetic,89daa27d1666cc5d274331f7daa466a7e09e05bc387b0cf0481b19de27976183,False,True,random,0.2,-0.47902846336364746,-3.967863082885742,True,False
543,syn_00333:0:0:2,syn_val,synthetic,89daa27d1666cc5d274331f7daa466a7e09e05bc387b0cf0481b19de27976183,False,True,random,0.4,-0.4786616563796997,-3.9363479614257812,True,False
543,syn_00333:0:0:2,syn_val,synthetic,89daa27d1666cc5d274331f7daa466a7e09e05bc387b0cf0481b19de27976183,False,True,shuffled,0.02,-0.4778541326522827,-4.009083271026611,True,False
543,syn_00333:0:0:2,syn_val,synthetic,89daa27d1666cc5d274331f7daa466a7e09e05bc387b0cf0481b19de27976183,False,True,shuffled,0.05,-0.4822803735733032,-3.9862332344055176,True,False
543,syn_00333:0:0:2,syn_val,synthetic,89daa27d1666cc5d274331f7daa466a7e09e05bc387b0cf0481b19de27976183,False,True,shuffled,0.1,-0.4836589992046356,-3.9845452308654785,True,False
543,syn_00333:0:0:2,syn_val,synthetic,89daa27d1666cc5d274331f7daa466a7e09e05bc387b0cf0481b19de27976183,False,True,shuffled,0.2,-0.4913206696510315,-3.9491219520568848,True,False
543,syn_00333:0:0:2,syn_val,synthetic,89daa27d1666cc5d274331f7daa466a7e09e05bc387b0cf0481b19de27976183,False,True,shuffled,0.4,-0.49968525767326355,-3.881920337677002,True,False
543,syn_00333:0:0:2,syn_val,synthetic,89daa27d1666cc5d274331f7daa466a7e09e05bc387b0cf0481b19de27976183,False,True,wrong_site,0.02,-0.47597411274909973,-4.008443832397461,True,False
543,syn_00333:0:0:2,syn_val,synthetic,89daa27d1666cc5d274331f7daa466a7e09e05bc387b0cf0481b19de27976183,False,True,wrong_site,0.05,-0.48171088099479675,-3.997265338897705,True,False
543,syn_00333:0:0:2,syn_val,synthetic,89daa27d1666cc5d274331f7daa466a7e09e05bc387b0cf0481b19de27976183,False,True,wrong_site,0.1,-0.48000484704971313,-3.9967169761657715,True,False
543,syn_00333:0:0:2,syn_val,synthetic,89daa27d1666cc5d274331f7daa466a7e09e05bc387b0cf0481b19de27976183,False,True,wrong_site,0.2,-0.4805487394332886,-3.9968972206115723,True,False
543,syn_00333:0:0:2,syn_val,synthetic,89daa27d1666cc5d274331f7daa466a7e09e05bc387b0cf0481b19de27976183,False,True,wrong_site,0.4,-0.4843568503856659,-3.9845433235168457,True,False
543,syn_00333:0:0:2,syn_val,synthetic,89daa27d1666cc5d274331f7daa466a7e09e05bc387b0cf0481b19de27976183,False,True,answer_site,0.02,-0.4865513741970062,-3.988914966583252,True,False
543,syn_00333:0:0:2,syn_val,synthetic,89daa27d1666cc5d274331f7daa466a7e09e05bc387b0cf0481b19de27976183,False,True,answer_site,0.05,-0.4936206340789795,-3.9563331604003906,True,False
543,syn_00333:0:0:2,syn_val,synthetic,89daa27d1666cc5d274331f7daa466a7e09e05bc387b0cf0481b19de27976183,False,True,answer_site,0.1,-0.5152795910835266,-3.9201812744140625,True,False
543,syn_00333:0:0:2,syn_val,synthetic,89daa27d1666cc5d274331f7daa466a7e09e05bc387b0cf0481b19de27976183,False,True,answer_site,0.2,-0.5695354342460632,-3.820754051208496,True,False
543,syn_00333:0:0:2,syn_val,synthetic,89daa27d1666cc5d274331f7daa466a7e09e05bc387b0cf0481b19de27976183,False,True,answer_site,0.4,-3.1064603328704834,-6.250753402709961,False,False
543,syn_00333:0:0:2,syn_val,synthetic,89daa27d1666cc5d274331f7daa466a7e09e05bc387b0cf0481b19de27976183,False,True,actuator_cond,0.02,-0.47633516788482666,-4.009246349334717,True,False
543,syn_00333:0:0:2,syn_val,synthetic,89daa27d1666cc5d274331f7daa466a7e09e05bc387b0cf0481b19de27976183,False,True,actuator_cond,0.05,-0.48153170943260193,-3.998000144958496,True,False
543,syn_00333:0:0:2,syn_val,synthetic,89daa27d1666cc5d274331f7daa466a7e09e05bc387b0cf0481b19de27976183,False,True,actuator_cond,0.1,-0.4815073609352112,-3.984787940979004,True,False
543,syn_00333:0:0:2,syn_val,synthetic,89daa27d1666cc5d274331f7daa466a7e09e05bc387b0cf0481b19de27976183,False,True,actuator_cond,0.2,-0.4935835003852844,-3.9709901809692383,True,False
543,syn_00333:0:0:2,syn_val,synthetic,89daa27d1666cc5d274331f7daa466a7e09e05bc387b0cf0481b19de27976183,False,True,actuator_cond,0.4,-0.5307720899581909,-3.9628710746765137,True,False
543,syn_00333:0:0:2,syn_val,synthetic,89daa27d1666cc5d274331f7daa466a7e09e05bc387b0cf0481b19de27976183,False,True,actuator_answer,0.02,-0.48231759667396545,-4.015283584594727,True,False
543,syn_00333:0:0:2,syn_val,synthetic,89daa27d1666cc5d274331f7daa466a7e09e05bc387b0cf0481b19de27976183,False,True,actuator_answer,0.05,-0.4957071840763092,-4.014354705810547,True,False
543,syn_00333:0:0:2,syn_val,synthetic,89daa27d1666cc5d274331f7daa466a7e09e05bc387b0cf0481b19de27976183,False,True,actuator_answer,0.1,-0.5337477922439575,-4.0244855880737305,True,False
543,syn_00333:0:0:2,syn_val,synthetic,89daa27d1666cc5d274331f7daa466a7e09e05bc387b0cf0481b19de27976183,False,True,actuator_answer,0.2,-0.7278237342834473,-4.0632100105285645,True,False
543,syn_00333:0:0:2,syn_val,synthetic,89daa27d1666cc5d274331f7daa466a7e09e05bc387b0cf0481b19de27976183,False,True,actuator_answer,0.4,-3.4006457328796387,-6.402651309967041,False,False
555,syn_00340:0:0:1,syn_val,synthetic,df65af3d5634011f304543b77e4fd60a69b83ccc0209fc394aa76a174a61fc7b,True,True,baseline,0.0,-0.9582337737083435,-1.164141297340393,True,False
555,syn_00340:0:0:1,syn_val,synthetic,df65af3d5634011f304543b77e4fd60a69b83ccc0209fc394aa76a174a61fc7b,True,True,semantic,0.02,-0.9595043659210205,-1.1652387380599976,True,False
555,syn_00340:0:0:1,syn_val,synthetic,df65af3d5634011f304543b77e4fd60a69b83ccc0209fc394aa76a174a61fc7b,True,True,semantic,0.05,-0.9622365236282349,-1.166070580482483,True,False
555,syn_00340:0:0:1,syn_val,synthetic,df65af3d5634011f304543b77e4fd60a69b83ccc0209fc394aa76a174a61fc7b,True,True,semantic,0.1,-0.961654782295227,-1.1687591075897217,True,False
555,syn_00340:0:0:1,syn_val,synthetic,df65af3d5634011f304543b77e4fd60a69b83ccc0209fc394aa76a174a61fc7b,True,True,semantic,0.2,-0.9703779220581055,-1.1769458055496216,True,False
555,syn_00340:0:0:1,syn_val,synthetic,df65af3d5634011f304543b77e4fd60a69b83ccc0209fc394aa76a174a61fc7b,True,True,semantic,0.4,-0.9863155484199524,-1.1933553218841553,True,False
555,syn_00340:0:0:1,syn_val,synthetic,df65af3d5634011f304543b77e4fd60a69b83ccc0209fc394aa76a174a61fc7b,True,True,reverse,0.02,-0.96913743019104,-1.1437265872955322,True,False
555,syn_00340:0:0:1,syn_val,synthetic,df65af3d5634011f304543b77e4fd60a69b83ccc0209fc394aa76a174a61fc7b,True,True,reverse,0.05,-0.9671513438224792,-1.1418639421463013,True,False
555,syn_00340:0:0:1,syn_val,synthetic,df65af3d5634011f304543b77e4fd60a69b83ccc0209fc394aa76a174a61fc7b,True,True,reverse,0.1,-0.9653656482696533,-1.1420061588287354,True,False
555,syn_00340:0:0:1,syn_val,synthetic,df65af3d5634011f304543b77e4fd60a69b83ccc0209fc394aa76a174a61fc7b,True,True,reverse,0.2,-0.9592107534408569,-1.1378344297409058,True,False
555,syn_00340:0:0:1,syn_val,synthetic,df65af3d5634011f304543b77e4fd60a69b83ccc0209fc394aa76a174a61fc7b,True,True,reverse,0.4,-0.9588084816932678,-1.1346721649169922,True,False
555,syn_00340:0:0:1,syn_val,synthetic,df65af3d5634011f304543b77e4fd60a69b83ccc0209fc394aa76a174a61fc7b,True,True,random,0.02,-0.9565244317054749,-1.1453688144683838,True,False
555,syn_00340:0:0:1,syn_val,synthetic,df65af3d5634011f304543b77e4fd60a69b83ccc0209fc394aa76a174a61fc7b,True,True,random,0.05,-0.9708775281906128,-1.163892388343811,True,False
555,syn_00340:0:0:1,syn_val,synthetic,df65af3d5634011f304543b77e4fd60a69b83ccc0209fc394aa76a174a61fc7b,True,True,random,0.1,-0.9580349326133728,-1.1637754440307617,True,False
555,syn_00340:0:0:1,syn_val,synthetic,df65af3d5634011f304543b77e4fd60a69b83ccc0209fc394aa76a174a61fc7b,True,True,random,0.2,-0.959152340888977,-1.1648296117782593,True,False
555,syn_00340:0:0:1,syn_val,synthetic,df65af3d5634011f304543b77e4fd60a69b83ccc0209fc394aa76a174a61fc7b,True,True,random,0.4,-0.9578872919082642,-1.1663339138031006,True,False
555,syn_00340:0:0:1,syn_val,synthetic,df65af3d5634011f304543b77e4fd60a69b83ccc0209fc394aa76a174a61fc7b,True,True,shuffled,0.02,-0.9575051665306091,-1.1633650064468384,True,False
555,syn_00340:0:0:1,syn_val,synthetic,df65af3d5634011f304543b77e4fd60a69b83ccc0209fc394aa76a174a61fc7b,True,True,shuffled,0.05,-0.9564291834831238,-1.1641480922698975,True,False
555,syn_00340:0:0:1,syn_val,synthetic,df65af3d5634011f304543b77e4fd60a69b83ccc0209fc394aa76a174a61fc7b,True,True,shuffled,0.1,-0.9568449258804321,-1.1628494262695312,True,False
555,syn_00340:0:0:1,syn_val,synthetic,df65af3d5634011f304543b77e4fd60a69b83ccc0209fc394aa76a174a61fc7b,True,True,shuffled,0.2,-0.9564738869667053,-1.1655505895614624,True,False
555,syn_00340:0:0:1,syn_val,synthetic,df65af3d5634011f304543b77e4fd60a69b83ccc0209fc394aa76a174a61fc7b,True,True,shuffled,0.4,-0.9843822717666626,-1.1615488529205322,True,False
555,syn_00340:0:0:1,syn_val,synthetic,df65af3d5634011f304543b77e4fd60a69b83ccc0209fc394aa76a174a61fc7b,True,True,wrong_site,0.02,-0.9583518505096436,-1.1642593145370483,True,False
555,syn_00340:0:0:1,syn_val,synthetic,df65af3d5634011f304543b77e4fd60a69b83ccc0209fc394aa76a174a61fc7b,True,True,wrong_site,0.05,-0.9580544233322144,-1.1639556884765625,True,False
555,syn_00340:0:0:1,syn_val,synthetic,df65af3d5634011f304543b77e4fd60a69b83ccc0209fc394aa76a174a61fc7b,True,True,wrong_site,0.1,-0.9726617932319641,-1.1453876495361328,True,False
555,syn_00340:0:0:1,syn_val,synthetic,df65af3d5634011f304543b77e4fd60a69b83ccc0209fc394aa76a174a61fc7b,True,True,wrong_site,0.2,-0.9627984762191772,-1.1666675806045532,True,False
555,syn_00340:0:0:1,syn_val,synthetic,df65af3d5634011f304543b77e4fd60a69b83ccc0209fc394aa76a174a61fc7b,True,True,wrong_site,0.4,-0.9761064052581787,-1.1506965160369873,True,False
555,syn_00340:0:0:1,syn_val,synthetic,df65af3d5634011f304543b77e4fd60a69b83ccc0209fc394aa76a174a61fc7b,True,True,answer_site,0.02,-0.9785297513008118,-1.1282377243041992,True,False
555,syn_00340:0:0:1,syn_val,synthetic,df65af3d5634011f304543b77e4fd60a69b83ccc0209fc394aa76a174a61fc7b,True,True,answer_site,0.05,-0.9987674951553345,-1.0949788093566895,True,False
555,syn_00340:0:0:1,syn_val,synthetic,df65af3d5634011f304543b77e4fd60a69b83ccc0209fc394aa76a174a61fc7b,True,True,answer_site,0.1,-0.9882838726043701,-1.099251627922058,True,False
555,syn_00340:0:0:1,syn_val,synthetic,df65af3d5634011f304543b77e4fd60a69b83ccc0209fc394aa76a174a61fc7b,True,True,answer_site,0.2,-1.0014617443084717,-1.16472327709198,True,False
555,syn_00340:0:0:1,syn_val,synthetic,df65af3d5634011f304543b77e4fd60a69b83ccc0209fc394aa76a174a61fc7b,True,True,answer_site,0.4,-1.753370761871338,-1.7024774551391602,True,False
555,syn_00340:0:0:1,syn_val,synthetic,df65af3d5634011f304543b77e4fd60a69b83ccc0209fc394aa76a174a61fc7b,True,True,actuator_cond,0.02,-0.9567228555679321,-1.1627287864685059,True,False
555,syn_00340:0:0:1,syn_val,synthetic,df65af3d5634011f304543b77e4fd60a69b83ccc0209fc394aa76a174a61fc7b,True,True,actuator_cond,0.05,-0.9585020542144775,-1.162924885749817,True,False
555,syn_00340:0:0:1,syn_val,synthetic,df65af3d5634011f304543b77e4fd60a69b83ccc0209fc394aa76a174a61fc7b,True,True,actuator_cond,0.1,-0.9453493356704712,-1.1811742782592773,True,False
555,syn_00340:0:0:1,syn_val,synthetic,df65af3d5634011f304543b77e4fd60a69b83ccc0209fc394aa76a174a61fc7b,True,True,actuator_cond,0.2,-0.9289072751998901,-1.2237138748168945,True,False
555,syn_00340:0:0:1,syn_val,synthetic,df65af3d5634011f304543b77e4fd60a69b83ccc0209fc394aa76a174a61fc7b,True,True,actuator_cond,0.4,-0.9593439102172852,-1.264564871788025,True,False
555,syn_00340:0:0:1,syn_val,synthetic,df65af3d5634011f304543b77e4fd60a69b83ccc0209fc394aa76a174a61fc7b,True,True,actuator_answer,0.02,-0.940969705581665,-1.1306260824203491,True,False
555,syn_00340:0:0:1,syn_val,synthetic,df65af3d5634011f304543b77e4fd60a69b83ccc0209fc394aa76a174a61fc7b,True,True,actuator_answer,0.05,-0.8915842175483704,-1.1070971488952637,True,False
555,syn_00340:0:0:1,syn_val,synthetic,df65af3d5634011f304543b77e4fd60a69b83ccc0209fc394aa76a174a61fc7b,True,True,actuator_answer,0.1,-0.7983138561248779,-1.1923868656158447,True,False
555,syn_00340:0:0:1,syn_val,synthetic,df65af3d5634011f304543b77e4fd60a69b83ccc0209fc394aa76a174a61fc7b,True,True,actuator_answer,0.2,-0.7169972658157349,-1.3366608619689941,True,False
555,syn_00340:0:0:1,syn_val,synthetic,df65af3d5634011f304543b77e4fd60a69b83ccc0209fc394aa76a174a61fc7b,True,True,actuator_answer,0.4,-1.2739580869674683,-2.071135997772217,True,False
556,syn_00340:0:0:2,syn_val,synthetic,df65af3d5634011f304543b77e4fd60a69b83ccc0209fc394aa76a174a61fc7b,True,True,baseline,0.0,-0.8285640478134155,-1.3849238157272339,True,False
556,syn_00340:0:0:2,syn_val,synthetic,df65af3d5634011f304543b77e4fd60a69b83ccc0209fc394aa76a174a61fc7b,True,True,semantic,0.02,-0.8175479769706726,-1.4050688743591309,True,False
556,syn_00340:0:0:2,syn_val,synthetic,df65af3d5634011f304543b77e4fd60a69b83ccc0209fc394aa76a174a61fc7b,True,True,semantic,0.05,-0.8182599544525146,-1.4058551788330078,True,False
556,syn_00340:0:0:2,syn_val,synthetic,df65af3d5634011f304543b77e4fd60a69b83ccc0209fc394aa76a174a61fc7b,True,True,semantic,0.1,-0.819750189781189,-1.4073113203048706,True,False
556,syn_00340:0:0:2,syn_val,synthetic,df65af3d5634011f304543b77e4fd60a69b83ccc0209fc394aa76a174a61fc7b,True,True,semantic,0.2,-0.8448104858398438,-1.371010661125183,True,False
556,syn_00340:0:0:2,syn_val,synthetic,df65af3d5634011f304543b77e4fd60a69b83ccc0209fc394aa76a174a61fc7b,True,True,semantic,0.4,-0.8781031370162964,-1.342909574508667,True,False
556,syn_00340:0:0:2,syn_val,synthetic,df65af3d5634011f304543b77e4fd60a69b83ccc0209fc394aa76a174a61fc7b,True,True,reverse,0.02,-0.8273687958717346,-1.3835872411727905,True,False
556,syn_00340:0:0:2,syn_val,synthetic,df65af3d5634011f304543b77e4fd60a69b83ccc0209fc394aa76a174a61fc7b,True,True,reverse,0.05,-0.8248139023780823,-1.3808653354644775,True,False
556,syn_00340:0:0:2,syn_val,synthetic,df65af3d5634011f304543b77e4fd60a69b83ccc0209fc394aa76a174a61fc7b,True,True,reverse,0.1,-0.8260215520858765,-1.3818081617355347,True,False
556,syn_00340:0:0:2,syn_val,synthetic,df65af3d5634011f304543b77e4fd60a69b83ccc0209fc394aa76a174a61fc7b,True,True,reverse,0.2,-0.797945499420166,-1.4172425270080566,True,False
556,syn_00340:0:0:2,syn_val,synthetic,df65af3d5634011f304543b77e4fd60a69b83ccc0209fc394aa76a174a61fc7b,True,True,reverse,0.4,-0.7792892456054688,-1.4580330848693848,True,False
556,syn_00340:0:0:2,syn_val,synthetic,df65af3d5634011f304543b77e4fd60a69b83ccc0209fc394aa76a174a61fc7b,True,True,random,0.02,-0.8163192868232727,-1.403977870941162,True,False
556,syn_00340:0:0:2,syn_val,synthetic,df65af3d5634011f304543b77e4fd60a69b83ccc0209fc394aa76a174a61fc7b,True,True,random,0.05,-0.8155174255371094,-1.4032387733459473,True,False
556,syn_00340:0:0:2,syn_val,synthetic,df65af3d5634011f304543b77e4fd60a69b83ccc0209fc394aa76a174a61fc7b,True,True,random,0.1,-0.8155092597007751,-1.4033197164535522,True,False
556,syn_00340:0:0:2,syn_val,synthetic,df65af3d5634011f304543b77e4fd60a69b83ccc0209fc394aa76a174a61fc7b,True,True,random,0.2,-0.8150070905685425,-1.4041359424591064,True,False
556,syn_00340:0:0:2,syn_val,synthetic,df65af3d5634011f304543b77e4fd60a69b83ccc0209fc394aa76a174a61fc7b,True,True,random,0.4,-0.8430418968200684,-1.3682242631912231,True,False
556,syn_00340:0:0:2,syn_val,synthetic,df65af3d5634011f304543b77e4fd60a69b83ccc0209fc394aa76a174a61fc7b,True,True,shuffled,0.02,-0.8179877400398254,-1.4055650234222412,True,False
556,syn_00340:0:0:2,syn_val,synthetic,df65af3d5634011f304543b77e4fd60a69b83ccc0209fc394aa76a174a61fc7b,True,True,shuffled,0.05,-0.8257063031196594,-1.3839207887649536,True,False
556,syn_00340:0:0:2,syn_val,synthetic,df65af3d5634011f304543b77e4fd60a69b83ccc0209fc394aa76a174a61fc7b,True,True,shuffled,0.1,-0.8256188631057739,-1.3839404582977295,True,False
556,syn_00340:0:0:2,syn_val,synthetic,df65af3d5634011f304543b77e4fd60a69b83ccc0209fc394aa76a174a61fc7b,True,True,shuffled,0.2,-0.8286814093589783,-1.387110710144043,True,False
556,syn_00340:0:0:2,syn_val,synthetic,df65af3d5634011f304543b77e4fd60a69b83ccc0209fc394aa76a174a61fc7b,True,True,shuffled,0.4,-0.865323543548584,-1.3618109226226807,True,False
556,syn_00340:0:0:2,syn_val,synthetic,df65af3d5634011f304543b77e4fd60a69b83ccc0209fc394aa76a174a61fc7b,True,True,wrong_site,0.02,-0.8273050785064697,-1.3834582567214966,True,False
556,syn_00340:0:0:2,syn_val,synthetic,df65af3d5634011f304543b77e4fd60a69b83ccc0209fc394aa76a174a61fc7b,True,True,wrong_site,0.05,-0.8158531785011292,-1.4030154943466187,True,False
556,syn_00340:0:0:2,syn_val,synthetic,df65af3d5634011f304543b77e4fd60a69b83ccc0209fc394aa76a174a61fc7b,True,True,wrong_site,0.1,-0.8275137543678284,-1.3832731246948242,True,False
556,syn_00340:0:0:2,syn_val,synthetic,df65af3d5634011f304543b77e4fd60a69b83ccc0209fc394aa76a174a61fc7b,True,True,wrong_site,0.2,-0.8414308428764343,-1.3649556636810303,True,False
556,syn_00340:0:0:2,syn_val,synthetic,df65af3d5634011f304543b77e4fd60a69b83ccc0209fc394aa76a174a61fc7b,True,True,wrong_site,0.4,-0.8792096972465515,-1.3083586692810059,True,False
556,syn_00340:0:0:2,syn_val,synthetic,df65af3d5634011f304543b77e4fd60a69b83ccc0209fc394aa76a174a61fc7b,True,True,answer_site,0.02,-0.8246079087257385,-1.3866050243377686,True,False
556,syn_00340:0:0:2,syn_val,synthetic,df65af3d5634011f304543b77e4fd60a69b83ccc0209fc394aa76a174a61fc7b,True,True,answer_site,0.05,-0.842431366443634,-1.3514173030853271,True,False
556,syn_00340:0:0:2,syn_val,synthetic,df65af3d5634011f304543b77e4fd60a69b83ccc0209fc394aa76a174a61fc7b,True,True,answer_site,0.1,-0.8538408875465393,-1.344248652458191,True,False
556,syn_00340:0:0:2,syn_val,synthetic,df65af3d5634011f304543b77e4fd60a69b83ccc0209fc394aa76a174a61fc7b,True,True,answer_site,0.2,-0.9276399612426758,-1.3733612298965454,True,False
556,syn_00340:0:0:2,syn_val,synthetic,df65af3d5634011f304543b77e4fd60a69b83ccc0209fc394aa76a174a61fc7b,True,True,answer_site,0.4,-1.6288667917251587,-1.8865922689437866,True,False
556,syn_00340:0:0:2,syn_val,synthetic,df65af3d5634011f304543b77e4fd60a69b83ccc0209fc394aa76a174a61fc7b,True,True,actuator_cond,0.02,-0.8165810108184814,-1.404219150543213,True,False
556,syn_00340:0:0:2,syn_val,synthetic,df65af3d5634011f304543b77e4fd60a69b83ccc0209fc394aa76a174a61fc7b,True,True,actuator_cond,0.05,-0.8178484439849854,-1.4041171073913574,True,False
556,syn_00340:0:0:2,syn_val,synthetic,df65af3d5634011f304543b77e4fd60a69b83ccc0209fc394aa76a174a61fc7b,True,True,actuator_cond,0.1,-0.8067214488983154,-1.424739122390747,True,False
556,syn_00340:0:0:2,syn_val,synthetic,df65af3d5634011f304543b77e4fd60a69b83ccc0209fc394aa76a174a61fc7b,True,True,actuator_cond,0.2,-0.7977328300476074,-1.4731310606002808,True,False
556,syn_00340:0:0:2,syn_val,synthetic,df65af3d5634011f304543b77e4fd60a69b83ccc0209fc394aa76a174a61fc7b,True,True,actuator_cond,0.4,-0.8275681734085083,-1.540848731994629,True,False
556,syn_00340:0:0:2,syn_val,synthetic,df65af3d5634011f304543b77e4fd60a69b83ccc0209fc394aa76a174a61fc7b,True,True,actuator_answer,0.02,-0.7956796288490295,-1.3685252666473389,True,False
556,syn_00340:0:0:2,syn_val,synthetic,df65af3d5634011f304543b77e4fd60a69b83ccc0209fc394aa76a174a61fc7b,True,True,actuator_answer,0.05,-0.7557575702667236,-1.3493092060089111,True,False
556,syn_00340:0:0:2,syn_val,synthetic,df65af3d5634011f304543b77e4fd60a69b83ccc0209fc394aa76a174a61fc7b,True,True,actuator_answer,0.1,-0.7020019292831421,-1.3718242645263672,True,False
556,syn_00340:0:0:2,syn_val,synthetic,df65af3d5634011f304543b77e4fd60a69b83ccc0209fc394aa76a174a61fc7b,True,True,actuator_answer,0.2,-0.6658593416213989,-1.4974939823150635,True,False
556,syn_00340:0:0:2,syn_val,synthetic,df65af3d5634011f304543b77e4fd60a69b83ccc0209fc394aa76a174a61fc7b,True,True,actuator_answer,0.4,-1.2756145000457764,-2.299314498901367,True,False
641,syn_00399:0:0:2,syn_val,synthetic,ab5dacbedfea8df038f60ef29e284a31eb08280e5df51b18688bc4f72c32a671,True,True,baseline,0.0,-0.998924732208252,-0.9180521368980408,True,False
641,syn_00399:0:0:2,syn_val,synthetic,ab5dacbedfea8df038f60ef29e284a31eb08280e5df51b18688bc4f72c32a671,True,True,semantic,0.02,-0.9820839762687683,-0.9335830807685852,True,False
641,syn_00399:0:0:2,syn_val,synthetic,ab5dacbedfea8df038f60ef29e284a31eb08280e5df51b18688bc4f72c32a671,True,True,semantic,0.05,-0.9828619360923767,-0.9342964291572571,True,False
641,syn_00399:0:0:2,syn_val,synthetic,ab5dacbedfea8df038f60ef29e284a31eb08280e5df51b18688bc4f72c32a671,True,True,semantic,0.1,-0.9693409204483032,-0.9519872069358826,True,False
641,syn_00399:0:0:2,syn_val,synthetic,ab5dacbedfea8df038f60ef29e284a31eb08280e5df51b18688bc4f72c32a671,True,True,semantic,0.2,-0.9426792860031128,-0.9878290891647339,True,False
641,syn_00399:0:0:2,syn_val,synthetic,ab5dacbedfea8df038f60ef29e284a31eb08280e5df51b18688bc4f72c32a671,True,True,semantic,0.4,-0.934004545211792,-1.0113452672958374,True,False
641,syn_00399:0:0:2,syn_val,synthetic,ab5dacbedfea8df038f60ef29e284a31eb08280e5df51b18688bc4f72c32a671,True,True,reverse,0.02,-0.997276246547699,-0.9184392094612122,True,False
641,syn_00399:0:0:2,syn_val,synthetic,ab5dacbedfea8df038f60ef29e284a31eb08280e5df51b18688bc4f72c32a671,True,True,reverse,0.05,-0.9960339069366455,-0.9172678589820862,True,False
641,syn_00399:0:0:2,syn_val,synthetic,ab5dacbedfea8df038f60ef29e284a31eb08280e5df51b18688bc4f72c32a671,True,True,reverse,0.1,-0.9806755781173706,-0.933014452457428,True,False
641,syn_00399:0:0:2,syn_val,synthetic,ab5dacbedfea8df038f60ef29e284a31eb08280e5df51b18688bc4f72c32a671,True,True,reverse,0.2,-0.9660910367965698,-0.9495906233787537,True,False
641,syn_00399:0:0:2,syn_val,synthetic,ab5dacbedfea8df038f60ef29e284a31eb08280e5df51b18688bc4f72c32a671,True,True,reverse,0.4,-1.0002729892730713,-0.9204503893852234,True,False
641,syn_00399:0:0:2,syn_val,synthetic,ab5dacbedfea8df038f60ef29e284a31eb08280e5df51b18688bc4f72c32a671,True,True,random,0.02,-0.997841477394104,-0.9179104566574097,True,False
641,syn_00399:0:0:2,syn_val,synthetic,ab5dacbedfea8df038f60ef29e284a31eb08280e5df51b18688bc4f72c32a671,True,True,random,0.05,-0.9979533553123474,-0.9171534180641174,True,False
641,syn_00399:0:0:2,syn_val,synthetic,ab5dacbedfea8df038f60ef29e284a31eb08280e5df51b18688bc4f72c32a671,True,True,random,0.1,-1.0143108367919922,-0.9031440019607544,False,True
641,syn_00399:0:0:2,syn_val,synthetic,ab5dacbedfea8df038f60ef29e284a31eb08280e5df51b18688bc4f72c32a671,True,True,random,0.2,-1.0142979621887207,-0.9030495882034302,False,True
641,syn_00399:0:0:2,syn_val,synthetic,ab5dacbedfea8df038f60ef29e284a31eb08280e5df51b18688bc4f72c32a671,True,True,random,0.4,-1.0014214515686035,-0.9216504693031311,True,False
641,syn_00399:0:0:2,syn_val,synthetic,ab5dacbedfea8df038f60ef29e284a31eb08280e5df51b18688bc4f72c32a671,True,True,shuffled,0.02,-0.9975466728210449,-0.9187387228012085,True,False
641,syn_00399:0:0:2,syn_val,synthetic,ab5dacbedfea8df038f60ef29e284a31eb08280e5df51b18688bc4f72c32a671,True,True,shuffled,0.05,-0.9970857501029968,-0.918159008026123,True,False
641,syn_00399:0:0:2,syn_val,synthetic,ab5dacbedfea8df038f60ef29e284a31eb08280e5df51b18688bc4f72c32a671,True,True,shuffled,0.1,-0.997414767742157,-0.9184226989746094,True,False
641,syn_00399:0:0:2,syn_val,synthetic,ab5dacbedfea8df038f60ef29e284a31eb08280e5df51b18688bc4f72c32a671,True,True,shuffled,0.2,-0.9851155877113342,-0.937955915927887,True,False
641,syn_00399:0:0:2,syn_val,synthetic,ab5dacbedfea8df038f60ef29e284a31eb08280e5df51b18688bc4f72c32a671,True,True,shuffled,0.4,-0.9580095410346985,-1.0015957355499268,True,False
641,syn_00399:0:0:2,syn_val,synthetic,ab5dacbedfea8df038f60ef29e284a31eb08280e5df51b18688bc4f72c32a671,True,True,wrong_site,0.02,-0.9993683695793152,-0.9184926748275757,True,False
641,syn_00399:0:0:2,syn_val,synthetic,ab5dacbedfea8df038f60ef29e284a31eb08280e5df51b18688bc4f72c32a671,True,True,wrong_site,0.05,-0.9837954640388489,-0.9342711567878723,True,False
641,syn_00399:0:0:2,syn_val,synthetic,ab5dacbedfea8df038f60ef29e284a31eb08280e5df51b18688bc4f72c32a671,True,True,wrong_site,0.1,-0.9836409687995911,-0.9349690675735474,True,False
641,syn_00399:0:0:2,syn_val,synthetic,ab5dacbedfea8df038f60ef29e284a31eb08280e5df51b18688bc4f72c32a671,True,True,wrong_site,0.2,-0.9859974980354309,-0.9352173209190369,True,False
641,syn_00399:0:0:2,syn_val,synthetic,ab5dacbedfea8df038f60ef29e284a31eb08280e5df51b18688bc4f72c32a671,True,True,wrong_site,0.4,-0.9998008012771606,-0.9199493527412415,True,False
641,syn_00399:0:0:2,syn_val,synthetic,ab5dacbedfea8df038f60ef29e284a31eb08280e5df51b18688bc4f72c32a671,True,True,answer_site,0.02,-0.9990662336349487,-0.9227588772773743,True,False
641,syn_00399:0:0:2,syn_val,synthetic,ab5dacbedfea8df038f60ef29e284a31eb08280e5df51b18688bc4f72c32a671,True,True,answer_site,0.05,-1.002611517906189,-0.9319366812705994,True,False
641,syn_00399:0:0:2,syn_val,synthetic,ab5dacbedfea8df038f60ef29e284a31eb08280e5df51b18688bc4f72c32a671,True,True,answer_site,0.1,-0.9711132645606995,-1.0012010335922241,True,False
641,syn_00399:0:0:2,syn_val,synthetic,ab5dacbedfea8df038f60ef29e284a31eb08280e5df51b18688bc4f72c32a671,True,True,answer_site,0.2,-0.9577010869979858,-1.157536268234253,True,False
641,syn_00399:0:0:2,syn_val,synthetic,ab5dacbedfea8df038f60ef29e284a31eb08280e5df51b18688bc4f72c32a671,True,True,answer_site,0.4,-1.5920889377593994,-1.6921358108520508,True,False
641,syn_00399:0:0:2,syn_val,synthetic,ab5dacbedfea8df038f60ef29e284a31eb08280e5df51b18688bc4f72c32a671,True,True,actuator_cond,0.02,-0.9979584217071533,-0.9190288186073303,True,False
641,syn_00399:0:0:2,syn_val,synthetic,ab5dacbedfea8df038f60ef29e284a31eb08280e5df51b18688bc4f72c32a671,True,True,actuator_cond,0.05,-0.9974992275238037,-0.9177218675613403,True,False
641,syn_00399:0:0:2,syn_val,synthetic,ab5dacbedfea8df038f60ef29e284a31eb08280e5df51b18688bc4f72c32a671,True,True,actuator_cond,0.1,-0.9691299200057983,-0.9507679343223572,True,False
641,syn_00399:0:0:2,syn_val,synthetic,ab5dacbedfea8df038f60ef29e284a31eb08280e5df51b18688bc4f72c32a671,True,True,actuator_cond,0.2,-0.9517186880111694,-0.9900071620941162,True,False
641,syn_00399:0:0:2,syn_val,synthetic,ab5dacbedfea8df038f60ef29e284a31eb08280e5df51b18688bc4f72c32a671,True,True,actuator_cond,0.4,-0.9324281215667725,-1.0738131999969482,True,False
641,syn_00399:0:0:2,syn_val,synthetic,ab5dacbedfea8df038f60ef29e284a31eb08280e5df51b18688bc4f72c32a671,True,True,actuator_answer,0.02,-0.980661928653717,-0.911728024482727,True,False
641,syn_00399:0:0:2,syn_val,synthetic,ab5dacbedfea8df038f60ef29e284a31eb08280e5df51b18688bc4f72c32a671,True,True,actuator_answer,0.05,-0.9720869064331055,-0.8851889967918396,False,True
641,syn_00399:0:0:2,syn_val,synthetic,ab5dacbedfea8df038f60ef29e284a31eb08280e5df51b18688bc4f72c32a671,True,True,actuator_answer,0.1,-0.9763941764831543,-0.8622518181800842,False,True
641,syn_00399:0:0:2,syn_val,synthetic,ab5dacbedfea8df038f60ef29e284a31eb08280e5df51b18688bc4f72c32a671,True,True,actuator_answer,0.2,-0.8726771473884583,-1.0151430368423462,True,False
641,syn_00399:0:0:2,syn_val,synthetic,ab5dacbedfea8df038f60ef29e284a31eb08280e5df51b18688bc4f72c32a671,True,True,actuator_answer,0.4,-1.229395866394043,-1.6388967037200928,True,False
654,syn_00404:0:0:0,syn_val,synthetic,fd08566d23188b7624991aad045d260984559088b718288968ccbdcd92a5b184,False,True,baseline,0.0,-0.33002495765686035,-7.9962382316589355,True,False
654,syn_00404:0:0:0,syn_val,synthetic,fd08566d23188b7624991aad045d260984559088b718288968ccbdcd92a5b184,False,True,semantic,0.02,-0.33032485842704773,-7.997430801391602,True,False
654,syn_00404:0:0:0,syn_val,synthetic,fd08566d23188b7624991aad045d260984559088b718288968ccbdcd92a5b184,False,True,semantic,0.05,-0.33153730630874634,-7.997654914855957,True,False
654,syn_00404:0:0:0,syn_val,synthetic,fd08566d23188b7624991aad045d260984559088b718288968ccbdcd92a5b184,False,True,semantic,0.1,-0.33264267444610596,-8.026752471923828,True,False
654,syn_00404:0:0:0,syn_val,synthetic,fd08566d23188b7624991aad045d260984559088b718288968ccbdcd92a5b184,False,True,semantic,0.2,-0.33557942509651184,-8.05649471282959,True,False
654,syn_00404:0:0:0,syn_val,synthetic,fd08566d23188b7624991aad045d260984559088b718288968ccbdcd92a5b184,False,True,semantic,0.4,-0.33854323625564575,-8.070208549499512,True,False
654,syn_00404:0:0:0,syn_val,synthetic,fd08566d23188b7624991aad045d260984559088b718288968ccbdcd92a5b184,False,True,reverse,0.02,-0.3314724564552307,-7.983644485473633,True,False
654,syn_00404:0:0:0,syn_val,synthetic,fd08566d23188b7624991aad045d260984559088b718288968ccbdcd92a5b184,False,True,reverse,0.05,-0.3329375386238098,-7.970894813537598,True,False
654,syn_00404:0:0:0,syn_val,synthetic,fd08566d23188b7624991aad045d260984559088b718288968ccbdcd92a5b184,False,True,reverse,0.1,-0.33648017048835754,-7.961374282836914,True,False
654,syn_00404:0:0:0,syn_val,synthetic,fd08566d23188b7624991aad045d260984559088b718288968ccbdcd92a5b184,False,True,reverse,0.2,-0.34959879517555237,-7.931077003479004,True,False
654,syn_00404:0:0:0,syn_val,synthetic,fd08566d23188b7624991aad045d260984559088b718288968ccbdcd92a5b184,False,True,reverse,0.4,-0.3917943239212036,-7.853837966918945,True,False
654,syn_00404:0:0:0,syn_val,synthetic,fd08566d23188b7624991aad045d260984559088b718288968ccbdcd92a5b184,False,True,random,0.02,-0.32987284660339355,-7.995700836181641,True,False
654,syn_00404:0:0:0,syn_val,synthetic,fd08566d23188b7624991aad045d260984559088b718288968ccbdcd92a5b184,False,True,random,0.05,-0.33001258969306946,-7.9815473556518555,True,False
654,syn_00404:0:0:0,syn_val,synthetic,fd08566d23188b7624991aad045d260984559088b718288968ccbdcd92a5b184,False,True,random,0.1,-0.33094432950019836,-7.997281074523926,True,False
654,syn_00404:0:0:0,syn_val,synthetic,fd08566d23188b7624991aad045d260984559088b718288968ccbdcd92a5b184,False,True,random,0.2,-0.3315151035785675,-8.012738227844238,True,False
654,syn_00404:0:0:0,syn_val,synthetic,fd08566d23188b7624991aad045d260984559088b718288968ccbdcd92a5b184,False,True,random,0.4,-0.34036093950271606,-7.976897239685059,True,False
654,syn_00404:0:0:0,syn_val,synthetic,fd08566d23188b7624991aad045d260984559088b718288968ccbdcd92a5b184,False,True,shuffled,0.02,-0.33069536089897156,-7.982781410217285,True,False
654,syn_00404:0:0:0,syn_val,synthetic,fd08566d23188b7624991aad045d260984559088b718288968ccbdcd92a5b184,False,True,shuffled,0.05,-0.3313130736351013,-7.970874786376953,True,False
654,syn_00404:0:0:0,syn_val,synthetic,fd08566d23188b7624991aad045d260984559088b718288968ccbdcd92a5b184,False,True,shuffled,0.1,-0.3319949507713318,-7.971774101257324,True,False
654,syn_00404:0:0:0,syn_val,synthetic,fd08566d23188b7624991aad045d260984559088b718288968ccbdcd92a5b184,False,True,shuffled,0.2,-0.33908069133758545,-7.949418067932129,True,False
654,syn_00404:0:0:0,syn_val,synthetic,fd08566d23188b7624991aad045d260984559088b718288968ccbdcd92a5b184,False,True,shuffled,0.4,-0.34953030943870544,-7.883781433105469,True,False
654,syn_00404:0:0:0,syn_val,synthetic,fd08566d23188b7624991aad045d260984559088b718288968ccbdcd92a5b184,False,True,wrong_site,0.02,-0.3316490054130554,-7.999135971069336,True,False
654,syn_00404:0:0:0,syn_val,synthetic,fd08566d23188b7624991aad045d260984559088b718288968ccbdcd92a5b184,False,True,wrong_site,0.05,-0.32897868752479553,-7.9823527336120605,True,False
654,syn_00404:0:0:0,syn_val,synthetic,fd08566d23188b7624991aad045d260984559088b718288968ccbdcd92a5b184,False,True,wrong_site,0.1,-0.32865533232688904,-7.982055187225342,True,False
654,syn_00404:0:0:0,syn_val,synthetic,fd08566d23188b7624991aad045d260984559088b718288968ccbdcd92a5b184,False,True,wrong_site,0.2,-0.3245779573917389,-7.980292320251465,True,False
654,syn_00404:0:0:0,syn_val,synthetic,fd08566d23188b7624991aad045d260984559088b718288968ccbdcd92a5b184,False,True,wrong_site,0.4,-0.3197099566459656,-8.017476081848145,True,False
654,syn_00404:0:0:0,syn_val,synthetic,fd08566d23188b7624991aad045d260984559088b718288968ccbdcd92a5b184,False,True,answer_site,0.02,-0.33091768622398376,-7.9844560623168945,True,False
654,syn_00404:0:0:0,syn_val,synthetic,fd08566d23188b7624991aad045d260984559088b718288968ccbdcd92a5b184,False,True,answer_site,0.05,-0.3310695290565491,-7.969919681549072,True,False
654,syn_00404:0:0:0,syn_val,synthetic,fd08566d23188b7624991aad045d260984559088b718288968ccbdcd92a5b184,False,True,answer_site,0.1,-0.33057641983032227,-7.9270219802856445,True,False
654,syn_00404:0:0:0,syn_val,synthetic,fd08566d23188b7624991aad045d260984559088b718288968ccbdcd92a5b184,False,True,answer_site,0.2,-0.3675481081008911,-7.861476898193359,True,False
654,syn_00404:0:0:0,syn_val,synthetic,fd08566d23188b7624991aad045d260984559088b718288968ccbdcd92a5b184,False,True,answer_site,0.4,-2.384586811065674,-9.589127540588379,False,False
654,syn_00404:0:0:0,syn_val,synthetic,fd08566d23188b7624991aad045d260984559088b718288968ccbdcd92a5b184,False,True,actuator_cond,0.02,-0.3296929895877838,-7.981923580169678,True,False
654,syn_00404:0:0:0,syn_val,synthetic,fd08566d23188b7624991aad045d260984559088b718288968ccbdcd92a5b184,False,True,actuator_cond,0.05,-0.33149591088294983,-7.969663619995117,True,False
654,syn_00404:0:0:0,syn_val,synthetic,fd08566d23188b7624991aad045d260984559088b718288968ccbdcd92a5b184,False,True,actuator_cond,0.1,-0.3369341790676117,-7.990089416503906,True,False
654,syn_00404:0:0:0,syn_val,synthetic,fd08566d23188b7624991aad045d260984559088b718288968ccbdcd92a5b184,False,True,actuator_cond,0.2,-0.3518293499946594,-7.9914116859436035,True,False
654,syn_00404:0:0:0,syn_val,synthetic,fd08566d23188b7624991aad045d260984559088b718288968ccbdcd92a5b184,False,True,actuator_cond,0.4,-0.4059869050979614,-7.919733047485352,True,False
654,syn_00404:0:0:0,syn_val,synthetic,fd08566d23188b7624991aad045d260984559088b718288968ccbdcd92a5b184,False,True,actuator_answer,0.02,-0.32878100872039795,-7.995848655700684,True,False
654,syn_00404:0:0:0,syn_val,synthetic,fd08566d23188b7624991aad045d260984559088b718288968ccbdcd92a5b184,False,True,actuator_answer,0.05,-0.3305244743824005,-7.998675346374512,True,False
654,syn_00404:0:0:0,syn_val,synthetic,fd08566d23188b7624991aad045d260984559088b718288968ccbdcd92a5b184,False,True,actuator_answer,0.1,-0.3600127398967743,-8.014372825622559,True,False
654,syn_00404:0:0:0,syn_val,synthetic,fd08566d23188b7624991aad045d260984559088b718288968ccbdcd92a5b184,False,True,actuator_answer,0.2,-0.611883282661438,-8.101080894470215,True,False
654,syn_00404:0:0:0,syn_val,synthetic,fd08566d23188b7624991aad045d260984559088b718288968ccbdcd92a5b184,False,True,actuator_answer,0.4,-3.50423264503479,-10.527641296386719,False,False
700,syn_00428:0:0:2,syn_val,synthetic,d4576c4f37b90d65684b97f53af6823220155be29f2618507b39c31925830fe1,False,True,baseline,0.0,-0.6208260655403137,-2.500044822692871,True,False
700,syn_00428:0:0:2,syn_val,synthetic,d4576c4f37b90d65684b97f53af6823220155be29f2618507b39c31925830fe1,False,True,semantic,0.02,-0.6148000359535217,-2.5306649208068848,True,False
700,syn_00428:0:0:2,syn_val,synthetic,d4576c4f37b90d65684b97f53af6823220155be29f2618507b39c31925830fe1,False,True,semantic,0.05,-0.6202344298362732,-2.510157585144043,True,False
700,syn_00428:0:0:2,syn_val,synthetic,d4576c4f37b90d65684b97f53af6823220155be29f2618507b39c31925830fe1,False,True,semantic,0.1,-0.6224366426467896,-2.520541191101074,True,False
700,syn_00428:0:0:2,syn_val,synthetic,d4576c4f37b90d65684b97f53af6823220155be29f2618507b39c31925830fe1,False,True,semantic,0.2,-0.6223006248474121,-2.543423652648926,True,False
700,syn_00428:0:0:2,syn_val,synthetic,d4576c4f37b90d65684b97f53af6823220155be29f2618507b39c31925830fe1,False,True,semantic,0.4,-0.6223163604736328,-2.6027369499206543,True,False
700,syn_00428:0:0:2,syn_val,synthetic,d4576c4f37b90d65684b97f53af6823220155be29f2618507b39c31925830fe1,False,True,reverse,0.02,-0.6207146644592285,-2.510362148284912,True,False
700,syn_00428:0:0:2,syn_val,synthetic,d4576c4f37b90d65684b97f53af6823220155be29f2618507b39c31925830fe1,False,True,reverse,0.05,-0.6185420155525208,-2.5007286071777344,True,False
700,syn_00428:0:0:2,syn_val,synthetic,d4576c4f37b90d65684b97f53af6823220155be29f2618507b39c31925830fe1,False,True,reverse,0.1,-0.6215898394584656,-2.484065532684326,True,False
700,syn_00428:0:0:2,syn_val,synthetic,d4576c4f37b90d65684b97f53af6823220155be29f2618507b39c31925830fe1,False,True,reverse,0.2,-0.6213443279266357,-2.4924848079681396,True,False
700,syn_00428:0:0:2,syn_val,synthetic,d4576c4f37b90d65684b97f53af6823220155be29f2618507b39c31925830fe1,False,True,reverse,0.4,-0.649259626865387,-2.493866443634033,True,False
700,syn_00428:0:0:2,syn_val,synthetic,d4576c4f37b90d65684b97f53af6823220155be29f2618507b39c31925830fe1,False,True,random,0.02,-0.6165833473205566,-2.5208353996276855,True,False
700,syn_00428:0:0:2,syn_val,synthetic,d4576c4f37b90d65684b97f53af6823220155be29f2618507b39c31925830fe1,False,True,random,0.05,-0.6211625337600708,-2.507018566131592,True,False
700,syn_00428:0:0:2,syn_val,synthetic,d4576c4f37b90d65684b97f53af6823220155be29f2618507b39c31925830fe1,False,True,random,0.1,-0.622165322303772,-2.5014123916625977,True,False
700,syn_00428:0:0:2,syn_val,synthetic,d4576c4f37b90d65684b97f53af6823220155be29f2618507b39c31925830fe1,False,True,random,0.2,-0.6262290477752686,-2.4919066429138184,True,False
700,syn_00428:0:0:2,syn_val,synthetic,d4576c4f37b90d65684b97f53af6823220155be29f2618507b39c31925830fe1,False,True,random,0.4,-0.6377688050270081,-2.4817872047424316,True,False
700,syn_00428:0:0:2,syn_val,synthetic,d4576c4f37b90d65684b97f53af6823220155be29f2618507b39c31925830fe1,False,True,shuffled,0.02,-0.6210536360740662,-2.500458240509033,True,False
700,syn_00428:0:0:2,syn_val,synthetic,d4576c4f37b90d65684b97f53af6823220155be29f2618507b39c31925830fe1,False,True,shuffled,0.05,-0.61635422706604,-2.5105319023132324,True,False
700,syn_00428:0:0:2,syn_val,synthetic,d4576c4f37b90d65684b97f53af6823220155be29f2618507b39c31925830fe1,False,True,shuffled,0.1,-0.6166824102401733,-2.502133369445801,True,False
700,syn_00428:0:0:2,syn_val,synthetic,d4576c4f37b90d65684b97f53af6823220155be29f2618507b39c31925830fe1,False,True,shuffled,0.2,-0.6156628727912903,-2.498411178588867,True,False
700,syn_00428:0:0:2,syn_val,synthetic,d4576c4f37b90d65684b97f53af6823220155be29f2618507b39c31925830fe1,False,True,shuffled,0.4,-0.6254383325576782,-2.4759294986724854,True,False
700,syn_00428:0:0:2,syn_val,synthetic,d4576c4f37b90d65684b97f53af6823220155be29f2618507b39c31925830fe1,False,True,wrong_site,0.02,-0.6141705513000488,-2.5100250244140625,True,False
700,syn_00428:0:0:2,syn_val,synthetic,d4576c4f37b90d65684b97f53af6823220155be29f2618507b39c31925830fe1,False,True,wrong_site,0.05,-0.6200624108314514,-2.502049446105957,True,False
700,syn_00428:0:0:2,syn_val,synthetic,d4576c4f37b90d65684b97f53af6823220155be29f2618507b39c31925830fe1,False,True,wrong_site,0.1,-0.6184033751487732,-2.499485492706299,True,False
700,syn_00428:0:0:2,syn_val,synthetic,d4576c4f37b90d65684b97f53af6823220155be29f2618507b39c31925830fe1,False,True,wrong_site,0.2,-0.6177690029144287,-2.4895005226135254,True,False
700,syn_00428:0:0:2,syn_val,synthetic,d4576c4f37b90d65684b97f53af6823220155be29f2618507b39c31925830fe1,False,True,wrong_site,0.4,-0.6128085255622864,-2.4979400634765625,True,False
700,syn_00428:0:0:2,syn_val,synthetic,d4576c4f37b90d65684b97f53af6823220155be29f2618507b39c31925830fe1,False,True,answer_site,0.02,-0.6413255333900452,-2.4682159423828125,True,False
700,syn_00428:0:0:2,syn_val,synthetic,d4576c4f37b90d65684b97f53af6823220155be29f2618507b39c31925830fe1,False,True,answer_site,0.05,-0.6743366718292236,-2.4129247665405273,True,False
700,syn_00428:0:0:2,syn_val,synthetic,d4576c4f37b90d65684b97f53af6823220155be29f2618507b39c31925830fe1,False,True,answer_site,0.1,-0.7249690294265747,-2.3253397941589355,True,False
700,syn_00428:0:0:2,syn_val,synthetic,d4576c4f37b90d65684b97f53af6823220155be29f2618507b39c31925830fe1,False,True,answer_site,0.2,-0.8002275824546814,-2.293607711791992,True,False
700,syn_00428:0:0:2,syn_val,synthetic,d4576c4f37b90d65684b97f53af6823220155be29f2618507b39c31925830fe1,False,True,answer_site,0.4,-3.692379951477051,-5.251778602600098,False,False
700,syn_00428:0:0:2,syn_val,synthetic,d4576c4f37b90d65684b97f53af6823220155be29f2618507b39c31925830fe1,False,True,actuator_cond,0.02,-0.6205477118492126,-2.510197639465332,True,False
700,syn_00428:0:0:2,syn_val,synthetic,d4576c4f37b90d65684b97f53af6823220155be29f2618507b39c31925830fe1,False,True,actuator_cond,0.05,-0.6146670579910278,-2.5124611854553223,True,False
700,syn_00428:0:0:2,syn_val,synthetic,d4576c4f37b90d65684b97f53af6823220155be29f2618507b39c31925830fe1,False,True,actuator_cond,0.1,-0.6172882914543152,-2.5168752670288086,True,False
700,syn_00428:0:0:2,syn_val,synthetic,d4576c4f37b90d65684b97f53af6823220155be29f2618507b39c31925830fe1,False,True,actuator_cond,0.2,-0.6276097893714905,-2.5139551162719727,True,False
700,syn_00428:0:0:2,syn_val,synthetic,d4576c4f37b90d65684b97f53af6823220155be29f2618507b39c31925830fe1,False,True,actuator_cond,0.4,-0.6754546761512756,-2.5450825691223145,True,False
700,syn_00428:0:0:2,syn_val,synthetic,d4576c4f37b90d65684b97f53af6823220155be29f2618507b39c31925830fe1,False,True,actuator_answer,0.02,-0.6276718974113464,-2.503384590148926,True,False
700,syn_00428:0:0:2,syn_val,synthetic,d4576c4f37b90d65684b97f53af6823220155be29f2618507b39c31925830fe1,False,True,actuator_answer,0.05,-0.6302697658538818,-2.5228633880615234,True,False
700,syn_00428:0:0:2,syn_val,synthetic,d4576c4f37b90d65684b97f53af6823220155be29f2618507b39c31925830fe1,False,True,actuator_answer,0.1,-0.6716119050979614,-2.522343873977661,True,False
700,syn_00428:0:0:2,syn_val,synthetic,d4576c4f37b90d65684b97f53af6823220155be29f2618507b39c31925830fe1,False,True,actuator_answer,0.2,-0.8783180713653564,-2.605452537536621,True,False
700,syn_00428:0:0:2,syn_val,synthetic,d4576c4f37b90d65684b97f53af6823220155be29f2618507b39c31925830fe1,False,True,actuator_answer,0.4,-4.210818290710449,-5.696813106536865,False,False
784,syn_00476:0:0:0,syn_val,synthetic,95790fa00c1737d070fd719e43570e1d652aa6ba8a1814eeacaa9fa9f3cfe80e,False,True,baseline,0.0,-0.23912988603115082,-4.653580665588379,True,False
784,syn_00476:0:0:0,syn_val,synthetic,95790fa00c1737d070fd719e43570e1d652aa6ba8a1814eeacaa9fa9f3cfe80e,False,True,semantic,0.02,-0.2379813939332962,-4.678635120391846,True,False
784,syn_00476:0:0:0,syn_val,synthetic,95790fa00c1737d070fd719e43570e1d652aa6ba8a1814eeacaa9fa9f3cfe80e,False,True,semantic,0.05,-0.23674964904785156,-4.699284553527832,True,False
784,syn_00476:0:0:0,syn_val,synthetic,95790fa00c1737d070fd719e43570e1d652aa6ba8a1814eeacaa9fa9f3cfe80e,False,True,semantic,0.1,-0.23731201887130737,-4.732011318206787,True,False
784,syn_00476:0:0:0,syn_val,synthetic,95790fa00c1737d070fd719e43570e1d652aa6ba8a1814eeacaa9fa9f3cfe80e,False,True,semantic,0.2,-0.23922370374202728,-4.759613990783691,True,False
784,syn_00476:0:0:0,syn_val,synthetic,95790fa00c1737d070fd719e43570e1d652aa6ba8a1814eeacaa9fa9f3cfe80e,False,True,semantic,0.4,-0.24629606306552887,-4.810476303100586,True,False
784,syn_00476:0:0:0,syn_val,synthetic,95790fa00c1737d070fd719e43570e1d652aa6ba8a1814eeacaa9fa9f3cfe80e,False,True,reverse,0.02,-0.24028471112251282,-4.654853820800781,True,False
784,syn_00476:0:0:0,syn_val,synthetic,95790fa00c1737d070fd719e43570e1d652aa6ba8a1814eeacaa9fa9f3cfe80e,False,True,reverse,0.05,-0.2403424233198166,-4.642338752746582,True,False
784,syn_00476:0:0:0,syn_val,synthetic,95790fa00c1737d070fd719e43570e1d652aa6ba8a1814eeacaa9fa9f3cfe80e,False,True,reverse,0.1,-0.24116915464401245,-4.6233811378479,True,False
784,syn_00476:0:0:0,syn_val,synthetic,95790fa00c1737d070fd719e43570e1d652aa6ba8a1814eeacaa9fa9f3cfe80e,False,True,reverse,0.2,-0.24624791741371155,-4.59033727645874,True,False
784,syn_00476:0:0:0,syn_val,synthetic,95790fa00c1737d070fd719e43570e1d652aa6ba8a1814eeacaa9fa9f3cfe80e,False,True,reverse,0.4,-0.26184117794036865,-4.521045207977295,True,False
784,syn_00476:0:0:0,syn_val,synthetic,95790fa00c1737d070fd719e43570e1d652aa6ba8a1814eeacaa9fa9f3cfe80e,False,True,random,0.02,-0.2382391095161438,-4.652490615844727,True,False
784,syn_00476:0:0:0,syn_val,synthetic,95790fa00c1737d070fd719e43570e1d652aa6ba8a1814eeacaa9fa9f3cfe80e,False,True,random,0.05,-0.2391844391822815,-4.653482437133789,True,False
784,syn_00476:0:0:0,syn_val,synthetic,95790fa00c1737d070fd719e43570e1d652aa6ba8a1814eeacaa9fa9f3cfe80e,False,True,random,0.1,-0.2378358542919159,-4.6681413650512695,True,False
784,syn_00476:0:0:0,syn_val,synthetic,95790fa00c1737d070fd719e43570e1d652aa6ba8a1814eeacaa9fa9f3cfe80e,False,True,random,0.2,-0.23935344815254211,-4.6433186531066895,True,False
784,syn_00476:0:0:0,syn_val,synthetic,95790fa00c1737d070fd719e43570e1d652aa6ba8a1814eeacaa9fa9f3cfe80e,False,True,random,0.4,-0.2440859079360962,-4.6031293869018555,True,False
784,syn_00476:0:0:0,syn_val,synthetic,95790fa00c1737d070fd719e43570e1d652aa6ba8a1814eeacaa9fa9f3cfe80e,False,True,shuffled,0.02,-0.23937422037124634,-4.652067184448242,True,False
784,syn_00476:0:0:0,syn_val,synthetic,95790fa00c1737d070fd719e43570e1d652aa6ba8a1814eeacaa9fa9f3cfe80e,False,True,shuffled,0.05,-0.23860450088977814,-4.657705783843994,True,False
784,syn_00476:0:0:0,syn_val,synthetic,95790fa00c1737d070fd719e43570e1d652aa6ba8a1814eeacaa9fa9f3cfe80e,False,True,shuffled,0.1,-0.23953303694725037,-4.6619343757629395,True,False
784,syn_00476:0:0:0,syn_val,synthetic,95790fa00c1737d070fd719e43570e1d652aa6ba8a1814eeacaa9fa9f3cfe80e,False,True,shuffled,0.2,-0.24066317081451416,-4.628854751586914,True,False
784,syn_00476:0:0:0,syn_val,synthetic,95790fa00c1737d070fd719e43570e1d652aa6ba8a1814eeacaa9fa9f3cfe80e,False,True,shuffled,0.4,-0.24579788744449615,-4.596746921539307,True,False
784,syn_00476:0:0:0,syn_val,synthetic,95790fa00c1737d070fd719e43570e1d652aa6ba8a1814eeacaa9fa9f3cfe80e,False,True,wrong_site,0.02,-0.23912133276462555,-4.651872634887695,True,False
784,syn_00476:0:0:0,syn_val,synthetic,95790fa00c1737d070fd719e43570e1d652aa6ba8a1814eeacaa9fa9f3cfe80e,False,True,wrong_site,0.05,-0.23863008618354797,-4.662091255187988,True,False
784,syn_00476:0:0:0,syn_val,synthetic,95790fa00c1737d070fd719e43570e1d652aa6ba8a1814eeacaa9fa9f3cfe80e,False,True,wrong_site,0.1,-0.2387228012084961,-4.662069320678711,True,False
784,syn_00476:0:0:0,syn_val,synthetic,95790fa00c1737d070fd719e43570e1d652aa6ba8a1814eeacaa9fa9f3cfe80e,False,True,wrong_site,0.2,-0.23585623502731323,-4.648579120635986,True,False
784,syn_00476:0:0:0,syn_val,synthetic,95790fa00c1737d070fd719e43570e1d652aa6ba8a1814eeacaa9fa9f3cfe80e,False,True,wrong_site,0.4,-0.23804143071174622,-4.645870685577393,True,False
784,syn_00476:0:0:0,syn_val,synthetic,95790fa00c1737d070fd719e43570e1d652aa6ba8a1814eeacaa9fa9f3cfe80e,False,True,answer_site,0.02,-0.2432834506034851,-4.658841133117676,True,False
784,syn_00476:0:0:0,syn_val,synthetic,95790fa00c1737d070fd719e43570e1d652aa6ba8a1814eeacaa9fa9f3cfe80e,False,True,answer_site,0.05,-0.24794337153434753,-4.655417442321777,True,False
784,syn_00476:0:0:0,syn_val,synthetic,95790fa00c1737d070fd719e43570e1d652aa6ba8a1814eeacaa9fa9f3cfe80e,False,True,answer_site,0.1,-0.25527024269104004,-4.645185947418213,True,False
784,syn_00476:0:0:0,syn_val,synthetic,95790fa00c1737d070fd719e43570e1d652aa6ba8a1814eeacaa9fa9f3cfe80e,False,True,answer_site,0.2,-0.2823644280433655,-4.610550880432129,True,False
784,syn_00476:0:0:0,syn_val,synthetic,95790fa00c1737d070fd719e43570e1d652aa6ba8a1814eeacaa9fa9f3cfe80e,False,True,answer_site,0.4,-2.722493886947632,-6.862051963806152,False,False
784,syn_00476:0:0:0,syn_val,synthetic,95790fa00c1737d070fd719e43570e1d652aa6ba8a1814eeacaa9fa9f3cfe80e,False,True,actuator_cond,0.02,-0.2388325184583664,-4.651389122009277,True,False
784,syn_00476:0:0:0,syn_val,synthetic,95790fa00c1737d070fd719e43570e1d652aa6ba8a1814eeacaa9fa9f3cfe80e,False,True,actuator_cond,0.05,-0.23990274965763092,-4.65422248840332,True,False
784,syn_00476:0:0:0,syn_val,synthetic,95790fa00c1737d070fd719e43570e1d652aa6ba8a1814eeacaa9fa9f3cfe80e,False,True,actuator_cond,0.1,-0.24100254476070404,-4.654787540435791,True,False
784,syn_00476:0:0:0,syn_val,synthetic,95790fa00c1737d070fd719e43570e1d652aa6ba8a1814eeacaa9fa9f3cfe80e,False,True,actuator_cond,0.2,-0.24926184117794037,-4.628355979919434,True,False
784,syn_00476:0:0:0,syn_val,synthetic,95790fa00c1737d070fd719e43570e1d652aa6ba8a1814eeacaa9fa9f3cfe80e,False,True,actuator_cond,0.4,-0.27816101908683777,-4.564303874969482,True,False
784,syn_00476:0:0:0,syn_val,synthetic,95790fa00c1737d070fd719e43570e1d652aa6ba8a1814eeacaa9fa9f3cfe80e,False,True,actuator_answer,0.02,-0.24476376175880432,-4.669720649719238,True,False
784,syn_00476:0:0:0,syn_val,synthetic,95790fa00c1737d070fd719e43570e1d652aa6ba8a1814eeacaa9fa9f3cfe80e,False,True,actuator_answer,0.05,-0.2555265724658966,-4.666880130767822,True,False
784,syn_00476:0:0:0,syn_val,synthetic,95790fa00c1737d070fd719e43570e1d652aa6ba8a1814eeacaa9fa9f3cfe80e,False,True,actuator_answer,0.1,-0.28659218549728394,-4.657077312469482,True,False
784,syn_00476:0:0:0,syn_val,synthetic,95790fa00c1737d070fd719e43570e1d652aa6ba8a1814eeacaa9fa9f3cfe80e,False,True,actuator_answer,0.2,-0.45316755771636963,-4.691493034362793,True,False
784,syn_00476:0:0:0,syn_val,synthetic,95790fa00c1737d070fd719e43570e1d652aa6ba8a1814eeacaa9fa9f3cfe80e,False,True,actuator_answer,0.4,-3.6029176712036133,-7.544295787811279,False,False
823,syn_00500:0:0:1,syn_val,synthetic,dc376dfef990caaefd9246f07cb91e3114d7a08e47deb3f0282391c9340e5dcc,False,True,baseline,0.0,-0.3339800238609314,-6.367764472961426,True,False
823,syn_00500:0:0:1,syn_val,synthetic,dc376dfef990caaefd9246f07cb91e3114d7a08e47deb3f0282391c9340e5dcc,False,True,semantic,0.02,-0.332752525806427,-6.382394313812256,True,False
823,syn_00500:0:0:1,syn_val,synthetic,dc376dfef990caaefd9246f07cb91e3114d7a08e47deb3f0282391c9340e5dcc,False,True,semantic,0.05,-0.32950258255004883,-6.392066955566406,True,False
823,syn_00500:0:0:1,syn_val,synthetic,dc376dfef990caaefd9246f07cb91e3114d7a08e47deb3f0282391c9340e5dcc,False,True,semantic,0.1,-0.33032888174057007,-6.436567783355713,True,False
823,syn_00500:0:0:1,syn_val,synthetic,dc376dfef990caaefd9246f07cb91e3114d7a08e47deb3f0282391c9340e5dcc,False,True,semantic,0.2,-0.33225345611572266,-6.463964462280273,True,False
823,syn_00500:0:0:1,syn_val,synthetic,dc376dfef990caaefd9246f07cb91e3114d7a08e47deb3f0282391c9340e5dcc,False,True,semantic,0.4,-0.34687507152557373,-6.5174150466918945,True,False
823,syn_00500:0:0:1,syn_val,synthetic,dc376dfef990caaefd9246f07cb91e3114d7a08e47deb3f0282391c9340e5dcc,False,True,reverse,0.02,-0.33476129174232483,-6.370382308959961,True,False
823,syn_00500:0:0:1,syn_val,synthetic,dc376dfef990caaefd9246f07cb91e3114d7a08e47deb3f0282391c9340e5dcc,False,True,reverse,0.05,-0.3387143909931183,-6.3436174392700195,True,False
823,syn_00500:0:0:1,syn_val,synthetic,dc376dfef990caaefd9246f07cb91e3114d7a08e47deb3f0282391c9340e5dcc,False,True,reverse,0.1,-0.34221529960632324,-6.320179462432861,True,False
823,syn_00500:0:0:1,syn_val,synthetic,dc376dfef990caaefd9246f07cb91e3114d7a08e47deb3f0282391c9340e5dcc,False,True,reverse,0.2,-0.35580703616142273,-6.2777252197265625,True,False
823,syn_00500:0:0:1,syn_val,synthetic,dc376dfef990caaefd9246f07cb91e3114d7a08e47deb3f0282391c9340e5dcc,False,True,reverse,0.4,-0.3908206820487976,-6.169429779052734,True,False
823,syn_00500:0:0:1,syn_val,synthetic,dc376dfef990caaefd9246f07cb91e3114d7a08e47deb3f0282391c9340e5dcc,False,True,random,0.02,-0.33493301272392273,-6.368696689605713,True,False
823,syn_00500:0:0:1,syn_val,synthetic,dc376dfef990caaefd9246f07cb91e3114d7a08e47deb3f0282391c9340e5dcc,False,True,random,0.05,-0.33542153239250183,-6.38179349899292,True,False
823,syn_00500:0:0:1,syn_val,synthetic,dc376dfef990caaefd9246f07cb91e3114d7a08e47deb3f0282391c9340e5dcc,False,True,random,0.1,-0.33276498317718506,-6.394304275512695,True,False
823,syn_00500:0:0:1,syn_val,synthetic,dc376dfef990caaefd9246f07cb91e3114d7a08e47deb3f0282391c9340e5dcc,False,True,random,0.2,-0.3346589505672455,-6.425839424133301,True,False
823,syn_00500:0:0:1,syn_val,synthetic,dc376dfef990caaefd9246f07cb91e3114d7a08e47deb3f0282391c9340e5dcc,False,True,random,0.4,-0.34296923875808716,-6.4623870849609375,True,False
823,syn_00500:0:0:1,syn_val,synthetic,dc376dfef990caaefd9246f07cb91e3114d7a08e47deb3f0282391c9340e5dcc,False,True,shuffled,0.02,-0.33415335416793823,-6.368039131164551,True,False
823,syn_00500:0:0:1,syn_val,synthetic,dc376dfef990caaefd9246f07cb91e3114d7a08e47deb3f0282391c9340e5dcc,False,True,shuffled,0.05,-0.33572402596473694,-6.369668960571289,True,False
823,syn_00500:0:0:1,syn_val,synthetic,dc376dfef990caaefd9246f07cb91e3114d7a08e47deb3f0282391c9340e5dcc,False,True,shuffled,0.1,-0.3376801609992981,-6.355175971984863,True,False
823,syn_00500:0:0:1,syn_val,synthetic,dc376dfef990caaefd9246f07cb91e3114d7a08e47deb3f0282391c9340e5dcc,False,True,shuffled,0.2,-0.3417842388153076,-6.342438697814941,True,False
823,syn_00500:0:0:1,syn_val,synthetic,dc376dfef990caaefd9246f07cb91e3114d7a08e47deb3f0282391c9340e5dcc,False,True,shuffled,0.4,-0.3447802662849426,-6.333932876586914,True,False
823,syn_00500:0:0:1,syn_val,synthetic,dc376dfef990caaefd9246f07cb91e3114d7a08e47deb3f0282391c9340e5dcc,False,True,wrong_site,0.02,-0.33584147691726685,-6.352295875549316,True,False
823,syn_00500:0:0:1,syn_val,synthetic,dc376dfef990caaefd9246f07cb91e3114d7a08e47deb3f0282391c9340e5dcc,False,True,wrong_site,0.05,-0.3320348858833313,-6.379444599151611,True,False
823,syn_00500:0:0:1,syn_val,synthetic,dc376dfef990caaefd9246f07cb91e3114d7a08e47deb3f0282391c9340e5dcc,False,True,wrong_site,0.1,-0.33408474922180176,-6.364599227905273,True,False
823,syn_00500:0:0:1,syn_val,synthetic,dc376dfef990caaefd9246f07cb91e3114d7a08e47deb3f0282391c9340e5dcc,False,True,wrong_site,0.2,-0.33567681908607483,-6.367484092712402,True,False
823,syn_00500:0:0:1,syn_val,synthetic,dc376dfef990caaefd9246f07cb91e3114d7a08e47deb3f0282391c9340e5dcc,False,True,wrong_site,0.4,-0.3408282399177551,-6.387337684631348,True,False
823,syn_00500:0:0:1,syn_val,synthetic,dc376dfef990caaefd9246f07cb91e3114d7a08e47deb3f0282391c9340e5dcc,False,True,answer_site,0.02,-0.34286248683929443,-6.361329555511475,True,False
823,syn_00500:0:0:1,syn_val,synthetic,dc376dfef990caaefd9246f07cb91e3114d7a08e47deb3f0282391c9340e5dcc,False,True,answer_site,0.05,-0.3530192971229553,-6.344081401824951,True,False
823,syn_00500:0:0:1,syn_val,synthetic,dc376dfef990caaefd9246f07cb91e3114d7a08e47deb3f0282391c9340e5dcc,False,True,answer_site,0.1,-0.3755621910095215,-6.354412078857422,True,False
823,syn_00500:0:0:1,syn_val,synthetic,dc376dfef990caaefd9246f07cb91e3114d7a08e47deb3f0282391c9340e5dcc,False,True,answer_site,0.2,-0.4822838604450226,-6.346538543701172,True,False
823,syn_00500:0:0:1,syn_val,synthetic,dc376dfef990caaefd9246f07cb91e3114d7a08e47deb3f0282391c9340e5dcc,False,True,answer_site,0.4,-2.932706356048584,-8.616067886352539,False,False
823,syn_00500:0:0:1,syn_val,synthetic,dc376dfef990caaefd9246f07cb91e3114d7a08e47deb3f0282391c9340e5dcc,False,True,actuator_cond,0.02,-0.3367621600627899,-6.353758811950684,True,False
823,syn_00500:0:0:1,syn_val,synthetic,dc376dfef990caaefd9246f07cb91e3114d7a08e47deb3f0282391c9340e5dcc,False,True,actuator_cond,0.05,-0.33585110306739807,-6.352884292602539,True,False
823,syn_00500:0:0:1,syn_val,synthetic,dc376dfef990caaefd9246f07cb91e3114d7a08e47deb3f0282391c9340e5dcc,False,True,actuator_cond,0.1,-0.33534902334213257,-6.352866172790527,True,False
823,syn_00500:0:0:1,syn_val,synthetic,dc376dfef990caaefd9246f07cb91e3114d7a08e47deb3f0282391c9340e5dcc,False,True,actuator_cond,0.2,-0.3499017357826233,-6.308305740356445,True,False
823,syn_00500:0:0:1,syn_val,synthetic,dc376dfef990caaefd9246f07cb91e3114d7a08e47deb3f0282391c9340e5dcc,False,True,actuator_cond,0.4,-0.38599148392677307,-6.225312232971191,True,False
823,syn_00500:0:0:1,syn_val,synthetic,dc376dfef990caaefd9246f07cb91e3114d7a08e47deb3f0282391c9340e5dcc,False,True,actuator_answer,0.02,-0.3344820737838745,-6.367585182189941,True,False
823,syn_00500:0:0:1,syn_val,synthetic,dc376dfef990caaefd9246f07cb91e3114d7a08e47deb3f0282391c9340e5dcc,False,True,actuator_answer,0.05,-0.34393996000289917,-6.3789167404174805,True,False
823,syn_00500:0:0:1,syn_val,synthetic,dc376dfef990caaefd9246f07cb91e3114d7a08e47deb3f0282391c9340e5dcc,False,True,actuator_answer,0.1,-0.3874008059501648,-6.395734786987305,True,False
823,syn_00500:0:0:1,syn_val,synthetic,dc376dfef990caaefd9246f07cb91e3114d7a08e47deb3f0282391c9340e5dcc,False,True,actuator_answer,0.2,-0.7397539615631104,-6.579734802246094,True,False
823,syn_00500:0:0:1,syn_val,synthetic,dc376dfef990caaefd9246f07cb91e3114d7a08e47deb3f0282391c9340e5dcc,False,True,actuator_answer,0.4,-3.801205635070801,-9.278127670288086,False,False
824,syn_00500:0:0:2,syn_val,synthetic,dc376dfef990caaefd9246f07cb91e3114d7a08e47deb3f0282391c9340e5dcc,False,True,baseline,0.0,-0.2808372676372528,-6.198287487030029,True,False
824,syn_00500:0:0:2,syn_val,synthetic,dc376dfef990caaefd9246f07cb91e3114d7a08e47deb3f0282391c9340e5dcc,False,True,semantic,0.02,-0.28089314699172974,-6.21104621887207,True,False
824,syn_00500:0:0:2,syn_val,synthetic,dc376dfef990caaefd9246f07cb91e3114d7a08e47deb3f0282391c9340e5dcc,False,True,semantic,0.05,-0.2818412780761719,-6.225290298461914,True,False
824,syn_00500:0:0:2,syn_val,synthetic,dc376dfef990caaefd9246f07cb91e3114d7a08e47deb3f0282391c9340e5dcc,False,True,semantic,0.1,-0.2815874218940735,-6.225788116455078,True,False
824,syn_00500:0:0:2,syn_val,synthetic,dc376dfef990caaefd9246f07cb91e3114d7a08e47deb3f0282391c9340e5dcc,False,True,semantic,0.2,-0.28532782196998596,-6.255871772766113,True,False
824,syn_00500:0:0:2,syn_val,synthetic,dc376dfef990caaefd9246f07cb91e3114d7a08e47deb3f0282391c9340e5dcc,False,True,semantic,0.4,-0.2977083921432495,-6.305635452270508,True,False
824,syn_00500:0:0:2,syn_val,synthetic,dc376dfef990caaefd9246f07cb91e3114d7a08e47deb3f0282391c9340e5dcc,False,True,reverse,0.02,-0.2816869020462036,-6.199084281921387,True,False
824,syn_00500:0:0:2,syn_val,synthetic,dc376dfef990caaefd9246f07cb91e3114d7a08e47deb3f0282391c9340e5dcc,False,True,reverse,0.05,-0.2815939784049988,-6.202996253967285,True,False
824,syn_00500:0:0:2,syn_val,synthetic,dc376dfef990caaefd9246f07cb91e3114d7a08e47deb3f0282391c9340e5dcc,False,True,reverse,0.1,-0.2845480740070343,-6.191432952880859,True,False
824,syn_00500:0:0:2,syn_val,synthetic,dc376dfef990caaefd9246f07cb91e3114d7a08e47deb3f0282391c9340e5dcc,False,True,reverse,0.2,-0.2888982892036438,-6.139106750488281,True,False
824,syn_00500:0:0:2,syn_val,synthetic,dc376dfef990caaefd9246f07cb91e3114d7a08e47deb3f0282391c9340e5dcc,False,True,reverse,0.4,-0.30525118112564087,-6.039106369018555,True,False
824,syn_00500:0:0:2,syn_val,synthetic,dc376dfef990caaefd9246f07cb91e3114d7a08e47deb3f0282391c9340e5dcc,False,True,random,0.02,-0.27985721826553345,-6.21160888671875,True,False
824,syn_00500:0:0:2,syn_val,synthetic,dc376dfef990caaefd9246f07cb91e3114d7a08e47deb3f0282391c9340e5dcc,False,True,random,0.05,-0.282509446144104,-6.199305534362793,True,False
824,syn_00500:0:0:2,syn_val,synthetic,dc376dfef990caaefd9246f07cb91e3114d7a08e47deb3f0282391c9340e5dcc,False,True,random,0.1,-0.28261226415634155,-6.168972492218018,True,False
824,syn_00500:0:0:2,syn_val,synthetic,dc376dfef990caaefd9246f07cb91e3114d7a08e47deb3f0282391c9340e5dcc,False,True,random,0.2,-0.28373008966445923,-6.143837928771973,True,False
824,syn_00500:0:0:2,syn_val,synthetic,dc376dfef990caaefd9246f07cb91e3114d7a08e47deb3f0282391c9340e5dcc,False,True,random,0.4,-0.2887108325958252,-6.0863471031188965,True,False
824,syn_00500:0:0:2,syn_val,synthetic,dc376dfef990caaefd9246f07cb91e3114d7a08e47deb3f0282391c9340e5dcc,False,True,shuffled,0.02,-0.28203120827674866,-6.199042320251465,True,False
824,syn_00500:0:0:2,syn_val,synthetic,dc376dfef990caaefd9246f07cb91e3114d7a08e47deb3f0282391c9340e5dcc,False,True,shuffled,0.05,-0.2810543179512024,-6.1978302001953125,True,False
824,syn_00500:0:0:2,syn_val,synthetic,dc376dfef990caaefd9246f07cb91e3114d7a08e47deb3f0282391c9340e5dcc,False,True,shuffled,0.1,-0.2848721742630005,-6.199474811553955,True,False
824,syn_00500:0:0:2,syn_val,synthetic,dc376dfef990caaefd9246f07cb91e3114d7a08e47deb3f0282391c9340e5dcc,False,True,shuffled,0.2,-0.2883199453353882,-6.1895904541015625,True,False
824,syn_00500:0:0:2,syn_val,synthetic,dc376dfef990caaefd9246f07cb91e3114d7a08e47deb3f0282391c9340e5dcc,False,True,shuffled,0.4,-0.2916603684425354,-6.1821088790893555,True,False
824,syn_00500:0:0:2,syn_val,synthetic,dc376dfef990caaefd9246f07cb91e3114d7a08e47deb3f0282391c9340e5dcc,False,True,wrong_site,0.02,-0.28153443336486816,-6.211984634399414,True,False
824,syn_00500:0:0:2,syn_val,synthetic,dc376dfef990caaefd9246f07cb91e3114d7a08e47deb3f0282391c9340e5dcc,False,True,wrong_site,0.05,-0.2811773717403412,-6.213635444641113,True,False
824,syn_00500:0:0:2,syn_val,synthetic,dc376dfef990caaefd9246f07cb91e3114d7a08e47deb3f0282391c9340e5dcc,False,True,wrong_site,0.1,-0.2815361022949219,-6.198243141174316,True,False
824,syn_00500:0:0:2,syn_val,synthetic,dc376dfef990caaefd9246f07cb91e3114d7a08e47deb3f0282391c9340e5dcc,False,True,wrong_site,0.2,-0.28296828269958496,-6.183936595916748,True,False
824,syn_00500:0:0:2,syn_val,synthetic,dc376dfef990caaefd9246f07cb91e3114d7a08e47deb3f0282391c9340e5dcc,False,True,wrong_site,0.4,-0.28856128454208374,-6.203254222869873,True,False
824,syn_00500:0:0:2,syn_val,synthetic,dc376dfef990caaefd9246f07cb91e3114d7a08e47deb3f0282391c9340e5dcc,False,True,answer_site,0.02,-0.28242409229278564,-6.169852256774902,True,False
824,syn_00500:0:0:2,syn_val,synthetic,dc376dfef990caaefd9246f07cb91e3114d7a08e47deb3f0282391c9340e5dcc,False,True,answer_site,0.05,-0.286701500415802,-6.1320977210998535,True,False
824,syn_00500:0:0:2,syn_val,synthetic,dc376dfef990caaefd9246f07cb91e3114d7a08e47deb3f0282391c9340e5dcc,False,True,answer_site,0.1,-0.29985180497169495,-6.075448036193848,True,False
824,syn_00500:0:0:2,syn_val,synthetic,dc376dfef990caaefd9246f07cb91e3114d7a08e47deb3f0282391c9340e5dcc,False,True,answer_site,0.2,-0.39363032579421997,-6.013157844543457,True,False
824,syn_00500:0:0:2,syn_val,synthetic,dc376dfef990caaefd9246f07cb91e3114d7a08e47deb3f0282391c9340e5dcc,False,True,answer_site,0.4,-2.705216884613037,-8.137269973754883,False,False
824,syn_00500:0:0:2,syn_val,synthetic,dc376dfef990caaefd9246f07cb91e3114d7a08e47deb3f0282391c9340e5dcc,False,True,actuator_cond,0.02,-0.2814001739025116,-6.183192253112793,True,False
824,syn_00500:0:0:2,syn_val,synthetic,dc376dfef990caaefd9246f07cb91e3114d7a08e47deb3f0282391c9340e5dcc,False,True,actuator_cond,0.05,-0.2803252637386322,-6.195651054382324,True,False
824,syn_00500:0:0:2,syn_val,synthetic,dc376dfef990caaefd9246f07cb91e3114d7a08e47deb3f0282391c9340e5dcc,False,True,actuator_cond,0.1,-0.28034648299217224,-6.18238639831543,True,False
824,syn_00500:0:0:2,syn_val,synthetic,dc376dfef990caaefd9246f07cb91e3114d7a08e47deb3f0282391c9340e5dcc,False,True,actuator_cond,0.2,-0.28818124532699585,-6.10324764251709,True,False
824,syn_00500:0:0:2,syn_val,synthetic,dc376dfef990caaefd9246f07cb91e3114d7a08e47deb3f0282391c9340e5dcc,False,True,actuator_cond,0.4,-0.3113693296909332,-5.968656539916992,True,False
824,syn_00500:0:0:2,syn_val,synthetic,dc376dfef990caaefd9246f07cb91e3114d7a08e47deb3f0282391c9340e5dcc,False,True,actuator_answer,0.02,-0.28408390283584595,-6.202282905578613,True,False
824,syn_00500:0:0:2,syn_val,synthetic,dc376dfef990caaefd9246f07cb91e3114d7a08e47deb3f0282391c9340e5dcc,False,True,actuator_answer,0.05,-0.2889907956123352,-6.190957069396973,True,False
824,syn_00500:0:0:2,syn_val,synthetic,dc376dfef990caaefd9246f07cb91e3114d7a08e47deb3f0282391c9340e5dcc,False,True,actuator_answer,0.1,-0.3386962413787842,-6.168266296386719,True,False
824,syn_00500:0:0:2,syn_val,synthetic,dc376dfef990caaefd9246f07cb91e3114d7a08e47deb3f0282391c9340e5dcc,False,True,actuator_answer,0.2,-0.7042533159255981,-6.26957893371582,True,False
824,syn_00500:0:0:2,syn_val,synthetic,dc376dfef990caaefd9246f07cb91e3114d7a08e47deb3f0282391c9340e5dcc,False,True,actuator_answer,0.4,-3.65476131439209,-8.791601181030273,False,False
860,syn_00527:0:0:2,syn_val,synthetic,f7cead3ba2212c57279cf2fb44119884eee4682b6d6eda9625d03ae6564fdd7b,True,True,baseline,0.0,-1.0228766202926636,-1.3510016202926636,True,False
860,syn_00527:0:0:2,syn_val,synthetic,f7cead3ba2212c57279cf2fb44119884eee4682b6d6eda9625d03ae6564fdd7b,True,True,semantic,0.02,-1.0237940549850464,-1.3362940549850464,True,False
860,syn_00527:0:0:2,syn_val,synthetic,f7cead3ba2212c57279cf2fb44119884eee4682b6d6eda9625d03ae6564fdd7b,True,True,semantic,0.05,-1.040618658065796,-1.306243658065796,True,False
860,syn_00527:0:0:2,syn_val,synthetic,f7cead3ba2212c57279cf2fb44119884eee4682b6d6eda9625d03ae6564fdd7b,True,True,semantic,0.1,-1.0799671411514282,-1.2049671411514282,True,False
860,syn_00527:0:0:2,syn_val,synthetic,f7cead3ba2212c57279cf2fb44119884eee4682b6d6eda9625d03ae6564fdd7b,True,True,semantic,0.2,-1.2103049755096436,-0.9603050351142883,False,True
860,syn_00527:0:0:2,syn_val,synthetic,f7cead3ba2212c57279cf2fb44119884eee4682b6d6eda9625d03ae6564fdd7b,True,True,semantic,0.4,-1.3055856227874756,-0.8212105631828308,False,True
860,syn_00527:0:0:2,syn_val,synthetic,f7cead3ba2212c57279cf2fb44119884eee4682b6d6eda9625d03ae6564fdd7b,True,True,reverse,0.02,-1.021039605140686,-1.333539605140686,True,False
860,syn_00527:0:0:2,syn_val,synthetic,f7cead3ba2212c57279cf2fb44119884eee4682b6d6eda9625d03ae6564fdd7b,True,True,reverse,0.05,-1.0412300825119019,-1.2912300825119019,True,False
860,syn_00527:0:0:2,syn_val,synthetic,f7cead3ba2212c57279cf2fb44119884eee4682b6d6eda9625d03ae6564fdd7b,True,True,reverse,0.1,-1.0804954767227173,-1.1898704767227173,True,False
860,syn_00527:0:0:2,syn_val,synthetic,f7cead3ba2212c57279cf2fb44119884eee4682b6d6eda9625d03ae6564fdd7b,True,True,reverse,0.2,-1.1896846294403076,-1.0021846294403076,False,True
860,syn_00527:0:0:2,syn_val,synthetic,f7cead3ba2212c57279cf2fb44119884eee4682b6d6eda9625d03ae6564fdd7b,True,True,reverse,0.4,-1.3043839931488037,-0.8981339335441589,False,True
860,syn_00527:0:0:2,syn_val,synthetic,f7cead3ba2212c57279cf2fb44119884eee4682b6d6eda9625d03ae6564fdd7b,True,True,random,0.02,-1.017058253288269,-1.345183253288269,True,False
860,syn_00527:0:0:2,syn_val,synthetic,f7cead3ba2212c57279cf2fb44119884eee4682b6d6eda9625d03ae6564fdd7b,True,True,random,0.05,-1.0268830060958862,-1.3237580060958862,True,False
860,syn_00527:0:0:2,syn_val,synthetic,f7cead3ba2212c57279cf2fb44119884eee4682b6d6eda9625d03ae6564fdd7b,True,True,random,0.1,-1.039607048034668,-1.273982048034668,True,False
860,syn_00527:0:0:2,syn_val,synthetic,f7cead3ba2212c57279cf2fb44119884eee4682b6d6eda9625d03ae6564fdd7b,True,True,random,0.2,-1.0562217235565186,-1.1968467235565186,True,False
860,syn_00527:0:0:2,syn_val,synthetic,f7cead3ba2212c57279cf2fb44119884eee4682b6d6eda9625d03ae6564fdd7b,True,True,random,0.4,-1.157928705215454,-1.001678705215454,False,True
860,syn_00527:0:0:2,syn_val,synthetic,f7cead3ba2212c57279cf2fb44119884eee4682b6d6eda9625d03ae6564fdd7b,True,True,shuffled,0.02,-1.0124473571777344,-1.3718223571777344,True,False
860,syn_00527:0:0:2,syn_val,synthetic,f7cead3ba2212c57279cf2fb44119884eee4682b6d6eda9625d03ae6564fdd7b,True,True,shuffled,0.05,-1.0194095373153687,-1.3787845373153687,True,False
860,syn_00527:0:0:2,syn_val,synthetic,f7cead3ba2212c57279cf2fb44119884eee4682b6d6eda9625d03ae6564fdd7b,True,True,shuffled,0.1,-1.0463011264801025,-1.3275511264801025,True,False
860,syn_00527:0:0:2,syn_val,synthetic,f7cead3ba2212c57279cf2fb44119884eee4682b6d6eda9625d03ae6564fdd7b,True,True,shuffled,0.2,-1.1917006969451904,-1.0979506969451904,False,True
860,syn_00527:0:0:2,syn_val,synthetic,f7cead3ba2212c57279cf2fb44119884eee4682b6d6eda9625d03ae6564fdd7b,True,True,shuffled,0.4,-1.3550512790679932,-0.9488012790679932,False,True
860,syn_00527:0:0:2,syn_val,synthetic,f7cead3ba2212c57279cf2fb44119884eee4682b6d6eda9625d03ae6564fdd7b,True,True,wrong_site,0.02,-1.0228769779205322,-1.3510019779205322,True,False
860,syn_00527:0:0:2,syn_val,synthetic,f7cead3ba2212c57279cf2fb44119884eee4682b6d6eda9625d03ae6564fdd7b,True,True,wrong_site,0.05,-1.018946647644043,-1.347071647644043,True,False
860,syn_00527:0:0:2,syn_val,synthetic,f7cead3ba2212c57279cf2fb44119884eee4682b6d6eda9625d03ae6564fdd7b,True,True,wrong_site,0.1,-1.0229332447052002,-1.3510582447052002,True,False
860,syn_00527:0:0:2,syn_val,synthetic,f7cead3ba2212c57279cf2fb44119884eee4682b6d6eda9625d03ae6564fdd7b,True,True,wrong_site,0.2,-1.023074746131897,-1.351199746131897,True,False
860,syn_00527:0:0:2,syn_val,synthetic,f7cead3ba2212c57279cf2fb44119884eee4682b6d6eda9625d03ae6564fdd7b,True,True,wrong_site,0.4,-1.0210233926773071,-1.3491483926773071,True,False
860,syn_00527:0:0:2,syn_val,synthetic,f7cead3ba2212c57279cf2fb44119884eee4682b6d6eda9625d03ae6564fdd7b,True,True,answer_site,0.02,-0.9634240865707397,-1.4009240865707397,True,False
860,syn_00527:0:0:2,syn_val,synthetic,f7cead3ba2212c57279cf2fb44119884eee4682b6d6eda9625d03ae6564fdd7b,True,True,answer_site,0.05,-0.886149525642395,-1.511149525642395,True,False
860,syn_00527:0:0:2,syn_val,synthetic,f7cead3ba2212c57279cf2fb44119884eee4682b6d6eda9625d03ae6564fdd7b,True,True,answer_site,0.1,-0.7872816324234009,-1.7716566324234009,True,False
860,syn_00527:0:0:2,syn_val,synthetic,f7cead3ba2212c57279cf2fb44119884eee4682b6d6eda9625d03ae6564fdd7b,True,True,answer_site,0.2,-0.6468133330345154,-2.39681339263916,True,False
860,syn_00527:0:0:2,syn_val,synthetic,f7cead3ba2212c57279cf2fb44119884eee4682b6d6eda9625d03ae6564fdd7b,True,True,answer_site,0.4,-0.5865475535392761,-2.774047613143921,True,False
860,syn_00527:0:0:2,syn_val,synthetic,f7cead3ba2212c57279cf2fb44119884eee4682b6d6eda9625d03ae6564fdd7b,True,True,actuator_cond,0.02,-1.0190942287445068,-1.3315942287445068,True,False
860,syn_00527:0:0:2,syn_val,synthetic,f7cead3ba2212c57279cf2fb44119884eee4682b6d6eda9625d03ae6564fdd7b,True,True,actuator_cond,0.05,-1.0130181312561035,-1.2786431312561035,True,False
860,syn_00527:0:0:2,syn_val,synthetic,f7cead3ba2212c57279cf2fb44119884eee4682b6d6eda9625d03ae6564fdd7b,True,True,actuator_cond,0.1,-1.0347132682800293,-1.1597132682800293,True,False
860,syn_00527:0:0:2,syn_val,synthetic,f7cead3ba2212c57279cf2fb44119884eee4682b6d6eda9625d03ae6564fdd7b,True,True,actuator_cond,0.2,-1.115103840827942,-1.005728840827942,False,True
860,syn_00527:0:0:2,syn_val,synthetic,f7cead3ba2212c57279cf2fb44119884eee4682b6d6eda9625d03ae6564fdd7b,True,True,actuator_cond,0.4,-1.166892647743225,-1.010642647743225,False,True
860,syn_00527:0:0:2,syn_val,synthetic,f7cead3ba2212c57279cf2fb44119884eee4682b6d6eda9625d03ae6564fdd7b,True,True,actuator_answer,0.02,-1.0389049053192139,-1.3982799053192139,True,False
860,syn_00527:0:0:2,syn_val,synthetic,f7cead3ba2212c57279cf2fb44119884eee4682b6d6eda9625d03ae6564fdd7b,True,True,actuator_answer,0.05,-1.0892285108566284,-1.4642285108566284,True,False
860,syn_00527:0:0:2,syn_val,synthetic,f7cead3ba2212c57279cf2fb44119884eee4682b6d6eda9625d03ae6564fdd7b,True,True,actuator_answer,0.1,-1.1818134784698486,-1.5411884784698486,True,False
860,syn_00527:0:0:2,syn_val,synthetic,f7cead3ba2212c57279cf2fb44119884eee4682b6d6eda9625d03ae6564fdd7b,True,True,actuator_answer,0.2,-1.6508679389953613,-1.2133679389953613,False,True
860,syn_00527:0:0:2,syn_val,synthetic,f7cead3ba2212c57279cf2fb44119884eee4682b6d6eda9625d03ae6564fdd7b,True,True,actuator_answer,0.4,-5.904301643371582,-0.04492664337158203,False,True
870,syn_00532:0:0:1,syn_val,synthetic,71b6feaa93d9ce0b64778264d8400fb13173e2ae47255791ae9d606c02aabe4e,True,True,baseline,0.0,-1.133213996887207,-1.3631055355072021,True,False
870,syn_00532:0:0:1,syn_val,synthetic,71b6feaa93d9ce0b64778264d8400fb13173e2ae47255791ae9d606c02aabe4e,True,True,semantic,0.02,-1.1353129148483276,-1.3648457527160645,True,False
870,syn_00532:0:0:1,syn_val,synthetic,71b6feaa93d9ce0b64778264d8400fb13173e2ae47255791ae9d606c02aabe4e,True,True,semantic,0.05,-1.145861029624939,-1.3610469102859497,True,False
870,syn_00532:0:0:1,syn_val,synthetic,71b6feaa93d9ce0b64778264d8400fb13173e2ae47255791ae9d606c02aabe4e,True,True,semantic,0.1,-1.1672537326812744,-1.3507320880889893,True,False
870,syn_00532:0:0:1,syn_val,synthetic,71b6feaa93d9ce0b64778264d8400fb13173e2ae47255791ae9d606c02aabe4e,True,True,semantic,0.2,-1.185084342956543,-1.3510669469833374,True,False
870,syn_00532:0:0:1,syn_val,synthetic,71b6feaa93d9ce0b64778264d8400fb13173e2ae47255791ae9d606c02aabe4e,True,True,semantic,0.4,-1.2076739072799683,-1.3851464986801147,True,False
870,syn_00532:0:0:1,syn_val,synthetic,71b6feaa93d9ce0b64778264d8400fb13173e2ae47255791ae9d606c02aabe4e,True,True,reverse,0.02,-1.132689356803894,-1.3656809329986572,True,False
870,syn_00532:0:0:1,syn_val,synthetic,71b6feaa93d9ce0b64778264d8400fb13173e2ae47255791ae9d606c02aabe4e,True,True,reverse,0.05,-1.1170357465744019,-1.3801851272583008,True,False
870,syn_00532:0:0:1,syn_val,synthetic,71b6feaa93d9ce0b64778264d8400fb13173e2ae47255791ae9d606c02aabe4e,True,True,reverse,0.1,-1.117364525794983,-1.3807562589645386,True,False
870,syn_00532:0:0:1,syn_val,synthetic,71b6feaa93d9ce0b64778264d8400fb13173e2ae47255791ae9d606c02aabe4e,True,True,reverse,0.2,-1.1094577312469482,-1.4193369150161743,True,False
870,syn_00532:0:0:1,syn_val,synthetic,71b6feaa93d9ce0b64778264d8400fb13173e2ae47255791ae9d606c02aabe4e,True,True,reverse,0.4,-1.077211856842041,-1.5244433879852295,True,False
870,syn_00532:0:0:1,syn_val,synthetic,71b6feaa93d9ce0b64778264d8400fb13173e2ae47255791ae9d606c02aabe4e,True,True,random,0.02,-1.1290626525878906,-1.3744041919708252,True,False
870,syn_00532:0:0:1,syn_val,synthetic,71b6feaa93d9ce0b64778264d8400fb13173e2ae47255791ae9d606c02aabe4e,True,True,random,0.05,-1.1297250986099243,-1.375442385673523,True,False
870,syn_00532:0:0:1,syn_val,synthetic,71b6feaa93d9ce0b64778264d8400fb13173e2ae47255791ae9d606c02aabe4e,True,True,random,0.1,-1.1254003047943115,-1.3877688646316528,True,False
870,syn_00532:0:0:1,syn_val,synthetic,71b6feaa93d9ce0b64778264d8400fb13173e2ae47255791ae9d606c02aabe4e,True,True,random,0.2,-1.1146196126937866,-1.4244776964187622,True,False
870,syn_00532:0:0:1,syn_val,synthetic,71b6feaa93d9ce0b64778264d8400fb13173e2ae47255791ae9d606c02aabe4e,True,True,random,0.4,-1.0888559818267822,-1.491626262664795,True,False
870,syn_00532:0:0:1,syn_val,synthetic,71b6feaa93d9ce0b64778264d8400fb13173e2ae47255791ae9d606c02aabe4e,True,True,shuffled,0.02,-1.136334776878357,-1.367889404296875,True,False
870,syn_00532:0:0:1,syn_val,synthetic,71b6feaa93d9ce0b64778264d8400fb13173e2ae47255791ae9d606c02aabe4e,True,True,shuffled,0.05,-1.1341791152954102,-1.3645340204238892,True,False
870,syn_00532:0:0:1,syn_val,synthetic,71b6feaa93d9ce0b64778264d8400fb13173e2ae47255791ae9d606c02aabe4e,True,True,shuffled,0.1,-1.13326096534729,-1.3492586612701416,True,False
870,syn_00532:0:0:1,syn_val,synthetic,71b6feaa93d9ce0b64778264d8400fb13173e2ae47255791ae9d606c02aabe4e,True,True,shuffled,0.2,-1.1301605701446533,-1.3626717329025269,True,False
870,syn_00532:0:0:1,syn_val,synthetic,71b6feaa93d9ce0b64778264d8400fb13173e2ae47255791ae9d606c02aabe4e,True,True,shuffled,0.4,-1.1749820709228516,-1.4299232959747314,True,False
870,syn_00532:0:0:1,syn_val,synthetic,71b6feaa93d9ce0b64778264d8400fb13173e2ae47255791ae9d606c02aabe4e,True,True,wrong_site,0.02,-1.1335608959197998,-1.3634940385818481,True,False
870,syn_00532:0:0:1,syn_val,synthetic,71b6feaa93d9ce0b64778264d8400fb13173e2ae47255791ae9d606c02aabe4e,True,True,wrong_site,0.05,-1.1327617168426514,-1.3623753786087036,True,False
870,syn_00532:0:0:1,syn_val,synthetic,71b6feaa93d9ce0b64778264d8400fb13173e2ae47255791ae9d606c02aabe4e,True,True,wrong_site,0.1,-1.1454464197158813,-1.3593950271606445,True,False
870,syn_00532:0:0:1,syn_val,synthetic,71b6feaa93d9ce0b64778264d8400fb13173e2ae47255791ae9d606c02aabe4e,True,True,wrong_site,0.2,-1.14876389503479,-1.345285415649414,True,False
870,syn_00532:0:0:1,syn_val,synthetic,71b6feaa93d9ce0b64778264d8400fb13173e2ae47255791ae9d606c02aabe4e,True,True,wrong_site,0.4,-1.1413249969482422,-1.339151382446289,True,False
870,syn_00532:0:0:1,syn_val,synthetic,71b6feaa93d9ce0b64778264d8400fb13173e2ae47255791ae9d606c02aabe4e,True,True,answer_site,0.02,-1.1527881622314453,-1.3688920736312866,True,False
870,syn_00532:0:0:1,syn_val,synthetic,71b6feaa93d9ce0b64778264d8400fb13173e2ae47255791ae9d606c02aabe4e,True,True,answer_site,0.05,-1.198359489440918,-1.3690088987350464,True,False
870,syn_00532:0:0:1,syn_val,synthetic,71b6feaa93d9ce0b64778264d8400fb13173e2ae47255791ae9d606c02aabe4e,True,True,answer_site,0.1,-1.2933423519134521,-1.3860832452774048,True,False
870,syn_00532:0:0:1,syn_val,synthetic,71b6feaa93d9ce0b64778264d8400fb13173e2ae47255791ae9d606c02aabe4e,True,True,answer_site,0.2,-1.7093579769134521,-1.5185377597808838,False,True
870,syn_00532:0:0:1,syn_val,synthetic,71b6feaa93d9ce0b64778264d8400fb13173e2ae47255791ae9d606c02aabe4e,True,True,answer_site,0.4,-2.328075408935547,-1.7113200426101685,False,True
870,syn_00532:0:0:1,syn_val,synthetic,71b6feaa93d9ce0b64778264d8400fb13173e2ae47255791ae9d606c02aabe4e,True,True,actuator_cond,0.02,-1.12714684009552,-1.372889518737793,True,False
870,syn_00532:0:0:1,syn_val,synthetic,71b6feaa93d9ce0b64778264d8400fb13173e2ae47255791ae9d606c02aabe4e,True,True,actuator_cond,0.05,-1.1232877969741821,-1.3827368021011353,True,False
870,syn_00532:0:0:1,syn_val,synthetic,71b6feaa93d9ce0b64778264d8400fb13173e2ae47255791ae9d606c02aabe4e,True,True,actuator_cond,0.1,-1.1162176132202148,-1.3942711353302002,True,False
870,syn_00532:0:0:1,syn_val,synthetic,71b6feaa93d9ce0b64778264d8400fb13173e2ae47255791ae9d606c02aabe4e,True,True,actuator_cond,0.2,-1.1182332038879395,-1.4909669160842896,True,False
870,syn_00532:0:0:1,syn_val,synthetic,71b6feaa93d9ce0b64778264d8400fb13173e2ae47255791ae9d606c02aabe4e,True,True,actuator_cond,0.4,-0.93763267993927,-1.996328353881836,True,False
870,syn_00532:0:0:1,syn_val,synthetic,71b6feaa93d9ce0b64778264d8400fb13173e2ae47255791ae9d606c02aabe4e,True,True,actuator_answer,0.02,-1.1319358348846436,-1.376871109008789,True,False
870,syn_00532:0:0:1,syn_val,synthetic,71b6feaa93d9ce0b64778264d8400fb13173e2ae47255791ae9d606c02aabe4e,True,True,actuator_answer,0.05,-1.1350528001785278,-1.3800033330917358,True,False
870,syn_00532:0:0:1,syn_val,synthetic,71b6feaa93d9ce0b64778264d8400fb13173e2ae47255791ae9d606c02aabe4e,True,True,actuator_answer,0.1,-1.1368885040283203,-1.3817366361618042,True,False
870,syn_00532:0:0:1,syn_val,synthetic,71b6feaa93d9ce0b64778264d8400fb13173e2ae47255791ae9d606c02aabe4e,True,True,actuator_answer,0.2,-1.2581889629364014,-1.3785912990570068,True,False
870,syn_00532:0:0:1,syn_val,synthetic,71b6feaa93d9ce0b64778264d8400fb13173e2ae47255791ae9d606c02aabe4e,True,True,actuator_answer,0.4,-9.48794174194336,-9.879218101501465,False,False
878,syn_00535:0:0:1,syn_val,synthetic,c35f6dc3eb3be40c9305e25becc676991305066072413145d3a05cf430cd70df,False,True,baseline,0.0,-0.8171765804290771,-2.2098450660705566,True,False
878,syn_00535:0:0:1,syn_val,synthetic,c35f6dc3eb3be40c9305e25becc676991305066072413145d3a05cf430cd70df,False,True,semantic,0.02,-0.8098897933959961,-2.227588176727295,True,False
878,syn_00535:0:0:1,syn_val,synthetic,c35f6dc3eb3be40c9305e25becc676991305066072413145d3a05cf430cd70df,False,True,semantic,0.05,-0.8101955056190491,-2.2274036407470703,True,False
878,syn_00535:0:0:1,syn_val,synthetic,c35f6dc3eb3be40c9305e25becc676991305066072413145d3a05cf430cd70df,False,True,semantic,0.1,-0.8047565221786499,-2.2462315559387207,True,False
878,syn_00535:0:0:1,syn_val,synthetic,c35f6dc3eb3be40c9305e25becc676991305066072413145d3a05cf430cd70df,False,True,semantic,0.2,-0.7924671173095703,-2.2636337280273438,True,False
878,syn_00535:0:0:1,syn_val,synthetic,c35f6dc3eb3be40c9305e25becc676991305066072413145d3a05cf430cd70df,False,True,semantic,0.4,-0.78880774974823,-2.324090003967285,True,False
878,syn_00535:0:0:1,syn_val,synthetic,c35f6dc3eb3be40c9305e25becc676991305066072413145d3a05cf430cd70df,False,True,reverse,0.02,-0.8101159930229187,-2.209658622741699,True,False
878,syn_00535:0:0:1,syn_val,synthetic,c35f6dc3eb3be40c9305e25becc676991305066072413145d3a05cf430cd70df,False,True,reverse,0.05,-0.8185623288154602,-2.203969955444336,True,False
878,syn_00535:0:0:1,syn_val,synthetic,c35f6dc3eb3be40c9305e25becc676991305066072413145d3a05cf430cd70df,False,True,reverse,0.1,-0.8242305517196655,-2.177798271179199,True,False
878,syn_00535:0:0:1,syn_val,synthetic,c35f6dc3eb3be40c9305e25becc676991305066072413145d3a05cf430cd70df,False,True,reverse,0.2,-0.8330919146537781,-2.156949043273926,True,False
878,syn_00535:0:0:1,syn_val,synthetic,c35f6dc3eb3be40c9305e25becc676991305066072413145d3a05cf430cd70df,False,True,reverse,0.4,-0.8695080876350403,-2.091891288757324,True,False
878,syn_00535:0:0:1,syn_val,synthetic,c35f6dc3eb3be40c9305e25becc676991305066072413145d3a05cf430cd70df,False,True,random,0.02,-0.817180871963501,-2.210726737976074,True,False
878,syn_00535:0:0:1,syn_val,synthetic,c35f6dc3eb3be40c9305e25becc676991305066072413145d3a05cf430cd70df,False,True,random,0.05,-0.8103100061416626,-2.221135139465332,True,False
878,syn_00535:0:0:1,syn_val,synthetic,c35f6dc3eb3be40c9305e25becc676991305066072413145d3a05cf430cd70df,False,True,random,0.1,-0.8188963532447815,-2.2121434211730957,True,False
878,syn_00535:0:0:1,syn_val,synthetic,c35f6dc3eb3be40c9305e25becc676991305066072413145d3a05cf430cd70df,False,True,random,0.2,-0.8143429160118103,-2.223484992980957,True,False
878,syn_00535:0:0:1,syn_val,synthetic,c35f6dc3eb3be40c9305e25becc676991305066072413145d3a05cf430cd70df,False,True,random,0.4,-0.8250305652618408,-2.2007336616516113,True,False
878,syn_00535:0:0:1,syn_val,synthetic,c35f6dc3eb3be40c9305e25becc676991305066072413145d3a05cf430cd70df,False,True,shuffled,0.02,-0.8176404237747192,-2.222687005996704,True,False
878,syn_00535:0:0:1,syn_val,synthetic,c35f6dc3eb3be40c9305e25becc676991305066072413145d3a05cf430cd70df,False,True,shuffled,0.05,-0.8182045221328735,-2.21208119392395,True,False
878,syn_00535:0:0:1,syn_val,synthetic,c35f6dc3eb3be40c9305e25becc676991305066072413145d3a05cf430cd70df,False,True,shuffled,0.1,-0.820818305015564,-2.215989112854004,True,False
878,syn_00535:0:0:1,syn_val,synthetic,c35f6dc3eb3be40c9305e25becc676991305066072413145d3a05cf430cd70df,False,True,shuffled,0.2,-0.8360223770141602,-2.190214157104492,True,False
878,syn_00535:0:0:1,syn_val,synthetic,c35f6dc3eb3be40c9305e25becc676991305066072413145d3a05cf430cd70df,False,True,shuffled,0.4,-0.8468796014785767,-2.149109363555908,True,False
878,syn_00535:0:0:1,syn_val,synthetic,c35f6dc3eb3be40c9305e25becc676991305066072413145d3a05cf430cd70df,False,True,wrong_site,0.02,-0.8174575567245483,-2.2117295265197754,True,False
878,syn_00535:0:0:1,syn_val,synthetic,c35f6dc3eb3be40c9305e25becc676991305066072413145d3a05cf430cd70df,False,True,wrong_site,0.05,-0.8192461729049683,-2.212536334991455,True,False
878,syn_00535:0:0:1,syn_val,synthetic,c35f6dc3eb3be40c9305e25becc676991305066072413145d3a05cf430cd70df,False,True,wrong_site,0.1,-0.8167684078216553,-2.211003541946411,True,False
878,syn_00535:0:0:1,syn_val,synthetic,c35f6dc3eb3be40c9305e25becc676991305066072413145d3a05cf430cd70df,False,True,wrong_site,0.2,-0.8179168701171875,-2.21169376373291,True,False
878,syn_00535:0:0:1,syn_val,synthetic,c35f6dc3eb3be40c9305e25becc676991305066072413145d3a05cf430cd70df,False,True,wrong_site,0.4,-0.8133184909820557,-2.223212718963623,True,False
878,syn_00535:0:0:1,syn_val,synthetic,c35f6dc3eb3be40c9305e25becc676991305066072413145d3a05cf430cd70df,False,True,answer_site,0.02,-0.8341838121414185,-2.180373191833496,True,False
878,syn_00535:0:0:1,syn_val,synthetic,c35f6dc3eb3be40c9305e25becc676991305066072413145d3a05cf430cd70df,False,True,answer_site,0.05,-0.8765529990196228,-2.110610008239746,True,False
878,syn_00535:0:0:1,syn_val,synthetic,c35f6dc3eb3be40c9305e25becc676991305066072413145d3a05cf430cd70df,False,True,answer_site,0.1,-0.9326459169387817,-2.045961618423462,True,False
878,syn_00535:0:0:1,syn_val,synthetic,c35f6dc3eb3be40c9305e25becc676991305066072413145d3a05cf430cd70df,False,True,answer_site,0.2,-1.0774831771850586,-2.0539422035217285,False,False
878,syn_00535:0:0:1,syn_val,synthetic,c35f6dc3eb3be40c9305e25becc676991305066072413145d3a05cf430cd70df,False,True,answer_site,0.4,-4.454878807067871,-5.473173141479492,False,False
878,syn_00535:0:0:1,syn_val,synthetic,c35f6dc3eb3be40c9305e25becc676991305066072413145d3a05cf430cd70df,False,True,actuator_cond,0.02,-0.8103411197662354,-2.2214887142181396,True,False
878,syn_00535:0:0:1,syn_val,synthetic,c35f6dc3eb3be40c9305e25becc676991305066072413145d3a05cf430cd70df,False,True,actuator_cond,0.05,-0.809576690196991,-2.2300620079040527,True,False
878,syn_00535:0:0:1,syn_val,synthetic,c35f6dc3eb3be40c9305e25becc676991305066072413145d3a05cf430cd70df,False,True,actuator_cond,0.1,-0.8091752529144287,-2.2311906814575195,True,False
878,syn_00535:0:0:1,syn_val,synthetic,c35f6dc3eb3be40c9305e25becc676991305066072413145d3a05cf430cd70df,False,True,actuator_cond,0.2,-0.8094502091407776,-2.2406835556030273,True,False
878,syn_00535:0:0:1,syn_val,synthetic,c35f6dc3eb3be40c9305e25becc676991305066072413145d3a05cf430cd70df,False,True,actuator_cond,0.4,-0.8595576286315918,-2.217061996459961,True,False
878,syn_00535:0:0:1,syn_val,synthetic,c35f6dc3eb3be40c9305e25becc676991305066072413145d3a05cf430cd70df,False,True,actuator_answer,0.02,-0.8134907484054565,-2.2367398738861084,True,False
878,syn_00535:0:0:1,syn_val,synthetic,c35f6dc3eb3be40c9305e25becc676991305066072413145d3a05cf430cd70df,False,True,actuator_answer,0.05,-0.8317962884902954,-2.2285563945770264,True,False
878,syn_00535:0:0:1,syn_val,synthetic,c35f6dc3eb3be40c9305e25becc676991305066072413145d3a05cf430cd70df,False,True,actuator_answer,0.1,-0.8806618452072144,-2.241389274597168,True,False
878,syn_00535:0:0:1,syn_val,synthetic,c35f6dc3eb3be40c9305e25becc676991305066072413145d3a05cf430cd70df,False,True,actuator_answer,0.2,-1.1570961475372314,-2.390138626098633,True,False
878,syn_00535:0:0:1,syn_val,synthetic,c35f6dc3eb3be40c9305e25becc676991305066072413145d3a05cf430cd70df,False,True,actuator_answer,0.4,-4.571601390838623,-5.620207786560059,False,False
1057,syn_00631:0:0:1,syn_val,synthetic,89daa27d1666cc5d274331f7daa466a7e09e05bc387b0cf0481b19de27976183,False,True,baseline,0.0,-0.4428129494190216,-3.4469878673553467,True,False
1057,syn_00631:0:0:1,syn_val,synthetic,89daa27d1666cc5d274331f7daa466a7e09e05bc387b0cf0481b19de27976183,False,True,semantic,0.02,-0.44297370314598083,-3.473069906234741,True,False
1057,syn_00631:0:0:1,syn_val,synthetic,89daa27d1666cc5d274331f7daa466a7e09e05bc387b0cf0481b19de27976183,False,True,semantic,0.05,-0.4410623610019684,-3.4726269245147705,True,False
1057,syn_00631:0:0:1,syn_val,synthetic,89daa27d1666cc5d274331f7daa466a7e09e05bc387b0cf0481b19de27976183,False,True,semantic,0.1,-0.4408566951751709,-3.498443126678467,True,False
1057,syn_00631:0:0:1,syn_val,synthetic,89daa27d1666cc5d274331f7daa466a7e09e05bc387b0cf0481b19de27976183,False,True,semantic,0.2,-0.4330556392669678,-3.5347673892974854,True,False
1057,syn_00631:0:0:1,syn_val,synthetic,89daa27d1666cc5d274331f7daa466a7e09e05bc387b0cf0481b19de27976183,False,True,semantic,0.4,-0.4298889636993408,-3.6159377098083496,True,False
1057,syn_00631:0:0:1,syn_val,synthetic,89daa27d1666cc5d274331f7daa466a7e09e05bc387b0cf0481b19de27976183,False,True,reverse,0.02,-0.44130051136016846,-3.447120189666748,True,False
1057,syn_00631:0:0:1,syn_val,synthetic,89daa27d1666cc5d274331f7daa466a7e09e05bc387b0cf0481b19de27976183,False,True,reverse,0.05,-0.44718092679977417,-3.423081398010254,True,False
1057,syn_00631:0:0:1,syn_val,synthetic,89daa27d1666cc5d274331f7daa466a7e09e05bc387b0cf0481b19de27976183,False,True,reverse,0.1,-0.44753313064575195,-3.3978114128112793,True,False
1057,syn_00631:0:0:1,syn_val,synthetic,89daa27d1666cc5d274331f7daa466a7e09e05bc387b0cf0481b19de27976183,False,True,reverse,0.2,-0.44521796703338623,-3.386073112487793,True,False
1057,syn_00631:0:0:1,syn_val,synthetic,89daa27d1666cc5d274331f7daa466a7e09e05bc387b0cf0481b19de27976183,False,True,reverse,0.4,-0.45598164200782776,-3.319039821624756,True,False
1057,syn_00631:0:0:1,syn_val,synthetic,89daa27d1666cc5d274331f7daa466a7e09e05bc387b0cf0481b19de27976183,False,True,random,0.02,-0.44645392894744873,-3.447861671447754,True,False
1057,syn_00631:0:0:1,syn_val,synthetic,89daa27d1666cc5d274331f7daa466a7e09e05bc387b0cf0481b19de27976183,False,True,random,0.05,-0.441076397895813,-3.4597854614257812,True,False
1057,syn_00631:0:0:1,syn_val,synthetic,89daa27d1666cc5d274331f7daa466a7e09e05bc387b0cf0481b19de27976183,False,True,random,0.1,-0.43950337171554565,-3.4722180366516113,True,False
1057,syn_00631:0:0:1,syn_val,synthetic,89daa27d1666cc5d274331f7daa466a7e09e05bc387b0cf0481b19de27976183,False,True,random,0.2,-0.4338548183441162,-3.4850988388061523,True,False
1057,syn_00631:0:0:1,syn_val,synthetic,89daa27d1666cc5d274331f7daa466a7e09e05bc387b0cf0481b19de27976183,False,True,random,0.4,-0.42610234022140503,-3.509948253631592,True,False
1057,syn_00631:0:0:1,syn_val,synthetic,89daa27d1666cc5d274331f7daa466a7e09e05bc387b0cf0481b19de27976183,False,True,shuffled,0.02,-0.4422699213027954,-3.460984706878662,True,False
1057,syn_00631:0:0:1,syn_val,synthetic,89daa27d1666cc5d274331f7daa466a7e09e05bc387b0cf0481b19de27976183,False,True,shuffled,0.05,-0.4471714496612549,-3.435762405395508,True,False
1057,syn_00631:0:0:1,syn_val,synthetic,89daa27d1666cc5d274331f7daa466a7e09e05bc387b0cf0481b19de27976183,False,True,shuffled,0.1,-0.4481973946094513,-3.4123311042785645,True,False
1057,syn_00631:0:0:1,syn_val,synthetic,89daa27d1666cc5d274331f7daa466a7e09e05bc387b0cf0481b19de27976183,False,True,shuffled,0.2,-0.4497947692871094,-3.3882083892822266,True,False
1057,syn_00631:0:0:1,syn_val,synthetic,89daa27d1666cc5d274331f7daa466a7e09e05bc387b0cf0481b19de27976183,False,True,shuffled,0.4,-0.44679322838783264,-3.3635454177856445,True,False
1057,syn_00631:0:0:1,syn_val,synthetic,89daa27d1666cc5d274331f7daa466a7e09e05bc387b0cf0481b19de27976183,False,True,wrong_site,0.02,-0.44498056173324585,-3.44815731048584,True,False
1057,syn_00631:0:0:1,syn_val,synthetic,89daa27d1666cc5d274331f7daa466a7e09e05bc387b0cf0481b19de27976183,False,True,wrong_site,0.05,-0.44644680619239807,-3.461049795150757,True,False
1057,syn_00631:0:0:1,syn_val,synthetic,89daa27d1666cc5d274331f7daa466a7e09e05bc387b0cf0481b19de27976183,False,True,wrong_site,0.1,-0.4465787410736084,-3.461148262023926,True,False
1057,syn_00631:0:0:1,syn_val,synthetic,89daa27d1666cc5d274331f7daa466a7e09e05bc387b0cf0481b19de27976183,False,True,wrong_site,0.2,-0.44635459780693054,-3.4478654861450195,True,False
1057,syn_00631:0:0:1,syn_val,synthetic,89daa27d1666cc5d274331f7daa466a7e09e05bc387b0cf0481b19de27976183,False,True,wrong_site,0.4,-0.4434368312358856,-3.4750595092773438,True,False
1057,syn_00631:0:0:1,syn_val,synthetic,89daa27d1666cc5d274331f7daa466a7e09e05bc387b0cf0481b19de27976183,False,True,answer_site,0.02,-0.4529259204864502,-3.4272170066833496,True,False
1057,syn_00631:0:0:1,syn_val,synthetic,89daa27d1666cc5d274331f7daa466a7e09e05bc387b0cf0481b19de27976183,False,True,answer_site,0.05,-0.4652310907840729,-3.3838577270507812,True,False
1057,syn_00631:0:0:1,syn_val,synthetic,89daa27d1666cc5d274331f7daa466a7e09e05bc387b0cf0481b19de27976183,False,True,answer_site,0.1,-0.48128730058670044,-3.321042776107788,True,False
1057,syn_00631:0:0:1,syn_val,synthetic,89daa27d1666cc5d274331f7daa466a7e09e05bc387b0cf0481b19de27976183,False,True,answer_site,0.2,-0.5337372422218323,-3.2792532444000244,True,False
1057,syn_00631:0:0:1,syn_val,synthetic,89daa27d1666cc5d274331f7daa466a7e09e05bc387b0cf0481b19de27976183,False,True,answer_site,0.4,-2.531334400177002,-5.25429630279541,False,False
1057,syn_00631:0:0:1,syn_val,synthetic,89daa27d1666cc5d274331f7daa466a7e09e05bc387b0cf0481b19de27976183,False,True,actuator_cond,0.02,-0.44515007734298706,-3.43538236618042,True,False
1057,syn_00631:0:0:1,syn_val,synthetic,89daa27d1666cc5d274331f7daa466a7e09e05bc387b0cf0481b19de27976183,False,True,actuator_cond,0.05,-0.4469332993030548,-3.437239646911621,True,False
1057,syn_00631:0:0:1,syn_val,synthetic,89daa27d1666cc5d274331f7daa466a7e09e05bc387b0cf0481b19de27976183,False,True,actuator_cond,0.1,-0.4488094449043274,-3.4237303733825684,True,False
1057,syn_00631:0:0:1,syn_val,synthetic,89daa27d1666cc5d274331f7daa466a7e09e05bc387b0cf0481b19de27976183,False,True,actuator_cond,0.2,-0.4636620283126831,-3.395122766494751,True,False
1057,syn_00631:0:0:1,syn_val,synthetic,89daa27d1666cc5d274331f7daa466a7e09e05bc387b0cf0481b19de27976183,False,True,actuator_cond,0.4,-0.5018651485443115,-3.345047950744629,True,False
1057,syn_00631:0:0:1,syn_val,synthetic,89daa27d1666cc5d274331f7daa466a7e09e05bc387b0cf0481b19de27976183,False,True,actuator_answer,0.02,-0.45248594880104065,-3.4539995193481445,True,False
1057,syn_00631:0:0:1,syn_val,synthetic,89daa27d1666cc5d274331f7daa466a7e09e05bc387b0cf0481b19de27976183,False,True,actuator_answer,0.05,-0.460965096950531,-3.466684341430664,True,False
1057,syn_00631:0:0:1,syn_val,synthetic,89daa27d1666cc5d274331f7daa466a7e09e05bc387b0cf0481b19de27976183,False,True,actuator_answer,0.1,-0.5029722452163696,-3.469650983810425,True,False
1057,syn_00631:0:0:1,syn_val,synthetic,89daa27d1666cc5d274331f7daa466a7e09e05bc387b0cf0481b19de27976183,False,True,actuator_answer,0.2,-0.7042106986045837,-3.512507915496826,True,False
1057,syn_00631:0:0:1,syn_val,synthetic,89daa27d1666cc5d274331f7daa466a7e09e05bc387b0cf0481b19de27976183,False,True,actuator_answer,0.4,-3.4270172119140625,-5.9637861251831055,False,False
1058,syn_00631:0:0:2,syn_val,synthetic,89daa27d1666cc5d274331f7daa466a7e09e05bc387b0cf0481b19de27976183,False,True,baseline,0.0,-0.5784339308738708,-3.134631633758545,True,False
1058,syn_00631:0:0:2,syn_val,synthetic,89daa27d1666cc5d274331f7daa466a7e09e05bc387b0cf0481b19de27976183,False,True,semantic,0.02,-0.5774126052856445,-3.133486747741699,True,False
1058,syn_00631:0:0:2,syn_val,synthetic,89daa27d1666cc5d274331f7daa466a7e09e05bc387b0cf0481b19de27976183,False,True,semantic,0.05,-0.5775489211082458,-3.146524667739868,True,False
1058,syn_00631:0:0:2,syn_val,synthetic,89daa27d1666cc5d274331f7daa466a7e09e05bc387b0cf0481b19de27976183,False,True,semantic,0.1,-0.565759539604187,-3.165666341781616,True,False
1058,syn_00631:0:0:2,syn_val,synthetic,89daa27d1666cc5d274331f7daa466a7e09e05bc387b0cf0481b19de27976183,False,True,semantic,0.2,-0.555769145488739,-3.1996912956237793,True,False
1058,syn_00631:0:0:2,syn_val,synthetic,89daa27d1666cc5d274331f7daa466a7e09e05bc387b0cf0481b19de27976183,False,True,semantic,0.4,-0.5601126551628113,-3.2306370735168457,True,False
1058,syn_00631:0:0:2,syn_val,synthetic,89daa27d1666cc5d274331f7daa466a7e09e05bc387b0cf0481b19de27976183,False,True,reverse,0.02,-0.5779165625572205,-3.122640609741211,True,False
1058,syn_00631:0:0:2,syn_val,synthetic,89daa27d1666cc5d274331f7daa466a7e09e05bc387b0cf0481b19de27976183,False,True,reverse,0.05,-0.5766871571540833,-3.123156785964966,True,False
1058,syn_00631:0:0:2,syn_val,synthetic,89daa27d1666cc5d274331f7daa466a7e09e05bc387b0cf0481b19de27976183,False,True,reverse,0.1,-0.5780975222587585,-3.0956919193267822,True,False
1058,syn_00631:0:0:2,syn_val,synthetic,89daa27d1666cc5d274331f7daa466a7e09e05bc387b0cf0481b19de27976183,False,True,reverse,0.2,-0.5774304866790771,-3.0857596397399902,True,False
1058,syn_00631:0:0:2,syn_val,synthetic,89daa27d1666cc5d274331f7daa466a7e09e05bc387b0cf0481b19de27976183,False,True,reverse,0.4,-0.5824540853500366,-3.051809549331665,True,False
1058,syn_00631:0:0:2,syn_val,synthetic,89daa27d1666cc5d274331f7daa466a7e09e05bc387b0cf0481b19de27976183,False,True,random,0.02,-0.5712297558784485,-3.1313486099243164,True,False
1058,syn_00631:0:0:2,syn_val,synthetic,89daa27d1666cc5d274331f7daa466a7e09e05bc387b0cf0481b19de27976183,False,True,random,0.05,-0.5732154250144958,-3.146584987640381,True,False
1058,syn_00631:0:0:2,syn_val,synthetic,89daa27d1666cc5d274331f7daa466a7e09e05bc387b0cf0481b19de27976183,False,True,random,0.1,-0.5718973278999329,-3.1467857360839844,True,False
1058,syn_00631:0:0:2,syn_val,synthetic,89daa27d1666cc5d274331f7daa466a7e09e05bc387b0cf0481b19de27976183,False,True,random,0.2,-0.5582665205001831,-3.1768436431884766,True,False
1058,syn_00631:0:0:2,syn_val,synthetic,89daa27d1666cc5d274331f7daa466a7e09e05bc387b0cf0481b19de27976183,False,True,random,0.4,-0.5435541272163391,-3.2106738090515137,True,False
1058,syn_00631:0:0:2,syn_val,synthetic,89daa27d1666cc5d274331f7daa466a7e09e05bc387b0cf0481b19de27976183,False,True,shuffled,0.02,-0.5784071087837219,-3.1214041709899902,True,False
1058,syn_00631:0:0:2,syn_val,synthetic,89daa27d1666cc5d274331f7daa466a7e09e05bc387b0cf0481b19de27976183,False,True,shuffled,0.05,-0.5788118839263916,-3.123328685760498,True,False
1058,syn_00631:0:0:2,syn_val,synthetic,89daa27d1666cc5d274331f7daa466a7e09e05bc387b0cf0481b19de27976183,False,True,shuffled,0.1,-0.5789234042167664,-3.1104965209960938,True,False
1058,syn_00631:0:0:2,syn_val,synthetic,89daa27d1666cc5d274331f7daa466a7e09e05bc387b0cf0481b19de27976183,False,True,shuffled,0.2,-0.5819323062896729,-3.099137783050537,True,False
1058,syn_00631:0:0:2,syn_val,synthetic,89daa27d1666cc5d274331f7daa466a7e09e05bc387b0cf0481b19de27976183,False,True,shuffled,0.4,-0.5746443271636963,-3.0712602138519287,True,False
1058,syn_00631:0:0:2,syn_val,synthetic,89daa27d1666cc5d274331f7daa466a7e09e05bc387b0cf0481b19de27976183,False,True,wrong_site,0.02,-0.5775719285011292,-3.1221323013305664,True,False
1058,syn_00631:0:0:2,syn_val,synthetic,89daa27d1666cc5d274331f7daa466a7e09e05bc387b0cf0481b19de27976183,False,True,wrong_site,0.05,-0.5778576135635376,-3.1223907470703125,True,False
1058,syn_00631:0:0:2,syn_val,synthetic,89daa27d1666cc5d274331f7daa466a7e09e05bc387b0cf0481b19de27976183,False,True,wrong_site,0.1,-0.5775096416473389,-3.1336474418640137,True,False
1058,syn_00631:0:0:2,syn_val,synthetic,89daa27d1666cc5d274331f7daa466a7e09e05bc387b0cf0481b19de27976183,False,True,wrong_site,0.2,-0.5772966146469116,-3.146334648132324,True,False
1058,syn_00631:0:0:2,syn_val,synthetic,89daa27d1666cc5d274331f7daa466a7e09e05bc387b0cf0481b19de27976183,False,True,wrong_site,0.4,-0.5739431977272034,-3.158492088317871,True,False
1058,syn_00631:0:0:2,syn_val,synthetic,89daa27d1666cc5d274331f7daa466a7e09e05bc387b0cf0481b19de27976183,False,True,answer_site,0.02,-0.5914003849029541,-3.0916640758514404,True,False
1058,syn_00631:0:0:2,syn_val,synthetic,89daa27d1666cc5d274331f7daa466a7e09e05bc387b0cf0481b19de27976183,False,True,answer_site,0.05,-0.6142776608467102,-3.0546393394470215,True,False
1058,syn_00631:0:0:2,syn_val,synthetic,89daa27d1666cc5d274331f7daa466a7e09e05bc387b0cf0481b19de27976183,False,True,answer_site,0.1,-0.6473507881164551,-2.977487564086914,True,False
1058,syn_00631:0:0:2,syn_val,synthetic,89daa27d1666cc5d274331f7daa466a7e09e05bc387b0cf0481b19de27976183,False,True,answer_site,0.2,-0.7133058309555054,-2.912790298461914,True,False
1058,syn_00631:0:0:2,syn_val,synthetic,89daa27d1666cc5d274331f7daa466a7e09e05bc387b0cf0481b19de27976183,False,True,answer_site,0.4,-2.8685741424560547,-5.082489013671875,False,False
1058,syn_00631:0:0:2,syn_val,synthetic,89daa27d1666cc5d274331f7daa466a7e09e05bc387b0cf0481b19de27976183,False,True,actuator_cond,0.02,-0.5781168937683105,-3.1212575435638428,True,False
1058,syn_00631:0:0:2,syn_val,synthetic,89daa27d1666cc5d274331f7daa466a7e09e05bc387b0cf0481b19de27976183,False,True,actuator_cond,0.05,-0.583362877368927,-3.0993030071258545,True,False
1058,syn_00631:0:0:2,syn_val,synthetic,89daa27d1666cc5d274331f7daa466a7e09e05bc387b0cf0481b19de27976183,False,True,actuator_cond,0.1,-0.5886440277099609,-3.0875940322875977,True,False
1058,syn_00631:0:0:2,syn_val,synthetic,89daa27d1666cc5d274331f7daa466a7e09e05bc387b0cf0481b19de27976183,False,True,actuator_cond,0.2,-0.5981259346008301,-3.070664882659912,True,False
1058,syn_00631:0:0:2,syn_val,synthetic,89daa27d1666cc5d274331f7daa466a7e09e05bc387b0cf0481b19de27976183,False,True,actuator_cond,0.4,-0.6406711339950562,-3.011380195617676,True,False
1058,syn_00631:0:0:2,syn_val,synthetic,89daa27d1666cc5d274331f7daa466a7e09e05bc387b0cf0481b19de27976183,False,True,actuator_answer,0.02,-0.5835216641426086,-3.126525640487671,True,False
1058,syn_00631:0:0:2,syn_val,synthetic,89daa27d1666cc5d274331f7daa466a7e09e05bc387b0cf0481b19de27976183,False,True,actuator_answer,0.05,-0.5936405062675476,-3.138734817504883,True,False
1058,syn_00631:0:0:2,syn_val,synthetic,89daa27d1666cc5d274331f7daa466a7e09e05bc387b0cf0481b19de27976183,False,True,actuator_answer,0.1,-0.636857271194458,-3.138932943344116,True,False
1058,syn_00631:0:0:2,syn_val,synthetic,89daa27d1666cc5d274331f7daa466a7e09e05bc387b0cf0481b19de27976183,False,True,actuator_answer,0.2,-0.8310501575469971,-3.180135726928711,True,False
1058,syn_00631:0:0:2,syn_val,synthetic,89daa27d1666cc5d274331f7daa466a7e09e05bc387b0cf0481b19de27976183,False,True,actuator_answer,0.4,-3.515887975692749,-5.605355739593506,False,False
1072,syn_00643:0:0:2,syn_val,synthetic,b4da95ae8a4f170808959548baff6c50a1545c1dd129798bb1c57708046cf969,False,True,baseline,0.0,-0.3260064721107483,-4.091099739074707,True,False
1072,syn_00643:0:0:2,syn_val,synthetic,b4da95ae8a4f170808959548baff6c50a1545c1dd129798bb1c57708046cf969,False,True,semantic,0.02,-0.3240732252597809,-4.103513717651367,True,False
1072,syn_00643:0:0:2,syn_val,synthetic,b4da95ae8a4f170808959548baff6c50a1545c1dd129798bb1c57708046cf969,False,True,semantic,0.05,-0.32437989115715027,-4.103333473205566,True,False
1072,syn_00643:0:0:2,syn_val,synthetic,b4da95ae8a4f170808959548baff6c50a1545c1dd129798bb1c57708046cf969,False,True,semantic,0.1,-0.32401221990585327,-4.129188537597656,True,False
1072,syn_00643:0:0:2,syn_val,synthetic,b4da95ae8a4f170808959548baff6c50a1545c1dd129798bb1c57708046cf969,False,True,semantic,0.2,-0.32737913727760315,-4.142681121826172,True,False
1072,syn_00643:0:0:2,syn_val,synthetic,b4da95ae8a4f170808959548baff6c50a1545c1dd129798bb1c57708046cf969,False,True,semantic,0.4,-0.3363887369632721,-4.187145233154297,True,False
1072,syn_00643:0:0:2,syn_val,synthetic,b4da95ae8a4f170808959548baff6c50a1545c1dd129798bb1c57708046cf969,False,True,reverse,0.02,-0.32375311851501465,-4.104763031005859,True,False
1072,syn_00643:0:0:2,syn_val,synthetic,b4da95ae8a4f170808959548baff6c50a1545c1dd129798bb1c57708046cf969,False,True,reverse,0.05,-0.3266673684120178,-4.0792436599731445,True,False
1072,syn_00643:0:0:2,syn_val,synthetic,b4da95ae8a4f170808959548baff6c50a1545c1dd129798bb1c57708046cf969,False,True,reverse,0.1,-0.3260360360145569,-4.081786155700684,True,False
1072,syn_00643:0:0:2,syn_val,synthetic,b4da95ae8a4f170808959548baff6c50a1545c1dd129798bb1c57708046cf969,False,True,reverse,0.2,-0.3307840824127197,-4.0748291015625,True,False
1072,syn_00643:0:0:2,syn_val,synthetic,b4da95ae8a4f170808959548baff6c50a1545c1dd129798bb1c57708046cf969,False,True,reverse,0.4,-0.3567918539047241,-4.034058570861816,True,False
1072,syn_00643:0:0:2,syn_val,synthetic,b4da95ae8a4f170808959548baff6c50a1545c1dd129798bb1c57708046cf969,False,True,random,0.02,-0.3226105272769928,-4.104499816894531,True,False
1072,syn_00643:0:0:2,syn_val,synthetic,b4da95ae8a4f170808959548baff6c50a1545c1dd129798bb1c57708046cf969,False,True,random,0.05,-0.32247793674468994,-4.091237545013428,True,False
1072,syn_00643:0:0:2,syn_val,synthetic,b4da95ae8a4f170808959548baff6c50a1545c1dd129798bb1c57708046cf969,False,True,random,0.1,-0.3220711946487427,-4.077426910400391,True,False
1072,syn_00643:0:0:2,syn_val,synthetic,b4da95ae8a4f170808959548baff6c50a1545c1dd129798bb1c57708046cf969,False,True,random,0.2,-0.32232287526130676,-4.077202796936035,True,False
1072,syn_00643:0:0:2,syn_val,synthetic,b4da95ae8a4f170808959548baff6c50a1545c1dd129798bb1c57708046cf969,False,True,random,0.4,-0.32657569646835327,-4.0678863525390625,True,False
1072,syn_00643:0:0:2,syn_val,synthetic,b4da95ae8a4f170808959548baff6c50a1545c1dd129798bb1c57708046cf969,False,True,shuffled,0.02,-0.3245883285999298,-4.077765941619873,True,False
1072,syn_00643:0:0:2,syn_val,synthetic,b4da95ae8a4f170808959548baff6c50a1545c1dd129798bb1c57708046cf969,False,True,shuffled,0.05,-0.3242030441761017,-4.105158805847168,True,False
1072,syn_00643:0:0:2,syn_val,synthetic,b4da95ae8a4f170808959548baff6c50a1545c1dd129798bb1c57708046cf969,False,True,shuffled,0.1,-0.32431286573410034,-4.105443000793457,True,False
1072,syn_00643:0:0:2,syn_val,synthetic,b4da95ae8a4f170808959548baff6c50a1545c1dd129798bb1c57708046cf969,False,True,shuffled,0.2,-0.32472512125968933,-4.109096050262451,True,False
1072,syn_00643:0:0:2,syn_val,synthetic,b4da95ae8a4f170808959548baff6c50a1545c1dd129798bb1c57708046cf969,False,True,shuffled,0.4,-0.3266473412513733,-4.0853071212768555,True,False
1072,syn_00643:0:0:2,syn_val,synthetic,b4da95ae8a4f170808959548baff6c50a1545c1dd129798bb1c57708046cf969,False,True,wrong_site,0.02,-0.3254094421863556,-4.090458869934082,True,False
1072,syn_00643:0:0:2,syn_val,synthetic,b4da95ae8a4f170808959548baff6c50a1545c1dd129798bb1c57708046cf969,False,True,wrong_site,0.05,-0.32316815853118896,-4.103968143463135,True,False
1072,syn_00643:0:0:2,syn_val,synthetic,b4da95ae8a4f170808959548baff6c50a1545c1dd129798bb1c57708046cf969,False,True,wrong_site,0.1,-0.3258076012134552,-4.091991901397705,True,False
1072,syn_00643:0:0:2,syn_val,synthetic,b4da95ae8a4f170808959548baff6c50a1545c1dd129798bb1c57708046cf969,False,True,wrong_site,0.2,-0.3249549865722656,-4.089506149291992,True,False
1072,syn_00643:0:0:2,syn_val,synthetic,b4da95ae8a4f170808959548baff6c50a1545c1dd129798bb1c57708046cf969,False,True,wrong_site,0.4,-0.3250484764575958,-4.090524673461914,True,False
1072,syn_00643:0:0:2,syn_val,synthetic,b4da95ae8a4f170808959548baff6c50a1545c1dd129798bb1c57708046cf969,False,True,answer_site,0.02,-0.32615992426872253,-4.080251693725586,True,False
1072,syn_00643:0:0:2,syn_val,synthetic,b4da95ae8a4f170808959548baff6c50a1545c1dd129798bb1c57708046cf969,False,True,answer_site,0.05,-0.33253780007362366,-4.057300090789795,True,False
1072,syn_00643:0:0:2,syn_val,synthetic,b4da95ae8a4f170808959548baff6c50a1545c1dd129798bb1c57708046cf969,False,True,answer_site,0.1,-0.3458781838417053,-4.012469291687012,True,False
1072,syn_00643:0:0:2,syn_val,synthetic,b4da95ae8a4f170808959548baff6c50a1545c1dd129798bb1c57708046cf969,False,True,answer_site,0.2,-0.39821088314056396,-3.9269824028015137,True,False
1072,syn_00643:0:0:2,syn_val,synthetic,b4da95ae8a4f170808959548baff6c50a1545c1dd129798bb1c57708046cf969,False,True,answer_site,0.4,-3.317687511444092,-6.711601734161377,False,False
1072,syn_00643:0:0:2,syn_val,synthetic,b4da95ae8a4f170808959548baff6c50a1545c1dd129798bb1c57708046cf969,False,True,actuator_cond,0.02,-0.32306012511253357,-4.104228973388672,True,False
1072,syn_00643:0:0:2,syn_val,synthetic,b4da95ae8a4f170808959548baff6c50a1545c1dd129798bb1c57708046cf969,False,True,actuator_cond,0.05,-0.32576194405555725,-4.091619491577148,True,False
1072,syn_00643:0:0:2,syn_val,synthetic,b4da95ae8a4f170808959548baff6c50a1545c1dd129798bb1c57708046cf969,False,True,actuator_cond,0.1,-0.32732725143432617,-4.093632698059082,True,False
1072,syn_00643:0:0:2,syn_val,synthetic,b4da95ae8a4f170808959548baff6c50a1545c1dd129798bb1c57708046cf969,False,True,actuator_cond,0.2,-0.3389356732368469,-4.061697006225586,True,False
1072,syn_00643:0:0:2,syn_val,synthetic,b4da95ae8a4f170808959548baff6c50a1545c1dd129798bb1c57708046cf969,False,True,actuator_cond,0.4,-0.3740813732147217,-3.9801735877990723,True,False
1072,syn_00643:0:0:2,syn_val,synthetic,b4da95ae8a4f170808959548baff6c50a1545c1dd129798bb1c57708046cf969,False,True,actuator_answer,0.02,-0.3281886875629425,-4.080102920532227,True,False
1072,syn_00643:0:0:2,syn_val,synthetic,b4da95ae8a4f170808959548baff6c50a1545c1dd129798bb1c57708046cf969,False,True,actuator_answer,0.05,-0.3343195617198944,-4.1007537841796875,True,False
1072,syn_00643:0:0:2,syn_val,synthetic,b4da95ae8a4f170808959548baff6c50a1545c1dd129798bb1c57708046cf969,False,True,actuator_answer,0.1,-0.3620815575122833,-4.099813461303711,True,False
1072,syn_00643:0:0:2,syn_val,synthetic,b4da95ae8a4f170808959548baff6c50a1545c1dd129798bb1c57708046cf969,False,True,actuator_answer,0.2,-0.531238317489624,-4.100321292877197,True,False
1072,syn_00643:0:0:2,syn_val,synthetic,b4da95ae8a4f170808959548baff6c50a1545c1dd129798bb1c57708046cf969,False,True,actuator_answer,0.4,-3.4021334648132324,-6.657413482666016,False,False
1132,syn_00679:0:0:0,syn_val,synthetic,7fbe612c96d0220149bbc8575e7f489fef06d895bce01b90ff3b90407bb7ade3,False,True,baseline,0.0,-0.2461830973625183,-6.402622222900391,True,False
1132,syn_00679:0:0:0,syn_val,synthetic,7fbe612c96d0220149bbc8575e7f489fef06d895bce01b90ff3b90407bb7ade3,False,True,semantic,0.02,-0.24619829654693604,-6.430599212646484,True,False
1132,syn_00679:0:0:0,syn_val,synthetic,7fbe612c96d0220149bbc8575e7f489fef06d895bce01b90ff3b90407bb7ade3,False,True,semantic,0.05,-0.24622900784015656,-6.414907455444336,True,False
1132,syn_00679:0:0:0,syn_val,synthetic,7fbe612c96d0220149bbc8575e7f489fef06d895bce01b90ff3b90407bb7ade3,False,True,semantic,0.1,-0.24861201643943787,-6.4299163818359375,True,False
1132,syn_00679:0:0:0,syn_val,synthetic,7fbe612c96d0220149bbc8575e7f489fef06d895bce01b90ff3b90407bb7ade3,False,True,semantic,0.2,-0.2532958388328552,-6.445699691772461,True,False
1132,syn_00679:0:0:0,syn_val,synthetic,7fbe612c96d0220149bbc8575e7f489fef06d895bce01b90ff3b90407bb7ade3,False,True,semantic,0.4,-0.2610429525375366,-6.45914363861084,True,False
1132,syn_00679:0:0:0,syn_val,synthetic,7fbe612c96d0220149bbc8575e7f489fef06d895bce01b90ff3b90407bb7ade3,False,True,reverse,0.02,-0.24581652879714966,-6.402210235595703,True,False
1132,syn_00679:0:0:0,syn_val,synthetic,7fbe612c96d0220149bbc8575e7f489fef06d895bce01b90ff3b90407bb7ade3,False,True,reverse,0.05,-0.24307870864868164,-6.415159225463867,True,False
1132,syn_00679:0:0:0,syn_val,synthetic,7fbe612c96d0220149bbc8575e7f489fef06d895bce01b90ff3b90407bb7ade3,False,True,reverse,0.1,-0.24289079010486603,-6.4004669189453125,True,False
1132,syn_00679:0:0:0,syn_val,synthetic,7fbe612c96d0220149bbc8575e7f489fef06d895bce01b90ff3b90407bb7ade3,False,True,reverse,0.2,-0.2442713975906372,-6.388879776000977,True,False
1132,syn_00679:0:0:0,syn_val,synthetic,7fbe612c96d0220149bbc8575e7f489fef06d895bce01b90ff3b90407bb7ade3,False,True,reverse,0.4,-0.2576894164085388,-6.3573737144470215,True,False
1132,syn_00679:0:0:0,syn_val,synthetic,7fbe612c96d0220149bbc8575e7f489fef06d895bce01b90ff3b90407bb7ade3,False,True,random,0.02,-0.24473713338375092,-6.415650367736816,True,False
1132,syn_00679:0:0:0,syn_val,synthetic,7fbe612c96d0220149bbc8575e7f489fef06d895bce01b90ff3b90407bb7ade3,False,True,random,0.05,-0.2457924783229828,-6.415320873260498,True,False
1132,syn_00679:0:0:0,syn_val,synthetic,7fbe612c96d0220149bbc8575e7f489fef06d895bce01b90ff3b90407bb7ade3,False,True,random,0.1,-0.24735383689403534,-6.387562274932861,True,False
1132,syn_00679:0:0:0,syn_val,synthetic,7fbe612c96d0220149bbc8575e7f489fef06d895bce01b90ff3b90407bb7ade3,False,True,random,0.2,-0.24988576769828796,-6.372663497924805,True,False
1132,syn_00679:0:0:0,syn_val,synthetic,7fbe612c96d0220149bbc8575e7f489fef06d895bce01b90ff3b90407bb7ade3,False,True,random,0.4,-0.25854742527008057,-6.376820087432861,True,False
1132,syn_00679:0:0:0,syn_val,synthetic,7fbe612c96d0220149bbc8575e7f489fef06d895bce01b90ff3b90407bb7ade3,False,True,shuffled,0.02,-0.24458977580070496,-6.416543483734131,True,False
1132,syn_00679:0:0:0,syn_val,synthetic,7fbe612c96d0220149bbc8575e7f489fef06d895bce01b90ff3b90407bb7ade3,False,True,shuffled,0.05,-0.246275395154953,-6.417418479919434,True,False
1132,syn_00679:0:0:0,syn_val,synthetic,7fbe612c96d0220149bbc8575e7f489fef06d895bce01b90ff3b90407bb7ade3,False,True,shuffled,0.1,-0.24865539371967316,-6.406472206115723,True,False
1132,syn_00679:0:0:0,syn_val,synthetic,7fbe612c96d0220149bbc8575e7f489fef06d895bce01b90ff3b90407bb7ade3,False,True,shuffled,0.2,-0.25330808758735657,-6.411909103393555,True,False
1132,syn_00679:0:0:0,syn_val,synthetic,7fbe612c96d0220149bbc8575e7f489fef06d895bce01b90ff3b90407bb7ade3,False,True,shuffled,0.4,-0.26164060831069946,-6.4216227531433105,True,False
1132,syn_00679:0:0:0,syn_val,synthetic,7fbe612c96d0220149bbc8575e7f489fef06d895bce01b90ff3b90407bb7ade3,False,True,wrong_site,0.02,-0.24427570402622223,-6.416556358337402,True,False
1132,syn_00679:0:0:0,syn_val,synthetic,7fbe612c96d0220149bbc8575e7f489fef06d895bce01b90ff3b90407bb7ade3,False,True,wrong_site,0.05,-0.24401548504829407,-6.415040969848633,True,False
1132,syn_00679:0:0:0,syn_val,synthetic,7fbe612c96d0220149bbc8575e7f489fef06d895bce01b90ff3b90407bb7ade3,False,True,wrong_site,0.1,-0.2445155531167984,-6.416598320007324,True,False
1132,syn_00679:0:0:0,syn_val,synthetic,7fbe612c96d0220149bbc8575e7f489fef06d895bce01b90ff3b90407bb7ade3,False,True,wrong_site,0.2,-0.2414720058441162,-6.398658752441406,True,False
1132,syn_00679:0:0:0,syn_val,synthetic,7fbe612c96d0220149bbc8575e7f489fef06d895bce01b90ff3b90407bb7ade3,False,True,wrong_site,0.4,-0.24397270381450653,-6.399961471557617,True,False
1132,syn_00679:0:0:0,syn_val,synthetic,7fbe612c96d0220149bbc8575e7f489fef06d895bce01b90ff3b90407bb7ade3,False,True,answer_site,0.02,-0.24773341417312622,-6.4046173095703125,True,False
1132,syn_00679:0:0:0,syn_val,synthetic,7fbe612c96d0220149bbc8575e7f489fef06d895bce01b90ff3b90407bb7ade3,False,True,answer_site,0.05,-0.2529391348361969,-6.394618988037109,True,False
1132,syn_00679:0:0:0,syn_val,synthetic,7fbe612c96d0220149bbc8575e7f489fef06d895bce01b90ff3b90407bb7ade3,False,True,answer_site,0.1,-0.26210957765579224,-6.360384941101074,True,False
1132,syn_00679:0:0:0,syn_val,synthetic,7fbe612c96d0220149bbc8575e7f489fef06d895bce01b90ff3b90407bb7ade3,False,True,answer_site,0.2,-0.30073311924934387,-6.310644149780273,True,False
1132,syn_00679:0:0:0,syn_val,synthetic,7fbe612c96d0220149bbc8575e7f489fef06d895bce01b90ff3b90407bb7ade3,False,True,answer_site,0.4,-1.396645426750183,-7.200689315795898,False,False
1132,syn_00679:0:0:0,syn_val,synthetic,7fbe612c96d0220149bbc8575e7f489fef06d895bce01b90ff3b90407bb7ade3,False,True,actuator_cond,0.02,-0.24643579125404358,-6.4021453857421875,True,False
1132,syn_00679:0:0:0,syn_val,synthetic,7fbe612c96d0220149bbc8575e7f489fef06d895bce01b90ff3b90407bb7ade3,False,True,actuator_cond,0.05,-0.24489142000675201,-6.417247295379639,True,False
1132,syn_00679:0:0:0,syn_val,synthetic,7fbe612c96d0220149bbc8575e7f489fef06d895bce01b90ff3b90407bb7ade3,False,True,actuator_cond,0.1,-0.24984045326709747,-6.42131233215332,True,False
1132,syn_00679:0:0:0,syn_val,synthetic,7fbe612c96d0220149bbc8575e7f489fef06d895bce01b90ff3b90407bb7ade3,False,True,actuator_cond,0.2,-0.25853192806243896,-6.429144859313965,True,False
1132,syn_00679:0:0:0,syn_val,synthetic,7fbe612c96d0220149bbc8575e7f489fef06d895bce01b90ff3b90407bb7ade3,False,True,actuator_cond,0.4,-0.2853091359138489,-6.366262435913086,True,False
1132,syn_00679:0:0:0,syn_val,synthetic,7fbe612c96d0220149bbc8575e7f489fef06d895bce01b90ff3b90407bb7ade3,False,True,actuator_answer,0.02,-0.24465256929397583,-6.417390823364258,True,False
1132,syn_00679:0:0:0,syn_val,synthetic,7fbe612c96d0220149bbc8575e7f489fef06d895bce01b90ff3b90407bb7ade3,False,True,actuator_answer,0.05,-0.24811194837093353,-6.437070846557617,True,False
1132,syn_00679:0:0:0,syn_val,synthetic,7fbe612c96d0220149bbc8575e7f489fef06d895bce01b90ff3b90407bb7ade3,False,True,actuator_answer,0.1,-0.2745206654071808,-6.418952941894531,True,False
1132,syn_00679:0:0:0,syn_val,synthetic,7fbe612c96d0220149bbc8575e7f489fef06d895bce01b90ff3b90407bb7ade3,False,True,actuator_answer,0.2,-0.43634724617004395,-6.37548828125,True,False
1132,syn_00679:0:0:0,syn_val,synthetic,7fbe612c96d0220149bbc8575e7f489fef06d895bce01b90ff3b90407bb7ade3,False,True,actuator_answer,0.4,-2.9243533611297607,-8.436121940612793,False,False
1188,syn_00709:0:0:1,syn_val,synthetic,354e224f867a693498169d2e502ea816bf8b6c0f14173bdfe5678d56093e5588,False,True,baseline,0.0,-0.7706131935119629,-1.4513429403305054,True,False
1188,syn_00709:0:0:1,syn_val,synthetic,354e224f867a693498169d2e502ea816bf8b6c0f14173bdfe5678d56093e5588,False,True,semantic,0.02,-0.7711594104766846,-1.452913522720337,True,False
1188,syn_00709:0:0:1,syn_val,synthetic,354e224f867a693498169d2e502ea816bf8b6c0f14173bdfe5678d56093e5588,False,True,semantic,0.05,-0.7734415531158447,-1.4540845155715942,True,False
1188,syn_00709:0:0:1,syn_val,synthetic,354e224f867a693498169d2e502ea816bf8b6c0f14173bdfe5678d56093e5588,False,True,semantic,0.1,-0.7728135585784912,-1.4700275659561157,True,False
1188,syn_00709:0:0:1,syn_val,synthetic,354e224f867a693498169d2e502ea816bf8b6c0f14173bdfe5678d56093e5588,False,True,semantic,0.2,-0.7834044694900513,-1.4639383554458618,True,False
1188,syn_00709:0:0:1,syn_val,synthetic,354e224f867a693498169d2e502ea816bf8b6c0f14173bdfe5678d56093e5588,False,True,semantic,0.4,-0.8194845914840698,-1.4518662691116333,True,False
1188,syn_00709:0:0:1,syn_val,synthetic,354e224f867a693498169d2e502ea816bf8b6c0f14173bdfe5678d56093e5588,False,True,reverse,0.02,-0.7620428800582886,-1.4594361782073975,True,False
1188,syn_00709:0:0:1,syn_val,synthetic,354e224f867a693498169d2e502ea816bf8b6c0f14173bdfe5678d56093e5588,False,True,reverse,0.05,-0.7664127945899963,-1.448162317276001,True,False
1188,syn_00709:0:0:1,syn_val,synthetic,354e224f867a693498169d2e502ea816bf8b6c0f14173bdfe5678d56093e5588,False,True,reverse,0.1,-0.7672310471534729,-1.437970757484436,True,False
1188,syn_00709:0:0:1,syn_val,synthetic,354e224f867a693498169d2e502ea816bf8b6c0f14173bdfe5678d56093e5588,False,True,reverse,0.2,-0.7817631959915161,-1.441278338432312,True,False
1188,syn_00709:0:0:1,syn_val,synthetic,354e224f867a693498169d2e502ea816bf8b6c0f14173bdfe5678d56093e5588,False,True,reverse,0.4,-0.7911518812179565,-1.4555267095565796,True,False
1188,syn_00709:0:0:1,syn_val,synthetic,354e224f867a693498169d2e502ea816bf8b6c0f14173bdfe5678d56093e5588,False,True,random,0.02,-0.7698336839675903,-1.4505597352981567,True,False
1188,syn_00709:0:0:1,syn_val,synthetic,354e224f867a693498169d2e502ea816bf8b6c0f14173bdfe5678d56093e5588,False,True,random,0.05,-0.7714058756828308,-1.452147126197815,True,False
1188,syn_00709:0:0:1,syn_val,synthetic,354e224f867a693498169d2e502ea816bf8b6c0f14173bdfe5678d56093e5588,False,True,random,0.1,-0.7769626379013062,-1.442152738571167,True,False
1188,syn_00709:0:0:1,syn_val,synthetic,354e224f867a693498169d2e502ea816bf8b6c0f14173bdfe5678d56093e5588,False,True,random,0.2,-0.778929591178894,-1.4430853128433228,True,False
1188,syn_00709:0:0:1,syn_val,synthetic,354e224f867a693498169d2e502ea816bf8b6c0f14173bdfe5678d56093e5588,False,True,random,0.4,-0.7844748497009277,-1.432848572731018,True,False
1188,syn_00709:0:0:1,syn_val,synthetic,354e224f867a693498169d2e502ea816bf8b6c0f14173bdfe5678d56093e5588,False,True,shuffled,0.02,-0.7707385420799255,-1.4524815082550049,True,False
1188,syn_00709:0:0:1,syn_val,synthetic,354e224f867a693498169d2e502ea816bf8b6c0f14173bdfe5678d56093e5588,False,True,shuffled,0.05,-0.7772436141967773,-1.4423824548721313,True,False
1188,syn_00709:0:0:1,syn_val,synthetic,354e224f867a693498169d2e502ea816bf8b6c0f14173bdfe5678d56093e5588,False,True,shuffled,0.1,-0.7766713500022888,-1.4409104585647583,True,False
1188,syn_00709:0:0:1,syn_val,synthetic,354e224f867a693498169d2e502ea816bf8b6c0f14173bdfe5678d56093e5588,False,True,shuffled,0.2,-0.780116617679596,-1.4414564371109009,True,False
1188,syn_00709:0:0:1,syn_val,synthetic,354e224f867a693498169d2e502ea816bf8b6c0f14173bdfe5678d56093e5588,False,True,shuffled,0.4,-0.7763512134552002,-1.4480807781219482,True,False
1188,syn_00709:0:0:1,syn_val,synthetic,354e224f867a693498169d2e502ea816bf8b6c0f14173bdfe5678d56093e5588,False,True,wrong_site,0.02,-0.7712754011154175,-1.4529564380645752,True,False
1188,syn_00709:0:0:1,syn_val,synthetic,354e224f867a693498169d2e502ea816bf8b6c0f14173bdfe5678d56093e5588,False,True,wrong_site,0.05,-0.7717593908309937,-1.4524953365325928,True,False
1188,syn_00709:0:0:1,syn_val,synthetic,354e224f867a693498169d2e502ea816bf8b6c0f14173bdfe5678d56093e5588,False,True,wrong_site,0.1,-0.7648184895515442,-1.462131381034851,True,False
1188,syn_00709:0:0:1,syn_val,synthetic,354e224f867a693498169d2e502ea816bf8b6c0f14173bdfe5678d56093e5588,False,True,wrong_site,0.2,-0.7603855729103088,-1.473354458808899,True,False
1188,syn_00709:0:0:1,syn_val,synthetic,354e224f867a693498169d2e502ea816bf8b6c0f14173bdfe5678d56093e5588,False,True,wrong_site,0.4,-0.7652077078819275,-1.4782663583755493,True,False
1188,syn_00709:0:0:1,syn_val,synthetic,354e224f867a693498169d2e502ea816bf8b6c0f14173bdfe5678d56093e5588,False,True,answer_site,0.02,-0.7754281759262085,-1.4524611234664917,True,False
1188,syn_00709:0:0:1,syn_val,synthetic,354e224f867a693498169d2e502ea816bf8b6c0f14173bdfe5678d56093e5588,False,True,answer_site,0.05,-0.7851354479789734,-1.4561127424240112,True,False
1188,syn_00709:0:0:1,syn_val,synthetic,354e224f867a693498169d2e502ea816bf8b6c0f14173bdfe5678d56093e5588,False,True,answer_site,0.1,-0.8097894787788391,-1.4520412683486938,True,False
1188,syn_00709:0:0:1,syn_val,synthetic,354e224f867a693498169d2e502ea816bf8b6c0f14173bdfe5678d56093e5588,False,True,answer_site,0.2,-0.8510208129882812,-1.4939734935760498,True,False
1188,syn_00709:0:0:1,syn_val,synthetic,354e224f867a693498169d2e502ea816bf8b6c0f14173bdfe5678d56093e5588,False,True,answer_site,0.4,-0.8848706483840942,-1.572519302368164,True,False
1188,syn_00709:0:0:1,syn_val,synthetic,354e224f867a693498169d2e502ea816bf8b6c0f14173bdfe5678d56093e5588,False,True,actuator_cond,0.02,-0.771684467792511,-1.4524106979370117,True,False
1188,syn_00709:0:0:1,syn_val,synthetic,354e224f867a693498169d2e502ea816bf8b6c0f14173bdfe5678d56093e5588,False,True,actuator_cond,0.05,-0.7651306390762329,-1.4624214172363281,True,False
1188,syn_00709:0:0:1,syn_val,synthetic,354e224f867a693498169d2e502ea816bf8b6c0f14173bdfe5678d56093e5588,False,True,actuator_cond,0.1,-0.7683166265487671,-1.4645073413848877,True,False
1188,syn_00709:0:0:1,syn_val,synthetic,354e224f867a693498169d2e502ea816bf8b6c0f14173bdfe5678d56093e5588,False,True,actuator_cond,0.2,-0.7834364771842957,-1.463509440422058,True,False
1188,syn_00709:0:0:1,syn_val,synthetic,354e224f867a693498169d2e502ea816bf8b6c0f14173bdfe5678d56093e5588,False,True,actuator_cond,0.4,-0.7818012237548828,-1.4924569129943848,True,False
1188,syn_00709:0:0:1,syn_val,synthetic,354e224f867a693498169d2e502ea816bf8b6c0f14173bdfe5678d56093e5588,False,True,actuator_answer,0.02,-0.7766645550727844,-1.442653775215149,True,False
1188,syn_00709:0:0:1,syn_val,synthetic,354e224f867a693498169d2e502ea816bf8b6c0f14173bdfe5678d56093e5588,False,True,actuator_answer,0.05,-0.7904478907585144,-1.4396435022354126,True,False
1188,syn_00709:0:0:1,syn_val,synthetic,354e224f867a693498169d2e502ea816bf8b6c0f14173bdfe5678d56093e5588,False,True,actuator_answer,0.1,-0.8198431134223938,-1.434660792350769,True,False
1188,syn_00709:0:0:1,syn_val,synthetic,354e224f867a693498169d2e502ea816bf8b6c0f14173bdfe5678d56093e5588,False,True,actuator_answer,0.2,-0.8786210417747498,-1.4995718002319336,True,False
1188,syn_00709:0:0:1,syn_val,synthetic,354e224f867a693498169d2e502ea816bf8b6c0f14173bdfe5678d56093e5588,False,True,actuator_answer,0.4,-6.007032871246338,-6.8075947761535645,False,False
1208,syn_00718:0:0:0,syn_val,synthetic,e7673670d2ba0c09d84f0557f0d84eb7c30fcc233a229742b63cd4eab6a37e30,False,True,baseline,0.0,-1.1438597440719604,-3.940734624862671,True,False
1208,syn_00718:0:0:0,syn_val,synthetic,e7673670d2ba0c09d84f0557f0d84eb7c30fcc233a229742b63cd4eab6a37e30,False,True,semantic,0.02,-1.1310768127441406,-3.9592018127441406,True,False
1208,syn_00718:0:0:0,syn_val,synthetic,e7673670d2ba0c09d84f0557f0d84eb7c30fcc233a229742b63cd4eab6a37e30,False,True,semantic,0.05,-1.099843144416809,-3.9748430252075195,True,False
1208,syn_00718:0:0:0,syn_val,synthetic,e7673670d2ba0c09d84f0557f0d84eb7c30fcc233a229742b63cd4eab6a37e30,False,True,semantic,0.1,-1.0504324436187744,-4.034807205200195,True,False
1208,syn_00718:0:0:0,syn_val,synthetic,e7673670d2ba0c09d84f0557f0d84eb7c30fcc233a229742b63cd4eab6a37e30,False,True,semantic,0.2,-0.9947512745857239,-4.0416259765625,True,False
1208,syn_00718:0:0:0,syn_val,synthetic,e7673670d2ba0c09d84f0557f0d84eb7c30fcc233a229742b63cd4eab6a37e30,False,True,semantic,0.4,-1.0179815292358398,-3.93985652923584,True,False
1208,syn_00718:0:0:0,syn_val,synthetic,e7673670d2ba0c09d84f0557f0d84eb7c30fcc233a229742b63cd4eab6a37e30,False,True,reverse,0.02,-1.1618914604187012,-3.927516460418701,True,False
1208,syn_00718:0:0:0,syn_val,synthetic,e7673670d2ba0c09d84f0557f0d84eb7c30fcc233a229742b63cd4eab6a37e30,False,True,reverse,0.05,-1.1807388067245483,-3.899488925933838,True,False
1208,syn_00718:0:0:0,syn_val,synthetic,e7673670d2ba0c09d84f0557f0d84eb7c30fcc233a229742b63cd4eab6a37e30,False,True,reverse,0.1,-1.1983850002288818,-3.8702597618103027,True,False
1208,syn_00718:0:0:0,syn_val,synthetic,e7673670d2ba0c09d84f0557f0d84eb7c30fcc233a229742b63cd4eab6a37e30,False,True,reverse,0.2,-1.160919427871704,-3.910919427871704,True,False
1208,syn_00718:0:0:0,syn_val,synthetic,e7673670d2ba0c09d84f0557f0d84eb7c30fcc233a229742b63cd4eab6a37e30,False,True,reverse,0.4,-1.1367604732513428,-4.136760711669922,True,False
1208,syn_00718:0:0:0,syn_val,synthetic,e7673670d2ba0c09d84f0557f0d84eb7c30fcc233a229742b63cd4eab6a37e30,False,True,random,0.02,-1.1525359153747559,-3.949410915374756,True,False
1208,syn_00718:0:0:0,syn_val,synthetic,e7673670d2ba0c09d84f0557f0d84eb7c30fcc233a229742b63cd4eab6a37e30,False,True,random,0.05,-1.153473138809204,-3.950348138809204,True,False
1208,syn_00718:0:0:0,syn_val,synthetic,e7673670d2ba0c09d84f0557f0d84eb7c30fcc233a229742b63cd4eab6a37e30,False,True,random,0.1,-1.1556031703948975,-3.9524784088134766,True,False
1208,syn_00718:0:0:0,syn_val,synthetic,e7673670d2ba0c09d84f0557f0d84eb7c30fcc233a229742b63cd4eab6a37e30,False,True,random,0.2,-1.1472485065460205,-3.9753735065460205,True,False
1208,syn_00718:0:0:0,syn_val,synthetic,e7673670d2ba0c09d84f0557f0d84eb7c30fcc233a229742b63cd4eab6a37e30,False,True,random,0.4,-1.10893714427948,-4.0308122634887695,True,False
1208,syn_00718:0:0:0,syn_val,synthetic,e7673670d2ba0c09d84f0557f0d84eb7c30fcc233a229742b63cd4eab6a37e30,False,True,shuffled,0.02,-1.1578190326690674,-3.9546940326690674,True,False
1208,syn_00718:0:0:0,syn_val,synthetic,e7673670d2ba0c09d84f0557f0d84eb7c30fcc233a229742b63cd4eab6a37e30,False,True,shuffled,0.05,-1.1604046821594238,-4.004154682159424,True,False
1208,syn_00718:0:0:0,syn_val,synthetic,e7673670d2ba0c09d84f0557f0d84eb7c30fcc233a229742b63cd4eab6a37e30,False,True,shuffled,0.1,-1.1634604930877686,-4.085335731506348,True,False
1208,syn_00718:0:0:0,syn_val,synthetic,e7673670d2ba0c09d84f0557f0d84eb7c30fcc233a229742b63cd4eab6a37e30,False,True,shuffled,0.2,-1.1311697959899902,-4.22491979598999,True,False
1208,syn_00718:0:0:0,syn_val,synthetic,e7673670d2ba0c09d84f0557f0d84eb7c30fcc233a229742b63cd4eab6a37e30,False,True,shuffled,0.4,-1.110756754875183,-4.438881874084473,True,False
1208,syn_00718:0:0:0,syn_val,synthetic,e7673670d2ba0c09d84f0557f0d84eb7c30fcc233a229742b63cd4eab6a37e30,False,True,wrong_site,0.02,-1.1409814357757568,-3.9534811973571777,True,False
1208,syn_00718:0:0:0,syn_val,synthetic,e7673670d2ba0c09d84f0557f0d84eb7c30fcc233a229742b63cd4eab6a37e30,False,True,wrong_site,0.05,-1.145162582397461,-3.926412582397461,True,False
1208,syn_00718:0:0:0,syn_val,synthetic,e7673670d2ba0c09d84f0557f0d84eb7c30fcc233a229742b63cd4eab6a37e30,False,True,wrong_site,0.1,-1.1411187648773193,-3.9379937648773193,True,False
1208,syn_00718:0:0:0,syn_val,synthetic,e7673670d2ba0c09d84f0557f0d84eb7c30fcc233a229742b63cd4eab6a37e30,False,True,wrong_site,0.2,-1.1451189517974854,-3.9419939517974854,True,False
1208,syn_00718:0:0:0,syn_val,synthetic,e7673670d2ba0c09d84f0557f0d84eb7c30fcc233a229742b63cd4eab6a37e30,False,True,wrong_site,0.4,-1.1341114044189453,-3.9778614044189453,True,False
1208,syn_00718:0:0:0,syn_val,synthetic,e7673670d2ba0c09d84f0557f0d84eb7c30fcc233a229742b63cd4eab6a37e30,False,True,answer_site,0.02,-1.12394118309021,-3.92081618309021,True,False
1208,syn_00718:0:0:0,syn_val,synthetic,e7673670d2ba0c09d84f0557f0d84eb7c30fcc233a229742b63cd4eab6a37e30,False,True,answer_site,0.05,-1.0992445945739746,-3.9273695945739746,True,False
1208,syn_00718:0:0:0,syn_val,synthetic,e7673670d2ba0c09d84f0557f0d84eb7c30fcc233a229742b63cd4eab6a37e30,False,True,answer_site,0.1,-1.0497316122055054,-3.971606731414795,True,False
1208,syn_00718:0:0:0,syn_val,synthetic,e7673670d2ba0c09d84f0557f0d84eb7c30fcc233a229742b63cd4eab6a37e30,False,True,answer_site,0.2,-0.9488736391067505,-4.448873519897461,True,False
1208,syn_00718:0:0:0,syn_val,synthetic,e7673670d2ba0c09d84f0557f0d84eb7c30fcc233a229742b63cd4eab6a37e30,False,True,answer_site,0.4,-1.4359586238861084,-5.2484588623046875,True,False
1208,syn_00718:0:0:0,syn_val,synthetic,e7673670d2ba0c09d84f0557f0d84eb7c30fcc233a229742b63cd4eab6a37e30,False,True,actuator_cond,0.02,-1.1589655876159668,-3.971465587615967,True,False
1208,syn_00718:0:0:0,syn_val,synthetic,e7673670d2ba0c09d84f0557f0d84eb7c30fcc233a229742b63cd4eab6a37e30,False,True,actuator_cond,0.05,-1.17152738571167,-4.01527738571167,True,False
1208,syn_00718:0:0:0,syn_val,synthetic,e7673670d2ba0c09d84f0557f0d84eb7c30fcc233a229742b63cd4eab6a37e30,False,True,actuator_cond,0.1,-1.1930820941925049,-4.068081855773926,True,False
1208,syn_00718:0:0:0,syn_val,synthetic,e7673670d2ba0c09d84f0557f0d84eb7c30fcc233a229742b63cd4eab6a37e30,False,True,actuator_cond,0.2,-1.192769169807434,-4.1302690505981445,True,False
1208,syn_00718:0:0:0,syn_val,synthetic,e7673670d2ba0c09d84f0557f0d84eb7c30fcc233a229742b63cd4eab6a37e30,False,True,actuator_cond,0.4,-1.1343744993209839,-4.212499618530273,True,False
1208,syn_00718:0:0:0,syn_val,synthetic,e7673670d2ba0c09d84f0557f0d84eb7c30fcc233a229742b63cd4eab6a37e30,False,True,actuator_answer,0.02,-1.0281829833984375,-3.7469329833984375,True,False
1208,syn_00718:0:0:0,syn_val,synthetic,e7673670d2ba0c09d84f0557f0d84eb7c30fcc233a229742b63cd4eab6a37e30,False,True,actuator_answer,0.05,-1.022563099861145,-3.5069382190704346,True,False
1208,syn_00718:0:0:0,syn_val,synthetic,e7673670d2ba0c09d84f0557f0d84eb7c30fcc233a229742b63cd4eab6a37e30,False,True,actuator_answer,0.1,-1.2436652183532715,-3.2436652183532715,True,False
1208,syn_00718:0:0:0,syn_val,synthetic,e7673670d2ba0c09d84f0557f0d84eb7c30fcc233a229742b63cd4eab6a37e30,False,True,actuator_answer,0.2,-1.634667158126831,-3.259667158126831,True,False
1208,syn_00718:0:0:0,syn_val,synthetic,e7673670d2ba0c09d84f0557f0d84eb7c30fcc233a229742b63cd4eab6a37e30,False,True,actuator_answer,0.4,-4.275256156921387,-6.447131156921387,False,False
1259,syn_00749:0:0:1,syn_val,synthetic,302390611d30100d8bea5f4a54c4662cd5c163576a5a1d046d63e7d8e5043def,False,True,baseline,0.0,-1.2118862867355347,-1.2900112867355347,True,False
1259,syn_00749:0:0:1,syn_val,synthetic,302390611d30100d8bea5f4a54c4662cd5c163576a5a1d046d63e7d8e5043def,False,True,semantic,0.02,-1.208594799041748,-1.286719799041748,True,False
1259,syn_00749:0:0:1,syn_val,synthetic,302390611d30100d8bea5f4a54c4662cd5c163576a5a1d046d63e7d8e5043def,False,True,semantic,0.05,-1.220866084098816,-1.283366084098816,True,False
1259,syn_00749:0:0:1,syn_val,synthetic,302390611d30100d8bea5f4a54c4662cd5c163576a5a1d046d63e7d8e5043def,False,True,semantic,0.1,-1.231903314590454,-1.278778314590454,True,False
1259,syn_00749:0:0:1,syn_val,synthetic,302390611d30100d8bea5f4a54c4662cd5c163576a5a1d046d63e7d8e5043def,False,True,semantic,0.2,-1.2893738746643066,-1.2581238746643066,False,True
1259,syn_00749:0:0:1,syn_val,synthetic,302390611d30100d8bea5f4a54c4662cd5c163576a5a1d046d63e7d8e5043def,False,True,semantic,0.4,-1.5318461656570435,-1.2037211656570435,False,True
1259,syn_00749:0:0:1,syn_val,synthetic,302390611d30100d8bea5f4a54c4662cd5c163576a5a1d046d63e7d8e5043def,False,True,reverse,0.02,-1.2104451656341553,-1.2885701656341553,True,False
1259,syn_00749:0:0:1,syn_val,synthetic,302390611d30100d8bea5f4a54c4662cd5c163576a5a1d046d63e7d8e5043def,False,True,reverse,0.05,-1.2120875120162964,-1.2902125120162964,True,False
1259,syn_00749:0:0:1,syn_val,synthetic,302390611d30100d8bea5f4a54c4662cd5c163576a5a1d046d63e7d8e5043def,False,True,reverse,0.1,-1.2146648168563843,-1.2927898168563843,True,False
1259,syn_00749:0:0:1,syn_val,synthetic,302390611d30100d8bea5f4a54c4662cd5c163576a5a1d046d63e7d8e5043def,False,True,reverse,0.2,-1.2209575176239014,-1.3147075176239014,True,False
1259,syn_00749:0:0:1,syn_val,synthetic,302390611d30100d8bea5f4a54c4662cd5c163576a5a1d046d63e7d8e5043def,False,True,reverse,0.4,-1.2449381351470947,-1.3230631351470947,False,False
1259,syn_00749:0:0:1,syn_val,synthetic,302390611d30100d8bea5f4a54c4662cd5c163576a5a1d046d63e7d8e5043def,False,True,random,0.02,-1.2080538272857666,-1.2861788272857666,True,False
1259,syn_00749:0:0:1,syn_val,synthetic,302390611d30100d8bea5f4a54c4662cd5c163576a5a1d046d63e7d8e5043def,False,True,random,0.05,-1.2094409465789795,-1.2875659465789795,True,False
1259,syn_00749:0:0:1,syn_val,synthetic,302390611d30100d8bea5f4a54c4662cd5c163576a5a1d046d63e7d8e5043def,False,True,random,0.1,-1.2101597785949707,-1.2882847785949707,True,False
1259,syn_00749:0:0:1,syn_val,synthetic,302390611d30100d8bea5f4a54c4662cd5c163576a5a1d046d63e7d8e5043def,False,True,random,0.2,-1.193723201751709,-1.303098201751709,True,False
1259,syn_00749:0:0:1,syn_val,synthetic,302390611d30100d8bea5f4a54c4662cd5c163576a5a1d046d63e7d8e5043def,False,True,random,0.4,-1.1697040796279907,-1.3572040796279907,True,False
1259,syn_00749:0:0:1,syn_val,synthetic,302390611d30100d8bea5f4a54c4662cd5c163576a5a1d046d63e7d8e5043def,False,True,shuffled,0.02,-1.2289522886276245,-1.2758272886276245,True,False
1259,syn_00749:0:0:1,syn_val,synthetic,302390611d30100d8bea5f4a54c4662cd5c163576a5a1d046d63e7d8e5043def,False,True,shuffled,0.05,-1.2691316604614258,-1.2535066604614258,False,True
1259,syn_00749:0:0:1,syn_val,synthetic,302390611d30100d8bea5f4a54c4662cd5c163576a5a1d046d63e7d8e5043def,False,True,shuffled,0.1,-1.3012367486953735,-1.2387367486953735,False,True
1259,syn_00749:0:0:1,syn_val,synthetic,302390611d30100d8bea5f4a54c4662cd5c163576a5a1d046d63e7d8e5043def,False,True,shuffled,0.2,-1.3375803232192993,-1.2594553232192993,False,False
1259,syn_00749:0:0:1,syn_val,synthetic,302390611d30100d8bea5f4a54c4662cd5c163576a5a1d046d63e7d8e5043def,False,True,shuffled,0.4,-1.2960160970687866,-1.3741410970687866,False,False
1259,syn_00749:0:0:1,syn_val,synthetic,302390611d30100d8bea5f4a54c4662cd5c163576a5a1d046d63e7d8e5043def,False,True,wrong_site,0.02,-1.2080541849136353,-1.2861791849136353,True,False
1259,syn_00749:0:0:1,syn_val,synthetic,302390611d30100d8bea5f4a54c4662cd5c163576a5a1d046d63e7d8e5043def,False,True,wrong_site,0.05,-1.213374376296997,-1.291499376296997,True,False
1259,syn_00749:0:0:1,syn_val,synthetic,302390611d30100d8bea5f4a54c4662cd5c163576a5a1d046d63e7d8e5043def,False,True,wrong_site,0.1,-1.2133761644363403,-1.2915011644363403,True,False
1259,syn_00749:0:0:1,syn_val,synthetic,302390611d30100d8bea5f4a54c4662cd5c163576a5a1d046d63e7d8e5043def,False,True,wrong_site,0.2,-1.208108901977539,-1.286233901977539,True,False
1259,syn_00749:0:0:1,syn_val,synthetic,302390611d30100d8bea5f4a54c4662cd5c163576a5a1d046d63e7d8e5043def,False,True,wrong_site,0.4,-1.2050153017044067,-1.2831403017044067,True,False
1259,syn_00749:0:0:1,syn_val,synthetic,302390611d30100d8bea5f4a54c4662cd5c163576a5a1d046d63e7d8e5043def,False,True,answer_site,0.02,-1.237329363822937,-1.284204363822937,True,False
1259,syn_00749:0:0:1,syn_val,synthetic,302390611d30100d8bea5f4a54c4662cd5c163576a5a1d046d63e7d8e5043def,False,True,answer_site,0.05,-1.3152787685394287,-1.2840287685394287,False,True
1259,syn_00749:0:0:1,syn_val,synthetic,302390611d30100d8bea5f4a54c4662cd5c163576a5a1d046d63e7d8e5043def,False,True,answer_site,0.1,-1.5621761083602905,-1.2653011083602905,False,True
1259,syn_00749:0:0:1,syn_val,synthetic,302390611d30100d8bea5f4a54c4662cd5c163576a5a1d046d63e7d8e5043def,False,True,answer_site,0.2,-2.566843032836914,-1.4105931520462036,False,False
1259,syn_00749:0:0:1,syn_val,synthetic,302390611d30100d8bea5f4a54c4662cd5c163576a5a1d046d63e7d8e5043def,False,True,answer_site,0.4,-4.334935188293457,-3.194309949874878,False,False
1259,syn_00749:0:0:1,syn_val,synthetic,302390611d30100d8bea5f4a54c4662cd5c163576a5a1d046d63e7d8e5043def,False,True,actuator_cond,0.02,-1.1969832181930542,-1.2907332181930542,True,False
1259,syn_00749:0:0:1,syn_val,synthetic,302390611d30100d8bea5f4a54c4662cd5c163576a5a1d046d63e7d8e5043def,False,True,actuator_cond,0.05,-1.165736198425293,-1.321986198425293,True,False
1259,syn_00749:0:0:1,syn_val,synthetic,302390611d30100d8bea5f4a54c4662cd5c163576a5a1d046d63e7d8e5043def,False,True,actuator_cond,0.1,-1.1470766067504883,-1.3658266067504883,True,False
1259,syn_00749:0:0:1,syn_val,synthetic,302390611d30100d8bea5f4a54c4662cd5c163576a5a1d046d63e7d8e5043def,False,True,actuator_cond,0.2,-1.1451019048690796,-1.4263519048690796,True,False
1259,syn_00749:0:0:1,syn_val,synthetic,302390611d30100d8bea5f4a54c4662cd5c163576a5a1d046d63e7d8e5043def,False,True,actuator_cond,0.4,-1.0708353519439697,-1.5083353519439697,True,False
1259,syn_00749:0:0:1,syn_val,synthetic,302390611d30100d8bea5f4a54c4662cd5c163576a5a1d046d63e7d8e5043def,False,True,actuator_answer,0.02,-1.613247275352478,-1.113247275352478,False,True
1259,syn_00749:0:0:1,syn_val,synthetic,302390611d30100d8bea5f4a54c4662cd5c163576a5a1d046d63e7d8e5043def,False,True,actuator_answer,0.05,-2.367605209350586,-0.9769800901412964,False,True
1259,syn_00749:0:0:1,syn_val,synthetic,302390611d30100d8bea5f4a54c4662cd5c163576a5a1d046d63e7d8e5043def,False,True,actuator_answer,0.1,-3.7044155597686768,-0.9231656193733215,False,True
1259,syn_00749:0:0:1,syn_val,synthetic,302390611d30100d8bea5f4a54c4662cd5c163576a5a1d046d63e7d8e5043def,False,True,actuator_answer,0.2,-5.282051086425781,-0.750801146030426,False,True
1259,syn_00749:0:0:1,syn_val,synthetic,302390611d30100d8bea5f4a54c4662cd5c163576a5a1d046d63e7d8e5043def,False,True,actuator_answer,0.4,-3.937954902648926,-0.25045502185821533,False,True
1280,syn_00763:0:0:1,syn_val,synthetic,115b7bdb7d0e5702ad3fc6acc402c1c1d7b5bf52dcfbee673489b68463cf0a33,False,True,baseline,0.0,-0.6852042078971863,-5.080082893371582,True,False
1280,syn_00763:0:0:1,syn_val,synthetic,115b7bdb7d0e5702ad3fc6acc402c1c1d7b5bf52dcfbee673489b68463cf0a33,False,True,semantic,0.02,-0.6773805618286133,-5.089498043060303,True,False
1280,syn_00763:0:0:1,syn_val,synthetic,115b7bdb7d0e5702ad3fc6acc402c1c1d7b5bf52dcfbee673489b68463cf0a33,False,True,semantic,0.05,-0.6775595545768738,-5.103720188140869,True,False
1280,syn_00763:0:0:1,syn_val,synthetic,115b7bdb7d0e5702ad3fc6acc402c1c1d7b5bf52dcfbee673489b68463cf0a33,False,True,semantic,0.1,-0.6730485558509827,-5.11652946472168,True,False
1280,syn_00763:0:0:1,syn_val,synthetic,115b7bdb7d0e5702ad3fc6acc402c1c1d7b5bf52dcfbee673489b68463cf0a33,False,True,semantic,0.2,-0.6735842823982239,-5.1309661865234375,True,False
1280,syn_00763:0:0:1,syn_val,synthetic,115b7bdb7d0e5702ad3fc6acc402c1c1d7b5bf52dcfbee673489b68463cf0a33,False,True,semantic,0.4,-0.6920297741889954,-5.175912857055664,True,False
1280,syn_00763:0:0:1,syn_val,synthetic,115b7bdb7d0e5702ad3fc6acc402c1c1d7b5bf52dcfbee673489b68463cf0a33,False,True,reverse,0.02,-0.6796671152114868,-5.07615852355957,True,False
1280,syn_00763:0:0:1,syn_val,synthetic,115b7bdb7d0e5702ad3fc6acc402c1c1d7b5bf52dcfbee673489b68463cf0a33,False,True,reverse,0.05,-0.6865187883377075,-5.069158554077148,True,False
1280,syn_00763:0:0:1,syn_val,synthetic,115b7bdb7d0e5702ad3fc6acc402c1c1d7b5bf52dcfbee673489b68463cf0a33,False,True,reverse,0.1,-0.6877545118331909,-5.042516708374023,True,False
1280,syn_00763:0:0:1,syn_val,synthetic,115b7bdb7d0e5702ad3fc6acc402c1c1d7b5bf52dcfbee673489b68463cf0a33,False,True,reverse,0.2,-0.7042932510375977,-5.029708385467529,True,False
1280,syn_00763:0:0:1,syn_val,synthetic,115b7bdb7d0e5702ad3fc6acc402c1c1d7b5bf52dcfbee673489b68463cf0a33,False,True,reverse,0.4,-0.7550280094146729,-5.006277084350586,True,False
1280,syn_00763:0:0:1,syn_val,synthetic,115b7bdb7d0e5702ad3fc6acc402c1c1d7b5bf52dcfbee673489b68463cf0a33,False,True,random,0.02,-0.6786713600158691,-5.075191974639893,True,False
1280,syn_00763:0:0:1,syn_val,synthetic,115b7bdb7d0e5702ad3fc6acc402c1c1d7b5bf52dcfbee673489b68463cf0a33,False,True,random,0.05,-0.6746594905853271,-5.072961807250977,True,False
1280,syn_00763:0:0:1,syn_val,synthetic,115b7bdb7d0e5702ad3fc6acc402c1c1d7b5bf52dcfbee673489b68463cf0a33,False,True,random,0.1,-0.6670439839363098,-5.079296112060547,True,False
1280,syn_00763:0:0:1,syn_val,synthetic,115b7bdb7d0e5702ad3fc6acc402c1c1d7b5bf52dcfbee673489b68463cf0a33,False,True,random,0.2,-0.6555565595626831,-5.083479881286621,True,False
1280,syn_00763:0:0:1,syn_val,synthetic,115b7bdb7d0e5702ad3fc6acc402c1c1d7b5bf52dcfbee673489b68463cf0a33,False,True,random,0.4,-0.6381353139877319,-5.083569526672363,True,False
1280,syn_00763:0:0:1,syn_val,synthetic,115b7bdb7d0e5702ad3fc6acc402c1c1d7b5bf52dcfbee673489b68463cf0a33,False,True,shuffled,0.02,-0.6791233420372009,-5.075676918029785,True,False
1280,syn_00763:0:0:1,syn_val,synthetic,115b7bdb7d0e5702ad3fc6acc402c1c1d7b5bf52dcfbee673489b68463cf0a33,False,True,shuffled,0.05,-0.6811886429786682,-5.048092365264893,True,False
1280,syn_00763:0:0:1,syn_val,synthetic,115b7bdb7d0e5702ad3fc6acc402c1c1d7b5bf52dcfbee673489b68463cf0a33,False,True,shuffled,0.1,-0.6884768009185791,-5.025754928588867,True,False
1280,syn_00763:0:0:1,syn_val,synthetic,115b7bdb7d0e5702ad3fc6acc402c1c1d7b5bf52dcfbee673489b68463cf0a33,False,True,shuffled,0.2,-0.69206303358078,-4.9579386711120605,True,False
1280,syn_00763:0:0:1,syn_val,synthetic,115b7bdb7d0e5702ad3fc6acc402c1c1d7b5bf52dcfbee673489b68463cf0a33,False,True,shuffled,0.4,-0.6901638507843018,-4.900605201721191,True,False
1280,syn_00763:0:0:1,syn_val,synthetic,115b7bdb7d0e5702ad3fc6acc402c1c1d7b5bf52dcfbee673489b68463cf0a33,False,True,wrong_site,0.02,-0.6804150342941284,-5.061267852783203,True,False
1280,syn_00763:0:0:1,syn_val,synthetic,115b7bdb7d0e5702ad3fc6acc402c1c1d7b5bf52dcfbee673489b68463cf0a33,False,True,wrong_site,0.05,-0.6793388724327087,-5.07576847076416,True,False
1280,syn_00763:0:0:1,syn_val,synthetic,115b7bdb7d0e5702ad3fc6acc402c1c1d7b5bf52dcfbee673489b68463cf0a33,False,True,wrong_site,0.1,-0.6795486807823181,-5.060297966003418,True,False
1280,syn_00763:0:0:1,syn_val,synthetic,115b7bdb7d0e5702ad3fc6acc402c1c1d7b5bf52dcfbee673489b68463cf0a33,False,True,wrong_site,0.2,-0.6834763288497925,-5.0484843254089355,True,False
1280,syn_00763:0:0:1,syn_val,synthetic,115b7bdb7d0e5702ad3fc6acc402c1c1d7b5bf52dcfbee673489b68463cf0a33,False,True,wrong_site,0.4,-0.6787521839141846,-5.043518543243408,True,False
1280,syn_00763:0:0:1,syn_val,synthetic,115b7bdb7d0e5702ad3fc6acc402c1c1d7b5bf52dcfbee673489b68463cf0a33,False,True,answer_site,0.02,-0.7072370648384094,-5.08798885345459,True,False
1280,syn_00763:0:0:1,syn_val,synthetic,115b7bdb7d0e5702ad3fc6acc402c1c1d7b5bf52dcfbee673489b68463cf0a33,False,True,answer_site,0.05,-0.7332028150558472,-5.054694175720215,True,False
1280,syn_00763:0:0:1,syn_val,synthetic,115b7bdb7d0e5702ad3fc6acc402c1c1d7b5bf52dcfbee673489b68463cf0a33,False,True,answer_site,0.1,-0.7701585292816162,-5.0324578285217285,True,False
1280,syn_00763:0:0:1,syn_val,synthetic,115b7bdb7d0e5702ad3fc6acc402c1c1d7b5bf52dcfbee673489b68463cf0a33,False,True,answer_site,0.2,-0.839565098285675,-4.97324800491333,True,False
1280,syn_00763:0:0:1,syn_val,synthetic,115b7bdb7d0e5702ad3fc6acc402c1c1d7b5bf52dcfbee673489b68463cf0a33,False,True,answer_site,0.4,-3.650214672088623,-7.643044471740723,False,False
1280,syn_00763:0:0:1,syn_val,synthetic,115b7bdb7d0e5702ad3fc6acc402c1c1d7b5bf52dcfbee673489b68463cf0a33,False,True,actuator_cond,0.02,-0.6793181896209717,-5.089859962463379,True,False
1280,syn_00763:0:0:1,syn_val,synthetic,115b7bdb7d0e5702ad3fc6acc402c1c1d7b5bf52dcfbee673489b68463cf0a33,False,True,actuator_cond,0.05,-0.6830928921699524,-5.079683303833008,True,False
1280,syn_00763:0:0:1,syn_val,synthetic,115b7bdb7d0e5702ad3fc6acc402c1c1d7b5bf52dcfbee673489b68463cf0a33,False,True,actuator_cond,0.1,-0.6903882622718811,-5.087149620056152,True,False
1280,syn_00763:0:0:1,syn_val,synthetic,115b7bdb7d0e5702ad3fc6acc402c1c1d7b5bf52dcfbee673489b68463cf0a33,False,True,actuator_cond,0.2,-0.7139192223548889,-5.092041969299316,True,False
1280,syn_00763:0:0:1,syn_val,synthetic,115b7bdb7d0e5702ad3fc6acc402c1c1d7b5bf52dcfbee673489b68463cf0a33,False,True,actuator_cond,0.4,-0.7904171347618103,-4.988221645355225,True,False
1280,syn_00763:0:0:1,syn_val,synthetic,115b7bdb7d0e5702ad3fc6acc402c1c1d7b5bf52dcfbee673489b68463cf0a33,False,True,actuator_answer,0.02,-0.6829810738563538,-5.07952880859375,True,False
1280,syn_00763:0:0:1,syn_val,synthetic,115b7bdb7d0e5702ad3fc6acc402c1c1d7b5bf52dcfbee673489b68463cf0a33,False,True,actuator_answer,0.05,-0.6963721513748169,-5.110864639282227,True,False
1280,syn_00763:0:0:1,syn_val,synthetic,115b7bdb7d0e5702ad3fc6acc402c1c1d7b5bf52dcfbee673489b68463cf0a33,False,True,actuator_answer,0.1,-0.7299339175224304,-5.099442958831787,True,False
1280,syn_00763:0:0:1,syn_val,synthetic,115b7bdb7d0e5702ad3fc6acc402c1c1d7b5bf52dcfbee673489b68463cf0a33,False,True,actuator_answer,0.2,-0.943609893321991,-5.119001388549805,True,False
1280,syn_00763:0:0:1,syn_val,synthetic,115b7bdb7d0e5702ad3fc6acc402c1c1d7b5bf52dcfbee673489b68463cf0a33,False,True,actuator_answer,0.4,-4.053861618041992,-7.89751672744751,False,False
1362,syn_00813:0:0:0,syn_val,synthetic,4be0c6dd8232ece2b469ef049a5e43f13778c06aba1928f23c3005551490837b,False,True,baseline,0.0,-2.6014835834503174,-2.6701931953430176,True,False
1362,syn_00813:0:0:0,syn_val,synthetic,4be0c6dd8232ece2b469ef049a5e43f13778c06aba1928f23c3005551490837b,False,True,semantic,0.02,-2.58060884475708,-2.69692325592041,True,False
1362,syn_00813:0:0:0,syn_val,synthetic,4be0c6dd8232ece2b469ef049a5e43f13778c06aba1928f23c3005551490837b,False,True,semantic,0.05,-2.5130982398986816,-2.7557170391082764,True,False
1362,syn_00813:0:0:0,syn_val,synthetic,4be0c6dd8232ece2b469ef049a5e43f13778c06aba1928f23c3005551490837b,False,True,semantic,0.1,-2.4363207817077637,-2.8398518562316895,True,False
1362,syn_00813:0:0:0,syn_val,synthetic,4be0c6dd8232ece2b469ef049a5e43f13778c06aba1928f23c3005551490837b,False,True,semantic,0.2,-2.3678014278411865,-2.953418731689453,True,False
1362,syn_00813:0:0:0,syn_val,synthetic,4be0c6dd8232ece2b469ef049a5e43f13778c06aba1928f23c3005551490837b,False,True,semantic,0.4,-2.647831678390503,-3.001896381378174,False,False
1362,syn_00813:0:0:0,syn_val,synthetic,4be0c6dd8232ece2b469ef049a5e43f13778c06aba1928f23c3005551490837b,False,True,reverse,0.02,-2.6355671882629395,-2.6335434913635254,True,False
1362,syn_00813:0:0:0,syn_val,synthetic,4be0c6dd8232ece2b469ef049a5e43f13778c06aba1928f23c3005551490837b,False,True,reverse,0.05,-2.6721529960632324,-2.5876474380493164,True,False
1362,syn_00813:0:0:0,syn_val,synthetic,4be0c6dd8232ece2b469ef049a5e43f13778c06aba1928f23c3005551490837b,False,True,reverse,0.1,-2.7079615592956543,-2.5493273735046387,True,False
1362,syn_00813:0:0:0,syn_val,synthetic,4be0c6dd8232ece2b469ef049a5e43f13778c06aba1928f23c3005551490837b,False,True,reverse,0.2,-2.7696127891540527,-2.508699417114258,False,False
1362,syn_00813:0:0:0,syn_val,synthetic,4be0c6dd8232ece2b469ef049a5e43f13778c06aba1928f23c3005551490837b,False,True,reverse,0.4,-2.8960928916931152,-2.516018867492676,False,False
1362,syn_00813:0:0:0,syn_val,synthetic,4be0c6dd8232ece2b469ef049a5e43f13778c06aba1928f23c3005551490837b,False,True,random,0.02,-2.622319459915161,-2.652700901031494,True,False
1362,syn_00813:0:0:0,syn_val,synthetic,4be0c6dd8232ece2b469ef049a5e43f13778c06aba1928f23c3005551490837b,False,True,random,0.05,-2.633615016937256,-2.6660451889038086,True,False
1362,syn_00813:0:0:0,syn_val,synthetic,4be0c6dd8232ece2b469ef049a5e43f13778c06aba1928f23c3005551490837b,False,True,random,0.1,-2.6377570629119873,-2.6618566513061523,True,False
1362,syn_00813:0:0:0,syn_val,synthetic,4be0c6dd8232ece2b469ef049a5e43f13778c06aba1928f23c3005551490837b,False,True,random,0.2,-2.6792640686035156,-2.680840015411377,True,False
1362,syn_00813:0:0:0,syn_val,synthetic,4be0c6dd8232ece2b469ef049a5e43f13778c06aba1928f23c3005551490837b,False,True,random,0.4,-2.744396209716797,-2.7853105068206787,True,False
1362,syn_00813:0:0:0,syn_val,synthetic,4be0c6dd8232ece2b469ef049a5e43f13778c06aba1928f23c3005551490837b,False,True,shuffled,0.02,-2.590506076812744,-2.6700968742370605,True,False
1362,syn_00813:0:0:0,syn_val,synthetic,4be0c6dd8232ece2b469ef049a5e43f13778c06aba1928f23c3005551490837b,False,True,shuffled,0.05,-2.5821428298950195,-2.65213942527771,True,False
1362,syn_00813:0:0:0,syn_val,synthetic,4be0c6dd8232ece2b469ef049a5e43f13778c06aba1928f23c3005551490837b,False,True,shuffled,0.1,-2.554105758666992,-2.6641438007354736,True,False
1362,syn_00813:0:0:0,syn_val,synthetic,4be0c6dd8232ece2b469ef049a5e43f13778c06aba1928f23c3005551490837b,False,True,shuffled,0.2,-2.5833730697631836,-2.6710124015808105,True,False
1362,syn_00813:0:0:0,syn_val,synthetic,4be0c6dd8232ece2b469ef049a5e43f13778c06aba1928f23c3005551490837b,False,True,shuffled,0.4,-2.7113661766052246,-2.6839852333068848,False,False
1362,syn_00813:0:0:0,syn_val,synthetic,4be0c6dd8232ece2b469ef049a5e43f13778c06aba1928f23c3005551490837b,False,True,wrong_site,0.02,-2.6032018661499023,-2.667546033859253,True,False
1362,syn_00813:0:0:0,syn_val,synthetic,4be0c6dd8232ece2b469ef049a5e43f13778c06aba1928f23c3005551490837b,False,True,wrong_site,0.05,-2.610112190246582,-2.6606075763702393,True,False
1362,syn_00813:0:0:0,syn_val,synthetic,4be0c6dd8232ece2b469ef049a5e43f13778c06aba1928f23c3005551490837b,False,True,wrong_site,0.1,-2.594867706298828,-2.6722259521484375,True,False
1362,syn_00813:0:0:0,syn_val,synthetic,4be0c6dd8232ece2b469ef049a5e43f13778c06aba1928f23c3005551490837b,False,True,wrong_site,0.2,-2.6039862632751465,-2.6722400188446045,True,False
1362,syn_00813:0:0:0,syn_val,synthetic,4be0c6dd8232ece2b469ef049a5e43f13778c06aba1928f23c3005551490837b,False,True,wrong_site,0.4,-2.5805130004882812,-2.7031540870666504,True,False
1362,syn_00813:0:0:0,syn_val,synthetic,4be0c6dd8232ece2b469ef049a5e43f13778c06aba1928f23c3005551490837b,False,True,answer_site,0.02,-2.6137919425964355,-2.6180918216705322,True,False
1362,syn_00813:0:0:0,syn_val,synthetic,4be0c6dd8232ece2b469ef049a5e43f13778c06aba1928f23c3005551490837b,False,True,answer_site,0.05,-2.612515926361084,-2.57441782951355,True,False
1362,syn_00813:0:0:0,syn_val,synthetic,4be0c6dd8232ece2b469ef049a5e43f13778c06aba1928f23c3005551490837b,False,True,answer_site,0.1,-2.6146039962768555,-2.5156357288360596,True,False
1362,syn_00813:0:0:0,syn_val,synthetic,4be0c6dd8232ece2b469ef049a5e43f13778c06aba1928f23c3005551490837b,False,True,answer_site,0.2,-2.6716649532318115,-2.534672737121582,True,False
1362,syn_00813:0:0:0,syn_val,synthetic,4be0c6dd8232ece2b469ef049a5e43f13778c06aba1928f23c3005551490837b,False,True,answer_site,0.4,-2.5916030406951904,-2.9470882415771484,True,False
1362,syn_00813:0:0:0,syn_val,synthetic,4be0c6dd8232ece2b469ef049a5e43f13778c06aba1928f23c3005551490837b,False,True,actuator_cond,0.02,-2.6257801055908203,-2.669600486755371,True,False
1362,syn_00813:0:0:0,syn_val,synthetic,4be0c6dd8232ece2b469ef049a5e43f13778c06aba1928f23c3005551490837b,False,True,actuator_cond,0.05,-2.6527562141418457,-2.677288770675659,True,False
1362,syn_00813:0:0:0,syn_val,synthetic,4be0c6dd8232ece2b469ef049a5e43f13778c06aba1928f23c3005551490837b,False,True,actuator_cond,0.1,-2.697540760040283,-2.6872942447662354,True,False
1362,syn_00813:0:0:0,syn_val,synthetic,4be0c6dd8232ece2b469ef049a5e43f13778c06aba1928f23c3005551490837b,False,True,actuator_cond,0.2,-2.8612635135650635,-2.730600357055664,False,False
1362,syn_00813:0:0:0,syn_val,synthetic,4be0c6dd8232ece2b469ef049a5e43f13778c06aba1928f23c3005551490837b,False,True,actuator_cond,0.4,-3.3661131858825684,-2.903118133544922,False,False
1362,syn_00813:0:0:0,syn_val,synthetic,4be0c6dd8232ece2b469ef049a5e43f13778c06aba1928f23c3005551490837b,False,True,actuator_answer,0.02,-2.6089260578155518,-2.67958664894104,True,False
1362,syn_00813:0:0:0,syn_val,synthetic,4be0c6dd8232ece2b469ef049a5e43f13778c06aba1928f23c3005551490837b,False,True,actuator_answer,0.05,-2.610328435897827,-2.7372138500213623,True,False
1362,syn_00813:0:0:0,syn_val,synthetic,4be0c6dd8232ece2b469ef049a5e43f13778c06aba1928f23c3005551490837b,False,True,actuator_answer,0.1,-2.643430471420288,-2.835730791091919,True,False
1362,syn_00813:0:0:0,syn_val,synthetic,4be0c6dd8232ece2b469ef049a5e43f13778c06aba1928f23c3005551490837b,False,True,actuator_answer,0.2,-2.651808261871338,-3.0697364807128906,True,False
1362,syn_00813:0:0:0,syn_val,synthetic,4be0c6dd8232ece2b469ef049a5e43f13778c06aba1928f23c3005551490837b,False,True,actuator_answer,0.4,-3.03741717338562,-3.7779417037963867,True,False
1461,syn_00871:0:0:1,syn_val,synthetic,f2b9ecb7351f3803a0c592a1e9b3e1890ad9f2067ae4bb9f7f90a870c16a8491,False,True,baseline,0.0,-0.5539254546165466,-3.7247202396392822,True,False
1461,syn_00871:0:0:1,syn_val,synthetic,f2b9ecb7351f3803a0c592a1e9b3e1890ad9f2067ae4bb9f7f90a870c16a8491,False,True,semantic,0.02,-0.5472785830497742,-3.7311549186706543,True,False
1461,syn_00871:0:0:1,syn_val,synthetic,f2b9ecb7351f3803a0c592a1e9b3e1890ad9f2067ae4bb9f7f90a870c16a8491,False,True,semantic,0.05,-0.5439755320549011,-3.7266488075256348,True,False
1461,syn_00871:0:0:1,syn_val,synthetic,f2b9ecb7351f3803a0c592a1e9b3e1890ad9f2067ae4bb9f7f90a870c16a8491,False,True,semantic,0.1,-0.5398866534233093,-3.71838116645813,True,False
1461,syn_00871:0:0:1,syn_val,synthetic,f2b9ecb7351f3803a0c592a1e9b3e1890ad9f2067ae4bb9f7f90a870c16a8491,False,True,semantic,0.2,-0.527599036693573,-3.703162908554077,True,False
1461,syn_00871:0:0:1,syn_val,synthetic,f2b9ecb7351f3803a0c592a1e9b3e1890ad9f2067ae4bb9f7f90a870c16a8491,False,True,semantic,0.4,-0.5198878049850464,-3.6955554485321045,True,False
1461,syn_00871:0:0:1,syn_val,synthetic,f2b9ecb7351f3803a0c592a1e9b3e1890ad9f2067ae4bb9f7f90a870c16a8491,False,True,reverse,0.02,-0.5548157691955566,-3.727440595626831,True,False
1461,syn_00871:0:0:1,syn_val,synthetic,f2b9ecb7351f3803a0c592a1e9b3e1890ad9f2067ae4bb9f7f90a870c16a8491,False,True,reverse,0.05,-0.5607848167419434,-3.7204031944274902,True,False
1461,syn_00871:0:0:1,syn_val,synthetic,f2b9ecb7351f3803a0c592a1e9b3e1890ad9f2067ae4bb9f7f90a870c16a8491,False,True,reverse,0.1,-0.5689902901649475,-3.7151730060577393,True,False
1461,syn_00871:0:0:1,syn_val,synthetic,f2b9ecb7351f3803a0c592a1e9b3e1890ad9f2067ae4bb9f7f90a870c16a8491,False,True,reverse,0.2,-0.6061458587646484,-3.7265524864196777,True,False
1461,syn_00871:0:0:1,syn_val,synthetic,f2b9ecb7351f3803a0c592a1e9b3e1890ad9f2067ae4bb9f7f90a870c16a8491,False,True,reverse,0.4,-0.7417054176330566,-3.788344144821167,True,False
1461,syn_00871:0:0:1,syn_val,synthetic,f2b9ecb7351f3803a0c592a1e9b3e1890ad9f2067ae4bb9f7f90a870c16a8491,False,True,random,0.02,-0.5504087805747986,-3.735842227935791,True,False
1461,syn_00871:0:0:1,syn_val,synthetic,f2b9ecb7351f3803a0c592a1e9b3e1890ad9f2067ae4bb9f7f90a870c16a8491,False,True,random,0.05,-0.5554971098899841,-3.725085496902466,True,False
1461,syn_00871:0:0:1,syn_val,synthetic,f2b9ecb7351f3803a0c592a1e9b3e1890ad9f2067ae4bb9f7f90a870c16a8491,False,True,random,0.1,-0.5559850931167603,-3.7221574783325195,True,False
1461,syn_00871:0:0:1,syn_val,synthetic,f2b9ecb7351f3803a0c592a1e9b3e1890ad9f2067ae4bb9f7f90a870c16a8491,False,True,random,0.2,-0.5537233352661133,-3.7314226627349854,True,False
1461,syn_00871:0:0:1,syn_val,synthetic,f2b9ecb7351f3803a0c592a1e9b3e1890ad9f2067ae4bb9f7f90a870c16a8491,False,True,random,0.4,-0.5554987192153931,-3.740814208984375,True,False
1461,syn_00871:0:0:1,syn_val,synthetic,f2b9ecb7351f3803a0c592a1e9b3e1890ad9f2067ae4bb9f7f90a870c16a8491,False,True,shuffled,0.02,-0.5495734214782715,-3.7359936237335205,True,False
1461,syn_00871:0:0:1,syn_val,synthetic,f2b9ecb7351f3803a0c592a1e9b3e1890ad9f2067ae4bb9f7f90a870c16a8491,False,True,shuffled,0.05,-0.5507672429084778,-3.7357800006866455,True,False
1461,syn_00871:0:0:1,syn_val,synthetic,f2b9ecb7351f3803a0c592a1e9b3e1890ad9f2067ae4bb9f7f90a870c16a8491,False,True,shuffled,0.1,-0.5554163455963135,-3.69802188873291,True,False
1461,syn_00871:0:0:1,syn_val,synthetic,f2b9ecb7351f3803a0c592a1e9b3e1890ad9f2067ae4bb9f7f90a870c16a8491,False,True,shuffled,0.2,-0.558644711971283,-3.6857454776763916,True,False
1461,syn_00871:0:0:1,syn_val,synthetic,f2b9ecb7351f3803a0c592a1e9b3e1890ad9f2067ae4bb9f7f90a870c16a8491,False,True,shuffled,0.4,-0.5483496189117432,-3.6475343704223633,True,False
1461,syn_00871:0:0:1,syn_val,synthetic,f2b9ecb7351f3803a0c592a1e9b3e1890ad9f2067ae4bb9f7f90a870c16a8491,False,True,wrong_site,0.02,-0.5502688884735107,-3.73659610748291,True,False
1461,syn_00871:0:0:1,syn_val,synthetic,f2b9ecb7351f3803a0c592a1e9b3e1890ad9f2067ae4bb9f7f90a870c16a8491,False,True,wrong_site,0.05,-0.5514692068099976,-3.7214181423187256,True,False
1461,syn_00871:0:0:1,syn_val,synthetic,f2b9ecb7351f3803a0c592a1e9b3e1890ad9f2067ae4bb9f7f90a870c16a8491,False,True,wrong_site,0.1,-0.5487210750579834,-3.7211039066314697,True,False
1461,syn_00871:0:0:1,syn_val,synthetic,f2b9ecb7351f3803a0c592a1e9b3e1890ad9f2067ae4bb9f7f90a870c16a8491,False,True,wrong_site,0.2,-0.5509793162345886,-3.6930787563323975,True,False
1461,syn_00871:0:0:1,syn_val,synthetic,f2b9ecb7351f3803a0c592a1e9b3e1890ad9f2067ae4bb9f7f90a870c16a8491,False,True,wrong_site,0.4,-0.5537229776382446,-3.664140224456787,True,False
1461,syn_00871:0:0:1,syn_val,synthetic,f2b9ecb7351f3803a0c592a1e9b3e1890ad9f2067ae4bb9f7f90a870c16a8491,False,True,answer_site,0.02,-0.5434628129005432,-3.7128944396972656,True,False
1461,syn_00871:0:0:1,syn_val,synthetic,f2b9ecb7351f3803a0c592a1e9b3e1890ad9f2067ae4bb9f7f90a870c16a8491,False,True,answer_site,0.05,-0.5410599708557129,-3.65568470954895,True,False
1461,syn_00871:0:0:1,syn_val,synthetic,f2b9ecb7351f3803a0c592a1e9b3e1890ad9f2067ae4bb9f7f90a870c16a8491,False,True,answer_site,0.1,-0.5448675155639648,-3.5752639770507812,True,False
1461,syn_00871:0:0:1,syn_val,synthetic,f2b9ecb7351f3803a0c592a1e9b3e1890ad9f2067ae4bb9f7f90a870c16a8491,False,True,answer_site,0.2,-0.5813215970993042,-3.471937656402588,True,False
1461,syn_00871:0:0:1,syn_val,synthetic,f2b9ecb7351f3803a0c592a1e9b3e1890ad9f2067ae4bb9f7f90a870c16a8491,False,True,answer_site,0.4,-2.9033288955688477,-5.684369087219238,False,False
1461,syn_00871:0:0:1,syn_val,synthetic,f2b9ecb7351f3803a0c592a1e9b3e1890ad9f2067ae4bb9f7f90a870c16a8491,False,True,actuator_cond,0.02,-0.5517253875732422,-3.7377116680145264,True,False
1461,syn_00871:0:0:1,syn_val,synthetic,f2b9ecb7351f3803a0c592a1e9b3e1890ad9f2067ae4bb9f7f90a870c16a8491,False,True,actuator_cond,0.05,-0.5589516758918762,-3.732020378112793,True,False
1461,syn_00871:0:0:1,syn_val,synthetic,f2b9ecb7351f3803a0c592a1e9b3e1890ad9f2067ae4bb9f7f90a870c16a8491,False,True,actuator_cond,0.1,-0.5652872323989868,-3.7368528842926025,True,False
1461,syn_00871:0:0:1,syn_val,synthetic,f2b9ecb7351f3803a0c592a1e9b3e1890ad9f2067ae4bb9f7f90a870c16a8491,False,True,actuator_cond,0.2,-0.5945553183555603,-3.7237162590026855,True,False
1461,syn_00871:0:0:1,syn_val,synthetic,f2b9ecb7351f3803a0c592a1e9b3e1890ad9f2067ae4bb9f7f90a870c16a8491,False,True,actuator_cond,0.4,-0.6417675018310547,-3.6825647354125977,True,False
1461,syn_00871:0:0:1,syn_val,synthetic,f2b9ecb7351f3803a0c592a1e9b3e1890ad9f2067ae4bb9f7f90a870c16a8491,False,True,actuator_answer,0.02,-0.5560581684112549,-3.7275760173797607,True,False
1461,syn_00871:0:0:1,syn_val,synthetic,f2b9ecb7351f3803a0c592a1e9b3e1890ad9f2067ae4bb9f7f90a870c16a8491,False,True,actuator_answer,0.05,-0.5692761540412903,-3.7242417335510254,True,False
1461,syn_00871:0:0:1,syn_val,synthetic,f2b9ecb7351f3803a0c592a1e9b3e1890ad9f2067ae4bb9f7f90a870c16a8491,False,True,actuator_answer,0.1,-0.6042076349258423,-3.6929287910461426,True,False
1461,syn_00871:0:0:1,syn_val,synthetic,f2b9ecb7351f3803a0c592a1e9b3e1890ad9f2067ae4bb9f7f90a870c16a8491,False,True,actuator_answer,0.2,-0.8038982152938843,-3.731411933898926,True,False
1461,syn_00871:0:0:1,syn_val,synthetic,f2b9ecb7351f3803a0c592a1e9b3e1890ad9f2067ae4bb9f7f90a870c16a8491,False,True,actuator_answer,0.4,-3.627223253250122,-6.263875961303711,False,False
1462,syn_00871:0:0:2,syn_val,synthetic,f2b9ecb7351f3803a0c592a1e9b3e1890ad9f2067ae4bb9f7f90a870c16a8491,False,True,baseline,0.0,-0.42965471744537354,-4.201241493225098,True,False
1462,syn_00871:0:0:2,syn_val,synthetic,f2b9ecb7351f3803a0c592a1e9b3e1890ad9f2067ae4bb9f7f90a870c16a8491,False,True,semantic,0.02,-0.4289841651916504,-4.200157165527344,True,False
1462,syn_00871:0:0:2,syn_val,synthetic,f2b9ecb7351f3803a0c592a1e9b3e1890ad9f2067ae4bb9f7f90a870c16a8491,False,True,semantic,0.05,-0.42910757660865784,-4.226949214935303,True,False
1462,syn_00871:0:0:2,syn_val,synthetic,f2b9ecb7351f3803a0c592a1e9b3e1890ad9f2067ae4bb9f7f90a870c16a8491,False,True,semantic,0.1,-0.42979350686073303,-4.212841987609863,True,False
1462,syn_00871:0:0:2,syn_val,synthetic,f2b9ecb7351f3803a0c592a1e9b3e1890ad9f2067ae4bb9f7f90a870c16a8491,False,True,semantic,0.2,-0.4337652027606964,-4.198814868927002,True,False
1462,syn_00871:0:0:2,syn_val,synthetic,f2b9ecb7351f3803a0c592a1e9b3e1890ad9f2067ae4bb9f7f90a870c16a8491,False,True,semantic,0.4,-0.43543311953544617,-4.196505546569824,True,False
1462,syn_00871:0:0:2,syn_val,synthetic,f2b9ecb7351f3803a0c592a1e9b3e1890ad9f2067ae4bb9f7f90a870c16a8491,False,True,reverse,0.02,-0.4276622533798218,-4.215256690979004,True,False
1462,syn_00871:0:0:2,syn_val,synthetic,f2b9ecb7351f3803a0c592a1e9b3e1890ad9f2067ae4bb9f7f90a870c16a8491,False,True,reverse,0.05,-0.42796117067337036,-4.202575206756592,True,False
1462,syn_00871:0:0:2,syn_val,synthetic,f2b9ecb7351f3803a0c592a1e9b3e1890ad9f2067ae4bb9f7f90a870c16a8491,False,True,reverse,0.1,-0.4266892373561859,-4.18991756439209,True,False
1462,syn_00871:0:0:2,syn_val,synthetic,f2b9ecb7351f3803a0c592a1e9b3e1890ad9f2067ae4bb9f7f90a870c16a8491,False,True,reverse,0.2,-0.4360744059085846,-4.1694488525390625,True,False
1462,syn_00871:0:0:2,syn_val,synthetic,f2b9ecb7351f3803a0c592a1e9b3e1890ad9f2067ae4bb9f7f90a870c16a8491,False,True,reverse,0.4,-0.44887855648994446,-4.156990051269531,True,False
1462,syn_00871:0:0:2,syn_val,synthetic,f2b9ecb7351f3803a0c592a1e9b3e1890ad9f2067ae4bb9f7f90a870c16a8491,False,True,random,0.02,-0.4268878102302551,-4.214098930358887,True,False
1462,syn_00871:0:0:2,syn_val,synthetic,f2b9ecb7351f3803a0c592a1e9b3e1890ad9f2067ae4bb9f7f90a870c16a8491,False,True,random,0.05,-0.42978787422180176,-4.215343475341797,True,False
1462,syn_00871:0:0:2,syn_val,synthetic,f2b9ecb7351f3803a0c592a1e9b3e1890ad9f2067ae4bb9f7f90a870c16a8491,False,True,random,0.1,-0.42435041069984436,-4.229255676269531,True,False
1462,syn_00871:0:0:2,syn_val,synthetic,f2b9ecb7351f3803a0c592a1e9b3e1890ad9f2067ae4bb9f7f90a870c16a8491,False,True,random,0.2,-0.42613548040390015,-4.258156776428223,True,False
1462,syn_00871:0:0:2,syn_val,synthetic,f2b9ecb7351f3803a0c592a1e9b3e1890ad9f2067ae4bb9f7f90a870c16a8491,False,True,random,0.4,-0.42402026057243347,-4.261201858520508,True,False
1462,syn_00871:0:0:2,syn_val,synthetic,f2b9ecb7351f3803a0c592a1e9b3e1890ad9f2067ae4bb9f7f90a870c16a8491,False,True,shuffled,0.02,-0.42686617374420166,-4.215247631072998,True,False
1462,syn_00871:0:0:2,syn_val,synthetic,f2b9ecb7351f3803a0c592a1e9b3e1890ad9f2067ae4bb9f7f90a870c16a8491,False,True,shuffled,0.05,-0.4282335638999939,-4.20150089263916,True,False
1462,syn_00871:0:0:2,syn_val,synthetic,f2b9ecb7351f3803a0c592a1e9b3e1890ad9f2067ae4bb9f7f90a870c16a8491,False,True,shuffled,0.1,-0.4338628053665161,-4.176178932189941,True,False
1462,syn_00871:0:0:2,syn_val,synthetic,f2b9ecb7351f3803a0c592a1e9b3e1890ad9f2067ae4bb9f7f90a870c16a8491,False,True,shuffled,0.2,-0.4319325089454651,-4.164481163024902,True,False
1462,syn_00871:0:0:2,syn_val,synthetic,f2b9ecb7351f3803a0c592a1e9b3e1890ad9f2067ae4bb9f7f90a870c16a8491,False,True,shuffled,0.4,-0.4306759536266327,-4.166090965270996,True,False
1462,syn_00871:0:0:2,syn_val,synthetic,f2b9ecb7351f3803a0c592a1e9b3e1890ad9f2067ae4bb9f7f90a870c16a8491,False,True,wrong_site,0.02,-0.4312390685081482,-4.216452121734619,True,False
1462,syn_00871:0:0:2,syn_val,synthetic,f2b9ecb7351f3803a0c592a1e9b3e1890ad9f2067ae4bb9f7f90a870c16a8491,False,True,wrong_site,0.05,-0.4311027228832245,-4.202578067779541,True,False
1462,syn_00871:0:0:2,syn_val,synthetic,f2b9ecb7351f3803a0c592a1e9b3e1890ad9f2067ae4bb9f7f90a870c16a8491,False,True,wrong_site,0.1,-0.42908257246017456,-4.200531005859375,True,False
1462,syn_00871:0:0:2,syn_val,synthetic,f2b9ecb7351f3803a0c592a1e9b3e1890ad9f2067ae4bb9f7f90a870c16a8491,False,True,wrong_site,0.2,-0.4312517046928406,-4.188022613525391,True,False
1462,syn_00871:0:0:2,syn_val,synthetic,f2b9ecb7351f3803a0c592a1e9b3e1890ad9f2067ae4bb9f7f90a870c16a8491,False,True,wrong_site,0.4,-0.4327280521392822,-4.160501480102539,True,False
1462,syn_00871:0:0:2,syn_val,synthetic,f2b9ecb7351f3803a0c592a1e9b3e1890ad9f2067ae4bb9f7f90a870c16a8491,False,True,answer_site,0.02,-0.43062543869018555,-4.204129219055176,True,False
1462,syn_00871:0:0:2,syn_val,synthetic,f2b9ecb7351f3803a0c592a1e9b3e1890ad9f2067ae4bb9f7f90a870c16a8491,False,True,answer_site,0.05,-0.4402570426464081,-4.18440580368042,True,False
1462,syn_00871:0:0:2,syn_val,synthetic,f2b9ecb7351f3803a0c592a1e9b3e1890ad9f2067ae4bb9f7f90a870c16a8491,False,True,answer_site,0.1,-0.45416417717933655,-4.11529016494751,True,False
1462,syn_00871:0:0:2,syn_val,synthetic,f2b9ecb7351f3803a0c592a1e9b3e1890ad9f2067ae4bb9f7f90a870c16a8491,False,True,answer_site,0.2,-0.4860345423221588,-4.0789642333984375,True,False
1462,syn_00871:0:0:2,syn_val,synthetic,f2b9ecb7351f3803a0c592a1e9b3e1890ad9f2067ae4bb9f7f90a870c16a8491,False,True,answer_site,0.4,-2.967627763748169,-6.497074604034424,False,False
1462,syn_00871:0:0:2,syn_val,synthetic,f2b9ecb7351f3803a0c592a1e9b3e1890ad9f2067ae4bb9f7f90a870c16a8491,False,True,actuator_cond,0.02,-0.42625629901885986,-4.213593006134033,True,False
1462,syn_00871:0:0:2,syn_val,synthetic,f2b9ecb7351f3803a0c592a1e9b3e1890ad9f2067ae4bb9f7f90a870c16a8491,False,True,actuator_cond,0.05,-0.42807483673095703,-4.215731620788574,True,False
1462,syn_00871:0:0:2,syn_val,synthetic,f2b9ecb7351f3803a0c592a1e9b3e1890ad9f2067ae4bb9f7f90a870c16a8491,False,True,actuator_cond,0.1,-0.42707276344299316,-4.214338302612305,True,False
1462,syn_00871:0:0:2,syn_val,synthetic,f2b9ecb7351f3803a0c592a1e9b3e1890ad9f2067ae4bb9f7f90a870c16a8491,False,True,actuator_cond,0.2,-0.4365491569042206,-4.213631629943848,True,False
1462,syn_00871:0:0:2,syn_val,synthetic,f2b9ecb7351f3803a0c592a1e9b3e1890ad9f2067ae4bb9f7f90a870c16a8491,False,True,actuator_cond,0.4,-0.46747466921806335,-4.196666717529297,True,False
1462,syn_00871:0:0:2,syn_val,synthetic,f2b9ecb7351f3803a0c592a1e9b3e1890ad9f2067ae4bb9f7f90a870c16a8491,False,True,actuator_answer,0.02,-0.4360887408256531,-4.2094855308532715,True,False
1462,syn_00871:0:0:2,syn_val,synthetic,f2b9ecb7351f3803a0c592a1e9b3e1890ad9f2067ae4bb9f7f90a870c16a8491,False,True,actuator_answer,0.05,-0.44564497470855713,-4.2211198806762695,True,False
1462,syn_00871:0:0:2,syn_val,synthetic,f2b9ecb7351f3803a0c592a1e9b3e1890ad9f2067ae4bb9f7f90a870c16a8491,False,True,actuator_answer,0.1,-0.4877348840236664,-4.217377185821533,True,False
1462,syn_00871:0:0:2,syn_val,synthetic,f2b9ecb7351f3803a0c592a1e9b3e1890ad9f2067ae4bb9f7f90a870c16a8491,False,True,actuator_answer,0.2,-0.6682981252670288,-4.267458915710449,True,False
1462,syn_00871:0:0:2,syn_val,synthetic,f2b9ecb7351f3803a0c592a1e9b3e1890ad9f2067ae4bb9f7f90a870c16a8491,False,True,actuator_answer,0.4,-3.3536791801452637,-6.6735944747924805,False,False
1487,syn_00882:0:0:1,syn_val,synthetic,574c35333455cd75c35a076c8e90d1fe198ffe8d6aeb720c67aa829002e5f647,False,True,baseline,0.0,-0.3344314992427826,-4.247419357299805,True,False
1487,syn_00882:0:0:1,syn_val,synthetic,574c35333455cd75c35a076c8e90d1fe198ffe8d6aeb720c67aa829002e5f647,False,True,semantic,0.02,-0.3344292938709259,-4.260779857635498,True,False
1487,syn_00882:0:0:1,syn_val,synthetic,574c35333455cd75c35a076c8e90d1fe198ffe8d6aeb720c67aa829002e5f647,False,True,semantic,0.05,-0.33418652415275574,-4.259282112121582,True,False
1487,syn_00882:0:0:1,syn_val,synthetic,574c35333455cd75c35a076c8e90d1fe198ffe8d6aeb720c67aa829002e5f647,False,True,semantic,0.1,-0.3329525291919708,-4.273487091064453,True,False
1487,syn_00882:0:0:1,syn_val,synthetic,574c35333455cd75c35a076c8e90d1fe198ffe8d6aeb720c67aa829002e5f647,False,True,semantic,0.2,-0.3289732336997986,-4.2978410720825195,True,False
1487,syn_00882:0:0:1,syn_val,synthetic,574c35333455cd75c35a076c8e90d1fe198ffe8d6aeb720c67aa829002e5f647,False,True,semantic,0.4,-0.3379244804382324,-4.275042533874512,True,False
1487,syn_00882:0:0:1,syn_val,synthetic,574c35333455cd75c35a076c8e90d1fe198ffe8d6aeb720c67aa829002e5f647,False,True,reverse,0.02,-0.3402336537837982,-4.207361698150635,True,False
1487,syn_00882:0:0:1,syn_val,synthetic,574c35333455cd75c35a076c8e90d1fe198ffe8d6aeb720c67aa829002e5f647,False,True,reverse,0.05,-0.3389015793800354,-4.20943546295166,True,False
1487,syn_00882:0:0:1,syn_val,synthetic,574c35333455cd75c35a076c8e90d1fe198ffe8d6aeb720c67aa829002e5f647,False,True,reverse,0.1,-0.3449796140193939,-4.1710968017578125,True,False
1487,syn_00882:0:0:1,syn_val,synthetic,574c35333455cd75c35a076c8e90d1fe198ffe8d6aeb720c67aa829002e5f647,False,True,reverse,0.2,-0.35304081439971924,-4.13758659362793,True,False
1487,syn_00882:0:0:1,syn_val,synthetic,574c35333455cd75c35a076c8e90d1fe198ffe8d6aeb720c67aa829002e5f647,False,True,reverse,0.4,-0.37214305996894836,-4.041751861572266,True,False
1487,syn_00882:0:0:1,syn_val,synthetic,574c35333455cd75c35a076c8e90d1fe198ffe8d6aeb720c67aa829002e5f647,False,True,random,0.02,-0.33955973386764526,-4.219964027404785,True,False
1487,syn_00882:0:0:1,syn_val,synthetic,574c35333455cd75c35a076c8e90d1fe198ffe8d6aeb720c67aa829002e5f647,False,True,random,0.05,-0.3382123112678528,-4.234328269958496,True,False
1487,syn_00882:0:0:1,syn_val,synthetic,574c35333455cd75c35a076c8e90d1fe198ffe8d6aeb720c67aa829002e5f647,False,True,random,0.1,-0.34051692485809326,-4.208643913269043,True,False
1487,syn_00882:0:0:1,syn_val,synthetic,574c35333455cd75c35a076c8e90d1fe198ffe8d6aeb720c67aa829002e5f647,False,True,random,0.2,-0.34537193179130554,-4.195620536804199,True,False
1487,syn_00882:0:0:1,syn_val,synthetic,574c35333455cd75c35a076c8e90d1fe198ffe8d6aeb720c67aa829002e5f647,False,True,random,0.4,-0.35980886220932007,-4.146225452423096,True,False
1487,syn_00882:0:0:1,syn_val,synthetic,574c35333455cd75c35a076c8e90d1fe198ffe8d6aeb720c67aa829002e5f647,False,True,shuffled,0.02,-0.33737868070602417,-4.234606742858887,True,False
1487,syn_00882:0:0:1,syn_val,synthetic,574c35333455cd75c35a076c8e90d1fe198ffe8d6aeb720c67aa829002e5f647,False,True,shuffled,0.05,-0.33812934160232544,-4.221810340881348,True,False
1487,syn_00882:0:0:1,syn_val,synthetic,574c35333455cd75c35a076c8e90d1fe198ffe8d6aeb720c67aa829002e5f647,False,True,shuffled,0.1,-0.34097740054130554,-4.2089128494262695,True,False
1487,syn_00882:0:0:1,syn_val,synthetic,574c35333455cd75c35a076c8e90d1fe198ffe8d6aeb720c67aa829002e5f647,False,True,shuffled,0.2,-0.34505051374435425,-4.18361759185791,True,False
1487,syn_00882:0:0:1,syn_val,synthetic,574c35333455cd75c35a076c8e90d1fe198ffe8d6aeb720c67aa829002e5f647,False,True,shuffled,0.4,-0.3461224436759949,-4.143771648406982,True,False
1487,syn_00882:0:0:1,syn_val,synthetic,574c35333455cd75c35a076c8e90d1fe198ffe8d6aeb720c67aa829002e5f647,False,True,wrong_site,0.02,-0.3368038535118103,-4.232847213745117,True,False
1487,syn_00882:0:0:1,syn_val,synthetic,574c35333455cd75c35a076c8e90d1fe198ffe8d6aeb720c67aa829002e5f647,False,True,wrong_site,0.05,-0.3366755247116089,-4.2204389572143555,True,False
1487,syn_00882:0:0:1,syn_val,synthetic,574c35333455cd75c35a076c8e90d1fe198ffe8d6aeb720c67aa829002e5f647,False,True,wrong_site,0.1,-0.33442264795303345,-4.233915328979492,True,False
1487,syn_00882:0:0:1,syn_val,synthetic,574c35333455cd75c35a076c8e90d1fe198ffe8d6aeb720c67aa829002e5f647,False,True,wrong_site,0.2,-0.33375412225723267,-4.246503829956055,True,False
1487,syn_00882:0:0:1,syn_val,synthetic,574c35333455cd75c35a076c8e90d1fe198ffe8d6aeb720c67aa829002e5f647,False,True,wrong_site,0.4,-0.3340687155723572,-4.246461868286133,True,False
1487,syn_00882:0:0:1,syn_val,synthetic,574c35333455cd75c35a076c8e90d1fe198ffe8d6aeb720c67aa829002e5f647,False,True,answer_site,0.02,-0.341693639755249,-4.224289894104004,True,False
1487,syn_00882:0:0:1,syn_val,synthetic,574c35333455cd75c35a076c8e90d1fe198ffe8d6aeb720c67aa829002e5f647,False,True,answer_site,0.05,-0.35179784893989563,-4.179051876068115,True,False
1487,syn_00882:0:0:1,syn_val,synthetic,574c35333455cd75c35a076c8e90d1fe198ffe8d6aeb720c67aa829002e5f647,False,True,answer_site,0.1,-0.3687248229980469,-4.128220081329346,True,False
1487,syn_00882:0:0:1,syn_val,synthetic,574c35333455cd75c35a076c8e90d1fe198ffe8d6aeb720c67aa829002e5f647,False,True,answer_site,0.2,-0.4121556878089905,-4.079686164855957,True,False
1487,syn_00882:0:0:1,syn_val,synthetic,574c35333455cd75c35a076c8e90d1fe198ffe8d6aeb720c67aa829002e5f647,False,True,answer_site,0.4,-2.4684457778930664,-6.075564384460449,False,False
1487,syn_00882:0:0:1,syn_val,synthetic,574c35333455cd75c35a076c8e90d1fe198ffe8d6aeb720c67aa829002e5f647,False,True,actuator_cond,0.02,-0.3384193778038025,-4.221242904663086,True,False
1487,syn_00882:0:0:1,syn_val,synthetic,574c35333455cd75c35a076c8e90d1fe198ffe8d6aeb720c67aa829002e5f647,False,True,actuator_cond,0.05,-0.3399186432361603,-4.220606803894043,True,False
1487,syn_00882:0:0:1,syn_val,synthetic,574c35333455cd75c35a076c8e90d1fe198ffe8d6aeb720c67aa829002e5f647,False,True,actuator_cond,0.1,-0.34351131319999695,-4.22235107421875,True,False
1487,syn_00882:0:0:1,syn_val,synthetic,574c35333455cd75c35a076c8e90d1fe198ffe8d6aeb720c67aa829002e5f647,False,True,actuator_cond,0.2,-0.35348421335220337,-4.21658182144165,True,False
1487,syn_00882:0:0:1,syn_val,synthetic,574c35333455cd75c35a076c8e90d1fe198ffe8d6aeb720c67aa829002e5f647,False,True,actuator_cond,0.4,-0.3890710473060608,-4.143706321716309,True,False
1487,syn_00882:0:0:1,syn_val,synthetic,574c35333455cd75c35a076c8e90d1fe198ffe8d6aeb720c67aa829002e5f647,False,True,actuator_answer,0.02,-0.34109264612197876,-4.237443923950195,True,False
1487,syn_00882:0:0:1,syn_val,synthetic,574c35333455cd75c35a076c8e90d1fe198ffe8d6aeb720c67aa829002e5f647,False,True,actuator_answer,0.05,-0.35033345222473145,-4.219270706176758,True,False
1487,syn_00882:0:0:1,syn_val,synthetic,574c35333455cd75c35a076c8e90d1fe198ffe8d6aeb720c67aa829002e5f647,False,True,actuator_answer,0.1,-0.386556476354599,-4.196781635284424,True,False
1487,syn_00882:0:0:1,syn_val,synthetic,574c35333455cd75c35a076c8e90d1fe198ffe8d6aeb720c67aa829002e5f647,False,True,actuator_answer,0.2,-0.5507385730743408,-4.190809726715088,True,False
1487,syn_00882:0:0:1,syn_val,synthetic,574c35333455cd75c35a076c8e90d1fe198ffe8d6aeb720c67aa829002e5f647,False,True,actuator_answer,0.4,-3.038569211959839,-6.3883562088012695,False,False
1488,syn_00882:0:0:2,syn_val,synthetic,574c35333455cd75c35a076c8e90d1fe198ffe8d6aeb720c67aa829002e5f647,False,True,baseline,0.0,-0.1871497929096222,-5.8990936279296875,True,False
1488,syn_00882:0:0:2,syn_val,synthetic,574c35333455cd75c35a076c8e90d1fe198ffe8d6aeb720c67aa829002e5f647,False,True,semantic,0.02,-0.185689777135849,-5.929978370666504,True,False
1488,syn_00882:0:0:2,syn_val,synthetic,574c35333455cd75c35a076c8e90d1fe198ffe8d6aeb720c67aa829002e5f647,False,True,semantic,0.05,-0.18434041738510132,-5.958649635314941,True,False
1488,syn_00882:0:0:2,syn_val,synthetic,574c35333455cd75c35a076c8e90d1fe198ffe8d6aeb720c67aa829002e5f647,False,True,semantic,0.1,-0.18294836580753326,-6.015476226806641,True,False
1488,syn_00882:0:0:2,syn_val,synthetic,574c35333455cd75c35a076c8e90d1fe198ffe8d6aeb720c67aa829002e5f647,False,True,semantic,0.2,-0.18418604135513306,-6.074102401733398,True,False
1488,syn_00882:0:0:2,syn_val,synthetic,574c35333455cd75c35a076c8e90d1fe198ffe8d6aeb720c67aa829002e5f647,False,True,semantic,0.4,-0.1934659630060196,-6.090465545654297,True,False
1488,syn_00882:0:0:2,syn_val,synthetic,574c35333455cd75c35a076c8e90d1fe198ffe8d6aeb720c67aa829002e5f647,False,True,reverse,0.02,-0.18710868060588837,-5.887119293212891,True,False
1488,syn_00882:0:0:2,syn_val,synthetic,574c35333455cd75c35a076c8e90d1fe198ffe8d6aeb720c67aa829002e5f647,False,True,reverse,0.05,-0.18713968992233276,-5.872852325439453,True,False
1488,syn_00882:0:0:2,syn_val,synthetic,574c35333455cd75c35a076c8e90d1fe198ffe8d6aeb720c67aa829002e5f647,False,True,reverse,0.1,-0.18971404433250427,-5.815748691558838,True,False
1488,syn_00882:0:0:2,syn_val,synthetic,574c35333455cd75c35a076c8e90d1fe198ffe8d6aeb720c67aa829002e5f647,False,True,reverse,0.2,-0.19294193387031555,-5.759851455688477,True,False
1488,syn_00882:0:0:2,syn_val,synthetic,574c35333455cd75c35a076c8e90d1fe198ffe8d6aeb720c67aa829002e5f647,False,True,reverse,0.4,-0.2022939920425415,-5.653134346008301,True,False
1488,syn_00882:0:0:2,syn_val,synthetic,574c35333455cd75c35a076c8e90d1fe198ffe8d6aeb720c67aa829002e5f647,False,True,random,0.02,-0.1862623542547226,-5.899375915527344,True,False
1488,syn_00882:0:0:2,syn_val,synthetic,574c35333455cd75c35a076c8e90d1fe198ffe8d6aeb720c67aa829002e5f647,False,True,random,0.05,-0.18608291447162628,-5.914687156677246,True,False
1488,syn_00882:0:0:2,syn_val,synthetic,574c35333455cd75c35a076c8e90d1fe198ffe8d6aeb720c67aa829002e5f647,False,True,random,0.1,-0.18472346663475037,-5.915895462036133,True,False
1488,syn_00882:0:0:2,syn_val,synthetic,574c35333455cd75c35a076c8e90d1fe198ffe8d6aeb720c67aa829002e5f647,False,True,random,0.2,-0.18422093987464905,-5.930983543395996,True,False
1488,syn_00882:0:0:2,syn_val,synthetic,574c35333455cd75c35a076c8e90d1fe198ffe8d6aeb720c67aa829002e5f647,False,True,random,0.4,-0.1841699481010437,-5.901979923248291,True,False
1488,syn_00882:0:0:2,syn_val,synthetic,574c35333455cd75c35a076c8e90d1fe198ffe8d6aeb720c67aa829002e5f647,False,True,shuffled,0.02,-0.1869390904903412,-5.887050628662109,True,False
1488,syn_00882:0:0:2,syn_val,synthetic,574c35333455cd75c35a076c8e90d1fe198ffe8d6aeb720c67aa829002e5f647,False,True,shuffled,0.05,-0.18777939677238464,-5.887786388397217,True,False
1488,syn_00882:0:0:2,syn_val,synthetic,574c35333455cd75c35a076c8e90d1fe198ffe8d6aeb720c67aa829002e5f647,False,True,shuffled,0.1,-0.18805497884750366,-5.888373851776123,True,False
1488,syn_00882:0:0:2,syn_val,synthetic,574c35333455cd75c35a076c8e90d1fe198ffe8d6aeb720c67aa829002e5f647,False,True,shuffled,0.2,-0.19070319831371307,-5.846543312072754,True,False
1488,syn_00882:0:0:2,syn_val,synthetic,574c35333455cd75c35a076c8e90d1fe198ffe8d6aeb720c67aa829002e5f647,False,True,shuffled,0.4,-0.19517749547958374,-5.806793689727783,True,False
1488,syn_00882:0:0:2,syn_val,synthetic,574c35333455cd75c35a076c8e90d1fe198ffe8d6aeb720c67aa829002e5f647,False,True,wrong_site,0.02,-0.18543878197669983,-5.901213645935059,True,False
1488,syn_00882:0:0:2,syn_val,synthetic,574c35333455cd75c35a076c8e90d1fe198ffe8d6aeb720c67aa829002e5f647,False,True,wrong_site,0.05,-0.18576030433177948,-5.915682315826416,True,False
1488,syn_00882:0:0:2,syn_val,synthetic,574c35333455cd75c35a076c8e90d1fe198ffe8d6aeb720c67aa829002e5f647,False,True,wrong_site,0.1,-0.1864583045244217,-5.900730133056641,True,False
1488,syn_00882:0:0:2,syn_val,synthetic,574c35333455cd75c35a076c8e90d1fe198ffe8d6aeb720c67aa829002e5f647,False,True,wrong_site,0.2,-0.18675218522548676,-5.943939685821533,True,False
1488,syn_00882:0:0:2,syn_val,synthetic,574c35333455cd75c35a076c8e90d1fe198ffe8d6aeb720c67aa829002e5f647,False,True,wrong_site,0.4,-0.18766643106937408,-5.945864200592041,True,False
1488,syn_00882:0:0:2,syn_val,synthetic,574c35333455cd75c35a076c8e90d1fe198ffe8d6aeb720c67aa829002e5f647,False,True,answer_site,0.02,-0.19010591506958008,-5.876775741577148,True,False
1488,syn_00882:0:0:2,syn_val,synthetic,574c35333455cd75c35a076c8e90d1fe198ffe8d6aeb720c67aa829002e5f647,False,True,answer_site,0.05,-0.1962762176990509,-5.869989395141602,True,False
1488,syn_00882:0:0:2,syn_val,synthetic,574c35333455cd75c35a076c8e90d1fe198ffe8d6aeb720c67aa829002e5f647,False,True,answer_site,0.1,-0.209835022687912,-5.814998626708984,True,False
1488,syn_00882:0:0:2,syn_val,synthetic,574c35333455cd75c35a076c8e90d1fe198ffe8d6aeb720c67aa829002e5f647,False,True,answer_site,0.2,-0.2734485864639282,-5.738568305969238,True,False
1488,syn_00882:0:0:2,syn_val,synthetic,574c35333455cd75c35a076c8e90d1fe198ffe8d6aeb720c67aa829002e5f647,False,True,answer_site,0.4,-2.467738151550293,-7.74370002746582,False,False
1488,syn_00882:0:0:2,syn_val,synthetic,574c35333455cd75c35a076c8e90d1fe198ffe8d6aeb720c67aa829002e5f647,False,True,actuator_cond,0.02,-0.18639060854911804,-5.902123928070068,True,False
1488,syn_00882:0:0:2,syn_val,synthetic,574c35333455cd75c35a076c8e90d1fe198ffe8d6aeb720c67aa829002e5f647,False,True,actuator_cond,0.05,-0.18615564703941345,-5.884904861450195,True,False
1488,syn_00882:0:0:2,syn_val,synthetic,574c35333455cd75c35a076c8e90d1fe198ffe8d6aeb720c67aa829002e5f647,False,True,actuator_cond,0.1,-0.18681272864341736,-5.871627330780029,True,False
1488,syn_00882:0:0:2,syn_val,synthetic,574c35333455cd75c35a076c8e90d1fe198ffe8d6aeb720c67aa829002e5f647,False,True,actuator_cond,0.2,-0.19276228547096252,-5.846345901489258,True,False
1488,syn_00882:0:0:2,syn_val,synthetic,574c35333455cd75c35a076c8e90d1fe198ffe8d6aeb720c67aa829002e5f647,False,True,actuator_cond,0.4,-0.21974241733551025,-5.718028545379639,True,False
1488,syn_00882:0:0:2,syn_val,synthetic,574c35333455cd75c35a076c8e90d1fe198ffe8d6aeb720c67aa829002e5f647,False,True,actuator_answer,0.02,-0.18855449557304382,-5.902310848236084,True,False
1488,syn_00882:0:0:2,syn_val,synthetic,574c35333455cd75c35a076c8e90d1fe198ffe8d6aeb720c67aa829002e5f647,False,True,actuator_answer,0.05,-0.19412584602832794,-5.8796281814575195,True,False
1488,syn_00882:0:0:2,syn_val,synthetic,574c35333455cd75c35a076c8e90d1fe198ffe8d6aeb720c67aa829002e5f647,False,True,actuator_answer,0.1,-0.2237623929977417,-5.866815090179443,True,False
1488,syn_00882:0:0:2,syn_val,synthetic,574c35333455cd75c35a076c8e90d1fe198ffe8d6aeb720c67aa829002e5f647,False,True,actuator_answer,0.2,-0.39988085627555847,-5.8330583572387695,True,False
1488,syn_00882:0:0:2,syn_val,synthetic,574c35333455cd75c35a076c8e90d1fe198ffe8d6aeb720c67aa829002e5f647,False,True,actuator_answer,0.4,-3.0478200912475586,-8.062849044799805,False,False
1497,syn_00885:0:0:2,syn_val,synthetic,75874824c9def4b5e2a1857843f5cb477904b761c86a0e001ea46fe79bcd88ba,True,True,baseline,0.0,-0.3104730248451233,-3.96449875831604,True,False
1497,syn_00885:0:0:2,syn_val,synthetic,75874824c9def4b5e2a1857843f5cb477904b761c86a0e001ea46fe79bcd88ba,True,True,semantic,0.02,-0.3112664818763733,-3.9496665000915527,True,False
1497,syn_00885:0:0:2,syn_val,synthetic,75874824c9def4b5e2a1857843f5cb477904b761c86a0e001ea46fe79bcd88ba,True,True,semantic,0.05,-0.31217071413993835,-3.933117389678955,True,False
1497,syn_00885:0:0:2,syn_val,synthetic,75874824c9def4b5e2a1857843f5cb477904b761c86a0e001ea46fe79bcd88ba,True,True,semantic,0.1,-0.3124527335166931,-3.9182281494140625,True,False
1497,syn_00885:0:0:2,syn_val,synthetic,75874824c9def4b5e2a1857843f5cb477904b761c86a0e001ea46fe79bcd88ba,True,True,semantic,0.2,-0.3109681308269501,-3.872725009918213,True,False
1497,syn_00885:0:0:2,syn_val,synthetic,75874824c9def4b5e2a1857843f5cb477904b761c86a0e001ea46fe79bcd88ba,True,True,semantic,0.4,-0.3122333288192749,-3.8096699714660645,True,False
1497,syn_00885:0:0:2,syn_val,synthetic,75874824c9def4b5e2a1857843f5cb477904b761c86a0e001ea46fe79bcd88ba,True,True,reverse,0.02,-0.30856776237487793,-3.960402488708496,True,False
1497,syn_00885:0:0:2,syn_val,synthetic,75874824c9def4b5e2a1857843f5cb477904b761c86a0e001ea46fe79bcd88ba,True,True,reverse,0.05,-0.3070048689842224,-3.9597322940826416,True,False
1497,syn_00885:0:0:2,syn_val,synthetic,75874824c9def4b5e2a1857843f5cb477904b761c86a0e001ea46fe79bcd88ba,True,True,reverse,0.1,-0.305858314037323,-3.989067792892456,True,False
1497,syn_00885:0:0:2,syn_val,synthetic,75874824c9def4b5e2a1857843f5cb477904b761c86a0e001ea46fe79bcd88ba,True,True,reverse,0.2,-0.2997889518737793,-4.045415878295898,True,False
1497,syn_00885:0:0:2,syn_val,synthetic,75874824c9def4b5e2a1857843f5cb477904b761c86a0e001ea46fe79bcd88ba,True,True,reverse,0.4,-0.29441800713539124,-4.145486354827881,True,False
1497,syn_00885:0:0:2,syn_val,synthetic,75874824c9def4b5e2a1857843f5cb477904b761c86a0e001ea46fe79bcd88ba,True,True,random,0.02,-0.30876296758651733,-3.9453928470611572,True,False
1497,syn_00885:0:0:2,syn_val,synthetic,75874824c9def4b5e2a1857843f5cb477904b761c86a0e001ea46fe79bcd88ba,True,True,random,0.05,-0.31216368079185486,-3.950796365737915,True,False
1497,syn_00885:0:0:2,syn_val,synthetic,75874824c9def4b5e2a1857843f5cb477904b761c86a0e001ea46fe79bcd88ba,True,True,random,0.1,-0.3099774122238159,-3.9488348960876465,True,False
1497,syn_00885:0:0:2,syn_val,synthetic,75874824c9def4b5e2a1857843f5cb477904b761c86a0e001ea46fe79bcd88ba,True,True,random,0.2,-0.3103950023651123,-3.9318461418151855,True,False
1497,syn_00885:0:0:2,syn_val,synthetic,75874824c9def4b5e2a1857843f5cb477904b761c86a0e001ea46fe79bcd88ba,True,True,random,0.4,-0.31443238258361816,-3.842849016189575,True,False
1497,syn_00885:0:0:2,syn_val,synthetic,75874824c9def4b5e2a1857843f5cb477904b761c86a0e001ea46fe79bcd88ba,True,True,shuffled,0.02,-0.3104763627052307,-3.9469103813171387,True,False
1497,syn_00885:0:0:2,syn_val,synthetic,75874824c9def4b5e2a1857843f5cb477904b761c86a0e001ea46fe79bcd88ba,True,True,shuffled,0.05,-0.3088100254535675,-3.944833517074585,True,False
1497,syn_00885:0:0:2,syn_val,synthetic,75874824c9def4b5e2a1857843f5cb477904b761c86a0e001ea46fe79bcd88ba,True,True,shuffled,0.1,-0.309490442276001,-3.9139015674591064,True,False
1497,syn_00885:0:0:2,syn_val,synthetic,75874824c9def4b5e2a1857843f5cb477904b761c86a0e001ea46fe79bcd88ba,True,True,shuffled,0.2,-0.3082074820995331,-3.8811426162719727,True,False
1497,syn_00885:0:0:2,syn_val,synthetic,75874824c9def4b5e2a1857843f5cb477904b761c86a0e001ea46fe79bcd88ba,True,True,shuffled,0.4,-0.3153890073299408,-3.872504711151123,True,False
1497,syn_00885:0:0:2,syn_val,synthetic,75874824c9def4b5e2a1857843f5cb477904b761c86a0e001ea46fe79bcd88ba,True,True,wrong_site,0.02,-0.3084186613559723,-3.9606709480285645,True,False
1497,syn_00885:0:0:2,syn_val,synthetic,75874824c9def4b5e2a1857843f5cb477904b761c86a0e001ea46fe79bcd88ba,True,True,wrong_site,0.05,-0.3087518811225891,-3.9607884883880615,True,False
1497,syn_00885:0:0:2,syn_val,synthetic,75874824c9def4b5e2a1857843f5cb477904b761c86a0e001ea46fe79bcd88ba,True,True,wrong_site,0.1,-0.30914831161499023,-3.9455671310424805,True,False
1497,syn_00885:0:0:2,syn_val,synthetic,75874824c9def4b5e2a1857843f5cb477904b761c86a0e001ea46fe79bcd88ba,True,True,wrong_site,0.2,-0.30973199009895325,-3.945910692214966,True,False
1497,syn_00885:0:0:2,syn_val,synthetic,75874824c9def4b5e2a1857843f5cb477904b761c86a0e001ea46fe79bcd88ba,True,True,wrong_site,0.4,-0.3103376626968384,-3.946317672729492,True,False
1497,syn_00885:0:0:2,syn_val,synthetic,75874824c9def4b5e2a1857843f5cb477904b761c86a0e001ea46fe79bcd88ba,True,True,answer_site,0.02,-0.3130439817905426,-3.9164915084838867,True,False
1497,syn_00885:0:0:2,syn_val,synthetic,75874824c9def4b5e2a1857843f5cb477904b761c86a0e001ea46fe79bcd88ba,True,True,answer_site,0.05,-0.32152390480041504,-3.823859453201294,True,False
1497,syn_00885:0:0:2,syn_val,synthetic,75874824c9def4b5e2a1857843f5cb477904b761c86a0e001ea46fe79bcd88ba,True,True,answer_site,0.1,-0.34295812249183655,-3.632291078567505,True,False
1497,syn_00885:0:0:2,syn_val,synthetic,75874824c9def4b5e2a1857843f5cb477904b761c86a0e001ea46fe79bcd88ba,True,True,answer_site,0.2,-0.4202350676059723,-3.3271687030792236,True,False
1497,syn_00885:0:0:2,syn_val,synthetic,75874824c9def4b5e2a1857843f5cb477904b761c86a0e001ea46fe79bcd88ba,True,True,answer_site,0.4,-0.8586826324462891,-3.6708290576934814,True,False
1497,syn_00885:0:0:2,syn_val,synthetic,75874824c9def4b5e2a1857843f5cb477904b761c86a0e001ea46fe79bcd88ba,True,True,actuator_cond,0.02,-0.31064388155937195,-3.9490373134613037,True,False
1497,syn_00885:0:0:2,syn_val,synthetic,75874824c9def4b5e2a1857843f5cb477904b761c86a0e001ea46fe79bcd88ba,True,True,actuator_cond,0.05,-0.30885422229766846,-3.963130474090576,True,False
1497,syn_00885:0:0:2,syn_val,synthetic,75874824c9def4b5e2a1857843f5cb477904b761c86a0e001ea46fe79bcd88ba,True,True,actuator_cond,0.1,-0.3066873252391815,-3.9612185955047607,True,False
1497,syn_00885:0:0:2,syn_val,synthetic,75874824c9def4b5e2a1857843f5cb477904b761c86a0e001ea46fe79bcd88ba,True,True,actuator_cond,0.2,-0.30456680059432983,-4.0059661865234375,True,False
1497,syn_00885:0:0:2,syn_val,synthetic,75874824c9def4b5e2a1857843f5cb477904b761c86a0e001ea46fe79bcd88ba,True,True,actuator_cond,0.4,-0.28152555227279663,-4.154669284820557,True,False
1497,syn_00885:0:0:2,syn_val,synthetic,75874824c9def4b5e2a1857843f5cb477904b761c86a0e001ea46fe79bcd88ba,True,True,actuator_answer,0.02,-0.3207678198814392,-3.9406988620758057,True,False
1497,syn_00885:0:0:2,syn_val,synthetic,75874824c9def4b5e2a1857843f5cb477904b761c86a0e001ea46fe79bcd88ba,True,True,actuator_answer,0.05,-0.33426710963249207,-3.9043641090393066,True,False
1497,syn_00885:0:0:2,syn_val,synthetic,75874824c9def4b5e2a1857843f5cb477904b761c86a0e001ea46fe79bcd88ba,True,True,actuator_answer,0.1,-0.35508060455322266,-3.8263518810272217,True,False
1497,syn_00885:0:0:2,syn_val,synthetic,75874824c9def4b5e2a1857843f5cb477904b761c86a0e001ea46fe79bcd88ba,True,True,actuator_answer,0.2,-0.48498743772506714,-3.690992832183838,True,False
1497,syn_00885:0:0:2,syn_val,synthetic,75874824c9def4b5e2a1857843f5cb477904b761c86a0e001ea46fe79bcd88ba,True,True,actuator_answer,0.4,-12.741202354431152,-15.458894729614258,False,False
1519,syn_00897:0:0:2,syn_val,synthetic,e63efb041e10494b9fb0430245284cd774201b1de8531eb2082d0c3913bb6603,False,True,baseline,0.0,-1.3593288660049438,-3.7713093757629395,True,False
1519,syn_00897:0:0:2,syn_val,synthetic,e63efb041e10494b9fb0430245284cd774201b1de8531eb2082d0c3913bb6603,False,True,semantic,0.02,-1.360117793083191,-3.764594078063965,True,False
1519,syn_00897:0:0:2,syn_val,synthetic,e63efb041e10494b9fb0430245284cd774201b1de8531eb2082d0c3913bb6603,False,True,semantic,0.05,-1.350839376449585,-3.7398898601531982,True,False
1519,syn_00897:0:0:2,syn_val,synthetic,e63efb041e10494b9fb0430245284cd774201b1de8531eb2082d0c3913bb6603,False,True,semantic,0.1,-1.2792072296142578,-3.7210474014282227,True,False
1519,syn_00897:0:0:2,syn_val,synthetic,e63efb041e10494b9fb0430245284cd774201b1de8531eb2082d0c3913bb6603,False,True,semantic,0.2,-1.1240190267562866,-3.577521324157715,True,False
1519,syn_00897:0:0:2,syn_val,synthetic,e63efb041e10494b9fb0430245284cd774201b1de8531eb2082d0c3913bb6603,False,True,semantic,0.4,-0.9895412921905518,-3.3398637771606445,True,False
1519,syn_00897:0:0:2,syn_val,synthetic,e63efb041e10494b9fb0430245284cd774201b1de8531eb2082d0c3913bb6603,False,True,reverse,0.02,-1.3437628746032715,-3.7934041023254395,True,False
1519,syn_00897:0:0:2,syn_val,synthetic,e63efb041e10494b9fb0430245284cd774201b1de8531eb2082d0c3913bb6603,False,True,reverse,0.05,-1.294863224029541,-3.801941394805908,True,False
1519,syn_00897:0:0:2,syn_val,synthetic,e63efb041e10494b9fb0430245284cd774201b1de8531eb2082d0c3913bb6603,False,True,reverse,0.1,-1.1686594486236572,-3.8243329524993896,True,False
1519,syn_00897:0:0:2,syn_val,synthetic,e63efb041e10494b9fb0430245284cd774201b1de8531eb2082d0c3913bb6603,False,True,reverse,0.2,-0.8626503348350525,-3.620898962020874,True,False
1519,syn_00897:0:0:2,syn_val,synthetic,e63efb041e10494b9fb0430245284cd774201b1de8531eb2082d0c3913bb6603,False,True,reverse,0.4,-0.6749426126480103,-3.5152015686035156,True,False
1519,syn_00897:0:0:2,syn_val,synthetic,e63efb041e10494b9fb0430245284cd774201b1de8531eb2082d0c3913bb6603,False,True,random,0.02,-1.3684555292129517,-3.757178783416748,True,False
1519,syn_00897:0:0:2,syn_val,synthetic,e63efb041e10494b9fb0430245284cd774201b1de8531eb2082d0c3913bb6603,False,True,random,0.05,-1.3929929733276367,-3.7587227821350098,True,False
1519,syn_00897:0:0:2,syn_val,synthetic,e63efb041e10494b9fb0430245284cd774201b1de8531eb2082d0c3913bb6603,False,True,random,0.1,-1.4125654697418213,-3.7466907501220703,False,False
1519,syn_00897:0:0:2,syn_val,synthetic,e63efb041e10494b9fb0430245284cd774201b1de8531eb2082d0c3913bb6603,False,True,random,0.2,-1.3939921855926514,-3.6948161125183105,True,False
1519,syn_00897:0:0:2,syn_val,synthetic,e63efb041e10494b9fb0430245284cd774201b1de8531eb2082d0c3913bb6603,False,True,random,0.4,-1.1736083030700684,-3.545546054840088,True,False
1519,syn_00897:0:0:2,syn_val,synthetic,e63efb041e10494b9fb0430245284cd774201b1de8531eb2082d0c3913bb6603,False,True,shuffled,0.02,-1.3430142402648926,-3.8027231693267822,True,False
1519,syn_00897:0:0:2,syn_val,synthetic,e63efb041e10494b9fb0430245284cd774201b1de8531eb2082d0c3913bb6603,False,True,shuffled,0.05,-1.320639967918396,-3.850806951522827,True,False
1519,syn_00897:0:0:2,syn_val,synthetic,e63efb041e10494b9fb0430245284cd774201b1de8531eb2082d0c3913bb6603,False,True,shuffled,0.1,-1.2469301223754883,-3.8297860622406006,True,False
1519,syn_00897:0:0:2,syn_val,synthetic,e63efb041e10494b9fb0430245284cd774201b1de8531eb2082d0c3913bb6603,False,True,shuffled,0.2,-1.0323407649993896,-3.5828514099121094,True,False
1519,syn_00897:0:0:2,syn_val,synthetic,e63efb041e10494b9fb0430245284cd774201b1de8531eb2082d0c3913bb6603,False,True,shuffled,0.4,-0.8112995028495789,-3.4839587211608887,True,False
1519,syn_00897:0:0:2,syn_val,synthetic,e63efb041e10494b9fb0430245284cd774201b1de8531eb2082d0c3913bb6603,False,True,wrong_site,0.02,-1.359055757522583,-3.77095103263855,True,False
1519,syn_00897:0:0:2,syn_val,synthetic,e63efb041e10494b9fb0430245284cd774201b1de8531eb2082d0c3913bb6603,False,True,wrong_site,0.05,-1.359224557876587,-3.771388530731201,True,False
1519,syn_00897:0:0:2,syn_val,synthetic,e63efb041e10494b9fb0430245284cd774201b1de8531eb2082d0c3913bb6603,False,True,wrong_site,0.1,-1.352064847946167,-3.7714619636535645,True,False
1519,syn_00897:0:0:2,syn_val,synthetic,e63efb041e10494b9fb0430245284cd774201b1de8531eb2082d0c3913bb6603,False,True,wrong_site,0.2,-1.3426955938339233,-3.77789306640625,True,False
1519,syn_00897:0:0:2,syn_val,synthetic,e63efb041e10494b9fb0430245284cd774201b1de8531eb2082d0c3913bb6603,False,True,wrong_site,0.4,-1.3373067378997803,-3.756101369857788,True,False
1519,syn_00897:0:0:2,syn_val,synthetic,e63efb041e10494b9fb0430245284cd774201b1de8531eb2082d0c3913bb6603,False,True,answer_site,0.02,-1.3674213886260986,-3.828061103820801,True,False
1519,syn_00897:0:0:2,syn_val,synthetic,e63efb041e10494b9fb0430245284cd774201b1de8531eb2082d0c3913bb6603,False,True,answer_site,0.05,-1.424946904182434,-3.863656997680664,True,False
1519,syn_00897:0:0:2,syn_val,synthetic,e63efb041e10494b9fb0430245284cd774201b1de8531eb2082d0c3913bb6603,False,True,answer_site,0.1,-1.7220338582992554,-3.7377777099609375,False,False
1519,syn_00897:0:0:2,syn_val,synthetic,e63efb041e10494b9fb0430245284cd774201b1de8531eb2082d0c3913bb6603,False,True,answer_site,0.2,-3.907533645629883,-2.8584201335906982,False,False
1519,syn_00897:0:0:2,syn_val,synthetic,e63efb041e10494b9fb0430245284cd774201b1de8531eb2082d0c3913bb6603,False,True,answer_site,0.4,-5.162569999694824,-1.498369574546814,False,False
1519,syn_00897:0:0:2,syn_val,synthetic,e63efb041e10494b9fb0430245284cd774201b1de8531eb2082d0c3913bb6603,False,True,actuator_cond,0.02,-1.4257737398147583,-3.7745962142944336,False,False
1519,syn_00897:0:0:2,syn_val,synthetic,e63efb041e10494b9fb0430245284cd774201b1de8531eb2082d0c3913bb6603,False,True,actuator_cond,0.05,-1.4908697605133057,-3.7814319133758545,False,False
1519,syn_00897:0:0:2,syn_val,synthetic,e63efb041e10494b9fb0430245284cd774201b1de8531eb2082d0c3913bb6603,False,True,actuator_cond,0.1,-1.5265300273895264,-3.8049569129943848,False,False
1519,syn_00897:0:0:2,syn_val,synthetic,e63efb041e10494b9fb0430245284cd774201b1de8531eb2082d0c3913bb6603,False,True,actuator_cond,0.2,-1.283766269683838,-3.8635971546173096,True,False
1519,syn_00897:0:0:2,syn_val,synthetic,e63efb041e10494b9fb0430245284cd774201b1de8531eb2082d0c3913bb6603,False,True,actuator_cond,0.4,-0.9594322443008423,-3.846845865249634,True,False
1519,syn_00897:0:0:2,syn_val,synthetic,e63efb041e10494b9fb0430245284cd774201b1de8531eb2082d0c3913bb6603,False,True,actuator_answer,0.02,-1.2478543519973755,-3.6447272300720215,True,False
1519,syn_00897:0:0:2,syn_val,synthetic,e63efb041e10494b9fb0430245284cd774201b1de8531eb2082d0c3913bb6603,False,True,actuator_answer,0.05,-1.1138241291046143,-3.5522308349609375,True,False
1519,syn_00897:0:0:2,syn_val,synthetic,e63efb041e10494b9fb0430245284cd774201b1de8531eb2082d0c3913bb6603,False,True,actuator_answer,0.1,-0.9981162548065186,-3.4456448554992676,True,False
1519,syn_00897:0:0:2,syn_val,synthetic,e63efb041e10494b9fb0430245284cd774201b1de8531eb2082d0c3913bb6603,False,True,actuator_answer,0.2,-0.9254517555236816,-3.0590415000915527,True,False
1519,syn_00897:0:0:2,syn_val,synthetic,e63efb041e10494b9fb0430245284cd774201b1de8531eb2082d0c3913bb6603,False,True,actuator_answer,0.4,-3.6444308757781982,-2.6388657093048096,False,False
1564,syn_00918:0:0:1,syn_val,synthetic,d4576c4f37b90d65684b97f53af6823220155be29f2618507b39c31925830fe1,False,True,baseline,0.0,-0.5594432950019836,-3.377481460571289,True,False
1564,syn_00918:0:0:1,syn_val,synthetic,d4576c4f37b90d65684b97f53af6823220155be29f2618507b39c31925830fe1,False,True,semantic,0.02,-0.5593991279602051,-3.391669273376465,True,False
1564,syn_00918:0:0:1,syn_val,synthetic,d4576c4f37b90d65684b97f53af6823220155be29f2618507b39c31925830fe1,False,True,semantic,0.05,-0.5541777014732361,-3.406425952911377,True,False
1564,syn_00918:0:0:1,syn_val,synthetic,d4576c4f37b90d65684b97f53af6823220155be29f2618507b39c31925830fe1,False,True,semantic,0.1,-0.5542417764663696,-3.4148144721984863,True,False
1564,syn_00918:0:0:1,syn_val,synthetic,d4576c4f37b90d65684b97f53af6823220155be29f2618507b39c31925830fe1,False,True,semantic,0.2,-0.5528825521469116,-3.4427483081817627,True,False
1564,syn_00918:0:0:1,syn_val,synthetic,d4576c4f37b90d65684b97f53af6823220155be29f2618507b39c31925830fe1,False,True,semantic,0.4,-0.5534222722053528,-3.4969964027404785,True,False
1564,syn_00918:0:0:1,syn_val,synthetic,d4576c4f37b90d65684b97f53af6823220155be29f2618507b39c31925830fe1,False,True,reverse,0.02,-0.5606797933578491,-3.358855962753296,True,False
1564,syn_00918:0:0:1,syn_val,synthetic,d4576c4f37b90d65684b97f53af6823220155be29f2618507b39c31925830fe1,False,True,reverse,0.05,-0.5628095865249634,-3.363067626953125,True,False
1564,syn_00918:0:0:1,syn_val,synthetic,d4576c4f37b90d65684b97f53af6823220155be29f2618507b39c31925830fe1,False,True,reverse,0.1,-0.56227707862854,-3.3444371223449707,True,False
1564,syn_00918:0:0:1,syn_val,synthetic,d4576c4f37b90d65684b97f53af6823220155be29f2618507b39c31925830fe1,False,True,reverse,0.2,-0.5700747966766357,-3.3355488777160645,True,False
1564,syn_00918:0:0:1,syn_val,synthetic,d4576c4f37b90d65684b97f53af6823220155be29f2618507b39c31925830fe1,False,True,reverse,0.4,-0.594921350479126,-3.318955421447754,True,False
1564,syn_00918:0:0:1,syn_val,synthetic,d4576c4f37b90d65684b97f53af6823220155be29f2618507b39c31925830fe1,False,True,random,0.02,-0.5557104349136353,-3.377809524536133,True,False
1564,syn_00918:0:0:1,syn_val,synthetic,d4576c4f37b90d65684b97f53af6823220155be29f2618507b39c31925830fe1,False,True,random,0.05,-0.5606986880302429,-3.3630895614624023,True,False
1564,syn_00918:0:0:1,syn_val,synthetic,d4576c4f37b90d65684b97f53af6823220155be29f2618507b39c31925830fe1,False,True,random,0.1,-0.5572428107261658,-3.353323221206665,True,False
1564,syn_00918:0:0:1,syn_val,synthetic,d4576c4f37b90d65684b97f53af6823220155be29f2618507b39c31925830fe1,False,True,random,0.2,-0.5551766753196716,-3.3350861072540283,True,False
1564,syn_00918:0:0:1,syn_val,synthetic,d4576c4f37b90d65684b97f53af6823220155be29f2618507b39c31925830fe1,False,True,random,0.4,-0.5573917627334595,-3.3019237518310547,True,False
1564,syn_00918:0:0:1,syn_val,synthetic,d4576c4f37b90d65684b97f53af6823220155be29f2618507b39c31925830fe1,False,True,shuffled,0.02,-0.5567903518676758,-3.391298294067383,True,False
1564,syn_00918:0:0:1,syn_val,synthetic,d4576c4f37b90d65684b97f53af6823220155be29f2618507b39c31925830fe1,False,True,shuffled,0.05,-0.5590512752532959,-3.387751579284668,True,False
1564,syn_00918:0:0:1,syn_val,synthetic,d4576c4f37b90d65684b97f53af6823220155be29f2618507b39c31925830fe1,False,True,shuffled,0.1,-0.5648709535598755,-3.365837574005127,True,False
1564,syn_00918:0:0:1,syn_val,synthetic,d4576c4f37b90d65684b97f53af6823220155be29f2618507b39c31925830fe1,False,True,shuffled,0.2,-0.5646799802780151,-3.3534624576568604,True,False
1564,syn_00918:0:0:1,syn_val,synthetic,d4576c4f37b90d65684b97f53af6823220155be29f2618507b39c31925830fe1,False,True,shuffled,0.4,-0.5687630772590637,-3.3238284587860107,True,False
1564,syn_00918:0:0:1,syn_val,synthetic,d4576c4f37b90d65684b97f53af6823220155be29f2618507b39c31925830fe1,False,True,wrong_site,0.02,-0.5594319105148315,-3.391690731048584,True,False
1564,syn_00918:0:0:1,syn_val,synthetic,d4576c4f37b90d65684b97f53af6823220155be29f2618507b39c31925830fe1,False,True,wrong_site,0.05,-0.559191107749939,-3.3810391426086426,True,False
1564,syn_00918:0:0:1,syn_val,synthetic,d4576c4f37b90d65684b97f53af6823220155be29f2618507b39c31925830fe1,False,True,wrong_site,0.1,-0.5592347979545593,-3.3695178031921387,True,False
1564,syn_00918:0:0:1,syn_val,synthetic,d4576c4f37b90d65684b97f53af6823220155be29f2618507b39c31925830fe1,False,True,wrong_site,0.2,-0.5593445897102356,-3.3791513442993164,True,False
1564,syn_00918:0:0:1,syn_val,synthetic,d4576c4f37b90d65684b97f53af6823220155be29f2618507b39c31925830fe1,False,True,wrong_site,0.4,-0.5646733641624451,-3.3397583961486816,True,False
1564,syn_00918:0:0:1,syn_val,synthetic,d4576c4f37b90d65684b97f53af6823220155be29f2618507b39c31925830fe1,False,True,answer_site,0.02,-0.5704896450042725,-3.3590455055236816,True,False
1564,syn_00918:0:0:1,syn_val,synthetic,d4576c4f37b90d65684b97f53af6823220155be29f2618507b39c31925830fe1,False,True,answer_site,0.05,-0.5896208882331848,-3.323115825653076,True,False
1564,syn_00918:0:0:1,syn_val,synthetic,d4576c4f37b90d65684b97f53af6823220155be29f2618507b39c31925830fe1,False,True,answer_site,0.1,-0.6224016547203064,-3.2752206325531006,True,False
1564,syn_00918:0:0:1,syn_val,synthetic,d4576c4f37b90d65684b97f53af6823220155be29f2618507b39c31925830fe1,False,True,answer_site,0.2,-0.7134657502174377,-3.2741589546203613,True,False
1564,syn_00918:0:0:1,syn_val,synthetic,d4576c4f37b90d65684b97f53af6823220155be29f2618507b39c31925830fe1,False,True,answer_site,0.4,-4.0237016677856445,-6.525535583496094,False,False
1564,syn_00918:0:0:1,syn_val,synthetic,d4576c4f37b90d65684b97f53af6823220155be29f2618507b39c31925830fe1,False,True,actuator_cond,0.02,-0.5568557381629944,-3.3934497833251953,True,False
1564,syn_00918:0:0:1,syn_val,synthetic,d4576c4f37b90d65684b97f53af6823220155be29f2618507b39c31925830fe1,False,True,actuator_cond,0.05,-0.5587721467018127,-3.387080669403076,True,False
1564,syn_00918:0:0:1,syn_val,synthetic,d4576c4f37b90d65684b97f53af6823220155be29f2618507b39c31925830fe1,False,True,actuator_cond,0.1,-0.5589097142219543,-3.3916738033294678,True,False
1564,syn_00918:0:0:1,syn_val,synthetic,d4576c4f37b90d65684b97f53af6823220155be29f2618507b39c31925830fe1,False,True,actuator_cond,0.2,-0.5702405571937561,-3.4009785652160645,True,False
1564,syn_00918:0:0:1,syn_val,synthetic,d4576c4f37b90d65684b97f53af6823220155be29f2618507b39c31925830fe1,False,True,actuator_cond,0.4,-0.6119760870933533,-3.409040927886963,True,False
1564,syn_00918:0:0:1,syn_val,synthetic,d4576c4f37b90d65684b97f53af6823220155be29f2618507b39c31925830fe1,False,True,actuator_answer,0.02,-0.5616601705551147,-3.3942501544952393,True,False
1564,syn_00918:0:0:1,syn_val,synthetic,d4576c4f37b90d65684b97f53af6823220155be29f2618507b39c31925830fe1,False,True,actuator_answer,0.05,-0.5716131925582886,-3.4146149158477783,True,False
1564,syn_00918:0:0:1,syn_val,synthetic,d4576c4f37b90d65684b97f53af6823220155be29f2618507b39c31925830fe1,False,True,actuator_answer,0.1,-0.6085540056228638,-3.435744047164917,True,False
1564,syn_00918:0:0:1,syn_val,synthetic,d4576c4f37b90d65684b97f53af6823220155be29f2618507b39c31925830fe1,False,True,actuator_answer,0.2,-0.8498325347900391,-3.578002452850342,True,False
1564,syn_00918:0:0:1,syn_val,synthetic,d4576c4f37b90d65684b97f53af6823220155be29f2618507b39c31925830fe1,False,True,actuator_answer,0.4,-4.391608238220215,-6.877068996429443,False,False
1565,syn_00918:0:0:2,syn_val,synthetic,d4576c4f37b90d65684b97f53af6823220155be29f2618507b39c31925830fe1,False,True,baseline,0.0,-0.9512904286384583,-3.0678935050964355,True,False
1565,syn_00918:0:0:2,syn_val,synthetic,d4576c4f37b90d65684b97f53af6823220155be29f2618507b39c31925830fe1,False,True,semantic,0.02,-0.9567280411720276,-3.0480103492736816,True,False
1565,syn_00918:0:0:2,syn_val,synthetic,d4576c4f37b90d65684b97f53af6823220155be29f2618507b39c31925830fe1,False,True,semantic,0.05,-0.9491719007492065,-3.067366123199463,True,False
1565,syn_00918:0:0:2,syn_val,synthetic,d4576c4f37b90d65684b97f53af6823220155be29f2618507b39c31925830fe1,False,True,semantic,0.1,-0.9534275531768799,-3.0553321838378906,True,False
1565,syn_00918:0:0:2,syn_val,synthetic,d4576c4f37b90d65684b97f53af6823220155be29f2618507b39c31925830fe1,False,True,semantic,0.2,-0.9459083676338196,-3.087374687194824,True,False
1565,syn_00918:0:0:2,syn_val,synthetic,d4576c4f37b90d65684b97f53af6823220155be29f2618507b39c31925830fe1,False,True,semantic,0.4,-0.9385353922843933,-3.162045478820801,True,False
1565,syn_00918:0:0:2,syn_val,synthetic,d4576c4f37b90d65684b97f53af6823220155be29f2618507b39c31925830fe1,False,True,reverse,0.02,-0.9533607959747314,-3.062739849090576,True,False
1565,syn_00918:0:0:2,syn_val,synthetic,d4576c4f37b90d65684b97f53af6823220155be29f2618507b39c31925830fe1,False,True,reverse,0.05,-0.9561529755592346,-3.0504071712493896,True,False
1565,syn_00918:0:0:2,syn_val,synthetic,d4576c4f37b90d65684b97f53af6823220155be29f2618507b39c31925830fe1,False,True,reverse,0.1,-0.9606746435165405,-3.0422606468200684,True,False
1565,syn_00918:0:0:2,syn_val,synthetic,d4576c4f37b90d65684b97f53af6823220155be29f2618507b39c31925830fe1,False,True,reverse,0.2,-0.9655440449714661,-3.064087390899658,True,False
1565,syn_00918:0:0:2,syn_val,synthetic,d4576c4f37b90d65684b97f53af6823220155be29f2618507b39c31925830fe1,False,True,reverse,0.4,-1.028737187385559,-3.0925469398498535,True,False
1565,syn_00918:0:0:2,syn_val,synthetic,d4576c4f37b90d65684b97f53af6823220155be29f2618507b39c31925830fe1,False,True,random,0.02,-0.9492369294166565,-3.0562334060668945,True,False
1565,syn_00918:0:0:2,syn_val,synthetic,d4576c4f37b90d65684b97f53af6823220155be29f2618507b39c31925830fe1,False,True,random,0.05,-0.9494467973709106,-3.0561184883117676,True,False
1565,syn_00918:0:0:2,syn_val,synthetic,d4576c4f37b90d65684b97f53af6823220155be29f2618507b39c31925830fe1,False,True,random,0.1,-0.9535717368125916,-3.059966564178467,True,False
1565,syn_00918:0:0:2,syn_val,synthetic,d4576c4f37b90d65684b97f53af6823220155be29f2618507b39c31925830fe1,False,True,random,0.2,-0.9531918168067932,-3.0725789070129395,True,False
1565,syn_00918:0:0:2,syn_val,synthetic,d4576c4f37b90d65684b97f53af6823220155be29f2618507b39c31925830fe1,False,True,random,0.4,-0.9442565441131592,-3.0555105209350586,True,False
1565,syn_00918:0:0:2,syn_val,synthetic,d4576c4f37b90d65684b97f53af6823220155be29f2618507b39c31925830fe1,False,True,shuffled,0.02,-0.9517463445663452,-3.0415425300598145,True,False
1565,syn_00918:0:0:2,syn_val,synthetic,d4576c4f37b90d65684b97f53af6823220155be29f2618507b39c31925830fe1,False,True,shuffled,0.05,-0.9518459439277649,-3.0476107597351074,True,False
1565,syn_00918:0:0:2,syn_val,synthetic,d4576c4f37b90d65684b97f53af6823220155be29f2618507b39c31925830fe1,False,True,shuffled,0.1,-0.9472143650054932,-3.043525218963623,True,False
1565,syn_00918:0:0:2,syn_val,synthetic,d4576c4f37b90d65684b97f53af6823220155be29f2618507b39c31925830fe1,False,True,shuffled,0.2,-0.9463925361633301,-3.0113296508789062,True,False
1565,syn_00918:0:0:2,syn_val,synthetic,d4576c4f37b90d65684b97f53af6823220155be29f2618507b39c31925830fe1,False,True,shuffled,0.4,-0.9313210248947144,-3.0080270767211914,True,False
1565,syn_00918:0:0:2,syn_val,synthetic,d4576c4f37b90d65684b97f53af6823220155be29f2618507b39c31925830fe1,False,True,wrong_site,0.02,-0.9542391896247864,-3.047867774963379,True,False
1565,syn_00918:0:0:2,syn_val,synthetic,d4576c4f37b90d65684b97f53af6823220155be29f2618507b39c31925830fe1,False,True,wrong_site,0.05,-0.960527241230011,-3.04056978225708,True,False
1565,syn_00918:0:0:2,syn_val,synthetic,d4576c4f37b90d65684b97f53af6823220155be29f2618507b39c31925830fe1,False,True,wrong_site,0.1,-0.954098641872406,-3.0457186698913574,True,False
1565,syn_00918:0:0:2,syn_val,synthetic,d4576c4f37b90d65684b97f53af6823220155be29f2618507b39c31925830fe1,False,True,wrong_site,0.2,-0.9557464122772217,-3.0238890647888184,True,False
1565,syn_00918:0:0:2,syn_val,synthetic,d4576c4f37b90d65684b97f53af6823220155be29f2618507b39c31925830fe1,False,True,wrong_site,0.4,-0.9484453201293945,-3.0171666145324707,True,False
1565,syn_00918:0:0:2,syn_val,synthetic,d4576c4f37b90d65684b97f53af6823220155be29f2618507b39c31925830fe1,False,True,answer_site,0.02,-0.9925613403320312,-3.0414228439331055,True,False
1565,syn_00918:0:0:2,syn_val,synthetic,d4576c4f37b90d65684b97f53af6823220155be29f2618507b39c31925830fe1,False,True,answer_site,0.05,-1.034877896308899,-3.0434093475341797,True,False
1565,syn_00918:0:0:2,syn_val,synthetic,d4576c4f37b90d65684b97f53af6823220155be29f2618507b39c31925830fe1,False,True,answer_site,0.1,-1.087761640548706,-3.0318493843078613,True,False
1565,syn_00918:0:0:2,syn_val,synthetic,d4576c4f37b90d65684b97f53af6823220155be29f2618507b39c31925830fe1,False,True,answer_site,0.2,-1.1501686573028564,-3.018261432647705,True,False
1565,syn_00918:0:0:2,syn_val,synthetic,d4576c4f37b90d65684b97f53af6823220155be29f2618507b39c31925830fe1,False,True,answer_site,0.4,-4.417230606079102,-6.350013732910156,False,False
1565,syn_00918:0:0:2,syn_val,synthetic,d4576c4f37b90d65684b97f53af6823220155be29f2618507b39c31925830fe1,False,True,actuator_cond,0.02,-0.9491438269615173,-3.0681638717651367,True,False
1565,syn_00918:0:0:2,syn_val,synthetic,d4576c4f37b90d65684b97f53af6823220155be29f2618507b39c31925830fe1,False,True,actuator_cond,0.05,-0.9611768126487732,-3.062993049621582,True,False
1565,syn_00918:0:0:2,syn_val,synthetic,d4576c4f37b90d65684b97f53af6823220155be29f2618507b39c31925830fe1,False,True,actuator_cond,0.1,-0.9557092785835266,-3.07395339012146,True,False
1565,syn_00918:0:0:2,syn_val,synthetic,d4576c4f37b90d65684b97f53af6823220155be29f2618507b39c31925830fe1,False,True,actuator_cond,0.2,-0.9770325422286987,-3.0719242095947266,True,False
1565,syn_00918:0:0:2,syn_val,synthetic,d4576c4f37b90d65684b97f53af6823220155be29f2618507b39c31925830fe1,False,True,actuator_cond,0.4,-1.041849970817566,-3.0958995819091797,True,False
1565,syn_00918:0:0:2,syn_val,synthetic,d4576c4f37b90d65684b97f53af6823220155be29f2618507b39c31925830fe1,False,True,actuator_answer,0.02,-0.9648247957229614,-3.0699470043182373,True,False
1565,syn_00918:0:0:2,syn_val,synthetic,d4576c4f37b90d65684b97f53af6823220155be29f2618507b39c31925830fe1,False,True,actuator_answer,0.05,-0.9735973477363586,-3.0788822174072266,True,False
1565,syn_00918:0:0:2,syn_val,synthetic,d4576c4f37b90d65684b97f53af6823220155be29f2618507b39c31925830fe1,False,True,actuator_answer,0.1,-1.0140910148620605,-3.1044678688049316,True,False
1565,syn_00918:0:0:2,syn_val,synthetic,d4576c4f37b90d65684b97f53af6823220155be29f2618507b39c31925830fe1,False,True,actuator_answer,0.2,-1.2287991046905518,-3.249908447265625,True,False
1565,syn_00918:0:0:2,syn_val,synthetic,d4576c4f37b90d65684b97f53af6823220155be29f2618507b39c31925830fe1,False,True,actuator_answer,0.4,-4.485030174255371,-6.343627452850342,False,False
1679,syn_00985:0:0:2,syn_val,synthetic,3171808bdc865a0dc87885d08173ba4536f4b74f10de7ab4ad3a65f08d153e5c,True,True,baseline,0.0,-1.1533269882202148,-1.0278552770614624,True,False
1679,syn_00985:0:0:2,syn_val,synthetic,3171808bdc865a0dc87885d08173ba4536f4b74f10de7ab4ad3a65f08d153e5c,True,True,semantic,0.02,-1.1535495519638062,-1.0278947353363037,True,False
1679,syn_00985:0:0:2,syn_val,synthetic,3171808bdc865a0dc87885d08173ba4536f4b74f10de7ab4ad3a65f08d153e5c,True,True,semantic,0.05,-1.1535377502441406,-1.027809500694275,True,False
1679,syn_00985:0:0:2,syn_val,synthetic,3171808bdc865a0dc87885d08173ba4536f4b74f10de7ab4ad3a65f08d153e5c,True,True,semantic,0.1,-1.1717544794082642,-1.0138816833496094,True,False
1679,syn_00985:0:0:2,syn_val,synthetic,3171808bdc865a0dc87885d08173ba4536f4b74f10de7ab4ad3a65f08d153e5c,True,True,semantic,0.2,-1.1899996995925903,-1.00080406665802,True,False
1679,syn_00985:0:0:2,syn_val,synthetic,3171808bdc865a0dc87885d08173ba4536f4b74f10de7ab4ad3a65f08d153e5c,True,True,semantic,0.4,-1.1760843992233276,-1.018193006515503,True,False
1679,syn_00985:0:0:2,syn_val,synthetic,3171808bdc865a0dc87885d08173ba4536f4b74f10de7ab4ad3a65f08d153e5c,True,True,reverse,0.02,-1.1545456647872925,-1.026590347290039,True,False
1679,syn_00985:0:0:2,syn_val,synthetic,3171808bdc865a0dc87885d08173ba4536f4b74f10de7ab4ad3a65f08d153e5c,True,True,reverse,0.05,-1.1364991664886475,-1.0421186685562134,True,False
1679,syn_00985:0:0:2,syn_val,synthetic,3171808bdc865a0dc87885d08173ba4536f4b74f10de7ab4ad3a65f08d153e5c,True,True,reverse,0.1,-1.1335172653198242,-1.0408674478530884,True,False
1679,syn_00985:0:0:2,syn_val,synthetic,3171808bdc865a0dc87885d08173ba4536f4b74f10de7ab4ad3a65f08d153e5c,True,True,reverse,0.2,-1.1171644926071167,-1.0568214654922485,True,False
1679,syn_00985:0:0:2,syn_val,synthetic,3171808bdc865a0dc87885d08173ba4536f4b74f10de7ab4ad3a65f08d153e5c,True,True,reverse,0.4,-1.1408581733703613,-1.0452697277069092,True,False
1679,syn_00985:0:0:2,syn_val,synthetic,3171808bdc865a0dc87885d08173ba4536f4b74f10de7ab4ad3a65f08d153e5c,True,True,random,0.02,-1.154740810394287,-1.0271066427230835,True,False
1679,syn_00985:0:0:2,syn_val,synthetic,3171808bdc865a0dc87885d08173ba4536f4b74f10de7ab4ad3a65f08d153e5c,True,True,random,0.05,-1.1674834489822388,-1.010852575302124,True,False
1679,syn_00985:0:0:2,syn_val,synthetic,3171808bdc865a0dc87885d08173ba4536f4b74f10de7ab4ad3a65f08d153e5c,True,True,random,0.1,-1.1671258211135864,-1.0105136632919312,True,False
1679,syn_00985:0:0:2,syn_val,synthetic,3171808bdc865a0dc87885d08173ba4536f4b74f10de7ab4ad3a65f08d153e5c,True,True,random,0.2,-1.185959815979004,-0.9957015514373779,True,False
1679,syn_00985:0:0:2,syn_val,synthetic,3171808bdc865a0dc87885d08173ba4536f4b74f10de7ab4ad3a65f08d153e5c,True,True,random,0.4,-1.2368857860565186,-0.9540100693702698,False,True
1679,syn_00985:0:0:2,syn_val,synthetic,3171808bdc865a0dc87885d08173ba4536f4b74f10de7ab4ad3a65f08d153e5c,True,True,shuffled,0.02,-1.1520864963531494,-1.0267770290374756,True,False
1679,syn_00985:0:0:2,syn_val,synthetic,3171808bdc865a0dc87885d08173ba4536f4b74f10de7ab4ad3a65f08d153e5c,True,True,shuffled,0.05,-1.1352238655090332,-1.041153073310852,True,False
1679,syn_00985:0:0:2,syn_val,synthetic,3171808bdc865a0dc87885d08173ba4536f4b74f10de7ab4ad3a65f08d153e5c,True,True,shuffled,0.1,-1.104856252670288,-1.075225830078125,True,False
1679,syn_00985:0:0:2,syn_val,synthetic,3171808bdc865a0dc87885d08173ba4536f4b74f10de7ab4ad3a65f08d153e5c,True,True,shuffled,0.2,-1.1123337745666504,-1.0795289278030396,True,False
1679,syn_00985:0:0:2,syn_val,synthetic,3171808bdc865a0dc87885d08173ba4536f4b74f10de7ab4ad3a65f08d153e5c,True,True,shuffled,0.4,-1.1726958751678467,-1.0464838743209839,True,False
1679,syn_00985:0:0:2,syn_val,synthetic,3171808bdc865a0dc87885d08173ba4536f4b74f10de7ab4ad3a65f08d153e5c,True,True,wrong_site,0.02,-1.1547012329101562,-1.027300477027893,True,False
1679,syn_00985:0:0:2,syn_val,synthetic,3171808bdc865a0dc87885d08173ba4536f4b74f10de7ab4ad3a65f08d153e5c,True,True,wrong_site,0.05,-1.1558678150177002,-1.0282182693481445,True,False
1679,syn_00985:0:0:2,syn_val,synthetic,3171808bdc865a0dc87885d08173ba4536f4b74f10de7ab4ad3a65f08d153e5c,True,True,wrong_site,0.1,-1.1565635204315186,-1.0284948348999023,True,False
1679,syn_00985:0:0:2,syn_val,synthetic,3171808bdc865a0dc87885d08173ba4536f4b74f10de7ab4ad3a65f08d153e5c,True,True,wrong_site,0.2,-1.1395081281661987,-1.0433628559112549,True,False
1679,syn_00985:0:0:2,syn_val,synthetic,3171808bdc865a0dc87885d08173ba4536f4b74f10de7ab4ad3a65f08d153e5c,True,True,wrong_site,0.4,-1.1180235147476196,-1.054079294204712,True,False
1679,syn_00985:0:0:2,syn_val,synthetic,3171808bdc865a0dc87885d08173ba4536f4b74f10de7ab4ad3a65f08d153e5c,True,True,answer_site,0.02,-1.131940484046936,-1.0457978248596191,True,False
1679,syn_00985:0:0:2,syn_val,synthetic,3171808bdc865a0dc87885d08173ba4536f4b74f10de7ab4ad3a65f08d153e5c,True,True,answer_site,0.05,-1.1115138530731201,-1.071288824081421,True,False
1679,syn_00985:0:0:2,syn_val,synthetic,3171808bdc865a0dc87885d08173ba4536f4b74f10de7ab4ad3a65f08d153e5c,True,True,answer_site,0.1,-1.0840635299682617,-1.1261110305786133,True,False
1679,syn_00985:0:0:2,syn_val,synthetic,3171808bdc865a0dc87885d08173ba4536f4b74f10de7ab4ad3a65f08d153e5c,True,True,answer_site,0.2,-1.1439796686172485,-1.2244622707366943,True,False
1679,syn_00985:0:0:2,syn_val,synthetic,3171808bdc865a0dc87885d08173ba4536f4b74f10de7ab4ad3a65f08d153e5c,True,True,answer_site,0.4,-2.079429864883423,-1.5768300294876099,False,True
1679,syn_00985:0:0:2,syn_val,synthetic,3171808bdc865a0dc87885d08173ba4536f4b74f10de7ab4ad3a65f08d153e5c,True,True,actuator_cond,0.02,-1.1515730619430542,-1.0264533758163452,True,False
1679,syn_00985:0:0:2,syn_val,synthetic,3171808bdc865a0dc87885d08173ba4536f4b74f10de7ab4ad3a65f08d153e5c,True,True,actuator_cond,0.05,-1.1517727375030518,-1.0244311094284058,True,False
1679,syn_00985:0:0:2,syn_val,synthetic,3171808bdc865a0dc87885d08173ba4536f4b74f10de7ab4ad3a65f08d153e5c,True,True,actuator_cond,0.1,-1.1524544954299927,-1.0250755548477173,True,False
1679,syn_00985:0:0:2,syn_val,synthetic,3171808bdc865a0dc87885d08173ba4536f4b74f10de7ab4ad3a65f08d153e5c,True,True,actuator_cond,0.2,-1.1292243003845215,-1.058441162109375,True,False
1679,syn_00985:0:0:2,syn_val,synthetic,3171808bdc865a0dc87885d08173ba4536f4b74f10de7ab4ad3a65f08d153e5c,True,True,actuator_cond,0.4,-1.106271505355835,-1.185032606124878,True,False
1679,syn_00985:0:0:2,syn_val,synthetic,3171808bdc865a0dc87885d08173ba4536f4b74f10de7ab4ad3a65f08d153e5c,True,True,actuator_answer,0.02,-1.1301672458648682,-0.9949740171432495,True,False
1679,syn_00985:0:0:2,syn_val,synthetic,3171808bdc865a0dc87885d08173ba4536f4b74f10de7ab4ad3a65f08d153e5c,True,True,actuator_answer,0.05,-1.0680428743362427,-0.9683262705802917,True,False
1679,syn_00985:0:0:2,syn_val,synthetic,3171808bdc865a0dc87885d08173ba4536f4b74f10de7ab4ad3a65f08d153e5c,True,True,actuator_answer,0.1,-0.991375744342804,-0.953603982925415,True,False
1679,syn_00985:0:0:2,syn_val,synthetic,3171808bdc865a0dc87885d08173ba4536f4b74f10de7ab4ad3a65f08d153e5c,True,True,actuator_answer,0.2,-0.8884694576263428,-1.1299381256103516,True,False
1679,syn_00985:0:0:2,syn_val,synthetic,3171808bdc865a0dc87885d08173ba4536f4b74f10de7ab4ad3a65f08d153e5c,True,True,actuator_answer,0.4,-1.3036819696426392,-1.600730299949646,True,False
1709,syn_01002:0:0:0,syn_val,synthetic,19c3089abd487558222b2fe6a52fbc39df0f581e0e3bf823eb1451e8d3829b69,False,True,baseline,0.0,-0.2911868691444397,-6.918448448181152,True,False
1709,syn_01002:0:0:0,syn_val,synthetic,19c3089abd487558222b2fe6a52fbc39df0f581e0e3bf823eb1451e8d3829b69,False,True,semantic,0.02,-0.2912817597389221,-6.950325965881348,True,False
1709,syn_01002:0:0:0,syn_val,synthetic,19c3089abd487558222b2fe6a52fbc39df0f581e0e3bf823eb1451e8d3829b69,False,True,semantic,0.05,-0.2917788028717041,-6.963050842285156,True,False
1709,syn_01002:0:0:0,syn_val,synthetic,19c3089abd487558222b2fe6a52fbc39df0f581e0e3bf823eb1451e8d3829b69,False,True,semantic,0.1,-0.2931230664253235,-7.023454666137695,True,False
1709,syn_01002:0:0:0,syn_val,synthetic,19c3089abd487558222b2fe6a52fbc39df0f581e0e3bf823eb1451e8d3829b69,False,True,semantic,0.2,-0.2965739965438843,-7.040594100952148,True,False
1709,syn_01002:0:0:0,syn_val,synthetic,19c3089abd487558222b2fe6a52fbc39df0f581e0e3bf823eb1451e8d3829b69,False,True,semantic,0.4,-0.30775704979896545,-7.048677444458008,True,False
1709,syn_01002:0:0:0,syn_val,synthetic,19c3089abd487558222b2fe6a52fbc39df0f581e0e3bf823eb1451e8d3829b69,False,True,reverse,0.02,-0.2925480008125305,-6.918357849121094,True,False
1709,syn_01002:0:0:0,syn_val,synthetic,19c3089abd487558222b2fe6a52fbc39df0f581e0e3bf823eb1451e8d3829b69,False,True,reverse,0.05,-0.2924525737762451,-6.8890180587768555,True,False
1709,syn_01002:0:0:0,syn_val,synthetic,19c3089abd487558222b2fe6a52fbc39df0f581e0e3bf823eb1451e8d3829b69,False,True,reverse,0.1,-0.2926461696624756,-6.84641170501709,True,False
1709,syn_01002:0:0:0,syn_val,synthetic,19c3089abd487558222b2fe6a52fbc39df0f581e0e3bf823eb1451e8d3829b69,False,True,reverse,0.2,-0.29230016469955444,-6.761312484741211,True,False
1709,syn_01002:0:0:0,syn_val,synthetic,19c3089abd487558222b2fe6a52fbc39df0f581e0e3bf823eb1451e8d3829b69,False,True,reverse,0.4,-0.3012956380844116,-6.638526916503906,True,False
1709,syn_01002:0:0:0,syn_val,synthetic,19c3089abd487558222b2fe6a52fbc39df0f581e0e3bf823eb1451e8d3829b69,False,True,random,0.02,-0.2909684181213379,-6.9327569007873535,True,False
1709,syn_01002:0:0:0,syn_val,synthetic,19c3089abd487558222b2fe6a52fbc39df0f581e0e3bf823eb1451e8d3829b69,False,True,random,0.05,-0.2931128740310669,-6.918021202087402,True,False
1709,syn_01002:0:0:0,syn_val,synthetic,19c3089abd487558222b2fe6a52fbc39df0f581e0e3bf823eb1451e8d3829b69,False,True,random,0.1,-0.2904338836669922,-6.93464469909668,True,False
1709,syn_01002:0:0:0,syn_val,synthetic,19c3089abd487558222b2fe6a52fbc39df0f581e0e3bf823eb1451e8d3829b69,False,True,random,0.2,-0.28981736302375793,-6.901232719421387,True,False
1709,syn_01002:0:0:0,syn_val,synthetic,19c3089abd487558222b2fe6a52fbc39df0f581e0e3bf823eb1451e8d3829b69,False,True,random,0.4,-0.2894280254840851,-6.899379253387451,True,False
1709,syn_01002:0:0:0,syn_val,synthetic,19c3089abd487558222b2fe6a52fbc39df0f581e0e3bf823eb1451e8d3829b69,False,True,shuffled,0.02,-0.29395127296447754,-6.919035911560059,True,False
1709,syn_01002:0:0:0,syn_val,synthetic,19c3089abd487558222b2fe6a52fbc39df0f581e0e3bf823eb1451e8d3829b69,False,True,shuffled,0.05,-0.29439860582351685,-6.9195098876953125,True,False
1709,syn_01002:0:0:0,syn_val,synthetic,19c3089abd487558222b2fe6a52fbc39df0f581e0e3bf823eb1451e8d3829b69,False,True,shuffled,0.1,-0.29539498686790466,-6.908364295959473,True,False
1709,syn_01002:0:0:0,syn_val,synthetic,19c3089abd487558222b2fe6a52fbc39df0f581e0e3bf823eb1451e8d3829b69,False,True,shuffled,0.2,-0.29954853653907776,-6.854645729064941,True,False
1709,syn_01002:0:0:0,syn_val,synthetic,19c3089abd487558222b2fe6a52fbc39df0f581e0e3bf823eb1451e8d3829b69,False,True,shuffled,0.4,-0.3037153482437134,-6.818138122558594,True,False
1709,syn_01002:0:0:0,syn_val,synthetic,19c3089abd487558222b2fe6a52fbc39df0f581e0e3bf823eb1451e8d3829b69,False,True,wrong_site,0.02,-0.293387234210968,-6.918386936187744,True,False
1709,syn_01002:0:0:0,syn_val,synthetic,19c3089abd487558222b2fe6a52fbc39df0f581e0e3bf823eb1451e8d3829b69,False,True,wrong_site,0.05,-0.29061391949653625,-6.933287620544434,True,False
1709,syn_01002:0:0:0,syn_val,synthetic,19c3089abd487558222b2fe6a52fbc39df0f581e0e3bf823eb1451e8d3829b69,False,True,wrong_site,0.1,-0.2926563024520874,-6.91748571395874,True,False
1709,syn_01002:0:0:0,syn_val,synthetic,19c3089abd487558222b2fe6a52fbc39df0f581e0e3bf823eb1451e8d3829b69,False,True,wrong_site,0.2,-0.29281651973724365,-6.922677993774414,True,False
1709,syn_01002:0:0:0,syn_val,synthetic,19c3089abd487558222b2fe6a52fbc39df0f581e0e3bf823eb1451e8d3829b69,False,True,wrong_site,0.4,-0.29376283288002014,-6.953625679016113,True,False
1709,syn_01002:0:0:0,syn_val,synthetic,19c3089abd487558222b2fe6a52fbc39df0f581e0e3bf823eb1451e8d3829b69,False,True,answer_site,0.02,-0.29222944378852844,-6.919669151306152,True,False
1709,syn_01002:0:0:0,syn_val,synthetic,19c3089abd487558222b2fe6a52fbc39df0f581e0e3bf823eb1451e8d3829b69,False,True,answer_site,0.05,-0.2966938614845276,-6.9101738929748535,True,False
1709,syn_01002:0:0:0,syn_val,synthetic,19c3089abd487558222b2fe6a52fbc39df0f581e0e3bf823eb1451e8d3829b69,False,True,answer_site,0.1,-0.2999882102012634,-6.871640682220459,True,False
1709,syn_01002:0:0:0,syn_val,synthetic,19c3089abd487558222b2fe6a52fbc39df0f581e0e3bf823eb1451e8d3829b69,False,True,answer_site,0.2,-0.35225242376327515,-6.771772384643555,True,False
1709,syn_01002:0:0:0,syn_val,synthetic,19c3089abd487558222b2fe6a52fbc39df0f581e0e3bf823eb1451e8d3829b69,False,True,answer_site,0.4,-2.738361120223999,-8.862083435058594,False,False
1709,syn_01002:0:0:0,syn_val,synthetic,19c3089abd487558222b2fe6a52fbc39df0f581e0e3bf823eb1451e8d3829b69,False,True,actuator_cond,0.02,-0.2909133732318878,-6.920732498168945,True,False
1709,syn_01002:0:0:0,syn_val,synthetic,19c3089abd487558222b2fe6a52fbc39df0f581e0e3bf823eb1451e8d3829b69,False,True,actuator_cond,0.05,-0.2909458577632904,-6.9352922439575195,True,False
1709,syn_01002:0:0:0,syn_val,synthetic,19c3089abd487558222b2fe6a52fbc39df0f581e0e3bf823eb1451e8d3829b69,False,True,actuator_cond,0.1,-0.2931855022907257,-6.935344219207764,True,False
1709,syn_01002:0:0:0,syn_val,synthetic,19c3089abd487558222b2fe6a52fbc39df0f581e0e3bf823eb1451e8d3829b69,False,True,actuator_cond,0.2,-0.299115926027298,-6.91463565826416,True,False
1709,syn_01002:0:0:0,syn_val,synthetic,19c3089abd487558222b2fe6a52fbc39df0f581e0e3bf823eb1451e8d3829b69,False,True,actuator_cond,0.4,-0.3262687921524048,-6.7773237228393555,True,False
1709,syn_01002:0:0:0,syn_val,synthetic,19c3089abd487558222b2fe6a52fbc39df0f581e0e3bf823eb1451e8d3829b69,False,True,actuator_answer,0.02,-0.29690319299697876,-6.925583362579346,True,False
1709,syn_01002:0:0:0,syn_val,synthetic,19c3089abd487558222b2fe6a52fbc39df0f581e0e3bf823eb1451e8d3829b69,False,True,actuator_answer,0.05,-0.30783575773239136,-6.921836853027344,True,False
1709,syn_01002:0:0:0,syn_val,synthetic,19c3089abd487558222b2fe6a52fbc39df0f581e0e3bf823eb1451e8d3829b69,False,True,actuator_answer,0.1,-0.3476564288139343,-6.888258934020996,True,False
1709,syn_01002:0:0:0,syn_val,synthetic,19c3089abd487558222b2fe6a52fbc39df0f581e0e3bf823eb1451e8d3829b69,False,True,actuator_answer,0.2,-0.5853496789932251,-6.9126691818237305,True,False
1709,syn_01002:0:0:0,syn_val,synthetic,19c3089abd487558222b2fe6a52fbc39df0f581e0e3bf823eb1451e8d3829b69,False,True,actuator_answer,0.4,-3.83368182182312,-9.649679183959961,False,False
